2026-10-09T02:36:33.5415352Z Current runner version: '2.337.0'
2026-10-09T02:36:33.5462672Z ##[group]Runner Image Provisioner
2026-10-09T02:36:33.5463604Z Hosted Compute Agent
2026-10-09T02:36:33.5464259Z Version: 20261002.596
2026-10-09T02:36:33.5464876Z Commit: c3d12f3313a95f25162a1503be624f3b0617f8c0
2026-10-09T02:36:33.5465669Z Build Date: 2026-10-02T22:28:27Z
2026-10-09T02:36:33.5466379Z Worker ID: {461b40ec-28bf-49b0-a9d0-0508044d60e0}
2026-10-09T02:36:33.5467109Z Region: westus2
2026-10-09T02:36:33.5467672Z Cloud: Azure
2026-10-09T02:36:33.5468204Z ##[endgroup]
2026-10-09T02:36:33.5470109Z ##[group]Operating System
2026-10-09T02:36:33.5470828Z Ubuntu
2026-10-09T02:36:33.5471331Z 24.04.5
2026-10-09T02:36:33.5471981Z LTS
2026-10-09T02:36:33.5472493Z ##[endgroup]
2026-10-09T02:36:33.5473105Z ##[group]Runner Image
2026-10-09T02:36:33.5473764Z Image: ubuntu-24.04
2026-10-09T02:36:33.5474349Z Version: 20261004.327.1
2026-10-09T02:36:33.5475686Z Included Software: https://github.com/actions/runner-images/blob/ubuntu24/20261004.327/images/ubuntu/Ubuntu2404-Readme.md
2026-10-09T02:36:33.5477322Z Image Release: https://github.com/actions/runner-images/releases/tag/ubuntu24%2F20261004.327
2026-10-09T02:36:33.5478335Z ##[endgroup]
2026-10-09T02:36:33.5479670Z ##[group]GITHUB_TOKEN Permissions
2026-10-09T02:36:33.5481796Z Contents: read
2026-10-09T02:36:33.5482397Z Metadata: read
2026-10-09T02:36:33.5483083Z ##[endgroup]
2026-10-09T02:36:33.5485478Z Secret source: Actions
2026-10-09T02:36:33.5486531Z Cache mode: write
2026-10-09T02:36:33.5487531Z Prepare workflow directory
2026-10-09T02:36:33.5821734Z Prepare all required actions
2026-10-09T02:36:33.5870233Z Getting action download info
2026-10-09T02:36:33.9450554Z Download action repository 'actions/checkout@v6' (SHA:d23441a48e516b6c34aea4fa41551a30e30af803)
2026-10-09T02:36:34.0516306Z Download action repository 'actions/setup-node@v6' (SHA:249970729cb0ef3589644e2896645e5dc5ba9c38)
2026-10-09T02:36:34.1333095Z Download action repository 'actions/cache@v4' (SHA:0057852bfaa89a56745cba8c7296529d2fc39830)
2026-10-09T02:36:34.2384755Z Download action repository 'actions/upload-artifact@v7' (SHA:cf430e030ddbb5b0abf93d22962f4752f3646cd9)
2026-10-09T02:36:34.6033535Z Uses: seanmorris/lean-bridge/.github/workflows/perl-consumer.yml@refs/heads/agent/generic-refinements-vo1220 (93c60a0487d0b2acc0b6d562cd72a3876738a666)
2026-10-09T02:36:34.6038660Z Complete job name: Perl / Perl XS (5.36.3-unthreaded)
2026-10-09T02:36:34.6878802Z ##[group]Run actions/checkout@v6
2026-10-09T02:36:34.6879989Z with:
2026-10-09T02:36:34.6880495Z   persist-credentials: false
2026-10-09T02:36:34.6881088Z   repository: seanmorris/lean-bridge
2026-10-09T02:36:34.6885405Z   token: ***
2026-10-09T02:36:34.6885884Z   ssh-strict: true
2026-10-09T02:36:34.6886374Z   ssh-user: git
2026-10-09T02:36:34.6886848Z   clean: true
2026-10-09T02:36:34.6887342Z   sparse-checkout-cone-mode: true
2026-10-09T02:36:34.6887920Z   fetch-depth: 1
2026-10-09T02:36:34.6888396Z   fetch-tags: false
2026-10-09T02:36:34.6888879Z   show-progress: true
2026-10-09T02:36:34.6889547Z   lfs: false
2026-10-09T02:36:34.6890014Z   submodules: false
2026-10-09T02:36:34.6890520Z   set-safe-directory: true
2026-10-09T02:36:34.6891074Z   allow-unsafe-pr-checkout: false
2026-10-09T02:36:34.6891926Z ##[endgroup]
2026-10-09T02:36:34.7926231Z Syncing repository: seanmorris/lean-bridge
2026-10-09T02:36:34.7928182Z ##[group]Getting Git version info
2026-10-09T02:36:34.7929098Z Working directory is '/home/runner/work/lean-bridge/lean-bridge'
2026-10-09T02:36:34.7931750Z [command]/usr/bin/git version
2026-10-09T02:36:34.7997909Z git version 2.55.0
2026-10-09T02:36:34.8113896Z ##[endgroup]
2026-10-09T02:36:34.8121202Z Temporarily overriding HOME='/home/runner/work/_temp/4f172d84-6852-4dcb-b12b-281a2f076194' before making global git config changes
2026-10-09T02:36:34.8123232Z Adding repository directory to the temporary git global config as a safe directory
2026-10-09T02:36:34.8125507Z [command]/usr/bin/git config --global --add safe.directory /home/runner/work/lean-bridge/lean-bridge
2026-10-09T02:36:34.8128379Z Deleting the contents of '/home/runner/work/lean-bridge/lean-bridge'
2026-10-09T02:36:34.8129894Z ##[group]Determining repository object format
2026-10-09T02:36:34.8130944Z ##[endgroup]
2026-10-09T02:36:34.8131775Z ##[group]Initializing the repository
2026-10-09T02:36:34.8133391Z [command]/usr/bin/git init /home/runner/work/lean-bridge/lean-bridge
2026-10-09T02:36:34.8236705Z hint: Using 'master' as the name for the initial branch. This default branch name
2026-10-09T02:36:34.8238560Z hint: will change to "main" in Git 3.0. To configure the initial branch name
2026-10-09T02:36:34.8240661Z hint: to use in all of your new repositories, which will suppress this warning,
2026-10-09T02:36:34.8242033Z hint: call:
2026-10-09T02:36:34.8242744Z hint:
2026-10-09T02:36:34.8243657Z hint: 	git config --global init.defaultBranch <name>
2026-10-09T02:36:34.8244850Z hint:
2026-10-09T02:36:34.8245968Z hint: Names commonly chosen instead of 'master' are 'main', 'trunk' and
2026-10-09T02:36:34.8247692Z hint: 'development'. The just-created branch can be renamed via this command:
2026-10-09T02:36:34.8249077Z hint:
2026-10-09T02:36:34.8250187Z hint: 	git branch -m <name>
2026-10-09T02:36:34.8251083Z hint:
2026-10-09T02:36:34.8252474Z hint: Disable this message with "git config set advice.defaultBranchName false"
2026-10-09T02:36:34.8254407Z Initialized empty Git repository in /home/runner/work/lean-bridge/lean-bridge/.git/
2026-10-09T02:36:34.8304566Z [command]/usr/bin/git remote add origin https://github.com/seanmorris/lean-bridge
2026-10-09T02:36:34.8308053Z ##[endgroup]
2026-10-09T02:36:34.8310043Z ##[group]Disabling automatic garbage collection
2026-10-09T02:36:34.8311101Z [command]/usr/bin/git config --local gc.auto 0
2026-10-09T02:36:34.8345366Z ##[endgroup]
2026-10-09T02:36:34.8347027Z ##[group]Setting up auth
2026-10-09T02:36:34.8348201Z Removing SSH command configuration
2026-10-09T02:36:34.8354480Z [command]/usr/bin/git config --local --name-only --get-regexp core\.sshCommand
2026-10-09T02:36:34.8389804Z [command]/usr/bin/git submodule foreach --recursive sh -c "git config --local --name-only --get-regexp 'core\.sshCommand' && git config --local --unset-all 'core.sshCommand' || :"
2026-10-09T02:36:34.8760039Z Removing HTTP extra header
2026-10-09T02:36:34.8767353Z [command]/usr/bin/git config --local --name-only --get-regexp http\.https\:\/\/github\.com\/\.extraheader
2026-10-09T02:36:34.8810099Z [command]/usr/bin/git submodule foreach --recursive sh -c "git config --local --name-only --get-regexp 'http\.https\:\/\/github\.com\/\.extraheader' && git config --local --unset-all 'http.https://github.com/.extraheader' || :"
2026-10-09T02:36:34.9027762Z Removing includeIf entries pointing to credentials config files
2026-10-09T02:36:34.9036109Z [command]/usr/bin/git config --local --name-only --get-regexp ^includeIf\.gitdir:
2026-10-09T02:36:34.9073426Z [command]/usr/bin/git submodule foreach --recursive git config --local --show-origin --name-only --get-regexp remote.origin.url
2026-10-09T02:36:34.9297438Z [command]/usr/bin/git config --file /home/runner/work/_temp/git-credentials-12c3fe9f-5e92-40c3-9f4f-ba18f2c146a5.config http.https://github.com/.extraheader AUTHORIZATION: basic ***
2026-10-09T02:36:34.9338310Z [command]/usr/bin/git config --local includeIf.gitdir:/home/runner/work/lean-bridge/lean-bridge/.git.path /home/runner/work/_temp/git-credentials-12c3fe9f-5e92-40c3-9f4f-ba18f2c146a5.config
2026-10-09T02:36:34.9374052Z [command]/usr/bin/git config --local includeIf.gitdir:/home/runner/work/lean-bridge/lean-bridge/.git/worktrees/*.path /home/runner/work/_temp/git-credentials-12c3fe9f-5e92-40c3-9f4f-ba18f2c146a5.config
2026-10-09T02:36:34.9412326Z [command]/usr/bin/git config --local includeIf.gitdir:/github/workspace/.git.path /github/runner_temp/git-credentials-12c3fe9f-5e92-40c3-9f4f-ba18f2c146a5.config
2026-10-09T02:36:34.9453691Z [command]/usr/bin/git config --local includeIf.gitdir:/github/workspace/.git/worktrees/*.path /github/runner_temp/git-credentials-12c3fe9f-5e92-40c3-9f4f-ba18f2c146a5.config
2026-10-09T02:36:34.9484727Z ##[endgroup]
2026-10-09T02:36:34.9485590Z ##[group]Fetching the repository
2026-10-09T02:36:34.9493236Z [command]/usr/bin/git -c protocol.version=2 fetch --no-tags --prune --no-recurse-submodules --depth=1 origin +93c60a0487d0b2acc0b6d562cd72a3876738a666:refs/remotes/origin/agent/generic-refinements-vo1220
2026-10-09T02:36:40.3676836Z From https://github.com/seanmorris/lean-bridge
2026-10-09T02:36:40.3677604Z  * [new ref]         93c60a0487d0b2acc0b6d562cd72a3876738a666 -> origin/agent/generic-refinements-vo1220
2026-10-09T02:36:40.3689096Z [command]/usr/bin/git branch --list --remote origin/agent/generic-refinements-vo1220
2026-10-09T02:36:40.3716619Z   origin/agent/generic-refinements-vo1220
2026-10-09T02:36:40.3725347Z [command]/usr/bin/git rev-parse refs/remotes/origin/agent/generic-refinements-vo1220
2026-10-09T02:36:40.3750213Z 93c60a0487d0b2acc0b6d562cd72a3876738a666
2026-10-09T02:36:40.3753862Z ##[endgroup]
2026-10-09T02:36:40.3754883Z ##[group]Determining the checkout info
2026-10-09T02:36:40.3755941Z ##[endgroup]
2026-10-09T02:36:40.3761338Z [command]/usr/bin/git sparse-checkout disable
2026-10-09T02:36:40.3814286Z [command]/usr/bin/git config --local --unset-all extensions.worktreeConfig
2026-10-09T02:36:40.3845483Z ##[group]Checking out the ref
2026-10-09T02:36:40.3850289Z [command]/usr/bin/git checkout --progress --force -B agent/generic-refinements-vo1220 refs/remotes/origin/agent/generic-refinements-vo1220
2026-10-09T02:36:41.3972138Z Updating files:  40% (2568/6400)
2026-10-09T02:36:41.4020860Z Updating files:  41% (2624/6400)
2026-10-09T02:36:41.4072355Z Updating files:  42% (2688/6400)
2026-10-09T02:36:41.4118782Z Updating files:  43% (2752/6400)
2026-10-09T02:36:41.4168061Z Updating files:  44% (2816/6400)
2026-10-09T02:36:41.4214213Z Updating files:  45% (2880/6400)
2026-10-09T02:36:41.4265555Z Updating files:  46% (2944/6400)
2026-10-09T02:36:41.4346252Z Updating files:  47% (3008/6400)
2026-10-09T02:36:41.4401868Z Updating files:  48% (3072/6400)
2026-10-09T02:36:41.4450788Z Updating files:  49% (3136/6400)
2026-10-09T02:36:41.4499294Z Updating files:  50% (3200/6400)
2026-10-09T02:36:41.4560130Z Updating files:  51% (3264/6400)
2026-10-09T02:36:41.4597118Z Updating files:  52% (3328/6400)
2026-10-09T02:36:41.4653342Z Updating files:  53% (3392/6400)
2026-10-09T02:36:41.4691499Z Updating files:  54% (3456/6400)
2026-10-09T02:36:41.4723103Z Updating files:  55% (3520/6400)
2026-10-09T02:36:41.4750325Z Updating files:  56% (3584/6400)
2026-10-09T02:36:41.4776990Z Updating files:  57% (3648/6400)
2026-10-09T02:36:41.4807190Z Updating files:  58% (3712/6400)
2026-10-09T02:36:41.4843629Z Updating files:  59% (3776/6400)
2026-10-09T02:36:41.4884594Z Updating files:  60% (3840/6400)
2026-10-09T02:36:41.4928231Z Updating files:  61% (3904/6400)
2026-10-09T02:36:41.4972247Z Updating files:  62% (3968/6400)
2026-10-09T02:36:41.5012698Z Updating files:  63% (4032/6400)
2026-10-09T02:36:41.5052703Z Updating files:  64% (4096/6400)
2026-10-09T02:36:41.5086906Z Updating files:  65% (4160/6400)
2026-10-09T02:36:41.5129423Z Updating files:  66% (4224/6400)
2026-10-09T02:36:41.5166757Z Updating files:  67% (4288/6400)
2026-10-09T02:36:41.5206182Z Updating files:  68% (4352/6400)
2026-10-09T02:36:41.5242959Z Updating files:  69% (4416/6400)
2026-10-09T02:36:41.5280340Z Updating files:  70% (4480/6400)
2026-10-09T02:36:41.5318135Z Updating files:  71% (4544/6400)
2026-10-09T02:36:41.5354188Z Updating files:  72% (4608/6400)
2026-10-09T02:36:41.5402945Z Updating files:  73% (4672/6400)
2026-10-09T02:36:41.5447370Z Updating files:  74% (4736/6400)
2026-10-09T02:36:41.5496421Z Updating files:  75% (4800/6400)
2026-10-09T02:36:41.5541626Z Updating files:  76% (4864/6400)
2026-10-09T02:36:41.5581617Z Updating files:  77% (4928/6400)
2026-10-09T02:36:41.5616279Z Updating files:  78% (4992/6400)
2026-10-09T02:36:41.5653898Z Updating files:  79% (5056/6400)
2026-10-09T02:36:41.5692933Z Updating files:  80% (5120/6400)
2026-10-09T02:36:41.5728673Z Updating files:  81% (5184/6400)
2026-10-09T02:36:41.5762380Z Updating files:  82% (5248/6400)
2026-10-09T02:36:41.5794808Z Updating files:  83% (5312/6400)
2026-10-09T02:36:41.5829493Z Updating files:  84% (5376/6400)
2026-10-09T02:36:41.5873008Z Updating files:  85% (5440/6400)
2026-10-09T02:36:41.5915034Z Updating files:  86% (5504/6400)
2026-10-09T02:36:41.5957217Z Updating files:  87% (5568/6400)
2026-10-09T02:36:41.6009747Z Updating files:  88% (5632/6400)
2026-10-09T02:36:41.6064077Z Updating files:  89% (5696/6400)
2026-10-09T02:36:41.6127340Z Updating files:  90% (5760/6400)
2026-10-09T02:36:41.6186643Z Updating files:  91% (5824/6400)
2026-10-09T02:36:41.6234091Z Updating files:  92% (5888/6400)
2026-10-09T02:36:41.6275739Z Updating files:  93% (5952/6400)
2026-10-09T02:36:41.6313738Z Updating files:  94% (6016/6400)
2026-10-09T02:36:41.6359801Z Updating files:  95% (6080/6400)
2026-10-09T02:36:41.6399128Z Updating files:  96% (6144/6400)
2026-10-09T02:36:41.6438418Z Updating files:  97% (6208/6400)
2026-10-09T02:36:41.6480355Z Updating files:  98% (6272/6400)
2026-10-09T02:36:41.6520638Z Updating files:  99% (6336/6400)
2026-10-09T02:36:41.6521081Z Updating files: 100% (6400/6400)
2026-10-09T02:36:41.6521405Z Updating files: 100% (6400/6400), done.
2026-10-09T02:36:41.6594716Z Switched to a new branch 'agent/generic-refinements-vo1220'
2026-10-09T02:36:41.6600513Z branch 'agent/generic-refinements-vo1220' set up to track 'origin/agent/generic-refinements-vo1220'.
2026-10-09T02:36:41.6663046Z ##[endgroup]
2026-10-09T02:36:41.6711425Z [command]/usr/bin/git log -1 --format=%H
2026-10-09T02:36:41.6740104Z 93c60a0487d0b2acc0b6d562cd72a3876738a666
2026-10-09T02:36:41.6750111Z ##[group]Removing auth
2026-10-09T02:36:41.6754304Z Removing SSH command configuration
2026-10-09T02:36:41.6755278Z [command]/usr/bin/git config --local --name-only --get-regexp core\.sshCommand
2026-10-09T02:36:41.6789469Z [command]/usr/bin/git submodule foreach --recursive sh -c "git config --local --name-only --get-regexp 'core\.sshCommand' && git config --local --unset-all 'core.sshCommand' || :"
2026-10-09T02:36:41.7018194Z Removing HTTP extra header
2026-10-09T02:36:41.7022939Z [command]/usr/bin/git config --local --name-only --get-regexp http\.https\:\/\/github\.com\/\.extraheader
2026-10-09T02:36:41.7057543Z [command]/usr/bin/git submodule foreach --recursive sh -c "git config --local --name-only --get-regexp 'http\.https\:\/\/github\.com\/\.extraheader' && git config --local --unset-all 'http.https://github.com/.extraheader' || :"
2026-10-09T02:36:41.7284192Z Removing includeIf entries pointing to credentials config files
2026-10-09T02:36:41.7288512Z [command]/usr/bin/git config --local --name-only --get-regexp ^includeIf\.gitdir:
2026-10-09T02:36:41.7317748Z includeif.gitdir:/home/runner/work/lean-bridge/lean-bridge/.git.path
2026-10-09T02:36:41.7318646Z includeif.gitdir:/home/runner/work/lean-bridge/lean-bridge/.git/worktrees/*.path
2026-10-09T02:36:41.7319164Z includeif.gitdir:/github/workspace/.git.path
2026-10-09T02:36:41.7319803Z includeif.gitdir:/github/workspace/.git/worktrees/*.path
2026-10-09T02:36:41.7327346Z [command]/usr/bin/git config --local --get-all includeif.gitdir:/home/runner/work/lean-bridge/lean-bridge/.git.path
2026-10-09T02:36:41.7353688Z /home/runner/work/_temp/git-credentials-12c3fe9f-5e92-40c3-9f4f-ba18f2c146a5.config
2026-10-09T02:36:41.7370084Z [command]/usr/bin/git config --local --unset includeif.gitdir:/home/runner/work/lean-bridge/lean-bridge/.git.path /home/runner/work/_temp/git-credentials-12c3fe9f-5e92-40c3-9f4f-ba18f2c146a5.config
2026-10-09T02:36:41.7406920Z [command]/usr/bin/git config --local --get-all includeif.gitdir:/home/runner/work/lean-bridge/lean-bridge/.git/worktrees/*.path
2026-10-09T02:36:41.7431870Z /home/runner/work/_temp/git-credentials-12c3fe9f-5e92-40c3-9f4f-ba18f2c146a5.config
2026-10-09T02:36:41.7443345Z [command]/usr/bin/git config --local --unset includeif.gitdir:/home/runner/work/lean-bridge/lean-bridge/.git/worktrees/*.path /home/runner/work/_temp/git-credentials-12c3fe9f-5e92-40c3-9f4f-ba18f2c146a5.config
2026-10-09T02:36:41.7489827Z [command]/usr/bin/git config --local --get-all includeif.gitdir:/github/workspace/.git.path
2026-10-09T02:36:41.7515896Z /github/runner_temp/git-credentials-12c3fe9f-5e92-40c3-9f4f-ba18f2c146a5.config
2026-10-09T02:36:41.7523758Z [command]/usr/bin/git config --local --unset includeif.gitdir:/github/workspace/.git.path /github/runner_temp/git-credentials-12c3fe9f-5e92-40c3-9f4f-ba18f2c146a5.config
2026-10-09T02:36:41.7557404Z [command]/usr/bin/git config --local --get-all includeif.gitdir:/github/workspace/.git/worktrees/*.path
2026-10-09T02:36:41.7585268Z /github/runner_temp/git-credentials-12c3fe9f-5e92-40c3-9f4f-ba18f2c146a5.config
2026-10-09T02:36:41.7592739Z [command]/usr/bin/git config --local --unset includeif.gitdir:/github/workspace/.git/worktrees/*.path /github/runner_temp/git-credentials-12c3fe9f-5e92-40c3-9f4f-ba18f2c146a5.config
2026-10-09T02:36:41.7626572Z [command]/usr/bin/git submodule foreach --recursive git config --local --show-origin --name-only --get-regexp remote.origin.url
2026-10-09T02:36:41.7847387Z Removing credentials config '/home/runner/work/_temp/git-credentials-12c3fe9f-5e92-40c3-9f4f-ba18f2c146a5.config'
2026-10-09T02:36:41.7856051Z ##[endgroup]
2026-10-09T02:36:41.8100695Z ##[group]Run actions/setup-node@v6
2026-10-09T02:36:41.8100995Z with:
2026-10-09T02:36:41.8101210Z   node-version: 22
2026-10-09T02:36:41.8101423Z   cache: npm
2026-10-09T02:36:41.8101628Z   check-latest: false
2026-10-09T02:36:41.8104350Z   token: ***
2026-10-09T02:36:41.8104590Z   package-manager-cache: true
2026-10-09T02:36:41.8104843Z ##[endgroup]
2026-10-09T02:36:41.9488340Z Found in cache @ /opt/hostedtoolcache/node/22.23.3/x64
2026-10-09T02:36:41.9491500Z ##[group]Environment details
2026-10-09T02:36:42.3179752Z node: v22.23.3
2026-10-09T02:36:42.3180152Z npm: 10.9.9
2026-10-09T02:36:42.3180450Z yarn: 1.22.22
2026-10-09T02:36:42.3181233Z ##[endgroup]
2026-10-09T02:36:42.3201830Z [command]/opt/hostedtoolcache/node/22.23.3/x64/bin/npm config get cache
2026-10-09T02:36:42.4245145Z /home/runner/.npm
2026-10-09T02:36:42.6571628Z Cache hit for: node-cache-Linux-x64-npm-26a2ea32ff9fbdbc806907cf3b846fc9f2d906ee6b040e7c2c0e2b49f755b41e
2026-10-09T02:36:43.9612890Z Received 4194304 of 55090959 (7.6%), 4.0 MBs/sec
2026-10-09T02:36:44.4709608Z Received 55090959 of 55090959 (100.0%), 34.8 MBs/sec
2026-10-09T02:36:44.4710596Z Cache Size: ~53 MB (55090959 B)
2026-10-09T02:36:44.4748309Z [command]/usr/bin/tar -xf /home/runner/work/_temp/eb1b518f-3e24-4225-a84e-33cde384fb27/cache.tzst -P -C /home/runner/work/lean-bridge/lean-bridge --use-compress-program unzstd
2026-10-09T02:36:44.6258594Z Cache restored successfully
2026-10-09T02:36:44.6293166Z Cache restored from key: node-cache-Linux-x64-npm-26a2ea32ff9fbdbc806907cf3b846fc9f2d906ee6b040e7c2c0e2b49f755b41e
2026-10-09T02:36:44.6455544Z ##[group]Run npm ci --ignore-scripts --no-audit --no-fund
2026-10-09T02:36:44.6456044Z [36;1mnpm ci --ignore-scripts --no-audit --no-fund[0m
2026-10-09T02:36:44.6712445Z shell: /usr/bin/bash -e {0}
2026-10-09T02:36:44.6712747Z ##[endgroup]
2026-10-09T02:36:49.0878448Z 
2026-10-09T02:36:49.0888008Z added 422 packages in 4s
2026-10-09T02:36:49.1580331Z Prepare all required actions
2026-10-09T02:36:49.1613283Z ##[group]Run ./.github/actions/bounded-apt
2026-10-09T02:36:49.1613599Z ##[endgroup]
2026-10-09T02:36:49.1667730Z ##[start-action display=Configure apt network limits;id=__self.__run]
2026-10-09T02:36:49.1711930Z ##[group]Run sudo install -m 0644 "/home/runner/work/lean-bridge/lean-bridge/./.github/actions/bounded-apt/apt-network.conf" /etc/apt/apt.conf.d/99lean-bridge-network
2026-10-09T02:36:49.1713126Z [36;1msudo install -m 0644 "/home/runner/work/lean-bridge/lean-bridge/./.github/actions/bounded-apt/apt-network.conf" /etc/apt/apt.conf.d/99lean-bridge-network[0m
2026-10-09T02:36:49.1713835Z [36;1mapt-config dump[0m
2026-10-09T02:36:49.1777320Z shell: /usr/bin/bash --noprofile --norc -e -o pipefail {0}
2026-10-09T02:36:49.1777680Z ##[endgroup]
2026-10-09T02:36:49.2040915Z APT "";
2026-10-09T02:36:49.2041408Z APT::Architecture "amd64";
2026-10-09T02:36:49.2041983Z APT::Build-Essential "";
2026-10-09T02:36:49.2042455Z APT::Build-Essential:: "build-essential";
2026-10-09T02:36:49.2042955Z APT::Install-Recommends "1";
2026-10-09T02:36:49.2043258Z APT::Install-Suggests "0";
2026-10-09T02:36:49.2043624Z APT::Key "";
2026-10-09T02:36:49.2044686Z APT::Key::Assert-Pubkey-Algo ">=rsa1024,ed25519,ed448,nistp256,nistp384,nistp512,brainpoolP256r1,brainpoolP320r1,brainpoolP384r1,brainpoolP512r1,secp256k1";
2026-10-09T02:36:49.2045716Z APT::Key::Assert-Pubkey-Algo::Next ">=rsa2048,ed25519,ed448,nistp256,nistp384,nistp512";
2026-10-09T02:36:49.2046319Z APT::Key::Assert-Pubkey-Algo::Future ">=rsa3072,ed25519,ed448";
2026-10-09T02:36:49.2046685Z APT::Sandbox "";
2026-10-09T02:36:49.2046934Z APT::Sandbox::User "_apt";
2026-10-09T02:36:49.2047208Z APT::NeverAutoRemove "";
2026-10-09T02:36:49.2047540Z APT::NeverAutoRemove:: "^firmware-linux.*";
2026-10-09T02:36:49.2047917Z APT::NeverAutoRemove:: "^linux-firmware$";
2026-10-09T02:36:49.2048661Z APT::NeverAutoRemove:: "^linux-image-[a-z0-9]*$";
2026-10-09T02:36:49.2049730Z APT::NeverAutoRemove:: "^linux-image-[a-z0-9]*-[a-z0-9]*$";
2026-10-09T02:36:49.2050568Z APT::NeverAutoRemove:: "^postgresql.*-16";
2026-10-09T02:36:49.2051446Z APT::VersionedKernelPackages "";
2026-10-09T02:36:49.2051967Z APT::VersionedKernelPackages:: "linux-.*";
2026-10-09T02:36:49.2052361Z APT::VersionedKernelPackages:: "kfreebsd-.*";
2026-10-09T02:36:49.2052753Z APT::VersionedKernelPackages:: "gnumach-.*";
2026-10-09T02:36:49.2053133Z APT::VersionedKernelPackages:: ".*-modules";
2026-10-09T02:36:49.2053497Z APT::VersionedKernelPackages:: ".*-kernel";
2026-10-09T02:36:49.2053850Z APT::Never-MarkAuto-Sections "";
2026-10-09T02:36:49.2054210Z APT::Never-MarkAuto-Sections:: "metapackages";
2026-10-09T02:36:49.2054581Z APT::Never-MarkAuto-Sections:: "tasks";
2026-10-09T02:36:49.2054912Z APT::Move-Autobit-Sections "";
2026-10-09T02:36:49.2055236Z APT::Move-Autobit-Sections:: "oldlibs";
2026-10-09T02:36:49.2055507Z APT::Get "";
2026-10-09T02:36:49.2055772Z APT::Get::AutomaticRemove "0";
2026-10-09T02:36:49.2056065Z APT::Get::HideAutoRemove "1";
2026-10-09T02:36:49.2056347Z APT::Get::Assume-Yes "true";
2026-10-09T02:36:49.2056694Z APT::Get::Always-Include-Phased-Updates "true";
2026-10-09T02:36:49.2057079Z APT::Periodic "";
2026-10-09T02:36:49.2057379Z APT::Periodic::Update-Package-Lists "1";
2026-10-09T02:36:49.2057772Z APT::Periodic::Download-Upgradeable-Packages "0";
2026-10-09T02:36:49.2058159Z APT::Periodic::AutocleanInterval "0";
2026-10-09T02:36:49.2058440Z APT::Update "";
2026-10-09T02:36:49.2058712Z APT::Update::Post-Invoke-Success "";
2026-10-09T02:36:49.2059568Z APT::Update::Post-Invoke-Success:: "touch /var/lib/apt/periodic/update-success-stamp 2>/dev/null || true";
2026-10-09T02:36:49.2061998Z APT::Update::Post-Invoke-Success:: "/usr/bin/test -e /usr/share/dbus-1/system-services/org.freedesktop.PackageKit.service && /usr/bin/test -S /var/run/dbus/system_bus_socket && /usr/bin/gdbus call --system --dest org.freedesktop.PackageKit --object-path /org/freedesktop/PackageKit --timeout 4 --method org.freedesktop.PackageKit.StateHasChanged cache-update > /dev/null; /bin/echo > /dev/null";
2026-10-09T02:36:49.2064152Z APT::Update::Post-Invoke-Success:: "if /usr/bin/test -w /var/cache/swcatalog -a -e /usr/bin/appstreamcli; then appstreamcli refresh --source=os > /dev/null || true; fi";
2026-10-09T02:36:49.2065413Z APT::Update::Post-Invoke-Success:: "if /usr/bin/test -w /var/lib/command-not-found/ -a -e /usr/lib/cnf-update-db; then /usr/lib/cnf-update-db > /dev/null; fi";
2026-10-09T02:36:49.2066454Z APT::Update::Post-Invoke-Success:: "/usr/lib/update-notifier/update-motd-updates-available 2>/dev/null || true";
2026-10-09T02:36:49.2067018Z APT::Update::Pre-Invoke "";
2026-10-09T02:36:49.2067874Z APT::Update::Pre-Invoke:: "[ ! -e /run/systemd/system ] || [ $(id -u) -ne 0 ] || systemctl start --no-block apt-news.service esm-cache.service >/dev/null 2>&1 || true";
2026-10-09T02:36:49.2068592Z APT::Update::Error-Mode "any";
2026-10-09T02:36:49.2068983Z APT::Archives "";
2026-10-09T02:36:49.2069229Z APT::Archives::MaxAge "30";
2026-10-09T02:36:49.2069772Z APT::Archives::MinAge "2";
2026-10-09T02:36:49.2070057Z APT::Archives::MaxSize "500";
2026-10-09T02:36:49.2070327Z APT::Architectures "";
2026-10-09T02:36:49.2070586Z APT::Architectures:: "amd64";
2026-10-09T02:36:49.2070850Z APT::Compressor "";
2026-10-09T02:36:49.2071090Z APT::Compressor::. "";
2026-10-09T02:36:49.2071358Z APT::Compressor::.::Name ".";
2026-10-09T02:36:49.2071700Z APT::Compressor::.::Extension "";
2026-10-09T02:36:49.2072006Z APT::Compressor::.::Binary "";
2026-10-09T02:36:49.2072284Z APT::Compressor::.::Cost "0";
2026-10-09T02:36:49.2072548Z APT::Compressor::zstd "";
2026-10-09T02:36:49.2072841Z APT::Compressor::zstd::Name "zstd";
2026-10-09T02:36:49.2073183Z APT::Compressor::zstd::Extension ".zst";
2026-10-09T02:36:49.2073522Z APT::Compressor::zstd::Binary "zstd";
2026-10-09T02:36:49.2073839Z APT::Compressor::zstd::Cost "60";
2026-10-09T02:36:49.2074162Z APT::Compressor::zstd::CompressArg "";
2026-10-09T02:36:49.2074518Z APT::Compressor::zstd::CompressArg:: "-19";
2026-10-09T02:36:49.2074882Z APT::Compressor::zstd::UncompressArg "";
2026-10-09T02:36:49.2075247Z APT::Compressor::zstd::UncompressArg:: "-d";
2026-10-09T02:36:49.2075567Z APT::Compressor::lz4 "";
2026-10-09T02:36:49.2075856Z APT::Compressor::lz4::Name "lz4";
2026-10-09T02:36:49.2076197Z APT::Compressor::lz4::Extension ".lz4";
2026-10-09T02:36:49.2076527Z APT::Compressor::lz4::Binary "lz4";
2026-10-09T02:36:49.2076837Z APT::Compressor::lz4::Cost "50";
2026-10-09T02:36:49.2077148Z APT::Compressor::lz4::CompressArg "";
2026-10-09T02:36:49.2077490Z APT::Compressor::lz4::CompressArg:: "-1";
2026-10-09T02:36:49.2077835Z APT::Compressor::lz4::UncompressArg "";
2026-10-09T02:36:49.2078178Z APT::Compressor::lz4::UncompressArg:: "-d";
2026-10-09T02:36:49.2078490Z APT::Compressor::gzip "";
2026-10-09T02:36:49.2078784Z APT::Compressor::gzip::Name "gzip";
2026-10-09T02:36:49.2079104Z APT::Compressor::gzip::Extension ".gz";
2026-10-09T02:36:49.2079652Z APT::Compressor::gzip::Binary "gzip";
2026-10-09T02:36:49.2079988Z APT::Compressor::gzip::Cost "100";
2026-10-09T02:36:49.2080320Z APT::Compressor::gzip::CompressArg "";
2026-10-09T02:36:49.2080662Z APT::Compressor::gzip::CompressArg:: "-6n";
2026-10-09T02:36:49.2081016Z APT::Compressor::gzip::UncompressArg "";
2026-10-09T02:36:49.2081378Z APT::Compressor::gzip::UncompressArg:: "-d";
2026-10-09T02:36:49.2081686Z APT::Compressor::xz "";
2026-10-09T02:36:49.2081968Z APT::Compressor::xz::Name "xz";
2026-10-09T02:36:49.2082276Z APT::Compressor::xz::Extension ".xz";
2026-10-09T02:36:49.2082593Z APT::Compressor::xz::Binary "xz";
2026-10-09T02:36:49.2082894Z APT::Compressor::xz::Cost "200";
2026-10-09T02:36:49.2083209Z APT::Compressor::xz::CompressArg "";
2026-10-09T02:36:49.2083542Z APT::Compressor::xz::CompressArg:: "-6";
2026-10-09T02:36:49.2083880Z APT::Compressor::xz::UncompressArg "";
2026-10-09T02:36:49.2084244Z APT::Compressor::xz::UncompressArg:: "-d";
2026-10-09T02:36:49.2084558Z APT::Compressor::bzip2 "";
2026-10-09T02:36:49.2084864Z APT::Compressor::bzip2::Name "bzip2";
2026-10-09T02:36:49.2085358Z APT::Compressor::bzip2::Extension ".bz2";
2026-10-09T02:36:49.2085720Z APT::Compressor::bzip2::Binary "bzip2";
2026-10-09T02:36:49.2086050Z APT::Compressor::bzip2::Cost "300";
2026-10-09T02:36:49.2086384Z APT::Compressor::bzip2::CompressArg "";
2026-10-09T02:36:49.2086734Z APT::Compressor::bzip2::CompressArg:: "-6";
2026-10-09T02:36:49.2087092Z APT::Compressor::bzip2::UncompressArg "";
2026-10-09T02:36:49.2087461Z APT::Compressor::bzip2::UncompressArg:: "-d";
2026-10-09T02:36:49.2087790Z APT::Compressor::lzma "";
2026-10-09T02:36:49.2088082Z APT::Compressor::lzma::Name "lzma";
2026-10-09T02:36:49.2088412Z APT::Compressor::lzma::Extension ".lzma";
2026-10-09T02:36:49.2088749Z APT::Compressor::lzma::Binary "xz";
2026-10-09T02:36:49.2089062Z APT::Compressor::lzma::Cost "400";
2026-10-09T02:36:49.2089602Z APT::Compressor::lzma::CompressArg "";
2026-10-09T02:36:49.2090050Z APT::Compressor::lzma::CompressArg:: "--format=lzma";
2026-10-09T02:36:49.2090612Z APT::Compressor::lzma::CompressArg:: "-6";
2026-10-09T02:36:49.2090975Z APT::Compressor::lzma::UncompressArg "";
2026-10-09T02:36:49.2091382Z APT::Compressor::lzma::UncompressArg:: "--format=lzma";
2026-10-09T02:36:49.2091802Z APT::Compressor::lzma::UncompressArg:: "-d";
2026-10-09T02:36:49.2092099Z Dir "/";
2026-10-09T02:36:49.2092321Z Dir::State "var/lib/apt";
2026-10-09T02:36:49.2092596Z Dir::State::lists "lists/";
2026-10-09T02:36:49.2092898Z Dir::State::cdroms "cdroms.list";
2026-10-09T02:36:49.2093247Z Dir::State::extended_states "extended_states";
2026-10-09T02:36:49.2093620Z Dir::State::status "/var/lib/dpkg/status";
2026-10-09T02:36:49.2093924Z Dir::Cache "var/cache/apt";
2026-10-09T02:36:49.2094213Z Dir::Cache::archives "archives/";
2026-10-09T02:36:49.2094562Z Dir::Cache::srcpkgcache "srcpkgcache.bin";
2026-10-09T02:36:49.2094914Z Dir::Cache::pkgcache "pkgcache.bin";
2026-10-09T02:36:49.2095198Z Dir::Etc "etc/apt";
2026-10-09T02:36:49.2095466Z Dir::Etc::sourcelist "sources.list";
2026-10-09T02:36:49.2095811Z Dir::Etc::sourceparts "sources.list.d";
2026-10-09T02:36:49.2096114Z Dir::Etc::main "apt.conf";
2026-10-09T02:36:49.2096380Z Dir::Etc::netrc "auth.conf";
2026-10-09T02:36:49.2096688Z Dir::Etc::netrcparts "auth.conf.d";
2026-10-09T02:36:49.2096981Z Dir::Etc::parts "apt.conf.d";
2026-10-09T02:36:49.2097287Z Dir::Etc::preferences "preferences";
2026-10-09T02:36:49.2097636Z Dir::Etc::preferencesparts "preferences.d";
2026-10-09T02:36:49.2097981Z Dir::Etc::trusted "trusted.gpg";
2026-10-09T02:36:49.2098299Z Dir::Etc::trustedparts "trusted.gpg.d";
2026-10-09T02:36:49.2098571Z Dir::Bin "";
2026-10-09T02:36:49.2098850Z Dir::Bin::methods "/usr/lib/apt/methods";
2026-10-09T02:36:49.2099145Z Dir::Bin::solvers "";
2026-10-09T02:36:49.2099650Z Dir::Bin::solvers:: "/usr/lib/apt/solvers";
2026-10-09T02:36:49.2099969Z Dir::Bin::planners "";
2026-10-09T02:36:49.2100282Z Dir::Bin::planners:: "/usr/lib/apt/planners";
2026-10-09T02:36:49.2100627Z Dir::Bin::dpkg "/usr/bin/dpkg";
2026-10-09T02:36:49.2100912Z Dir::Bin::gzip "/bin/gzip";
2026-10-09T02:36:49.2101182Z Dir::Bin::bzip2 "/bin/bzip2";
2026-10-09T02:36:49.2101451Z Dir::Bin::xz "/usr/bin/xz";
2026-10-09T02:36:49.2101705Z Dir::Bin::lz4 "/usr/bin/lz4";
2026-10-09T02:36:49.2101994Z Dir::Bin::zstd "/usr/bin/zstd";
2026-10-09T02:36:49.2102262Z Dir::Bin::lzma "/usr/bin/xz";
2026-10-09T02:36:49.2102501Z Dir::Media "";
2026-10-09T02:36:49.2102771Z Dir::Media::MountPath "/media/apt";
2026-10-09T02:36:49.2103054Z Dir::Log "var/log/apt";
2026-10-09T02:36:49.2103325Z Dir::Log::Terminal "term.log";
2026-10-09T02:36:49.2103625Z Dir::Log::History "history.log";
2026-10-09T02:36:49.2103924Z Dir::Log::Planner "eipp.log.xz";
2026-10-09T02:36:49.2104225Z Dir::Ignore-Files-Silently "";
2026-10-09T02:36:49.2104531Z Dir::Ignore-Files-Silently:: "~$";
2026-10-09T02:36:49.2104875Z Dir::Ignore-Files-Silently:: "\.disabled$";
2026-10-09T02:36:49.2105221Z Dir::Ignore-Files-Silently:: "\.bak$";
2026-10-09T02:36:49.2105580Z Dir::Ignore-Files-Silently:: "\.dpkg-[a-z]+$";
2026-10-09T02:36:49.2106116Z Dir::Ignore-Files-Silently:: "\.ucf-[a-z]+$";
2026-10-09T02:36:49.2106479Z Dir::Ignore-Files-Silently:: "\.save$";
2026-10-09T02:36:49.2106815Z Dir::Ignore-Files-Silently:: "\.orig$";
2026-10-09T02:36:49.2107172Z Dir::Ignore-Files-Silently:: "\.distUpgrade$";
2026-10-09T02:36:49.2107463Z Acquire "";
2026-10-09T02:36:49.2107726Z Acquire::AllowInsecureRepositories "0";
2026-10-09T02:36:49.2108070Z Acquire::AllowWeakRepositories "0";
2026-10-09T02:36:49.2108449Z Acquire::AllowDowngradeToInsecureRepositories "0";
2026-10-09T02:36:49.2108787Z Acquire::cdrom "";
2026-10-09T02:36:49.2109058Z Acquire::cdrom::mount "/media/cdrom/";
2026-10-09T02:36:49.2109559Z Acquire::IndexTargets "";
2026-10-09T02:36:49.2109902Z Acquire::IndexTargets::deb "";
2026-10-09T02:36:49.2110218Z Acquire::IndexTargets::deb::Packages "";
2026-10-09T02:36:49.2110780Z Acquire::IndexTargets::deb::Packages::MetaKey "$(COMPONENT)/binary-$(ARCHITECTURE)/Packages";
2026-10-09T02:36:49.2111375Z Acquire::IndexTargets::deb::Packages::flatMetaKey "Packages";
2026-10-09T02:36:49.2112019Z Acquire::IndexTargets::deb::Packages::ShortDescription "Packages";
2026-10-09T02:36:49.2112692Z Acquire::IndexTargets::deb::Packages::Description "$(RELEASE)/$(COMPONENT) $(ARCHITECTURE) Packages";
2026-10-09T02:36:49.2113378Z Acquire::IndexTargets::deb::Packages::flatDescription "$(RELEASE) Packages";
2026-10-09T02:36:49.2113879Z Acquire::IndexTargets::deb::Packages::Optional "0";
2026-10-09T02:36:49.2114279Z Acquire::IndexTargets::deb::Translations "";
2026-10-09T02:36:49.2114841Z Acquire::IndexTargets::deb::Translations::MetaKey "$(COMPONENT)/i18n/Translation-$(LANGUAGE)";
2026-10-09T02:36:49.2115465Z Acquire::IndexTargets::deb::Translations::flatMetaKey "$(LANGUAGE)";
2026-10-09T02:36:49.2116070Z Acquire::IndexTargets::deb::Translations::ShortDescription "Translation-$(LANGUAGE)";
2026-10-09T02:36:49.2116830Z Acquire::IndexTargets::deb::Translations::Description "$(RELEASE)/$(COMPONENT) Translation-$(LANGUAGE)";
2026-10-09T02:36:49.2117616Z Acquire::IndexTargets::deb::Translations::flatDescription "$(RELEASE) Translation-$(LANGUAGE)";
2026-10-09T02:36:49.2118142Z Acquire::IndexTargets::deb::DEP-11 "";
2026-10-09T02:36:49.2118726Z Acquire::IndexTargets::deb::DEP-11::MetaKey "$(COMPONENT)/dep11/Components-$(NATIVE_ARCHITECTURE).yml";
2026-10-09T02:36:49.2120062Z Acquire::IndexTargets::deb::DEP-11::ShortDescription "Components-$(NATIVE_ARCHITECTURE)";
2026-10-09T02:36:49.2120881Z Acquire::IndexTargets::deb::DEP-11::Description "$(RELEASE)/$(COMPONENT) $(NATIVE_ARCHITECTURE) Components";
2026-10-09T02:36:49.2121535Z Acquire::IndexTargets::deb::DEP-11::KeepCompressed "true";
2026-10-09T02:36:49.2122004Z Acquire::IndexTargets::deb::DEP-11::KeepCompressedAs "gz";
2026-10-09T02:36:49.2122468Z Acquire::IndexTargets::deb::DEP-11::DefaultEnabled "false";
2026-10-09T02:36:49.2122906Z Acquire::IndexTargets::deb::DEP-11-icons-small "";
2026-10-09T02:36:49.2123494Z Acquire::IndexTargets::deb::DEP-11-icons-small::MetaKey "$(COMPONENT)/dep11/icons-48x48.tar";
2026-10-09T02:36:49.2124178Z Acquire::IndexTargets::deb::DEP-11-icons-small::ShortDescription "icons-48x48";
2026-10-09T02:36:49.2124913Z Acquire::IndexTargets::deb::DEP-11-icons-small::Description "$(RELEASE)/$(COMPONENT) Icons (48x48)";
2026-10-09T02:36:49.2125577Z Acquire::IndexTargets::deb::DEP-11-icons-small::KeepCompressed "true";
2026-10-09T02:36:49.2126132Z Acquire::IndexTargets::deb::DEP-11-icons-small::KeepCompressedAs "gz";
2026-10-09T02:36:49.2126704Z Acquire::IndexTargets::deb::DEP-11-icons-small::DefaultEnabled "false";
2026-10-09T02:36:49.2127169Z Acquire::IndexTargets::deb::DEP-11-icons "";
2026-10-09T02:36:49.2127701Z Acquire::IndexTargets::deb::DEP-11-icons::MetaKey "$(COMPONENT)/dep11/icons-64x64.tar";
2026-10-09T02:36:49.2128324Z Acquire::IndexTargets::deb::DEP-11-icons::ShortDescription "icons-64x64";
2026-10-09T02:36:49.2128993Z Acquire::IndexTargets::deb::DEP-11-icons::Description "$(RELEASE)/$(COMPONENT) Icons (64x64)";
2026-10-09T02:36:49.2129859Z Acquire::IndexTargets::deb::DEP-11-icons::KeepCompressed "true";
2026-10-09T02:36:49.2130535Z Acquire::IndexTargets::deb::DEP-11-icons::KeepCompressedAs "gz";
2026-10-09T02:36:49.2131060Z Acquire::IndexTargets::deb::DEP-11-icons::DefaultEnabled "false";
2026-10-09T02:36:49.2131513Z Acquire::IndexTargets::deb::DEP-11-icons-hidpi "";
2026-10-09T02:36:49.2132108Z Acquire::IndexTargets::deb::DEP-11-icons-hidpi::MetaKey "$(COMPONENT)/dep11/icons-64x64@2.tar";
2026-10-09T02:36:49.2132801Z Acquire::IndexTargets::deb::DEP-11-icons-hidpi::ShortDescription "icons-64x64@2";
2026-10-09T02:36:49.2133561Z Acquire::IndexTargets::deb::DEP-11-icons-hidpi::Description "$(RELEASE)/$(COMPONENT) Icons (64x64@2)";
2026-10-09T02:36:49.2134221Z Acquire::IndexTargets::deb::DEP-11-icons-hidpi::KeepCompressed "true";
2026-10-09T02:36:49.2134772Z Acquire::IndexTargets::deb::DEP-11-icons-hidpi::KeepCompressedAs "gz";
2026-10-09T02:36:49.2135328Z Acquire::IndexTargets::deb::DEP-11-icons-hidpi::DefaultEnabled "false";
2026-10-09T02:36:49.2135802Z Acquire::IndexTargets::deb::DEP-11-icons-large "";
2026-10-09T02:36:49.2136519Z Acquire::IndexTargets::deb::DEP-11-icons-large::MetaKey "$(COMPONENT)/dep11/icons-128x128.tar";
2026-10-09T02:36:49.2137190Z Acquire::IndexTargets::deb::DEP-11-icons-large::ShortDescription "icons-128x128";
2026-10-09T02:36:49.2137912Z Acquire::IndexTargets::deb::DEP-11-icons-large::Description "$(RELEASE)/$(COMPONENT) Icons (128x128)";
2026-10-09T02:36:49.2138574Z Acquire::IndexTargets::deb::DEP-11-icons-large::KeepCompressed "true";
2026-10-09T02:36:49.2139115Z Acquire::IndexTargets::deb::DEP-11-icons-large::KeepCompressedAs "gz";
2026-10-09T02:36:49.2139892Z Acquire::IndexTargets::deb::DEP-11-icons-large::DefaultEnabled "false";
2026-10-09T02:36:49.2140417Z Acquire::IndexTargets::deb::DEP-11-icons-large-hidpi "";
2026-10-09T02:36:49.2141061Z Acquire::IndexTargets::deb::DEP-11-icons-large-hidpi::MetaKey "$(COMPONENT)/dep11/icons-128x128@2.tar";
2026-10-09T02:36:49.2141804Z Acquire::IndexTargets::deb::DEP-11-icons-large-hidpi::ShortDescription "icons-128x128@2";
2026-10-09T02:36:49.2142609Z Acquire::IndexTargets::deb::DEP-11-icons-large-hidpi::Description "$(RELEASE)/$(COMPONENT) Icons (128x128@2)";
2026-10-09T02:36:49.2143325Z Acquire::IndexTargets::deb::DEP-11-icons-large-hidpi::KeepCompressed "true";
2026-10-09T02:36:49.2143933Z Acquire::IndexTargets::deb::DEP-11-icons-large-hidpi::KeepCompressedAs "gz";
2026-10-09T02:36:49.2144535Z Acquire::IndexTargets::deb::DEP-11-icons-large-hidpi::DefaultEnabled "false";
2026-10-09T02:36:49.2144989Z Acquire::IndexTargets::deb::CNF "";
2026-10-09T02:36:49.2145519Z Acquire::IndexTargets::deb::CNF::MetaKey "$(COMPONENT)/cnf/Commands-$(NATIVE_ARCHITECTURE)";
2026-10-09T02:36:49.2146197Z Acquire::IndexTargets::deb::CNF::ShortDescription "Commands-$(NATIVE_ARCHITECTURE)";
2026-10-09T02:36:49.2146943Z Acquire::IndexTargets::deb::CNF::Description "$(RELEASE)/$(COMPONENT) $(NATIVE_ARCHITECTURE) c-n-f Metadata";
2026-10-09T02:36:49.2147507Z Acquire::IndexTargets::deb-src "";
2026-10-09T02:36:49.2147846Z Acquire::IndexTargets::deb-src::Sources "";
2026-10-09T02:36:49.2148354Z Acquire::IndexTargets::deb-src::Sources::MetaKey "$(COMPONENT)/source/Sources";
2026-10-09T02:36:49.2148908Z Acquire::IndexTargets::deb-src::Sources::flatMetaKey "Sources";
2026-10-09T02:36:49.2149680Z Acquire::IndexTargets::deb-src::Sources::ShortDescription "Sources";
2026-10-09T02:36:49.2150314Z Acquire::IndexTargets::deb-src::Sources::Description "$(RELEASE)/$(COMPONENT) Sources";
2026-10-09T02:36:49.2150946Z Acquire::IndexTargets::deb-src::Sources::flatDescription "$(RELEASE) Sources";
2026-10-09T02:36:49.2151461Z Acquire::IndexTargets::deb-src::Sources::Optional "0";
2026-10-09T02:36:49.2151795Z Acquire::Changelogs "";
2026-10-09T02:36:49.2152061Z Acquire::Changelogs::URI "";
2026-10-09T02:36:49.2152375Z Acquire::Changelogs::URI::Origin "";
2026-10-09T02:36:49.2153047Z Acquire::Changelogs::URI::Origin::Debian "https://metadata.ftp-master.debian.org/changelogs/@CHANGEPATH@_changelog";
2026-10-09T02:36:49.2153962Z Acquire::Changelogs::URI::Origin::Ubuntu "https://changelogs.ubuntu.com/changelogs/pool/@CHANGEPATH@/changelog";
2026-10-09T02:36:49.2154748Z Acquire::Changelogs::AlwaysOnline "true";
2026-10-09T02:36:49.2155130Z Acquire::Changelogs::AlwaysOnline::Origin "";
2026-10-09T02:36:49.2155538Z Acquire::Changelogs::AlwaysOnline::Origin::Ubuntu "1";
2026-10-09T02:36:49.2155876Z Acquire::Snapshots "";
2026-10-09T02:36:49.2156125Z Acquire::Snapshots::URI "";
2026-10-09T02:36:49.2156419Z Acquire::Snapshots::URI::Origin "";
2026-10-09T02:36:49.2156994Z Acquire::Snapshots::URI::Origin::Debian "https://snapshot.debian.org/archive/debian/@SNAPSHOTID@/";
2026-10-09T02:36:49.2157728Z Acquire::Snapshots::URI::Origin::Ubuntu "https://snapshot.ubuntu.com/ubuntu/@SNAPSHOTID@/";
2026-10-09T02:36:49.2158234Z Acquire::Snapshots::URI::Override "";
2026-10-09T02:36:49.2158588Z Acquire::Snapshots::URI::Override::Label "";
2026-10-09T02:36:49.2159306Z Acquire::Snapshots::URI::Override::Label::Debian-Security "https://snapshot.debian.org/archive/debian-security/@SNAPSHOTID@/";
2026-10-09T02:36:49.2160297Z Acquire::Snapshots::URI::Host "";
2026-10-09T02:36:49.2160890Z Acquire::Snapshots::URI::Host::archive.ubuntu.com "https://snapshot.ubuntu.com/@PATH@/@SNAPSHOTID@/";
2026-10-09T02:36:49.2161701Z Acquire::Snapshots::URI::Host::deb.debian.org "https://snapshot.debian.org/archive/@PATH@/@SNAPSHOTID@/";
2026-10-09T02:36:49.2162499Z Acquire::Snapshots::URI::Host::.archive.ubuntu.com "https://snapshot.ubuntu.com/@PATH@/@SNAPSHOTID@/";
2026-10-09T02:36:49.2163290Z Acquire::Snapshots::URI::Host::security.ubuntu.com "https://snapshot.ubuntu.com/@PATH@/@SNAPSHOTID@/";
2026-10-09T02:36:49.2164185Z Acquire::Snapshots::URI::Host::ppa.launchpadcontent.net "https://snapshot.ppa.launchpadcontent.net/@PATH@/@SNAPSHOTID@/";
2026-10-09T02:36:49.2165126Z Acquire::Snapshots::URI::Host::ppa.launchpad.net "https://snapshot.ppa.launchpadcontent.net/@PATH@/@SNAPSHOTID@/";
2026-10-09T02:36:49.2165679Z Acquire::http "";
2026-10-09T02:36:49.2165993Z Acquire::http::User-Agent-Non-Interactive "true";
2026-10-09T02:36:49.2166353Z Acquire::http::Timeout "15";
2026-10-09T02:36:49.2166673Z Acquire::http::Pipeline-Depth "0";
2026-10-09T02:36:49.2166991Z Acquire::http::No-Cache "true";
2026-10-09T02:36:49.2167262Z Acquire::Retries "1";
2026-10-09T02:36:49.2167502Z Acquire::https "";
2026-10-09T02:36:49.2167756Z Acquire::https::Timeout "15";
2026-10-09T02:36:49.2168062Z Acquire::https::Pipeline-Depth "0";
2026-10-09T02:36:49.2168378Z Acquire::https::No-Cache "true";
2026-10-09T02:36:49.2168674Z Acquire::BrokenProxy "true";
2026-10-09T02:36:49.2168939Z Acquire::Languages "";
2026-10-09T02:36:49.2169194Z Acquire::Languages:: "en";
2026-10-09T02:36:49.2169697Z Acquire::Languages:: "none";
2026-10-09T02:36:49.2169980Z Acquire::CompressionTypes "";
2026-10-09T02:36:49.2170294Z Acquire::CompressionTypes::xz "xz";
2026-10-09T02:36:49.2170628Z Acquire::CompressionTypes::bz2 "bzip2";
2026-10-09T02:36:49.2170982Z Acquire::CompressionTypes::lzma "lzma";
2026-10-09T02:36:49.2171321Z Acquire::CompressionTypes::gz "gzip";
2026-10-09T02:36:49.2171659Z Acquire::CompressionTypes::lz4 "lz4";
2026-10-09T02:36:49.2171999Z Acquire::CompressionTypes::zst "zstd";
2026-10-09T02:36:49.2172267Z DPkg "";
2026-10-09T02:36:49.2172538Z DPkg::Path "/usr/sbin:/usr/bin:/sbin:/bin";
2026-10-09T02:36:49.2172845Z DPkg::Options "";
2026-10-09T02:36:49.2173121Z DPkg::Options:: "--force-confdef";
2026-10-09T02:36:49.2173436Z DPkg::Options:: "--force-confold";
2026-10-09T02:36:49.2173749Z DPkg::Options:: "--force-unsafe-io";
2026-10-09T02:36:49.2174075Z DPkg::Options:: "--force-confdef";
2026-10-09T02:36:49.2174384Z DPkg::Options:: "--force-confold";
2026-10-09T02:36:49.2174662Z DPkg::Post-Invoke "";
2026-10-09T02:36:49.2176478Z DPkg::Post-Invoke:: "/usr/bin/test -e /usr/share/dbus-1/system-services/org.freedesktop.PackageKit.service && /usr/bin/test -S /var/run/dbus/system_bus_socket && /usr/bin/gdbus call --system --dest org.freedesktop.PackageKit --object-path /org/freedesktop/PackageKit --timeout 4 --method org.freedesktop.PackageKit.StateHasChanged cache-update > /dev/null; /bin/echo > /dev/null";
2026-10-09T02:36:49.2178417Z DPkg::Post-Invoke:: "test -x /usr/lib/needrestart/apt-pinvoke && /usr/lib/needrestart/apt-pinvoke -m u || true";
2026-10-09T02:36:49.2179851Z DPkg::Post-Invoke:: "if [ -d /var/lib/update-notifier ]; then touch /var/lib/update-notifier/dpkg-run-stamp; fi; /usr/lib/update-notifier/update-motd-updates-available 2>/dev/null || true";
2026-10-09T02:36:49.2180670Z DPkg::Pre-Install-Pkgs "";
2026-10-09T02:36:49.2181109Z DPkg::Pre-Install-Pkgs:: "/usr/sbin/dpkg-preconfigure --apt || true";
2026-10-09T02:36:49.2181512Z binary "apt-config";
2026-10-09T02:36:49.2181740Z binary::apt "";
2026-10-09T02:36:49.2181985Z binary::apt::AptCli "";
2026-10-09T02:36:49.2182267Z binary::apt::AptCli::Hooks "";
2026-10-09T02:36:49.2182590Z binary::apt::AptCli::Hooks::Upgrade "";
2026-10-09T02:36:49.2183654Z binary::apt::AptCli::Hooks::Upgrade:: "[ ! -f /usr/lib/ubuntu-advantage/apt-esm-json-hook ] || [ $(id -u) -ne 0 ] || /usr/lib/ubuntu-advantage/apt-esm-json-hook 2>> /var/log/ubuntu-advantage-apt-hook.log || true";
2026-10-09T02:36:49.2184668Z binary::apt::AptCli::Hooks::Install "";
2026-10-09T02:36:49.2185319Z binary::apt::AptCli::Hooks::Install:: "[ ! -f /usr/bin/snap ] || /usr/bin/snap advise-snap --from-apt 2>/dev/null || true";
2026-10-09T02:36:49.2185853Z binary::apt::APT "";
2026-10-09T02:36:49.2186105Z binary::apt::APT::Color "1";
2026-10-09T02:36:49.2186383Z binary::apt::APT::Cache "";
2026-10-09T02:36:49.2186680Z binary::apt::APT::Cache::Show "";
2026-10-09T02:36:49.2187013Z binary::apt::APT::Cache::Show::Version "2";
2026-10-09T02:36:49.2187375Z binary::apt::APT::Cache::AllVersions "0";
2026-10-09T02:36:49.2187733Z binary::apt::APT::Cache::ShowVirtuals "1";
2026-10-09T02:36:49.2188075Z binary::apt::APT::Cache::Search "";
2026-10-09T02:36:49.2188425Z binary::apt::APT::Cache::Search::Version "2";
2026-10-09T02:36:49.2188815Z binary::apt::APT::Cache::ShowDependencyType "1";
2026-10-09T02:36:49.2189191Z binary::apt::APT::Cache::ShowVersion "1";
2026-10-09T02:36:49.2189768Z binary::apt::APT::Get "";
2026-10-09T02:36:49.2190102Z binary::apt::APT::Get::Upgrade-Allow-New "1";
2026-10-09T02:36:49.2190451Z binary::apt::APT::Get::Update "";
2026-10-09T02:36:49.2190865Z binary::apt::APT::Get::Update::InteractiveReleaseInfoChanges "1";
2026-10-09T02:36:49.2191252Z binary::apt::APT::Cmd "";
2026-10-09T02:36:49.2191568Z binary::apt::APT::Cmd::Show-Update-Stats "1";
2026-10-09T02:36:49.2191925Z binary::apt::APT::Cmd::Pattern-Only "1";
2026-10-09T02:36:49.2192302Z binary::apt::APT::Keep-Downloaded-Packages "0";
2026-10-09T02:36:49.2192623Z binary::apt::DPkg "";
2026-10-09T02:36:49.2192913Z binary::apt::DPkg::Progress-Fancy "1";
2026-10-09T02:36:49.2193217Z binary::apt::DPkg::Lock "";
2026-10-09T02:36:49.2193520Z binary::apt::DPkg::Lock::Timeout "120";
2026-10-09T02:36:49.2193798Z CommandLine "";
2026-10-09T02:36:49.2194074Z CommandLine::AsString "apt-config dump";
2026-10-09T02:36:49.2204221Z ##[end-action id=__self.__run;outcome=success;conclusion=success;duration_ms=53]
2026-10-09T02:36:49.2238838Z ##[group]Run sudo apt-get update && sudo apt-get install -y build-essential curl zstd
2026-10-09T02:36:49.2239683Z [36;1msudo apt-get update && sudo apt-get install -y build-essential curl zstd[0m
2026-10-09T02:36:49.2298254Z shell: /usr/bin/bash -e {0}
2026-10-09T02:36:49.2298520Z ##[endgroup]
2026-10-09T02:36:49.3110929Z Get:1 file:/etc/apt/apt-mirrors.txt Mirrorlist [144 B]
2026-10-09T02:36:49.3397238Z Hit:2 http://azure.archive.ubuntu.com/ubuntu noble InRelease
2026-10-09T02:36:49.3398229Z Get:6 https://packages.microsoft.com/ubuntu/24.04/prod noble InRelease [3600 B]
2026-10-09T02:36:49.3417644Z Get:3 http://azure.archive.ubuntu.com/ubuntu noble-updates InRelease [126 kB]
2026-10-09T02:36:49.3462558Z Get:4 http://azure.archive.ubuntu.com/ubuntu noble-backports InRelease [126 kB]
2026-10-09T02:36:49.3507835Z Get:5 http://azure.archive.ubuntu.com/ubuntu noble-security InRelease [126 kB]
2026-10-09T02:36:49.4858965Z Get:7 https://packages.microsoft.com/ubuntu/24.04/prod noble/main arm64 Packages [474 kB]
2026-10-09T02:36:49.4972332Z Get:8 https://packages.microsoft.com/ubuntu/24.04/prod noble/main all Packages [640 B]
2026-10-09T02:36:49.4993150Z Get:9 https://packages.microsoft.com/ubuntu/24.04/prod noble/main amd64 Packages [531 kB]
2026-10-09T02:36:49.5056206Z Get:10 https://packages.microsoft.com/ubuntu/24.04/prod noble/main armhf Packages [12.3 kB]
2026-10-09T02:36:49.5280421Z Get:11 http://azure.archive.ubuntu.com/ubuntu noble-updates/main amd64 Packages [1375 kB]
2026-10-09T02:36:49.5355520Z Get:12 http://azure.archive.ubuntu.com/ubuntu noble-updates/main Translation-en [306 kB]
2026-10-09T02:36:49.5395590Z Get:13 http://azure.archive.ubuntu.com/ubuntu noble-updates/universe amd64 Packages [1702 kB]
2026-10-09T02:36:49.5474656Z Get:14 http://azure.archive.ubuntu.com/ubuntu noble-updates/universe Translation-en [342 kB]
2026-10-09T02:36:49.5499194Z Get:15 http://azure.archive.ubuntu.com/ubuntu noble-updates/restricted amd64 Packages [1761 kB]
2026-10-09T02:36:49.5631175Z Get:16 http://azure.archive.ubuntu.com/ubuntu noble-updates/restricted Translation-en [401 kB]
2026-10-09T02:36:49.5643741Z Get:17 http://azure.archive.ubuntu.com/ubuntu noble-updates/multiverse amd64 Packages [55.0 kB]
2026-10-09T02:36:49.5655907Z Get:18 http://azure.archive.ubuntu.com/ubuntu noble-updates/multiverse Translation-en [14.3 kB]
2026-10-09T02:36:49.6313972Z Get:19 http://azure.archive.ubuntu.com/ubuntu noble-security/main amd64 Packages [1116 kB]
2026-10-09T02:36:49.6372788Z Get:20 http://azure.archive.ubuntu.com/ubuntu noble-security/main Translation-en [228 kB]
2026-10-09T02:36:49.6865398Z Get:21 http://azure.archive.ubuntu.com/ubuntu noble-security/universe amd64 Packages [1220 kB]
2026-10-09T02:36:49.6950598Z Get:22 http://azure.archive.ubuntu.com/ubuntu noble-security/universe Translation-en [245 kB]
2026-10-09T02:36:49.6971511Z Get:23 http://azure.archive.ubuntu.com/ubuntu noble-security/restricted amd64 Packages [1632 kB]
2026-10-09T02:36:49.7060991Z Get:24 http://azure.archive.ubuntu.com/ubuntu noble-security/restricted Translation-en [376 kB]
2026-10-09T02:36:49.7063040Z Get:25 http://azure.archive.ubuntu.com/ubuntu noble-security/multiverse Translation-en [11.6 kB]
2026-10-09T02:36:52.3839270Z Fetched 12.2 MB in 1s (9892 kB/s)
2026-10-09T02:36:53.1786239Z Reading package lists...
2026-10-09T02:36:53.2078745Z Reading package lists...
2026-10-09T02:36:53.3646599Z Building dependency tree...
2026-10-09T02:36:53.3653974Z Reading state information...
2026-10-09T02:36:53.5104621Z curl is already the newest version (8.5.0-2ubuntu10.15).
2026-10-09T02:36:53.5105172Z zstd is already the newest version (1.5.5+dfsg2-2build1.1).
2026-10-09T02:36:53.5105575Z zstd set to manually installed.
2026-10-09T02:36:53.5105943Z The following NEW packages will be installed:
2026-10-09T02:36:53.5109992Z   build-essential
2026-10-09T02:36:53.5267524Z 0 upgraded, 1 newly installed, 0 to remove and 23 not upgraded.
2026-10-09T02:36:53.5268221Z Need to get 4928 B of archives.
2026-10-09T02:36:53.5269328Z After this operation, 17.4 kB of additional disk space will be used.
2026-10-09T02:36:53.5270456Z Get:1 file:/etc/apt/apt-mirrors.txt Mirrorlist [144 B]
2026-10-09T02:36:53.6998379Z Get:2 http://azure.archive.ubuntu.com/ubuntu noble/main amd64 build-essential amd64 12.10ubuntu1 [4928 B]
2026-10-09T02:36:53.9285387Z Fetched 4928 B in 0s (26.9 kB/s)
2026-10-09T02:36:53.9492803Z Selecting previously unselected package build-essential.
2026-10-09T02:36:53.9767879Z (Reading database ... 
2026-10-09T02:36:53.9768415Z (Reading database ... 5%
2026-10-09T02:36:53.9768734Z (Reading database ... 10%
2026-10-09T02:36:53.9769039Z (Reading database ... 15%
2026-10-09T02:36:53.9769634Z (Reading database ... 20%
2026-10-09T02:36:53.9770106Z (Reading database ... 25%
2026-10-09T02:36:53.9770512Z (Reading database ... 30%
2026-10-09T02:36:53.9770776Z (Reading database ... 35%
2026-10-09T02:36:53.9771030Z (Reading database ... 40%
2026-10-09T02:36:53.9771280Z (Reading database ... 45%
2026-10-09T02:36:53.9771538Z (Reading database ... 50%
2026-10-09T02:36:53.9824821Z (Reading database ... 55%
2026-10-09T02:36:54.0405539Z (Reading database ... 60%
2026-10-09T02:36:54.2441724Z (Reading database ... 65%
2026-10-09T02:36:54.3926096Z (Reading database ... 70%
2026-10-09T02:36:54.5931726Z (Reading database ... 75%
2026-10-09T02:36:54.6979825Z (Reading database ... 80%
2026-10-09T02:36:54.8499599Z (Reading database ... 85%
2026-10-09T02:36:54.9953701Z (Reading database ... 90%
2026-10-09T02:36:55.1557198Z (Reading database ... 95%
2026-10-09T02:36:55.1557812Z (Reading database ... 100%
2026-10-09T02:36:55.1558279Z (Reading database ... 203191 files and directories currently installed.)
2026-10-09T02:36:55.1597808Z Preparing to unpack .../build-essential_12.10ubuntu1_amd64.deb ...
2026-10-09T02:36:55.1621430Z Unpacking build-essential (12.10ubuntu1) ...
2026-10-09T02:36:55.1964028Z Setting up build-essential (12.10ubuntu1) ...
2026-10-09T02:36:55.7994011Z 
2026-10-09T02:36:55.7994677Z Running kernel seems to be up-to-date.
2026-10-09T02:36:55.7995323Z 
2026-10-09T02:36:55.7995886Z No services need to be restarted.
2026-10-09T02:36:55.7996292Z 
2026-10-09T02:36:55.7996659Z No containers need to be restarted.
2026-10-09T02:36:55.7997088Z 
2026-10-09T02:36:55.7997536Z No user sessions are running outdated binaries.
2026-10-09T02:36:55.7998015Z 
2026-10-09T02:36:55.7998696Z No VM guests are running outdated hypervisor (qemu) binaries on this host.
2026-10-09T02:36:56.5732313Z ##[group]Run bash scripts/bootstrap-toolchains.sh --lean-only
2026-10-09T02:36:56.5732809Z [36;1mbash scripts/bootstrap-toolchains.sh --lean-only[0m
2026-10-09T02:36:56.5794691Z shell: /usr/bin/bash -e {0}
2026-10-09T02:36:56.5794956Z ##[endgroup]
2026-10-09T02:36:56.8942292Z /home/runner/work/lean-bridge/lean-bridge/.toolchains/downloads/elan-x86_64-unknown-linux-gnu.tar.gz: OK
2026-10-09T02:36:57.3850921Z info: Version 4.2.4 of elan is available! Use `elan self update` to update.
2026-10-09T02:36:57.8302928Z info: downloading https://releases.lean-lang.org/lean4/v4.32.2/lean-4.32.2-linux.tar.zst
2026-10-09T02:37:03.2921006Z info: installing /home/runner/work/lean-bridge/lean-bridge/.toolchains/elan/toolchains/leanprover--lean4---v4.32.2
2026-10-09T02:37:09.8915482Z 
2026-10-09T02:37:09.9319679Z leanprover/lean4:v4.32.2 installed - Lean (version 4.32.2, x86_64-unknown-linux-gnu, commit f3b06c705e6c85f5314019d5d3baab0fec5b580c, Release)
2026-10-09T02:37:09.9320771Z 
2026-10-09T02:37:10.2353943Z info: default toolchain set to 'leanprover/lean4:v4.32.2'
2026-10-09T02:37:10.4590189Z ##[group]Run actions/cache@v4
2026-10-09T02:37:10.4590505Z with:
2026-10-09T02:37:10.4590742Z   path: .toolchains/perl/5.36.3-unthreaded
2026-10-09T02:37:10.4591312Z   key: perl-abi-v2-Linux-5.36.3-unthreaded-2fc9758a07a5ff174c4ceb8537771405658ae8ed656706950f6fb2a457de42cc
2026-10-09T02:37:10.4591883Z   enableCrossOsArchive: false
2026-10-09T02:37:10.4592154Z   fail-on-cache-miss: false
2026-10-09T02:37:10.4592401Z   lookup-only: false
2026-10-09T02:37:10.4592614Z   save-always: false
2026-10-09T02:37:10.4592836Z ##[endgroup]
2026-10-09T02:37:10.5660576Z (node:2935) [DEP0040] DeprecationWarning: The `punycode` module is deprecated. Please use a userland alternative instead.
2026-10-09T02:37:10.5661458Z (Use `node --trace-deprecation ...` to show where the warning was created)
2026-10-09T02:37:10.8052957Z Cache hit for: perl-abi-v2-Linux-5.36.3-unthreaded-2fc9758a07a5ff174c4ceb8537771405658ae8ed656706950f6fb2a457de42cc
2026-10-09T02:37:10.8154057Z (node:2935) [DEP0169] DeprecationWarning: `url.parse()` behavior is not standardized and prone to errors that have security implications. Use the WHATWG URL API instead. CVEs are not issued for `url.parse()` vulnerabilities.
2026-10-09T02:37:12.0786929Z Received 5810319 of 14198927 (40.9%), 5.5 MBs/sec
2026-10-09T02:37:12.1448138Z Received 14198927 of 14198927 (100.0%), 12.7 MBs/sec
2026-10-09T02:37:12.1448983Z Cache Size: ~14 MB (14198927 B)
2026-10-09T02:37:12.1475858Z [command]/usr/bin/tar -xf /home/runner/work/_temp/4ca230d7-ce61-4a64-ae33-152fc1d7da0b/cache.tzst -P -C /home/runner/work/lean-bridge/lean-bridge --use-compress-program unzstd
2026-10-09T02:37:12.2941473Z Cache restored successfully
2026-10-09T02:37:12.3026200Z Cache restored from key: perl-abi-v2-Linux-5.36.3-unthreaded-2fc9758a07a5ff174c4ceb8537771405658ae8ed656706950f6fb2a457de42cc
2026-10-09T02:37:12.3137963Z ##[group]Run npm run test:consumer:perl -- --configuration "5.36.3-unthreaded"
2026-10-09T02:37:12.3138687Z [36;1mnpm run test:consumer:perl -- --configuration "5.36.3-unthreaded"[0m
2026-10-09T02:37:12.3200857Z shell: /usr/bin/bash -e {0}
2026-10-09T02:37:12.3201293Z ##[endgroup]
2026-10-09T02:37:12.4208051Z 
2026-10-09T02:37:12.4208662Z > @lean-wasm/bridge-poc@0.0.0-poc test:consumer:perl
2026-10-09T02:37:12.4209699Z > node scripts/test-perl-consumers.mjs --configuration 5.36.3-unthreaded
2026-10-09T02:37:12.4210248Z 
2026-10-09T02:37:12.4602770Z Perl 5.36.3-unthreaded
2026-10-09T02:49:01.0351767Z TAP version 13
2026-10-09T02:49:01.0352876Z # Subtest: native finite specializations reproduce and install concrete Perl APIs
2026-10-09T02:49:01.0354472Z ok 1 - native finite specializations reproduce and install concrete Perl APIs
2026-10-09T02:49:01.0355373Z   ---
2026-10-09T02:49:01.0355887Z   duration_ms: 100416.3251
2026-10-09T02:49:01.0356442Z   type: 'test'
2026-10-09T02:49:01.0357380Z   ...
2026-10-09T02:49:01.0358423Z # Finite CPAN archive SHA-256: 18431a47ea3dfd760f79ba9861e77e28293361e53bee6699720dd65ab260e6f5
2026-10-09T02:49:01.0359980Z # Subtest: native export contracts reject unsupported decisions before linking
2026-10-09T02:49:01.0360842Z     # Subtest: copied-resource
2026-10-09T02:49:01.0361322Z     ok 1 - copied-resource
2026-10-09T02:49:01.0361736Z       ---
2026-10-09T02:49:01.0362130Z       duration_ms: 10644.584286
2026-10-09T02:49:01.0362568Z       type: 'test'
2026-10-09T02:49:01.0363015Z       ...
2026-10-09T02:49:01.0363446Z     # Subtest: borrowed-result
2026-10-09T02:49:01.0363939Z     ok 2 - borrowed-result
2026-10-09T02:49:01.0364396Z       ---
2026-10-09T02:49:01.0364843Z       duration_ms: 10634.449395
2026-10-09T02:49:01.0365269Z       type: 'test'
2026-10-09T02:49:01.0365596Z       ...
2026-10-09T02:49:01.0366000Z     # Subtest: transfer
2026-10-09T02:49:01.0366437Z     ok 3 - transfer
2026-10-09T02:49:01.0366844Z       ---
2026-10-09T02:49:01.0367279Z       duration_ms: 10660.582485
2026-10-09T02:49:01.0367738Z       type: 'test'
2026-10-09T02:49:01.0368138Z       ...
2026-10-09T02:49:01.0368591Z     # Subtest: retained-callback
2026-10-09T02:49:01.0369137Z     ok 4 - retained-callback
2026-10-09T02:49:01.0369807Z       ---
2026-10-09T02:49:01.0370058Z       duration_ms: 10681.795153
2026-10-09T02:49:01.0370315Z       type: 'test'
2026-10-09T02:49:01.0370526Z       ...
2026-10-09T02:49:01.0370754Z     # Subtest: callback-effects
2026-10-09T02:49:01.0371021Z     ok 5 - callback-effects
2026-10-09T02:49:01.0371262Z       ---
2026-10-09T02:49:01.0371481Z       duration_ms: 10603.643999
2026-10-09T02:49:01.0371726Z       type: 'test'
2026-10-09T02:49:01.0371931Z       ...
2026-10-09T02:49:01.0372147Z     # Subtest: closure-arity
2026-10-09T02:49:01.0372398Z     ok 6 - closure-arity
2026-10-09T02:49:01.0372628Z       ---
2026-10-09T02:49:01.0372842Z       duration_ms: 10645.797682
2026-10-09T02:49:01.0373082Z       type: 'test'
2026-10-09T02:49:01.0373294Z       ...
2026-10-09T02:49:01.0373491Z     # Subtest: refinement
2026-10-09T02:49:01.0373731Z     ok 7 - refinement
2026-10-09T02:49:01.0373943Z       ---
2026-10-09T02:49:01.0374158Z       duration_ms: 10650.274879
2026-10-09T02:49:01.0374394Z       type: 'test'
2026-10-09T02:49:01.0374593Z       ...
2026-10-09T02:49:01.0374794Z     # Subtest: unknown
2026-10-09T02:49:01.0375011Z     ok 8 - unknown
2026-10-09T02:49:01.0375213Z       ---
2026-10-09T02:49:01.0375427Z       duration_ms: 10636.01154
2026-10-09T02:49:01.0375673Z       type: 'test'
2026-10-09T02:49:01.0375890Z       ...
2026-10-09T02:49:01.0376079Z     1..8
2026-10-09T02:49:01.0376477Z ok 2 - native export contracts reject unsupported decisions before linking
2026-10-09T02:49:01.0376874Z   ---
2026-10-09T02:49:01.0377083Z   duration_ms: 86119.850199
2026-10-09T02:49:01.0377322Z   type: 'test'
2026-10-09T02:49:01.0377522Z   ...
2026-10-09T02:49:01.0378294Z # Subtest: native specializations reject changed applications and unsupported ownership before linking
2026-10-09T02:49:01.0379244Z     # Subtest: application
2026-10-09T02:49:01.0379955Z     ok 1 - application
2026-10-09T02:49:01.0380347Z       ---
2026-10-09T02:49:01.0380717Z       duration_ms: 20985.052235
2026-10-09T02:49:01.0381137Z       type: 'test'
2026-10-09T02:49:01.0381566Z       ...
2026-10-09T02:49:01.0381953Z     # Subtest: types
2026-10-09T02:49:01.0382407Z     ok 2 - types
2026-10-09T02:49:01.0382803Z       ---
2026-10-09T02:49:01.0383231Z       duration_ms: 21002.388302
2026-10-09T02:49:01.0383723Z       type: 'test'
2026-10-09T02:49:01.0384109Z       ...
2026-10-09T02:49:01.0384573Z     # Subtest: late-json
2026-10-09T02:49:01.0385016Z     ok 3 - late-json
2026-10-09T02:49:01.0385432Z       ---
2026-10-09T02:49:01.0386114Z       duration_ms: 21295.160677
2026-10-09T02:49:01.0386635Z       type: 'test'
2026-10-09T02:49:01.0387033Z       ...
2026-10-09T02:49:01.0387440Z     # Subtest: source
2026-10-09T02:49:01.0387877Z     ok 4 - source
2026-10-09T02:49:01.0388269Z       ---
2026-10-09T02:49:01.0388736Z       duration_ms: 21011.513532
2026-10-09T02:49:01.0389202Z       type: 'test'
2026-10-09T02:49:01.0390034Z       ...
2026-10-09T02:49:01.0390415Z     # Subtest: resource-array
2026-10-09T02:49:01.0390929Z     ok 5 - resource-array
2026-10-09T02:49:01.0391346Z       ---
2026-10-09T02:49:01.0391773Z       duration_ms: 10558.093395
2026-10-09T02:49:01.0392211Z       type: 'test'
2026-10-09T02:49:01.0392599Z       ...
2026-10-09T02:49:01.0392944Z     # Subtest: callback-array
2026-10-09T02:49:01.0393210Z     ok 6 - callback-array
2026-10-09T02:49:01.0393443Z       ---
2026-10-09T02:49:01.0393657Z       duration_ms: 10598.703582
2026-10-09T02:49:01.0393931Z       type: 'test'
2026-10-09T02:49:01.0394135Z       ...
2026-10-09T02:49:01.0394342Z     # Subtest: instance
2026-10-09T02:49:01.0394571Z     ok 7 - instance
2026-10-09T02:49:01.0394775Z       ---
2026-10-09T02:49:01.0394994Z       duration_ms: 10660.125152
2026-10-09T02:49:01.0395234Z       type: 'test'
2026-10-09T02:49:01.0395441Z       ...
2026-10-09T02:49:01.0395633Z     # Subtest: effect
2026-10-09T02:49:01.0395850Z     ok 8 - effect
2026-10-09T02:49:01.0396054Z       ---
2026-10-09T02:49:01.0396264Z       duration_ms: 10654.971581
2026-10-09T02:49:01.0396528Z       type: 'test'
2026-10-09T02:49:01.0396725Z       ...
2026-10-09T02:49:01.0396923Z     # Subtest: admitted
2026-10-09T02:49:01.0397141Z     ok 9 - admitted
2026-10-09T02:49:01.0397343Z       ---
2026-10-09T02:49:01.0397562Z       duration_ms: 10629.944047
2026-10-09T02:49:01.0397807Z       type: 'test'
2026-10-09T02:49:01.0398053Z       ...
2026-10-09T02:49:01.0398236Z     1..9
2026-10-09T02:49:01.0398750Z ok 3 - native specializations reject changed applications and unsupported ownership before linking
2026-10-09T02:49:01.0399230Z   ---
2026-10-09T02:49:01.0399739Z   duration_ms: 138374.979199
2026-10-09T02:49:01.0400345Z   type: 'test'
2026-10-09T02:49:01.0400719Z   ...
2026-10-09T02:49:01.0401465Z # Subtest: native shared metadata preserves checked aliases, docs and proof relationships across relocation
2026-10-09T02:49:01.0402310Z ok 4 - native shared metadata preserves checked aliases, docs and proof relationships across relocation
2026-10-09T02:49:01.0402803Z   ---
2026-10-09T02:49:01.0403005Z   duration_ms: 44011.886426
2026-10-09T02:49:01.0403273Z   type: 'test'
2026-10-09T02:49:01.0403470Z   ...
2026-10-09T02:49:01.0404040Z # Subtest: native extraction rejects forged reports, interface drift and ABI disagreement without releasing output
2026-10-09T02:49:01.0404572Z     # Subtest: failure
2026-10-09T02:49:01.0404826Z     ok 1 - failure
2026-10-09T02:49:01.0405029Z       ---
2026-10-09T02:49:01.0405250Z       duration_ms: 478.123909
2026-10-09T02:49:01.0405499Z       type: 'test'
2026-10-09T02:49:01.0405703Z       ...
2026-10-09T02:49:01.0405897Z     # Subtest: json
2026-10-09T02:49:01.0406114Z     ok 2 - json
2026-10-09T02:49:01.0406311Z       ---
2026-10-09T02:49:01.0406511Z       duration_ms: 492.536711
2026-10-09T02:49:01.0406746Z       type: 'test'
2026-10-09T02:49:01.0407145Z       ...
2026-10-09T02:49:01.0407517Z     # Subtest: identity
2026-10-09T02:49:01.0407908Z     ok 3 - identity
2026-10-09T02:49:01.0408126Z       ---
2026-10-09T02:49:01.0408394Z       duration_ms: 10586.049378
2026-10-09T02:49:01.0408675Z       type: 'test'
2026-10-09T02:49:01.0408923Z       ...
2026-10-09T02:49:01.0409278Z     # Subtest: source
2026-10-09T02:49:01.0409978Z     ok 4 - source
2026-10-09T02:49:01.0410341Z       ---
2026-10-09T02:49:01.0426512Z       duration_ms: 10584.589323
2026-10-09T02:49:01.0426821Z       type: 'test'
2026-10-09T02:49:01.0427223Z       ...
2026-10-09T02:49:01.0427562Z     # Subtest: sidecar
2026-10-09T02:49:01.0427806Z     ok 5 - sidecar
2026-10-09T02:49:01.0428184Z       ---
2026-10-09T02:49:01.0428635Z       duration_ms: 10546.076273
2026-10-09T02:49:01.0428907Z       type: 'test'
2026-10-09T02:49:01.0429130Z       ...
2026-10-09T02:49:01.0429564Z     # Subtest: late-sidecar
2026-10-09T02:49:01.0429899Z     ok 6 - late-sidecar
2026-10-09T02:49:01.0430135Z       ---
2026-10-09T02:49:01.0430368Z       duration_ms: 10775.057863
2026-10-09T02:49:01.0430616Z       type: 'test'
2026-10-09T02:49:01.0430828Z       ...
2026-10-09T02:49:01.0431032Z     # Subtest: alias-abi
2026-10-09T02:49:01.0431272Z     ok 7 - alias-abi
2026-10-09T02:49:01.0431489Z       ---
2026-10-09T02:49:01.0431705Z       duration_ms: 10582.185854
2026-10-09T02:49:01.0431954Z       type: 'test'
2026-10-09T02:49:01.0432156Z       ...
2026-10-09T02:49:01.0432356Z     # Subtest: abi
2026-10-09T02:49:01.0432566Z     ok 8 - abi
2026-10-09T02:49:01.0432766Z       ---
2026-10-09T02:49:01.0432988Z       duration_ms: 21152.458063
2026-10-09T02:49:01.0433228Z       type: 'test'
2026-10-09T02:49:01.0433435Z       ...
2026-10-09T02:49:01.0433638Z     # Subtest: cancel
2026-10-09T02:49:01.0433865Z     ok 9 - cancel
2026-10-09T02:49:01.0434073Z       ---
2026-10-09T02:49:01.0434276Z       duration_ms: 489.270947
2026-10-09T02:49:01.0434525Z       type: 'test'
2026-10-09T02:49:01.0434730Z       ...
2026-10-09T02:49:01.0434930Z     1..9
2026-10-09T02:49:01.0435503Z ok 5 - native extraction rejects forged reports, interface drift and ABI disagreement without releasing output
2026-10-09T02:49:01.0436033Z   ---
2026-10-09T02:49:01.0436241Z   duration_ms: 76655.606921
2026-10-09T02:49:01.0436494Z   type: 'test'
2026-10-09T02:49:01.0436696Z   ...
2026-10-09T02:49:01.0437153Z # Subtest: Perl CBuilder receives development headers without Nix build-role variables
2026-10-09T02:49:01.0437827Z ok 6 - Perl CBuilder receives development headers without Nix build-role variables
2026-10-09T02:49:01.0438238Z   ---
2026-10-09T02:49:01.0438465Z   duration_ms: 212.901077
2026-10-09T02:49:01.0438699Z   type: 'test'
2026-10-09T02:49:01.0438904Z   ...
2026-10-09T02:49:01.0439318Z # Subtest: shared configuration drives a compiled and installed native package
2026-10-09T02:49:01.0440290Z ok 7 - shared configuration drives a compiled and installed native package
2026-10-09T02:49:01.0440674Z   ---
2026-10-09T02:49:01.0440886Z   duration_ms: 49822.604983
2026-10-09T02:49:01.0441130Z   type: 'test'
2026-10-09T02:49:01.0441361Z   ...
2026-10-09T02:49:01.0441894Z # Subtest: CPAN completes every runtime ABI before pinning components and reproduces reversed selections
2026-10-09T02:49:01.0442723Z ok 8 - CPAN completes every runtime ABI before pinning components and reproduces reversed selections # SKIP
2026-10-09T02:49:01.0443218Z   ---
2026-10-09T02:49:01.0443419Z   duration_ms: 0.258694
2026-10-09T02:49:01.0443652Z   type: 'test'
2026-10-09T02:49:01.0443848Z   ...
2026-10-09T02:49:01.0444287Z # Subtest: Perl installs ordinary Lean packages through prebuilt and XS-only paths
2026-10-09T02:49:01.0444902Z ok 9 - Perl installs ordinary Lean packages through prebuilt and XS-only paths
2026-10-09T02:49:01.0445296Z   ---
2026-10-09T02:49:01.0445502Z   duration_ms: 136635.558056
2026-10-09T02:49:01.0445743Z   type: 'test'
2026-10-09T02:49:01.0445944Z   ...
2026-10-09T02:49:01.0446130Z # 1..183
2026-10-09T02:49:01.0446789Z # Subtest: fresh Lean metadata rejects unsupported or unreviewed exports before releasing native output
2026-10-09T02:49:01.0448230Z ok 10 - fresh Lean metadata rejects unsupported or unreviewed exports before releasing native output
2026-10-09T02:49:01.0449219Z   ---
2026-10-09T02:49:01.0449860Z   duration_ms: 76006.591031
2026-10-09T02:49:01.0450365Z   type: 'test'
2026-10-09T02:49:01.0450788Z   ...
2026-10-09T02:49:01.0451170Z 1..10
2026-10-09T02:49:01.0451395Z # tests 36
2026-10-09T02:49:01.0451686Z # suites 0
2026-10-09T02:49:01.0451946Z # pass 35
2026-10-09T02:49:01.0452298Z # fail 0
2026-10-09T02:49:01.0452519Z # cancelled 0
2026-10-09T02:49:01.0452742Z # skipped 1
2026-10-09T02:49:01.0452940Z # todo 0
2026-10-09T02:49:01.0453172Z # duration_ms 708537.937335
2026-10-09T02:49:01.0530541Z ##[group]Run export LEAN_BRIDGE_CORPUS_PERL="$PWD/.toolchains/perl/$CORPUS_PERL_CONFIGURATION/bin/perl"
2026-10-09T02:49:01.0531461Z [36;1mexport LEAN_BRIDGE_CORPUS_PERL="$PWD/.toolchains/perl/$CORPUS_PERL_CONFIGURATION/bin/perl"[0m
2026-10-09T02:49:01.0532148Z [36;1msource scripts/env.sh[0m
2026-10-09T02:49:01.0532763Z [36;1mnpm run test:type-corpus:perl && LEAN_BRIDGE_REVIEWED_NATIVE_PROFILES=perl node --test tests/type-corpus-reviewed-native.test.mjs[0m
2026-10-09T02:49:01.0533793Z [36;1mLEAN_BRIDGE_CHAR_PROFILES=perl node --test tests/native-char.test.mjs[0m
2026-10-09T02:49:01.0534590Z [36;1mLEAN_BRIDGE_WORD_PROFILES=perl node --test tests/native-words.test.mjs[0m
2026-10-09T02:49:01.0535145Z [36;1mLEAN_BRIDGE_PERL_CALLABLE_TEST=1 node --test tests/perl-callables.test.mjs[0m
2026-10-09T02:49:01.0535961Z [36;1mLEAN_BRIDGE_PERL_STRUCTURED_CALLABLE_TEST=1 node --test tests/perl-structured-callables.test.mjs[0m
2026-10-09T02:49:01.0537134Z [36;1mLEAN_BRIDGE_PERL_RECURSIVE_CALLABLE_TEST=1 node --test --test-concurrency=1 tests/perl-recursive-callables.test.mjs tests/perl-recursive-callable-contract.test.mjs[0m
2026-10-09T02:49:01.0538210Z [36;1mLEAN_BRIDGE_PERL_COMPOUND_TEST=1 node --test tests/perl-compounds.test.mjs[0m
2026-10-09T02:49:01.0539073Z [36;1mLEAN_BRIDGE_PERL_LIST_TEST=1 node --test tests/perl-lists.test.mjs tests/perl-list-contract.test.mjs[0m
2026-10-09T02:49:01.0540267Z [36;1mLEAN_BRIDGE_PERL_COLLECTION_TEST=1 node --test tests/perl-collections.test.mjs tests/perl-collection-contract.test.mjs[0m
2026-10-09T02:49:01.0541287Z [36;1mLEAN_BRIDGE_PERL_ALIAS_TEST=1 node --test tests/perl-aliases.test.mjs tests/perl-alias-contract.test.mjs[0m
2026-10-09T02:49:01.0542084Z [36;1mLEAN_BRIDGE_PERL_FIN_TEST=1 node --test tests/perl-fin.test.mjs[0m
2026-10-09T02:49:01.0542605Z [36;1mLEAN_BRIDGE_PERL_VARIANT_TEST=1 node --test tests/perl-variants.test.mjs[0m
2026-10-09T02:49:01.0543348Z [36;1mLEAN_BRIDGE_PERL_GRAPH_TEST=1 node --test tests/perl-copied-graph-values.test.mjs[0m
2026-10-09T02:49:01.0544298Z [36;1mLEAN_BRIDGE_PERL_GRAPH_CONVERSION_TEST=1 LEAN_BRIDGE_PERL_GRAPH_NATIVE_TEST=1 node --test tests/perl-copied-graph-conversions.test.mjs[0m
2026-10-09T02:49:01.0545727Z [36;1mLEAN_BRIDGE_PERL_GRAPH_PACKAGE_TEST=1 LEAN_BRIDGE_PERL_GRAPH_COLLISION_TEST=1 LEAN_BRIDGE_PERL_GRAPH_COMPOSITION_TEST=1 LEAN_BRIDGE_PERL_GRAPH_DOCUMENTATION_TEST=1 node --test tests/perl-graph-package.test.mjs[0m
2026-10-09T02:49:01.0546786Z [36;1mtest -s build/type-corpus/perl.json[0m
2026-10-09T02:49:01.0547178Z [36;1mtest -s build/type-corpus/reviewed-native-perl.json[0m
2026-10-09T02:49:01.0547720Z [36;1mtest -s build/structured-callables/perl.json[0m
2026-10-09T02:49:01.0548102Z [36;1mtest -s build/recursive-callables/perl.json[0m
2026-10-09T02:49:01.0548441Z [36;1mtest -s build/compounds/perl.json[0m
2026-10-09T02:49:01.0548868Z [36;1mtest -s build/lists/perl.json[0m
2026-10-09T02:49:01.0549181Z [36;1mtest -s build/collections/perl.json[0m
2026-10-09T02:49:01.0549714Z [36;1mtest -s build/aliases/perl.json[0m
2026-10-09T02:49:01.0550244Z [36;1mtest -s build/native-fin/perl.json[0m
2026-10-09T02:49:01.0550590Z [36;1mtest -s build/native-fin/perl-reviewed.json[0m
2026-10-09T02:49:01.0551272Z [36;1mLEAN_BRIDGE_SPECIALIZATION_PROFILES=perl node --test tests/native-specializations.test.mjs[0m
2026-10-09T02:49:01.0551841Z [36;1mtest -s build/native-specializations/perl.json[0m
2026-10-09T02:49:01.0552749Z [36;1mLEAN_BRIDGE_GENERIC_RECORD_PROFILES=perl node --test --test-name-pattern='relocated source-free native packages construct' tests/generic-records.test.mjs[0m
2026-10-09T02:49:01.0553654Z [36;1mtest -s build/generic-records/perl.json[0m
2026-10-09T02:49:01.0554046Z [36;1mtest -s build/generic-records/specialized-perl.json[0m
2026-10-09T02:49:01.0555051Z [36;1mLEAN_BRIDGE_FIN_CONTAINER_PROFILES=perl LEAN_BRIDGE_REVIEWED_FIN_CONTAINER_PROFILES=perl node --test tests/native-fin-containers.test.mjs tests/perl-fin-containers.test.mjs[0m
2026-10-09T02:49:01.0556427Z [36;1mtest -s build/native-fin-containers/perl.json[0m
2026-10-09T02:49:01.0556862Z [36;1mtest -s build/native-fin-containers/reviewed-perl.json[0m
2026-10-09T02:49:01.0557718Z [36;1mLEAN_BRIDGE_FIN_PRODUCT_PROFILES=perl LEAN_BRIDGE_REVIEWED_FIN_PRODUCT_PROFILES=perl node --test tests/native-fin-products.test.mjs[0m
2026-10-09T02:49:01.0558533Z [36;1mtest -s build/native-fin-products/perl.json[0m
2026-10-09T02:49:01.0558932Z [36;1mtest -s build/native-fin-products/reviewed-perl.json[0m
2026-10-09T02:49:01.0559944Z [36;1mLEAN_BRIDGE_FIN_PRODUCT_ARRAY_PROFILES=perl LEAN_BRIDGE_REVIEWED_FIN_PRODUCT_ARRAY_PROFILES=perl node --test tests/native-fin-product-arrays.test.mjs[0m
2026-10-09T02:49:01.0560934Z [36;1mtest -s build/native-fin-product-arrays/perl.json[0m
2026-10-09T02:49:01.0561684Z [36;1mtest -s build/native-fin-product-arrays/reviewed-perl.json[0m
2026-10-09T02:49:01.0562970Z [36;1mLEAN_BRIDGE_FIN_RECORD_PROFILES=perl LEAN_BRIDGE_REVIEWED_FIN_RECORD_PROFILES=perl node --test tests/native-fin-records.test.mjs[0m
2026-10-09T02:49:01.0563885Z [36;1mtest -s build/native-fin-records/perl.json[0m
2026-10-09T02:49:01.0564276Z [36;1mtest -s build/native-fin-records/reviewed-perl.json[0m
2026-10-09T02:49:01.0564769Z [36;1mLEAN_BRIDGE_SUBTYPE_PROFILES=perl node --test tests/native-subtype.test.mjs[0m
2026-10-09T02:49:01.0565252Z [36;1mtest -s build/native-subtype/perl.json[0m
2026-10-09T02:49:01.0565718Z [36;1mLEAN_BRIDGE_PERL_REFINEMENT_TEST=1 node --test tests/perl-refinements.test.mjs[0m
2026-10-09T02:49:01.0566196Z [36;1mtest -s build/perl-refinements/perl.json[0m
2026-10-09T02:49:01.0566531Z [36;1mtest -s build/variants/perl.json[0m
2026-10-09T02:49:01.0566854Z [36;1mtest -s build/recursive/perl-values.json[0m
2026-10-09T02:49:01.0567208Z [36;1mtest -s build/recursive/perl-conversions.json[0m
2026-10-09T02:49:01.0567568Z [36;1mtest -s build/recursive/perl-native.json[0m
2026-10-09T02:49:01.0567922Z [36;1mtest -s build/recursive/perl-packages.json[0m
2026-10-09T02:49:01.0568326Z [36;1mtest -s build/recursive/perl-component-collision.json[0m
2026-10-09T02:49:01.0568725Z [36;1mtest -s build/recursive/perl-composition.json[0m
2026-10-09T02:49:01.0569097Z [36;1mtest -s build/recursive/perl-documentation.json[0m
2026-10-09T02:49:01.0630797Z shell: /usr/bin/bash -e {0}
2026-10-09T02:49:01.0631062Z env:
2026-10-09T02:49:01.0631307Z   CORPUS_PERL_CONFIGURATION: 5.36.3-unthreaded
2026-10-09T02:49:01.0631613Z ##[endgroup]
2026-10-09T02:49:01.1659820Z 
2026-10-09T02:49:01.1660813Z > @lean-wasm/bridge-poc@0.0.0-poc test:type-corpus:perl
2026-10-09T02:49:01.1661496Z > LEAN_BRIDGE_TYPE_CORPUS_PROFILES=perl node --test tests/type-corpus.test.mjs
2026-10-09T02:49:01.1661854Z 
2026-10-09T02:49:01.2114607Z TAP version 13
2026-10-09T02:49:04.5844012Z # Subtest: corpus cases cover two renamed nested libraries, valid positions and explicit host errors
2026-10-09T02:49:04.5851968Z ok 1 - corpus cases cover two renamed nested libraries, valid positions and explicit host errors
2026-10-09T02:49:04.5853003Z   ---
2026-10-09T02:49:04.5853593Z   duration_ms: 27.08366
2026-10-09T02:49:04.5854325Z   type: 'test'
2026-10-09T02:49:04.5854915Z   ...
2026-10-09T02:49:05.6801134Z # Subtest: corpus identity binds the cases, consumers, Lean sources, oracles and harness
2026-10-09T02:49:05.6802964Z ok 2 - corpus identity binds the cases, consumers, Lean sources, oracles and harness
2026-10-09T02:49:05.6829303Z   ---
2026-10-09T02:49:05.6833863Z   duration_ms: 83.782762
2026-10-09T02:49:05.6834567Z   type: 'test'
2026-10-09T02:49:05.6834937Z   ...
2026-10-09T02:49:05.6835663Z # Subtest: every inventoried profile and position remains a gap without executed cases
2026-10-09T02:49:05.6836398Z ok 3 - every inventoried profile and position remains a gap without executed cases
2026-10-09T02:49:05.6836822Z   ---
2026-10-09T02:49:05.6837036Z   duration_ms: 196.418123
2026-10-09T02:49:05.6837398Z   type: 'test'
2026-10-09T02:49:05.6837617Z   ...
2026-10-09T02:49:05.6838555Z # Subtest: validator-only observations cannot cross source paths, profiles or uncovered positions
2026-10-09T02:49:05.6840434Z ok 4 - validator-only observations cannot cross source paths, profiles or uncovered positions
2026-10-09T02:49:05.6841331Z   ---
2026-10-09T02:49:05.6841711Z   duration_ms: 111.886514
2026-10-09T02:49:05.6842162Z   type: 'test'
2026-10-09T02:49:05.6842528Z   ...
2026-10-09T02:49:05.6843063Z # Subtest: corpus report rejects missing case
2026-10-09T02:49:05.6843763Z ok 5 - corpus report rejects missing case
2026-10-09T02:49:05.6844277Z   ---
2026-10-09T02:49:05.6844647Z   duration_ms: 1.6298
2026-10-09T02:49:05.6845086Z   type: 'test'
2026-10-09T02:49:05.6845453Z   ...
2026-10-09T02:49:05.6845991Z # Subtest: corpus report rejects duplicate case
2026-10-09T02:49:05.6846708Z ok 6 - corpus report rejects duplicate case
2026-10-09T02:49:05.6847241Z   ---
2026-10-09T02:49:05.6847613Z   duration_ms: 1.59275
2026-10-09T02:49:05.6848030Z   type: 'test'
2026-10-09T02:49:05.6848398Z   ...
2026-10-09T02:49:05.6848900Z # Subtest: corpus report rejects extra case
2026-10-09T02:49:05.6849810Z ok 7 - corpus report rejects extra case
2026-10-09T02:49:05.6850303Z   ---
2026-10-09T02:49:05.6850649Z   duration_ms: 0.679748
2026-10-09T02:49:05.6851051Z   type: 'test'
2026-10-09T02:49:05.6851395Z   ...
2026-10-09T02:49:05.6851889Z # Subtest: corpus report rejects wrong value
2026-10-09T02:49:05.6852542Z ok 8 - corpus report rejects wrong value
2026-10-09T02:49:05.6853040Z   ---
2026-10-09T02:49:05.6853390Z   duration_ms: 0.885913
2026-10-09T02:49:05.6853792Z   type: 'test'
2026-10-09T02:49:05.6854145Z   ...
2026-10-09T02:49:05.6854697Z # Subtest: corpus report rejects wrong consumer profile
2026-10-09T02:49:05.6855528Z ok 9 - corpus report rejects wrong consumer profile
2026-10-09T02:49:05.6890025Z   ---
2026-10-09T02:49:05.6890675Z   duration_ms: 0.772371
2026-10-09T02:49:05.6891118Z   type: 'test'
2026-10-09T02:49:05.6891473Z   ...
2026-10-09T02:49:05.6891963Z # Subtest: corpus report rejects wrong module
2026-10-09T02:49:05.6892633Z ok 10 - corpus report rejects wrong module
2026-10-09T02:49:05.6893131Z   ---
2026-10-09T02:49:05.6893471Z   duration_ms: 0.984275
2026-10-09T02:49:05.6893861Z   type: 'test'
2026-10-09T02:49:05.6894198Z   ...
2026-10-09T02:49:05.6894692Z # Subtest: corpus report rejects unverified copy
2026-10-09T02:49:05.6895393Z ok 11 - corpus report rejects unverified copy
2026-10-09T02:49:05.6895883Z   ---
2026-10-09T02:49:05.6896222Z   duration_ms: 0.827714
2026-10-09T02:49:05.6896605Z   type: 'test'
2026-10-09T02:49:05.6896942Z   ...
2026-10-09T02:49:05.6897433Z # Subtest: corpus report rejects wrong host error
2026-10-09T02:49:05.6898105Z ok 12 - corpus report rejects wrong host error
2026-10-09T02:49:05.6898605Z   ---
2026-10-09T02:49:05.6898938Z   duration_ms: 4.450159
2026-10-09T02:49:05.6899532Z   type: 'test'
2026-10-09T02:49:05.6899913Z   ...
2026-10-09T02:49:05.6900452Z # Subtest: corpus report rejects failed recovery
2026-10-09T02:49:05.6901214Z ok 13 - corpus report rejects failed recovery
2026-10-09T02:49:05.6901809Z   ---
2026-10-09T02:49:05.6902203Z   duration_ms: 1.090123
2026-10-09T02:49:05.6902655Z   type: 'test'
2026-10-09T02:49:05.6903049Z   ...
2026-10-09T02:49:05.6903645Z # Subtest: corpus report rejects missing oracle result
2026-10-09T02:49:05.6904467Z ok 14 - corpus report rejects missing oracle result
2026-10-09T02:49:05.6905041Z   ---
2026-10-09T02:49:05.6905431Z   duration_ms: 0.742865
2026-10-09T02:49:05.6905860Z   type: 'test'
2026-10-09T02:49:05.6906243Z   ...
2026-10-09T02:49:05.6906818Z # Subtest: corpus report rejects extra oracle result
2026-10-09T02:49:05.6907597Z ok 15 - corpus report rejects extra oracle result
2026-10-09T02:49:05.6908172Z   ---
2026-10-09T02:49:05.6908548Z   duration_ms: 0.922901
2026-10-09T02:49:05.6908989Z   type: 'test'
2026-10-09T02:49:05.6909620Z   ...
2026-10-09T02:49:05.6910187Z # Subtest: corpus report rejects unknown adapter
2026-10-09T02:49:05.6910927Z ok 16 - corpus report rejects unknown adapter
2026-10-09T02:49:05.6911468Z   ---
2026-10-09T02:49:05.6912087Z   duration_ms: 5.451307
2026-10-09T02:49:05.6912726Z   type: 'test'
2026-10-09T02:49:05.6913117Z   ...
2026-10-09T02:49:05.6913761Z # Subtest: corpus report rejects unimplemented source path
2026-10-09T02:49:05.7048870Z ok 17 - corpus report rejects unimplemented source path
2026-10-09T02:49:05.7090002Z   ---
2026-10-09T02:49:05.7120170Z   duration_ms: 0.720414
2026-10-09T02:49:05.7219939Z   type: 'test'
2026-10-09T02:49:05.7239838Z   ...
2026-10-09T02:49:05.7250146Z # Subtest: corpus report rejects unknown library
2026-10-09T02:49:05.7280100Z ok 18 - corpus report rejects unknown library
2026-10-09T02:49:05.7309938Z   ---
2026-10-09T02:49:05.7310439Z   duration_ms: 0.496095
2026-10-09T02:49:05.7339907Z   type: 'test'
2026-10-09T02:49:05.7369812Z   ...
2026-10-09T02:49:05.7373551Z # Subtest: corpus report rejects missing runtime identity
2026-10-09T02:49:05.7400419Z ok 19 - corpus report rejects missing runtime identity
2026-10-09T02:49:05.7429829Z   ---
2026-10-09T02:49:05.7430192Z   duration_ms: 0.507016
2026-10-09T02:49:05.7430629Z   type: 'test'
2026-10-09T02:49:05.7430988Z   ...
2026-10-09T02:49:05.7431524Z # Subtest: corpus report rejects invalid archive hash
2026-10-09T02:49:05.7432259Z ok 20 - corpus report rejects invalid archive hash
2026-10-09T02:49:05.7432778Z   ---
2026-10-09T02:49:05.7433109Z   duration_ms: 0.476178
2026-10-09T02:49:05.7433503Z   type: 'test'
2026-10-09T02:49:05.7433816Z   ...
2026-10-09T02:49:05.7434352Z # Subtest: corpus report rejects different archive hash
2026-10-09T02:49:05.7435107Z ok 21 - corpus report rejects different archive hash
2026-10-09T02:49:05.7435683Z   ---
2026-10-09T02:49:05.7436047Z   duration_ms: 0.532954
2026-10-09T02:49:05.7436427Z   type: 'test'
2026-10-09T02:49:05.7436752Z   ...
2026-10-09T02:49:05.7437269Z # Subtest: corpus report rejects wrong archive target
2026-10-09T02:49:05.7437982Z ok 22 - corpus report rejects wrong archive target
2026-10-09T02:49:05.7438491Z   ---
2026-10-09T02:49:05.7459875Z   duration_ms: 0.468213
2026-10-09T02:49:05.7500137Z   type: 'test'
2026-10-09T02:49:05.7519985Z   ...
2026-10-09T02:49:05.7530419Z # Subtest: corpus report rejects cross-profile observation
2026-10-09T02:49:05.7550757Z ok 23 - corpus report rejects cross-profile observation
2026-10-09T02:49:05.7600073Z   ---
2026-10-09T02:49:05.7649937Z   duration_ms: 0.838403
2026-10-09T02:49:05.7650759Z   type: 'test'
2026-10-09T02:49:05.7651107Z   ...
2026-10-09T02:49:05.7651573Z # Subtest: corpus report rejects incorrect floating-point bits
2026-10-09T02:49:05.7652453Z ok 24 - corpus report rejects incorrect floating-point bits
2026-10-09T02:49:05.7653242Z   ---
2026-10-09T02:49:05.7653558Z   duration_ms: 0.994956
2026-10-09T02:49:05.7654065Z   type: 'test'
2026-10-09T02:49:05.7654633Z   ...
2026-10-09T02:49:05.7655249Z # Subtest: corpus report rejects missing declaration evidence
2026-10-09T02:49:05.7656099Z ok 25 - corpus report rejects missing declaration evidence
2026-10-09T02:49:05.7656459Z   ---
2026-10-09T02:49:05.7656668Z   duration_ms: 0.636867
2026-10-09T02:49:05.7656936Z   type: 'test'
2026-10-09T02:49:05.7657162Z   ...
2026-10-09T02:49:05.7657481Z # Subtest: corpus report rejects wrong declaration type
2026-10-09T02:49:05.7657931Z ok 26 - corpus report rejects wrong declaration type
2026-10-09T02:49:05.7658253Z   ---
2026-10-09T02:49:05.7658455Z   duration_ms: 1.529663
2026-10-09T02:49:05.7658686Z   type: 'test'
2026-10-09T02:49:05.7658881Z   ...
2026-10-09T02:49:05.7659316Z # Subtest: the corpus rejects duplicate runs and accepts only complete observations
2026-10-09T02:49:05.7660444Z ok 27 - the corpus rejects duplicate runs and accepts only complete observations
2026-10-09T02:49:05.7660863Z   ---
2026-10-09T02:49:05.7661067Z   duration_ms: 3.362261
2026-10-09T02:49:05.7661297Z   type: 'test'
2026-10-09T02:49:05.7661513Z   ...
2026-10-09T02:49:05.7661963Z # Subtest: explicit corpus selections reject absent, misspelled and duplicate adapters
2026-10-09T02:49:05.7662640Z ok 28 - explicit corpus selections reject absent, misspelled and duplicate adapters
2026-10-09T02:49:05.7663477Z   ---
2026-10-09T02:49:05.7663688Z   duration_ms: 0.484253
2026-10-09T02:49:05.7663917Z   type: 'test'
2026-10-09T02:49:05.7664158Z   ...
2026-10-09T02:49:05.7664586Z # Subtest: the shared inputs cover all sixteen primitive parameter/result positions
2026-10-09T02:49:05.7665204Z ok 29 - the shared inputs cover all sixteen primitive parameter/result positions
2026-10-09T02:49:05.7665596Z   ---
2026-10-09T02:49:05.7665796Z   duration_ms: 119.661263
2026-10-09T02:49:05.7666027Z   type: 'test'
2026-10-09T02:49:05.7666229Z   ...
2026-10-09T02:49:05.7666686Z # Subtest: Perl numeric acceptance uses fresh Lean results without weakening other profiles
2026-10-09T02:49:05.7667382Z ok 30 - Perl numeric acceptance uses fresh Lean results without weakening other profiles
2026-10-09T02:49:05.7667799Z   ---
2026-10-09T02:49:05.7667997Z   duration_ms: 1.510397
2026-10-09T02:49:05.7668223Z   type: 'test'
2026-10-09T02:49:05.7668422Z   ...
2026-10-09T02:49:05.7668883Z # Subtest: Perl observations bind the separate runtime archive and compiled interpreter ABI
2026-10-09T02:49:05.7669964Z ok 31 - Perl observations bind the separate runtime archive and compiled interpreter ABI
2026-10-09T02:49:05.7670510Z   ---
2026-10-09T02:49:05.7670739Z   duration_ms: 10.33231
2026-10-09T02:49:05.7671028Z   type: 'test'
2026-10-09T02:49:05.7671258Z   ...
2026-10-09T02:49:05.7671782Z # Subtest: declaration evidence checks names, nested fields and type positions separately
2026-10-09T02:49:05.7672562Z ok 32 - declaration evidence checks names, nested fields and type positions separately
2026-10-09T02:49:05.7673054Z   ---
2026-10-09T02:49:05.7673278Z   duration_ms: 5.30862
2026-10-09T02:49:05.7673546Z   type: 'test'
2026-10-09T02:49:05.7673793Z   ...
2026-10-09T02:49:05.7674290Z # Subtest: profile-specific host errors cannot be borrowed from another adapter
2026-10-09T02:49:05.7675005Z ok 33 - profile-specific host errors cannot be borrowed from another adapter
2026-10-09T02:49:05.7675452Z   ---
2026-10-09T02:49:05.7675702Z   duration_ms: 2.190014
2026-10-09T02:49:05.7675989Z   type: 'test'
2026-10-09T02:49:05.7676201Z   ...
2026-10-09T02:49:05.7676609Z # Subtest: Node profiles keep unsupported array and record cases as gaps
2026-10-09T02:49:05.7677227Z ok 34 - Node profiles keep unsupported array and record cases as gaps
2026-10-09T02:49:05.7677600Z   ---
2026-10-09T02:49:05.7677817Z   duration_ms: 237.188418
2026-10-09T02:49:05.7678072Z   type: 'test'
2026-10-09T02:49:05.7678295Z   ...
2026-10-09T02:49:05.7678829Z # Subtest: strict TypeScript uses the installed public API and independent exact signatures
2026-10-09T02:49:05.7680180Z ok 35 - strict TypeScript uses the installed public API and independent exact signatures
2026-10-09T02:49:05.7680719Z   ---
2026-10-09T02:49:05.7680951Z   duration_ms: 8.46658
2026-10-09T02:49:05.7681212Z   type: 'test'
2026-10-09T02:49:05.7681437Z   ...
2026-10-09T02:49:05.7681931Z # Subtest: browser engine selections are explicit and never silently skipped
2026-10-09T02:49:05.7682638Z ok 36 - browser engine selections are explicit and never silently skipped
2026-10-09T02:49:05.7683098Z   ---
2026-10-09T02:49:05.7683360Z   duration_ms: 0.567127
2026-10-09T02:49:05.7683634Z   type: 'test'
2026-10-09T02:49:05.7683868Z   ...
2026-10-09T02:49:05.7684440Z # Subtest: browser profiles require every selected engine and retain unsupported projections as gaps
2026-10-09T02:49:05.7685284Z ok 37 - browser profiles require every selected engine and retain unsupported projections as gaps
2026-10-09T02:49:05.7685832Z   ---
2026-10-09T02:49:05.7686032Z   duration_ms: 128.379093
2026-10-09T02:49:05.7686269Z   type: 'test'
2026-10-09T02:49:05.7686481Z   ...
2026-10-09T02:49:05.7686772Z # Subtest: browser corpus rejects missing evidence
2026-10-09T02:49:05.7687169Z ok 38 - browser corpus rejects missing evidence
2026-10-09T02:49:05.7687481Z   ---
2026-10-09T02:49:05.7687677Z   duration_ms: 1.424176
2026-10-09T02:49:05.7687909Z   type: 'test'
2026-10-09T02:49:05.7688104Z   ...
2026-10-09T02:49:05.7688650Z # Subtest: browser corpus rejects duplicate engine
2026-10-09T02:49:05.7689178Z ok 39 - browser corpus rejects duplicate engine
2026-10-09T02:49:05.7689803Z   ---
2026-10-09T02:49:05.7690025Z   duration_ms: 5.688719
2026-10-09T02:49:05.7690252Z   type: 'test'
2026-10-09T02:49:05.7690453Z   ...
2026-10-09T02:49:05.7690756Z # Subtest: browser corpus rejects missing engine
2026-10-09T02:49:05.7691141Z ok 40 - browser corpus rejects missing engine
2026-10-09T02:49:05.7691447Z   ---
2026-10-09T02:49:05.7691665Z   duration_ms: 1.65707
2026-10-09T02:49:05.7691949Z   type: 'test'
2026-10-09T02:49:05.7692206Z   ...
2026-10-09T02:49:05.7692577Z # Subtest: browser corpus rejects missing StrictMode
2026-10-09T02:49:05.7692982Z ok 41 - browser corpus rejects missing StrictMode
2026-10-09T02:49:05.7693281Z   ---
2026-10-09T02:49:05.7693492Z   duration_ms: 1.644537
2026-10-09T02:49:05.7693772Z   type: 'test'
2026-10-09T02:49:05.7694043Z   ...
2026-10-09T02:49:05.7694336Z # Subtest: browser corpus rejects duplicate execution
2026-10-09T02:49:05.7694768Z ok 42 - browser corpus rejects duplicate execution
2026-10-09T02:49:05.7695104Z   ---
2026-10-09T02:49:05.7695301Z   duration_ms: 1.525415
2026-10-09T02:49:05.7695523Z   type: 'test'
2026-10-09T02:49:05.7695717Z   ...
2026-10-09T02:49:05.7696016Z # Subtest: browser corpus rejects wrong browser result
2026-10-09T02:49:05.7696439Z ok 43 - browser corpus rejects wrong browser result
2026-10-09T02:49:05.7696740Z   ---
2026-10-09T02:49:05.7696932Z   duration_ms: 2.798389
2026-10-09T02:49:05.7697186Z   type: 'test'
2026-10-09T02:49:05.7697381Z   ...
2026-10-09T02:49:05.7697689Z # Subtest: browser corpus rejects wrong profile
2026-10-09T02:49:05.7698067Z ok 44 - browser corpus rejects wrong profile
2026-10-09T02:49:05.7698377Z   ---
2026-10-09T02:49:05.7698572Z   duration_ms: 2.65402
2026-10-09T02:49:05.7698822Z   type: 'test'
2026-10-09T02:49:05.7699036Z   ...
2026-10-09T02:49:05.7699589Z # Subtest: browser corpus rejects window standing in for worker
2026-10-09T02:49:05.7700102Z ok 45 - browser corpus rejects window standing in for worker
2026-10-09T02:49:05.7700433Z   ---
2026-10-09T02:49:05.7700633Z   duration_ms: 6.226953
2026-10-09T02:49:05.7700856Z   type: 'test'
2026-10-09T02:49:05.7701052Z   ...
2026-10-09T02:49:05.7701378Z # Subtest: browser corpus rejects mismatched primary result
2026-10-09T02:49:05.7701831Z ok 46 - browser corpus rejects mismatched primary result
2026-10-09T02:49:05.7702147Z   ---
2026-10-09T02:49:05.7702341Z   duration_ms: 3.285528
2026-10-09T02:49:05.7702569Z   type: 'test'
2026-10-09T02:49:05.7702761Z   ...
2026-10-09T02:49:05.7703051Z # Subtest: browser corpus rejects wrong WASM digest
2026-10-09T02:49:05.7703448Z ok 47 - browser corpus rejects wrong WASM digest
2026-10-09T02:49:05.7703751Z   ---
2026-10-09T02:49:05.7703950Z   duration_ms: 2.677854
2026-10-09T02:49:05.7704169Z   type: 'test'
2026-10-09T02:49:05.7704368Z   ...
2026-10-09T02:49:05.7704646Z # Subtest: browser corpus rejects wrong WASM MIME
2026-10-09T02:49:05.7705028Z ok 48 - browser corpus rejects wrong WASM MIME
2026-10-09T02:49:05.7705321Z   ---
2026-10-09T02:49:05.7705515Z   duration_ms: 2.628282
2026-10-09T02:49:05.7705742Z   type: 'test'
2026-10-09T02:49:05.7705933Z   ...
2026-10-09T02:49:05.7706251Z # Subtest: browser corpus rejects wrong deployment prefix
2026-10-09T02:49:05.7706689Z ok 49 - browser corpus rejects wrong deployment prefix
2026-10-09T02:49:05.7706998Z   ---
2026-10-09T02:49:05.7707190Z   duration_ms: 3.21743
2026-10-09T02:49:05.7707415Z   type: 'test'
2026-10-09T02:49:05.7707608Z   ...
2026-10-09T02:49:05.7707903Z # Subtest: browser corpus rejects missing runtime fetch
2026-10-09T02:49:05.7708322Z ok 50 - browser corpus rejects missing runtime fetch
2026-10-09T02:49:05.7727962Z   ---
2026-10-09T02:49:05.7728351Z   duration_ms: 3.032536
2026-10-09T02:49:05.7728772Z   type: 'test'
2026-10-09T02:49:05.7729155Z   ...
2026-10-09T02:49:05.7729959Z # Subtest: browser corpus rejects unbound deployment
2026-10-09T02:49:05.7730765Z ok 51 - browser corpus rejects unbound deployment
2026-10-09T02:49:05.7731330Z   ---
2026-10-09T02:49:05.7732156Z   duration_ms: 2.137937
2026-10-09T02:49:05.7732589Z   type: 'test'
2026-10-09T02:49:05.7732955Z   ...
2026-10-09T02:49:05.7733502Z # Subtest: browser corpus rejects source tree present
2026-10-09T02:49:05.7734254Z ok 52 - browser corpus rejects source tree present
2026-10-09T02:49:05.7734831Z   ---
2026-10-09T02:49:05.7735173Z   duration_ms: 1.273134
2026-10-09T02:49:05.7735581Z   type: 'test'
2026-10-09T02:49:05.7748697Z   ...
2026-10-09T02:49:05.7749324Z # Subtest: browser corpus rejects network access
2026-10-09T02:49:05.7750337Z ok 53 - browser corpus rejects network access
2026-10-09T02:49:05.7750883Z   ---
2026-10-09T02:49:05.7751244Z   duration_ms: 1.257395
2026-10-09T02:49:05.7751628Z   type: 'test'
2026-10-09T02:49:05.7751994Z   ...
2026-10-09T02:49:05.7752571Z # Subtest: browser corpus rejects missing React framework
2026-10-09T02:49:05.7753428Z ok 54 - browser corpus rejects missing React framework
2026-10-09T02:49:05.7753994Z   ---
2026-10-09T02:49:05.7754384Z   duration_ms: 1.35691
2026-10-09T02:49:05.7754809Z   type: 'test'
2026-10-09T02:49:05.7755158Z   ...
2026-10-09T02:49:05.7755782Z # Subtest: browser corpus rejects missing public API import
2026-10-09T02:49:05.7756675Z ok 55 - browser corpus rejects missing public API import
2026-10-09T02:49:05.7757252Z   ---
2026-10-09T02:49:05.7757595Z   duration_ms: 1.198806
2026-10-09T02:49:05.7758004Z   type: 'test'
2026-10-09T02:49:05.7758365Z   ...
2026-10-09T02:49:05.7758968Z # Subtest: browser corpus rejects missing asset recovery
2026-10-09T02:49:05.7760242Z ok 56 - browser corpus rejects missing asset recovery
2026-10-09T02:49:05.7760830Z   ---
2026-10-09T02:49:05.7761216Z   duration_ms: 1.885075
2026-10-09T02:49:05.7761643Z   type: 'test'
2026-10-09T02:49:05.7762090Z   ...
2026-10-09T02:49:05.7762620Z # Subtest: browser corpus rejects stale React effect
2026-10-09T02:49:05.7763369Z ok 57 - browser corpus rejects stale React effect
2026-10-09T02:49:05.7763892Z   ---
2026-10-09T02:49:05.7764253Z   duration_ms: 2.082765
2026-10-09T02:49:05.7764704Z   type: 'test'
2026-10-09T02:49:05.7765061Z   ...
2026-10-09T02:49:05.7765620Z # Subtest: browser corpus rejects pending React unmount
2026-10-09T02:49:05.7766411Z ok 58 - browser corpus rejects pending React unmount
2026-10-09T02:49:05.7766975Z   ---
2026-10-09T02:49:05.7767321Z   duration_ms: 2.158956
2026-10-09T02:49:05.7767730Z   type: 'test'
2026-10-09T02:49:05.7768079Z   ...
2026-10-09T02:49:05.7768589Z # Subtest: browser corpus rejects leaked worker
2026-10-09T02:49:05.7769296Z ok 59 - browser corpus rejects leaked worker
2026-10-09T02:49:05.7776783Z   ---
2026-10-09T02:49:05.7777196Z   duration_ms: 3.229202
2026-10-09T02:49:05.7777637Z   type: 'test'
2026-10-09T02:49:05.7778009Z   ...
2026-10-09T02:49:05.7778786Z # Subtest: Rust records compiler rejection separately from executed public calls
2026-10-09T02:49:05.7780243Z ok 60 - Rust records compiler rejection separately from executed public calls
2026-10-09T02:49:05.7780983Z   ---
2026-10-09T02:49:05.7781340Z   duration_ms: 126.178506
2026-10-09T02:49:05.7781768Z   type: 'test'
2026-10-09T02:49:05.7782130Z   ...
2026-10-09T02:49:08.8516039Z # Subtest: Rust compile-rejection evidence retains JSON beyond the display-tail limit
2026-10-09T02:49:08.8517568Z ok 61 - Rust compile-rejection evidence retains JSON beyond the display-tail limit
2026-10-09T02:49:08.8518521Z   ---
2026-10-09T02:49:08.8519034Z   duration_ms: 102.634149
2026-10-09T02:49:08.8519827Z   type: 'test'
2026-10-09T02:49:08.8520325Z   ...
2026-10-09T02:49:08.8521337Z # Subtest: Rust callers use independent typed signatures, borrowed inputs and owned results
2026-10-09T02:49:08.8522760Z ok 62 - Rust callers use independent typed signatures, borrowed inputs and owned results
2026-10-09T02:49:08.8523663Z   ---
2026-10-09T02:49:08.8524140Z   duration_ms: 5.549069
2026-10-09T02:49:08.8524669Z   type: 'test'
2026-10-09T02:49:08.8525149Z   ...
2026-10-09T02:49:08.8525848Z # Subtest: Rust corpus rejects missing compiler evidence
2026-10-09T02:49:08.8527154Z ok 63 - Rust corpus rejects missing compiler evidence
2026-10-09T02:49:08.8528025Z   ---
2026-10-09T02:49:08.8528515Z   duration_ms: 2.634182
2026-10-09T02:49:08.8529045Z   type: 'test'
2026-10-09T02:49:08.8529905Z   ...
2026-10-09T02:49:08.8530592Z # Subtest: Rust corpus rejects wrong compiler version
2026-10-09T02:49:08.8531480Z ok 64 - Rust corpus rejects wrong compiler version
2026-10-09T02:49:08.8532137Z   ---
2026-10-09T02:49:08.8532623Z   duration_ms: 1.827168
2026-10-09T02:49:08.8533150Z   type: 'test'
2026-10-09T02:49:08.8533632Z   ...
2026-10-09T02:49:08.8534302Z # Subtest: Rust corpus rejects unbound consumer source
2026-10-09T02:49:08.8535239Z ok 65 - Rust corpus rejects unbound consumer source
2026-10-09T02:49:08.8535899Z   ---
2026-10-09T02:49:08.8536377Z   duration_ms: 5.17439
2026-10-09T02:49:08.8536902Z   type: 'test'
2026-10-09T02:49:08.8537385Z   ...
2026-10-09T02:49:08.8538062Z # Subtest: Rust corpus rejects unchecked signatures
2026-10-09T02:49:08.8538915Z ok 66 - Rust corpus rejects unchecked signatures
2026-10-09T02:49:08.8539778Z   ---
2026-10-09T02:49:08.8540261Z   duration_ms: 4.120074
2026-10-09T02:49:08.8540792Z   type: 'test'
2026-10-09T02:49:08.8541266Z   ...
2026-10-09T02:49:08.8580228Z # Subtest: Rust corpus rejects wrong binding IR
2026-10-09T02:49:08.8597840Z ok 67 - Rust corpus rejects wrong binding IR
2026-10-09T02:49:08.8598711Z   ---
2026-10-09T02:49:08.8599738Z   duration_ms: 2.072416
2026-10-09T02:49:08.8600373Z   type: 'test'
2026-10-09T02:49:08.8600967Z   ...
2026-10-09T02:49:08.8601671Z # Subtest: Rust corpus rejects warm global cache
2026-10-09T02:49:08.8602615Z ok 68 - Rust corpus rejects warm global cache
2026-10-09T02:49:08.8603323Z   ---
2026-10-09T02:49:08.8603910Z   duration_ms: 3.593763
2026-10-09T02:49:08.8604496Z   type: 'test'
2026-10-09T02:49:08.8605016Z   ...
2026-10-09T02:49:08.8605676Z # Subtest: Rust corpus rejects online installation
2026-10-09T02:49:08.8606528Z ok 69 - Rust corpus rejects online installation
2026-10-09T02:49:08.8607158Z   ---
2026-10-09T02:49:08.8607744Z   duration_ms: 3.501269
2026-10-09T02:49:08.8608348Z   type: 'test'
2026-10-09T02:49:08.8608930Z   ...
2026-10-09T02:49:08.8609899Z # Subtest: Rust corpus rejects remaining source tree
2026-10-09T02:49:08.8611017Z ok 70 - Rust corpus rejects remaining source tree
2026-10-09T02:49:08.8611893Z   ---
2026-10-09T02:49:08.8612495Z   duration_ms: 3.616034
2026-10-09T02:49:08.8613099Z   type: 'test'
2026-10-09T02:49:08.8613676Z   ...
2026-10-09T02:49:08.8614424Z # Subtest: Rust corpus rejects missing exact integers
2026-10-09T02:49:08.8615406Z ok 71 - Rust corpus rejects missing exact integers
2026-10-09T02:49:08.8616143Z   ---
2026-10-09T02:49:08.8674582Z   duration_ms: 3.295446
2026-10-09T02:49:08.8675780Z   type: 'test'
2026-10-09T02:49:08.8676410Z   ...
2026-10-09T02:49:08.8677358Z # Subtest: Rust corpus rejects duplicate dependency
2026-10-09T02:49:08.8678313Z ok 72 - Rust corpus rejects duplicate dependency
2026-10-09T02:49:08.8679084Z   ---
2026-10-09T02:49:08.8679873Z   duration_ms: 3.567263
2026-10-09T02:49:08.8680536Z   type: 'test'
2026-10-09T02:49:08.8681053Z   ...
2026-10-09T02:49:08.8681804Z # Subtest: Rust corpus rejects unhashed executable
2026-10-09T02:49:08.8682782Z ok 73 - Rust corpus rejects unhashed executable
2026-10-09T02:49:08.8683523Z   ---
2026-10-09T02:49:08.8684055Z   duration_ms: 3.724175
2026-10-09T02:49:08.8684670Z   type: 'test'
2026-10-09T02:49:08.8685176Z   ...
2026-10-09T02:49:08.8685966Z # Subtest: Rust corpus rejects missing cleanup
2026-10-09T02:49:08.8686864Z ok 74 - Rust corpus rejects missing cleanup
2026-10-09T02:49:08.8700894Z   ---
2026-10-09T02:49:08.8701536Z   duration_ms: 4.210853
2026-10-09T02:49:08.8702185Z   type: 'test'
2026-10-09T02:49:08.8702717Z   ...
2026-10-09T02:49:08.8703335Z # Subtest: Rust corpus rejects unverified copies
2026-10-09T02:49:08.8704187Z ok 75 - Rust corpus rejects unverified copies
2026-10-09T02:49:08.8704818Z   ---
2026-10-09T02:49:08.8705370Z   duration_ms: 2.944151
2026-10-09T02:49:08.8705956Z   type: 'test'
2026-10-09T02:49:08.8706531Z   ...
2026-10-09T02:49:08.8707926Z # Subtest: Rust corpus rejects compiler failure counted as runtime
2026-10-09T02:49:08.8709145Z ok 76 - Rust corpus rejects compiler failure counted as runtime
2026-10-09T02:49:08.8710215Z   ---
2026-10-09T02:49:08.8710797Z   duration_ms: 3.643025
2026-10-09T02:49:08.8711377Z   type: 'test'
2026-10-09T02:49:08.8711935Z   ...
2026-10-09T02:49:08.8712685Z # Subtest: Rust corpus rejects unrelated compiler failure
2026-10-09T02:49:08.8713714Z ok 77 - Rust corpus rejects unrelated compiler failure
2026-10-09T02:49:08.8714442Z   ---
2026-10-09T02:49:08.8715016Z   duration_ms: 3.342173
2026-10-09T02:49:08.8715586Z   type: 'test'
2026-10-09T02:49:08.8716139Z   ...
2026-10-09T02:49:08.8716909Z # Subtest: Rust corpus rejects dependency compiler failure
2026-10-09T02:49:08.8718946Z ok 78 - Rust corpus rejects dependency compiler failure
2026-10-09T02:49:08.8719982Z   ---
2026-10-09T02:49:08.8720555Z   duration_ms: 3.997375
2026-10-09T02:49:08.8721143Z   type: 'test'
2026-10-09T02:49:08.8721719Z   ...
2026-10-09T02:49:08.8722505Z # Subtest: Rust corpus rejects missing compiler diagnostic
2026-10-09T02:49:08.8723557Z ok 79 - Rust corpus rejects missing compiler diagnostic
2026-10-09T02:49:08.8724297Z   ---
2026-10-09T02:49:08.8724870Z   duration_ms: 3.60277
2026-10-09T02:49:08.8725455Z   type: 'test'
2026-10-09T02:49:08.8726122Z   ...
2026-10-09T02:49:08.8726876Z # Subtest: Rust corpus rejects changed rejected source
2026-10-09T02:49:08.8727858Z ok 80 - Rust corpus rejects changed rejected source
2026-10-09T02:49:08.8728569Z   ---
2026-10-09T02:49:08.8729127Z   duration_ms: 3.486402
2026-10-09T02:49:08.8729954Z   type: 'test'
2026-10-09T02:49:08.8730502Z   ...
2026-10-09T02:49:08.8731207Z # Subtest: Rust corpus rejects wrong runtime error
2026-10-09T02:49:08.8806545Z ok 81 - Rust corpus rejects wrong runtime error
2026-10-09T02:49:08.8879979Z   ---
2026-10-09T02:49:08.8910216Z   duration_ms: 4.924233
2026-10-09T02:49:08.8925108Z   type: 'test'
2026-10-09T02:49:08.8925712Z   ...
2026-10-09T02:49:08.8926478Z # Subtest: Rust corpus rejects missing limit rejection
2026-10-09T02:49:08.8927403Z ok 82 - Rust corpus rejects missing limit rejection
2026-10-09T02:49:08.8928076Z   ---
2026-10-09T02:49:08.8928564Z   duration_ms: 5.465703
2026-10-09T02:49:08.8929103Z   type: 'test'
2026-10-09T02:49:08.8929824Z   ...
2026-10-09T02:49:08.8930555Z # Subtest: Rust corpus rejects failed limit recovery
2026-10-09T02:49:08.8960254Z ok 83 - Rust corpus rejects failed limit recovery
2026-10-09T02:49:08.8960867Z   ---
2026-10-09T02:49:08.8961260Z   duration_ms: 5.044107
2026-10-09T02:49:08.8961687Z   type: 'test'
2026-10-09T02:49:08.8962075Z   ...
2026-10-09T02:49:08.8962883Z # Subtest: c corpus separates native numeric acceptance from compiler rejection
2026-10-09T02:49:08.8964054Z ok 84 - c corpus separates native numeric acceptance from compiler rejection
2026-10-09T02:49:08.8964758Z   ---
2026-10-09T02:49:08.8965128Z   duration_ms: 143.448974
2026-10-09T02:49:08.8965555Z   type: 'test'
2026-10-09T02:49:08.8965928Z   ...
2026-10-09T02:49:08.8966723Z # Subtest: cpp corpus separates native numeric acceptance from compiler rejection
2026-10-09T02:49:08.8967901Z ok 85 - cpp corpus separates native numeric acceptance from compiler rejection
2026-10-09T02:49:08.8968644Z   ---
2026-10-09T02:49:08.8969022Z   duration_ms: 109.397833
2026-10-09T02:49:08.8969716Z   type: 'test'
2026-10-09T02:49:08.8970096Z   ...
2026-10-09T02:49:08.8970662Z # Subtest: c corpus rejects missing compiler evidence
2026-10-09T02:49:08.8971429Z ok 86 - c corpus rejects missing compiler evidence
2026-10-09T02:49:08.8971975Z   ---
2026-10-09T02:49:08.8972328Z   duration_ms: 5.647322
2026-10-09T02:49:08.8972735Z   type: 'test'
2026-10-09T02:49:08.8973102Z   ...
2026-10-09T02:49:08.8973569Z # Subtest: c corpus rejects old compiler
2026-10-09T02:49:08.8974185Z ok 87 - c corpus rejects old compiler
2026-10-09T02:49:08.8974657Z   ---
2026-10-09T02:49:08.8975008Z   duration_ms: 3.367991
2026-10-09T02:49:08.8975407Z   type: 'test'
2026-10-09T02:49:08.8975759Z   ...
2026-10-09T02:49:08.8976872Z # Subtest: c corpus rejects wrong standard
2026-10-09T02:49:08.8977539Z ok 88 - c corpus rejects wrong standard
2026-10-09T02:49:08.8978028Z   ---
2026-10-09T02:49:08.8978407Z   duration_ms: 4.291203
2026-10-09T02:49:08.8978831Z   type: 'test'
2026-10-09T02:49:08.8979196Z   ...
2026-10-09T02:49:08.8979931Z # Subtest: c corpus rejects unbound source
2026-10-09T02:49:08.8980586Z ok 89 - c corpus rejects unbound source
2026-10-09T02:49:08.8981076Z   ---
2026-10-09T02:49:08.8981421Z   duration_ms: 8.925676
2026-10-09T02:49:08.8981832Z   type: 'test'
2026-10-09T02:49:08.8982196Z   ...
2026-10-09T02:49:08.8982727Z # Subtest: c corpus rejects unchecked signatures
2026-10-09T02:49:08.8983458Z ok 90 - c corpus rejects unchecked signatures
2026-10-09T02:49:08.8983981Z   ---
2026-10-09T02:49:08.8984326Z   duration_ms: 4.088936
2026-10-09T02:49:08.8984728Z   type: 'test'
2026-10-09T02:49:08.8985087Z   ...
2026-10-09T02:49:08.8985609Z # Subtest: c corpus rejects wrong binding IR
2026-10-09T02:49:08.8986392Z ok 91 - c corpus rejects wrong binding IR
2026-10-09T02:49:08.8986907Z   ---
2026-10-09T02:49:08.8987279Z   duration_ms: 2.537282
2026-10-09T02:49:08.8987703Z   type: 'test'
2026-10-09T02:49:08.8988068Z   ...
2026-10-09T02:49:08.8988571Z # Subtest: c corpus rejects remaining sources
2026-10-09T02:49:08.8989250Z ok 92 - c corpus rejects remaining sources
2026-10-09T02:49:08.8990002Z   ---
2026-10-09T02:49:08.8990364Z   duration_ms: 5.105541
2026-10-09T02:49:08.8990778Z   type: 'test'
2026-10-09T02:49:08.8991133Z   ...
2026-10-09T02:49:08.8991688Z # Subtest: c corpus rejects compiler during execution
2026-10-09T02:49:08.8992444Z ok 93 - c corpus rejects compiler during execution
2026-10-09T02:49:08.8992999Z   ---
2026-10-09T02:49:08.8993379Z   duration_ms: 3.976496
2026-10-09T02:49:08.8993809Z   type: 'test'
2026-10-09T02:49:08.8994180Z   ...
2026-10-09T02:49:08.8994680Z # Subtest: c corpus rejects runtime override
2026-10-09T02:49:08.8995400Z ok 94 - c corpus rejects runtime override
2026-10-09T02:49:08.8995957Z   ---
2026-10-09T02:49:08.8996474Z   duration_ms: 5.107475
2026-10-09T02:49:08.8996912Z   type: 'test'
2026-10-09T02:49:08.8997289Z   ...
2026-10-09T02:49:08.8997812Z # Subtest: c corpus rejects private headers
2026-10-09T02:49:08.8998510Z ok 95 - c corpus rejects private headers
2026-10-09T02:49:08.8999035Z   ---
2026-10-09T02:49:08.8999631Z   duration_ms: 3.974793
2026-10-09T02:49:08.9000091Z   type: 'test'
2026-10-09T02:49:08.9000464Z   ...
2026-10-09T02:49:08.9001009Z # Subtest: c corpus rejects unchecked narrowing
2026-10-09T02:49:08.9001834Z ok 96 - c corpus rejects unchecked narrowing
2026-10-09T02:49:08.9002379Z   ---
2026-10-09T02:49:08.9002764Z   duration_ms: 4.115666
2026-10-09T02:49:08.9003191Z   type: 'test'
2026-10-09T02:49:08.9003578Z   ...
2026-10-09T02:49:08.9004077Z # Subtest: c corpus rejects missing CMake
2026-10-09T02:49:08.9004793Z ok 97 - c corpus rejects missing CMake
2026-10-09T02:49:08.9005321Z   ---
2026-10-09T02:49:08.9005693Z   duration_ms: 5.225806
2026-10-09T02:49:08.9006118Z   type: 'test'
2026-10-09T02:49:08.9006438Z   ...
2026-10-09T02:49:08.9006930Z # Subtest: c corpus rejects unexecuted integration
2026-10-09T02:49:08.9007643Z ok 98 - c corpus rejects unexecuted integration
2026-10-09T02:49:08.9008154Z   ---
2026-10-09T02:49:08.9008483Z   duration_ms: 6.87955
2026-10-09T02:49:08.9008862Z   type: 'test'
2026-10-09T02:49:08.9009201Z   ...
2026-10-09T02:49:08.9009908Z # Subtest: c corpus rejects nonlocal runtime
2026-10-09T02:49:08.9010542Z ok 99 - c corpus rejects nonlocal runtime
2026-10-09T02:49:08.9011011Z   ---
2026-10-09T02:49:08.9011341Z   duration_ms: 10.131745
2026-10-09T02:49:08.9011730Z   type: 'test'
2026-10-09T02:49:08.9012066Z   ...
2026-10-09T02:49:08.9012589Z # Subtest: c corpus rejects missing runtime library
2026-10-09T02:49:08.9013313Z ok 100 - c corpus rejects missing runtime library
2026-10-09T02:49:08.9013828Z   ---
2026-10-09T02:49:08.9014148Z   duration_ms: 7.423244
2026-10-09T02:49:08.9014571Z   type: 'test'
2026-10-09T02:49:08.9015146Z   ...
2026-10-09T02:49:08.9015858Z # Subtest: c corpus rejects wrong runtime rejection
2026-10-09T02:49:08.9016556Z ok 101 - c corpus rejects wrong runtime rejection
2026-10-09T02:49:08.9017063Z   ---
2026-10-09T02:49:08.9017391Z   duration_ms: 13.92029
2026-10-09T02:49:08.9017768Z   type: 'test'
2026-10-09T02:49:08.9018099Z   ...
2026-10-09T02:49:08.9018549Z # Subtest: c corpus rejects failed recovery
2026-10-09T02:49:08.9019176Z ok 102 - c corpus rejects failed recovery
2026-10-09T02:49:08.9019849Z   ---
2026-10-09T02:49:08.9020186Z   duration_ms: 12.693686
2026-10-09T02:49:08.9020571Z   type: 'test'
2026-10-09T02:49:08.9020894Z   ...
2026-10-09T02:49:08.9021377Z # Subtest: c corpus rejects missing error check
2026-10-09T02:49:08.9022051Z ok 103 - c corpus rejects missing error check
2026-10-09T02:49:08.9022551Z   ---
2026-10-09T02:49:08.9022876Z   duration_ms: 7.360998
2026-10-09T02:49:08.9023268Z   type: 'test'
2026-10-09T02:49:08.9023595Z   ...
2026-10-09T02:49:08.9024050Z # Subtest: c corpus rejects aliased record
2026-10-09T02:49:08.9024679Z ok 104 - c corpus rejects aliased record
2026-10-09T02:49:08.9025153Z   ---
2026-10-09T02:49:08.9025483Z   duration_ms: 5.035441
2026-10-09T02:49:08.9025863Z   type: 'test'
2026-10-09T02:49:08.9026201Z   ...
2026-10-09T02:49:08.9026727Z # Subtest: c corpus rejects unrelated compiler failure
2026-10-09T02:49:08.9027487Z ok 105 - c corpus rejects unrelated compiler failure
2026-10-09T02:49:08.9028015Z   ---
2026-10-09T02:49:08.9028338Z   duration_ms: 3.747569
2026-10-09T02:49:08.9028737Z   type: 'test'
2026-10-09T02:49:08.9029089Z   ...
2026-10-09T02:49:08.9029818Z # Subtest: c corpus rejects header compiler failure
2026-10-09T02:49:08.9030572Z ok 106 - c corpus rejects header compiler failure
2026-10-09T02:49:08.9031118Z   ---
2026-10-09T02:49:08.9031469Z   duration_ms: 3.878233
2026-10-09T02:49:08.9031904Z   type: 'test'
2026-10-09T02:49:08.9032251Z   ...
2026-10-09T02:49:08.9032776Z # Subtest: c corpus rejects changed rejected input
2026-10-09T02:49:08.9033242Z ok 107 - c corpus rejects changed rejected input
2026-10-09T02:49:08.9033554Z   ---
2026-10-09T02:49:08.9033759Z   duration_ms: 3.930029
2026-10-09T02:49:08.9033986Z   type: 'test'
2026-10-09T02:49:08.9034186Z   ...
2026-10-09T02:49:08.9034498Z # Subtest: cpp corpus rejects missing compiler evidence
2026-10-09T02:49:08.9034948Z ok 108 - cpp corpus rejects missing compiler evidence
2026-10-09T02:49:08.9035275Z   ---
2026-10-09T02:49:08.9035480Z   duration_ms: 6.736753
2026-10-09T02:49:08.9035711Z   type: 'test'
2026-10-09T02:49:08.9035910Z   ...
2026-10-09T02:49:08.9036173Z # Subtest: cpp corpus rejects old compiler
2026-10-09T02:49:08.9036521Z ok 109 - cpp corpus rejects old compiler
2026-10-09T02:49:08.9036795Z   ---
2026-10-09T02:49:08.9036986Z   duration_ms: 3.17927
2026-10-09T02:49:08.9037205Z   type: 'test'
2026-10-09T02:49:08.9037404Z   ...
2026-10-09T02:49:08.9037688Z # Subtest: cpp corpus rejects wrong standard
2026-10-09T02:49:08.9038061Z ok 110 - cpp corpus rejects wrong standard
2026-10-09T02:49:08.9038348Z   ---
2026-10-09T02:49:08.9038595Z   duration_ms: 3.627916
2026-10-09T02:49:08.9039018Z   type: 'test'
2026-10-09T02:49:08.9039937Z   ...
2026-10-09T02:49:08.9040503Z # Subtest: cpp corpus rejects unbound source
2026-10-09T02:49:08.9041050Z ok 111 - cpp corpus rejects unbound source
2026-10-09T02:49:08.9041352Z   ---
2026-10-09T02:49:08.9041561Z   duration_ms: 5.484448
2026-10-09T02:49:08.9041809Z   type: 'test'
2026-10-09T02:49:08.9042014Z   ...
2026-10-09T02:49:08.9042319Z # Subtest: cpp corpus rejects unchecked signatures
2026-10-09T02:49:08.9042832Z ok 112 - cpp corpus rejects unchecked signatures
2026-10-09T02:49:08.9043256Z   ---
2026-10-09T02:49:08.9043471Z   duration_ms: 7.897649
2026-10-09T02:49:08.9043704Z   type: 'test'
2026-10-09T02:49:08.9043909Z   ...
2026-10-09T02:49:08.9044195Z # Subtest: cpp corpus rejects wrong binding IR
2026-10-09T02:49:08.9044606Z ok 113 - cpp corpus rejects wrong binding IR
2026-10-09T02:49:08.9044892Z   ---
2026-10-09T02:49:08.9045095Z   duration_ms: 3.358614
2026-10-09T02:49:08.9045619Z   type: 'test'
2026-10-09T02:49:08.9045821Z   ...
2026-10-09T02:49:08.9046106Z # Subtest: cpp corpus rejects remaining sources
2026-10-09T02:49:08.9046511Z ok 114 - cpp corpus rejects remaining sources
2026-10-09T02:49:08.9046806Z   ---
2026-10-09T02:49:08.9047003Z   duration_ms: 5.17431
2026-10-09T02:49:08.9047237Z   type: 'test'
2026-10-09T02:49:08.9047433Z   ...
2026-10-09T02:49:08.9047735Z # Subtest: cpp corpus rejects compiler during execution
2026-10-09T02:49:08.9048175Z ok 115 - cpp corpus rejects compiler during execution
2026-10-09T02:49:08.9048482Z   ---
2026-10-09T02:49:08.9048683Z   duration_ms: 5.071198
2026-10-09T02:49:08.9048912Z   type: 'test'
2026-10-09T02:49:08.9049116Z   ...
2026-10-09T02:49:08.9049722Z # Subtest: cpp corpus rejects runtime override
2026-10-09T02:49:08.9050468Z ok 116 - cpp corpus rejects runtime override
2026-10-09T02:49:08.9050973Z   ---
2026-10-09T02:49:08.9051320Z   duration_ms: 3.257616
2026-10-09T02:49:08.9051719Z   type: 'test'
2026-10-09T02:49:08.9052069Z   ...
2026-10-09T02:49:08.9052561Z # Subtest: cpp corpus rejects private headers
2026-10-09T02:49:08.9053231Z ok 117 - cpp corpus rejects private headers
2026-10-09T02:49:08.9053739Z   ---
2026-10-09T02:49:08.9054077Z   duration_ms: 3.238299
2026-10-09T02:49:08.9054477Z   type: 'test'
2026-10-09T02:49:08.9054837Z   ...
2026-10-09T02:49:08.9055393Z # Subtest: cpp corpus rejects unchecked narrowing
2026-10-09T02:49:08.9056109Z ok 118 - cpp corpus rejects unchecked narrowing
2026-10-09T02:49:08.9056628Z   ---
2026-10-09T02:49:08.9056983Z   duration_ms: 6.531912
2026-10-09T02:49:08.9057385Z   type: 'test'
2026-10-09T02:49:08.9057740Z   ...
2026-10-09T02:49:08.9058228Z # Subtest: cpp corpus rejects missing CMake
2026-10-09T02:49:08.9058886Z ok 119 - cpp corpus rejects missing CMake
2026-10-09T02:49:08.9059600Z   ---
2026-10-09T02:49:08.9059965Z   duration_ms: 5.612647
2026-10-09T02:49:08.9060380Z   type: 'test'
2026-10-09T02:49:08.9060732Z   ...
2026-10-09T02:49:08.9061290Z # Subtest: cpp corpus rejects unexecuted integration
2026-10-09T02:49:08.9062042Z ok 120 - cpp corpus rejects unexecuted integration
2026-10-09T02:49:08.9062570Z   ---
2026-10-09T02:49:08.9062924Z   duration_ms: 5.328748
2026-10-09T02:49:08.9063316Z   type: 'test'
2026-10-09T02:49:08.9063667Z   ...
2026-10-09T02:49:08.9064175Z # Subtest: cpp corpus rejects nonlocal runtime
2026-10-09T02:49:08.9064943Z ok 121 - cpp corpus rejects nonlocal runtime
2026-10-09T02:49:08.9065443Z   ---
2026-10-09T02:49:08.9065793Z   duration_ms: 6.861537
2026-10-09T02:49:08.9066189Z   type: 'test'
2026-10-09T02:49:08.9066533Z   ...
2026-10-09T02:49:08.9067075Z # Subtest: cpp corpus rejects missing runtime library
2026-10-09T02:49:08.9067837Z ok 122 - cpp corpus rejects missing runtime library
2026-10-09T02:49:08.9068385Z   ---
2026-10-09T02:49:08.9068729Z   duration_ms: 5.884023
2026-10-09T02:49:08.9069138Z   type: 'test'
2026-10-09T02:49:08.9069856Z   ...
2026-10-09T02:49:08.9070428Z # Subtest: cpp corpus rejects wrong runtime rejection
2026-10-09T02:49:08.9071460Z ok 123 - cpp corpus rejects wrong runtime rejection
2026-10-09T02:49:08.9072039Z   ---
2026-10-09T02:49:08.9072766Z   duration_ms: 5.425809
2026-10-09T02:49:08.9073226Z   type: 'test'
2026-10-09T02:49:08.9073628Z   ...
2026-10-09T02:49:08.9074685Z # Subtest: cpp corpus rejects failed recovery
2026-10-09T02:49:08.9075442Z ok 124 - cpp corpus rejects failed recovery
2026-10-09T02:49:08.9076408Z   ---
2026-10-09T02:49:08.9076795Z   duration_ms: 4.936597
2026-10-09T02:49:08.9077227Z   type: 'test'
2026-10-09T02:49:08.9077585Z   ...
2026-10-09T02:49:08.9078130Z # Subtest: cpp corpus rejects missing error check
2026-10-09T02:49:08.9078875Z ok 125 - cpp corpus rejects missing error check
2026-10-09T02:49:08.9079644Z   ---
2026-10-09T02:49:08.9080044Z   duration_ms: 4.160579
2026-10-09T02:49:08.9080470Z   type: 'test'
2026-10-09T02:49:08.9080851Z   ...
2026-10-09T02:49:08.9081359Z # Subtest: cpp corpus rejects aliased record
2026-10-09T02:49:08.9082045Z ok 126 - cpp corpus rejects aliased record
2026-10-09T02:49:08.9082936Z   ---
2026-10-09T02:49:08.9083328Z   duration_ms: 1.76985
2026-10-09T02:49:08.9083750Z   type: 'test'
2026-10-09T02:49:08.9084118Z   ...
2026-10-09T02:49:08.9084697Z # Subtest: cpp corpus rejects unrelated compiler failure
2026-10-09T02:49:08.9085515Z ok 127 - cpp corpus rejects unrelated compiler failure
2026-10-09T02:49:08.9086179Z   ---
2026-10-09T02:49:08.9086534Z   duration_ms: 1.814804
2026-10-09T02:49:08.9086946Z   type: 'test'
2026-10-09T02:49:08.9087299Z   ...
2026-10-09T02:49:08.9087850Z # Subtest: cpp corpus rejects header compiler failure
2026-10-09T02:49:08.9088605Z ok 128 - cpp corpus rejects header compiler failure
2026-10-09T02:49:08.9089152Z   ---
2026-10-09T02:49:08.9089746Z   duration_ms: 3.126912
2026-10-09T02:49:08.9090164Z   type: 'test'
2026-10-09T02:49:08.9090537Z   ...
2026-10-09T02:49:08.9091198Z # Subtest: cpp corpus rejects changed rejected input
2026-10-09T02:49:08.9092042Z ok 129 - cpp corpus rejects changed rejected input
2026-10-09T02:49:08.9092629Z   ---
2026-10-09T02:49:08.9093026Z   duration_ms: 1.832047
2026-10-09T02:49:08.9093453Z   type: 'test'
2026-10-09T02:49:08.9093853Z   ...
2026-10-09T02:49:08.9094663Z # Subtest: .NET separates C\# type errors from executed public calls and recovery
2026-10-09T02:49:08.9095844Z ok 130 - .NET separates C\# type errors from executed public calls and recovery
2026-10-09T02:49:08.9096840Z   ---
2026-10-09T02:49:08.9097257Z   duration_ms: 112.357378
2026-10-09T02:49:08.9097728Z   type: 'test'
2026-10-09T02:49:08.9098119Z   ...
2026-10-09T02:49:08.9099009Z # Subtest: .NET requires source-located Roslyn diagnostics for the exact rejected input
2026-10-09T02:49:08.9100586Z ok 131 - .NET requires source-located Roslyn diagnostics for the exact rejected input
2026-10-09T02:49:08.9101405Z   ---
2026-10-09T02:49:08.9101797Z   duration_ms: 1.743071
2026-10-09T02:49:08.9102244Z   type: 'test'
2026-10-09T02:49:08.9102633Z   ...
2026-10-09T02:49:08.9103245Z # Subtest: .NET corpus rejects missing compiler evidence
2026-10-09T02:49:08.9104116Z ok 132 - .NET corpus rejects missing compiler evidence
2026-10-09T02:49:08.9104716Z   ---
2026-10-09T02:49:08.9105102Z   duration_ms: 2.865394
2026-10-09T02:49:08.9105532Z   type: 'test'
2026-10-09T02:49:08.9105920Z   ...
2026-10-09T02:49:08.9106416Z # Subtest: .NET corpus rejects wrong SDK
2026-10-09T02:49:08.9107064Z ok 133 - .NET corpus rejects wrong SDK
2026-10-09T02:49:08.9107589Z   ---
2026-10-09T02:49:08.9107967Z   duration_ms: 2.647377
2026-10-09T02:49:08.9108412Z   type: 'test'
2026-10-09T02:49:08.9108794Z   ...
2026-10-09T02:49:08.9109322Z # Subtest: .NET corpus rejects wrong runtime
2026-10-09T02:49:08.9110472Z ok 134 - .NET corpus rejects wrong runtime
2026-10-09T02:49:08.9111013Z   ---
2026-10-09T02:49:08.9111405Z   duration_ms: 5.148632
2026-10-09T02:49:08.9111845Z   type: 'test'
2026-10-09T02:49:08.9112233Z   ...
2026-10-09T02:49:08.9112763Z # Subtest: .NET corpus rejects wrong compiler
2026-10-09T02:49:08.9113477Z ok 135 - .NET corpus rejects wrong compiler
2026-10-09T02:49:08.9114021Z   ---
2026-10-09T02:49:08.9114414Z   duration_ms: 2.603716
2026-10-09T02:49:08.9114848Z   type: 'test'
2026-10-09T02:49:08.9115226Z   ...
2026-10-09T02:49:08.9115834Z # Subtest: .NET corpus rejects unchecked compiler flags
2026-10-09T02:49:08.9116665Z ok 136 - .NET corpus rejects unchecked compiler flags
2026-10-09T02:49:08.9117263Z   ---
2026-10-09T02:49:08.9117638Z   duration_ms: 3.82302
2026-10-09T02:49:08.9118072Z   type: 'test'
2026-10-09T02:49:08.9118437Z   ...
2026-10-09T02:49:08.9118955Z # Subtest: .NET corpus rejects unbound source
2026-10-09T02:49:08.9120057Z ok 137 - .NET corpus rejects unbound source
2026-10-09T02:49:08.9120562Z   ---
2026-10-09T02:49:08.9120959Z   duration_ms: 3.63511
2026-10-09T02:49:08.9121397Z   type: 'test'
2026-10-09T02:49:08.9121789Z   ...
2026-10-09T02:49:08.9122354Z # Subtest: .NET corpus rejects unchecked signatures
2026-10-09T02:49:08.9123154Z ok 138 - .NET corpus rejects unchecked signatures
2026-10-09T02:49:08.9123725Z   ---
2026-10-09T02:49:08.9124340Z   duration_ms: 3.217954
2026-10-09T02:49:08.9124989Z   type: 'test'
2026-10-09T02:49:08.9125379Z   ...
2026-10-09T02:49:08.9125938Z # Subtest: .NET corpus rejects wrong binding IR
2026-10-09T02:49:08.9126671Z ok 139 - .NET corpus rejects wrong binding IR
2026-10-09T02:49:08.9127226Z   ---
2026-10-09T02:49:08.9127608Z   duration_ms: 3.234693
2026-10-09T02:49:08.9128050Z   type: 'test'
2026-10-09T02:49:08.9128427Z   ...
2026-10-09T02:49:08.9128999Z # Subtest: .NET corpus rejects unhashed declarations
2026-10-09T02:49:08.9130192Z ok 140 - .NET corpus rejects unhashed declarations
2026-10-09T02:49:08.9130773Z   ---
2026-10-09T02:49:08.9131162Z   duration_ms: 2.151823
2026-10-09T02:49:08.9131603Z   type: 'test'
2026-10-09T02:49:08.9131986Z   ...
2026-10-09T02:49:08.9132534Z # Subtest: .NET corpus rejects unhashed package
2026-10-09T02:49:08.9133269Z ok 141 - .NET corpus rejects unhashed package
2026-10-09T02:49:08.9133823Z   ---
2026-10-09T02:49:08.9134195Z   duration_ms: 2.325768
2026-10-09T02:49:08.9134626Z   type: 'test'
2026-10-09T02:49:08.9135014Z   ...
2026-10-09T02:49:08.9135630Z # Subtest: .NET corpus rejects missing reference assembly
2026-10-09T02:49:08.9136483Z ok 142 - .NET corpus rejects missing reference assembly
2026-10-09T02:49:08.9137093Z   ---
2026-10-09T02:49:08.9137470Z   duration_ms: 2.591063
2026-10-09T02:49:08.9137899Z   type: 'test'
2026-10-09T02:49:08.9138280Z   ...
2026-10-09T02:49:08.9138778Z # Subtest: .NET corpus rejects private API
2026-10-09T02:49:08.9139701Z ok 143 - .NET corpus rejects private API
2026-10-09T02:49:08.9140241Z   ---
2026-10-09T02:49:08.9140633Z   duration_ms: 3.317517
2026-10-09T02:49:08.9141067Z   type: 'test'
2026-10-09T02:49:08.9141441Z   ...
2026-10-09T02:49:08.9141978Z # Subtest: .NET corpus rejects remaining sources
2026-10-09T02:49:08.9142666Z ok 144 - .NET corpus rejects remaining sources
2026-10-09T02:49:08.9143227Z   ---
2026-10-09T02:49:08.9143600Z   duration_ms: 2.387302
2026-10-09T02:49:08.9144032Z   type: 'test'
2026-10-09T02:49:08.9144397Z   ...
2026-10-09T02:49:08.9144966Z # Subtest: .NET corpus rejects warm package cache
2026-10-09T02:49:08.9145714Z ok 145 - .NET corpus rejects warm package cache
2026-10-09T02:49:08.9146263Z   ---
2026-10-09T02:49:08.9146636Z   duration_ms: 2.632459
2026-10-09T02:49:08.9147052Z   type: 'test'
2026-10-09T02:49:08.9147428Z   ...
2026-10-09T02:49:08.9147939Z # Subtest: .NET corpus rejects warm CLI home
2026-10-09T02:49:08.9148629Z ok 146 - .NET corpus rejects warm CLI home
2026-10-09T02:49:08.9149151Z   ---
2026-10-09T02:49:08.9149943Z   duration_ms: 2.996929
2026-10-09T02:49:08.9150387Z   type: 'test'
2026-10-09T02:49:08.9150764Z   ...
2026-10-09T02:49:08.9170747Z # Subtest: .NET corpus rejects online restore
2026-10-09T02:49:08.9171512Z ok 147 - .NET corpus rejects online restore
2026-10-09T02:49:08.9172067Z   ---
2026-10-09T02:49:08.9172465Z   duration_ms: 3.460063
2026-10-09T02:49:08.9172916Z   type: 'test'
2026-10-09T02:49:08.9173307Z   ...
2026-10-09T02:49:08.9173859Z # Subtest: .NET corpus rejects unlocked restore
2026-10-09T02:49:08.9174631Z ok 148 - .NET corpus rejects unlocked restore
2026-10-09T02:49:08.9175176Z   ---
2026-10-09T02:49:08.9175552Z   duration_ms: 3.687988
2026-10-09T02:49:08.9176059Z   type: 'test'
2026-10-09T02:49:08.9176435Z   ...
2026-10-09T02:49:08.9177049Z # Subtest: .NET corpus rejects compiler during execution
2026-10-09T02:49:08.9177888Z ok 149 - .NET corpus rejects compiler during execution
2026-10-09T02:49:08.9178478Z   ---
2026-10-09T02:49:08.9178856Z   duration_ms: 3.543579
2026-10-09T02:49:08.9179302Z   type: 'test'
2026-10-09T02:49:08.9179929Z   ...
2026-10-09T02:49:08.9180458Z # Subtest: .NET corpus rejects SDK at runtime
2026-10-09T02:49:08.9181166Z ok 150 - .NET corpus rejects SDK at runtime
2026-10-09T02:49:08.9181696Z   ---
2026-10-09T02:49:08.9182076Z   duration_ms: 3.733092
2026-10-09T02:49:08.9182501Z   type: 'test'
2026-10-09T02:49:08.9182884Z   ...
2026-10-09T02:49:08.9183453Z # Subtest: .NET corpus rejects missing native runtime
2026-10-09T02:49:08.9184629Z ok 151 - .NET corpus rejects missing native runtime
2026-10-09T02:49:08.9185411Z   ---
2026-10-09T02:49:08.9185860Z   duration_ms: 3.803653
2026-10-09T02:49:08.9186313Z   type: 'test'
2026-10-09T02:49:08.9186697Z   ...
2026-10-09T02:49:08.9187243Z # Subtest: .NET corpus rejects changed assembly
2026-10-09T02:49:08.9187980Z ok 152 - .NET corpus rejects changed assembly
2026-10-09T02:49:08.9188539Z   ---
2026-10-09T02:49:08.9188913Z   duration_ms: 4.55782
2026-10-09T02:49:08.9189336Z   type: 'test'
2026-10-09T02:49:08.9189962Z   ...
2026-10-09T02:49:08.9190514Z # Subtest: .NET corpus rejects wrong host binary
2026-10-09T02:49:08.9191262Z ok 153 - .NET corpus rejects wrong host binary
2026-10-09T02:49:08.9191813Z   ---
2026-10-09T02:49:08.9192198Z   duration_ms: 3.609692
2026-10-09T02:49:08.9192625Z   type: 'test'
2026-10-09T02:49:08.9193004Z   ...
2026-10-09T02:49:08.9193569Z # Subtest: .NET corpus rejects wrong loaded library
2026-10-09T02:49:08.9194341Z ok 154 - .NET corpus rejects wrong loaded library
2026-10-09T02:49:08.9194901Z   ---
2026-10-09T02:49:08.9195285Z   duration_ms: 3.778046
2026-10-09T02:49:08.9195726Z   type: 'test'
2026-10-09T02:49:08.9196098Z   ...
2026-10-09T02:49:08.9196662Z # Subtest: .NET corpus rejects wrong assembly path
2026-10-09T02:49:08.9197436Z ok 155 - .NET corpus rejects wrong assembly path
2026-10-09T02:49:08.9198003Z   ---
2026-10-09T02:49:08.9198397Z   duration_ms: 3.886588
2026-10-09T02:49:08.9198828Z   type: 'test'
2026-10-09T02:49:08.9199211Z   ...
2026-10-09T02:49:08.9210694Z # Subtest: .NET corpus rejects retained copied records
2026-10-09T02:49:08.9211530Z ok 156 - .NET corpus rejects retained copied records
2026-10-09T02:49:08.9212117Z   ---
2026-10-09T02:49:08.9212495Z   duration_ms: 4.622942
2026-10-09T02:49:08.9212908Z   type: 'test'
2026-10-09T02:49:08.9213271Z   ...
2026-10-09T02:49:08.9213835Z # Subtest: .NET corpus rejects missing runtime error
2026-10-09T02:49:08.9214602Z ok 157 - .NET corpus rejects missing runtime error
2026-10-09T02:49:08.9215177Z   ---
2026-10-09T02:49:08.9215547Z   duration_ms: 4.517595
2026-10-09T02:49:08.9215981Z   type: 'test'
2026-10-09T02:49:08.9216355Z   ...
2026-10-09T02:49:08.9216921Z # Subtest: .NET corpus rejects wrong runtime error
2026-10-09T02:49:08.9217702Z ok 158 - .NET corpus rejects wrong runtime error
2026-10-09T02:49:08.9218265Z   ---
2026-10-09T02:49:08.9218644Z   duration_ms: 4.45049
2026-10-09T02:49:08.9219068Z   type: 'test'
2026-10-09T02:49:08.9220007Z   ...
2026-10-09T02:49:08.9220631Z # Subtest: .NET corpus rejects failed error recovery
2026-10-09T02:49:08.9221459Z ok 159 - .NET corpus rejects failed error recovery
2026-10-09T02:49:08.9222052Z   ---
2026-10-09T02:49:08.9222443Z   duration_ms: 4.267406
2026-10-09T02:49:08.9222901Z   type: 'test'
2026-10-09T02:49:08.9223287Z   ...
2026-10-09T02:49:08.9223861Z # Subtest: .NET corpus rejects failed Nat recovery
2026-10-09T02:49:08.9224629Z ok 160 - .NET corpus rejects failed Nat recovery
2026-10-09T02:49:08.9225204Z   ---
2026-10-09T02:49:08.9225591Z   duration_ms: 2.415765
2026-10-09T02:49:08.9226037Z   type: 'test'
2026-10-09T02:49:08.9226440Z   ...
2026-10-09T02:49:08.9227067Z # Subtest: .NET corpus rejects unrelated compiler failure
2026-10-09T02:49:08.9227930Z ok 161 - .NET corpus rejects unrelated compiler failure
2026-10-09T02:49:08.9228527Z   ---
2026-10-09T02:49:08.9228899Z   duration_ms: 1.385814
2026-10-09T02:49:08.9229335Z   type: 'test'
2026-10-09T02:49:08.9229957Z   ...
2026-10-09T02:49:08.9230570Z # Subtest: .NET corpus rejects dependency compiler failure
2026-10-09T02:49:08.9231438Z ok 162 - .NET corpus rejects dependency compiler failure
2026-10-09T02:49:08.9232084Z   ---
2026-10-09T02:49:08.9232723Z   duration_ms: 1.383611
2026-10-09T02:49:08.9233297Z   type: 'test'
2026-10-09T02:49:08.9233814Z   ...
2026-10-09T02:49:08.9234506Z # Subtest: .NET corpus rejects missing diagnostic
2026-10-09T02:49:08.9235506Z ok 163 - .NET corpus rejects missing diagnostic
2026-10-09T02:49:08.9236447Z   ---
2026-10-09T02:49:08.9236818Z   duration_ms: 1.44794
2026-10-09T02:49:08.9237338Z   type: 'test'
2026-10-09T02:49:08.9238487Z   ...
2026-10-09T02:49:08.9239082Z # Subtest: .NET corpus rejects changed invalid source
2026-10-09T02:49:08.9240083Z ok 164 - .NET corpus rejects changed invalid source
2026-10-09T02:49:08.9240648Z   ---
2026-10-09T02:49:08.9241001Z   duration_ms: 1.390774
2026-10-09T02:49:08.9241409Z   type: 'test'
2026-10-09T02:49:08.9241760Z   ...
2026-10-09T02:49:08.9242574Z # Subtest: java corpus separates compiler errors, unsigned range checks and Lean results
2026-10-09T02:49:08.9243858Z ok 165 - java corpus separates compiler errors, unsigned range checks and Lean results
2026-10-09T02:49:08.9244633Z   ---
2026-10-09T02:49:08.9245063Z   duration_ms: 106.939968
2026-10-09T02:49:08.9245485Z   type: 'test'
2026-10-09T02:49:08.9245850Z   ...
2026-10-09T02:49:08.9246519Z # Subtest: java diagnostics bind rejection to the exact invalid call
2026-10-09T02:49:08.9247494Z ok 166 - java diagnostics bind rejection to the exact invalid call
2026-10-09T02:49:08.9248117Z   ---
2026-10-09T02:49:08.9248479Z   duration_ms: 1.253488
2026-10-09T02:49:08.9248902Z   type: 'test'
2026-10-09T02:49:08.9249265Z   ...
2026-10-09T02:49:08.9250051Z # Subtest: java corpus rejects missing evidence
2026-10-09T02:49:08.9250807Z ok 167 - java corpus rejects missing evidence
2026-10-09T02:49:08.9251369Z   ---
2026-10-09T02:49:08.9251756Z   duration_ms: 1.917225
2026-10-09T02:49:08.9252190Z   type: 'test'
2026-10-09T02:49:08.9252582Z   ...
2026-10-09T02:49:08.9253082Z # Subtest: java corpus rejects wrong JVM
2026-10-09T02:49:08.9253743Z ok 168 - java corpus rejects wrong JVM
2026-10-09T02:49:08.9254316Z   ---
2026-10-09T02:49:08.9254705Z   duration_ms: 4.398153
2026-10-09T02:49:08.9255143Z   type: 'test'
2026-10-09T02:49:08.9255519Z   ...
2026-10-09T02:49:08.9256046Z # Subtest: java corpus rejects wrong compiler
2026-10-09T02:49:08.9256757Z ok 169 - java corpus rejects wrong compiler
2026-10-09T02:49:08.9257290Z   ---
2026-10-09T02:49:08.9257751Z   duration_ms: 1.800187
2026-10-09T02:49:08.9258193Z   type: 'test'
2026-10-09T02:49:08.9258570Z   ...
2026-10-09T02:49:08.9259097Z # Subtest: java corpus rejects wrong Maven
2026-10-09T02:49:08.9260520Z ok 170 - java corpus rejects wrong Maven
2026-10-09T02:49:08.9261054Z   ---
2026-10-09T02:49:08.9261446Z   duration_ms: 1.696764
2026-10-09T02:49:08.9261881Z   type: 'test'
2026-10-09T02:49:08.9262272Z   ...
2026-10-09T02:49:08.9262844Z # Subtest: java corpus rejects missing compiler hash
2026-10-09T02:49:08.9263658Z ok 171 - java corpus rejects missing compiler hash
2026-10-09T02:49:08.9264290Z   ---
2026-10-09T02:49:08.9264705Z   duration_ms: 1.694971
2026-10-09T02:49:08.9265144Z   type: 'test'
2026-10-09T02:49:08.9265526Z   ...
2026-10-09T02:49:08.9266096Z # Subtest: java corpus rejects wrong consumer source
2026-10-09T02:49:08.9266891Z ok 172 - java corpus rejects wrong consumer source
2026-10-09T02:49:08.9267468Z   ---
2026-10-09T02:49:08.9267838Z   duration_ms: 2.389547
2026-10-09T02:49:08.9268275Z   type: 'test'
2026-10-09T02:49:08.9268651Z   ...
2026-10-09T02:49:08.9269241Z # Subtest: java corpus rejects wrong public signatures
2026-10-09T02:49:08.9270318Z ok 173 - java corpus rejects wrong public signatures
2026-10-09T02:49:08.9270878Z   ---
2026-10-09T02:49:08.9271230Z   duration_ms: 3.634999
2026-10-09T02:49:08.9271610Z   type: 'test'
2026-10-09T02:49:08.9271951Z   ...
2026-10-09T02:49:08.9272439Z # Subtest: java corpus rejects wrong binding IR
2026-10-09T02:49:08.9273129Z ok 174 - java corpus rejects wrong binding IR
2026-10-09T02:49:08.9273638Z   ---
2026-10-09T02:49:08.9273995Z   duration_ms: 2.449078
2026-10-09T02:49:08.9274504Z   type: 'test'
2026-10-09T02:49:08.9274886Z   ...
2026-10-09T02:49:08.9275389Z # Subtest: java corpus rejects wrong POM
2026-10-09T02:49:08.9276048Z ok 175 - java corpus rejects wrong POM
2026-10-09T02:49:08.9276562Z   ---
2026-10-09T02:49:08.9276924Z   duration_ms: 2.392252
2026-10-09T02:49:08.9277356Z   type: 'test'
2026-10-09T02:49:08.9277739Z   ...
2026-10-09T02:49:08.9278230Z # Subtest: java corpus rejects wrong JAR
2026-10-09T02:49:08.9279107Z ok 176 - java corpus rejects wrong JAR
2026-10-09T02:49:08.9280049Z   ---
2026-10-09T02:49:08.9280437Z   duration_ms: 2.416817
2026-10-09T02:49:08.9280876Z   type: 'test'
2026-10-09T02:49:08.9281264Z   ...
2026-10-09T02:49:08.9281804Z # Subtest: java corpus rejects ambient settings
2026-10-09T02:49:08.9282530Z ok 177 - java corpus rejects ambient settings
2026-10-09T02:49:08.9283084Z   ---
2026-10-09T02:49:08.9283451Z   duration_ms: 3.173699
2026-10-09T02:49:08.9283890Z   type: 'test'
2026-10-09T02:49:08.9284343Z   ...
2026-10-09T02:49:08.9284884Z # Subtest: java corpus rejects weakened compiler
2026-10-09T02:49:08.9285625Z ok 178 - java corpus rejects weakened compiler
2026-10-09T02:49:08.9286242Z   ---
2026-10-09T02:49:08.9286611Z   duration_ms: 4.066954
2026-10-09T02:49:08.9287037Z   type: 'test'
2026-10-09T02:49:08.9287413Z   ...
2026-10-09T02:49:08.9287921Z # Subtest: java corpus rejects ambient cache
2026-10-09T02:49:08.9288607Z ok 179 - java corpus rejects ambient cache
2026-10-09T02:49:08.9289127Z   ---
2026-10-09T02:49:08.9290044Z   duration_ms: 3.996252
2026-10-09T02:49:08.9290463Z   type: 'test'
2026-10-09T02:49:08.9290804Z   ...
2026-10-09T02:49:08.9291284Z # Subtest: java corpus rejects ambient home
2026-10-09T02:49:08.9291920Z ok 180 - java corpus rejects ambient home
2026-10-09T02:49:08.9292427Z   ---
2026-10-09T02:49:08.9292786Z   duration_ms: 3.778717
2026-10-09T02:49:08.9293200Z   type: 'test'
2026-10-09T02:49:08.9293544Z   ...
2026-10-09T02:49:08.9294062Z # Subtest: java corpus rejects online resolution
2026-10-09T02:49:08.9294781Z ok 181 - java corpus rejects online resolution
2026-10-09T02:49:08.9295302Z   ---
2026-10-09T02:49:08.9295662Z   duration_ms: 5.220426
2026-10-09T02:49:08.9296061Z   type: 'test'
2026-10-09T02:49:08.9296412Z   ...
2026-10-09T02:49:08.9296907Z # Subtest: java corpus rejects extra classpath
2026-10-09T02:49:08.9297576Z ok 182 - java corpus rejects extra classpath
2026-10-09T02:49:08.9298071Z   ---
2026-10-09T02:49:08.9298424Z   duration_ms: 4.109814
2026-10-09T02:49:08.9298846Z   type: 'test'
2026-10-09T02:49:08.9299201Z   ...
2026-10-09T02:49:08.9300069Z # Subtest: java corpus rejects missing resolved dependencies
2026-10-09T02:49:08.9300935Z ok 183 - java corpus rejects missing resolved dependencies
2026-10-09T02:49:08.9301522Z   ---
2026-10-09T02:49:08.9301870Z   duration_ms: 4.152765
2026-10-09T02:49:08.9302274Z   type: 'test'
2026-10-09T02:49:08.9302622Z   ...
2026-10-09T02:49:08.9303201Z # Subtest: java corpus rejects missing runtime dependency
2026-10-09T02:49:08.9304015Z ok 184 - java corpus rejects missing runtime dependency
2026-10-09T02:49:08.9304572Z   ---
2026-10-09T02:49:08.9304935Z   duration_ms: 4.017743
2026-10-09T02:49:08.9305334Z   type: 'test'
2026-10-09T02:49:08.9305697Z   ...
2026-10-09T02:49:08.9306315Z # Subtest: java corpus rejects duplicate runtime dependency
2026-10-09T02:49:08.9307185Z ok 185 - java corpus rejects duplicate runtime dependency
2026-10-09T02:49:08.9307789Z   ---
2026-10-09T02:49:08.9308143Z   duration_ms: 3.44762
2026-10-09T02:49:08.9308577Z   type: 'test'
2026-10-09T02:49:08.9308943Z   ...
2026-10-09T02:49:08.9309806Z # Subtest: java corpus rejects unlocked runtime dependency
2026-10-09T02:49:08.9310667Z ok 186 - java corpus rejects unlocked runtime dependency
2026-10-09T02:49:08.9311258Z   ---
2026-10-09T02:49:08.9311614Z   duration_ms: 2.550236
2026-10-09T02:49:08.9312022Z   type: 'test'
2026-10-09T02:49:08.9312379Z   ...
2026-10-09T02:49:08.9312972Z # Subtest: java corpus rejects changed resolved dependency
2026-10-09T02:49:08.9313822Z ok 187 - java corpus rejects changed resolved dependency
2026-10-09T02:49:08.9314420Z   ---
2026-10-09T02:49:08.9314776Z   duration_ms: 3.297279
2026-10-09T02:49:08.9315181Z   type: 'test'
2026-10-09T02:49:08.9315535Z   ...
2026-10-09T02:49:08.9316119Z # Subtest: java corpus rejects changed deployed dependency
2026-10-09T02:49:08.9316944Z ok 188 - java corpus rejects changed deployed dependency
2026-10-09T02:49:08.9317528Z   ---
2026-10-09T02:49:08.9317882Z   duration_ms: 3.80686
2026-10-09T02:49:08.9318509Z   type: 'test'
2026-10-09T02:49:08.9319046Z   ...
2026-10-09T02:49:08.9319993Z # Subtest: java corpus rejects wrong dependency size
2026-10-09T02:49:08.9320766Z ok 189 - java corpus rejects wrong dependency size
2026-10-09T02:49:08.9321256Z   ---
2026-10-09T02:49:08.9321590Z   duration_ms: 5.081717
2026-10-09T02:49:08.9321980Z   type: 'test'
2026-10-09T02:49:08.9322365Z   ...
2026-10-09T02:49:08.9323011Z # Subtest: java corpus rejects missing annotations dependency
2026-10-09T02:49:08.9323927Z ok 190 - java corpus rejects missing annotations dependency
2026-10-09T02:49:08.9324629Z   ---
2026-10-09T02:49:08.9325024Z   duration_ms: 4.279882
2026-10-09T02:49:08.9325457Z   type: 'test'
2026-10-09T02:49:08.9325847Z   ...
2026-10-09T02:49:08.9326514Z # Subtest: java corpus rejects undeclared deployed dependency
2026-10-09T02:49:08.9327439Z ok 191 - java corpus rejects undeclared deployed dependency
2026-10-09T02:49:08.9328065Z   ---
2026-10-09T02:49:08.9328448Z   duration_ms: 6.235128
2026-10-09T02:49:08.9328909Z   type: 'test'
2026-10-09T02:49:08.9329301Z   ...
2026-10-09T02:49:08.9330219Z # Subtest: java corpus rejects old standard library location
2026-10-09T02:49:08.9331114Z ok 192 - java corpus rejects old standard library location
2026-10-09T02:49:08.9331729Z   ---
2026-10-09T02:49:08.9332113Z   duration_ms: 4.011661
2026-10-09T02:49:08.9332548Z   type: 'test'
2026-10-09T02:49:08.9338989Z   ...
2026-10-09T02:49:08.9340074Z # Subtest: java corpus rejects compiler as runtime dependency
2026-10-09T02:49:08.9341012Z ok 193 - java corpus rejects compiler as runtime dependency
2026-10-09T02:49:08.9341634Z   ---
2026-10-09T02:49:08.9342027Z   duration_ms: 3.508033
2026-10-09T02:49:08.9342459Z   type: 'test'
2026-10-09T02:49:08.9342832Z   ...
2026-10-09T02:49:08.9343474Z # Subtest: java corpus rejects unsafe runtime dependency path
2026-10-09T02:49:08.9345155Z ok 194 - java corpus rejects unsafe runtime dependency path
2026-10-09T02:49:08.9346185Z   ---
2026-10-09T02:49:08.9346843Z   duration_ms: 3.209786
2026-10-09T02:49:08.9347709Z   type: 'test'
2026-10-09T02:49:08.9348486Z   ...
2026-10-09T02:49:08.9349631Z # Subtest: java corpus rejects runtime override
2026-10-09T02:49:08.9350564Z ok 195 - java corpus rejects runtime override
2026-10-09T02:49:08.9351474Z   ---
2026-10-09T02:49:08.9352092Z   duration_ms: 2.404775
2026-10-09T02:49:08.9352868Z   type: 'test'
2026-10-09T02:49:08.9353242Z   ...
2026-10-09T02:49:08.9354004Z # Subtest: java corpus rejects source tree present
2026-10-09T02:49:08.9354760Z ok 196 - java corpus rejects source tree present
2026-10-09T02:49:08.9355302Z   ---
2026-10-09T02:49:08.9355669Z   duration_ms: 2.780245
2026-10-09T02:49:08.9356097Z   type: 'test'
2026-10-09T02:49:08.9356456Z   ...
2026-10-09T02:49:08.9357057Z # Subtest: java corpus rejects compiler during execution
2026-10-09T02:49:08.9357880Z ok 197 - java corpus rejects compiler during execution
2026-10-09T02:49:08.9358458Z   ---
2026-10-09T02:49:08.9358823Z   duration_ms: 3.878333
2026-10-09T02:49:08.9359249Z   type: 'test'
2026-10-09T02:49:08.9359872Z   ...
2026-10-09T02:49:08.9360489Z # Subtest: java corpus rejects uncleared native extraction
2026-10-09T02:49:08.9361378Z ok 198 - java corpus rejects uncleared native extraction
2026-10-09T02:49:08.9361958Z   ---
2026-10-09T02:49:08.9362327Z   duration_ms: 5.243378
2026-10-09T02:49:08.9362740Z   type: 'test'
2026-10-09T02:49:08.9363100Z   ...
2026-10-09T02:49:08.9363616Z # Subtest: java corpus rejects single execution
2026-10-09T02:49:08.9364344Z ok 199 - java corpus rejects single execution
2026-10-09T02:49:08.9364869Z   ---
2026-10-09T02:49:08.9365218Z   duration_ms: 3.875348
2026-10-09T02:49:08.9365619Z   type: 'test'
2026-10-09T02:49:08.9365956Z   ...
2026-10-09T02:49:08.9366528Z # Subtest: java corpus rejects missing plugin
2026-10-09T02:49:08.9367182Z ok 200 - java corpus rejects missing plugin
2026-10-09T02:49:08.9367683Z   ---
2026-10-09T02:49:08.9368026Z   duration_ms: 3.911244
2026-10-09T02:49:08.9368420Z   type: 'test'
2026-10-09T02:49:08.9368768Z   ...
2026-10-09T02:49:08.9369711Z # Subtest: java corpus rejects mutable plugin
2026-10-09T02:49:08.9370553Z ok 201 - java corpus rejects mutable plugin
2026-10-09T02:49:08.9371056Z   ---
2026-10-09T02:49:08.9371403Z   duration_ms: 4.076062
2026-10-09T02:49:08.9371808Z   type: 'test'
2026-10-09T02:49:08.9372159Z   ...
2026-10-09T02:49:08.9372643Z # Subtest: java corpus rejects unbound plugin
2026-10-09T02:49:08.9373310Z ok 202 - java corpus rejects unbound plugin
2026-10-09T02:49:08.9373810Z   ---
2026-10-09T02:49:08.9374151Z   duration_ms: 4.700927
2026-10-09T02:49:08.9374564Z   type: 'test'
2026-10-09T02:49:08.9374909Z   ...
2026-10-09T02:49:08.9375434Z # Subtest: java corpus rejects unsafe plugin path
2026-10-09T02:49:08.9376156Z ok 203 - java corpus rejects unsafe plugin path
2026-10-09T02:49:08.9376684Z   ---
2026-10-09T02:49:08.9377040Z   duration_ms: 3.992486
2026-10-09T02:49:08.9377437Z   type: 'test'
2026-10-09T02:49:08.9377785Z   ...
2026-10-09T02:49:08.9378290Z # Subtest: java corpus rejects compiler at runtime
2026-10-09T02:49:08.9379007Z ok 204 - java corpus rejects compiler at runtime
2026-10-09T02:49:08.9380352Z   ---
2026-10-09T02:49:08.9380714Z   duration_ms: 4.072335
2026-10-09T02:49:08.9381116Z   type: 'test'
2026-10-09T02:49:08.9381454Z   ...
2026-10-09T02:49:08.9381985Z # Subtest: java corpus rejects extra runtime module
2026-10-09T02:49:08.9382722Z ok 205 - java corpus rejects extra runtime module
2026-10-09T02:49:08.9383266Z   ---
2026-10-09T02:49:08.9383608Z   duration_ms: 3.805417
2026-10-09T02:49:08.9384018Z   type: 'test'
2026-10-09T02:49:08.9384363Z   ...
2026-10-09T02:49:08.9384917Z # Subtest: java corpus rejects author source at runtime
2026-10-09T02:49:08.9385701Z ok 206 - java corpus rejects author source at runtime
2026-10-09T02:49:08.9386309Z   ---
2026-10-09T02:49:08.9386653Z   duration_ms: 4.857358
2026-10-09T02:49:08.9387036Z   type: 'test'
2026-10-09T02:49:08.9387382Z   ...
2026-10-09T02:49:08.9387890Z # Subtest: java corpus rejects wrong native binary
2026-10-09T02:49:08.9388601Z ok 207 - java corpus rejects wrong native binary
2026-10-09T02:49:08.9389104Z   ---
2026-10-09T02:49:08.9389653Z   duration_ms: 3.731209
2026-10-09T02:49:08.9390063Z   type: 'test'
2026-10-09T02:49:08.9390404Z   ...
2026-10-09T02:49:08.9390929Z # Subtest: java corpus rejects missing native runtime
2026-10-09T02:49:08.9391672Z ok 208 - java corpus rejects missing native runtime
2026-10-09T02:49:08.9392195Z   ---
2026-10-09T02:49:08.9392517Z   duration_ms: 3.114389
2026-10-09T02:49:08.9392896Z   type: 'test'
2026-10-09T02:49:08.9393240Z   ...
2026-10-09T02:49:08.9393775Z # Subtest: java corpus rejects multiple native roots
2026-10-09T02:49:08.9394544Z ok 209 - java corpus rejects multiple native roots
2026-10-09T02:49:08.9395091Z   ---
2026-10-09T02:49:08.9395448Z   duration_ms: 2.30079
2026-10-09T02:49:08.9395859Z   type: 'test'
2026-10-09T02:49:08.9396221Z   ...
2026-10-09T02:49:08.9396759Z # Subtest: java corpus rejects wrong public API path
2026-10-09T02:49:08.9397507Z ok 210 - java corpus rejects wrong public API path
2026-10-09T02:49:08.9398057Z   ---
2026-10-09T02:49:08.9398398Z   duration_ms: 3.275378
2026-10-09T02:49:08.9398791Z   type: 'test'
2026-10-09T02:49:08.9399127Z   ...
2026-10-09T02:49:08.9399928Z # Subtest: java corpus rejects missing runtime error
2026-10-09T02:49:08.9400753Z ok 211 - java corpus rejects missing runtime error
2026-10-09T02:49:08.9401294Z   ---
2026-10-09T02:49:08.9401632Z   duration_ms: 2.894167
2026-10-09T02:49:08.9402030Z   type: 'test'
2026-10-09T02:49:08.9402384Z   ...
2026-10-09T02:49:08.9402896Z # Subtest: java corpus rejects wrong runtime error
2026-10-09T02:49:08.9403614Z ok 212 - java corpus rejects wrong runtime error
2026-10-09T02:49:08.9404148Z   ---
2026-10-09T02:49:08.9404500Z   duration_ms: 3.233069
2026-10-09T02:49:08.9404931Z   type: 'test'
2026-10-09T02:49:08.9405304Z   ...
2026-10-09T02:49:08.9405820Z # Subtest: java corpus rejects failed recovery
2026-10-09T02:49:08.9406571Z ok 213 - java corpus rejects failed recovery
2026-10-09T02:49:08.9407100Z   ---
2026-10-09T02:49:08.9407682Z   duration_ms: 2.875393
2026-10-09T02:49:08.9408270Z   type: 'test'
2026-10-09T02:49:08.9408641Z   ...
2026-10-09T02:49:08.9409180Z # Subtest: java corpus rejects failed Nat recovery
2026-10-09T02:49:08.9410625Z ok 214 - java corpus rejects failed Nat recovery
2026-10-09T02:49:08.9411170Z   ---
2026-10-09T02:49:08.9411535Z   duration_ms: 1.473207
2026-10-09T02:49:08.9411933Z   type: 'test'
2026-10-09T02:49:08.9412282Z   ...
2026-10-09T02:49:08.9412836Z # Subtest: java corpus rejects unrelated compiler error
2026-10-09T02:49:08.9413631Z ok 215 - java corpus rejects unrelated compiler error
2026-10-09T02:49:08.9414176Z   ---
2026-10-09T02:49:08.9414556Z   duration_ms: 2.238145
2026-10-09T02:49:08.9414949Z   type: 'test'
2026-10-09T02:49:08.9415291Z   ...
2026-10-09T02:49:08.9416005Z # Subtest: java corpus rejects wrong diagnostic source
2026-10-09T02:49:08.9417092Z ok 216 - java corpus rejects wrong diagnostic source
2026-10-09T02:49:08.9417845Z   ---
2026-10-09T02:49:08.9418429Z   duration_ms: 1.368231
2026-10-09T02:49:08.9419188Z   type: 'test'
2026-10-09T02:49:08.9419787Z   ...
2026-10-09T02:49:08.9420336Z # Subtest: java corpus rejects missing diagnostic
2026-10-09T02:49:08.9421153Z ok 217 - java corpus rejects missing diagnostic
2026-10-09T02:49:08.9421701Z   ---
2026-10-09T02:49:08.9422064Z   duration_ms: 1.4963
2026-10-09T02:49:08.9422475Z   type: 'test'
2026-10-09T02:49:08.9422843Z   ...
2026-10-09T02:49:08.9423384Z # Subtest: java corpus rejects wrong invalid source
2026-10-09T02:49:08.9424150Z ok 218 - java corpus rejects wrong invalid source
2026-10-09T02:49:08.9424696Z   ---
2026-10-09T02:49:08.9425053Z   duration_ms: 1.357712
2026-10-09T02:49:08.9425472Z   type: 'test'
2026-10-09T02:49:08.9425823Z   ...
2026-10-09T02:49:08.9426693Z # Subtest: kotlin corpus separates compiler errors, unsigned range checks and Lean results
2026-10-09T02:49:08.9427997Z ok 219 - kotlin corpus separates compiler errors, unsigned range checks and Lean results
2026-10-09T02:49:08.9428780Z   ---
2026-10-09T02:49:08.9429147Z   duration_ms: 104.169479
2026-10-09T02:49:08.9429912Z   type: 'test'
2026-10-09T02:49:08.9430273Z   ...
2026-10-09T02:49:08.9430969Z # Subtest: kotlin diagnostics bind rejection to the exact invalid call
2026-10-09T02:49:08.9431979Z ok 220 - kotlin diagnostics bind rejection to the exact invalid call
2026-10-09T02:49:08.9432630Z   ---
2026-10-09T02:49:08.9432993Z   duration_ms: 1.00803
2026-10-09T02:49:08.9433396Z   type: 'test'
2026-10-09T02:49:08.9433759Z   ...
2026-10-09T02:49:08.9434289Z # Subtest: kotlin corpus rejects missing evidence
2026-10-09T02:49:08.9435058Z ok 221 - kotlin corpus rejects missing evidence
2026-10-09T02:49:08.9435576Z   ---
2026-10-09T02:49:08.9435940Z   duration_ms: 1.889204
2026-10-09T02:49:08.9436387Z   type: 'test'
2026-10-09T02:49:08.9436764Z   ...
2026-10-09T02:49:08.9437272Z # Subtest: kotlin corpus rejects wrong JVM
2026-10-09T02:49:08.9437952Z ok 222 - kotlin corpus rejects wrong JVM
2026-10-09T02:49:08.9438468Z   ---
2026-10-09T02:49:08.9438849Z   duration_ms: 4.219379
2026-10-09T02:49:08.9439304Z   type: 'test'
2026-10-09T02:49:08.9440304Z   ...
2026-10-09T02:49:08.9440853Z # Subtest: kotlin corpus rejects wrong compiler
2026-10-09T02:49:08.9441607Z ok 223 - kotlin corpus rejects wrong compiler
2026-10-09T02:49:08.9442143Z   ---
2026-10-09T02:49:08.9442520Z   duration_ms: 1.654475
2026-10-09T02:49:08.9442947Z   type: 'test'
2026-10-09T02:49:08.9443325Z   ...
2026-10-09T02:49:08.9443842Z # Subtest: kotlin corpus rejects wrong Maven
2026-10-09T02:49:08.9444525Z ok 224 - kotlin corpus rejects wrong Maven
2026-10-09T02:49:08.9445045Z   ---
2026-10-09T02:49:08.9445408Z   duration_ms: 1.620261
2026-10-09T02:49:08.9445838Z   type: 'test'
2026-10-09T02:49:08.9446212Z   ...
2026-10-09T02:49:08.9446801Z # Subtest: kotlin corpus rejects missing compiler hash
2026-10-09T02:49:08.9447612Z ok 225 - kotlin corpus rejects missing compiler hash
2026-10-09T02:49:08.9448187Z   ---
2026-10-09T02:49:08.9448555Z   duration_ms: 1.638937
2026-10-09T02:49:08.9448974Z   type: 'test'
2026-10-09T02:49:08.9449344Z   ...
2026-10-09T02:49:08.9450926Z # Subtest: kotlin corpus rejects wrong consumer source
2026-10-09T02:49:08.9451797Z ok 226 - kotlin corpus rejects wrong consumer source
2026-10-09T02:49:08.9452390Z   ---
2026-10-09T02:49:08.9452773Z   duration_ms: 2.379017
2026-10-09T02:49:08.9453199Z   type: 'test'
2026-10-09T02:49:08.9453566Z   ...
2026-10-09T02:49:08.9454185Z # Subtest: kotlin corpus rejects wrong public signatures
2026-10-09T02:49:08.9455022Z ok 227 - kotlin corpus rejects wrong public signatures
2026-10-09T02:49:08.9455595Z   ---
2026-10-09T02:49:08.9455968Z   duration_ms: 3.623228
2026-10-09T02:49:08.9456401Z   type: 'test'
2026-10-09T02:49:08.9456785Z   ...
2026-10-09T02:49:08.9457340Z # Subtest: kotlin corpus rejects wrong binding IR
2026-10-09T02:49:08.9458084Z ok 228 - kotlin corpus rejects wrong binding IR
2026-10-09T02:49:08.9458634Z   ---
2026-10-09T02:49:08.9459012Z   duration_ms: 2.414643
2026-10-09T02:49:08.9459728Z   type: 'test'
2026-10-09T02:49:08.9460118Z   ...
2026-10-09T02:49:08.9460618Z # Subtest: kotlin corpus rejects wrong POM
2026-10-09T02:49:08.9461293Z ok 229 - kotlin corpus rejects wrong POM
2026-10-09T02:49:08.9461785Z   ---
2026-10-09T02:49:08.9462140Z   duration_ms: 2.368377
2026-10-09T02:49:08.9462551Z   type: 'test'
2026-10-09T02:49:08.9462908Z   ...
2026-10-09T02:49:08.9463398Z # Subtest: kotlin corpus rejects wrong JAR
2026-10-09T02:49:08.9464037Z ok 230 - kotlin corpus rejects wrong JAR
2026-10-09T02:49:08.9464525Z   ---
2026-10-09T02:49:08.9464877Z   duration_ms: 3.317286
2026-10-09T02:49:08.9465285Z   type: 'test'
2026-10-09T02:49:08.9465627Z   ...
2026-10-09T02:49:08.9466146Z # Subtest: kotlin corpus rejects ambient settings
2026-10-09T02:49:08.9466872Z ok 231 - kotlin corpus rejects ambient settings
2026-10-09T02:49:08.9467397Z   ---
2026-10-09T02:49:08.9467747Z   duration_ms: 4.814389
2026-10-09T02:49:08.9468144Z   type: 'test'
2026-10-09T02:49:08.9468499Z   ...
2026-10-09T02:49:08.9469024Z # Subtest: kotlin corpus rejects weakened compiler
2026-10-09T02:49:08.9470537Z ok 232 - kotlin corpus rejects weakened compiler
2026-10-09T02:49:08.9471091Z   ---
2026-10-09T02:49:08.9471447Z   duration_ms: 3.829872
2026-10-09T02:49:08.9471848Z   type: 'test'
2026-10-09T02:49:08.9472204Z   ...
2026-10-09T02:49:08.9472712Z # Subtest: kotlin corpus rejects ambient cache
2026-10-09T02:49:08.9473403Z ok 233 - kotlin corpus rejects ambient cache
2026-10-09T02:49:08.9473915Z   ---
2026-10-09T02:49:08.9474272Z   duration_ms: 4.051666
2026-10-09T02:49:08.9474670Z   type: 'test'
2026-10-09T02:49:08.9475023Z   ...
2026-10-09T02:49:08.9475534Z # Subtest: kotlin corpus rejects ambient home
2026-10-09T02:49:08.9476241Z ok 234 - kotlin corpus rejects ambient home
2026-10-09T02:49:08.9476779Z   ---
2026-10-09T02:49:08.9477165Z   duration_ms: 4.192929
2026-10-09T02:49:08.9477585Z   type: 'test'
2026-10-09T02:49:08.9477952Z   ...
2026-10-09T02:49:08.9478493Z # Subtest: kotlin corpus rejects online resolution
2026-10-09T02:49:08.9479241Z ok 235 - kotlin corpus rejects online resolution
2026-10-09T02:49:08.9480091Z   ---
2026-10-09T02:49:08.9480455Z   duration_ms: 3.79613
2026-10-09T02:49:08.9480883Z   type: 'test'
2026-10-09T02:49:08.9481240Z   ...
2026-10-09T02:49:08.9481776Z # Subtest: kotlin corpus rejects extra classpath
2026-10-09T02:49:08.9482498Z ok 236 - kotlin corpus rejects extra classpath
2026-10-09T02:49:08.9483034Z   ---
2026-10-09T02:49:08.9483409Z   duration_ms: 4.054561
2026-10-09T02:49:08.9483835Z   type: 'test'
2026-10-09T02:49:08.9484207Z   ...
2026-10-09T02:49:08.9484846Z # Subtest: kotlin corpus rejects missing resolved dependencies
2026-10-09T02:49:08.9485760Z ok 237 - kotlin corpus rejects missing resolved dependencies
2026-10-09T02:49:08.9486438Z   ---
2026-10-09T02:49:08.9486809Z   duration_ms: 3.944847
2026-10-09T02:49:08.9487227Z   type: 'test'
2026-10-09T02:49:08.9487598Z   ...
2026-10-09T02:49:08.9488225Z # Subtest: kotlin corpus rejects missing runtime dependency
2026-10-09T02:49:08.9489075Z ok 238 - kotlin corpus rejects missing runtime dependency
2026-10-09T02:49:08.9489982Z   ---
2026-10-09T02:49:08.9490808Z   duration_ms: 2.518266
2026-10-09T02:49:08.9491261Z   type: 'test'
2026-10-09T02:49:08.9491633Z   ...
2026-10-09T02:49:08.9492282Z # Subtest: kotlin corpus rejects duplicate runtime dependency
2026-10-09T02:49:08.9493177Z ok 239 - kotlin corpus rejects duplicate runtime dependency
2026-10-09T02:49:08.9493779Z   ---
2026-10-09T02:49:08.9494159Z   duration_ms: 3.375715
2026-10-09T02:49:08.9494576Z   type: 'test'
2026-10-09T02:49:08.9494962Z   ...
2026-10-09T02:49:08.9495579Z # Subtest: kotlin corpus rejects unlocked runtime dependency
2026-10-09T02:49:08.9496459Z ok 240 - kotlin corpus rejects unlocked runtime dependency
2026-10-09T02:49:08.9497056Z   ---
2026-10-09T02:49:08.9497422Z   duration_ms: 2.441173
2026-10-09T02:49:08.9497846Z   type: 'test'
2026-10-09T02:49:08.9498214Z   ...
2026-10-09T02:49:08.9498837Z # Subtest: kotlin corpus rejects changed resolved dependency
2026-10-09T02:49:08.9530187Z ok 241 - kotlin corpus rejects changed resolved dependency
2026-10-09T02:49:08.9530734Z   ---
2026-10-09T02:49:08.9531044Z   duration_ms: 2.382283
2026-10-09T02:49:08.9531395Z   type: 'test'
2026-10-09T02:49:08.9531695Z   ...
2026-10-09T02:49:08.9532219Z # Subtest: kotlin corpus rejects changed deployed dependency
2026-10-09T02:49:08.9532963Z ok 242 - kotlin corpus rejects changed deployed dependency
2026-10-09T02:49:08.9533456Z   ---
2026-10-09T02:49:08.9533754Z   duration_ms: 2.373306
2026-10-09T02:49:08.9534099Z   type: 'test'
2026-10-09T02:49:08.9534404Z   ...
2026-10-09T02:49:08.9534967Z # Subtest: kotlin corpus rejects wrong dependency size
2026-10-09T02:49:08.9535637Z ok 243 - kotlin corpus rejects wrong dependency size
2026-10-09T02:49:08.9536124Z   ---
2026-10-09T02:49:08.9536455Z   duration_ms: 2.400056
2026-10-09T02:49:08.9536841Z   type: 'test'
2026-10-09T02:49:08.9555694Z   ...
2026-10-09T02:49:08.9556389Z # Subtest: kotlin corpus rejects missing annotations dependency
2026-10-09T02:49:08.9557317Z ok 244 - kotlin corpus rejects missing annotations dependency
2026-10-09T02:49:08.9557955Z   ---
2026-10-09T02:49:08.9558312Z   duration_ms: 3.268466
2026-10-09T02:49:08.9558723Z   type: 'test'
2026-10-09T02:49:08.9559075Z   ...
2026-10-09T02:49:08.9560734Z # Subtest: kotlin corpus rejects undeclared deployed dependency
2026-10-09T02:49:08.9561658Z ok 245 - kotlin corpus rejects undeclared deployed dependency
2026-10-09T02:49:08.9562257Z   ---
2026-10-09T02:49:08.9562620Z   duration_ms: 2.652808
2026-10-09T02:49:08.9563013Z   type: 'test'
2026-10-09T02:49:08.9563354Z   ...
2026-10-09T02:49:08.9563957Z # Subtest: kotlin corpus rejects old standard library location
2026-10-09T02:49:08.9564820Z ok 246 - kotlin corpus rejects old standard library location
2026-10-09T02:49:08.9565388Z   ---
2026-10-09T02:49:08.9565779Z   duration_ms: 2.430843
2026-10-09T02:49:08.9566180Z   type: 'test'
2026-10-09T02:49:08.9566516Z   ...
2026-10-09T02:49:08.9567135Z # Subtest: kotlin corpus rejects compiler as runtime dependency
2026-10-09T02:49:08.9568025Z ok 247 - kotlin corpus rejects compiler as runtime dependency
2026-10-09T02:49:08.9568618Z   ---
2026-10-09T02:49:08.9568955Z   duration_ms: 2.382684
2026-10-09T02:49:08.9569559Z   type: 'test'
2026-10-09T02:49:08.9569915Z   ...
2026-10-09T02:49:08.9570532Z # Subtest: kotlin corpus rejects unsafe runtime dependency path
2026-10-09T02:49:08.9571432Z ok 248 - kotlin corpus rejects unsafe runtime dependency path
2026-10-09T02:49:08.9572052Z   ---
2026-10-09T02:49:08.9572417Z   duration_ms: 3.635149
2026-10-09T02:49:08.9572831Z   type: 'test'
2026-10-09T02:49:08.9573154Z   ...
2026-10-09T02:49:08.9573618Z # Subtest: kotlin corpus rejects runtime override
2026-10-09T02:49:08.9574337Z ok 249 - kotlin corpus rejects runtime override
2026-10-09T02:49:08.9574861Z   ---
2026-10-09T02:49:08.9575195Z   duration_ms: 2.320678
2026-10-09T02:49:08.9575591Z   type: 'test'
2026-10-09T02:49:08.9575932Z   ...
2026-10-09T02:49:08.9576463Z # Subtest: kotlin corpus rejects source tree present
2026-10-09T02:49:08.9577206Z ok 250 - kotlin corpus rejects source tree present
2026-10-09T02:49:08.9578114Z   ---
2026-10-09T02:49:08.9578455Z   duration_ms: 2.396961
2026-10-09T02:49:08.9578857Z   type: 'test'
2026-10-09T02:49:08.9579212Z   ...
2026-10-09T02:49:08.9585048Z # Subtest: kotlin corpus rejects compiler during execution
2026-10-09T02:49:08.9586067Z ok 251 - kotlin corpus rejects compiler during execution
2026-10-09T02:49:08.9586657Z   ---
2026-10-09T02:49:08.9587016Z   duration_ms: 2.318344
2026-10-09T02:49:08.9587418Z   type: 'test'
2026-10-09T02:49:08.9587773Z   ...
2026-10-09T02:49:08.9588380Z # Subtest: kotlin corpus rejects uncleared native extraction
2026-10-09T02:49:08.9589273Z ok 252 - kotlin corpus rejects uncleared native extraction
2026-10-09T02:49:08.9590377Z   ---
2026-10-09T02:49:08.9590724Z   duration_ms: 3.242517
2026-10-09T02:49:08.9591131Z   type: 'test'
2026-10-09T02:49:08.9591476Z   ...
2026-10-09T02:49:08.9591989Z # Subtest: kotlin corpus rejects single execution
2026-10-09T02:49:08.9592703Z ok 253 - kotlin corpus rejects single execution
2026-10-09T02:49:08.9593249Z   ---
2026-10-09T02:49:08.9593585Z   duration_ms: 3.286549
2026-10-09T02:49:08.9593979Z   type: 'test'
2026-10-09T02:49:08.9594323Z   ...
2026-10-09T02:49:08.9594821Z # Subtest: kotlin corpus rejects missing plugin
2026-10-09T02:49:08.9595565Z ok 254 - kotlin corpus rejects missing plugin
2026-10-09T02:49:08.9596109Z   ---
2026-10-09T02:49:08.9596486Z   duration_ms: 2.813547
2026-10-09T02:49:08.9596912Z   type: 'test'
2026-10-09T02:49:08.9597235Z   ...
2026-10-09T02:49:08.9597549Z # Subtest: kotlin corpus rejects mutable plugin
2026-10-09T02:49:08.9597952Z ok 255 - kotlin corpus rejects mutable plugin
2026-10-09T02:49:08.9598252Z   ---
2026-10-09T02:49:08.9598480Z   duration_ms: 4.312353
2026-10-09T02:49:08.9598715Z   type: 'test'
2026-10-09T02:49:08.9598915Z   ...
2026-10-09T02:49:08.9599207Z # Subtest: kotlin corpus rejects unbound plugin
2026-10-09T02:49:08.9600023Z ok 256 - kotlin corpus rejects unbound plugin
2026-10-09T02:49:08.9600504Z   ---
2026-10-09T02:49:08.9600851Z   duration_ms: 4.961252
2026-10-09T02:49:08.9601255Z   type: 'test'
2026-10-09T02:49:08.9601608Z   ...
2026-10-09T02:49:08.9602145Z # Subtest: kotlin corpus rejects unsafe plugin path
2026-10-09T02:49:08.9602908Z ok 257 - kotlin corpus rejects unsafe plugin path
2026-10-09T02:49:08.9603438Z   ---
2026-10-09T02:49:08.9603772Z   duration_ms: 3.864177
2026-10-09T02:49:08.9604182Z   type: 'test'
2026-10-09T02:49:08.9604533Z   ...
2026-10-09T02:49:08.9605073Z # Subtest: kotlin corpus rejects compiler at runtime
2026-10-09T02:49:08.9605808Z ok 258 - kotlin corpus rejects compiler at runtime
2026-10-09T02:49:08.9606343Z   ---
2026-10-09T02:49:08.9606685Z   duration_ms: 4.225921
2026-10-09T02:49:08.9607079Z   type: 'test'
2026-10-09T02:49:08.9607429Z   ...
2026-10-09T02:49:08.9607834Z # Subtest: kotlin corpus rejects extra runtime module
2026-10-09T02:49:08.9608251Z ok 259 - kotlin corpus rejects extra runtime module
2026-10-09T02:49:08.9608554Z   ---
2026-10-09T02:49:08.9608749Z   duration_ms: 4.094657
2026-10-09T02:49:08.9608983Z   type: 'test'
2026-10-09T02:49:08.9609184Z   ...
2026-10-09T02:49:08.9609785Z # Subtest: kotlin corpus rejects author source at runtime
2026-10-09T02:49:08.9610230Z ok 260 - kotlin corpus rejects author source at runtime
2026-10-09T02:49:08.9610543Z   ---
2026-10-09T02:49:08.9610737Z   duration_ms: 5.582742
2026-10-09T02:49:08.9610960Z   type: 'test'
2026-10-09T02:49:08.9611160Z   ...
2026-10-09T02:49:08.9611449Z # Subtest: kotlin corpus rejects wrong native binary
2026-10-09T02:49:08.9611853Z ok 261 - kotlin corpus rejects wrong native binary
2026-10-09T02:49:08.9612183Z   ---
2026-10-09T02:49:08.9612385Z   duration_ms: 2.417669
2026-10-09T02:49:08.9612609Z   type: 'test'
2026-10-09T02:49:08.9612808Z   ...
2026-10-09T02:49:08.9613101Z # Subtest: kotlin corpus rejects missing native runtime
2026-10-09T02:49:08.9613605Z ok 262 - kotlin corpus rejects missing native runtime
2026-10-09T02:49:08.9613908Z   ---
2026-10-09T02:49:08.9614103Z   duration_ms: 2.515391
2026-10-09T02:49:08.9614340Z   type: 'test'
2026-10-09T02:49:08.9614907Z   ...
2026-10-09T02:49:08.9615219Z # Subtest: kotlin corpus rejects multiple native roots
2026-10-09T02:49:08.9615655Z ok 263 - kotlin corpus rejects multiple native roots
2026-10-09T02:49:08.9615964Z   ---
2026-10-09T02:49:08.9616168Z   duration_ms: 2.340845
2026-10-09T02:49:08.9616391Z   type: 'test'
2026-10-09T02:49:08.9616595Z   ...
2026-10-09T02:49:08.9616898Z # Subtest: kotlin corpus rejects wrong public API path
2026-10-09T02:49:08.9617310Z ok 264 - kotlin corpus rejects wrong public API path
2026-10-09T02:49:08.9617609Z   ---
2026-10-09T02:49:08.9617808Z   duration_ms: 3.30802
2026-10-09T02:49:08.9618025Z   type: 'test'
2026-10-09T02:49:08.9618222Z   ...
2026-10-09T02:49:08.9618516Z # Subtest: kotlin corpus rejects missing runtime error
2026-10-09T02:49:08.9618940Z ok 265 - kotlin corpus rejects missing runtime error
2026-10-09T02:49:08.9619256Z   ---
2026-10-09T02:49:08.9620136Z   duration_ms: 2.843253
2026-10-09T02:49:08.9620553Z   type: 'test'
2026-10-09T02:49:08.9621245Z   ...
2026-10-09T02:49:08.9621869Z # Subtest: kotlin corpus rejects wrong runtime error
2026-10-09T02:49:08.9623145Z ok 266 - kotlin corpus rejects wrong runtime error
2026-10-09T02:49:08.9623760Z   ---
2026-10-09T02:49:08.9624349Z   duration_ms: 2.846248
2026-10-09T02:49:08.9625131Z   type: 'test'
2026-10-09T02:49:08.9625594Z   ...
2026-10-09T02:49:08.9626320Z # Subtest: kotlin corpus rejects failed recovery
2026-10-09T02:49:08.9627341Z ok 267 - kotlin corpus rejects failed recovery
2026-10-09T02:49:08.9628086Z   ---
2026-10-09T02:49:08.9628726Z   duration_ms: 2.818035
2026-10-09T02:49:08.9629187Z   type: 'test'
2026-10-09T02:49:08.9629940Z   ...
2026-10-09T02:49:08.9630837Z # Subtest: kotlin corpus rejects failed Nat recovery
2026-10-09T02:49:08.9632070Z ok 268 - kotlin corpus rejects failed Nat recovery
2026-10-09T02:49:08.9632677Z   ---
2026-10-09T02:49:08.9633229Z   duration_ms: 1.438633
2026-10-09T02:49:08.9634042Z   type: 'test'
2026-10-09T02:49:08.9634429Z   ...
2026-10-09T02:49:08.9635134Z # Subtest: kotlin corpus rejects unrelated compiler error
2026-10-09T02:49:08.9636508Z ok 269 - kotlin corpus rejects unrelated compiler error
2026-10-09T02:49:08.9637107Z   ---
2026-10-09T02:49:08.9637485Z   duration_ms: 2.299869
2026-10-09T02:49:08.9637888Z   type: 'test'
2026-10-09T02:49:08.9638245Z   ...
2026-10-09T02:49:08.9638821Z # Subtest: kotlin corpus rejects wrong diagnostic source
2026-10-09T02:49:08.9639808Z ok 270 - kotlin corpus rejects wrong diagnostic source
2026-10-09T02:49:08.9640371Z   ---
2026-10-09T02:49:08.9640719Z   duration_ms: 1.378751
2026-10-09T02:49:08.9641145Z   type: 'test'
2026-10-09T02:49:08.9641490Z   ...
2026-10-09T02:49:08.9642018Z # Subtest: kotlin corpus rejects missing diagnostic
2026-10-09T02:49:08.9642736Z ok 271 - kotlin corpus rejects missing diagnostic
2026-10-09T02:49:08.9643261Z   ---
2026-10-09T02:49:08.9643603Z   duration_ms: 1.466936
2026-10-09T02:49:08.9643995Z   type: 'test'
2026-10-09T02:49:08.9644363Z   ...
2026-10-09T02:49:08.9644913Z # Subtest: kotlin corpus rejects wrong invalid source
2026-10-09T02:49:08.9645654Z ok 272 - kotlin corpus rejects wrong invalid source
2026-10-09T02:49:08.9646184Z   ---
2026-10-09T02:49:08.9646530Z   duration_ms: 1.346862
2026-10-09T02:49:08.9646920Z   type: 'test'
2026-10-09T02:49:08.9647271Z   ...
2026-10-09T02:49:08.9647806Z # Subtest: Kotlin corpus rejects wrong Kotlin compiler
2026-10-09T02:49:08.9648554Z ok 273 - Kotlin corpus rejects wrong Kotlin compiler
2026-10-09T02:49:08.9649089Z   ---
2026-10-09T02:49:08.9649589Z   duration_ms: 2.679127
2026-10-09T02:49:08.9649992Z   type: 'test'
2026-10-09T02:49:08.9650331Z   ...
2026-10-09T02:49:08.9650892Z # Subtest: Kotlin corpus rejects missing Kotlin compiler
2026-10-09T02:49:08.9651657Z ok 274 - Kotlin corpus rejects missing Kotlin compiler
2026-10-09T02:49:08.9652198Z   ---
2026-10-09T02:49:08.9652534Z   duration_ms: 3.318259
2026-10-09T02:49:08.9652925Z   type: 'test'
2026-10-09T02:49:08.9653282Z   ...
2026-10-09T02:49:08.9653843Z # Subtest: Kotlin corpus rejects changed standard library
2026-10-09T02:49:08.9655083Z ok 275 - Kotlin corpus rejects changed standard library
2026-10-09T02:49:08.9655644Z   ---
2026-10-09T02:49:08.9656000Z   duration_ms: 2.57884
2026-10-09T02:49:08.9656385Z   type: 'test'
2026-10-09T02:49:08.9656728Z   ...
2026-10-09T02:49:08.9657255Z # Subtest: Kotlin corpus rejects wrong Kotlin version
2026-10-09T02:49:08.9657984Z ok 276 - Kotlin corpus rejects wrong Kotlin version
2026-10-09T02:49:08.9658520Z   ---
2026-10-09T02:49:08.9658857Z   duration_ms: 1.286639
2026-10-09T02:49:08.9659254Z   type: 'test'
2026-10-09T02:49:08.9659759Z   ...
2026-10-09T02:49:08.9661115Z # Subtest: PHP corpus binds separate weak and strict public callers to the same fresh oracle
2026-10-09T02:49:08.9662910Z ok 277 - PHP corpus binds separate weak and strict public callers to the same fresh oracle
2026-10-09T02:49:08.9663750Z   ---
2026-10-09T02:49:08.9664555Z   duration_ms: 123.228526
2026-10-09T02:49:08.9665038Z   type: 'test'
2026-10-09T02:49:08.9665526Z   ...
2026-10-09T02:49:08.9666255Z # Subtest: PHP corpus rejects missing evidence
2026-10-09T02:49:08.9667380Z ok 278 - PHP corpus rejects missing evidence
2026-10-09T02:49:08.9668381Z   ---
2026-10-09T02:49:08.9668780Z   duration_ms: 4.095468
2026-10-09T02:49:08.9669584Z   type: 'test'
2026-10-09T02:49:08.9669946Z   ...
2026-10-09T02:49:08.9670753Z # Subtest: PHP corpus rejects unsupported PHP
2026-10-09T02:49:08.9671651Z ok 279 - PHP corpus rejects unsupported PHP
2026-10-09T02:49:08.9672177Z   ---
2026-10-09T02:49:08.9672798Z   duration_ms: 3.348184
2026-10-09T02:49:08.9673241Z   type: 'test'
2026-10-09T02:49:08.9673593Z   ...
2026-10-09T02:49:08.9674085Z # Subtest: PHP corpus rejects wrong Composer
2026-10-09T02:49:08.9674738Z ok 280 - PHP corpus rejects wrong Composer
2026-10-09T02:49:08.9675229Z   ---
2026-10-09T02:49:08.9675448Z   duration_ms: 3.566121
2026-10-09T02:49:08.9675683Z   type: 'test'
2026-10-09T02:49:08.9675897Z   ...
2026-10-09T02:49:08.9676171Z # Subtest: PHP corpus rejects unhashed host
2026-10-09T02:49:08.9676549Z ok 281 - PHP corpus rejects unhashed host
2026-10-09T02:49:08.9676832Z   ---
2026-10-09T02:49:08.9677034Z   duration_ms: 3.398398
2026-10-09T02:49:08.9677267Z   type: 'test'
2026-10-09T02:49:08.9677464Z   ...
2026-10-09T02:49:08.9677764Z # Subtest: PHP corpus rejects unidentified Composer
2026-10-09T02:49:08.9678177Z ok 282 - PHP corpus rejects unidentified Composer
2026-10-09T02:49:08.9678480Z   ---
2026-10-09T02:49:08.9678678Z   duration_ms: 9.66217
2026-10-09T02:49:08.9678911Z   type: 'test'
2026-10-09T02:49:08.9679111Z   ...
2026-10-09T02:49:08.9679858Z # Subtest: PHP corpus rejects project tool code
2026-10-09T02:49:08.9681060Z ok 283 - PHP corpus rejects project tool code
2026-10-09T02:49:08.9681632Z   ---
2026-10-09T02:49:08.9682188Z   duration_ms: 5.229362
2026-10-09T02:49:08.9682856Z   type: 'test'
2026-10-09T02:49:08.9683257Z   ...
2026-10-09T02:49:08.9683998Z # Subtest: PHP corpus rejects unbound Composer maps
2026-10-09T02:49:08.9685042Z ok 284 - PHP corpus rejects unbound Composer maps
2026-10-09T02:49:08.9685620Z   ---
2026-10-09T02:49:08.9686196Z   duration_ms: 5.231556
2026-10-09T02:49:08.9686635Z   type: 'test'
2026-10-09T02:49:08.9686981Z   ...
2026-10-09T02:49:08.9687894Z # Subtest: PHP corpus rejects unrelated Composer-loaded file
2026-10-09T02:49:08.9689203Z ok 285 - PHP corpus rejects unrelated Composer-loaded file
2026-10-09T02:49:08.9690069Z   ---
2026-10-09T02:49:08.9690632Z   duration_ms: 5.08839
2026-10-09T02:49:08.9691351Z   type: 'test'
2026-10-09T02:49:08.9691737Z   ...
2026-10-09T02:49:08.9692468Z # Subtest: PHP corpus rejects changed Composer map
2026-10-09T02:49:08.9693527Z ok 286 - PHP corpus rejects changed Composer map
2026-10-09T02:49:08.9694525Z   ---
2026-10-09T02:49:08.9694984Z   duration_ms: 5.128143
2026-10-09T02:49:08.9695419Z   type: 'test'
2026-10-09T02:49:08.9695947Z   ...
2026-10-09T02:49:08.9696733Z # Subtest: PHP corpus rejects unbound probe
2026-10-09T02:49:08.9697586Z ok 287 - PHP corpus rejects unbound probe
2026-10-09T02:49:08.9698397Z   ---
2026-10-09T02:49:08.9699153Z   duration_ms: 3.736819
2026-10-09T02:49:08.9700303Z   type: 'test'
2026-10-09T02:49:08.9700690Z   ...
2026-10-09T02:49:08.9701403Z # Subtest: PHP corpus rejects changed request
2026-10-09T02:49:08.9702406Z ok 288 - PHP corpus rejects changed request
2026-10-09T02:49:08.9703118Z   ---
2026-10-09T02:49:08.9703785Z   duration_ms: 4.92792
2026-10-09T02:49:08.9704218Z   type: 'test'
2026-10-09T02:49:08.9704820Z   ...
2026-10-09T02:49:08.9705613Z # Subtest: PHP corpus rejects changed source
2026-10-09T02:49:08.9706494Z ok 289 - PHP corpus rejects changed source
2026-10-09T02:49:08.9707293Z   ---
2026-10-09T02:49:08.9707680Z   duration_ms: 12.538844
2026-10-09T02:49:08.9708297Z   type: 'test'
2026-10-09T02:49:08.9708944Z   ...
2026-10-09T02:49:08.9709713Z # Subtest: PHP corpus rejects wrong binding IR
2026-10-09T02:49:08.9710843Z ok 290 - PHP corpus rejects wrong binding IR
2026-10-09T02:49:08.9711416Z   ---
2026-10-09T02:49:08.9711952Z   duration_ms: 6.525409
2026-10-09T02:49:08.9712674Z   type: 'test'
2026-10-09T02:49:08.9713075Z   ...
2026-10-09T02:49:08.9713753Z # Subtest: PHP corpus rejects wrong archive
2026-10-09T02:49:08.9714734Z ok 291 - PHP corpus rejects wrong archive
2026-10-09T02:49:08.9715417Z   ---
2026-10-09T02:49:08.9716084Z   duration_ms: 6.36429
2026-10-09T02:49:08.9716527Z   type: 'test'
2026-10-09T02:49:08.9717070Z   ...
2026-10-09T02:49:08.9717826Z # Subtest: PHP corpus rejects ambient INI
2026-10-09T02:49:08.9718512Z ok 292 - PHP corpus rejects ambient INI
2026-10-09T02:49:08.9719637Z   ---
2026-10-09T02:49:08.9720047Z   duration_ms: 7.416842
2026-10-09T02:49:08.9720494Z   type: 'test'
2026-10-09T02:49:08.9721053Z   ...
2026-10-09T02:49:08.9721905Z # Subtest: PHP corpus rejects runtime auto prepend
2026-10-09T02:49:08.9723116Z ok 293 - PHP corpus rejects runtime auto prepend
2026-10-09T02:49:08.9723707Z   ---
2026-10-09T02:49:08.9724077Z   duration_ms: 7.622135
2026-10-09T02:49:08.9724489Z   type: 'test'
2026-10-09T02:49:08.9725012Z   ...
2026-10-09T02:49:08.9725461Z # Subtest: PHP corpus rejects extra extension
2026-10-09T02:49:08.9726059Z ok 294 - PHP corpus rejects extra extension
2026-10-09T02:49:08.9726817Z   ---
2026-10-09T02:49:08.9727226Z   duration_ms: 7.637013
2026-10-09T02:49:08.9727816Z   type: 'test'
2026-10-09T02:49:08.9728475Z   ...
2026-10-09T02:49:08.9729036Z # Subtest: PHP corpus rejects unbound receipt
2026-10-09T02:49:08.9730385Z ok 295 - PHP corpus rejects unbound receipt
2026-10-09T02:49:08.9730952Z   ---
2026-10-09T02:49:08.9731498Z   duration_ms: 7.423244
2026-10-09T02:49:08.9732216Z   type: 'test'
2026-10-09T02:49:08.9732596Z   ...
2026-10-09T02:49:08.9733333Z # Subtest: PHP corpus rejects extra locked package
2026-10-09T02:49:08.9734384Z ok 296 - PHP corpus rejects extra locked package
2026-10-09T02:49:08.9735229Z   ---
2026-10-09T02:49:08.9735900Z   duration_ms: 7.873243
2026-10-09T02:49:08.9736340Z   type: 'test'
2026-10-09T02:49:08.9736892Z   ...
2026-10-09T02:49:08.9737778Z # Subtest: PHP corpus rejects changed integer dependency
2026-10-09T02:49:08.9738792Z ok 297 - PHP corpus rejects changed integer dependency
2026-10-09T02:49:08.9739879Z   ---
2026-10-09T02:49:08.9740431Z   duration_ms: 4.29472
2026-10-09T02:49:08.9741129Z   type: 'test'
2026-10-09T02:49:08.9741526Z   ...
2026-10-09T02:49:08.9742272Z # Subtest: PHP corpus rejects missing integer source
2026-10-09T02:49:08.9743338Z ok 298 - PHP corpus rejects missing integer source
2026-10-09T02:49:08.9743923Z   ---
2026-10-09T02:49:08.9744566Z   duration_ms: 4.755258
2026-10-09T02:49:08.9745283Z   type: 'test'
2026-10-09T02:49:08.9745659Z   ...
2026-10-09T02:49:08.9746401Z # Subtest: PHP corpus rejects changed integer source
2026-10-09T02:49:08.9747191Z ok 299 - PHP corpus rejects changed integer source
2026-10-09T02:49:08.9747532Z   ---
2026-10-09T02:49:08.9747767Z   duration_ms: 4.687462
2026-10-09T02:49:08.9748009Z   type: 'test'
2026-10-09T02:49:08.9748216Z   ...
2026-10-09T02:49:08.9748506Z # Subtest: PHP corpus rejects extra dev package
2026-10-09T02:49:08.9748910Z ok 300 - PHP corpus rejects extra dev package
2026-10-09T02:49:08.9749881Z   ---
2026-10-09T02:49:08.9750303Z   duration_ms: 5.006236
2026-10-09T02:49:08.9750750Z   type: 'test'
2026-10-09T02:49:08.9751136Z   ...
2026-10-09T02:49:08.9751916Z # Subtest: PHP corpus rejects wrong installed package
2026-10-09T02:49:08.9752972Z ok 301 - PHP corpus rejects wrong installed package
2026-10-09T02:49:08.9753570Z   ---
2026-10-09T02:49:08.9753949Z   duration_ms: 4.494582
2026-10-09T02:49:08.9754456Z   type: 'test'
2026-10-09T02:49:08.9755089Z   ...
2026-10-09T02:49:08.9755640Z # Subtest: PHP corpus rejects extra deployed payload
2026-10-09T02:49:08.9756361Z ok 302 - PHP corpus rejects extra deployed payload
2026-10-09T02:49:08.9756887Z   ---
2026-10-09T02:49:08.9757229Z   duration_ms: 5.148081
2026-10-09T02:49:08.9757617Z   type: 'test'
2026-10-09T02:49:08.9757971Z   ...
2026-10-09T02:49:08.9758443Z # Subtest: PHP corpus rejects changed API
2026-10-09T02:49:08.9759073Z ok 303 - PHP corpus rejects changed API
2026-10-09T02:49:08.9759779Z   ---
2026-10-09T02:49:08.9760135Z   duration_ms: 5.195409
2026-10-09T02:49:08.9760538Z   type: 'test'
2026-10-09T02:49:08.9760877Z   ...
2026-10-09T02:49:08.9761354Z # Subtest: PHP corpus rejects single caller
2026-10-09T02:49:08.9762002Z ok 304 - PHP corpus rejects single caller
2026-10-09T02:49:08.9762490Z   ---
2026-10-09T02:49:08.9762819Z   duration_ms: 7.872122
2026-10-09T02:49:08.9763209Z   type: 'test'
2026-10-09T02:49:08.9763554Z   ...
2026-10-09T02:49:08.9764056Z # Subtest: PHP corpus rejects mislabeled caller
2026-10-09T02:49:08.9764756Z ok 305 - PHP corpus rejects mislabeled caller
2026-10-09T02:49:08.9765265Z   ---
2026-10-09T02:49:08.9765608Z   duration_ms: 5.71614
2026-10-09T02:49:08.9765994Z   type: 'test'
2026-10-09T02:49:08.9766336Z   ...
2026-10-09T02:49:08.9766800Z # Subtest: PHP corpus rejects 32-bit host
2026-10-09T02:49:08.9767415Z ok 306 - PHP corpus rejects 32-bit host
2026-10-09T02:49:08.9767893Z   ---
2026-10-09T02:49:08.9768235Z   duration_ms: 5.327105
2026-10-09T02:49:08.9768634Z   type: 'test'
2026-10-09T02:49:08.9768988Z   ...
2026-10-09T02:49:08.9769629Z # Subtest: PHP corpus rejects threaded host
2026-10-09T02:49:08.9770278Z ok 307 - PHP corpus rejects threaded host
2026-10-09T02:49:08.9770760Z   ---
2026-10-09T02:49:08.9771102Z   duration_ms: 5.453261
2026-10-09T02:49:08.9771489Z   type: 'test'
2026-10-09T02:49:08.9771836Z   ...
2026-10-09T02:49:08.9772289Z # Subtest: PHP corpus rejects web SAPI
2026-10-09T02:49:08.9772887Z ok 308 - PHP corpus rejects web SAPI
2026-10-09T02:49:08.9773350Z   ---
2026-10-09T02:49:08.9773695Z   duration_ms: 5.403698
2026-10-09T02:49:08.9774097Z   type: 'test'
2026-10-09T02:49:08.9774442Z   ...
2026-10-09T02:49:08.9774980Z # Subtest: PHP corpus rejects retained records
2026-10-09T02:49:08.9775667Z ok 309 - PHP corpus rejects retained records
2026-10-09T02:49:08.9776177Z   ---
2026-10-09T02:49:08.9776511Z   duration_ms: 7.772205
2026-10-09T02:49:08.9776904Z   type: 'test'
2026-10-09T02:49:08.9777250Z   ...
2026-10-09T02:49:08.9777711Z # Subtest: PHP corpus rejects outside API
2026-10-09T02:49:08.9778360Z ok 310 - PHP corpus rejects outside API
2026-10-09T02:49:08.9778836Z   ---
2026-10-09T02:49:08.9779180Z   duration_ms: 5.572112
2026-10-09T02:49:08.9779753Z   type: 'test'
2026-10-09T02:49:08.9780099Z   ...
2026-10-09T02:49:08.9780632Z # Subtest: PHP corpus rejects missing native runtime
2026-10-09T02:49:08.9781382Z ok 311 - PHP corpus rejects missing native runtime
2026-10-09T02:49:08.9781933Z   ---
2026-10-09T02:49:08.9782284Z   duration_ms: 5.354996
2026-10-09T02:49:08.9782696Z   type: 'test'
2026-10-09T02:49:08.9783054Z   ...
2026-10-09T02:49:08.9783560Z # Subtest: PHP corpus rejects ambient PHP file
2026-10-09T02:49:08.9784337Z ok 312 - PHP corpus rejects ambient PHP file
2026-10-09T02:49:08.9784864Z   ---
2026-10-09T02:49:08.9785211Z   duration_ms: 5.472857
2026-10-09T02:49:08.9785610Z   type: 'test'
2026-10-09T02:49:08.9785968Z   ...
2026-10-09T02:49:08.9786574Z # Subtest: PHP corpus rejects strict calls in weak file
2026-10-09T02:49:08.9787533Z ok 313 - PHP corpus rejects strict calls in weak file
2026-10-09T02:49:08.9788196Z   ---
2026-10-09T02:49:08.9788497Z   duration_ms: 5.880156
2026-10-09T02:49:08.9788839Z   type: 'test'
2026-10-09T02:49:08.9789135Z   ...
2026-10-09T02:49:08.9789830Z # Subtest: PHP corpus rejects strict result drift
2026-10-09T02:49:08.9790514Z ok 314 - PHP corpus rejects strict result drift
2026-10-09T02:49:08.9791053Z   ---
2026-10-09T02:49:08.9791414Z   duration_ms: 5.424477
2026-10-09T02:49:08.9791839Z   type: 'test'
2026-10-09T02:49:08.9792193Z   ...
2026-10-09T02:49:08.9792748Z # Subtest: PHP corpus rejects missing strict error
2026-10-09T02:49:08.9793509Z ok 315 - PHP corpus rejects missing strict error
2026-10-09T02:49:08.9793665Z   ---
2026-10-09T02:49:08.9793836Z   duration_ms: 8.861878
2026-10-09T02:49:08.9793974Z   type: 'test'
2026-10-09T02:49:08.9794100Z   ...
2026-10-09T02:49:08.9794402Z # Subtest: PHP corpus rejects wrong error recovery
2026-10-09T02:49:08.9794704Z ok 316 - PHP corpus rejects wrong error recovery
2026-10-09T02:49:08.9794844Z   ---
2026-10-09T02:49:08.9795032Z   duration_ms: 6.644492
2026-10-09T02:49:08.9795195Z   type: 'test'
2026-10-09T02:49:08.9795350Z   ...
2026-10-09T02:49:08.9795712Z # Subtest: PHP corpus rejects wrong rejection stage
2026-10-09T02:49:08.9796068Z ok 317 - PHP corpus rejects wrong rejection stage
2026-10-09T02:49:08.9796218Z   ---
2026-10-09T02:49:08.9796396Z   duration_ms: 5.037766
2026-10-09T02:49:08.9796554Z   type: 'test'
2026-10-09T02:49:08.9796709Z   ...
2026-10-09T02:49:08.9797098Z # Subtest: PHP corpus rejects wrong rejection message
2026-10-09T02:49:08.9797466Z ok 318 - PHP corpus rejects wrong rejection message
2026-10-09T02:49:08.9797622Z   ---
2026-10-09T02:49:08.9797795Z   duration_ms: 4.888337
2026-10-09T02:49:08.9797962Z   type: 'test'
2026-10-09T02:49:08.9798115Z   ...
2026-10-09T02:49:08.9798476Z # Subtest: PHP corpus rejects wrong base recovery
2026-10-09T02:49:08.9798812Z ok 319 - PHP corpus rejects wrong base recovery
2026-10-09T02:49:08.9798965Z   ---
2026-10-09T02:49:08.9799136Z   duration_ms: 3.2386
2026-10-09T02:49:08.9799313Z   type: 'test'
2026-10-09T02:49:08.9799720Z   ...
2026-10-09T02:49:08.9800144Z # Subtest: PHP corpus rejects missing emptyComposerHome
2026-10-09T02:49:08.9800534Z ok 320 - PHP corpus rejects missing emptyComposerHome
2026-10-09T02:49:08.9800694Z   ---
2026-10-09T02:49:08.9800869Z   duration_ms: 3.349576
2026-10-09T02:49:08.9801035Z   type: 'test'
2026-10-09T02:49:08.9801200Z   ...
2026-10-09T02:49:08.9801557Z # Subtest: PHP corpus rejects missing emptyCache
2026-10-09T02:49:08.9801890Z ok 321 - PHP corpus rejects missing emptyCache
2026-10-09T02:49:08.9802030Z   ---
2026-10-09T02:49:08.9802198Z   duration_ms: 5.846561
2026-10-09T02:49:08.9802360Z   type: 'test'
2026-10-09T02:49:08.9802504Z   ...
2026-10-09T02:49:08.9802819Z # Subtest: PHP corpus rejects missing offline
2026-10-09T02:49:08.9803128Z ok 322 - PHP corpus rejects missing offline
2026-10-09T02:49:08.9803295Z   ---
2026-10-09T02:49:08.9803473Z   duration_ms: 5.000917
2026-10-09T02:49:08.9803640Z   type: 'test'
2026-10-09T02:49:08.9803803Z   ...
2026-10-09T02:49:08.9804176Z # Subtest: PHP corpus rejects missing lockedInstall
2026-10-09T02:49:08.9804535Z ok 323 - PHP corpus rejects missing lockedInstall
2026-10-09T02:49:08.9804688Z   ---
2026-10-09T02:49:08.9804855Z   duration_ms: 4.890781
2026-10-09T02:49:08.9805022Z   type: 'test'
2026-10-09T02:49:08.9805172Z   ...
2026-10-09T02:49:08.9805604Z # Subtest: PHP corpus rejects missing exactPublicSignatures
2026-10-09T02:49:08.9806002Z ok 324 - PHP corpus rejects missing exactPublicSignatures
2026-10-09T02:49:08.9806154Z   ---
2026-10-09T02:49:08.9806327Z   duration_ms: 4.958788
2026-10-09T02:49:08.9806489Z   type: 'test'
2026-10-09T02:49:08.9806637Z   ...
2026-10-09T02:49:08.9806991Z # Subtest: PHP corpus rejects missing publicApiOnly
2026-10-09T02:49:08.9807333Z ok 325 - PHP corpus rejects missing publicApiOnly
2026-10-09T02:49:08.9807484Z   ---
2026-10-09T02:49:08.9807654Z   duration_ms: 4.851497
2026-10-09T02:49:08.9807808Z   type: 'test'
2026-10-09T02:49:08.9807960Z   ...
2026-10-09T02:49:08.9808698Z # Subtest: PHP corpus rejects missing relocated
2026-10-09T02:49:08.9809069Z ok 326 - PHP corpus rejects missing relocated
2026-10-09T02:49:08.9809229Z   ---
2026-10-09T02:49:08.9809678Z   duration_ms: 4.879109
2026-10-09T02:49:08.9809863Z   type: 'test'
2026-10-09T02:49:08.9810021Z   ...
2026-10-09T02:49:08.9810453Z # Subtest: PHP corpus rejects missing compilerFreeExecution
2026-10-09T02:49:08.9810870Z ok 327 - PHP corpus rejects missing compilerFreeExecution
2026-10-09T02:49:08.9811037Z   ---
2026-10-09T02:49:08.9811219Z   duration_ms: 5.053033
2026-10-09T02:49:08.9811389Z   type: 'test'
2026-10-09T02:49:08.9811532Z   ...
2026-10-09T02:49:08.9812011Z # Subtest: PHP corpus rejects missing runtimeOverridesDisabled
2026-10-09T02:49:08.9812450Z ok 328 - PHP corpus rejects missing runtimeOverridesDisabled
2026-10-09T02:49:08.9812612Z   ---
2026-10-09T02:49:08.9812785Z   duration_ms: 4.838434
2026-10-09T02:49:08.9812961Z   type: 'test'
2026-10-09T02:49:08.9813111Z   ...
2026-10-09T02:49:08.9813497Z # Subtest: PHP corpus rejects missing iniDisabled
2026-10-09T02:49:08.9813835Z ok 329 - PHP corpus rejects missing iniDisabled
2026-10-09T02:49:08.9813995Z   ---
2026-10-09T02:49:08.9814175Z   duration_ms: 4.831621
2026-10-09T02:49:08.9814333Z   type: 'test'
2026-10-09T02:49:08.9814516Z   ...
2026-10-09T02:49:08.9814867Z # Subtest: PHP corpus rejects missing repeatExecution
2026-10-09T02:49:08.9815198Z ok 330 - PHP corpus rejects missing repeatExecution
2026-10-09T02:49:08.9815329Z   ---
2026-10-09T02:49:08.9815477Z   duration_ms: 7.333346
2026-10-09T02:49:08.9815614Z   type: 'test'
2026-10-09T02:49:08.9815742Z   ...
2026-10-09T02:49:08.9816101Z # Subtest: PHP corpus rejects missing unchangedDeployment
2026-10-09T02:49:08.9816449Z ok 331 - PHP corpus rejects missing unchangedDeployment
2026-10-09T02:49:08.9816578Z   ---
2026-10-09T02:49:08.9816722Z   duration_ms: 3.512541
2026-10-09T02:49:08.9816860Z   type: 'test'
2026-10-09T02:49:08.9816989Z   ...
2026-10-09T02:49:08.9817310Z # Subtest: PHP corpus rejects missing localLibraries
2026-10-09T02:49:08.9817612Z ok 332 - PHP corpus rejects missing localLibraries
2026-10-09T02:49:08.9817747Z   ---
2026-10-09T02:49:08.9817900Z   duration_ms: 3.292691
2026-10-09T02:49:08.9818050Z   type: 'test'
2026-10-09T02:49:08.9818178Z   ...
2026-10-09T02:49:08.9818615Z # Subtest: native PHP corpus accepts the PHP 8.4 boolean NTS constant
2026-10-09T02:49:08.9819028Z ok 333 - native PHP corpus accepts the PHP 8.4 boolean NTS constant
2026-10-09T02:49:08.9819162Z   ---
2026-10-09T02:49:08.9819324Z   duration_ms: 156.075514
2026-10-09T02:49:08.9819710Z   type: 'test'
2026-10-09T02:49:08.9819850Z   ...
2026-10-09T02:49:08.9820405Z # Subtest: PHP-Wasm corpus requires all installed loading routes and 32-bit callers
2026-10-09T02:49:08.9820921Z ok 334 - PHP-Wasm corpus requires all installed loading routes and 32-bit callers
2026-10-09T02:49:08.9821060Z   ---
2026-10-09T02:49:08.9821220Z   duration_ms: 160.799979
2026-10-09T02:49:08.9821366Z   type: 'test'
2026-10-09T02:49:08.9821519Z   ...
2026-10-09T02:49:08.9821852Z # Subtest: PHP-Wasm corpus rejects missing evidence
2026-10-09T02:49:08.9822172Z ok 335 - PHP-Wasm corpus rejects missing evidence
2026-10-09T02:49:08.9822319Z   ---
2026-10-09T02:49:08.9822487Z   duration_ms: 9.460904
2026-10-09T02:49:08.9822643Z   type: 'test'
2026-10-09T02:49:08.9822783Z   ...
2026-10-09T02:49:08.9823177Z # Subtest: PHP-Wasm corpus rejects missing runtime archive
2026-10-09T02:49:08.9823543Z ok 336 - PHP-Wasm corpus rejects missing runtime archive
2026-10-09T02:49:08.9823687Z   ---
2026-10-09T02:49:08.9823844Z   duration_ms: 9.681235
2026-10-09T02:49:08.9823996Z   type: 'test'
2026-10-09T02:49:08.9824138Z   ...
2026-10-09T02:49:08.9824492Z # Subtest: PHP-Wasm corpus rejects wrong Composer archive
2026-10-09T02:49:08.9824840Z ok 337 - PHP-Wasm corpus rejects wrong Composer archive
2026-10-09T02:49:08.9824978Z   ---
2026-10-09T02:49:08.9825151Z   duration_ms: 11.615172
2026-10-09T02:49:08.9825308Z   type: 'test'
2026-10-09T02:49:08.9825650Z   ...
2026-10-09T02:49:08.9826175Z # Subtest: PHP-Wasm corpus rejects wrong runtime identity
2026-10-09T02:49:08.9826535Z ok 338 - PHP-Wasm corpus rejects wrong runtime identity
2026-10-09T02:49:08.9826677Z   ---
2026-10-09T02:49:08.9826841Z   duration_ms: 5.72155
2026-10-09T02:49:08.9826988Z   type: 'test'
2026-10-09T02:49:08.9827129Z   ...
2026-10-09T02:49:08.9827459Z # Subtest: PHP-Wasm corpus rejects wrong PHP host
2026-10-09T02:49:08.9827772Z ok 339 - PHP-Wasm corpus rejects wrong PHP host
2026-10-09T02:49:08.9827914Z   ---
2026-10-09T02:49:08.9828073Z   duration_ms: 5.341512
2026-10-09T02:49:08.9828227Z   type: 'test'
2026-10-09T02:49:08.9828370Z   ...
2026-10-09T02:49:08.9828762Z # Subtest: PHP-Wasm corpus rejects unidentified host files
2026-10-09T02:49:08.9829122Z ok 340 - PHP-Wasm corpus rejects unidentified host files
2026-10-09T02:49:08.9829264Z   ---
2026-10-09T02:49:08.9829645Z   duration_ms: 5.448931
2026-10-09T02:49:08.9829807Z   type: 'test'
2026-10-09T02:49:08.9829944Z   ...
2026-10-09T02:49:08.9830277Z # Subtest: PHP-Wasm corpus rejects changed host
2026-10-09T02:49:08.9830581Z ok 341 - PHP-Wasm corpus rejects changed host
2026-10-09T02:49:08.9830725Z   ---
2026-10-09T02:49:08.9830886Z   duration_ms: 5.739614
2026-10-09T02:49:08.9831036Z   type: 'test'
2026-10-09T02:49:08.9831179Z   ...
2026-10-09T02:49:08.9831511Z # Subtest: PHP-Wasm corpus rejects wrong word size
2026-10-09T02:49:08.9831828Z ok 342 - PHP-Wasm corpus rejects wrong word size
2026-10-09T02:49:08.9831965Z   ---
2026-10-09T02:49:08.9832130Z   duration_ms: 25.523611
2026-10-09T02:49:08.9832283Z   type: 'test'
2026-10-09T02:49:08.9832425Z   ...
2026-10-09T02:49:08.9832731Z # Subtest: PHP-Wasm corpus rejects native SAPI
2026-10-09T02:49:08.9833031Z ok 343 - PHP-Wasm corpus rejects native SAPI
2026-10-09T02:49:08.9833174Z   ---
2026-10-09T02:49:08.9833337Z   duration_ms: 17.377869
2026-10-09T02:49:08.9833496Z   type: 'test'
2026-10-09T02:49:08.9833631Z   ...
2026-10-09T02:49:08.9833983Z # Subtest: PHP-Wasm corpus rejects wrong PHP version
2026-10-09T02:49:08.9834318Z ok 344 - PHP-Wasm corpus rejects wrong PHP version
2026-10-09T02:49:08.9834461Z   ---
2026-10-09T02:49:08.9834615Z   duration_ms: 5.095583
2026-10-09T02:49:08.9834768Z   type: 'test'
2026-10-09T02:49:08.9834911Z   ...
2026-10-09T02:49:08.9835233Z # Subtest: PHP-Wasm corpus rejects threaded host
2026-10-09T02:49:08.9835530Z ok 345 - PHP-Wasm corpus rejects threaded host
2026-10-09T02:49:08.9835674Z   ---
2026-10-09T02:49:08.9835838Z   duration_ms: 13.567483
2026-10-09T02:49:08.9835990Z   type: 'test'
2026-10-09T02:49:08.9836131Z   ...
2026-10-09T02:49:08.9836456Z # Subtest: PHP-Wasm corpus rejects retained record
2026-10-09T02:49:08.9836769Z ok 346 - PHP-Wasm corpus rejects retained record
2026-10-09T02:49:08.9836911Z   ---
2026-10-09T02:49:08.9837073Z   duration_ms: 16.386911
2026-10-09T02:49:08.9837218Z   type: 'test'
2026-10-09T02:49:08.9837362Z   ...
2026-10-09T02:49:08.9837710Z # Subtest: PHP-Wasm corpus rejects wrong API location
2026-10-09T02:49:08.9838045Z ok 347 - PHP-Wasm corpus rejects wrong API location
2026-10-09T02:49:08.9838191Z   ---
2026-10-09T02:49:08.9838356Z   duration_ms: 18.065019
2026-10-09T02:49:08.9838509Z   type: 'test'
2026-10-09T02:49:08.9838649Z   ...
2026-10-09T02:49:08.9839001Z # Subtest: PHP-Wasm corpus rejects foreign PHP include
2026-10-09T02:49:08.9839505Z ok 348 - PHP-Wasm corpus rejects foreign PHP include
2026-10-09T02:49:08.9839660Z   ---
2026-10-09T02:49:08.9839833Z   duration_ms: 11.449092
2026-10-09T02:49:08.9839982Z   type: 'test'
2026-10-09T02:49:08.9840117Z   ...
2026-10-09T02:49:08.9840426Z # Subtest: PHP-Wasm corpus rejects changed caller
2026-10-09T02:49:08.9840726Z ok 349 - PHP-Wasm corpus rejects changed caller
2026-10-09T02:49:08.9840865Z   ---
2026-10-09T02:49:08.9841017Z   duration_ms: 6.480275
2026-10-09T02:49:08.9841165Z   type: 'test'
2026-10-09T02:49:08.9841303Z   ...
2026-10-09T02:49:08.9841614Z # Subtest: PHP-Wasm corpus rejects changed request
2026-10-09T02:49:08.9841926Z ok 350 - PHP-Wasm corpus rejects changed request
2026-10-09T02:49:08.9842348Z   ---
2026-10-09T02:49:08.9842517Z   duration_ms: 8.99717
2026-10-09T02:49:08.9842657Z   type: 'test'
2026-10-09T02:49:08.9842790Z   ...
2026-10-09T02:49:08.9843078Z # Subtest: PHP-Wasm corpus rejects missing route
2026-10-09T02:49:08.9843363Z ok 351 - PHP-Wasm corpus rejects missing route
2026-10-09T02:49:08.9843501Z   ---
2026-10-09T02:49:08.9843650Z   duration_ms: 8.859253
2026-10-09T02:49:08.9843788Z   type: 'test'
2026-10-09T02:49:08.9843922Z   ...
2026-10-09T02:49:08.9844240Z # Subtest: PHP-Wasm corpus rejects duplicate route
2026-10-09T02:49:08.9844552Z ok 352 - PHP-Wasm corpus rejects duplicate route
2026-10-09T02:49:08.9844699Z   ---
2026-10-09T02:49:08.9844858Z   duration_ms: 12.517895
2026-10-09T02:49:08.9845013Z   type: 'test'
2026-10-09T02:49:08.9845150Z   ...
2026-10-09T02:49:08.9845461Z # Subtest: PHP-Wasm corpus rejects wrong caller mode
2026-10-09T02:49:08.9845742Z ok 353 - PHP-Wasm corpus rejects wrong caller mode
2026-10-09T02:49:08.9845872Z   ---
2026-10-09T02:49:08.9846027Z   duration_ms: 11.04102
2026-10-09T02:49:08.9846182Z   type: 'test'
2026-10-09T02:49:08.9846306Z   ...
2026-10-09T02:49:08.9846610Z # Subtest: PHP-Wasm corpus rejects cold eager fetch
2026-10-09T02:49:08.9846903Z ok 354 - PHP-Wasm corpus rejects cold eager fetch
2026-10-09T02:49:08.9847042Z   ---
2026-10-09T02:49:08.9847197Z   duration_ms: 9.547546
2026-10-09T02:49:08.9847347Z   type: 'test'
2026-10-09T02:49:08.9847491Z   ...
2026-10-09T02:49:08.9847853Z # Subtest: PHP-Wasm corpus rejects invalid input fetch
2026-10-09T02:49:08.9848186Z ok 355 - PHP-Wasm corpus rejects invalid input fetch
2026-10-09T02:49:08.9848322Z   ---
2026-10-09T02:49:08.9848489Z   duration_ms: 9.483416
2026-10-09T02:49:08.9848640Z   type: 'test'
2026-10-09T02:49:08.9848780Z   ...
2026-10-09T02:49:08.9849146Z # Subtest: PHP-Wasm corpus rejects missing library fetch
2026-10-09T02:49:08.9849653Z ok 356 - PHP-Wasm corpus rejects missing library fetch
2026-10-09T02:49:08.9849790Z   ---
2026-10-09T02:49:08.9849949Z   duration_ms: 8.952305
2026-10-09T02:49:08.9850099Z   type: 'test'
2026-10-09T02:49:08.9850235Z   ...
2026-10-09T02:49:08.9850588Z # Subtest: PHP-Wasm corpus rejects wrong browser result
2026-10-09T02:49:08.9850939Z ok 357 - PHP-Wasm corpus rejects wrong browser result
2026-10-09T02:49:08.9851084Z   ---
2026-10-09T02:49:08.9851246Z   duration_ms: 13.325962
2026-10-09T02:49:08.9851409Z   type: 'test'
2026-10-09T02:49:08.9851551Z   ...
2026-10-09T02:49:08.9851929Z # Subtest: PHP-Wasm corpus rejects missing browser asset
2026-10-09T02:49:08.9852278Z ok 358 - PHP-Wasm corpus rejects missing browser asset
2026-10-09T02:49:08.9852426Z   ---
2026-10-09T02:49:08.9852593Z   duration_ms: 11.5925
2026-10-09T02:49:08.9852751Z   type: 'test'
2026-10-09T02:49:08.9852892Z   ...
2026-10-09T02:49:08.9853282Z # Subtest: PHP-Wasm corpus rejects unbound browser request
2026-10-09T02:49:08.9853649Z ok 359 - PHP-Wasm corpus rejects unbound browser request
2026-10-09T02:49:08.9853796Z   ---
2026-10-09T02:49:08.9853970Z   duration_ms: 14.469535
2026-10-09T02:49:08.9854174Z   type: 'test'
2026-10-09T02:49:08.9854346Z   ...
2026-10-09T02:49:08.9854953Z # Subtest: PHP-Wasm corpus rejects external browser asset
2026-10-09T02:49:08.9855455Z ok 360 - PHP-Wasm corpus rejects external browser asset
2026-10-09T02:49:08.9855576Z   ---
2026-10-09T02:49:08.9855680Z   duration_ms: 11.655126
2026-10-09T02:49:08.9855777Z   type: 'test'
2026-10-09T02:49:08.9855878Z   ...
2026-10-09T02:49:08.9856122Z # Subtest: PHP-Wasm corpus rejects missing supplemental error
2026-10-09T02:49:08.9856356Z ok 361 - PHP-Wasm corpus rejects missing supplemental error
2026-10-09T02:49:08.9856441Z   ---
2026-10-09T02:49:08.9856539Z   duration_ms: 12.390157
2026-10-09T02:49:08.9856631Z   type: 'test'
2026-10-09T02:49:08.9856710Z   ...
2026-10-09T02:49:08.9856950Z # Subtest: PHP-Wasm corpus rejects wrong supplemental recovery
2026-10-09T02:49:08.9857181Z ok 362 - PHP-Wasm corpus rejects wrong supplemental recovery
2026-10-09T02:49:08.9857268Z   ---
2026-10-09T02:49:08.9857545Z   duration_ms: 9.817429
2026-10-09T02:49:08.9857743Z   type: 'test'
2026-10-09T02:49:08.9857828Z   ...
2026-10-09T02:49:08.9858045Z # Subtest: PHP-Wasm corpus rejects wrong primary recovery
2026-10-09T02:49:08.9858247Z ok 363 - PHP-Wasm corpus rejects wrong primary recovery
2026-10-09T02:49:08.9858327Z   ---
2026-10-09T02:49:08.9858426Z   duration_ms: 8.512275
2026-10-09T02:49:08.9858517Z   type: 'test'
2026-10-09T02:49:08.9858601Z   ...
2026-10-09T02:49:08.9858805Z # Subtest: PHP-Wasm corpus rejects wrong rejection stage
2026-10-09T02:49:08.9859007Z ok 364 - PHP-Wasm corpus rejects wrong rejection stage
2026-10-09T02:49:08.9859092Z   ---
2026-10-09T02:49:08.9859190Z   duration_ms: 5.641822
2026-10-09T02:49:08.9859278Z   type: 'test'
2026-10-09T02:49:08.9859608Z   ...
2026-10-09T02:49:08.9859840Z # Subtest: PHP-Wasm corpus rejects unbound npm lock
2026-10-09T02:49:08.9860026Z ok 365 - PHP-Wasm corpus rejects unbound npm lock
2026-10-09T02:49:08.9860115Z   ---
2026-10-09T02:49:08.9860209Z   duration_ms: 10.23033
2026-10-09T02:49:08.9860311Z   type: 'test'
2026-10-09T02:49:08.9860398Z   ...
2026-10-09T02:49:08.9860610Z # Subtest: PHP-Wasm corpus rejects unbound Composer lock
2026-10-09T02:49:08.9860804Z ok 366 - PHP-Wasm corpus rejects unbound Composer lock
2026-10-09T02:49:08.9860890Z   ---
2026-10-09T02:49:08.9860990Z   duration_ms: 8.3649
2026-10-09T02:49:08.9861081Z   type: 'test'
2026-10-09T02:49:08.9875078Z   ...
2026-10-09T02:49:08.9875519Z # Subtest: PHP-Wasm corpus rejects changed integer dependency
2026-10-09T02:49:08.9875977Z ok 367 - PHP-Wasm corpus rejects changed integer dependency
2026-10-09T02:49:08.9876180Z   ---
2026-10-09T02:49:08.9876392Z   duration_ms: 8.15042
2026-10-09T02:49:08.9876551Z   type: 'test'
2026-10-09T02:49:08.9876681Z   ...
2026-10-09T02:49:08.9877057Z # Subtest: PHP-Wasm corpus rejects missing integer source
2026-10-09T02:49:08.9877416Z ok 368 - PHP-Wasm corpus rejects missing integer source
2026-10-09T02:49:08.9877559Z   ---
2026-10-09T02:49:08.9877723Z   duration_ms: 8.539096
2026-10-09T02:49:08.9877885Z   type: 'test'
2026-10-09T02:49:08.9878034Z   ...
2026-10-09T02:49:08.9878469Z # Subtest: PHP-Wasm corpus rejects changed bundled integer source
2026-10-09T02:49:08.9878869Z ok 369 - PHP-Wasm corpus rejects changed bundled integer source
2026-10-09T02:49:08.9879023Z   ---
2026-10-09T02:49:08.9879252Z   duration_ms: 6.255396
2026-10-09T02:49:08.9879661Z   type: 'test'
2026-10-09T02:49:08.9879861Z   ...
2026-10-09T02:49:08.9880304Z # Subtest: PHP-Wasm corpus rejects missing bundled bootstrap
2026-10-09T02:49:08.9880547Z ok 370 - PHP-Wasm corpus rejects missing bundled bootstrap
2026-10-09T02:49:08.9880639Z   ---
2026-10-09T02:49:08.9880745Z   duration_ms: 11.958692
2026-10-09T02:49:08.9880841Z   type: 'test'
2026-10-09T02:49:08.9880924Z   ...
2026-10-09T02:49:08.9881174Z # Subtest: PHP-Wasm corpus rejects missing loaded integer class
2026-10-09T02:49:08.9881405Z ok 371 - PHP-Wasm corpus rejects missing loaded integer class
2026-10-09T02:49:08.9881495Z   ---
2026-10-09T02:49:08.9881598Z   duration_ms: 9.374663
2026-10-09T02:49:08.9881697Z   type: 'test'
2026-10-09T02:49:08.9881785Z   ...
2026-10-09T02:49:08.9882022Z # Subtest: PHP-Wasm corpus rejects unidentified Composer
2026-10-09T02:49:08.9882246Z ok 372 - PHP-Wasm corpus rejects unidentified Composer
2026-10-09T02:49:08.9882330Z   ---
2026-10-09T02:49:08.9882439Z   duration_ms: 10.970349
2026-10-09T02:49:08.9882537Z   type: 'test'
2026-10-09T02:49:08.9882623Z   ...
2026-10-09T02:49:08.9882849Z # Subtest: PHP-Wasm corpus rejects ambient Composer plugin
2026-10-09T02:49:08.9883059Z ok 373 - PHP-Wasm corpus rejects ambient Composer plugin
2026-10-09T02:49:08.9883146Z   ---
2026-10-09T02:49:08.9883247Z   duration_ms: 10.385518
2026-10-09T02:49:08.9883336Z   type: 'test'
2026-10-09T02:49:08.9883424Z   ...
2026-10-09T02:49:08.9883638Z # Subtest: PHP-Wasm corpus rejects ambient PHP extension
2026-10-09T02:49:08.9883841Z ok 374 - PHP-Wasm corpus rejects ambient PHP extension
2026-10-09T02:49:08.9883933Z   ---
2026-10-09T02:49:08.9884203Z   duration_ms: 10.688344
2026-10-09T02:49:08.9884406Z   type: 'test'
2026-10-09T02:49:08.9884503Z   ...
2026-10-09T02:49:08.9884740Z # Subtest: PHP-Wasm corpus rejects unbound compiled receipt
2026-10-09T02:49:08.9884951Z ok 375 - PHP-Wasm corpus rejects unbound compiled receipt
2026-10-09T02:49:08.9885039Z   ---
2026-10-09T02:49:08.9885138Z   duration_ms: 13.125548
2026-10-09T02:49:08.9885232Z   type: 'test'
2026-10-09T02:49:08.9885312Z   ...
2026-10-09T02:49:08.9885525Z # Subtest: PHP-Wasm corpus rejects unbound declarations
2026-10-09T02:49:08.9885787Z ok 376 - PHP-Wasm corpus rejects unbound declarations
2026-10-09T02:49:08.9885876Z   ---
2026-10-09T02:49:08.9885975Z   duration_ms: 9.69435
2026-10-09T02:49:08.9886064Z   type: 'test'
2026-10-09T02:49:08.9886151Z   ...
2026-10-09T02:49:08.9886393Z # Subtest: PHP-Wasm corpus rejects wrong pending type rejection
2026-10-09T02:49:08.9886668Z ok 377 - PHP-Wasm corpus rejects wrong pending type rejection
2026-10-09T02:49:08.9886752Z   ---
2026-10-09T02:49:08.9886864Z   duration_ms: 18.996788
2026-10-09T02:49:08.9887070Z   type: 'test'
2026-10-09T02:49:08.9887224Z   ...
2026-10-09T02:49:08.9887621Z # Subtest: PHP-Wasm corpus rejects missing offlineInstall
2026-10-09T02:49:08.9887989Z ok 378 - PHP-Wasm corpus rejects missing offlineInstall
2026-10-09T02:49:08.9888154Z   ---
2026-10-09T02:49:08.9888332Z   duration_ms: 8.818647
2026-10-09T02:49:08.9888500Z   type: 'test'
2026-10-09T02:49:08.9888644Z   ...
2026-10-09T02:49:08.9889020Z # Subtest: PHP-Wasm corpus rejects missing emptyCaches
2026-10-09T02:49:08.9889608Z ok 379 - PHP-Wasm corpus rejects missing emptyCaches
2026-10-09T02:49:08.9889783Z   ---
2026-10-09T02:49:08.9889957Z   duration_ms: 5.37805
2026-10-09T02:49:08.9890123Z   type: 'test'
2026-10-09T02:49:08.9890272Z   ...
2026-10-09T02:49:08.9890689Z # Subtest: PHP-Wasm corpus rejects missing lockedInstall
2026-10-09T02:49:08.9891086Z ok 380 - PHP-Wasm corpus rejects missing lockedInstall
2026-10-09T02:49:08.9891241Z   ---
2026-10-09T02:49:08.9891426Z   duration_ms: 5.571581
2026-10-09T02:49:08.9891618Z   type: 'test'
2026-10-09T02:49:08.9891778Z   ...
2026-10-09T02:49:08.9892162Z # Subtest: PHP-Wasm corpus rejects missing relocated
2026-10-09T02:49:08.9892535Z ok 381 - PHP-Wasm corpus rejects missing relocated
2026-10-09T02:49:08.9892692Z   ---
2026-10-09T02:49:08.9892861Z   duration_ms: 5.286459
2026-10-09T02:49:08.9893027Z   type: 'test'
2026-10-09T02:49:08.9893179Z   ...
2026-10-09T02:49:08.9893596Z # Subtest: PHP-Wasm corpus rejects missing publicApiOnly
2026-10-09T02:49:08.9893842Z ok 382 - PHP-Wasm corpus rejects missing publicApiOnly
2026-10-09T02:49:08.9893932Z   ---
2026-10-09T02:49:08.9894030Z   duration_ms: 5.251273
2026-10-09T02:49:08.9894126Z   type: 'test'
2026-10-09T02:49:08.9894213Z   ...
2026-10-09T02:49:08.9894443Z # Subtest: PHP-Wasm corpus rejects missing repeatExecution
2026-10-09T02:49:08.9894647Z ok 383 - PHP-Wasm corpus rejects missing repeatExecution
2026-10-09T02:49:08.9894743Z   ---
2026-10-09T02:49:08.9894842Z   duration_ms: 5.210417
2026-10-09T02:49:08.9894948Z   type: 'test'
2026-10-09T02:49:08.9895030Z   ...
2026-10-09T02:49:08.9895295Z # Subtest: PHP-Wasm corpus rejects missing unchangedDeployment
2026-10-09T02:49:08.9895524Z ok 384 - PHP-Wasm corpus rejects missing unchangedDeployment
2026-10-09T02:49:08.9895612Z   ---
2026-10-09T02:49:08.9895713Z   duration_ms: 5.328067
2026-10-09T02:49:08.9895802Z   type: 'test'
2026-10-09T02:49:08.9895890Z   ...
2026-10-09T02:49:08.9896147Z # Subtest: PHP-Wasm corpus rejects missing compilerFreeExecution
2026-10-09T02:49:08.9896384Z ok 385 - PHP-Wasm corpus rejects missing compilerFreeExecution
2026-10-09T02:49:08.9896467Z   ---
2026-10-09T02:49:08.9896568Z   duration_ms: 7.31361
2026-10-09T02:49:08.9896661Z   type: 'test'
2026-10-09T02:49:08.9896746Z   ...
2026-10-09T02:49:08.9897103Z # Subtest: WIT corpus distinguishes public calls, typed-field range failures and recovery
2026-10-09T02:49:08.9897442Z ok 386 - WIT corpus distinguishes public calls, typed-field range failures and recovery
2026-10-09T02:49:08.9897827Z   ---
2026-10-09T02:49:08.9897940Z   duration_ms: 169.519527
2026-10-09T02:49:08.9898036Z   type: 'test'
2026-10-09T02:49:08.9898118Z   ...
2026-10-09T02:49:08.9898307Z # Subtest: WIT corpus rejects missing evidence
2026-10-09T02:49:08.9898478Z ok 387 - WIT corpus rejects missing evidence
2026-10-09T02:49:08.9898565Z   ---
2026-10-09T02:49:08.9898662Z   duration_ms: 3.643244
2026-10-09T02:49:08.9898757Z   type: 'test'
2026-10-09T02:49:08.9898842Z   ...
2026-10-09T02:49:08.9899225Z # Subtest: WIT corpus rejects wrong Wasmtime version
2026-10-09T02:49:08.9899793Z ok 388 - WIT corpus rejects wrong Wasmtime version
2026-10-09T02:49:08.9899969Z   ---
2026-10-09T02:49:08.9900162Z   duration_ms: 5.651249
2026-10-09T02:49:08.9900346Z   type: 'test'
2026-10-09T02:49:08.9900515Z   ...
2026-10-09T02:49:08.9900760Z # Subtest: WIT corpus rejects missing package receipt
2026-10-09T02:49:08.9900955Z ok 389 - WIT corpus rejects missing package receipt
2026-10-09T02:49:08.9901042Z   ---
2026-10-09T02:49:08.9901151Z   duration_ms: 5.615713
2026-10-09T02:49:08.9901244Z   type: 'test'
2026-10-09T02:49:08.9901333Z   ...
2026-10-09T02:49:08.9901543Z # Subtest: WIT corpus rejects different package receipt
2026-10-09T02:49:08.9901740Z ok 390 - WIT corpus rejects different package receipt
2026-10-09T02:49:08.9901897Z   ---
2026-10-09T02:49:08.9902076Z   duration_ms: 6.990838
2026-10-09T02:49:08.9902252Z   type: 'test'
2026-10-09T02:49:08.9902452Z   ...
2026-10-09T02:49:08.9902856Z # Subtest: WIT corpus rejects different archive
2026-10-09T02:49:08.9903177Z ok 391 - WIT corpus rejects different archive
2026-10-09T02:49:08.9903339Z   ---
2026-10-09T02:49:08.9903522Z   duration_ms: 6.535689
2026-10-09T02:49:08.9903700Z   type: 'test'
2026-10-09T02:49:08.9903848Z   ...
2026-10-09T02:49:08.9904204Z # Subtest: WIT corpus rejects different compiler
2026-10-09T02:49:08.9904586Z ok 392 - WIT corpus rejects different compiler
2026-10-09T02:49:08.9904751Z   ---
2026-10-09T02:49:08.9904931Z   duration_ms: 5.010214
2026-10-09T02:49:08.9905114Z   type: 'test'
2026-10-09T02:49:08.9905268Z   ...
2026-10-09T02:49:08.9905727Z # Subtest: WIT corpus rejects disabled conversion diagnostics
2026-10-09T02:49:08.9906172Z ok 393 - WIT corpus rejects disabled conversion diagnostics
2026-10-09T02:49:08.9906324Z   ---
2026-10-09T02:49:08.9906512Z   duration_ms: 6.946454
2026-10-09T02:49:08.9906691Z   type: 'test'
2026-10-09T02:49:08.9906852Z   ...
2026-10-09T02:49:08.9907216Z # Subtest: WIT corpus rejects disabled assertions
2026-10-09T02:49:08.9907572Z ok 394 - WIT corpus rejects disabled assertions
2026-10-09T02:49:08.9907739Z   ---
2026-10-09T02:49:08.9907913Z   duration_ms: 6.81539
2026-10-09T02:49:08.9908080Z   type: 'test'
2026-10-09T02:49:08.9908242Z   ...
2026-10-09T02:49:08.9908598Z # Subtest: WIT corpus rejects different caller
2026-10-09T02:49:08.9908930Z ok 395 - WIT corpus rejects different caller
2026-10-09T02:49:08.9909095Z   ---
2026-10-09T02:49:08.9909271Z   duration_ms: 5.939898
2026-10-09T02:49:08.9909719Z   type: 'test'
2026-10-09T02:49:08.9909904Z   ...
2026-10-09T02:49:08.9910331Z # Subtest: WIT corpus rejects missing executable identity
2026-10-09T02:49:08.9910730Z ok 396 - WIT corpus rejects missing executable identity
2026-10-09T02:49:08.9910873Z   ---
2026-10-09T02:49:08.9911033Z   duration_ms: 2.693893
2026-10-09T02:49:08.9911183Z   type: 'test'
2026-10-09T02:49:08.9911316Z   ...
2026-10-09T02:49:08.9911659Z # Subtest: WIT corpus rejects different wasm-tools
2026-10-09T02:49:08.9912011Z ok 397 - WIT corpus rejects different wasm-tools
2026-10-09T02:49:08.9912163Z   ---
2026-10-09T02:49:08.9912334Z   duration_ms: 3.773277
2026-10-09T02:49:08.9912504Z   type: 'test'
2026-10-09T02:49:08.9912654Z   ...
2026-10-09T02:49:08.9913040Z # Subtest: WIT corpus rejects missing parser identity
2026-10-09T02:49:08.9913403Z ok 398 - WIT corpus rejects missing parser identity
2026-10-09T02:49:08.9913553Z   ---
2026-10-09T02:49:08.9913734Z   duration_ms: 2.995045
2026-10-09T02:49:08.9913913Z   type: 'test'
2026-10-09T02:49:08.9914079Z   ...
2026-10-09T02:49:08.9914895Z # Subtest: WIT corpus rejects different component receipt
2026-10-09T02:49:08.9915333Z ok 399 - WIT corpus rejects different component receipt
2026-10-09T02:49:08.9915519Z   ---
2026-10-09T02:49:08.9915765Z   duration_ms: 5.385023
2026-10-09T02:49:08.9915935Z   type: 'test'
2026-10-09T02:49:08.9916100Z   ...
2026-10-09T02:49:08.9916478Z # Subtest: WIT corpus rejects different native adapter
2026-10-09T02:49:08.9916848Z ok 400 - WIT corpus rejects different native adapter
2026-10-09T02:49:08.9917014Z   ---
2026-10-09T02:49:08.9917193Z   duration_ms: 6.689055
2026-10-09T02:49:08.9917371Z   type: 'test'
2026-10-09T02:49:08.9917524Z   ...
2026-10-09T02:49:08.9917879Z # Subtest: WIT corpus rejects different runtime
2026-10-09T02:49:08.9918209Z ok 401 - WIT corpus rejects different runtime
2026-10-09T02:49:08.9918369Z   ---
2026-10-09T02:49:08.9918545Z   duration_ms: 6.436063
2026-10-09T02:49:08.9918718Z   type: 'test'
2026-10-09T02:49:08.9918868Z   ...
2026-10-09T02:49:08.9919248Z # Subtest: WIT corpus rejects changed public header
2026-10-09T02:49:08.9919861Z ok 402 - WIT corpus rejects changed public header
2026-10-09T02:49:08.9920011Z   ---
2026-10-09T02:49:08.9920197Z   duration_ms: 7.510216
2026-10-09T02:49:08.9920361Z   type: 'test'
2026-10-09T02:49:08.9920524Z   ...
2026-10-09T02:49:08.9920912Z # Subtest: WIT corpus rejects changed engine payload
2026-10-09T02:49:08.9921279Z ok 403 - WIT corpus rejects changed engine payload
2026-10-09T02:49:08.9921432Z   ---
2026-10-09T02:49:08.9921621Z   duration_ms: 5.554058
2026-10-09T02:49:08.9922123Z   type: 'test'
2026-10-09T02:49:08.9922319Z   ...
2026-10-09T02:49:08.9922700Z # Subtest: WIT corpus rejects different engine pin
2026-10-09T02:49:08.9923061Z ok 404 - WIT corpus rejects different engine pin
2026-10-09T02:49:08.9923226Z   ---
2026-10-09T02:49:08.9923417Z   duration_ms: 4.103313
2026-10-09T02:49:08.9923590Z   type: 'test'
2026-10-09T02:49:08.9923761Z   ...
2026-10-09T02:49:08.9924185Z # Subtest: WIT corpus rejects different component binary
2026-10-09T02:49:08.9924611Z ok 405 - WIT corpus rejects different component binary
2026-10-09T02:49:08.9924778Z   ---
2026-10-09T02:49:08.9924995Z   duration_ms: 5.502893
2026-10-09T02:49:08.9925204Z   type: 'test'
2026-10-09T02:49:08.9925360Z   ...
2026-10-09T02:49:08.9926331Z # Subtest: WIT corpus rejects different WIT source
2026-10-09T02:49:08.9926731Z ok 406 - WIT corpus rejects different WIT source
2026-10-09T02:49:08.9926897Z   ---
2026-10-09T02:49:08.9927082Z   duration_ms: 4.505843
2026-10-09T02:49:08.9927259Z   type: 'test'
2026-10-09T02:49:08.9927407Z   ...
2026-10-09T02:49:08.9927846Z # Subtest: WIT corpus rejects missing binary declarations
2026-10-09T02:49:08.9928266Z ok 407 - WIT corpus rejects missing binary declarations
2026-10-09T02:49:08.9928426Z   ---
2026-10-09T02:49:08.9928617Z   duration_ms: 4.49869
2026-10-09T02:49:08.9928782Z   type: 'test'
2026-10-09T02:49:08.9928945Z   ...
2026-10-09T02:49:08.9929585Z # Subtest: WIT corpus rejects missing WIT declarations
2026-10-09T02:49:08.9930004Z ok 408 - WIT corpus rejects missing WIT declarations
2026-10-09T02:49:08.9930173Z   ---
2026-10-09T02:49:08.9930361Z   duration_ms: 5.97883
2026-10-09T02:49:08.9930534Z   type: 'test'
2026-10-09T02:49:08.9930690Z   ...
2026-10-09T02:49:08.9931102Z # Subtest: WIT corpus rejects different binary signature
2026-10-09T02:49:08.9931563Z ok 409 - WIT corpus rejects different binary signature
2026-10-09T02:49:08.9931722Z   ---
2026-10-09T02:49:08.9931906Z   duration_ms: 8.499021
2026-10-09T02:49:08.9932079Z   type: 'test'
2026-10-09T02:49:08.9932240Z   ...
2026-10-09T02:49:08.9933187Z # Subtest: WIT corpus rejects different WIT signature
2026-10-09T02:49:08.9933588Z ok 410 - WIT corpus rejects different WIT signature
2026-10-09T02:49:08.9933761Z   ---
2026-10-09T02:49:08.9933946Z   duration_ms: 8.70256
2026-10-09T02:49:08.9934124Z   type: 'test'
2026-10-09T02:49:08.9934277Z   ...
2026-10-09T02:49:08.9934701Z # Subtest: WIT corpus rejects different nested field type
2026-10-09T02:49:08.9935534Z ok 411 - WIT corpus rejects different nested field type
2026-10-09T02:49:08.9935954Z   ---
2026-10-09T02:49:08.9936143Z   duration_ms: 8.861887
2026-10-09T02:49:08.9936315Z   type: 'test'
2026-10-09T02:49:08.9936473Z   ...
2026-10-09T02:49:08.9936848Z # Subtest: WIT corpus rejects reordered record fields
2026-10-09T02:49:08.9937214Z ok 412 - WIT corpus rejects reordered record fields
2026-10-09T02:49:08.9937379Z   ---
2026-10-09T02:49:08.9937571Z   duration_ms: 5.327045
2026-10-09T02:49:08.9937744Z   type: 'test'
2026-10-09T02:49:08.9938425Z   ...
2026-10-09T02:49:08.9938823Z # Subtest: WIT corpus rejects changed Unit enum
2026-10-09T02:49:08.9939164Z ok 413 - WIT corpus rejects changed Unit enum
2026-10-09T02:49:08.9939311Z   ---
2026-10-09T02:49:08.9939722Z   duration_ms: 5.651911
2026-10-09T02:49:08.9939914Z   type: 'test'
2026-10-09T02:49:08.9940078Z   ...
2026-10-09T02:49:08.9940553Z # Subtest: WIT corpus rejects missing public interface export
2026-10-09T02:49:08.9940985Z ok 414 - WIT corpus rejects missing public interface export
2026-10-09T02:49:08.9941167Z   ---
2026-10-09T02:49:08.9941358Z   duration_ms: 4.571456
2026-10-09T02:49:08.9941532Z   type: 'test'
2026-10-09T02:49:08.9941684Z   ...
2026-10-09T02:49:08.9942349Z # Subtest: WIT corpus rejects unexpected world import
2026-10-09T02:49:08.9942744Z ok 415 - WIT corpus rejects unexpected world import
2026-10-09T02:49:08.9942911Z   ---
2026-10-09T02:49:08.9943087Z   duration_ms: 4.396278
2026-10-09T02:49:08.9943266Z   type: 'test'
2026-10-09T02:49:08.9943430Z   ...
2026-10-09T02:49:08.9943872Z # Subtest: WIT corpus rejects changed WIT package identity
2026-10-09T02:49:08.9944285Z ok 416 - WIT corpus rejects changed WIT package identity
2026-10-09T02:49:08.9944444Z   ---
2026-10-09T02:49:08.9944628Z   duration_ms: 6.588408
2026-10-09T02:49:08.9944806Z   type: 'test'
2026-10-09T02:49:08.9945629Z   ...
2026-10-09T02:49:08.9946034Z # Subtest: WIT corpus rejects cyclic type alias
2026-10-09T02:49:08.9946379Z ok 417 - WIT corpus rejects cyclic type alias
2026-10-09T02:49:08.9946553Z   ---
2026-10-09T02:49:08.9946755Z   duration_ms: 7.235364
2026-10-09T02:49:08.9946931Z   type: 'test'
2026-10-09T02:49:08.9947094Z   ...
2026-10-09T02:49:08.9947471Z # Subtest: WIT corpus rejects missing loaded engine
2026-10-09T02:49:08.9947838Z ok 418 - WIT corpus rejects missing loaded engine
2026-10-09T02:49:08.9947999Z   ---
2026-10-09T02:49:08.9948182Z   duration_ms: 7.930881
2026-10-09T02:49:08.9948563Z   type: 'test'
2026-10-09T02:49:08.9948739Z   ...
2026-10-09T02:49:08.9949155Z # Subtest: WIT corpus rejects unexpected local library
2026-10-09T02:49:08.9949767Z ok 419 - WIT corpus rejects unexpected local library
2026-10-09T02:49:08.9949950Z   ---
2026-10-09T02:49:08.9950141Z   duration_ms: 9.581749
2026-10-09T02:49:08.9950318Z   type: 'test'
2026-10-09T02:49:08.9950473Z   ...
2026-10-09T02:49:08.9950879Z # Subtest: WIT corpus rejects external engine override
2026-10-09T02:49:08.9951462Z ok 420 - WIT corpus rejects external engine override
2026-10-09T02:49:08.9951632Z   ---
2026-10-09T02:49:08.9951830Z   duration_ms: 5.478447
2026-10-09T02:49:08.9952000Z   type: 'test'
2026-10-09T02:49:08.9952155Z   ...
2026-10-09T02:49:08.9952538Z # Subtest: WIT corpus rejects changed loaded engine
2026-10-09T02:49:08.9952901Z ok 421 - WIT corpus rejects changed loaded engine
2026-10-09T02:49:08.9953057Z   ---
2026-10-09T02:49:08.9953246Z   duration_ms: 4.780606
2026-10-09T02:49:08.9953422Z   type: 'test'
2026-10-09T02:49:08.9953585Z   ...
2026-10-09T02:49:08.9954003Z # Subtest: WIT corpus rejects missing pkg-config identity
2026-10-09T02:49:08.9954613Z ok 422 - WIT corpus rejects missing pkg-config identity
2026-10-09T02:49:08.9954790Z   ---
2026-10-09T02:49:08.9954976Z   duration_ms: 6.314857
2026-10-09T02:49:08.9955149Z   type: 'test'
2026-10-09T02:49:08.9955302Z   ...
2026-10-09T02:49:08.9955713Z # Subtest: WIT corpus rejects external pkg-config flags
2026-10-09T02:49:08.9956096Z ok 423 - WIT corpus rejects external pkg-config flags
2026-10-09T02:49:08.9956265Z   ---
2026-10-09T02:49:08.9956451Z   duration_ms: 4.695878
2026-10-09T02:49:08.9957368Z   type: 'test'
2026-10-09T02:49:08.9957547Z   ...
2026-10-09T02:49:08.9957927Z # Subtest: WIT corpus rejects missing repeat run
2026-10-09T02:49:08.9958271Z ok 424 - WIT corpus rejects missing repeat run
2026-10-09T02:49:08.9958431Z   ---
2026-10-09T02:49:08.9958621Z   duration_ms: 2.545006
2026-10-09T02:49:08.9958804Z   type: 'test'
2026-10-09T02:49:08.9958963Z   ...
2026-10-09T02:49:08.9959612Z # Subtest: WIT corpus rejects unproved session ownership
2026-10-09T02:49:08.9960020Z ok 425 - WIT corpus rejects unproved session ownership
2026-10-09T02:49:08.9960468Z   ---
2026-10-09T02:49:08.9960675Z   duration_ms: 5.511809
2026-10-09T02:49:08.9960842Z   type: 'test'
2026-10-09T02:49:08.9960994Z   ...
2026-10-09T02:49:08.9961379Z # Subtest: WIT corpus rejects changed failed output
2026-10-09T02:49:08.9961739Z ok 426 - WIT corpus rejects changed failed output
2026-10-09T02:49:08.9961883Z   ---
2026-10-09T02:49:08.9962063Z   duration_ms: 2.412289
2026-10-09T02:49:08.9962246Z   type: 'test'
2026-10-09T02:49:08.9962409Z   ...
2026-10-09T02:49:08.9962789Z # Subtest: WIT corpus rejects wrong rejection stage
2026-10-09T02:49:08.9963148Z ok 427 - WIT corpus rejects wrong rejection stage
2026-10-09T02:49:08.9963314Z   ---
2026-10-09T02:49:08.9963495Z   duration_ms: 2.400497
2026-10-09T02:49:08.9963666Z   type: 'test'
2026-10-09T02:49:08.9963875Z   ...
2026-10-09T02:49:08.9964782Z # Subtest: WIT corpus rejects wrong rejection message
2026-10-09T02:49:08.9965197Z ok 428 - WIT corpus rejects wrong rejection message
2026-10-09T02:49:08.9965371Z   ---
2026-10-09T02:49:08.9965552Z   duration_ms: 2.353289
2026-10-09T02:49:08.9965728Z   type: 'test'
2026-10-09T02:49:08.9965891Z   ...
2026-10-09T02:49:08.9966306Z # Subtest: WIT corpus rejects different negative caller
2026-10-09T02:49:08.9966702Z ok 429 - WIT corpus rejects different negative caller
2026-10-09T02:49:08.9966848Z   ---
2026-10-09T02:49:08.9967037Z   duration_ms: 2.719081
2026-10-09T02:49:08.9967218Z   type: 'test'
2026-10-09T02:49:08.9967393Z   ...
2026-10-09T02:49:08.9967780Z # Subtest: WIT corpus rejects unrelated compiler error
2026-10-09T02:49:08.9968162Z ok 430 - WIT corpus rejects unrelated compiler error
2026-10-09T02:49:08.9968326Z   ---
2026-10-09T02:49:08.9968506Z   duration_ms: 4.854664
2026-10-09T02:49:08.9968665Z   type: 'test'
2026-10-09T02:49:08.9968805Z   ...
2026-10-09T02:49:08.9969167Z # Subtest: WIT corpus rejects missing runtime error
2026-10-09T02:49:08.9969772Z ok 431 - WIT corpus rejects missing runtime error
2026-10-09T02:49:08.9969948Z   ---
2026-10-09T02:49:08.9970122Z   duration_ms: 5.189939
2026-10-09T02:49:08.9970291Z   type: 'test'
2026-10-09T02:49:08.9970452Z   ...
2026-10-09T02:49:08.9970867Z # Subtest: WIT corpus rejects duplicated runtime error
2026-10-09T02:49:08.9971250Z ok 432 - WIT corpus rejects duplicated runtime error
2026-10-09T02:49:08.9971414Z   ---
2026-10-09T02:49:08.9971600Z   duration_ms: 4.844805
2026-10-09T02:49:08.9971772Z   type: 'test'
2026-10-09T02:49:08.9971925Z   ...
2026-10-09T02:49:08.9972367Z # Subtest: WIT corpus rejects wrong supplemental message
2026-10-09T02:49:08.9972766Z ok 433 - WIT corpus rejects wrong supplemental message
2026-10-09T02:49:08.9972924Z   ---
2026-10-09T02:49:08.9973107Z   duration_ms: 8.826962
2026-10-09T02:49:08.9973262Z   type: 'test'
2026-10-09T02:49:08.9973418Z   ...
2026-10-09T02:49:08.9973722Z # Subtest: WIT corpus rejects failed trap recovery
2026-10-09T02:49:08.9974013Z ok 434 - WIT corpus rejects failed trap recovery
2026-10-09T02:49:08.9974141Z   ---
2026-10-09T02:49:08.9974318Z   duration_ms: 7.997926
2026-10-09T02:49:08.9974480Z   type: 'test'
2026-10-09T02:49:08.9974629Z   ...
2026-10-09T02:49:08.9975118Z # Subtest: WIT corpus rejects failed supplemental output preservation
2026-10-09T02:49:08.9975580Z ok 435 - WIT corpus rejects failed supplemental output preservation
2026-10-09T02:49:08.9975730Z   ---
2026-10-09T02:49:08.9975901Z   duration_ms: 6.612622
2026-10-09T02:49:08.9976062Z   type: 'test'
2026-10-09T02:49:08.9976205Z   ...
2026-10-09T02:49:08.9977011Z # Subtest: WIT corpus rejects missing sourcesRemovedBeforeInstall
2026-10-09T02:49:08.9977467Z ok 436 - WIT corpus rejects missing sourcesRemovedBeforeInstall
2026-10-09T02:49:08.9977620Z   ---
2026-10-09T02:49:08.9977789Z   duration_ms: 3.539521
2026-10-09T02:49:08.9977952Z   type: 'test'
2026-10-09T02:49:08.9978100Z   ...
2026-10-09T02:49:08.9978535Z # Subtest: WIT corpus rejects missing installedSourcesRemoved
2026-10-09T02:49:08.9978939Z ok 437 - WIT corpus rejects missing installedSourcesRemoved
2026-10-09T02:49:08.9979091Z   ---
2026-10-09T02:49:08.9979264Z   duration_ms: 2.546269
2026-10-09T02:49:08.9979671Z   type: 'test'
2026-10-09T02:49:08.9979829Z   ...
2026-10-09T02:49:08.9980138Z # Subtest: WIT corpus rejects missing offline
2026-10-09T02:49:08.9980436Z ok 438 - WIT corpus rejects missing offline
2026-10-09T02:49:08.9980580Z   ---
2026-10-09T02:49:08.9980745Z   duration_ms: 3.876349
2026-10-09T02:49:08.9980894Z   type: 'test'
2026-10-09T02:49:08.9981036Z   ...
2026-10-09T02:49:08.9981483Z # Subtest: WIT corpus rejects missing runtimeOverridesDisabled
2026-10-09T02:49:08.9981890Z ok 439 - WIT corpus rejects missing runtimeOverridesDisabled
2026-10-09T02:49:08.9982028Z   ---
2026-10-09T02:49:08.9982197Z   duration_ms: 4.29522
2026-10-09T02:49:08.9982355Z   type: 'test'
2026-10-09T02:49:08.9982498Z   ...
2026-10-09T02:49:08.9982883Z # Subtest: WIT corpus rejects missing publicHeadersOnly
2026-10-09T02:49:08.9983226Z ok 440 - WIT corpus rejects missing publicHeadersOnly
2026-10-09T02:49:08.9983376Z   ---
2026-10-09T02:49:08.9983540Z   duration_ms: 4.088525
2026-10-09T02:49:08.9983693Z   type: 'test'
2026-10-09T02:49:08.9983830Z   ...
2026-10-09T02:49:08.9984235Z # Subtest: WIT corpus rejects missing compilerFreeExecution
2026-10-09T02:49:08.9984611Z ok 441 - WIT corpus rejects missing compilerFreeExecution
2026-10-09T02:49:08.9984753Z   ---
2026-10-09T02:49:08.9984910Z   duration_ms: 5.197403
2026-10-09T02:49:08.9985061Z   type: 'test'
2026-10-09T02:49:08.9985204Z   ...
2026-10-09T02:49:08.9985559Z # Subtest: WIT corpus rejects missing localLibraries
2026-10-09T02:49:08.9985888Z ok 442 - WIT corpus rejects missing localLibraries
2026-10-09T02:49:08.9986027Z   ---
2026-10-09T02:49:08.9986192Z   duration_ms: 4.15595
2026-10-09T02:49:08.9986349Z   type: 'test'
2026-10-09T02:49:08.9986557Z   ...
2026-10-09T02:52:58.2688900Z # Subtest: real Lean corpus matches independently rebuilt archives in source-free consumers
2026-10-09T02:52:58.2690382Z ok 443 - real Lean corpus matches independently rebuilt archives in source-free consumers
2026-10-09T02:52:58.2691066Z   ---
2026-10-09T02:52:58.2691460Z   duration_ms: 229418.682417
2026-10-09T02:52:58.2691901Z   type: 'test'
2026-10-09T02:52:58.2692282Z   ...
2026-10-09T02:52:58.2692682Z # shop: compiling Lean oracle
2026-10-09T02:52:58.2693185Z # shop: building cpan archives 1/2
2026-10-09T02:52:58.2693724Z # shop: building cpan archives 2/2
2026-10-09T02:52:58.2694395Z # shop: installing and executing perl without Lean sources or compilers
2026-10-09T02:52:58.2695082Z # telemetry: compiling Lean oracle
2026-10-09T02:52:58.2695602Z # telemetry: building cpan archives 1/2
2026-10-09T02:52:58.2696139Z # telemetry: building cpan archives 2/2
2026-10-09T02:52:58.2696839Z # telemetry: installing and executing perl without Lean sources or compilers
2026-10-09T02:52:58.2697735Z # Corpus report: build/type-corpus/perl.json (124 cases, 41 scoped cells, 6691 gaps)
2026-10-09T02:52:58.2996621Z 1..443
2026-10-09T02:52:58.2997044Z # tests 443
2026-10-09T02:52:58.2997428Z # suites 0
2026-10-09T02:52:58.2997806Z # pass 443
2026-10-09T02:52:58.2998613Z # fail 0
2026-10-09T02:52:58.2998992Z # cancelled 0
2026-10-09T02:52:58.3001364Z # skipped 0
2026-10-09T02:52:58.3002154Z # todo 0
2026-10-09T02:52:58.3002924Z # duration_ms 237102.996197
2026-10-09T02:52:58.3519702Z TAP version 13
2026-10-09T02:56:51.1892302Z # Subtest: reviewed native corpus executes installed public APIs after compiler reconciliation
2026-10-09T02:56:51.1902050Z ok 1 - reviewed native corpus executes installed public APIs after compiler reconciliation
2026-10-09T02:56:51.1903145Z   ---
2026-10-09T02:56:51.1903394Z   duration_ms: 232438.27036
2026-10-09T02:56:51.1903674Z   type: 'test'
2026-10-09T02:56:51.1903898Z   ...
2026-10-09T02:56:51.1905140Z # shop: compiling Lean oracle
2026-10-09T02:56:51.1912759Z # shop: building cpan archives 1/2
2026-10-09T02:56:51.1914333Z # shop: building cpan archives 2/2
2026-10-09T02:56:51.1918602Z # shop: installing and executing perl without Lean sources or compilers
2026-10-09T02:56:51.1930416Z # telemetry: compiling Lean oracle
2026-10-09T02:56:51.1932348Z # telemetry: building cpan archives 1/2
2026-10-09T02:56:51.1932972Z # telemetry: building cpan archives 2/2
2026-10-09T02:56:51.1933644Z # telemetry: installing and executing perl without Lean sources or compilers
2026-10-09T02:56:51.1935513Z # Compiler-checked reviewed native report: {"libraries":2,"profiles":1,"installedRuns":2,"catalogCases":124,"executedCases":124,"compileRejectedCases":0,"observedCells":41,"gapCells":6691}
2026-10-09T02:56:51.2125194Z 1..1
2026-10-09T02:56:51.2125756Z # tests 1
2026-10-09T02:56:51.2126315Z # suites 0
2026-10-09T02:56:51.2126989Z # pass 1
2026-10-09T02:56:51.2127632Z # fail 0
2026-10-09T02:56:51.2128263Z # cancelled 0
2026-10-09T02:56:51.2128827Z # skipped 0
2026-10-09T02:56:51.2129664Z # todo 0
2026-10-09T02:56:51.2130269Z # duration_ms 232872.44983
2026-10-09T02:56:51.2553328Z TAP version 13
2026-10-09T02:58:29.9454847Z # Subtest: ordinary and reviewed Char packages preserve Unicode scalars in installed native consumers
2026-10-09T02:58:29.9461874Z ok 1 - ordinary and reviewed Char packages preserve Unicode scalars in installed native consumers
2026-10-09T02:58:29.9463064Z   ---
2026-10-09T02:58:29.9463699Z   duration_ms: 98418.608101
2026-10-09T02:58:29.9464182Z   type: 'test'
2026-10-09T02:58:29.9464573Z   ...
2026-10-09T02:58:29.9465081Z # ordinary-source: building perl
2026-10-09T02:58:29.9470587Z # ordinary-source: installing and checking perl
2026-10-09T02:58:29.9471863Z # reviewed-ir: building perl
2026-10-09T02:58:29.9475278Z # reviewed-ir: installing and checking perl
2026-10-09T02:58:29.9625493Z 1..1
2026-10-09T02:58:29.9626265Z # tests 1
2026-10-09T02:58:29.9627171Z # suites 0
2026-10-09T02:58:29.9628508Z # pass 1
2026-10-09T02:58:29.9629190Z # fail 0
2026-10-09T02:58:29.9630191Z # cancelled 0
2026-10-09T02:58:29.9630776Z # skipped 0
2026-10-09T02:58:29.9631345Z # todo 0
2026-10-09T02:58:29.9632029Z # duration_ms 98718.808432
2026-10-09T02:58:30.0081889Z TAP version 13
2026-10-09T03:00:08.5136885Z # Subtest: ordinary and reviewed Word packages preserve compiled platform integers in installed native consumers
2026-10-09T03:00:08.5143658Z ok 1 - ordinary and reviewed Word packages preserve compiled platform integers in installed native consumers
2026-10-09T03:00:08.5144877Z   ---
2026-10-09T03:00:08.5145508Z   duration_ms: 98236.462216
2026-10-09T03:00:08.5146090Z   type: 'test'
2026-10-09T03:00:08.5146556Z   ...
2026-10-09T03:00:08.5147077Z # ordinary-source: building perl
2026-10-09T03:00:08.5151868Z # ordinary-source: installing and checking perl
2026-10-09T03:00:08.5153021Z # reviewed-ir: building perl
2026-10-09T03:00:08.5155382Z # reviewed-ir: installing and checking perl
2026-10-09T03:00:08.5320681Z 1..1
2026-10-09T03:00:08.5321403Z # tests 1
2026-10-09T03:00:08.5322226Z # suites 0
2026-10-09T03:00:08.5323554Z # pass 1
2026-10-09T03:00:08.5324015Z # fail 0
2026-10-09T03:00:08.5324684Z # cancelled 0
2026-10-09T03:00:08.5325267Z # skipped 0
2026-10-09T03:00:08.5325851Z # todo 0
2026-10-09T03:00:08.5326615Z # duration_ms 98535.570018
2026-10-09T03:00:08.5802134Z TAP version 13
2026-10-09T03:01:55.5579698Z # Subtest: installed Perl callbacks and returned closures preserve all nineteen primitives on both source paths
2026-10-09T03:01:55.5586442Z ok 1 - installed Perl callbacks and returned closures preserve all nineteen primitives on both source paths
2026-10-09T03:01:55.5589003Z   ---
2026-10-09T03:01:55.5590011Z   duration_ms: 106702.127879
2026-10-09T03:01:55.5590532Z   type: 'test'
2026-10-09T03:01:55.5591493Z   ...
2026-10-09T03:01:55.5595003Z # ordinary-source: compiling the 58-export callable library
2026-10-09T03:01:55.5597159Z # ordinary-source: offline installation and execution without author compilers
2026-10-09T03:01:55.5600528Z # reviewed-ir: compiling the 58-export callable library
2026-10-09T03:01:55.5602127Z # reviewed-ir: offline installation and execution without author compilers
2026-10-09T03:02:38.3008725Z # Subtest: fresh Lean rejects changed reviewed callback and returned-closure signatures before linking
2026-10-09T03:02:38.3011510Z ok 2 - fresh Lean rejects changed reviewed callback and returned-closure signatures before linking
2026-10-09T03:02:38.3012298Z   ---
2026-10-09T03:02:38.3012807Z   duration_ms: 42743.842034
2026-10-09T03:02:38.3013326Z   type: 'test'
2026-10-09T03:02:38.3013782Z   ...
2026-10-09T03:02:38.3149043Z 1..2
2026-10-09T03:02:38.3149977Z # tests 2
2026-10-09T03:02:38.3151718Z # suites 0
2026-10-09T03:02:38.3152273Z # pass 2
2026-10-09T03:02:38.3152930Z # fail 0
2026-10-09T03:02:38.3153502Z # cancelled 0
2026-10-09T03:02:38.3154029Z # skipped 0
2026-10-09T03:02:38.3154563Z # todo 0
2026-10-09T03:02:38.3155277Z # duration_ms 149747.532669
2026-10-09T03:02:38.3608647Z TAP version 13
2026-10-09T03:05:01.6266660Z # Subtest: Perl original CPAN archives execute structured callbacks and closures on both source paths
2026-10-09T03:05:01.6274335Z ok 1 - Perl original CPAN archives execute structured callbacks and closures on both source paths
2026-10-09T03:05:01.6275397Z   ---
2026-10-09T03:05:01.6275832Z   duration_ms: 142989.796094
2026-10-09T03:05:01.6276326Z   type: 'test'
2026-10-09T03:05:01.6276738Z   ...
2026-10-09T03:05:01.6277534Z # ordinary-source: compiling structured callbacks for 1 Perl ABIs
2026-10-09T03:05:01.6284395Z # ordinary-source: offline install, relocation and isolated probe for /home/runner/work/lean-bridge/lean-bridge/.toolchains/perl/5.36.3-unthreaded/bin/perl
2026-10-09T03:05:01.6286342Z # ordinary-source/5.36.3: 64983 public checks, 22362 injected failures
2026-10-09T03:05:01.6287631Z # reviewed-ir: compiling structured callbacks for 1 Perl ABIs
2026-10-09T03:05:01.6290039Z # reviewed-ir: offline install, relocation and isolated probe for /home/runner/work/lean-bridge/lean-bridge/.toolchains/perl/5.36.3-unthreaded/bin/perl
2026-10-09T03:05:01.6291828Z # reviewed-ir/5.36.3: 64983 public checks, 22362 injected failures
2026-10-09T03:05:01.6448916Z 1..1
2026-10-09T03:05:01.6449731Z # tests 1
2026-10-09T03:05:01.6450498Z # suites 0
2026-10-09T03:05:01.6451163Z # pass 1
2026-10-09T03:05:01.6451779Z # fail 0
2026-10-09T03:05:01.6452362Z # cancelled 0
2026-10-09T03:05:01.6452995Z # skipped 0
2026-10-09T03:05:01.6453502Z # todo 0
2026-10-09T03:05:01.6454767Z # duration_ms 143295.827018
2026-10-09T03:05:01.6901804Z TAP version 13
2026-10-09T03:05:05.1658721Z # Subtest: CPAN recursive callbacks validate their namespace and agree with every supported native target
2026-10-09T03:05:05.1666462Z ok 1 - CPAN recursive callbacks validate their namespace and agree with every supported native target
2026-10-09T03:05:05.1667611Z   ---
2026-10-09T03:05:05.1668588Z   duration_ms: 1871.27022
2026-10-09T03:05:05.1669089Z   type: 'test'
2026-10-09T03:05:05.1669811Z   ...
2026-10-09T03:05:05.1675069Z # Subtest: Perl recursive callbacks preserve the checked native graph without changing the IR
2026-10-09T03:05:05.1690889Z ok 2 - Perl recursive callbacks preserve the checked native graph without changing the IR
2026-10-09T03:05:05.1691624Z   ---
2026-10-09T03:05:05.1691852Z   duration_ms: 136.576016
2026-10-09T03:05:05.1692115Z   type: 'test'
2026-10-09T03:05:05.1692334Z   ...
2026-10-09T03:05:05.1692897Z # Subtest: Perl recursive packages hide native handles and retain callback replies in the initiating scope
2026-10-09T03:05:05.1693734Z ok 3 - Perl recursive packages hide native handles and retain callback replies in the initiating scope
2026-10-09T03:05:05.1694240Z   ---
2026-10-09T03:05:05.1694454Z   duration_ms: 242.859021
2026-10-09T03:05:05.1695046Z   type: 'test'
2026-10-09T03:05:05.1695443Z   ...
2026-10-09T03:05:05.1695922Z # Subtest: Perl recursive callables reject hidden identity fields and asynchronous signatures
2026-10-09T03:05:05.1696639Z ok 4 - Perl recursive callables reject hidden identity fields and asynchronous signatures
2026-10-09T03:05:05.1697234Z   ---
2026-10-09T03:05:05.1697590Z   duration_ms: 4.374919
2026-10-09T03:05:05.1697995Z   type: 'test'
2026-10-09T03:05:05.1698349Z   ...
2026-10-09T03:05:05.1699188Z # Subtest: Perl recursive callables reserve closure names for records, variants and transparent aliases
2026-10-09T03:05:05.1700485Z ok 5 - Perl recursive callables reserve closure names for records, variants and transparent aliases
2026-10-09T03:05:05.1710258Z   ---
2026-10-09T03:05:05.1719939Z   duration_ms: 461.152093
2026-10-09T03:05:05.1720383Z   type: 'test'
2026-10-09T03:05:05.1720732Z   ...
2026-10-09T03:05:05.1721395Z # Subtest: Perl recursive callables validate module namespaces and projected export names
2026-10-09T03:05:05.1722191Z ok 6 - Perl recursive callables validate module namespaces and projected export names
2026-10-09T03:05:05.1722676Z   ---
2026-10-09T03:05:05.1722907Z   duration_ms: 649.531825
2026-10-09T03:05:05.1723172Z   type: 'test'
2026-10-09T03:05:05.1723375Z   ...
2026-10-09T03:09:20.9384767Z # Subtest: original recursive CPAN archives preserve callbacks and closures after producer removal
2026-10-09T03:09:20.9386112Z ok 7 - original recursive CPAN archives preserve callbacks and closures after producer removal
2026-10-09T03:09:20.9386954Z   ---
2026-10-09T03:09:20.9387372Z   duration_ms: 255474.147329
2026-10-09T03:09:20.9387913Z   type: 'test'
2026-10-09T03:09:20.9388344Z   ...
2026-10-09T03:09:20.9390260Z # ordinary-source: build CPAN-only recursive callbacks for 1 ABIs
2026-10-09T03:09:20.9391534Z # Compiling checked native Lean exports
2026-10-09T03:09:20.9393179Z # Compiling XS for /home/runner/work/lean-bridge/lean-bridge/.toolchains/perl/5.36.3-unthreaded/bin/perl
2026-10-09T03:09:20.9396201Z # ordinary-source: install /home/runner/work/lean-bridge/lean-bridge/.toolchains/perl/5.36.3-unthreaded/bin/perl, prebuilt-only, without author sources
2026-10-09T03:09:20.9397854Z # ordinary-source: install /home/runner/work/lean-bridge/lean-bridge/.toolchains/perl/5.36.3-unthreaded/bin/perl, build-xs, without author sources
2026-10-09T03:09:20.9399671Z # ordinary-source/prebuilt-only/v5.36.3: 204 recursive checks, 64983 acyclic checks, 39045 injected failures
2026-10-09T03:09:20.9400904Z # ordinary-source/build-xs/v5.36.3: 204 recursive checks, 64983 acyclic checks, 39045 injected failures
2026-10-09T03:09:20.9402920Z # reviewed-ir: build CPAN-only recursive callbacks for 1 ABIs
2026-10-09T03:09:20.9404125Z # Compiling checked native Lean exports
2026-10-09T03:09:20.9405817Z # Compiling XS for /home/runner/work/lean-bridge/lean-bridge/.toolchains/perl/5.36.3-unthreaded/bin/perl
2026-10-09T03:09:20.9407716Z # reviewed-ir: install /home/runner/work/lean-bridge/lean-bridge/.toolchains/perl/5.36.3-unthreaded/bin/perl, prebuilt-only, without author sources
2026-10-09T03:09:20.9420770Z # reviewed-ir: install /home/runner/work/lean-bridge/lean-bridge/.toolchains/perl/5.36.3-unthreaded/bin/perl, build-xs, without author sources
2026-10-09T03:09:20.9422027Z # reviewed-ir/prebuilt-only/v5.36.3: 204 recursive checks, 64983 acyclic checks, 39045 injected failures
2026-10-09T03:09:20.9422812Z # reviewed-ir/build-xs/v5.36.3: 204 recursive checks, 64983 acyclic checks, 39045 injected failures
2026-10-09T03:09:20.9558178Z 1..7
2026-10-09T03:09:20.9558563Z # tests 7
2026-10-09T03:09:20.9559611Z # suites 0
2026-10-09T03:09:20.9560208Z # pass 7
2026-10-09T03:09:20.9560994Z # fail 0
2026-10-09T03:09:20.9561527Z # cancelled 0
2026-10-09T03:09:20.9562121Z # skipped 0
2026-10-09T03:09:20.9562751Z # todo 0
2026-10-09T03:09:20.9563401Z # duration_ms 259278.465257
2026-10-09T03:09:21.0022478Z TAP version 13
2026-10-09T03:11:33.3930879Z # Subtest: installed Perl compounds preserve copied values on both source paths
2026-10-09T03:11:33.3931877Z ok 1 - installed Perl compounds preserve copied values on both source paths
2026-10-09T03:11:33.3932463Z   ---
2026-10-09T03:11:33.3932693Z   duration_ms: 132117.556658
2026-10-09T03:11:33.3932967Z   type: 'test'
2026-10-09T03:11:33.3933183Z   ...
2026-10-09T03:11:33.3933523Z # ordinary-source: compiling Perl compounds for 1 ABIs
2026-10-09T03:11:33.3945504Z # ordinary-source: installing offline and relocating /home/runner/work/lean-bridge/lean-bridge/.toolchains/perl/5.36.3-unthreaded/bin/perl
2026-10-09T03:11:33.3946926Z # ordinary-source: 78980 public assertions and 268 cleanup checks passed
2026-10-09T03:11:33.3947842Z # reviewed-ir: compiling Perl compounds for 1 ABIs
2026-10-09T03:11:33.3949281Z # reviewed-ir: installing offline and relocating /home/runner/work/lean-bridge/lean-bridge/.toolchains/perl/5.36.3-unthreaded/bin/perl
2026-10-09T03:11:33.3950929Z # reviewed-ir: 78980 public assertions and 268 cleanup checks passed
2026-10-09T03:11:33.4083180Z 1..1
2026-10-09T03:11:33.4083710Z # tests 1
2026-10-09T03:11:33.4084364Z # suites 0
2026-10-09T03:11:33.4085964Z # pass 1
2026-10-09T03:11:33.4086437Z # fail 0
2026-10-09T03:11:33.4087202Z # cancelled 0
2026-10-09T03:11:33.4087746Z # skipped 0
2026-10-09T03:11:33.4088300Z # todo 0
2026-10-09T03:11:33.4088942Z # duration_ms 132418.077482
2026-10-09T03:11:33.4595426Z TAP version 13
2026-10-09T03:11:33.6053347Z # Subtest: Perl List evidence binds eight executions to unchanged relocated installations
2026-10-09T03:11:33.6060539Z ok 1 - Perl List evidence binds eight executions to unchanged relocated installations
2026-10-09T03:11:33.6061545Z   ---
2026-10-09T03:11:33.6062302Z   duration_ms: 9.985635
2026-10-09T03:11:33.6063117Z   type: 'test'
2026-10-09T03:11:33.6063729Z   ...
2026-10-09T03:11:33.6090822Z # Subtest: Perl Lists use typed bounded Lean helpers and preserve native List/Array identity
2026-10-09T03:11:33.6092553Z ok 2 - Perl Lists use typed bounded Lean helpers and preserve native List/Array identity
2026-10-09T03:11:33.6104472Z   ---
2026-10-09T03:11:33.6105253Z   duration_ms: 21.118921
2026-10-09T03:11:33.6105989Z   type: 'test'
2026-10-09T03:11:33.6106596Z   ...
2026-10-09T03:11:33.6107831Z # Subtest: Perl List input checks precede host calls and ownership registration sees initialized arrays
2026-10-09T03:11:33.6109914Z ok 3 - Perl List input checks precede host calls and ownership registration sees initialized arrays
2026-10-09T03:11:33.6111031Z   ---
2026-10-09T03:11:33.6111603Z   duration_ms: 4.532564
2026-10-09T03:11:33.6112205Z   type: 'test'
2026-10-09T03:11:33.6112830Z   ...
2026-10-09T03:11:33.6113874Z # Subtest: Perl List callback payloads retain copied identity and depth checks
2026-10-09T03:11:33.6115316Z ok 4 - Perl List callback payloads retain copied identity and depth checks
2026-10-09T03:11:33.6116317Z   ---
2026-10-09T03:11:33.6116963Z   duration_ms: 27.041528
2026-10-09T03:11:33.6117673Z   type: 'test'
2026-10-09T03:11:33.6118254Z   ...
2026-10-09T03:11:33.6264272Z # Subtest: Perl List consumer assertions cannot mistake a regex failure's message for success
2026-10-09T03:11:33.6269618Z ok 5 - Perl List consumer assertions cannot mistake a regex failure's message for success
2026-10-09T03:11:33.6285336Z   ---
2026-10-09T03:11:33.6285922Z   duration_ms: 21.758762
2026-10-09T03:11:33.6286368Z   type: 'test'
2026-10-09T03:11:33.6286729Z   ...
2026-10-09T03:13:43.5886212Z # Subtest: installed Perl Lists preserve copied values on both source paths
2026-10-09T03:13:43.5887787Z ok 6 - installed Perl Lists preserve copied values on both source paths
2026-10-09T03:13:43.5894371Z   ---
2026-10-09T03:13:43.5894799Z   duration_ms: 129836.010921
2026-10-09T03:13:43.5895141Z   type: 'test'
2026-10-09T03:13:43.5895355Z   ...
2026-10-09T03:13:43.5895691Z # ordinary-source: compiling Perl Lists for 1 ABIs
2026-10-09T03:13:43.5896522Z # ordinary-source: installing offline and relocating /home/runner/work/lean-bridge/lean-bridge/.toolchains/perl/5.36.3-unthreaded/bin/perl
2026-10-09T03:13:43.5897595Z # ordinary-source: 112738 public assertions and 717 cleanup checks passed
2026-10-09T03:13:43.5898474Z # reviewed-ir: compiling Perl Lists for 1 ABIs
2026-10-09T03:13:43.5900116Z # reviewed-ir: installing offline and relocating /home/runner/work/lean-bridge/lean-bridge/.toolchains/perl/5.36.3-unthreaded/bin/perl
2026-10-09T03:13:43.5901614Z # reviewed-ir: 112738 public assertions and 717 cleanup checks passed
2026-10-09T03:13:43.6021415Z 1..6
2026-10-09T03:13:43.6022329Z # tests 6
2026-10-09T03:13:43.6022926Z # suites 0
2026-10-09T03:13:43.6023506Z # pass 6
2026-10-09T03:13:43.6023952Z # fail 0
2026-10-09T03:13:43.6024580Z # cancelled 0
2026-10-09T03:13:43.6025232Z # skipped 0
2026-10-09T03:13:43.6025787Z # todo 0
2026-10-09T03:13:43.6026479Z # duration_ms 130158.113307
2026-10-09T03:13:43.6520381Z TAP version 13
2026-10-09T03:13:43.8231973Z # Subtest: the independent collection contract covers every primitive, seven records and 24 nested arrays
2026-10-09T03:13:43.8233952Z ok 1 - the independent collection contract covers every primitive, seven records and 24 nested arrays
2026-10-09T03:13:43.8235226Z   ---
2026-10-09T03:13:43.8237838Z   duration_ms: 5.416173
2026-10-09T03:13:43.8238811Z   type: 'test'
2026-10-09T03:13:43.8239675Z   ...
2026-10-09T03:13:43.8240945Z # Subtest: Perl Arrays pin dense plain input slots before allocating or converting Lean elements
2026-10-09T03:13:43.8242622Z ok 2 - Perl Arrays pin dense plain input slots before allocating or converting Lean elements
2026-10-09T03:13:43.8243691Z   ---
2026-10-09T03:13:43.8244278Z   duration_ms: 16.527077
2026-10-09T03:13:43.8244951Z   type: 'test'
2026-10-09T03:13:43.8245542Z   ...
2026-10-09T03:13:43.8246672Z # Subtest: Perl records validate exact nominal types and pin every field before any conversion
2026-10-09T03:13:43.8248362Z ok 3 - Perl records validate exact nominal types and pin every field before any conversion
2026-10-09T03:13:43.8249909Z   ---
2026-10-09T03:13:43.8250561Z   duration_ms: 7.259792
2026-10-09T03:13:43.8251223Z   type: 'test'
2026-10-09T03:13:43.8251811Z   ...
2026-10-09T03:13:43.8252922Z # Subtest: Perl record fields cannot replace constructors, object methods or phase hooks
2026-10-09T03:13:43.8254531Z ok 4 - Perl record fields cannot replace constructors, object methods or phase hooks
2026-10-09T03:13:43.8255590Z   ---
2026-10-09T03:13:43.8256217Z   duration_ms: 47.985617
2026-10-09T03:13:43.8256907Z   type: 'test'
2026-10-09T03:13:43.8257513Z   ...
2026-10-09T03:13:43.8258697Z # Subtest: generated Perl record constructors reject malformed named fields without warnings
2026-10-09T03:13:43.8270402Z ok 5 - generated Perl record constructors reject malformed named fields without warnings
2026-10-09T03:13:43.8271535Z   ---
2026-10-09T03:13:43.8272166Z   duration_ms: 12.493334
2026-10-09T03:13:43.8272855Z   type: 'test'
2026-10-09T03:13:43.8273456Z   ...
2026-10-09T03:16:17.1511992Z # Subtest: installed Perl arrays and records preserve copied values on both source paths
2026-10-09T03:16:17.1513978Z ok 6 - installed Perl arrays and records preserve copied values on both source paths
2026-10-09T03:16:17.1514727Z   ---
2026-10-09T03:16:17.1514962Z   duration_ms: 153209.266476
2026-10-09T03:16:17.1515227Z   type: 'test'
2026-10-09T03:16:17.1515435Z   ...
2026-10-09T03:16:17.1516363Z # ordinary-source: compiling Perl arrays and records for 1 ABIs
2026-10-09T03:16:17.1520117Z # ordinary-source: installing offline and relocating /home/runner/work/lean-bridge/lean-bridge/.toolchains/perl/5.36.3-unthreaded/bin/perl
2026-10-09T03:16:17.1526100Z # ordinary-source: 239954 public assertions and 1205 cleanup checks passed
2026-10-09T03:16:17.1526834Z # reviewed-ir: compiling Perl arrays and records for 1 ABIs
2026-10-09T03:16:17.1527656Z # reviewed-ir: installing offline and relocating /home/runner/work/lean-bridge/lean-bridge/.toolchains/perl/5.36.3-unthreaded/bin/perl
2026-10-09T03:16:17.1528451Z # reviewed-ir: 239954 public assertions and 1205 cleanup checks passed
2026-10-09T03:16:17.1663728Z 1..6
2026-10-09T03:16:17.1664186Z # tests 6
2026-10-09T03:16:17.1664801Z # suites 0
2026-10-09T03:16:17.1665618Z # pass 6
2026-10-09T03:16:17.1666091Z # fail 0
2026-10-09T03:16:17.1666645Z # cancelled 0
2026-10-09T03:16:17.1667069Z # skipped 0
2026-10-09T03:16:17.1667661Z # todo 0
2026-10-09T03:16:17.1668242Z # duration_ms 153530.849679
2026-10-09T03:16:17.2141418Z TAP version 13
2026-10-09T03:16:17.7666176Z # Subtest: Perl alias evidence binds all eight executions to unchanged relocated installations
2026-10-09T03:16:17.7677225Z ok 1 - Perl alias evidence binds all eight executions to unchanged relocated installations
2026-10-09T03:16:17.7678803Z   ---
2026-10-09T03:16:17.7679637Z   duration_ms: 155.606736
2026-10-09T03:16:17.7680103Z   type: 'test'
2026-10-09T03:16:17.7680464Z   ...
2026-10-09T03:16:20.9451063Z # Subtest: Perl alias installed evidence promotes exactly six copied cells and runs in CI
2026-10-09T03:16:20.9500551Z ok 2 - Perl alias installed evidence promotes exactly six copied cells and runs in CI
2026-10-09T03:16:20.9550189Z   ---
2026-10-09T03:16:20.9572957Z   duration_ms: 3128.879058
2026-10-09T03:16:20.9600192Z   type: 'test'
2026-10-09T03:16:20.9620286Z   ...
2026-10-09T03:16:20.9623748Z # Subtest: Perl aliases keep source names and chains while native converters use target types
2026-10-09T03:16:20.9625540Z ok 3 - Perl aliases keep source names and chains while native converters use target types
2026-10-09T03:16:20.9626757Z   ---
2026-10-09T03:16:20.9627402Z   duration_ms: 20.469936
2026-10-09T03:16:20.9628117Z   type: 'test'
2026-10-09T03:16:20.9628732Z   ...
2026-10-09T03:16:20.9630062Z # Subtest: Perl alias host catalog preserves all 27 independently specified targets
2026-10-09T03:16:20.9631542Z ok 4 - Perl alias host catalog preserves all 27 independently specified targets
2026-10-09T03:16:20.9632557Z   ---
2026-10-09T03:16:20.9633212Z   duration_ms: 2.399976
2026-10-09T03:16:20.9633892Z   type: 'test'
2026-10-09T03:16:20.9634532Z   ...
2026-10-09T03:16:20.9635672Z # Subtest: Perl alias admission retains ownership, representation and nesting checks
2026-10-09T03:16:20.9637183Z ok 5 - Perl alias admission retains ownership, representation and nesting checks
2026-10-09T03:16:20.9638232Z   ---
2026-10-09T03:16:20.9638899Z   duration_ms: 17.391967
2026-10-09T03:16:20.9639890Z   type: 'test'
2026-10-09T03:16:20.9640523Z   ...
2026-10-09T03:16:20.9641572Z # Subtest: Perl alias POD escapes formatting and never adds executable declarations
2026-10-09T03:16:20.9642987Z ok 6 - Perl alias POD escapes formatting and never adds executable declarations
2026-10-09T03:16:20.9644002Z   ---
2026-10-09T03:16:20.9644606Z   duration_ms: 8.614952
2026-10-09T03:16:20.9645283Z   type: 'test'
2026-10-09T03:16:20.9645910Z   ...
2026-10-09T03:16:21.0331073Z # Subtest: Perl alias POD parses and consumer assertions reject failed regex checks
2026-10-09T03:16:21.0332897Z ok 7 - Perl alias POD parses and consumer assertions reject failed regex checks
2026-10-09T03:16:21.0334032Z   ---
2026-10-09T03:16:21.0334739Z   duration_ms: 87.755654
2026-10-09T03:16:21.0335488Z   type: 'test'
2026-10-09T03:16:21.0336131Z   ...
2026-10-09T03:18:17.2708370Z # Subtest: installed Perl aliases preserve named contracts and target semantics on both source paths
2026-10-09T03:18:17.2710282Z ok 8 - installed Perl aliases preserve named contracts and target semantics on both source paths
2026-10-09T03:18:17.2711206Z   ---
2026-10-09T03:18:17.2711607Z   duration_ms: 119760.349034
2026-10-09T03:18:17.2712086Z   type: 'test'
2026-10-09T03:18:17.2712475Z   ...
2026-10-09T03:18:17.2713191Z # ordinary-source: compiling aliases for 1 Perl ABIs
2026-10-09T03:18:17.2714814Z # ordinary-source: installing offline and relocating /home/runner/work/lean-bridge/lean-bridge/.toolchains/perl/5.36.3-unthreaded/bin/perl
2026-10-09T03:18:17.2716576Z # ordinary-source/v5.36.3/unthreaded: 11732 public assertions and 596 cleanup checks passed
2026-10-09T03:18:17.2717649Z # reviewed-ir: compiling aliases for 1 Perl ABIs
2026-10-09T03:18:17.2719167Z # reviewed-ir: installing offline and relocating /home/runner/work/lean-bridge/lean-bridge/.toolchains/perl/5.36.3-unthreaded/bin/perl
2026-10-09T03:18:17.2721830Z # reviewed-ir/v5.36.3/unthreaded: 11732 public assertions and 596 cleanup checks passed
2026-10-09T03:18:17.2873556Z 1..8
2026-10-09T03:18:17.2875456Z # tests 8
2026-10-09T03:18:17.2875812Z # suites 0
2026-10-09T03:18:17.2876159Z # pass 8
2026-10-09T03:18:17.2876453Z # fail 0
2026-10-09T03:18:17.2880309Z # cancelled 0
2026-10-09T03:18:17.2880674Z # skipped 0
2026-10-09T03:18:17.2881008Z # todo 0
2026-10-09T03:18:17.2881389Z # duration_ms 120088.717703
2026-10-09T03:18:17.3318540Z TAP version 13
2026-10-09T03:18:17.6259865Z # Subtest: CPAN packages are checked Fin consumers with every other native projection
2026-10-09T03:18:17.6270418Z ok 1 - CPAN packages are checked Fin consumers with every other native projection
2026-10-09T03:18:17.6271376Z   ---
2026-10-09T03:18:17.6271832Z   duration_ms: 0.932178
2026-10-09T03:18:17.6272382Z   type: 'test'
2026-10-09T03:18:17.6272809Z   ...
2026-10-09T03:18:17.6274471Z # Subtest: generated XS checks each exact bound before dispatch and unwraps the checked adapter result
2026-10-09T03:18:17.6276707Z ok 2 - generated XS checks each exact bound before dispatch and unwraps the checked adapter result
2026-10-09T03:18:17.6277743Z   ---
2026-10-09T03:18:17.6278152Z   duration_ms: 19.218445
2026-10-09T03:18:17.6278617Z   type: 'test'
2026-10-09T03:18:17.6279026Z   ...
2026-10-09T03:19:52.0841252Z # Subtest: relocated source-free CPAN packages check Fin bounds before Lean dispatch on every selected ABI
2026-10-09T03:19:52.0853986Z ok 3 - relocated source-free CPAN packages check Fin bounds before Lean dispatch on every selected ABI
2026-10-09T03:19:52.0854721Z   ---
2026-10-09T03:19:52.0854996Z   duration_ms: 94460.98183
2026-10-09T03:19:52.0855446Z   type: 'test'
2026-10-09T03:19:52.0855708Z   ...
2026-10-09T03:19:52.0856328Z # build 0: compiling XS for 1 Perl ABIs
2026-10-09T03:19:52.0857169Z # offline prebuilt installation on /home/runner/work/lean-bridge/lean-bridge/.toolchains/perl/5.36.3-unthreaded/bin/perl
2026-10-09T03:19:52.0858097Z # build 1: compiling XS for 1 Perl ABIs
2026-10-09T03:21:24.6634534Z # Subtest: independently reviewed Perl packages check scalar Fin through installed consumers
2026-10-09T03:21:24.6636119Z ok 4 - independently reviewed Perl packages check scalar Fin through installed consumers
2026-10-09T03:21:24.6637193Z   ---
2026-10-09T03:21:24.6637632Z   duration_ms: 92577.614561
2026-10-09T03:21:24.6638144Z   type: 'test'
2026-10-09T03:21:24.6638725Z   ...
2026-10-09T03:21:24.6639227Z # build 0: compiling XS for 1 Perl ABIs
2026-10-09T03:21:24.6640850Z # offline prebuilt installation on /home/runner/work/lean-bridge/lean-bridge/.toolchains/perl/5.36.3-unthreaded/bin/perl
2026-10-09T03:21:24.6642069Z # build 1: compiling XS for 1 Perl ABIs
2026-10-09T03:21:24.6787133Z 1..4
2026-10-09T03:21:24.6787542Z # tests 4
2026-10-09T03:21:24.6788027Z # suites 0
2026-10-09T03:21:24.6789038Z # pass 4
2026-10-09T03:21:24.6789821Z # fail 0
2026-10-09T03:21:24.6790480Z # cancelled 0
2026-10-09T03:21:24.6791126Z # skipped 0
2026-10-09T03:21:24.6791683Z # todo 0
2026-10-09T03:21:24.6792332Z # duration_ms 187358.645357
2026-10-09T03:21:24.7244497Z TAP version 13
2026-10-09T03:23:28.5120700Z # Subtest: installed Perl variants preserve named constructors, copied fields and scoped cleanup on both source paths
2026-10-09T03:23:28.5129973Z ok 1 - installed Perl variants preserve named constructors, copied fields and scoped cleanup on both source paths
2026-10-09T03:23:28.5131367Z   ---
2026-10-09T03:23:28.5131600Z   duration_ms: 123518.592076
2026-10-09T03:23:28.5131863Z   type: 'test'
2026-10-09T03:23:28.5132069Z   ...
2026-10-09T03:23:28.5133332Z # ordinary-source: compiling fourteen variant exports for 1 Perl ABIs
2026-10-09T03:23:28.5141362Z # ordinary-source: installing offline and relocating /home/runner/work/lean-bridge/lean-bridge/.toolchains/perl/5.36.3-unthreaded/bin/perl
2026-10-09T03:23:28.5142776Z # ordinary-source/v5.36.3/unthreaded: 53680 public assertions, 116 rejected inputs and 584 cleanup checks passed
2026-10-09T03:23:28.5146148Z # reviewed-ir: compiling fourteen variant exports for 1 Perl ABIs
2026-10-09T03:23:28.5148090Z # reviewed-ir: installing offline and relocating /home/runner/work/lean-bridge/lean-bridge/.toolchains/perl/5.36.3-unthreaded/bin/perl
2026-10-09T03:23:28.5151290Z # reviewed-ir/v5.36.3/unthreaded: 53680 public assertions, 116 rejected inputs and 584 cleanup checks passed
2026-10-09T03:23:28.5282704Z 1..1
2026-10-09T03:23:28.5283362Z # tests 1
2026-10-09T03:23:28.5284205Z # suites 0
2026-10-09T03:23:28.5286096Z # pass 1
2026-10-09T03:23:28.5286550Z # fail 0
2026-10-09T03:23:28.5287205Z # cancelled 0
2026-10-09T03:23:28.5287753Z # skipped 0
2026-10-09T03:23:28.5288409Z # todo 0
2026-10-09T03:23:28.5289098Z # duration_ms 123815.497013
2026-10-09T03:23:28.5754206Z TAP version 13
2026-10-09T03:23:32.9981793Z # Subtest: Perl recursive declarations retain nominal edges and transparent aliases
2026-10-09T03:23:32.9988143Z ok 1 - Perl recursive declarations retain nominal edges and transparent aliases
2026-10-09T03:23:32.9989163Z   ---
2026-10-09T03:23:32.9989963Z   duration_ms: 256.944811
2026-10-09T03:23:32.9990365Z   type: 'test'
2026-10-09T03:23:32.9990693Z   ...
2026-10-09T03:23:32.9995044Z # Subtest: Perl graph declarations reject unsafe namespace, lifecycle and constructor names
2026-10-09T03:23:32.9996994Z ok 2 - Perl graph declarations reject unsafe namespace, lifecycle and constructor names
2026-10-09T03:23:32.9997674Z   ---
2026-10-09T03:23:32.9998045Z   duration_ms: 496.206613
2026-10-09T03:23:32.9998404Z   type: 'test'
2026-10-09T03:23:32.9998714Z   ...
2026-10-09T03:23:33.0031592Z # Subtest: Perl graph declaration size follows finite nodes, not alias expansion
2026-10-09T03:23:33.0040658Z ok 3 - Perl graph declaration size follows finite nodes, not alias expansion
2026-10-09T03:23:33.0041217Z   ---
2026-10-09T03:23:33.0041432Z   duration_ms: 3552.582255
2026-10-09T03:23:33.0041677Z   type: 'test'
2026-10-09T03:23:33.0041910Z   ...
2026-10-09T03:23:36.8707433Z # Subtest: Perl recursive declarations execute on selected pinned interpreter ABIs
2026-10-09T03:23:36.8709220Z ok 4 - Perl recursive declarations execute on selected pinned interpreter ABIs
2026-10-09T03:23:36.8710589Z   ---
2026-10-09T03:23:36.8711257Z   duration_ms: 3877.364434
2026-10-09T03:23:36.8711776Z   type: 'test'
2026-10-09T03:23:36.8712174Z   ...
2026-10-09T03:23:36.8715218Z # Subtest: Perl CI requires declaration execution and retains its per-ABI report
2026-10-09T03:23:36.8716868Z ok 5 - Perl CI requires declaration execution and retains its per-ABI report
2026-10-09T03:23:36.8717845Z   ---
2026-10-09T03:23:36.8718401Z   duration_ms: 0.918603
2026-10-09T03:23:36.8719002Z   type: 'test'
2026-10-09T03:23:36.8719854Z   ...
2026-10-09T03:23:36.8862913Z 1..5
2026-10-09T03:23:36.8863321Z # tests 5
2026-10-09T03:23:36.8863700Z # suites 0
2026-10-09T03:23:36.8864082Z # pass 5
2026-10-09T03:23:36.8864808Z # fail 0
2026-10-09T03:23:36.8865551Z # cancelled 0
2026-10-09T03:23:36.8866017Z # skipped 0
2026-10-09T03:23:36.8866579Z # todo 0
2026-10-09T03:23:36.8867158Z # duration_ms 8322.890204
2026-10-09T03:23:36.9313742Z TAP version 13
2026-10-09T03:23:46.8026713Z # Subtest: recorded Perl conversions bind all four ABIs without claiming installed CPAN support
2026-10-09T03:23:46.8037569Z ok 1 - recorded Perl conversions bind all four ABIs without claiming installed CPAN support
2026-10-09T03:23:46.8038402Z   ---
2026-10-09T03:23:46.8038645Z   duration_ms: 5055.347662
2026-10-09T03:23:46.8038899Z   type: 'test'
2026-10-09T03:23:46.8039124Z   ...
2026-10-09T03:23:46.8041014Z # Subtest: Perl graph converters remain finite, deterministic and nominal
2026-10-09T03:23:46.8043313Z ok 2 - Perl graph converters remain finite, deterministic and nominal
2026-10-09T03:23:46.8045120Z   ---
2026-10-09T03:23:46.8045352Z   duration_ms: 4351.488853
2026-10-09T03:23:46.8045598Z   type: 'test'
2026-10-09T03:23:46.8045808Z   ...
2026-10-09T03:23:46.8049885Z # Subtest: Perl XS calls validate before initialization and register native cleanup before invocation
2026-10-09T03:23:46.8056153Z ok 3 - Perl XS calls validate before initialization and register native cleanup before invocation
2026-10-09T03:23:46.8057705Z   ---
2026-10-09T03:23:46.8058350Z   duration_ms: 134.481599
2026-10-09T03:23:46.8058953Z   type: 'test'
2026-10-09T03:23:46.8059699Z   ...
2026-10-09T03:23:48.3437189Z # Subtest: Perl isolated XS conversions reject malformed values and release failures on selected ABIs
2026-10-09T03:23:48.3438412Z ok 4 - Perl isolated XS conversions reject malformed values and release failures on selected ABIs
2026-10-09T03:23:48.3439107Z   ---
2026-10-09T03:23:48.3439799Z   duration_ms: 1541.778906
2026-10-09T03:23:48.3440253Z   type: 'test'
2026-10-09T03:23:48.3440600Z   ...
2026-10-09T03:29:07.5146429Z # Subtest: Perl XS executes ordinary and reviewed compiled Lean graphs on selected ABIs
2026-10-09T03:29:07.5147777Z ok 5 - Perl XS executes ordinary and reviewed compiled Lean graphs on selected ABIs
2026-10-09T03:29:07.5148876Z   ---
2026-10-09T03:29:07.5149213Z   duration_ms: 319170.88958
2026-10-09T03:29:07.5149888Z   type: 'test'
2026-10-09T03:29:07.5150251Z   ...
2026-10-09T03:29:07.5155528Z # Subtest: Perl CI requires isolated and compiled graph conversions for every ABI
2026-10-09T03:29:07.5156913Z ok 6 - Perl CI requires isolated and compiled graph conversions for every ABI
2026-10-09T03:29:07.5157683Z   ---
2026-10-09T03:29:07.5158049Z   duration_ms: 0.833304
2026-10-09T03:29:07.5158308Z   type: 'test'
2026-10-09T03:29:07.5158529Z   ...
2026-10-09T03:29:07.5562819Z 1..6
2026-10-09T03:29:07.5563234Z # tests 6
2026-10-09T03:29:07.5563616Z # suites 0
2026-10-09T03:29:07.5563995Z # pass 6
2026-10-09T03:29:07.5564566Z # fail 0
2026-10-09T03:29:07.5565223Z # cancelled 0
2026-10-09T03:29:07.5565850Z # skipped 0
2026-10-09T03:29:07.5566477Z # todo 0
2026-10-09T03:29:07.5567184Z # duration_ms 330636.877552
2026-10-09T03:29:07.6012764Z TAP version 13
2026-10-09T03:29:09.6788015Z # Subtest: recursive Perl package generation isolates native symbols and defers initialization
2026-10-09T03:29:09.6801129Z ok 1 - recursive Perl package generation isolates native symbols and defers initialization
2026-10-09T03:29:09.6820150Z   ---
2026-10-09T03:29:09.6830211Z   duration_ms: 35.136869
2026-10-09T03:29:09.6830951Z   type: 'test'
2026-10-09T03:29:09.6831397Z   ...
2026-10-09T03:29:09.6832265Z # Subtest: Perl source literals preserve coordinates, sigils, quotes and backslashes
2026-10-09T03:29:09.6832989Z ok 2 - Perl source literals preserve coordinates, sigils, quotes and backslashes
2026-10-09T03:29:09.6833411Z   ---
2026-10-09T03:29:09.6833628Z   duration_ms: 0.14501
2026-10-09T03:29:09.6833877Z   type: 'test'
2026-10-09T03:29:09.6834108Z   ...
2026-10-09T03:29:09.6834566Z # Subtest: Perl installation comparison normalizes only known installer bookkeeping
2026-10-09T03:29:09.6835218Z ok 3 - Perl installation comparison normalizes only known installer bookkeeping
2026-10-09T03:29:09.6835633Z   ---
2026-10-09T03:29:09.6835839Z   duration_ms: 6.145683
2026-10-09T03:29:09.6836079Z   type: 'test'
2026-10-09T03:29:09.6836280Z   ...
2026-10-09T03:29:09.6836753Z # Subtest: CPAN finite admission validates the Perl namespace without adding a C target
2026-10-09T03:29:09.6837413Z ok 4 - CPAN finite admission validates the Perl namespace without adding a C target
2026-10-09T03:29:09.6837822Z   ---
2026-10-09T03:29:09.6838030Z   duration_ms: 1419.174565
2026-10-09T03:29:09.6838271Z   type: 'test'
2026-10-09T03:29:09.6838497Z   ...
2026-10-09T03:29:09.6838932Z # Subtest: Perl probe lineage permits only the three unchanged instrumentation exports
2026-10-09T03:29:09.6840022Z ok 5 - Perl probe lineage permits only the three unchanged instrumentation exports
2026-10-09T03:29:09.6840822Z   ---
2026-10-09T03:29:09.6841215Z   duration_ms: 7.860411
2026-10-09T03:29:09.6841654Z   type: 'test'
2026-10-09T03:29:09.6842060Z   ...
2026-10-09T03:29:09.6914608Z # Subtest: Perl regression signatures preserve parameter order and reconstruct the named compound review
2026-10-09T03:29:09.6926445Z ok 6 - Perl regression signatures preserve parameter order and reconstruct the named compound review
2026-10-09T03:29:09.6927582Z   ---
2026-10-09T03:29:09.6927956Z   duration_ms: 9.755556
2026-10-09T03:29:09.6928385Z   type: 'test'
2026-10-09T03:29:09.6928742Z   ...
2026-10-09T03:29:23.1941755Z # Subtest: recursive CPAN acceptance binds every ABI, original archive, lifecycle probe and documented call
2026-10-09T03:29:23.1943729Z ok 7 - recursive CPAN acceptance binds every ABI, original archive, lifecycle probe and documented call
2026-10-09T03:29:23.1945017Z   ---
2026-10-09T03:29:23.1945537Z   duration_ms: 13502.38396
2026-10-09T03:29:23.1946122Z   type: 'test'
2026-10-09T03:29:23.1946720Z   ...
2026-10-09T03:44:44.3599937Z # Subtest: ordinary and reviewed CPAN graphs install source-free on selected Perl ABIs
2026-10-09T03:44:44.3601118Z ok 8 - ordinary and reviewed CPAN graphs install source-free on selected Perl ABIs
2026-10-09T03:44:44.3610450Z   ---
2026-10-09T03:44:44.3620077Z   duration_ms: 921165.210668
2026-10-09T03:44:44.3620570Z   type: 'test'
2026-10-09T03:44:44.3620979Z   ...
2026-10-09T03:44:44.3621509Z # ordinary: independent build 1, CPAN-only archives
2026-10-09T03:44:44.3622419Z # ordinary: /home/runner/work/lean-bridge/lean-bridge/.toolchains/perl/5.36.3-unthreaded/bin/perl, prebuilt-only
2026-10-09T03:44:44.3623472Z # ordinary: /home/runner/work/lean-bridge/lean-bridge/.toolchains/perl/5.36.3-unthreaded/bin/perl, build-xs
2026-10-09T03:44:44.3624570Z # ordinary: 2 source-free installations passed
2026-10-09T03:44:44.3625331Z # reviewed: independent build 1, CPAN-only archives
2026-10-09T03:44:44.3626675Z # reviewed: /home/runner/work/lean-bridge/lean-bridge/.toolchains/perl/5.36.3-unthreaded/bin/perl, prebuilt-only
2026-10-09T03:44:44.3628274Z # reviewed: /home/runner/work/lean-bridge/lean-bridge/.toolchains/perl/5.36.3-unthreaded/bin/perl, build-xs
2026-10-09T03:44:44.3629689Z # reviewed: 2 source-free installations passed
2026-10-09T03:44:44.3630512Z # ordinary: independent build 2, CPAN-only archives
2026-10-09T03:44:44.3631851Z # ordinary: /home/runner/work/lean-bridge/lean-bridge/.toolchains/perl/5.36.3-unthreaded/bin/perl, prebuilt-only
2026-10-09T03:44:44.3633076Z # ordinary: /home/runner/work/lean-bridge/lean-bridge/.toolchains/perl/5.36.3-unthreaded/bin/perl, build-xs
2026-10-09T03:44:44.3633769Z # ordinary: 2 source-free installations passed
2026-10-09T03:44:44.3634231Z # reviewed: independent build 2, CPAN-only archives
2026-10-09T03:44:44.3635015Z # reviewed: /home/runner/work/lean-bridge/lean-bridge/.toolchains/perl/5.36.3-unthreaded/bin/perl, prebuilt-only
2026-10-09T03:44:44.3636007Z # reviewed: /home/runner/work/lean-bridge/lean-bridge/.toolchains/perl/5.36.3-unthreaded/bin/perl, build-xs
2026-10-09T03:44:44.3636652Z # reviewed: 2 source-free installations passed
2026-10-09T03:46:20.1330398Z # Subtest: Perl rejects conflicting native component coordinates before loading their code
2026-10-09T03:46:20.1331733Z ok 9 - Perl rejects conflicting native component coordinates before loading their code
2026-10-09T03:46:20.1332429Z   ---
2026-10-09T03:46:20.1332861Z   duration_ms: 95772.96578
2026-10-09T03:46:20.1334992Z   type: 'test'
2026-10-09T03:46:20.1335371Z   ...
2026-10-09T03:48:44.2711198Z # Subtest: installed recursive and acyclic Perl packages share lifecycle without symbol collisions
2026-10-09T03:48:44.2712679Z ok 10 - installed recursive and acyclic Perl packages share lifecycle without symbol collisions
2026-10-09T03:48:44.2713553Z   ---
2026-10-09T03:48:44.2714050Z   duration_ms: 144137.914319
2026-10-09T03:48:44.2714498Z   type: 'test'
2026-10-09T03:48:44.2714846Z   ...
2026-10-09T03:48:44.2715347Z # building GraphAlpha for 1 Perl ABIs
2026-10-09T03:48:44.2715963Z # building GraphBeta for 1 Perl ABIs
2026-10-09T03:48:44.2717982Z # building Peer for 1 Perl ABIs
2026-10-09T03:48:44.2719886Z # installing and checking composition: /home/runner/work/lean-bridge/lean-bridge/.toolchains/perl/5.36.3-unthreaded/bin/perl
2026-10-09T03:50:30.8800548Z # Subtest: recursive Perl documentation builds original archives and rejects installed native tampering
2026-10-09T03:50:30.8803164Z ok 11 - recursive Perl documentation builds original archives and rejects installed native tampering
2026-10-09T03:50:30.8804370Z   ---
2026-10-09T03:50:30.8804904Z   duration_ms: 106608.948755
2026-10-09T03:50:30.8805378Z   type: 'test'
2026-10-09T03:50:30.8805742Z   ...
2026-10-09T03:50:30.8806297Z # ordinary: compiling the documented recursive module
2026-10-09T03:50:30.8807851Z # ordinary: executing documentation and native tamper checks on /home/runner/work/lean-bridge/lean-bridge/.toolchains/perl/5.36.3-unthreaded/bin/perl
2026-10-09T03:50:30.8809152Z # reviewed: compiling the documented recursive module
2026-10-09T03:50:30.8810353Z # reviewed: executing documentation and native tamper checks on /home/runner/work/lean-bridge/lean-bridge/.toolchains/perl/5.36.3-unthreaded/bin/perl
2026-10-09T03:50:30.9266178Z 1..11
2026-10-09T03:50:30.9266763Z # tests 11
2026-10-09T03:50:30.9267115Z # suites 0
2026-10-09T03:50:30.9267752Z # pass 11
2026-10-09T03:50:30.9268315Z # fail 0
2026-10-09T03:50:30.9268939Z # cancelled 0
2026-10-09T03:50:30.9269694Z # skipped 0
2026-10-09T03:50:30.9270388Z # todo 0
2026-10-09T03:50:30.9271047Z # duration_ms 1283337.328127
2026-10-09T03:50:30.9708693Z TAP version 13
2026-10-09T03:50:31.5338170Z # Subtest: Native consumer CI repair integration authenticates each exact source predecessor
2026-10-09T03:50:31.5344739Z ok 1 - Native consumer CI repair integration authenticates each exact source predecessor
2026-10-09T03:50:31.5345598Z   ---
2026-10-09T03:50:31.5346121Z   duration_ms: 252.731238
2026-10-09T03:50:31.5346602Z   type: 'test'
2026-10-09T03:50:31.5346996Z   ...
2026-10-09T03:50:31.7683839Z # Subtest: Native consumer CI repair source pins do not change observations or other inventory claims
2026-10-09T03:50:31.7686212Z ok 2 - Native consumer CI repair source pins do not change observations or other inventory claims
2026-10-09T03:50:31.7686978Z   ---
2026-10-09T03:50:31.7687221Z   duration_ms: 234.729868
2026-10-09T03:50:31.7687471Z   type: 'test'
2026-10-09T03:50:31.7687710Z   ...
2026-10-09T03:50:31.7719467Z # Subtest: every native profile has a specialization consumer for the same concrete exports
2026-10-09T03:50:31.7723188Z ok 3 - every native profile has a specialization consumer for the same concrete exports
2026-10-09T03:50:31.7724687Z   ---
2026-10-09T03:50:31.7725189Z   duration_ms: 2.76295
2026-10-09T03:50:31.7725690Z   type: 'test'
2026-10-09T03:50:31.7726142Z   ...
2026-10-09T03:50:31.7730569Z # Subtest: native builds admit a generic structure instantiation named by an alias, with its provenance
2026-10-09T03:50:31.7733733Z ok 4 - native builds admit a generic structure instantiation named by an alias, with its provenance # SKIP
2026-10-09T03:50:31.7734472Z   ---
2026-10-09T03:50:31.7734972Z   duration_ms: 0.326017
2026-10-09T03:50:31.7735518Z   type: 'test'
2026-10-09T03:50:31.7735949Z   ...
2026-10-09T03:52:03.0270245Z # Subtest: relocated source-free native packages install concrete specializations without the generic declaration
2026-10-09T03:52:03.0272377Z ok 5 - relocated source-free native packages install concrete specializations without the generic declaration
2026-10-09T03:52:03.0273542Z   ---
2026-10-09T03:52:03.0274066Z   duration_ms: 91255.294157
2026-10-09T03:52:03.0274706Z   type: 'test'
2026-10-09T03:52:03.0275244Z   ...
2026-10-09T03:52:03.0275757Z # build 0: perl
2026-10-09T03:52:03.0276427Z # installing and checking perl
2026-10-09T03:52:03.0277078Z # build 1: perl
2026-10-09T03:52:03.0462143Z 1..5
2026-10-09T03:52:03.0462825Z # tests 5
2026-10-09T03:52:03.0463263Z # suites 0
2026-10-09T03:52:03.0463881Z # pass 4
2026-10-09T03:52:03.0464456Z # fail 0
2026-10-09T03:52:03.0465051Z # cancelled 0
2026-10-09T03:52:03.0465815Z # skipped 1
2026-10-09T03:52:03.0466402Z # todo 0
2026-10-09T03:52:03.0467754Z # duration_ms 92087.163125
2026-10-09T03:52:03.0903119Z TAP version 13
2026-10-09T03:53:35.6855986Z # Subtest: relocated source-free native packages construct and project alias-named generic records
2026-10-09T03:53:35.6862793Z ok 1 - relocated source-free native packages construct and project alias-named generic records
2026-10-09T03:53:35.6863938Z   ---
2026-10-09T03:53:35.6864206Z   duration_ms: 92111.863797
2026-10-09T03:53:35.6864479Z   type: 'test'
2026-10-09T03:53:35.6864691Z   ...
2026-10-09T03:53:35.6865356Z # build 0: perl
2026-10-09T03:53:35.6869840Z # installing and checking perl
2026-10-09T03:53:35.6872480Z # build 1: perl
2026-10-09T03:55:08.2203890Z # Subtest: relocated source-free native packages construct specialized generic records in two namespaces and Option/List aliases
2026-10-09T03:55:08.2206508Z ok 2 - relocated source-free native packages construct specialized generic records in two namespaces and Option/List aliases
2026-10-09T03:55:08.2207664Z   ---
2026-10-09T03:55:08.2208070Z   duration_ms: 92535.471868
2026-10-09T03:55:08.2208558Z   type: 'test'
2026-10-09T03:55:08.2208944Z   ...
2026-10-09T03:55:08.2209329Z # build 0: perl
2026-10-09T03:55:08.2211650Z # installing and checking perl
2026-10-09T03:55:08.2212670Z # build 1: perl
2026-10-09T03:55:08.2389758Z 1..2
2026-10-09T03:55:08.2390521Z # tests 2
2026-10-09T03:55:08.2390805Z # suites 0
2026-10-09T03:55:08.2391278Z # pass 2
2026-10-09T03:55:08.2391825Z # fail 0
2026-10-09T03:55:08.2392537Z # cancelled 0
2026-10-09T03:55:08.2393007Z # skipped 0
2026-10-09T03:55:08.2393618Z # todo 0
2026-10-09T03:55:08.2394193Z # duration_ms 185160.519738
2026-10-09T03:55:08.2894955Z TAP version 13
2026-10-09T03:55:08.6410847Z # Subtest: container host dispatch requires every ordered public and raw control
2026-10-09T03:55:08.6418123Z ok 1 - container host dispatch requires every ordered public and raw control
2026-10-09T03:55:08.6418717Z   ---
2026-10-09T03:55:08.6419125Z   duration_ms: 19.781522
2026-10-09T03:55:08.6419783Z   type: 'test'
2026-10-09T03:55:08.6420134Z   ...
2026-10-09T03:55:09.3726105Z # Subtest: container dispatch history authenticates exact predecessors and rejects unknown edits
2026-10-09T03:55:09.3730771Z ok 2 - container dispatch history authenticates exact predecessors and rejects unknown edits
2026-10-09T03:55:09.3731624Z   ---
2026-10-09T03:55:09.3731977Z   duration_ms: 735.949813
2026-10-09T03:55:09.3732412Z   type: 'test'
2026-10-09T03:55:09.3732774Z   ...
2026-10-09T03:55:10.0448553Z # Subtest: container dispatch adds no support claims or rewritten archived observations
2026-10-09T03:55:10.0450579Z ok 3 - container dispatch adds no support claims or rewritten archived observations
2026-10-09T03:55:10.0451574Z   ---
2026-10-09T03:55:10.0451930Z   duration_ms: 672.109854
2026-10-09T03:55:10.0452341Z   type: 'test'
2026-10-09T03:55:10.0452694Z   ...
2026-10-09T03:55:10.6523107Z # Subtest: Perl Fin archive inspection authenticates each exact source predecessor
2026-10-09T03:55:10.6524474Z ok 4 - Perl Fin archive inspection authenticates each exact source predecessor
2026-10-09T03:55:10.6525198Z   ---
2026-10-09T03:55:10.6525557Z   duration_ms: 607.24256
2026-10-09T03:55:10.6525975Z   type: 'test'
2026-10-09T03:55:10.6526329Z   ...
2026-10-09T03:55:11.2589219Z # Subtest: Perl Fin archive inspection changes current source pins without inventing installed evidence
2026-10-09T03:55:11.2591239Z ok 5 - Perl Fin archive inspection changes current source pins without inventing installed evidence
2026-10-09T03:55:11.2592178Z   ---
2026-10-09T03:55:11.2592580Z   duration_ms: 606.575226
2026-10-09T03:55:11.2593067Z   type: 'test'
2026-10-09T03:55:11.2593478Z   ...
2026-10-09T03:55:11.8467860Z # Subtest: Perl Fin XS audit authenticates each exact source predecessor
2026-10-09T03:55:11.8468930Z ok 6 - Perl Fin XS audit authenticates each exact source predecessor
2026-10-09T03:55:11.8470559Z   ---
2026-10-09T03:55:11.8470924Z   duration_ms: 587.487027
2026-10-09T03:55:11.8471356Z   type: 'test'
2026-10-09T03:55:11.8471615Z   ...
2026-10-09T03:55:12.4224865Z # Subtest: Perl Fin XS audit changes current source pins without inventing installed evidence
2026-10-09T03:55:12.4226691Z ok 7 - Perl Fin XS audit changes current source pins without inventing installed evidence
2026-10-09T03:55:12.4228120Z   ---
2026-10-09T03:55:12.4228491Z   duration_ms: 575.631538
2026-10-09T03:55:12.4228915Z   type: 'test'
2026-10-09T03:55:12.4229266Z   ...
2026-10-09T03:55:12.4450702Z # Subtest: Perl Fin archive inspection works with the compiler-free consumer PATH
2026-10-09T03:55:12.4452395Z ok 8 - Perl Fin archive inspection works with the compiler-free consumer PATH
2026-10-09T03:55:12.4453373Z   ---
2026-10-09T03:55:12.4453787Z   duration_ms: 18.041519
2026-10-09T03:55:12.4454252Z   type: 'test'
2026-10-09T03:55:12.4454686Z   ...
2026-10-09T03:55:12.4461277Z # Subtest: native types admit Fin at top level, inside structural containers and in plain record and variant fields
2026-10-09T03:55:12.4463239Z ok 9 - native types admit Fin at top level, inside structural containers and in plain record and variant fields
2026-10-09T03:55:12.4464513Z   ---
2026-10-09T03:55:12.4465186Z   duration_ms: 2.871334
2026-10-09T03:55:12.4465941Z   type: 'test'
2026-10-09T03:55:12.4466596Z   ...
2026-10-09T03:55:12.4467946Z # Subtest: Lean adapters check container elements with typed construction and keep the scalar form byte for byte
2026-10-09T03:55:12.4470230Z ok 10 - Lean adapters check container elements with typed construction and keep the scalar form byte for byte
2026-10-09T03:55:12.4471469Z   ---
2026-10-09T03:55:12.4472097Z   duration_ms: 2.144749
2026-10-09T03:55:12.4472748Z   type: 'test'
2026-10-09T03:55:12.4473362Z   ...
2026-10-09T03:55:12.4487485Z # Subtest: every native profile has a Fin container consumer
2026-10-09T03:55:12.4488951Z ok 11 - every native profile has a Fin container consumer
2026-10-09T03:55:12.4511148Z   ---
2026-10-09T03:55:12.4511691Z   duration_ms: 2.308358
2026-10-09T03:55:12.4512395Z   type: 'test'
2026-10-09T03:55:12.4513021Z   ...
2026-10-09T03:55:12.4514655Z # Subtest: native builds still reject Fin in callbacks and generic record instantiations, including containers there
2026-10-09T03:55:12.4516070Z ok 12 - native builds still reject Fin in callbacks and generic record instantiations, including containers there # SKIP
2026-10-09T03:55:12.4517196Z   ---
2026-10-09T03:55:12.4517742Z   duration_ms: 0.283719
2026-10-09T03:55:12.4518327Z   type: 'test'
2026-10-09T03:55:12.4518842Z   ...
2026-10-09T03:56:48.2499095Z # Subtest: relocated source-free native packages check Fin inside arrays, lists and options
2026-10-09T03:56:48.2501108Z ok 13 - relocated source-free native packages check Fin inside arrays, lists and options
2026-10-09T03:56:48.2507342Z   ---
2026-10-09T03:56:48.2507720Z   duration_ms: 95801.066476
2026-10-09T03:56:48.2508130Z   type: 'test'
2026-10-09T03:56:48.2508354Z   ...
2026-10-09T03:56:48.2508712Z # build 0: perl
2026-10-09T03:56:48.2508991Z # installing and checking perl
2026-10-09T03:56:48.2509260Z # build 1: perl
2026-10-09T03:58:23.8872958Z # Subtest: independently reviewed native packages check container and alias Fin bounds after source-free installation
2026-10-09T03:58:23.8875276Z ok 14 - independently reviewed native packages check container and alias Fin bounds after source-free installation
2026-10-09T03:58:23.8876352Z   ---
2026-10-09T03:58:23.8876752Z   duration_ms: 95637.837136
2026-10-09T03:58:23.8877222Z   type: 'test'
2026-10-09T03:58:23.8877608Z   ...
2026-10-09T03:58:23.8877988Z # build 0: perl
2026-10-09T03:58:23.8878499Z # installing and checking perl
2026-10-09T03:58:23.8879000Z # build 1: perl
2026-10-09T03:58:23.9062262Z # Subtest: generated XS walks every container element against its exact bound before the guarded adapter runs
2026-10-09T03:58:23.9063832Z ok 15 - generated XS walks every container element against its exact bound before the guarded adapter runs
2026-10-09T03:58:23.9064710Z   ---
2026-10-09T03:58:23.9065065Z   duration_ms: 18.188742
2026-10-09T03:58:23.9065476Z   type: 'test'
2026-10-09T03:58:23.9065824Z   ...
2026-10-09T03:58:23.9066844Z # Subtest: a checked constructor beside container bounds runs after every bound, through the exported validator
2026-10-09T03:58:23.9083167Z ok 16 - a checked constructor beside container bounds runs after every bound, through the exported validator
2026-10-09T03:58:23.9083959Z   ---
2026-10-09T03:58:23.9084378Z   duration_ms: 6.692882
2026-10-09T03:58:23.9084683Z   type: 'test'
2026-10-09T03:58:23.9084921Z   ...
2026-10-09T03:58:23.9085402Z # Subtest: the Perl dispatch interposers repeat the exported prototypes they wrap
2026-10-09T03:58:23.9086131Z ok 17 - the Perl dispatch interposers repeat the exported prototypes they wrap
2026-10-09T03:58:23.9086576Z   ---
2026-10-09T03:58:23.9086815Z   duration_ms: 1.178638
2026-10-09T03:58:23.9087072Z   type: 'test'
2026-10-09T03:58:23.9087278Z   ...
2026-10-09T03:58:23.9087490Z 1..17
2026-10-09T03:58:23.9087676Z # tests 17
2026-10-09T03:58:23.9087891Z # suites 0
2026-10-09T03:58:23.9088116Z # pass 16
2026-10-09T03:58:23.9088320Z # fail 0
2026-10-09T03:58:23.9088541Z # cancelled 0
2026-10-09T03:58:23.9088757Z # skipped 1
2026-10-09T03:58:23.9088977Z # todo 0
2026-10-09T03:58:23.9089222Z # duration_ms 195632.065381
2026-10-09T03:58:23.9519170Z TAP version 13
2026-10-09T03:58:24.3345210Z # Subtest: PHP-safe product name authenticates each exact source predecessor
2026-10-09T03:58:24.3352544Z ok 1 - PHP-safe product name authenticates each exact source predecessor
2026-10-09T03:58:24.3353465Z   ---
2026-10-09T03:58:24.3353818Z   duration_ms: 64.642433
2026-10-09T03:58:24.3354097Z   type: 'test'
2026-10-09T03:58:24.3354311Z   ...
2026-10-09T03:58:24.9455023Z # Subtest: Fin products authenticates each exact source predecessor
2026-10-09T03:58:24.9456774Z ok 2 - Fin products authenticates each exact source predecessor
2026-10-09T03:58:24.9457628Z   ---
2026-10-09T03:58:24.9457998Z   duration_ms: 610.958286
2026-10-09T03:58:24.9458430Z   type: 'test'
2026-10-09T03:58:24.9458789Z   ...
2026-10-09T03:58:25.9148575Z # Subtest: Fin products changes current source pins without inventing installed evidence
2026-10-09T03:58:25.9150704Z ok 3 - Fin products changes current source pins without inventing installed evidence
2026-10-09T03:58:25.9152258Z   ---
2026-10-09T03:58:25.9152653Z   duration_ms: 969.238012
2026-10-09T03:58:25.9153112Z   type: 'test'
2026-10-09T03:58:25.9153483Z   ...
2026-10-09T03:58:26.5054132Z # Subtest: Fin products CI authenticates each exact source predecessor
2026-10-09T03:58:26.5056569Z ok 4 - Fin products CI authenticates each exact source predecessor
2026-10-09T03:58:26.5057220Z   ---
2026-10-09T03:58:26.5057594Z   duration_ms: 590.573025
2026-10-09T03:58:26.5058019Z   type: 'test'
2026-10-09T03:58:26.5058384Z   ...
2026-10-09T03:58:27.6564271Z # Subtest: Fin products CI changes current source pins without inventing installed evidence
2026-10-09T03:58:27.6565799Z ok 5 - Fin products CI changes current source pins without inventing installed evidence
2026-10-09T03:58:27.6566490Z   ---
2026-10-09T03:58:27.6567100Z   duration_ms: 1150.844188
2026-10-09T03:58:27.6567638Z   type: 'test'
2026-10-09T03:58:27.6568033Z   ...
2026-10-09T03:58:28.2521062Z # Subtest: Fin products floors authenticates each exact source predecessor
2026-10-09T03:58:28.2522690Z ok 6 - Fin products floors authenticates each exact source predecessor
2026-10-09T03:58:28.2523366Z   ---
2026-10-09T03:58:28.2523734Z   duration_ms: 595.627179
2026-10-09T03:58:28.2524163Z   type: 'test'
2026-10-09T03:58:28.2524520Z   ...
2026-10-09T03:58:29.3478751Z # Subtest: Fin products floors changes current source pins without inventing installed evidence
2026-10-09T03:58:29.3482115Z ok 7 - Fin products floors changes current source pins without inventing installed evidence
2026-10-09T03:58:29.3482891Z   ---
2026-10-09T03:58:29.3483297Z   duration_ms: 1095.488472
2026-10-09T03:58:29.3483687Z   type: 'test'
2026-10-09T03:58:29.3484030Z   ...
2026-10-09T03:58:29.3533781Z # Subtest: Array dispatch archives retain exact installed packages and ten measured C rows
2026-10-09T03:58:29.3535487Z ok 8 - Array dispatch archives retain exact installed packages and ten measured C rows
2026-10-09T03:58:29.3536478Z   ---
2026-10-09T03:58:29.3537009Z   duration_ms: 5.961195
2026-10-09T03:58:29.3537497Z   type: 'test'
2026-10-09T03:58:29.3538502Z   ...
2026-10-09T03:58:29.3605600Z # Subtest: Array dispatch evidence refuses missing positions, false counters and inherited C++ dispatch
2026-10-09T03:58:29.3609994Z ok 9 - Array dispatch evidence refuses missing positions, false counters and inherited C++ dispatch
2026-10-09T03:58:29.3610938Z   ---
2026-10-09T03:58:29.3611353Z   duration_ms: 6.486477
2026-10-09T03:58:29.3611801Z   type: 'test'
2026-10-09T03:58:29.3612180Z   ...
2026-10-09T03:58:29.3643604Z # Subtest: Array product archives retain exact installed C/C++ results and unmeasured dispatch
2026-10-09T03:58:29.3645059Z ok 10 - Array product archives retain exact installed C/C++ results and unmeasured dispatch
2026-10-09T03:58:29.3645860Z   ---
2026-10-09T03:58:29.3646098Z   duration_ms: 4.164751
2026-10-09T03:58:29.3646355Z   type: 'test'
2026-10-09T03:58:29.3646568Z   ...
2026-10-09T03:58:29.3659116Z # Subtest: the product follow-up preserves all five fresh-Lean refusal results
2026-10-09T03:58:29.3660524Z ok 11 - the product follow-up preserves all five fresh-Lean refusal results
2026-10-09T03:58:29.3661239Z   ---
2026-10-09T03:58:29.3661598Z   duration_ms: 1.637409
2026-10-09T03:58:29.3662010Z   type: 'test'
2026-10-09T03:58:29.3662362Z   ...
2026-10-09T03:58:29.3716630Z # Subtest: C/C++ product archives bind both source paths to exact bounds and measured dispatch
2026-10-09T03:58:29.3719026Z ok 12 - C/C++ product archives bind both source paths to exact bounds and measured dispatch
2026-10-09T03:58:29.3720125Z   ---
2026-10-09T03:58:29.3720494Z   duration_ms: 5.757342
2026-10-09T03:58:29.3720907Z   type: 'test'
2026-10-09T03:58:29.3721261Z   ...
2026-10-09T03:58:29.3818771Z # Subtest: PHP-safe product names preserve every original bound and independently reviewed site
2026-10-09T03:58:29.3821313Z ok 13 - PHP-safe product names preserve every original bound and independently reviewed site
2026-10-09T03:58:29.3822343Z   ---
2026-10-09T03:58:29.3822705Z   duration_ms: 10.11836
2026-10-09T03:58:29.3823115Z   type: 'test'
2026-10-09T03:58:29.3823362Z   ...
2026-10-09T03:58:29.4768885Z # Subtest: product logs retain the failed baseline review and the corrected run with four mismatches
2026-10-09T03:58:29.4770995Z ok 14 - product logs retain the failed baseline review and the corrected run with four mismatches
2026-10-09T03:58:29.4771858Z   ---
2026-10-09T03:58:29.4772154Z   duration_ms: 1.818381
2026-10-09T03:58:29.4772485Z   type: 'test'
2026-10-09T03:58:29.4772767Z   ...
2026-10-09T03:58:29.4774159Z # Subtest: native refinement trees keep both product components and both Except branches
2026-10-09T03:58:29.4775330Z ok 15 - native refinement trees keep both product components and both Except branches
2026-10-09T03:58:29.4790339Z   ---
2026-10-09T03:58:29.4790606Z   duration_ms: 26.237292
2026-10-09T03:58:29.4791093Z   type: 'test'
2026-10-09T03:58:29.4791486Z   ...
2026-10-09T03:58:29.4792293Z # Subtest: documentation paths name product components and the active Except branch
2026-10-09T03:58:29.4793202Z ok 16 - documentation paths name product components and the active Except branch
2026-10-09T03:58:29.4793657Z   ---
2026-10-09T03:58:29.4793871Z   duration_ms: 2.935505
2026-10-09T03:58:29.4794110Z   type: 'test'
2026-10-09T03:58:29.4794313Z   ...
2026-10-09T03:58:29.4794844Z # Subtest: the independent product review passes reviewed admission and states every compiled bound
2026-10-09T03:58:29.4795632Z ok 17 - the independent product review passes reviewed admission and states every compiled bound
2026-10-09T03:58:29.4796200Z   ---
2026-10-09T03:58:29.4796566Z   duration_ms: 14.253412
2026-10-09T03:58:29.4796975Z   type: 'test'
2026-10-09T03:58:29.4797326Z   ...
2026-10-09T03:58:29.4797770Z # Subtest: generated host documentation lists product and Except bound paths
2026-10-09T03:58:29.4798378Z ok 18 - generated host documentation lists product and Except bound paths
2026-10-09T03:58:29.4798793Z   ---
2026-10-09T03:58:29.4798991Z   duration_ms: 14.79887
2026-10-09T03:58:29.4799224Z   type: 'test'
2026-10-09T03:58:29.4799763Z   ...
2026-10-09T03:58:29.4801105Z # Subtest: the installed WIT patterns match the WIT generated from the fixture's compiler model
2026-10-09T03:58:29.4803368Z ok 19 - the installed WIT patterns match the WIT generated from the fixture's compiler model
2026-10-09T03:58:29.4804278Z   ---
2026-10-09T03:58:29.4804812Z   duration_ms: 16.470718
2026-10-09T03:58:29.4805369Z   type: 'test'
2026-10-09T03:58:29.4805832Z   ...
2026-10-09T03:58:29.4806456Z # Subtest: C adapters compare both components and only the active branch on caller limbs before Lean runs
2026-10-09T03:58:29.4807330Z ok 20 - C adapters compare both components and only the active branch on caller limbs before Lean runs
2026-10-09T03:58:29.4807872Z   ---
2026-10-09T03:58:29.4808155Z   duration_ms: 5.847987
2026-10-09T03:58:29.4808460Z   type: 'test'
2026-10-09T03:58:29.4808743Z   ...
2026-10-09T03:58:29.4809634Z # Subtest: Lean adapters construct every Fin of both components and the active branch before one source call
2026-10-09T03:58:29.4811057Z ok 21 - Lean adapters construct every Fin of both components and the active branch before one source call
2026-10-09T03:58:29.4811700Z   ---
2026-10-09T03:58:29.4812145Z   duration_ms: 3.847776
2026-10-09T03:58:29.4812478Z   type: 'test'
2026-10-09T03:58:29.4812775Z   ...
2026-10-09T03:58:29.4813294Z # Subtest: Perl XS walks both components and the active branch, naming each path
2026-10-09T03:58:29.4814772Z ok 22 - Perl XS walks both components and the active branch, naming each path
2026-10-09T03:58:29.4815359Z   ---
2026-10-09T03:58:29.4815576Z   duration_ms: 4.218988
2026-10-09T03:58:29.4815811Z   type: 'test'
2026-10-09T03:58:29.4816009Z   ...
2026-10-09T03:58:29.4822839Z # Subtest: reviewed product and Except bounds must equal the freshly compiled tree
2026-10-09T03:58:29.4823872Z ok 23 - reviewed product and Except bounds must equal the freshly compiled tree
2026-10-09T03:58:29.4824583Z   ---
2026-10-09T03:58:29.4824963Z   duration_ms: 4.084267
2026-10-09T03:58:29.4825378Z   type: 'test'
2026-10-09T03:58:29.4825724Z   ...
2026-10-09T03:58:29.4833336Z # Subtest: every native profile has a Fin product consumer and a target
2026-10-09T03:58:29.4835255Z ok 24 - every native profile has a Fin product consumer and a target
2026-10-09T03:58:29.4835921Z   ---
2026-10-09T03:58:29.4836323Z   duration_ms: 4.675389
2026-10-09T03:58:29.4836755Z   type: 'test'
2026-10-09T03:58:29.4837108Z   ...
2026-10-09T04:00:02.4113694Z # Subtest: relocated source-free native packages check Fin inside products and the active Except branch
2026-10-09T04:00:02.4115359Z ok 25 - relocated source-free native packages check Fin inside products and the active Except branch
2026-10-09T04:00:02.4116517Z   ---
2026-10-09T04:00:02.4116929Z   duration_ms: 92928.867997
2026-10-09T04:00:02.4117458Z   type: 'test'
2026-10-09T04:00:02.4117960Z   ...
2026-10-09T04:00:02.4118353Z # build 0: perl
2026-10-09T04:00:02.4118798Z # installing and checking perl
2026-10-09T04:00:02.4119795Z # build 1: perl
2026-10-09T04:01:35.5152546Z # Subtest: independently reviewed native packages check product and Except bounds after source-free installation
2026-10-09T04:01:35.5154764Z ok 26 - independently reviewed native packages check product and Except bounds after source-free installation
2026-10-09T04:01:35.5155996Z   ---
2026-10-09T04:01:35.5156559Z   duration_ms: 93104.476692
2026-10-09T04:01:35.5157202Z   type: 'test'
2026-10-09T04:01:35.5157689Z   ...
2026-10-09T04:01:35.5162014Z # build 0: perl
2026-10-09T04:01:35.5162944Z # installing and checking perl
2026-10-09T04:01:35.5190121Z # build 1: perl
2026-10-09T04:01:35.5191276Z # Subtest: the independent product review passes reviewed admission, and changed bounds are refused against fresh Lean
2026-10-09T04:01:35.5192966Z ok 27 - the independent product review passes reviewed admission, and changed bounds are refused against fresh Lean # SKIP
2026-10-09T04:01:35.5193917Z   ---
2026-10-09T04:01:35.5194263Z   duration_ms: 0.162433
2026-10-09T04:01:35.5194664Z   type: 'test'
2026-10-09T04:01:35.5195003Z   ...
2026-10-09T04:01:35.5359541Z 1..27
2026-10-09T04:01:35.5360139Z # tests 27
2026-10-09T04:01:35.5360813Z # suites 0
2026-10-09T04:01:35.5361450Z # pass 26
2026-10-09T04:01:35.5361941Z # fail 0
2026-10-09T04:01:35.5362535Z # cancelled 0
2026-10-09T04:01:35.5363066Z # skipped 1
2026-10-09T04:01:35.5363614Z # todo 0
2026-10-09T04:01:35.5364236Z # duration_ms 191595.8967
2026-10-09T04:01:35.5850389Z TAP version 13
2026-10-09T04:01:36.5074155Z # Subtest: Fin product arrays authenticates each exact source predecessor
2026-10-09T04:01:36.5078563Z ok 1 - Fin product arrays authenticates each exact source predecessor
2026-10-09T04:01:36.5079580Z   ---
2026-10-09T04:01:36.5079989Z   duration_ms: 609.770195
2026-10-09T04:01:36.5080411Z   type: 'test'
2026-10-09T04:01:36.5080767Z   ...
2026-10-09T04:01:37.7548771Z # Subtest: Fin product arrays changes current source pins without inventing installed evidence
2026-10-09T04:01:37.7550755Z ok 2 - Fin product arrays changes current source pins without inventing installed evidence
2026-10-09T04:01:37.7552077Z   ---
2026-10-09T04:01:37.7552738Z   duration_ms: 1168.939186
2026-10-09T04:01:37.7553232Z   type: 'test'
2026-10-09T04:01:37.7553637Z   ...
2026-10-09T04:01:37.7554658Z # Subtest: an array directly over a product keeps the component bound and only the error-branch bound
2026-10-09T04:01:37.7556195Z ok 3 - an array directly over a product keeps the component bound and only the error-branch bound
2026-10-09T04:01:37.7557165Z   ---
2026-10-09T04:01:37.7557584Z   duration_ms: 36.604317
2026-10-09T04:01:37.7558061Z   type: 'test'
2026-10-09T04:01:37.7558441Z   ...
2026-10-09T04:01:37.7564395Z # Subtest: C adapters compare every element's component and active error branch on caller limbs before Lean runs
2026-10-09T04:01:37.7566017Z ok 4 - C adapters compare every element's component and active error branch on caller limbs before Lean runs
2026-10-09T04:01:37.7567112Z   ---
2026-10-09T04:01:37.7567404Z   duration_ms: 10.096933
2026-10-09T04:01:37.7567670Z   type: 'test'
2026-10-09T04:01:37.7567886Z   ...
2026-10-09T04:01:37.7588850Z # Subtest: Lean adapters construct Fin for every element before one source call
2026-10-09T04:01:37.7590268Z ok 5 - Lean adapters construct Fin for every element before one source call
2026-10-09T04:01:37.7591038Z   ---
2026-10-09T04:01:37.7591450Z   duration_ms: 9.660269
2026-10-09T04:01:37.7591887Z   type: 'test'
2026-10-09T04:01:37.7592268Z   ...
2026-10-09T04:01:37.7593039Z # Subtest: Perl XS names the element index, the component and the active branch
2026-10-09T04:01:37.7594172Z ok 6 - Perl XS names the element index, the component and the active branch
2026-10-09T04:01:37.7594886Z   ---
2026-10-09T04:01:37.7595270Z   duration_ms: 8.291435
2026-10-09T04:01:37.7595716Z   type: 'test'
2026-10-09T04:01:37.7596105Z   ...
2026-10-09T04:01:37.7597037Z # Subtest: the independent array review passes reviewed admission and equals the compiled trees
2026-10-09T04:01:37.7598442Z ok 7 - the independent array review passes reviewed admission and equals the compiled trees
2026-10-09T04:01:37.7599579Z   ---
2026-10-09T04:01:37.7600067Z   duration_ms: 3.734615
2026-10-09T04:01:37.7600496Z   type: 'test'
2026-10-09T04:01:37.7600859Z   ...
2026-10-09T04:01:37.7601676Z # Subtest: reviewed array bounds and positions must equal the freshly compiled tree
2026-10-09T04:01:37.7602908Z ok 8 - reviewed array bounds and positions must equal the freshly compiled tree
2026-10-09T04:01:37.7603687Z   ---
2026-10-09T04:01:37.7604089Z   duration_ms: 9.941664
2026-10-09T04:01:37.7604536Z   type: 'test'
2026-10-09T04:01:37.7604925Z   ...
2026-10-09T04:01:37.7606381Z # Subtest: every native profile has a Fin product array consumer and a target
2026-10-09T04:01:37.7609580Z ok 9 - every native profile has a Fin product array consumer and a target
2026-10-09T04:01:37.7610657Z   ---
2026-10-09T04:01:37.7611271Z   duration_ms: 5.786243
2026-10-09T04:01:37.7611772Z   type: 'test'
2026-10-09T04:01:37.7612165Z   ...
2026-10-09T04:01:38.0304782Z # Subtest: the C consumer passes a faithful stand-in and fails one that rewrites the rejected leaf
2026-10-09T04:01:38.0306526Z ok 10 - the C consumer passes a faithful stand-in and fails one that rewrites the rejected leaf
2026-10-09T04:01:38.0307426Z   ---
2026-10-09T04:01:38.0307834Z   duration_ms: 268.757465
2026-10-09T04:01:38.0308297Z   type: 'test'
2026-10-09T04:01:38.0308687Z   ...
2026-10-09T04:03:09.2503584Z # Subtest: relocated source-free native packages check Fin inside every element of an array of products
2026-10-09T04:03:09.2505434Z ok 11 - relocated source-free native packages check Fin inside every element of an array of products
2026-10-09T04:03:09.2506420Z   ---
2026-10-09T04:03:09.2514917Z   duration_ms: 91220.269549
2026-10-09T04:03:09.2515500Z   type: 'test'
2026-10-09T04:03:09.2515895Z   ...
2026-10-09T04:03:09.2518905Z # build 0: perl
2026-10-09T04:03:09.2519660Z # installing and checking perl
2026-10-09T04:03:09.2520430Z # build 1: perl
2026-10-09T04:04:40.2971064Z # Subtest: independently reviewed native packages check array-of-product bounds after source-free installation
2026-10-09T04:04:40.2972730Z ok 12 - independently reviewed native packages check array-of-product bounds after source-free installation
2026-10-09T04:04:40.2973530Z   ---
2026-10-09T04:04:40.2973752Z   duration_ms: 91046.944462
2026-10-09T04:04:40.2974221Z   type: 'test'
2026-10-09T04:04:40.2974584Z   ...
2026-10-09T04:04:40.2974932Z # build 0: perl
2026-10-09T04:04:40.2980216Z # installing and checking perl
2026-10-09T04:04:40.2980839Z # build 1: perl
2026-10-09T04:04:40.2981743Z # Subtest: changed array-of-product reviews are refused against fresh Lean before any output
2026-10-09T04:04:40.2983082Z ok 13 - changed array-of-product reviews are refused against fresh Lean before any output # SKIP
2026-10-09T04:04:40.2983592Z   ---
2026-10-09T04:04:40.2983802Z   duration_ms: 0.182952
2026-10-09T04:04:40.2984046Z   type: 'test'
2026-10-09T04:04:40.2984252Z   ...
2026-10-09T04:04:40.3187011Z 1..13
2026-10-09T04:04:40.3187529Z # tests 13
2026-10-09T04:04:40.3188170Z # suites 0
2026-10-09T04:04:40.3188787Z # pass 12
2026-10-09T04:04:40.3189560Z # fail 0
2026-10-09T04:04:40.3190234Z # cancelled 0
2026-10-09T04:04:40.3190797Z # skipped 1
2026-10-09T04:04:40.3191324Z # todo 0
2026-10-09T04:04:40.3191914Z # duration_ms 184745.480458
2026-10-09T04:04:40.3629487Z TAP version 13
2026-10-09T04:04:41.4391391Z # Subtest: Native Fin records authenticates each exact source predecessor
2026-10-09T04:04:41.4398133Z ok 1 - Native Fin records authenticates each exact source predecessor
2026-10-09T04:04:41.4399038Z   ---
2026-10-09T04:04:41.4399885Z   duration_ms: 629.095729
2026-10-09T04:04:41.4400541Z   type: 'test'
2026-10-09T04:04:41.4401080Z   ...
2026-10-09T04:04:42.9913155Z # Subtest: Native Fin records changes current source pins without inventing installed evidence
2026-10-09T04:04:42.9916216Z ok 2 - Native Fin records changes current source pins without inventing installed evidence
2026-10-09T04:04:42.9917044Z   ---
2026-10-09T04:04:42.9917416Z   duration_ms: 1553.671729
2026-10-09T04:04:42.9917865Z   type: 'test'
2026-10-09T04:04:42.9918308Z   ...
2026-10-09T04:04:43.5343828Z # Subtest: native Fin promotion authenticates each exact source predecessor
2026-10-09T04:04:43.5345291Z ok 3 - native Fin promotion authenticates each exact source predecessor
2026-10-09T04:04:43.5346395Z   ---
2026-10-09T04:04:43.5346768Z   duration_ms: 543.049759
2026-10-09T04:04:43.5347187Z   type: 'test'
2026-10-09T04:04:43.5347494Z   ...
2026-10-09T04:04:43.5540435Z # Subtest: PHP-safe product name authenticates each exact source predecessor
2026-10-09T04:04:43.5542254Z ok 4 - PHP-safe product name authenticates each exact source predecessor
2026-10-09T04:04:43.5543105Z   ---
2026-10-09T04:04:43.5543347Z   duration_ms: 19.735472
2026-10-09T04:04:43.5543600Z   type: 'test'
2026-10-09T04:04:43.5543837Z   ...
2026-10-09T04:04:43.8961100Z # Subtest: Fin record WIT formatting authenticates each exact source predecessor
2026-10-09T04:04:43.8962124Z ok 5 - Fin record WIT formatting authenticates each exact source predecessor
2026-10-09T04:04:43.8963664Z   ---
2026-10-09T04:04:43.8963960Z   duration_ms: 341.610861
2026-10-09T04:04:43.8964235Z   type: 'test'
2026-10-09T04:04:43.8964597Z   ...
2026-10-09T04:04:43.9002312Z # Subtest: WIT record evidence archive authenticates each exact source predecessor
2026-10-09T04:04:43.9006634Z ok 6 - WIT record evidence archive authenticates each exact source predecessor
2026-10-09T04:04:43.9007543Z   ---
2026-10-09T04:04:43.9007949Z   duration_ms: 4.405679
2026-10-09T04:04:43.9008411Z   type: 'test'
2026-10-09T04:04:43.9008789Z   ...
2026-10-09T04:04:43.9076409Z # Subtest: record archives bind the expanded frozen fixture, original packages and C dispatch
2026-10-09T04:04:43.9078493Z ok 7 - record archives bind the expanded frozen fixture, original packages and C dispatch
2026-10-09T04:04:43.9079643Z   ---
2026-10-09T04:04:43.9080132Z   duration_ms: 7.486927
2026-10-09T04:04:43.9080654Z   type: 'test'
2026-10-09T04:04:43.9081126Z   ...
2026-10-09T04:04:43.9216297Z # Subtest: record evidence refuses lost compositions, false counters and inherited C++ dispatch
2026-10-09T04:04:43.9218244Z ok 8 - record evidence refuses lost compositions, false counters and inherited C++ dispatch
2026-10-09T04:04:43.9219141Z   ---
2026-10-09T04:04:43.9219707Z   duration_ms: 12.989372
2026-10-09T04:04:43.9220110Z   type: 'test'
2026-10-09T04:04:43.9220331Z   ...
2026-10-09T04:04:43.9293639Z # Subtest: Array dispatch archives retain exact installed packages and ten measured C rows
2026-10-09T04:04:43.9294931Z ok 9 - Array dispatch archives retain exact installed packages and ten measured C rows
2026-10-09T04:04:43.9295767Z   ---
2026-10-09T04:04:43.9296122Z   duration_ms: 8.296175
2026-10-09T04:04:43.9296533Z   type: 'test'
2026-10-09T04:04:43.9296881Z   ...
2026-10-09T04:04:43.9338070Z # Subtest: Array dispatch evidence refuses missing positions, false counters and inherited C++ dispatch
2026-10-09T04:04:43.9340379Z ok 10 - Array dispatch evidence refuses missing positions, false counters and inherited C++ dispatch
2026-10-09T04:04:43.9341409Z   ---
2026-10-09T04:04:43.9341908Z   duration_ms: 4.404698
2026-10-09T04:04:43.9342274Z   type: 'test'
2026-10-09T04:04:43.9342740Z   ...
2026-10-09T04:04:43.9372205Z # Subtest: Array product archives retain exact installed C/C++ results and unmeasured dispatch
2026-10-09T04:04:43.9373967Z ok 11 - Array product archives retain exact installed C/C++ results and unmeasured dispatch
2026-10-09T04:04:43.9375173Z   ---
2026-10-09T04:04:43.9375807Z   duration_ms: 3.535315
2026-10-09T04:04:43.9376309Z   type: 'test'
2026-10-09T04:04:43.9376726Z   ...
2026-10-09T04:04:43.9387662Z # Subtest: the product follow-up preserves all five fresh-Lean refusal results
2026-10-09T04:04:43.9389260Z ok 12 - the product follow-up preserves all five fresh-Lean refusal results
2026-10-09T04:04:43.9390531Z   ---
2026-10-09T04:04:43.9391157Z   duration_ms: 1.360788
2026-10-09T04:04:43.9391608Z   type: 'test'
2026-10-09T04:04:43.9391981Z   ...
2026-10-09T04:04:43.9463199Z # Subtest: C/C++ product archives bind both source paths to exact bounds and measured dispatch
2026-10-09T04:04:43.9464688Z ok 13 - C/C++ product archives bind both source paths to exact bounds and measured dispatch
2026-10-09T04:04:43.9465458Z   ---
2026-10-09T04:04:43.9465750Z   duration_ms: 7.596141
2026-10-09T04:04:43.9465998Z   type: 'test'
2026-10-09T04:04:43.9466215Z   ...
2026-10-09T04:04:43.9566546Z # Subtest: PHP-safe product names preserve every original bound and independently reviewed site
2026-10-09T04:04:43.9568873Z ok 14 - PHP-safe product names preserve every original bound and independently reviewed site
2026-10-09T04:04:43.9569761Z   ---
2026-10-09T04:04:43.9570001Z   duration_ms: 10.336654
2026-10-09T04:04:43.9570259Z   type: 'test'
2026-10-09T04:04:43.9570478Z   ...
2026-10-09T04:04:43.9589046Z # Subtest: product logs retain the failed baseline review and the corrected run with four mismatches
2026-10-09T04:04:43.9590868Z ok 15 - product logs retain the failed baseline review and the corrected run with four mismatches
2026-10-09T04:04:43.9592104Z   ---
2026-10-09T04:04:43.9592649Z   duration_ms: 2.073248
2026-10-09T04:04:43.9593057Z   type: 'test'
2026-10-09T04:04:43.9593429Z   ...
2026-10-09T04:04:47.3041177Z # Subtest: native Fin promotion retains all eight original reports and artifact identities
2026-10-09T04:04:47.3042573Z ok 16 - native Fin promotion retains all eight original reports and artifact identities
2026-10-09T04:04:47.3043141Z   ---
2026-10-09T04:04:47.3043389Z   duration_ms: 3344.738489
2026-10-09T04:04:47.3043708Z   type: 'test'
2026-10-09T04:04:47.3043930Z   ...
2026-10-09T04:04:50.8927892Z # Subtest: native Fin promotion changes four field cells and supplements eight structural cells only
2026-10-09T04:04:50.8928992Z ok 17 - native Fin promotion changes four field cells and supplements eight structural cells only
2026-10-09T04:04:50.8929956Z   ---
2026-10-09T04:04:50.8930328Z   duration_ms: 3536.598526
2026-10-09T04:04:50.8930763Z   type: 'test'
2026-10-09T04:04:50.8931110Z   ...
2026-10-09T04:04:50.8932059Z # Subtest: Fin record WIT assertions accept compact and multiline trailing-comma layouts
2026-10-09T04:04:50.8935190Z ok 18 - Fin record WIT assertions accept compact and multiline trailing-comma layouts
2026-10-09T04:04:50.8935951Z   ---
2026-10-09T04:04:50.8936423Z   duration_ms: 51.526412
2026-10-09T04:04:50.8936920Z   type: 'test'
2026-10-09T04:04:50.8937369Z   ...
2026-10-09T04:04:50.8938099Z # Subtest: actual wasm-tools Fin record round trip preserves strict signature assertions
2026-10-09T04:04:50.8939053Z ok 19 - actual wasm-tools Fin record round trip preserves strict signature assertions # SKIP
2026-10-09T04:04:50.8939824Z   ---
2026-10-09T04:04:50.8940106Z   duration_ms: 0.605359
2026-10-09T04:04:50.8940376Z   type: 'test'
2026-10-09T04:04:50.8940584Z   ...
2026-10-09T04:04:50.9062863Z # Subtest: WIT record evidence authenticates both source routes, exact fixture trees and seven original artifacts
2026-10-09T04:04:50.9064704Z ok 20 - WIT record evidence authenticates both source routes, exact fixture trees and seven original artifacts
2026-10-09T04:04:50.9065760Z   ---
2026-10-09T04:04:50.9066257Z   duration_ms: 13.643552
2026-10-09T04:04:50.9066680Z   type: 'test'
2026-10-09T04:04:50.9067035Z   ...
2026-10-09T04:04:50.9129129Z # Subtest: WIT record execution retains measured tools and separates failed hosted acceptance
2026-10-09T04:04:50.9133786Z ok 21 - WIT record execution retains measured tools and separates failed hosted acceptance
2026-10-09T04:04:50.9134770Z   ---
2026-10-09T04:04:50.9135206Z   duration_ms: 6.631691
2026-10-09T04:04:50.9135707Z   type: 'test'
2026-10-09T04:04:50.9136139Z   ...
2026-10-09T04:04:50.9682900Z # Subtest: WIT record report checks reject changed bounds, provenance, isolation and invented dispatch
2026-10-09T04:04:50.9684755Z ok 22 - WIT record report checks reject changed bounds, provenance, isolation and invented dispatch
2026-10-09T04:04:50.9685615Z   ---
2026-10-09T04:04:50.9686206Z   duration_ms: 55.088767
2026-10-09T04:04:50.9686923Z   type: 'test'
2026-10-09T04:04:50.9687567Z   ...
2026-10-09T04:04:51.1138997Z # Subtest: WIT execution validation rejects missing, skipped, cancelled or misidentified runs
2026-10-09T04:04:51.1140837Z ok 23 - WIT execution validation rejects missing, skipped, cancelled or misidentified runs
2026-10-09T04:04:51.1170510Z   ---
2026-10-09T04:04:51.1199921Z   duration_ms: 7.85369
2026-10-09T04:04:51.1200729Z   type: 'test'
2026-10-09T04:04:51.1229946Z   ...
2026-10-09T04:04:51.1240490Z # Subtest: record and variant fields carry their bounds in site trees and per-definition Binding IR
2026-10-09T04:04:51.1246206Z ok 24 - record and variant fields carry their bounds in site trees and per-definition Binding IR
2026-10-09T04:04:51.1247247Z   ---
2026-10-09T04:04:51.1247783Z   duration_ms: 29.590681
2026-10-09T04:04:51.1248385Z   type: 'test'
2026-10-09T04:04:51.1248898Z   ...
2026-10-09T04:04:51.1250272Z # Subtest: C adapters check record fields and only the active variant case on caller limbs before Lean runs
2026-10-09T04:04:51.1252326Z ok 25 - C adapters check record fields and only the active variant case on caller limbs before Lean runs
2026-10-09T04:04:51.1253759Z   ---
2026-10-09T04:04:51.1254273Z   duration_ms: 18.4618
2026-10-09T04:04:51.1254829Z   type: 'test'
2026-10-09T04:04:51.1255334Z   ...
2026-10-09T04:04:51.1256516Z # Subtest: Lean adapters pass refined records and variants as erased mirrors checked once before one source call
2026-10-09T04:04:51.1258256Z ok 26 - Lean adapters pass refined records and variants as erased mirrors checked once before one source call
2026-10-09T04:04:51.1259306Z   ---
2026-10-09T04:04:51.1260038Z   duration_ms: 13.488412
2026-10-09T04:04:51.1260642Z   type: 'test'
2026-10-09T04:04:51.1261186Z   ...
2026-10-09T04:04:51.1335000Z # Subtest: records and variants without bounds keep their helpers byte for byte
2026-10-09T04:04:51.1336453Z ok 27 - records and variants without bounds keep their helpers byte for byte
2026-10-09T04:04:51.1337312Z   ---
2026-10-09T04:04:51.1337775Z   duration_ms: 1.5385
2026-10-09T04:04:51.1338305Z   type: 'test'
2026-10-09T04:04:51.1338774Z   ...
2026-10-09T04:04:51.1339849Z # Subtest: Perl XS walks record fields and the active case, naming each path
2026-10-09T04:04:51.1341047Z ok 28 - Perl XS walks record fields and the active case, naming each path
2026-10-09T04:04:51.1341830Z   ---
2026-10-09T04:04:51.1342288Z   duration_ms: 15.909338
2026-10-09T04:04:51.1342804Z   type: 'test'
2026-10-09T04:04:51.1343277Z   ...
2026-10-09T04:04:51.1344306Z # Subtest: hosts reading only the Binding IR document record and variant bounds from their definitions
2026-10-09T04:04:51.1345824Z ok 29 - hosts reading only the Binding IR document record and variant bounds from their definitions
2026-10-09T04:04:51.1346769Z   ---
2026-10-09T04:04:51.1347240Z   duration_ms: 17.122091
2026-10-09T04:04:51.1347781Z   type: 'test'
2026-10-09T04:04:51.1348143Z   ...
2026-10-09T04:04:51.1348950Z # Subtest: the independent record review passes reviewed admission and equals the compiled contract
2026-10-09T04:04:51.1350440Z ok 30 - the independent record review passes reviewed admission and equals the compiled contract
2026-10-09T04:04:51.1351103Z   ---
2026-10-09T04:04:51.1351322Z   duration_ms: 15.385251
2026-10-09T04:04:51.1351565Z   type: 'test'
2026-10-09T04:04:51.1351765Z   ...
2026-10-09T04:04:51.1352270Z # Subtest: reviewed record and variant field bounds must equal the freshly compiled definitions
2026-10-09T04:04:51.1352992Z ok 31 - reviewed record and variant field bounds must equal the freshly compiled definitions
2026-10-09T04:04:51.1353440Z   ---
2026-10-09T04:04:51.1353644Z   duration_ms: 23.571432
2026-10-09T04:04:51.1353886Z   type: 'test'
2026-10-09T04:04:51.1354097Z   ...
2026-10-09T04:04:51.1354485Z # Subtest: every native profile has a Fin record consumer and a target
2026-10-09T04:04:51.1355038Z ok 32 - every native profile has a Fin record consumer and a target
2026-10-09T04:04:51.1355393Z   ---
2026-10-09T04:04:51.1355595Z   duration_ms: 10.666728
2026-10-09T04:04:51.1355833Z   type: 'test'
2026-10-09T04:04:51.1356050Z   ...
2026-10-09T04:06:27.0630152Z # Subtest: relocated source-free native packages check Fin inside record fields and the active variant case
2026-10-09T04:06:27.0632103Z ok 33 - relocated source-free native packages check Fin inside record fields and the active variant case
2026-10-09T04:06:27.0638756Z   ---
2026-10-09T04:06:27.0639109Z   duration_ms: 95940.288011
2026-10-09T04:06:27.0639697Z   type: 'test'
2026-10-09T04:06:27.0640104Z   ...
2026-10-09T04:06:27.0640495Z # build 0: perl
2026-10-09T04:06:27.0641066Z # installing and checking perl
2026-10-09T04:06:27.0641568Z # build 1: perl
2026-10-09T04:08:02.6877505Z # Subtest: independently reviewed native packages check record and variant field bounds after source-free installation
2026-10-09T04:08:02.6879726Z ok 34 - independently reviewed native packages check record and variant field bounds after source-free installation
2026-10-09T04:08:02.6880800Z   ---
2026-10-09T04:08:02.6881214Z   duration_ms: 95625.02334
2026-10-09T04:08:02.6882009Z   type: 'test'
2026-10-09T04:08:02.6882651Z   ...
2026-10-09T04:08:02.6883048Z # build 0: perl
2026-10-09T04:08:02.6896068Z # installing and checking perl
2026-10-09T04:08:02.6896594Z # build 1: perl
2026-10-09T04:08:02.6897458Z # Subtest: changed record and variant reviews are refused against fresh Lean before any output
2026-10-09T04:08:02.6898923Z ok 35 - changed record and variant reviews are refused against fresh Lean before any output # SKIP
2026-10-09T04:08:02.6900403Z   ---
2026-10-09T04:08:02.6900789Z   duration_ms: 0.162032
2026-10-09T04:08:02.6901171Z   type: 'test'
2026-10-09T04:08:02.6901499Z   ...
2026-10-09T04:08:02.7102222Z 1..35
2026-10-09T04:08:02.7102662Z # tests 35
2026-10-09T04:08:02.7103393Z # suites 0
2026-10-09T04:08:02.7103965Z # pass 33
2026-10-09T04:08:02.7104551Z # fail 0
2026-10-09T04:08:02.7105147Z # cancelled 0
2026-10-09T04:08:02.7105730Z # skipped 2
2026-10-09T04:08:02.7106322Z # todo 0
2026-10-09T04:08:02.7106947Z # duration_ms 202359.00769
2026-10-09T04:08:02.7545114Z TAP version 13
2026-10-09T04:08:03.4569258Z # Subtest: Subtype alias position authenticates each exact source predecessor
2026-10-09T04:08:03.4576437Z ok 1 - Subtype alias position authenticates each exact source predecessor
2026-10-09T04:08:03.4577254Z   ---
2026-10-09T04:08:03.4577731Z   duration_ms: 389.48166
2026-10-09T04:08:03.4578290Z   type: 'test'
2026-10-09T04:08:03.4578789Z   ...
2026-10-09T04:08:03.7968218Z # Subtest: Subtype XS archive authenticates each exact source predecessor
2026-10-09T04:08:03.7970126Z ok 2 - Subtype XS archive authenticates each exact source predecessor
2026-10-09T04:08:03.7971227Z   ---
2026-10-09T04:08:03.7971851Z   duration_ms: 340.020525
2026-10-09T04:08:03.7972304Z   type: 'test'
2026-10-09T04:08:03.7972605Z   ...
2026-10-09T04:08:04.1772204Z # Subtest: Checked-record admission authenticates each exact source predecessor
2026-10-09T04:08:04.1777056Z ok 3 - Checked-record admission authenticates each exact source predecessor
2026-10-09T04:08:04.1777973Z   ---
2026-10-09T04:08:04.1778456Z   duration_ms: 380.107931
2026-10-09T04:08:04.1779004Z   type: 'test'
2026-10-09T04:08:04.1779769Z   ...
2026-10-09T04:08:04.1980703Z # Subtest: archived Subtype XS remains readable without a PATH-provided decompressor
2026-10-09T04:08:04.1984043Z ok 4 - archived Subtype XS remains readable without a PATH-provided decompressor
2026-10-09T04:08:04.1984729Z   ---
2026-10-09T04:08:04.1984974Z   duration_ms: 17.56593
2026-10-09T04:08:04.1985219Z   type: 'test'
2026-10-09T04:08:04.1985431Z   ...
2026-10-09T04:08:04.1989761Z # Subtest: native types admit Subtype only at a top-level site over a primitive base
2026-10-09T04:08:04.2000883Z ok 5 - native types admit Subtype only at a top-level site over a primitive base
2026-10-09T04:08:04.2001780Z   ---
2026-10-09T04:08:04.2007044Z   duration_ms: 1.812458
2026-10-09T04:08:04.2007315Z   type: 'test'
2026-10-09T04:08:04.2007683Z   ...
2026-10-09T04:08:04.2008571Z # Subtest: Lean adapters construct each Subtype through its checked constructor and export one validator per checked parameter
2026-10-09T04:08:04.2009964Z ok 6 - Lean adapters construct each Subtype through its checked constructor and export one validator per checked parameter
2026-10-09T04:08:04.2010580Z   ---
2026-10-09T04:08:04.2010799Z   duration_ms: 1.981743
2026-10-09T04:08:04.2011043Z   type: 'test'
2026-10-09T04:08:04.2011258Z   ...
2026-10-09T04:08:04.2020356Z # Subtest: every native profile has a Subtype consumer
2026-10-09T04:08:04.2022603Z ok 7 - every native profile has a Subtype consumer
2026-10-09T04:08:04.2023302Z   ---
2026-10-09T04:08:04.2023524Z   duration_ms: 2.252338
2026-10-09T04:08:04.2023761Z   type: 'test'
2026-10-09T04:08:04.2023966Z   ...
2026-10-09T04:08:04.2027036Z # Subtest: native builds reject Subtype outside top-level sites and without a constructor
2026-10-09T04:08:04.2028498Z ok 8 - native builds reject Subtype outside top-level sites and without a constructor # SKIP
2026-10-09T04:08:04.2029325Z   ---
2026-10-09T04:08:04.2030018Z   duration_ms: 0.484082
2026-10-09T04:08:04.2030945Z   type: 'test'
2026-10-09T04:08:04.2031378Z   ...
2026-10-09T04:09:40.6458022Z # Subtest: relocated source-free native packages run author-checked constructors at every refined site
2026-10-09T04:09:40.6458922Z ok 9 - relocated source-free native packages run author-checked constructors at every refined site
2026-10-09T04:09:40.6459716Z   ---
2026-10-09T04:09:40.6459953Z   duration_ms: 96443.66343
2026-10-09T04:09:40.6460207Z   type: 'test'
2026-10-09T04:09:40.6460422Z   ...
2026-10-09T04:09:40.6460618Z # build 0: perl
2026-10-09T04:09:40.6460883Z # installing and checking perl
2026-10-09T04:09:40.6461146Z # build 1: perl
2026-10-09T04:09:40.6653435Z 1..9
2026-10-09T04:09:40.6656332Z # tests 9
2026-10-09T04:09:40.6656838Z # suites 0
2026-10-09T04:09:40.6657492Z # pass 8
2026-10-09T04:09:40.6658109Z # fail 0
2026-10-09T04:09:40.6658826Z # cancelled 0
2026-10-09T04:09:40.6659666Z # skipped 1
2026-10-09T04:09:40.6660421Z # todo 0
2026-10-09T04:09:40.6661096Z # duration_ms 97922.600914
2026-10-09T04:09:40.7119551Z TAP version 13
2026-10-09T04:09:43.0027495Z # Subtest: Perl installed relocation history authenticates exact predecessors and refuses unknown edits
2026-10-09T04:09:43.0029949Z ok 1 - Perl installed relocation history authenticates exact predecessors and refuses unknown edits
2026-10-09T04:09:43.0031132Z   ---
2026-10-09T04:09:43.0031793Z   duration_ms: 1980.51983
2026-10-09T04:09:43.0032271Z   type: 'test'
2026-10-09T04:09:43.0032638Z   ...
2026-10-09T04:09:43.0545996Z # Subtest: Perl relocation integration refreshes exactly 17 source pins without promoting any support cell
2026-10-09T04:09:43.0551706Z ok 2 - Perl relocation integration refreshes exactly 17 source pins without promoting any support cell
2026-10-09T04:09:43.0552719Z   ---
2026-10-09T04:09:43.0553153Z   duration_ms: 53.260822
2026-10-09T04:09:43.0553736Z   type: 'test'
2026-10-09T04:09:43.0554174Z   ...
2026-10-09T04:09:43.1200263Z # Subtest: the Perl relocation updater refuses another HEAD before any write
2026-10-09T04:09:43.1203070Z ok 3 - the Perl relocation updater refuses another HEAD before any write
2026-10-09T04:09:43.1204194Z   ---
2026-10-09T04:09:43.1205144Z   duration_ms: 65.456811
2026-10-09T04:09:43.1205756Z   type: 'test'
2026-10-09T04:09:43.1206133Z   ...
2026-10-09T04:09:43.1709230Z # Subtest: a moved CPAN consumer tree reruns unchanged and refuses install-path dependence, old-tree use, other output and occupied targets
2026-10-09T04:09:43.1712065Z ok 4 - a moved CPAN consumer tree reruns unchanged and refuses install-path dependence, old-tree use, other output and occupied targets
2026-10-09T04:09:43.1714353Z   ---
2026-10-09T04:09:43.1715143Z   duration_ms: 36.175372
2026-10-09T04:09:43.1715942Z   type: 'test'
2026-10-09T04:09:43.1716570Z   ...
2026-10-09T04:09:43.1717609Z # Subtest: an array below an option reports the array's own index at its Fin 0 leaf
2026-10-09T04:09:43.1718937Z ok 5 - an array below an option reports the array's own index at its Fin 0 leaf
2026-10-09T04:09:43.1720091Z   ---
2026-10-09T04:09:43.1720682Z   duration_ms: 14.694893
2026-10-09T04:09:43.1721286Z   type: 'test'
2026-10-09T04:09:43.1721831Z   ...
2026-10-09T04:09:43.1860014Z # Subtest: Perl refinement XS inspection preserves the compiler-free consumer PATH
2026-10-09T04:09:43.1861437Z ok 6 - Perl refinement XS inspection preserves the compiler-free consumer PATH
2026-10-09T04:09:43.1862318Z   ---
2026-10-09T04:09:43.1862861Z   duration_ms: 14.44718
2026-10-09T04:09:43.1863415Z   type: 'test'
2026-10-09T04:09:43.1863946Z   ...
2026-10-09T04:11:16.0085414Z # Subtest: relocated source-free CPAN packages check an unboxed word subtype and nested Fin 0 shapes
2026-10-09T04:11:16.0087016Z ok 7 - relocated source-free CPAN packages check an unboxed word subtype and nested Fin 0 shapes
2026-10-09T04:11:16.0087954Z   ---
2026-10-09T04:11:16.0088374Z   duration_ms: 92822.807296
2026-10-09T04:11:16.0088851Z   type: 'test'
2026-10-09T04:11:16.0089245Z   ...
2026-10-09T04:11:16.0090031Z # build 0: compiling XS for 1 Perl ABIs
2026-10-09T04:11:16.0091688Z # offline prebuilt installation on /home/runner/work/lean-bridge/lean-bridge/.toolchains/perl/5.36.3-unthreaded/bin/perl
2026-10-09T04:11:16.0093165Z # build 1: compiling XS for 1 Perl ABIs
2026-10-09T04:11:16.0292763Z 1..7
2026-10-09T04:11:16.0293218Z # tests 7
2026-10-09T04:11:16.0293813Z # suites 0
2026-10-09T04:11:16.0294505Z # pass 7
2026-10-09T04:11:16.0295049Z # fail 0
2026-10-09T04:11:16.0295701Z # cancelled 0
2026-10-09T04:11:16.0296258Z # skipped 0
2026-10-09T04:11:16.0296918Z # todo 0
2026-10-09T04:11:16.0297566Z # duration_ms 95329.294668
2026-10-09T04:11:16.0379148Z ##[group]Run export LEAN_BRIDGE_CORPUS_PERL="$PWD/.toolchains/perl/$CORPUS_PERL_CONFIGURATION/bin/perl"
2026-10-09T04:11:16.0380234Z [36;1mexport LEAN_BRIDGE_CORPUS_PERL="$PWD/.toolchains/perl/$CORPUS_PERL_CONFIGURATION/bin/perl"[0m
2026-10-09T04:11:16.0380725Z [36;1msource scripts/env.sh[0m
2026-10-09T04:11:16.0381026Z [36;1mexport LEAN_BRIDGE_OWNED_NATIVE_TEST=1[0m
2026-10-09T04:11:16.0381725Z [36;1mnode --test --test-concurrency=1 tests/owned-perl-runtime.test.mjs tests/owned-perl-values.test.mjs tests/owned-perl-conversions.test.mjs[0m
2026-10-09T04:11:16.0382737Z [36;1mnode --test --test-concurrency=1 tests/owned-perl-xs.test.mjs tests/owned-perl-scalars.test.mjs tests/owned-perl-loader.test.mjs[0m
2026-10-09T04:11:16.0383609Z [36;1mnode --test --test-concurrency=1 tests/owned-perl-package.test.mjs tests/owned-perl-coexistence.test.mjs[0m
2026-10-09T04:11:16.0384176Z [36;1mnpm run test:owned-perl-transfers[0m
2026-10-09T04:11:16.0384524Z [36;1mnpm run test:owned-perl-borrows[0m
2026-10-09T04:11:16.0384942Z [36;1mfor report in ordinary reviewed complete-ordinary complete-reviewed; do[0m
2026-10-09T04:11:16.0385416Z [36;1m  test -s "build/owned-perl-runtime/$report.json"[0m
2026-10-09T04:11:16.0385814Z [36;1m  test -s "build/owned-perl-conversions/$report.json"[0m
2026-10-09T04:11:16.0386204Z [36;1m  test -s "build/owned-perl-calls/$report.json"[0m
2026-10-09T04:11:16.0386518Z [36;1mdone[0m
2026-10-09T04:11:16.0386785Z [36;1mtest -s build/owned-perl-scalars/ordinary.json[0m
2026-10-09T04:11:16.0387160Z [36;1mtest -s build/owned-perl-scalars/reviewed.json[0m
2026-10-09T04:11:16.0387520Z [36;1mtest -s build/owned-perl-loader/installed.json[0m
2026-10-09T04:11:16.0387881Z [36;1mtest -s build/owned-perl-package/ordinary.json[0m
2026-10-09T04:11:16.0388249Z [36;1mtest -s build/owned-perl-package/reviewed.json[0m
2026-10-09T04:11:16.0388652Z [36;1mtest -s build/owned-perl-package/callbacks-ordinary.json[0m
2026-10-09T04:11:16.0389099Z [36;1mtest -s build/owned-perl-package/callbacks-reviewed.json[0m
2026-10-09T04:11:16.0390209Z [36;1mtest -s build/owned-perl-package/coexistence.json[0m
2026-10-09T04:11:16.0390650Z [36;1mtest -s build/owned-perl-package/documentation.json[0m
2026-10-09T04:11:16.0391062Z [36;1mtest -s build/owned-perl-transfers/ordinary.json[0m
2026-10-09T04:11:16.0391448Z [36;1mtest -s build/owned-perl-transfers/reviewed.json[0m
2026-10-09T04:11:16.0391866Z [36;1mtest -s build/owned-perl-transfer-packaging/ordinary.json[0m
2026-10-09T04:11:16.0392325Z [36;1mtest -s build/owned-perl-transfer-packaging/reviewed.json[0m
2026-10-09T04:11:16.0392793Z [36;1mtest -s build/owned-perl-transfer-packaging/documentation.json[0m
2026-10-09T04:11:16.0393228Z [36;1mtest -s build/owned-perl-borrows/ordinary.json[0m
2026-10-09T04:11:16.0393594Z [36;1mtest -s build/owned-perl-borrows/reviewed.json[0m
2026-10-09T04:11:16.0393973Z [36;1mtest -s build/owned-perl-borrows/borrow-only.json[0m
2026-10-09T04:11:16.0394388Z [36;1mtest -s build/owned-perl-borrow-packaging/ordinary.json[0m
2026-10-09T04:11:16.0394819Z [36;1mtest -s build/owned-perl-borrow-packaging/reviewed.json[0m
2026-10-09T04:11:16.0395263Z [36;1mtest -s build/owned-perl-borrow-packaging/documentation.json[0m
2026-10-09T04:11:16.0456972Z shell: /usr/bin/bash -e {0}
2026-10-09T04:11:16.0457242Z env:
2026-10-09T04:11:16.0457487Z   CORPUS_PERL_CONFIGURATION: 5.36.3-unthreaded
2026-10-09T04:11:16.0457789Z ##[endgroup]
2026-10-09T04:11:16.1026292Z TAP version 13
2026-10-09T04:11:16.2521050Z # Subtest: Perl owned converters preserve finite schemas, C field types and identity ownership
2026-10-09T04:11:16.2525538Z ok 1 - Perl owned converters preserve finite schemas, C field types and identity ownership
2026-10-09T04:11:16.2526614Z   ---
2026-10-09T04:11:16.2527138Z   duration_ms: 65.904006
2026-10-09T04:11:16.2527711Z   type: 'test'
2026-10-09T04:11:16.2528199Z   ...
2026-10-09T04:11:16.6185108Z # Subtest: owned converters compile against all selected real Perl ABIs and generated public C headers
2026-10-09T04:11:16.6190372Z ok 2 - owned converters compile against all selected real Perl ABIs and generated public C headers
2026-10-09T04:11:16.6191711Z   ---
2026-10-09T04:11:16.6191939Z   duration_ms: 369.283745
2026-10-09T04:11:16.6192197Z   type: 'test'
2026-10-09T04:11:16.6192408Z   ...
2026-10-09T04:11:16.6193422Z # 2 ABI/header compile checks; public XS calls and native round-trips are separate.
2026-10-09T04:11:16.7304339Z # Subtest: Perl ownership support rejects injected component prefixes
2026-10-09T04:11:16.7307497Z ok 3 - Perl ownership support rejects injected component prefixes
2026-10-09T04:11:16.7308228Z   ---
2026-10-09T04:11:16.7308658Z   duration_ms: 1.213323
2026-10-09T04:11:16.7308933Z   type: 'test'
2026-10-09T04:11:16.7309153Z   ...
2026-10-09T04:11:35.6785457Z # Subtest: Perl leases clean real Lean results on all selected ABIs (ordinary)
2026-10-09T04:11:35.6786694Z ok 4 - Perl leases clean real Lean results on all selected ABIs (ordinary)
2026-10-09T04:11:35.6787476Z   ---
2026-10-09T04:11:35.6787889Z   duration_ms: 18950.135993
2026-10-09T04:11:35.6788360Z   type: 'test'
2026-10-09T04:11:35.6788751Z   ...
2026-10-09T04:11:35.6792679Z # {"perlFailures":13,"exceptions":33,"perl":"v5.36.3","nativeFailures":14,"checks":162,"live":0,"identities":0,"threaded":0}
2026-10-09T04:11:35.6793640Z # conversions {"allocatorFailures":24,"exceptions":101,"nativeFailures":33,"checks":347,"identities":0,"live":0}
2026-10-09T04:11:35.6794545Z # public calls {"allocatorFailures":51,"exceptions":206,"identities":0,"live":0,"checks":758,"nativeFailures":101}
2026-10-09T04:11:54.5278207Z # Subtest: Perl leases clean real Lean results on all selected ABIs (reviewed)
2026-10-09T04:11:54.5280006Z ok 5 - Perl leases clean real Lean results on all selected ABIs (reviewed)
2026-10-09T04:11:54.5281053Z   ---
2026-10-09T04:11:54.5281589Z   duration_ms: 18850.27759
2026-10-09T04:11:54.5282213Z   type: 'test'
2026-10-09T04:11:54.5282744Z   ...
2026-10-09T04:11:54.5283967Z # {"checks":162,"identities":0,"perl":"v5.36.3","perlFailures":13,"exceptions":33,"live":0,"threaded":0,"nativeFailures":14}
2026-10-09T04:11:54.5285251Z # conversions {"exceptions":101,"checks":347,"allocatorFailures":24,"nativeFailures":33,"live":0,"identities":0}
2026-10-09T04:11:54.5286996Z # public calls {"live":0,"identities":0,"checks":758,"allocatorFailures":51,"nativeFailures":101,"exceptions":206}
2026-10-09T04:12:26.8554733Z # Subtest: Perl leases clean real Lean results on all selected ABIs (ordinary, complete signatures)
2026-10-09T04:12:26.8556036Z ok 6 - Perl leases clean real Lean results on all selected ABIs (ordinary, complete signatures)
2026-10-09T04:12:26.8556603Z   ---
2026-10-09T04:12:26.8556853Z   duration_ms: 32325.345586
2026-10-09T04:12:26.8557123Z   type: 'test'
2026-10-09T04:12:26.8557333Z   ...
2026-10-09T04:12:26.8557968Z # {"perl":"v5.36.3","nativeFailures":14,"checks":162,"live":0,"threaded":0,"identities":0,"perlFailures":13,"exceptions":33}
2026-10-09T04:12:26.8558890Z # conversions {"live":0,"identities":0,"checks":347,"exceptions":101,"nativeFailures":33,"allocatorFailures":24}
2026-10-09T04:12:26.8561879Z # public calls {"identities":0,"live":0,"exceptions":206,"checks":758,"allocatorFailures":51,"nativeFailures":101}
2026-10-09T04:12:26.8566825Z # complete signatures {"exports":["bundle","callback_record","callback_recursive","construct","dispatch","echo_alias","echo_array","echo_chain","echo_list","echo_mixed","echo_nested","echo_option","echo_record","echo_recursive","echo_result","echo_row","echo_tuple","echo_variant","factory","identity_closure","label","make_record","make_recursive","new_ticket","payload","primary","repeatedly","retain_callback","retain_ticket","serial","twice","via_bool","via_bytes","via_char","via_f32","via_f64","via_i16","via_i32","via_i64","via_i8","via_int","via_isize","via_nat","via_string","via_u16","via_u32","via_u64","via_u8","via_unit","via_usize","with_function"],"checks":114,"identities":0,"live":0,"primitives":19}
2026-10-09T04:12:59.4404685Z # Subtest: Perl leases clean real Lean results on all selected ABIs (reviewed, complete signatures)
2026-10-09T04:12:59.4406465Z ok 7 - Perl leases clean real Lean results on all selected ABIs (reviewed, complete signatures)
2026-10-09T04:12:59.4407633Z   ---
2026-10-09T04:12:59.4408175Z   duration_ms: 32586.354831
2026-10-09T04:12:59.4408769Z   type: 'test'
2026-10-09T04:12:59.4409286Z   ...
2026-10-09T04:12:59.4410811Z # {"checks":162,"threaded":0,"live":0,"nativeFailures":14,"perl":"v5.36.3","exceptions":33,"perlFailures":13,"identities":0}
2026-10-09T04:12:59.4412074Z # conversions {"live":0,"nativeFailures":33,"exceptions":101,"checks":347,"allocatorFailures":24,"identities":0}
2026-10-09T04:12:59.4413451Z # public calls {"live":0,"identities":0,"nativeFailures":101,"checks":758,"exceptions":206,"allocatorFailures":51}
2026-10-09T04:12:59.4416931Z # complete signatures {"identities":0,"checks":114,"live":0,"exports":["bundle","callback_record","callback_recursive","construct","dispatch","echo_alias","echo_array","echo_chain","echo_list","echo_mixed","echo_nested","echo_option","echo_record","echo_recursive","echo_result","echo_row","echo_tuple","echo_variant","factory","identity_closure","label","make_record","make_recursive","new_ticket","payload","primary","repeatedly","retain_callback","retain_ticket","serial","twice","via_bool","via_bytes","via_char","via_f32","via_f64","via_i16","via_i32","via_i64","via_i8","via_int","via_isize","via_nat","via_string","via_u16","via_u32","via_u64","via_u8","via_unit","via_usize","with_function"],"primitives":19}
2026-10-09T04:13:00.1956145Z # Subtest: Perl callback-result anchors require their own explicit capability
2026-10-09T04:13:00.1957437Z ok 8 - Perl callback-result anchors require their own explicit capability
2026-10-09T04:13:00.1958229Z   ---
2026-10-09T04:13:00.1958641Z   duration_ms: 129.779556
2026-10-09T04:13:00.1959103Z   type: 'test'
2026-10-09T04:13:00.1959766Z   ...
2026-10-09T04:13:00.1981756Z # Subtest: Perl callback-result C owners select the last argument after the private closure
2026-10-09T04:13:00.1983395Z ok 9 - Perl callback-result C owners select the last argument after the private closure
2026-10-09T04:13:00.1984616Z   ---
2026-10-09T04:13:00.1985245Z   duration_ms: 19.152366
2026-10-09T04:13:00.1985938Z   type: 'test'
2026-10-09T04:13:00.2005827Z   ...
2026-10-09T04:13:00.2006834Z # Subtest: Perl callback-only anchors enable whole owners and copies without host descriptors
2026-10-09T04:13:00.2008225Z ok 10 - Perl callback-only anchors enable whole owners and copies without host descriptors
2026-10-09T04:13:00.2009083Z   ---
2026-10-09T04:13:00.2010591Z   duration_ms: 15.319586
2026-10-09T04:13:00.2012410Z   type: 'test'
2026-10-09T04:13:00.2012804Z   ...
2026-10-09T04:13:00.2013713Z # Subtest: Perl callback anchors compose with original-owner receivers and consuming inputs
2026-10-09T04:13:00.2015042Z ok 11 - Perl callback anchors compose with original-owner receivers and consuming inputs
2026-10-09T04:13:00.2015832Z   ---
2026-10-09T04:13:00.2016210Z   duration_ms: 48.519707
2026-10-09T04:13:00.2016628Z   type: 'test'
2026-10-09T04:13:00.2016990Z   ...
2026-10-09T04:13:00.2017859Z # Subtest: Perl callback ownership projection is immutable and stable under type reordering
2026-10-09T04:13:00.2019194Z ok 12 - Perl callback ownership projection is immutable and stable under type reordering
2026-10-09T04:13:00.2020237Z   ---
2026-10-09T04:13:00.2020608Z   duration_ms: 101.274965
2026-10-09T04:13:00.2021038Z   type: 'test'
2026-10-09T04:13:00.2021803Z   ...
2026-10-09T04:13:00.2022742Z # Subtest: Perl callback capability leaves legacy generated bytes unchanged without actual anchors
2026-10-09T04:13:00.2024173Z ok 13 - Perl callback capability leaves legacy generated bytes unchanged without actual anchors
2026-10-09T04:13:00.2024996Z   ---
2026-10-09T04:13:00.2025344Z   duration_ms: 211.287592
2026-10-09T04:13:00.2025777Z   type: 'test'
2026-10-09T04:13:00.2026128Z   ...
2026-10-09T04:13:00.2027227Z # Subtest: owned Perl declarations retain finite types, identity leaves and transparent aliases
2026-10-09T04:13:00.2028597Z ok 14 - owned Perl declarations retain finite types, identity leaves and transparent aliases
2026-10-09T04:13:00.2029626Z   ---
2026-10-09T04:13:00.2029993Z   duration_ms: 17.317033
2026-10-09T04:13:00.2030419Z   type: 'test'
2026-10-09T04:13:00.2030772Z   ...
2026-10-09T04:13:00.2031638Z # Subtest: owned Perl names cannot overwrite helpers, lifecycle methods or constructor fields
2026-10-09T04:13:00.2032961Z ok 15 - owned Perl names cannot overwrite helpers, lifecycle methods or constructor fields
2026-10-09T04:13:00.2033745Z   ---
2026-10-09T04:13:00.2034099Z   duration_ms: 110.01144
2026-10-09T04:13:00.2034505Z   type: 'test'
2026-10-09T04:13:00.2034856Z   ...
2026-10-09T04:13:00.4123154Z # Subtest: real Perl constructors preserve branches, field names and nested optional payloads
2026-10-09T04:13:00.4125697Z ok 16 - real Perl constructors preserve branches, field names and nested optional payloads
2026-10-09T04:13:00.4126602Z   ---
2026-10-09T04:13:00.4127041Z   duration_ms: 219.759422
2026-10-09T04:13:00.4127515Z   type: 'test'
2026-10-09T04:13:00.4127915Z   ...
2026-10-09T04:13:00.4128658Z # 57 real Perl declaration checks passed; native transport is not enabled
2026-10-09T04:13:00.4254305Z 1..16
2026-10-09T04:13:00.4254705Z # tests 16
2026-10-09T04:13:00.4255103Z # suites 0
2026-10-09T04:13:00.4255722Z # pass 16
2026-10-09T04:13:00.4256412Z # fail 0
2026-10-09T04:13:00.4256976Z # cancelled 0
2026-10-09T04:13:00.4257632Z # skipped 0
2026-10-09T04:13:00.4258156Z # todo 0
2026-10-09T04:13:00.4258850Z # duration_ms 104336.079279
2026-10-09T04:13:00.4723017Z TAP version 13
2026-10-09T04:13:23.9152863Z # Subtest: installed Perl loaders prefer private dependencies and balance mapped-library probes
2026-10-09T04:13:23.9159339Z ok 1 - installed Perl loaders prefer private dependencies and balance mapped-library probes
2026-10-09T04:13:23.9171673Z   ---
2026-10-09T04:13:23.9177479Z   duration_ms: 23339.664733
2026-10-09T04:13:23.9177900Z   type: 'test'
2026-10-09T04:13:23.9178257Z   ...
2026-10-09T04:13:23.9179831Z # {"perl":"/home/runner/work/lean-bridge/lean-bridge/.toolchains/perl/5.36.3-unthreaded/bin/perl","mode":"global","observed":{"checks":3,"global":11,"value":11}}
2026-10-09T04:13:23.9182130Z # {"perl":"/home/runner/work/lean-bridge/lean-bridge/.toolchains/perl/5.36.3-unthreaded/bin/perl","mode":"private","observed":{"checks":133,"global":11,"value":29}}
2026-10-09T04:13:23.9184417Z # {"perl":"/home/runner/work/lean-bridge/lean-bridge/.toolchains/perl/5.36.3-unthreaded/bin/perl","mode":"cold","observed":{"checks":47,"mode":"cold"}}
2026-10-09T04:13:23.9186773Z # {"perl":"/home/runner/work/lean-bridge/lean-bridge/.toolchains/perl/5.36.3-unthreaded/bin/perl","mode":"preloaded","observed":{"checks":2,"mode":"preloaded"}}
2026-10-09T04:13:23.9189118Z # {"perl":"/home/runner/work/lean-bridge/lean-bridge/.toolchains/perl/5.36.3-unthreaded/bin/perl","mode":"conflict","observed":{"checks":2,"mode":"conflict"}}
2026-10-09T04:13:23.9191608Z # {"perl":"/home/runner/work/lean-bridge/lean-bridge/.toolchains/perl/5.36.3-unthreaded/bin/perl","mode":"warm","observed":{"checks":15,"mode":"warm"}}
2026-10-09T04:13:41.7633709Z # Subtest: Perl scalar records preserve exact native fields and reject malformed values (ordinary)
2026-10-09T04:13:41.7635878Z ok 2 - Perl scalar records preserve exact native fields and reject malformed values (ordinary)
2026-10-09T04:13:41.7637433Z   ---
2026-10-09T04:13:41.7638003Z   duration_ms: 17737.824986
2026-10-09T04:13:41.7638949Z   type: 'test'
2026-10-09T04:13:41.7639741Z   ...
2026-10-09T04:13:41.7641660Z # {"exports":["bits32","bits64","echo","inspect","make_packet","new_ticket","option_case","units"],"identities":0,"nativeFailures":31,"scalarFields":19,"checks":667,"exceptions":168,"allocatorFailures":39,"live":0}
2026-10-09T04:13:59.4739152Z # Subtest: Perl scalar records preserve exact native fields and reject malformed values (reviewed)
2026-10-09T04:13:59.4741524Z ok 3 - Perl scalar records preserve exact native fields and reject malformed values (reviewed)
2026-10-09T04:13:59.4742466Z   ---
2026-10-09T04:13:59.4743523Z   duration_ms: 17711.389805
2026-10-09T04:13:59.4743993Z   type: 'test'
2026-10-09T04:13:59.4744384Z   ...
2026-10-09T04:13:59.4746792Z # {"scalarFields":19,"identities":0,"nativeFailures":31,"checks":667,"live":0,"exports":["bits32","bits64","echo","inspect","make_packet","new_ticket","option_case","units"],"allocatorFailures":39,"exceptions":168}
2026-10-09T04:14:00.3446652Z # Subtest: CI requires four-ABI Perl callback execution and reconstructed reports
2026-10-09T04:14:00.3447854Z ok 4 - CI requires four-ABI Perl callback execution and reconstructed reports
2026-10-09T04:14:00.3448867Z   ---
2026-10-09T04:14:00.3449627Z   duration_ms: 85.191898
2026-10-09T04:14:00.3450234Z   type: 'test'
2026-10-09T04:14:00.3450773Z   ...
2026-10-09T04:14:01.5938720Z # Subtest: Perl optional history rejects altered chronology, open schemas and forged transitions
2026-10-09T04:14:01.5940469Z ok 5 - Perl optional history rejects altered chronology, open schemas and forged transitions
2026-10-09T04:14:01.5941217Z   ---
2026-10-09T04:14:01.5941442Z   duration_ms: 1275.986385
2026-10-09T04:14:01.5941700Z   type: 'test'
2026-10-09T04:14:01.5941910Z   ...
2026-10-09T04:14:01.5942608Z # 46 closed history mutations rejected.
2026-10-09T04:14:03.5144455Z # Subtest: Perl optional history closes former exclusions and preserves exact stopping bytes
2026-10-09T04:14:03.5148021Z ok 6 - Perl optional history closes former exclusions and preserves exact stopping bytes
2026-10-09T04:14:03.5149194Z   ---
2026-10-09T04:14:03.5149983Z   duration_ms: 1817.100694
2026-10-09T04:14:03.5150463Z   type: 'test'
2026-10-09T04:14:03.5150851Z   ...
2026-10-09T04:14:03.5152281Z # 19 exact transitions, 3 introduced readers and 212 rejected byte/transition forgeries.
2026-10-09T04:14:03.5160531Z # Subtest: Perl callback-result conversions authenticate whole replies before native copying
2026-10-09T04:14:03.5161340Z ok 7 - Perl callback-result conversions authenticate whole replies before native copying
2026-10-09T04:14:03.5161790Z   ---
2026-10-09T04:14:03.5162006Z   duration_ms: 70.079005
2026-10-09T04:14:03.5162249Z   type: 'test'
2026-10-09T04:14:03.5162489Z   ...
2026-10-09T04:14:03.5162982Z # Subtest: Perl callback-result opt-in preserves legacy XS bytes without anchored callbacks
2026-10-09T04:14:03.5163693Z ok 8 - Perl callback-result opt-in preserves legacy XS bytes without anchored callbacks
2026-10-09T04:14:03.5164117Z   ---
2026-10-09T04:14:03.5164331Z   duration_ms: 32.632797
2026-10-09T04:14:03.5164570Z   type: 'test'
2026-10-09T04:14:03.5164774Z   ...
2026-10-09T04:14:04.6324155Z # Subtest: Perl callback-result native and host signatures compile on every selected XS ABI
2026-10-09T04:14:04.6326082Z ok 9 - Perl callback-result native and host signatures compile on every selected XS ABI
2026-10-09T04:14:04.6327162Z   ---
2026-10-09T04:14:04.6327628Z   duration_ms: 1115.749331
2026-10-09T04:14:04.6328164Z   type: 'test'
2026-10-09T04:14:04.6328656Z   ...
2026-10-09T04:14:04.6329874Z # 4 callback-result XS/header compilations; no native execution claim.
2026-10-09T04:14:04.6333278Z # Subtest: Perl callback-result owners execute real Lean (ordinary, no-host)
2026-10-09T04:14:04.6334566Z ok 10 - Perl callback-result owners execute real Lean (ordinary, no-host) # SKIP
2026-10-09T04:14:04.6335358Z   ---
2026-10-09T04:14:04.6335748Z   duration_ms: 0.163194
2026-10-09T04:14:04.6336193Z   type: 'test'
2026-10-09T04:14:04.6336584Z   ...
2026-10-09T04:14:04.6337731Z # Subtest: Perl callback-result owners execute real Lean (ordinary, host)
2026-10-09T04:14:04.6338908Z ok 11 - Perl callback-result owners execute real Lean (ordinary, host) # SKIP
2026-10-09T04:14:04.6339989Z   ---
2026-10-09T04:14:04.6340376Z   duration_ms: 0.283048
2026-10-09T04:14:04.6340821Z   type: 'test'
2026-10-09T04:14:04.6341209Z   ...
2026-10-09T04:14:04.6342062Z # Subtest: Perl callback-result owners execute real Lean (ordinary, combined)
2026-10-09T04:14:04.6343565Z ok 12 - Perl callback-result owners execute real Lean (ordinary, combined) # SKIP
2026-10-09T04:14:04.6344441Z   ---
2026-10-09T04:14:04.6344836Z   duration_ms: 0.325297
2026-10-09T04:14:04.6345342Z   type: 'test'
2026-10-09T04:14:04.6345738Z   ...
2026-10-09T04:14:04.6350353Z # Subtest: Perl callback-result owners execute real Lean (reviewed, no-host)
2026-10-09T04:14:04.6361092Z ok 13 - Perl callback-result owners execute real Lean (reviewed, no-host) # SKIP
2026-10-09T04:14:04.6361927Z   ---
2026-10-09T04:14:04.6362343Z   duration_ms: 0.237553
2026-10-09T04:14:04.6362794Z   type: 'test'
2026-10-09T04:14:04.6363193Z   ...
2026-10-09T04:14:04.6363955Z # Subtest: Perl callback-result owners execute real Lean (reviewed, host)
2026-10-09T04:14:04.6365116Z ok 14 - Perl callback-result owners execute real Lean (reviewed, host) # SKIP
2026-10-09T04:14:04.6365864Z   ---
2026-10-09T04:14:04.6366260Z   duration_ms: 0.069279
2026-10-09T04:14:04.6366690Z   type: 'test'
2026-10-09T04:14:04.6367078Z   ...
2026-10-09T04:14:04.6367865Z # Subtest: Perl callback-result owners execute real Lean (reviewed, combined)
2026-10-09T04:14:04.6369099Z ok 15 - Perl callback-result owners execute real Lean (reviewed, combined) # SKIP
2026-10-09T04:14:04.6370152Z   ---
2026-10-09T04:14:04.6370539Z   duration_ms: 0.084868
2026-10-09T04:14:04.6370991Z   type: 'test'
2026-10-09T04:14:04.6371374Z   ...
2026-10-09T04:14:04.6372152Z # Subtest: Perl callback-result faults preserve handoff ownership (ordinary)
2026-10-09T04:14:04.6373358Z ok 16 - Perl callback-result faults preserve handoff ownership (ordinary) # SKIP
2026-10-09T04:14:04.6374144Z   ---
2026-10-09T04:14:04.6374527Z   duration_ms: 0.058219
2026-10-09T04:14:04.6374958Z   type: 'test'
2026-10-09T04:14:04.6375338Z   ...
2026-10-09T04:14:04.6376116Z # Subtest: Perl callback-result faults preserve handoff ownership (reviewed)
2026-10-09T04:14:04.6377305Z ok 17 - Perl callback-result faults preserve handoff ownership (reviewed) # SKIP
2026-10-09T04:14:04.6378059Z   ---
2026-10-09T04:14:04.6378455Z   duration_ms: 0.055493
2026-10-09T04:14:04.6378906Z   type: 'test'
2026-10-09T04:14:04.6379303Z   ...
2026-10-09T04:14:04.6380469Z # Subtest: Perl callback-result lifetime and process guards execute real Lean (ordinary)
2026-10-09T04:14:04.6390786Z ok 18 - Perl callback-result lifetime and process guards execute real Lean (ordinary) # SKIP
2026-10-09T04:14:04.6420341Z   ---
2026-10-09T04:14:04.6430374Z   duration_ms: 0.054441
2026-10-09T04:14:04.6430758Z   type: 'test'
2026-10-09T04:14:04.6431080Z   ...
2026-10-09T04:14:04.6431832Z # Subtest: Perl callback-result lifetime and process guards execute real Lean (reviewed)
2026-10-09T04:14:04.6432991Z ok 19 - Perl callback-result lifetime and process guards execute real Lean (reviewed) # SKIP
2026-10-09T04:14:04.6433693Z   ---
2026-10-09T04:14:04.6433997Z   duration_ms: 0.045185
2026-10-09T04:14:04.6434372Z   type: 'test'
2026-10-09T04:14:04.6434726Z   ...
2026-10-09T04:14:04.6435543Z # Subtest: Perl callback-result compiled semantic mutants reject (ordinary, combined)
2026-10-09T04:14:04.6436820Z ok 20 - Perl callback-result compiled semantic mutants reject (ordinary, combined) # SKIP
2026-10-09T04:14:04.6437608Z   ---
2026-10-09T04:14:04.6437995Z   duration_ms: 0.054
2026-10-09T04:14:04.6438387Z   type: 'test'
2026-10-09T04:14:04.6438736Z   ...
2026-10-09T04:14:04.6439729Z # Subtest: Perl callback-result compiled semantic mutants reject (reviewed, combined)
2026-10-09T04:14:04.6440975Z ok 21 - Perl callback-result compiled semantic mutants reject (reviewed, combined) # SKIP
2026-10-09T04:14:04.6442110Z   ---
2026-10-09T04:14:04.6442477Z   duration_ms: 0.042099
2026-10-09T04:14:04.6442898Z   type: 'test'
2026-10-09T04:14:04.6443269Z   ...
2026-10-09T04:14:04.6444079Z # Subtest: Perl callback-result ASan and UBSan instrument actual C and XS (ordinary)
2026-10-09T04:14:04.6445348Z ok 22 - Perl callback-result ASan and UBSan instrument actual C and XS (ordinary) # SKIP
2026-10-09T04:14:04.6446124Z   ---
2026-10-09T04:14:04.6446495Z   duration_ms: 0.041367
2026-10-09T04:14:04.6446915Z   type: 'test'
2026-10-09T04:14:04.6447473Z   ...
2026-10-09T04:14:04.6448279Z # Subtest: Perl callback-result ASan and UBSan instrument actual C and XS (reviewed)
2026-10-09T04:14:04.6449743Z ok 23 - Perl callback-result ASan and UBSan instrument actual C and XS (reviewed) # SKIP
2026-10-09T04:14:04.6450525Z   ---
2026-10-09T04:14:04.6450886Z   duration_ms: 0.059561
2026-10-09T04:14:04.6451305Z   type: 'test'
2026-10-09T04:14:04.6451666Z   ...
2026-10-09T04:14:04.6452484Z # Subtest: Perl callback evidence reconstructs all six original direct-runtime reports
2026-10-09T04:14:04.6453773Z ok 24 - Perl callback evidence reconstructs all six original direct-runtime reports # SKIP
2026-10-09T04:14:04.6454574Z   ---
2026-10-09T04:14:04.6454932Z   duration_ms: 0.036208
2026-10-09T04:14:04.6455416Z   type: 'test'
2026-10-09T04:14:04.6455775Z   ...
2026-10-09T04:14:04.6456564Z # Subtest: Perl callback evidence rejects changed source, scope, ABI and raw execution
2026-10-09T04:14:04.6457836Z ok 25 - Perl callback evidence rejects changed source, scope, ABI and raw execution # SKIP
2026-10-09T04:14:04.6458621Z   ---
2026-10-09T04:14:04.6458984Z   duration_ms: 0.032822
2026-10-09T04:14:04.6459819Z   type: 'test'
2026-10-09T04:14:04.6465688Z   ...
2026-10-09T04:14:04.6466493Z # Subtest: Perl callback fault evidence reconstructs both original four-ABI sweeps
2026-10-09T04:14:04.6467740Z ok 26 - Perl callback fault evidence reconstructs both original four-ABI sweeps # SKIP
2026-10-09T04:14:04.6468552Z   ---
2026-10-09T04:14:04.6468936Z   duration_ms: 0.03226
2026-10-09T04:14:04.6469645Z   type: 'test'
2026-10-09T04:14:04.6470031Z   ...
2026-10-09T04:14:04.6470918Z # Subtest: Perl callback fault evidence rejects forged transfer, cleanup and exception traces
2026-10-09T04:14:04.6472283Z ok 27 - Perl callback fault evidence rejects forged transfer, cleanup and exception traces # SKIP
2026-10-09T04:14:04.6473097Z   ---
2026-10-09T04:14:04.6473433Z   duration_ms: 0.03201
2026-10-09T04:14:04.6473822Z   type: 'test'
2026-10-09T04:14:04.6474160Z   ...
2026-10-09T04:14:04.6474966Z # Subtest: Perl callback lifetime evidence reconstructs both four-ABI scenario matrices
2026-10-09T04:14:04.6476232Z ok 28 - Perl callback lifetime evidence reconstructs both four-ABI scenario matrices # SKIP
2026-10-09T04:14:04.6477010Z   ---
2026-10-09T04:14:04.6477351Z   duration_ms: 0.036077
2026-10-09T04:14:04.6477744Z   type: 'test'
2026-10-09T04:14:04.6478082Z   ...
2026-10-09T04:14:04.6479078Z # Subtest: Perl callback lifetime evidence rejects coordinated source, process, reentry and retirement changes
2026-10-09T04:14:04.6481060Z ok 29 - Perl callback lifetime evidence rejects coordinated source, process, reentry and retirement changes # SKIP
2026-10-09T04:14:04.6481984Z   ---
2026-10-09T04:14:04.6482322Z   duration_ms: 0.03247
2026-10-09T04:14:04.6482703Z   type: 'test'
2026-10-09T04:14:04.6483044Z   ...
2026-10-09T04:14:04.6483827Z # Subtest: Perl callback mutant evidence reconstructs all 32 compiled negative controls
2026-10-09T04:14:04.6485105Z ok 30 - Perl callback mutant evidence reconstructs all 32 compiled negative controls # SKIP
2026-10-09T04:14:04.6485896Z   ---
2026-10-09T04:14:04.6486255Z   duration_ms: 0.033252
2026-10-09T04:14:04.6486700Z   type: 'test'
2026-10-09T04:14:04.6487045Z   ...
2026-10-09T04:14:04.6487969Z # Subtest: Perl callback mutant evidence rejects relabelled defects, crashes and missing restoration
2026-10-09T04:14:04.6506315Z ok 31 - Perl callback mutant evidence rejects relabelled defects, crashes and missing restoration # SKIP
2026-10-09T04:14:04.6507588Z   ---
2026-10-09T04:14:04.6507948Z   duration_ms: 0.06464
2026-10-09T04:14:04.6508353Z   type: 'test'
2026-10-09T04:14:04.6508696Z   ...
2026-10-09T04:14:04.6510145Z # Subtest: Perl callback sanitizer evidence reconstructs scoped address/UB and separate strict LSan matrices
2026-10-09T04:14:04.6511756Z ok 32 - Perl callback sanitizer evidence reconstructs scoped address/UB and separate strict LSan matrices # SKIP
2026-10-09T04:14:04.6512667Z   ---
2026-10-09T04:14:04.6513206Z   duration_ms: 0.039925
2026-10-09T04:14:04.6513620Z   type: 'test'
2026-10-09T04:14:04.6513974Z   ...
2026-10-09T04:14:04.6514890Z # Subtest: Perl callback sanitizer evidence rejects forged source, execution, cleanup and leak claims
2026-10-09T04:14:04.6516392Z ok 33 - Perl callback sanitizer evidence rejects forged source, execution, cleanup and leak claims # SKIP
2026-10-09T04:14:04.6517240Z   ---
2026-10-09T04:14:04.6517597Z   duration_ms: 0.033703
2026-10-09T04:14:04.6517982Z   type: 'test'
2026-10-09T04:14:04.6518338Z   ...
2026-10-09T04:14:04.6519250Z # Subtest: Perl callback package evidence reconstructs four producers and 32 installed public runs
2026-10-09T04:14:04.6521046Z ok 34 - Perl callback package evidence reconstructs four producers and 32 installed public runs # SKIP
2026-10-09T04:14:04.6521943Z   ---
2026-10-09T04:14:04.6522296Z   duration_ms: 0.03212
2026-10-09T04:14:04.6522700Z   type: 'test'
2026-10-09T04:14:04.6523057Z   ...
2026-10-09T04:14:04.6523993Z # Subtest: Perl callback package evidence rejects coordinated producer, receipt and installed claims
2026-10-09T04:14:04.6525451Z ok 35 - Perl callback package evidence rejects coordinated producer, receipt and installed claims # SKIP
2026-10-09T04:14:04.6526324Z   ---
2026-10-09T04:14:04.6526670Z   duration_ms: 0.031289
2026-10-09T04:14:04.6527075Z   type: 'test'
2026-10-09T04:14:04.6527431Z   ...
2026-10-09T04:14:04.6528238Z # Subtest: nine-target Perl callback release reconstructs ordinary inputs and execution
2026-10-09T04:14:04.6529745Z ok 36 - nine-target Perl callback release reconstructs ordinary inputs and execution # SKIP
2026-10-09T04:14:04.6530591Z   ---
2026-10-09T04:14:04.6530954Z   duration_ms: 0.044854
2026-10-09T04:14:04.6531358Z   type: 'test'
2026-10-09T04:14:04.6531708Z   ...
2026-10-09T04:14:04.6532513Z # Subtest: nine-target Perl callback release reconstructs reviewed inputs and execution
2026-10-09T04:14:04.6533784Z ok 37 - nine-target Perl callback release reconstructs reviewed inputs and execution # SKIP
2026-10-09T04:14:04.6534576Z   ---
2026-10-09T04:14:04.6534925Z   duration_ms: 0.038452
2026-10-09T04:14:04.6535322Z   type: 'test'
2026-10-09T04:14:04.6535677Z   ...
2026-10-09T04:14:04.6536477Z # Subtest: installed CPAN callback-result smoke preserves combined owners (ordinary)
2026-10-09T04:14:04.6537712Z ok 38 - installed CPAN callback-result smoke preserves combined owners (ordinary) # SKIP
2026-10-09T04:14:04.6538465Z   ---
2026-10-09T04:14:04.6538809Z   duration_ms: 0.106018
2026-10-09T04:14:04.6539215Z   type: 'test'
2026-10-09T04:14:04.6539730Z   ...
2026-10-09T04:14:06.1759539Z # Subtest: Perl callback source history authenticates complete transitions and rejects drift
2026-10-09T04:14:06.1760960Z ok 39 - Perl callback source history authenticates complete transitions and rejects drift
2026-10-09T04:14:06.1761754Z   ---
2026-10-09T04:14:06.1762109Z   duration_ms: 1543.222193
2026-10-09T04:14:06.1762532Z   type: 'test'
2026-10-09T04:14:06.1762887Z   ...
2026-10-09T04:14:11.5652774Z # Subtest: staged Perl source identities do not promote type-surface support
2026-10-09T04:14:11.5654014Z ok 40 - staged Perl source identities do not promote type-surface support
2026-10-09T04:14:11.5654582Z   ---
2026-10-09T04:14:11.5654952Z   duration_ms: 5389.526116
2026-10-09T04:14:11.5655383Z   type: 'test'
2026-10-09T04:14:11.5655791Z   ...
2026-10-09T04:14:12.5033101Z # Subtest: frozen JVM CLI reports reject current Perl source inventories without rewriting originals
2026-10-09T04:14:12.5034803Z ok 41 - frozen JVM CLI reports reject current Perl source inventories without rewriting originals
2026-10-09T04:14:12.5036198Z   ---
2026-10-09T04:14:12.5036646Z   duration_ms: 937.504385
2026-10-09T04:14:12.5037150Z   type: 'test'
2026-10-09T04:14:12.5037612Z   ...
2026-10-09T04:14:13.7127542Z # Subtest: Perl acceptance covers the execution and verifier import closure
2026-10-09T04:14:13.7128809Z ok 42 - Perl acceptance covers the execution and verifier import closure
2026-10-09T04:14:13.7129584Z   ---
2026-10-09T04:14:13.7130363Z   duration_ms: 1209.701529
2026-10-09T04:14:13.7130727Z   type: 'test'
2026-10-09T04:14:13.7130975Z   ...
2026-10-09T04:14:28.1452970Z # Subtest: Perl acceptance reconstructs all 18 reports and complete executed probes
2026-10-09T04:14:28.1454301Z ok 43 - Perl acceptance reconstructs all 18 reports and complete executed probes
2026-10-09T04:14:28.1455018Z   ---
2026-10-09T04:14:28.1455472Z   duration_ms: 14432.446478
2026-10-09T04:14:28.1456073Z   type: 'test'
2026-10-09T04:14:28.1456590Z   ...
2026-10-09T04:16:01.5603736Z # Subtest: Perl acceptance rejects skipped runs, changed sources and inflated guarantees
2026-10-09T04:16:01.5605091Z ok 44 - Perl acceptance rejects skipped runs, changed sources and inflated guarantees
2026-10-09T04:16:01.5605839Z   ---
2026-10-09T04:16:01.5606201Z   duration_ms: 93414.337836
2026-10-09T04:16:01.5606632Z   type: 'test'
2026-10-09T04:16:01.5606986Z   ...
2026-10-09T04:16:01.5607439Z # 58 altered acceptance claims rejected
2026-10-09T04:16:02.4213356Z # Subtest: Perl acceptance binds every report slot to its mode and execution boundary
2026-10-09T04:16:02.4214711Z ok 45 - Perl acceptance binds every report slot to its mode and execution boundary
2026-10-09T04:16:02.4215473Z   ---
2026-10-09T04:16:02.4215974Z   duration_ms: 857.578007
2026-10-09T04:16:02.4216599Z   type: 'test'
2026-10-09T04:16:02.4217157Z   ...
2026-10-09T04:16:02.4217758Z # 40 false report-slot claims rejected
2026-10-09T04:16:02.4218773Z # Subtest: Perl optional CPAN evidence reconstructs eight producers, exact archives and 64 public runs
2026-10-09T04:16:02.4220828Z ok 46 - Perl optional CPAN evidence reconstructs eight producers, exact archives and 64 public runs # SKIP
2026-10-09T04:16:02.4221697Z   ---
2026-10-09T04:16:02.4222185Z   duration_ms: 0.12337
2026-10-09T04:16:02.4222786Z   type: 'test'
2026-10-09T04:16:02.4223333Z   ...
2026-10-09T04:16:02.4224434Z # Subtest: Perl optional CPAN evidence rejects partial matrices, false capabilities and coordinated raw claims
2026-10-09T04:16:02.4225993Z ok 47 - Perl optional CPAN evidence rejects partial matrices, false capabilities and coordinated raw claims # SKIP
2026-10-09T04:16:02.4226869Z   ---
2026-10-09T04:16:02.4227341Z   duration_ms: 0.050414
2026-10-09T04:16:02.4227946Z   type: 'test'
2026-10-09T04:16:02.4228512Z   ...
2026-10-09T04:16:02.4229663Z # Subtest: Perl optional TAP grammar rejects incomplete and reordered synthetic parser fixtures
2026-10-09T04:16:02.4230884Z ok 48 - Perl optional TAP grammar rejects incomplete and reordered synthetic parser fixtures
2026-10-09T04:16:02.4231534Z   ---
2026-10-09T04:16:02.4231961Z   duration_ms: 3.785541
2026-10-09T04:16:02.4232525Z   type: 'test'
2026-10-09T04:16:02.4232974Z   ...
2026-10-09T04:16:02.4233529Z # 25 malformed parser-only TAP fixtures rejected.
2026-10-09T04:16:10.0398269Z # Subtest: Perl optional acceptance closes exact installed evidence and preserves the combined predecessor
2026-10-09T04:16:10.0400611Z ok 49 - Perl optional acceptance closes exact installed evidence and preserves the combined predecessor
2026-10-09T04:16:10.0401551Z   ---
2026-10-09T04:16:10.0402089Z   duration_ms: 7618.01808
2026-10-09T04:16:10.0402544Z   type: 'test'
2026-10-09T04:16:10.0402905Z   ...
2026-10-09T04:17:22.4648416Z # Subtest: Perl optional acceptance rejects forged logs, archives, exclusions and scope
2026-10-09T04:17:22.4654370Z ok 50 - Perl optional acceptance rejects forged logs, archives, exclusions and scope
2026-10-09T04:17:22.4655644Z   ---
2026-10-09T04:17:22.4656294Z   duration_ms: 72355.118887
2026-10-09T04:17:22.4657616Z   type: 'test'
2026-10-09T04:17:22.4658186Z   ...
2026-10-09T04:17:22.4659055Z # 167 receipt/log/archive claims and 6 coordinated report forgeries rejected.
2026-10-09T04:17:22.4660506Z # Subtest: owned CPAN namespaces remain a validated host projection
2026-10-09T04:17:22.4661533Z ok 51 - owned CPAN namespaces remain a validated host projection
2026-10-09T04:17:22.4662267Z   ---
2026-10-09T04:17:22.4662803Z   duration_ms: 0.666984
2026-10-09T04:17:22.4663368Z   type: 'test'
2026-10-09T04:17:22.4664166Z   ...
2026-10-09T04:17:22.4665161Z # Subtest: owned Perl emits every function, identity method and scoped callback boundary
2026-10-09T04:17:22.4666508Z ok 52 - owned Perl emits every function, identity method and scoped callback boundary
2026-10-09T04:17:22.4667384Z   ---
2026-10-09T04:17:22.4667910Z   duration_ms: 69.123105
2026-10-09T04:17:22.4668483Z   type: 'test'
2026-10-09T04:17:22.4669004Z   ...
2026-10-09T04:17:23.5236080Z # Subtest: all owned Perl call and callback signatures compile on each supported XS ABI
2026-10-09T04:17:23.5237479Z ok 53 - all owned Perl call and callback signatures compile on each supported XS ABI
2026-10-09T04:17:23.5238163Z   ---
2026-10-09T04:17:23.5238431Z   duration_ms: 1059.164631
2026-10-09T04:17:23.5238758Z   type: 'test'
2026-10-09T04:17:23.5239027Z   ...
2026-10-09T04:17:23.5239868Z # 4 full XS API/header checks; native execution is tested separately.
2026-10-09T04:17:23.5761189Z 1..53
2026-10-09T04:17:23.5761571Z # tests 53
2026-10-09T04:17:23.5761890Z # suites 0
2026-10-09T04:17:23.5762251Z # pass 22
2026-10-09T04:17:23.5762710Z # fail 0
2026-10-09T04:17:23.5763353Z # cancelled 0
2026-10-09T04:17:23.5763816Z # skipped 31
2026-10-09T04:17:23.5764274Z # todo 0
2026-10-09T04:17:23.5764869Z # duration_ms 263117.253439
2026-10-09T04:17:23.6250308Z TAP version 13
2026-10-09T04:24:47.7783731Z # Subtest: installed owned Perl components coexist, reject foreign owners and reproduce independently
2026-10-09T04:24:47.7792619Z ok 1 - installed owned Perl components coexist, reject foreign owners and reproduce independently
2026-10-09T04:24:47.7793904Z   ---
2026-10-09T04:24:47.7794338Z   duration_ms: 444050.367448
2026-10-09T04:24:47.7794812Z   type: 'test'
2026-10-09T04:24:47.7795203Z   ...
2026-10-09T04:24:47.7795800Z # building OwnedOne, independent producer 1
2026-10-09T04:24:47.7800392Z # building OwnedOne, independent producer 2
2026-10-09T04:24:47.7802485Z # building OwnedTwo, independent producer 1
2026-10-09T04:24:47.7803817Z # building CopiedGraph, independent producer 1
2026-10-09T04:24:47.7805785Z # building Peer, independent producer 1
2026-10-09T04:24:47.7807878Z # {"perl":"/home/runner/work/lean-bridge/lean-bridge/.toolchains/perl/5.36.3-unthreaded/bin/perl","order":"owned-first","checks":323}
2026-10-09T04:24:47.7810385Z # {"perl":"/home/runner/work/lean-bridge/lean-bridge/.toolchains/perl/5.36.3-unthreaded/bin/perl","order":"second-owned-first","checks":323}
2026-10-09T04:24:47.7812648Z # {"perl":"/home/runner/work/lean-bridge/lean-bridge/.toolchains/perl/5.36.3-unthreaded/bin/perl","order":"graph-first","checks":323}
2026-10-09T04:24:47.7814857Z # {"perl":"/home/runner/work/lean-bridge/lean-bridge/.toolchains/perl/5.36.3-unthreaded/bin/perl","order":"peer-first","checks":323}
2026-10-09T04:27:14.1764476Z # Subtest: installed owned Perl scalars preserve private GMP and source-free loading (ordinary)
2026-10-09T04:27:14.1766487Z ok 2 - installed owned Perl scalars preserve private GMP and source-free loading (ordinary)
2026-10-09T04:27:14.1767553Z   ---
2026-10-09T04:27:14.1768127Z   duration_ms: 146281.492417
2026-10-09T04:27:14.1768726Z   type: 'test'
2026-10-09T04:27:14.1769219Z   ...
2026-10-09T04:27:14.1770512Z # CLI builds the Lean component, shared runtime and owned CPAN package
2026-10-09T04:27:14.1774080Z # {"perl":"/home/runner/work/lean-bridge/lean-bridge/.toolchains/perl/5.36.3-unthreaded/bin/perl","mode":"prebuilt-only","observed":{"checks":134,"exports":["bits32","bits64","echo","inspect","make_packet","new_ticket","option_case","units"],"live":0},"assetChecks":6}
2026-10-09T04:27:14.1778398Z # {"perl":"/home/runner/work/lean-bridge/lean-bridge/.toolchains/perl/5.36.3-unthreaded/bin/perl","mode":"build-xs","observed":{"checks":134,"exports":["bits32","bits64","echo","inspect","make_packet","new_ticket","option_case","units"],"live":0},"assetChecks":6}
2026-10-09T04:29:41.2204496Z # Subtest: installed owned Perl scalars preserve private GMP and source-free loading (reviewed)
2026-10-09T04:29:41.2211834Z ok 3 - installed owned Perl scalars preserve private GMP and source-free loading (reviewed)
2026-10-09T04:29:41.2213428Z   ---
2026-10-09T04:29:41.2214394Z   duration_ms: 147043.788819
2026-10-09T04:29:41.2215068Z   type: 'test'
2026-10-09T04:29:41.2215425Z   ...
2026-10-09T04:29:41.2215922Z # CLI builds the Lean component, shared runtime and owned CPAN package
2026-10-09T04:29:41.2217954Z # {"perl":"/home/runner/work/lean-bridge/lean-bridge/.toolchains/perl/5.36.3-unthreaded/bin/perl","mode":"prebuilt-only","observed":{"checks":134,"exports":["bits32","bits64","echo","inspect","make_packet","new_ticket","option_case","units"],"live":0},"assetChecks":6}
2026-10-09T04:29:41.2220986Z # {"perl":"/home/runner/work/lean-bridge/lean-bridge/.toolchains/perl/5.36.3-unthreaded/bin/perl","mode":"build-xs","observed":{"checks":134,"exports":["bits32","bits64","echo","inspect","make_packet","new_ticket","option_case","units"],"live":0},"assetChecks":6}
2026-10-09T04:32:30.1174124Z # Subtest: installed owned Perl callbacks preserve private GMP and source-free loading (ordinary)
2026-10-09T04:32:30.1175905Z ok 4 - installed owned Perl callbacks preserve private GMP and source-free loading (ordinary)
2026-10-09T04:32:30.1177386Z   ---
2026-10-09T04:32:30.1177999Z   duration_ms: 168897.035998
2026-10-09T04:32:30.1178311Z   type: 'test'
2026-10-09T04:32:30.1178537Z   ...
2026-10-09T04:32:30.1178958Z # CLI builds the Lean component, shared runtime and owned CPAN package
2026-10-09T04:32:30.1184162Z # {"perl":"/home/runner/work/lean-bridge/lean-bridge/.toolchains/perl/5.36.3-unthreaded/bin/perl","mode":"prebuilt-only","observed":{"primitives":19,"brokerIdentities":0,"checks":115,"exports":["bundle","callback_record","callback_recursive","construct","dispatch","echo_alias","echo_array","echo_chain","echo_list","echo_mixed","echo_nested","echo_option","echo_record","echo_recursive","echo_result","echo_row","echo_tuple","echo_variant","factory","identity_closure","label","make_record","make_recursive","new_ticket","payload","primary","repeatedly","retain_callback","retain_ticket","serial","twice","via_bool","via_bytes","via_char","via_f32","via_f64","via_i16","via_i32","via_i64","via_i8","via_int","via_isize","via_nat","via_string","via_u16","via_u32","via_u64","via_u8","via_unit","via_usize","with_function"]},"assetChecks":6}
2026-10-09T04:32:30.1193110Z # {"perl":"/home/runner/work/lean-bridge/lean-bridge/.toolchains/perl/5.36.3-unthreaded/bin/perl","mode":"build-xs","observed":{"exports":["bundle","callback_record","callback_recursive","construct","dispatch","echo_alias","echo_array","echo_chain","echo_list","echo_mixed","echo_nested","echo_option","echo_record","echo_recursive","echo_result","echo_row","echo_tuple","echo_variant","factory","identity_closure","label","make_record","make_recursive","new_ticket","payload","primary","repeatedly","retain_callback","retain_ticket","serial","twice","via_bool","via_bytes","via_char","via_f32","via_f64","via_i16","via_i32","via_i64","via_i8","via_int","via_isize","via_nat","via_string","via_u16","via_u32","via_u64","via_u8","via_unit","via_usize","with_function"],"checks":115,"primitives":19,"brokerIdentities":0},"assetChecks":6}
2026-10-09T04:35:19.5833638Z # Subtest: installed owned Perl callbacks preserve private GMP and source-free loading (reviewed)
2026-10-09T04:35:19.5845099Z ok 5 - installed owned Perl callbacks preserve private GMP and source-free loading (reviewed)
2026-10-09T04:35:19.5846010Z   ---
2026-10-09T04:35:19.5846417Z   duration_ms: 169465.575465
2026-10-09T04:35:19.5846888Z   type: 'test'
2026-10-09T04:35:19.5847662Z   ...
2026-10-09T04:35:19.5848414Z # CLI builds the Lean component, shared runtime and owned CPAN package
2026-10-09T04:35:19.5856115Z # {"perl":"/home/runner/work/lean-bridge/lean-bridge/.toolchains/perl/5.36.3-unthreaded/bin/perl","mode":"prebuilt-only","observed":{"exports":["bundle","callback_record","callback_recursive","construct","dispatch","echo_alias","echo_array","echo_chain","echo_list","echo_mixed","echo_nested","echo_option","echo_record","echo_recursive","echo_result","echo_row","echo_tuple","echo_variant","factory","identity_closure","label","make_record","make_recursive","new_ticket","payload","primary","repeatedly","retain_callback","retain_ticket","serial","twice","via_bool","via_bytes","via_char","via_f32","via_f64","via_i16","via_i32","via_i64","via_i8","via_int","via_isize","via_nat","via_string","via_u16","via_u32","via_u64","via_u8","via_unit","via_usize","with_function"],"primitives":19,"checks":115,"brokerIdentities":0},"assetChecks":6}
2026-10-09T04:35:19.5866957Z # {"perl":"/home/runner/work/lean-bridge/lean-bridge/.toolchains/perl/5.36.3-unthreaded/bin/perl","mode":"build-xs","observed":{"brokerIdentities":0,"primitives":19,"checks":115,"exports":["bundle","callback_record","callback_recursive","construct","dispatch","echo_alias","echo_array","echo_chain","echo_list","echo_mixed","echo_nested","echo_option","echo_record","echo_recursive","echo_result","echo_row","echo_tuple","echo_variant","factory","identity_closure","label","make_record","make_recursive","new_ticket","payload","primary","repeatedly","retain_callback","retain_ticket","serial","twice","via_bool","via_bytes","via_char","via_f32","via_f64","via_i16","via_i32","via_i64","via_i8","via_int","via_isize","via_nat","via_string","via_u16","via_u32","via_u64","via_u8","via_unit","via_usize","with_function"]},"assetChecks":6}
2026-10-09T04:35:19.5946256Z 1..5
2026-10-09T04:35:19.5946604Z # tests 5
2026-10-09T04:35:19.5947390Z # suites 0
2026-10-09T04:35:19.5947836Z # pass 5
2026-10-09T04:35:19.5948547Z # fail 0
2026-10-09T04:35:19.5949111Z # cancelled 0
2026-10-09T04:35:19.5950066Z # skipped 0
2026-10-09T04:35:19.5950619Z # todo 0
2026-10-09T04:35:19.5951197Z # duration_ms 1075982.810514
2026-10-09T04:35:19.6960367Z 
2026-10-09T04:35:19.6961068Z > @lean-wasm/bridge-poc@0.0.0-poc test:owned-perl-transfers
2026-10-09T04:35:19.6962767Z > LEAN_BRIDGE_OWNED_PERL_TRANSFER_TEST=1 LEAN_BRIDGE_OWNED_NATIVE_TEST=1 node --test --test-concurrency=1 tests/owned-perl-transfers.test.mjs tests/owned-perl-transfer-packaging.test.mjs tests/owned-perl-documentation.test.mjs
2026-10-09T04:35:19.6963908Z 
2026-10-09T04:35:19.7412661Z TAP version 13
2026-10-09T04:38:57.0502948Z # Subtest: owned CPAN author and consumer guides work in a combined C/Perl release
2026-10-09T04:38:57.0510304Z ok 1 - owned CPAN author and consumer guides work in a combined C/Perl release
2026-10-09T04:38:57.0511841Z   ---
2026-10-09T04:38:57.0512531Z   duration_ms: 217232.70541
2026-10-09T04:38:57.0513299Z   type: 'test'
2026-10-09T04:38:57.0513947Z   ...
2026-10-09T04:38:57.0516147Z # 2 installed documentation examples passed
2026-10-09T04:42:33.6702057Z # Subtest: owned CPAN consuming examples work in a combined C/Perl release
2026-10-09T04:42:33.6703368Z ok 2 - owned CPAN consuming examples work in a combined C/Perl release
2026-10-09T04:42:33.6704283Z   ---
2026-10-09T04:42:33.6704819Z   duration_ms: 216620.034094
2026-10-09T04:42:33.6705387Z   type: 'test'
2026-10-09T04:42:33.6705915Z   ...
2026-10-09T04:42:33.6706580Z # 2 installed documentation examples passed
2026-10-09T04:42:34.1317426Z # Subtest: CPAN transfer metadata and POD name the compiler-selected consuming arguments
2026-10-09T04:42:34.1319670Z ok 3 - CPAN transfer metadata and POD name the compiler-selected consuming arguments
2026-10-09T04:42:34.1320486Z   ---
2026-10-09T04:42:34.1320788Z   duration_ms: 349.776604
2026-10-09T04:42:34.1321112Z   type: 'test'
2026-10-09T04:42:34.1321557Z   ...
2026-10-09T04:45:22.8811409Z # Subtest: installed CPAN consuming inputs survive source removal (ordinary)
2026-10-09T04:45:22.8815842Z ok 4 - installed CPAN consuming inputs survive source removal (ordinary)
2026-10-09T04:45:22.8817149Z   ---
2026-10-09T04:45:22.8817789Z   duration_ms: 168749.110478
2026-10-09T04:45:22.8818487Z   type: 'test'
2026-10-09T04:45:22.8819251Z   ...
2026-10-09T04:45:22.8820790Z # ordinary: build Lean, shared runtime and four authenticated consuming XS variants
2026-10-09T04:45:22.8822559Z # {"perl":"/home/runner/work/lean-bridge/lean-bridge/.toolchains/perl/5.36.3-unthreaded/bin/perl","mode":"prebuilt-only","checks":134,"assetChecks":6}
2026-10-09T04:45:22.8824326Z # {"perl":"/home/runner/work/lean-bridge/lean-bridge/.toolchains/perl/5.36.3-unthreaded/bin/perl","mode":"build-xs","checks":134,"assetChecks":6}
2026-10-09T04:48:16.8937786Z # Subtest: installed CPAN consuming inputs survive source removal (reviewed)
2026-10-09T04:48:16.8939261Z ok 5 - installed CPAN consuming inputs survive source removal (reviewed)
2026-10-09T04:48:16.8940717Z   ---
2026-10-09T04:48:16.8941161Z   duration_ms: 174012.195746
2026-10-09T04:48:16.8941571Z   type: 'test'
2026-10-09T04:48:16.8941984Z   ...
2026-10-09T04:48:16.8942916Z # reviewed: build Lean, shared runtime and four authenticated consuming XS variants
2026-10-09T04:48:16.8944891Z # {"perl":"/home/runner/work/lean-bridge/lean-bridge/.toolchains/perl/5.36.3-unthreaded/bin/perl","mode":"prebuilt-only","checks":134,"assetChecks":6}
2026-10-09T04:48:16.8947171Z # {"perl":"/home/runner/work/lean-bridge/lean-bridge/.toolchains/perl/5.36.3-unthreaded/bin/perl","mode":"build-xs","checks":134,"assetChecks":6}
2026-10-09T04:48:17.1114000Z # Subtest: Perl transfers require explicit capability and leave borrowed APIs unchanged
2026-10-09T04:48:17.1115414Z ok 6 - Perl transfers require explicit capability and leave borrowed APIs unchanged
2026-10-09T04:48:17.1116232Z   ---
2026-10-09T04:48:17.1116634Z   duration_ms: 95.336811
2026-10-09T04:48:17.1117096Z   type: 'test'
2026-10-09T04:48:17.1117479Z   ...
2026-10-09T04:48:17.3789632Z # Subtest: Perl XS transfer signatures compile on each selected ABI
2026-10-09T04:48:17.3790980Z ok 7 - Perl XS transfer signatures compile on each selected ABI
2026-10-09T04:48:17.3791804Z   ---
2026-10-09T04:48:17.3792390Z   duration_ms: 271.091906
2026-10-09T04:48:17.3792868Z   type: 'test'
2026-10-09T04:48:17.3793271Z   ...
2026-10-09T04:48:39.8928417Z # Subtest: Perl aliases follow real Lean input transfers (ordinary)
2026-10-09T04:48:39.8931687Z ok 8 - Perl aliases follow real Lean input transfers (ordinary)
2026-10-09T04:48:39.8932511Z   ---
2026-10-09T04:48:39.8935931Z   duration_ms: 22513.205639
2026-10-09T04:48:39.8936495Z   type: 'test'
2026-10-09T04:48:39.8936979Z   ...
2026-10-09T04:48:39.8943899Z # {"perl":"/home/runner/work/lean-bridge/lean-bridge/.toolchains/perl/5.36.3-unthreaded/bin/perl","observed":{"heldErrors":349,"exports":["bundle","callback_record","callback_recursive","echo_alias","echo_array","echo_chain","echo_list","echo_mixed","echo_nested","echo_option","echo_record","echo_recursive","echo_result","echo_row","echo_tuple","echo_variant","label","make_record","make_recursive","new_record_callback","new_ticket","payload","primary","retain_ticket","serial","transfer_callback"],"managedLive":0,"multiple":{"exception":{"after":75,"before":19},"allocator":{"before":15,"after":8},"native":{"before":15,"after":19}},"live":0,"identities":0,"perlVersion":"v5.36.3","single":{"exception":{"before":24,"after":83},"allocator":{"after":9,"before":20},"native":{"after":20,"before":41}},"threaded":0,"checks":1014}}
2026-10-09T04:49:01.6456896Z # Subtest: Perl aliases follow real Lean input transfers (reviewed)
2026-10-09T04:49:01.6457987Z ok 9 - Perl aliases follow real Lean input transfers (reviewed)
2026-10-09T04:49:01.6458670Z   ---
2026-10-09T04:49:01.6459073Z   duration_ms: 21754.087068
2026-10-09T04:49:01.6459938Z   type: 'test'
2026-10-09T04:49:01.6460273Z   ...
2026-10-09T04:49:01.6465403Z # {"perl":"/home/runner/work/lean-bridge/lean-bridge/.toolchains/perl/5.36.3-unthreaded/bin/perl","observed":{"threaded":0,"perlVersion":"v5.36.3","managedLive":0,"live":0,"identities":0,"checks":1014,"exports":["bundle","callback_record","callback_recursive","echo_alias","echo_array","echo_chain","echo_list","echo_mixed","echo_nested","echo_option","echo_record","echo_recursive","echo_result","echo_row","echo_tuple","echo_variant","label","make_record","make_recursive","new_record_callback","new_ticket","payload","primary","retain_ticket","serial","transfer_callback"],"heldErrors":349,"multiple":{"exception":{"after":75,"before":19},"native":{"before":15,"after":19},"allocator":{"after":8,"before":15}},"single":{"allocator":{"before":20,"after":9},"native":{"after":20,"before":41},"exception":{"after":83,"before":24}}}}
2026-10-09T04:49:01.6574718Z 1..9
2026-10-09T04:49:01.6575124Z # tests 9
2026-10-09T04:49:01.6575644Z # suites 0
2026-10-09T04:49:01.6576321Z # pass 9
2026-10-09T04:49:01.6577347Z # fail 0
2026-10-09T04:49:01.6577716Z # cancelled 0
2026-10-09T04:49:01.6583041Z # skipped 0
2026-10-09T04:49:01.6583405Z # todo 0
2026-10-09T04:49:01.6583671Z # duration_ms 821929.914273
2026-10-09T04:49:01.7635017Z 
2026-10-09T04:49:01.7635811Z > @lean-wasm/bridge-poc@0.0.0-poc test:owned-perl-borrows
2026-10-09T04:49:01.7637322Z > LEAN_BRIDGE_OWNED_PERL_BORROW_TEST=1 LEAN_BRIDGE_OWNED_NATIVE_TEST=1 node --test --test-concurrency=1 tests/owned-perl-borrows.test.mjs tests/owned-perl-borrow-packaging.test.mjs tests/owned-perl-borrow-documentation.test.mjs
2026-10-09T04:49:01.7638229Z 
2026-10-09T04:49:01.8121427Z TAP version 13
2026-10-09T04:52:40.7628730Z # Subtest: Perl borrowed-result author and consumer guides run from a combined installed release
2026-10-09T04:52:40.7636940Z ok 1 - Perl borrowed-result author and consumer guides run from a combined installed release
2026-10-09T04:52:40.7638021Z   ---
2026-10-09T04:52:40.7638477Z   duration_ms: 218876.273852
2026-10-09T04:52:40.7638988Z   type: 'test'
2026-10-09T04:52:40.7639646Z   ...
2026-10-09T04:52:41.2475715Z # Subtest: CPAN borrowed-result metadata and POD bind the original whole owner
2026-10-09T04:52:41.2481425Z ok 2 - CPAN borrowed-result metadata and POD bind the original whole owner
2026-10-09T04:52:41.2482176Z   ---
2026-10-09T04:52:41.2482542Z   duration_ms: 372.625893
2026-10-09T04:52:41.2482962Z   type: 'test'
2026-10-09T04:52:41.2483330Z   ...
2026-10-09T04:52:42.5858500Z # Subtest: Perl installer validates borrowed-result policies on each selected ABI
2026-10-09T04:52:42.5860425Z ok 3 - Perl installer validates borrowed-result policies on each selected ABI
2026-10-09T04:52:42.5861756Z   ---
2026-10-09T04:52:42.5862206Z   duration_ms: 1338.048946
2026-10-09T04:52:42.5862687Z   type: 'test'
2026-10-09T04:52:42.5863082Z   ...
2026-10-09T04:55:29.1584325Z # Subtest: installed CPAN borrowed results survive source removal (ordinary)
2026-10-09T04:55:29.1587223Z ok 4 - installed CPAN borrowed results survive source removal (ordinary)
2026-10-09T04:55:29.1587925Z   ---
2026-10-09T04:55:29.1588158Z   duration_ms: 166572.447967
2026-10-09T04:55:29.1588430Z   type: 'test'
2026-10-09T04:55:29.1588665Z   ...
2026-10-09T04:55:29.1590707Z # ordinary: build authenticated borrowed-result CPAN archives
2026-10-09T04:55:29.1592479Z # {"perl":"/home/runner/work/lean-bridge/lean-bridge/.toolchains/perl/5.36.3-unthreaded/bin/perl","mode":"prebuilt-only","checks":183,"assetChecks":6}
2026-10-09T04:55:29.1594169Z # {"perl":"/home/runner/work/lean-bridge/lean-bridge/.toolchains/perl/5.36.3-unthreaded/bin/perl","mode":"build-xs","checks":183,"assetChecks":6}
2026-10-09T04:58:16.8418328Z # Subtest: installed CPAN borrowed results survive source removal (reviewed)
2026-10-09T04:58:16.8419503Z ok 5 - installed CPAN borrowed results survive source removal (reviewed)
2026-10-09T04:58:16.8426228Z   ---
2026-10-09T04:58:16.8426605Z   duration_ms: 167683.193808
2026-10-09T04:58:16.8427046Z   type: 'test'
2026-10-09T04:58:16.8427305Z   ...
2026-10-09T04:58:16.8427672Z # reviewed: build authenticated borrowed-result CPAN archives
2026-10-09T04:58:16.8428621Z # {"perl":"/home/runner/work/lean-bridge/lean-bridge/.toolchains/perl/5.36.3-unthreaded/bin/perl","mode":"prebuilt-only","checks":183,"assetChecks":6}
2026-10-09T04:58:16.8430401Z # {"perl":"/home/runner/work/lean-bridge/lean-bridge/.toolchains/perl/5.36.3-unthreaded/bin/perl","mode":"build-xs","checks":183,"assetChecks":6}
2026-10-09T04:58:17.1331287Z # Subtest: Perl callback copy factories distinguish callback-only containers and higher-order sites
2026-10-09T04:58:17.1333509Z ok 6 - Perl callback copy factories distinguish callback-only containers and higher-order sites
2026-10-09T04:58:17.1334797Z   ---
2026-10-09T04:58:17.1335713Z   duration_ms: 39.811456
2026-10-09T04:58:17.1336174Z   type: 'test'
2026-10-09T04:58:17.1336507Z   ...
2026-10-09T04:58:17.1337161Z # Subtest: Perl callback copy factories check authentic self before reading or copying a supplied value
2026-10-09T04:58:17.1338084Z ok 7 - Perl callback copy factories check authentic self before reading or copying a supplied value
2026-10-09T04:58:17.1338667Z   ---
2026-10-09T04:58:17.1338989Z   duration_ms: 3.870701
2026-10-09T04:58:17.1339644Z   type: 'test'
2026-10-09T04:58:17.1340008Z   ...
2026-10-09T04:58:17.1340637Z # Subtest: Perl callback copy factories leave supported legacy capability combinations byte-identical
2026-10-09T04:58:17.1341539Z ok 8 - Perl callback copy factories leave supported legacy capability combinations byte-identical
2026-10-09T04:58:17.1342114Z   ---
2026-10-09T04:58:17.1342435Z   duration_ms: 78.553297
2026-10-09T04:58:17.1342779Z   type: 'test'
2026-10-09T04:58:17.1343092Z   ...
2026-10-09T04:58:17.1343684Z # Subtest: Perl callback copy factories compile on each selected XS ABI without a Lean build
2026-10-09T04:58:17.1344560Z ok 9 - Perl callback copy factories compile on each selected XS ABI without a Lean build # SKIP
2026-10-09T04:58:17.1345114Z   ---
2026-10-09T04:58:17.1345430Z   duration_ms: 0.222635
2026-10-09T04:58:17.1345776Z   type: 'test'
2026-10-09T04:58:17.1346089Z   ...
2026-10-09T04:58:17.1346656Z # Subtest: Perl anchored results require explicit capability and preserve unanchored APIs
2026-10-09T04:58:17.1347501Z ok 10 - Perl anchored results require explicit capability and preserve unanchored APIs
2026-10-09T04:58:17.1348032Z   ---
2026-10-09T04:58:17.1348347Z   duration_ms: 46.260137
2026-10-09T04:58:17.1348690Z   type: 'test'
2026-10-09T04:58:17.1349001Z   ...
2026-10-09T04:58:17.4124331Z # Subtest: Perl borrowed-result signatures compile on every selected XS ABI
2026-10-09T04:58:17.4126116Z ok 11 - Perl borrowed-result signatures compile on every selected XS ABI
2026-10-09T04:58:17.4127061Z   ---
2026-10-09T04:58:17.4127630Z   duration_ms: 283.745982
2026-10-09T04:58:17.4128152Z   type: 'test'
2026-10-09T04:58:17.4128597Z   ...
2026-10-09T04:58:47.2524606Z # Subtest: Perl borrowed values expire with their original owners (ordinary)
2026-10-09T04:58:47.2525570Z ok 12 - Perl borrowed values expire with their original owners (ordinary)
2026-10-09T04:58:47.2526101Z   ---
2026-10-09T04:58:47.2526330Z   duration_ms: 29839.713323
2026-10-09T04:58:47.2526694Z   type: 'test'
2026-10-09T04:58:47.2527007Z   ...
2026-10-09T04:58:47.2537828Z # {"perl":"/home/runner/work/lean-bridge/lean-bridge/.toolchains/perl/5.36.3-unthreaded/bin/perl","observed":{"checks":928,"exports":["bundle","callback_record","callback_recursive","copy_value","echo_alias","echo_array","echo_list","echo_nested","echo_option","echo_record","echo_recursive","echo_result","echo_row","echo_tuple","echo_variant","label","make_record","make_recursive","mixed_ticket","move_array","move_record","new_ticket","primary","retain_ticket","serial","transfer_ticket"],"faults":{"allocator":{"after":35,"before":19},"exception":{"after":191,"before":23},"native":{"after":86,"before":11}},"heldErrors":366,"identities":0,"live":0,"managedLive":0,"perlVersion":"v5.36.3","threaded":0},"rejectedMutations":[{"name":"unchecked-whole-value","compiled":true,"sourceSha256":"57e4b7ceb9946b3732ccc3f450e85232f5c80a5425aa4475060341e4b07fc742"},{"name":"unchecked-empty-value","compiled":true,"sourceSha256":"4099509d5412f3b92ea8ec9729f9cef3eae9f36da7824286b72a590f01fb8165"},{"name":"discarded-whole-owner","compiled":true,"sourceSha256":"8af0b3de06cde23f0b3e0268041adcaad86b1c36050b5a481fb74449a1bcb233"},{"name":"escaped-callback-frame","compiled":true,"sourceSha256":"2eb2956790d012c86bfbfe805563268476c30962d4e6099267894d25a3fd41fc"},{"name":"pointer-equality","compiled":true,"sourceSha256":"77012847c330368d08879634482add095e9d397009eef50b1454a4dc3906d4c0"}]}
2026-10-09T04:59:17.1058698Z # Subtest: Perl borrowed values expire with their original owners (reviewed)
2026-10-09T04:59:17.1060790Z ok 13 - Perl borrowed values expire with their original owners (reviewed)
2026-10-09T04:59:17.1061771Z   ---
2026-10-09T04:59:17.1062564Z   duration_ms: 29853.673214
2026-10-09T04:59:17.1063375Z   type: 'test'
2026-10-09T04:59:17.1063947Z   ...
2026-10-09T04:59:17.1071966Z # {"perl":"/home/runner/work/lean-bridge/lean-bridge/.toolchains/perl/5.36.3-unthreaded/bin/perl","observed":{"checks":928,"exports":["bundle","callback_record","callback_recursive","copy_value","echo_alias","echo_array","echo_list","echo_nested","echo_option","echo_record","echo_recursive","echo_result","echo_row","echo_tuple","echo_variant","label","make_record","make_recursive","mixed_ticket","move_array","move_record","new_ticket","primary","retain_ticket","serial","transfer_ticket"],"faults":{"allocator":{"after":35,"before":19},"exception":{"after":191,"before":23},"native":{"after":86,"before":11}},"heldErrors":366,"identities":0,"live":0,"managedLive":0,"perlVersion":"v5.36.3","threaded":0},"rejectedMutations":[{"name":"unchecked-whole-value","compiled":true,"sourceSha256":"57e4b7ceb9946b3732ccc3f450e85232f5c80a5425aa4475060341e4b07fc742"},{"name":"unchecked-empty-value","compiled":true,"sourceSha256":"4099509d5412f3b92ea8ec9729f9cef3eae9f36da7824286b72a590f01fb8165"},{"name":"discarded-whole-owner","compiled":true,"sourceSha256":"8af0b3de06cde23f0b3e0268041adcaad86b1c36050b5a481fb74449a1bcb233"},{"name":"escaped-callback-frame","compiled":true,"sourceSha256":"2eb2956790d012c86bfbfe805563268476c30962d4e6099267894d25a3fd41fc"},{"name":"pointer-equality","compiled":true,"sourceSha256":"77012847c330368d08879634482add095e9d397009eef50b1454a4dc3906d4c0"}]}
2026-10-09T04:59:57.2249622Z # Subtest: Perl borrowed results execute without consuming-input capability
2026-10-09T04:59:57.2250939Z ok 14 - Perl borrowed results execute without consuming-input capability
2026-10-09T04:59:57.2251889Z   ---
2026-10-09T04:59:57.2252360Z   duration_ms: 40119.141293
2026-10-09T04:59:57.2252845Z   type: 'test'
2026-10-09T04:59:57.2253212Z   ...
2026-10-09T04:59:57.2371147Z 1..14
2026-10-09T04:59:57.2371549Z # tests 14
2026-10-09T04:59:57.2372174Z # suites 0
2026-10-09T04:59:57.2372873Z # pass 13
2026-10-09T04:59:57.2373406Z # fail 0
2026-10-09T04:59:57.2373988Z # cancelled 0
2026-10-09T04:59:57.2374690Z # skipped 1
2026-10-09T04:59:57.2375212Z # todo 0
2026-10-09T04:59:57.2375839Z # duration_ms 655438.632757
2026-10-09T04:59:57.2563359Z ##[group]Run actions/upload-artifact@v7
2026-10-09T04:59:57.2563671Z with:
2026-10-09T04:59:57.2564057Z   name: type-corpus-perl-5.36.3-unthreaded-93c60a0487d0b2acc0b6d562cd72a3876738a666
2026-10-09T04:59:57.2570070Z   path: build/type-corpus/perl.json
build/type-corpus/reviewed-native-perl.json
build/char-native/perl.json
build/word-native/perl.json
build/callables/perl.json
build/structured-callables/perl.json
build/recursive-callables/perl.json
build/compounds/perl.json
build/lists/perl.json
build/collections/perl.json
build/aliases/perl.json
build/native-fin/perl.json
build/native-fin/perl-reviewed.json
build/native-specializations/perl.json
build/generic-records/perl.json
build/generic-records/specialized-perl.json
build/native-fin-containers/perl.json
build/native-fin-containers/reviewed-perl.json
build/native-fin-products/perl.json
build/native-fin-products/reviewed-perl.json
build/native-fin-product-arrays/perl.json
build/native-fin-product-arrays/reviewed-perl.json
build/native-fin-records/perl.json
build/native-fin-records/reviewed-perl.json
build/native-subtype/perl.json
build/perl-refinements/perl.json
build/variants/perl.json
build/recursive/perl-values.json
build/recursive/perl-conversions.json
build/recursive/perl-native.json
build/recursive/perl-packages.json
build/recursive/perl-component-collision.json
build/recursive/perl-composition.json
build/recursive/perl-documentation.json
build/owned-perl-runtime/
build/owned-perl-conversions/
build/owned-perl-calls/
build/owned-perl-scalars/
build/owned-perl-loader/
build/owned-perl-package/
build/owned-perl-transfers/
build/owned-perl-transfer-packaging/
build/owned-perl-borrows/
build/owned-perl-borrow-packaging/

2026-10-09T04:59:57.2575967Z   if-no-files-found: error
2026-10-09T04:59:57.2576215Z   overwrite: true
2026-10-09T04:59:57.2576428Z   retention-days: 30
2026-10-09T04:59:57.2576652Z   compression-level: 6
2026-10-09T04:59:57.2576893Z   include-hidden-files: false
2026-10-09T04:59:57.2577138Z   archive: true
2026-10-09T04:59:57.2577349Z ##[endgroup]
2026-10-09T04:59:57.4414648Z Multiple search paths detected. Calculating the least common ancestor of all paths
2026-10-09T04:59:57.4430889Z The least common ancestor is /home/runner/work/lean-bridge/lean-bridge/build. This will be the root directory of the artifact
2026-10-09T04:59:57.4432151Z With the provided path, there will be 66 files uploaded
2026-10-09T04:59:57.7111892Z Artifact name is valid!
2026-10-09T04:59:57.7112727Z Root directory input is valid!
2026-10-09T04:59:58.1073489Z Uploading artifact: type-corpus-perl-5.36.3-unthreaded-93c60a0487d0b2acc0b6d562cd72a3876738a666.zip
2026-10-09T04:59:58.1119822Z Beginning upload of artifact content to blob storage
2026-10-09T04:59:58.9697434Z Uploaded bytes 537828
2026-10-09T04:59:59.0428177Z Finished uploading artifact content to blob storage!
2026-10-09T04:59:59.0428953Z SHA256 digest of uploaded artifact is 936dd154382737ebc7e9148efbe65151f12dc3cbdfd9f3a1a07f334b49dcdc4c
2026-10-09T04:59:59.0429997Z Finalizing artifact upload
2026-10-09T04:59:59.4374703Z Artifact type-corpus-perl-5.36.3-unthreaded-93c60a0487d0b2acc0b6d562cd72a3876738a666 successfully finalized. Artifact ID 11596726119
2026-10-09T04:59:59.4376605Z Artifact type-corpus-perl-5.36.3-unthreaded-93c60a0487d0b2acc0b6d562cd72a3876738a666 has been successfully uploaded! Final size is 537828 bytes. Artifact ID is 11596726119
2026-10-09T04:59:59.4378767Z Artifact download URL: https://github.com/seanmorris/lean-bridge/actions/runs/37873560469/artifacts/11596726119
2026-10-09T04:59:59.4522934Z ##[group]Run actions/upload-artifact@v7
2026-10-09T04:59:59.4523254Z with:
2026-10-09T04:59:59.4523594Z   name: perl-abi-5.36.3-unthreaded-93c60a0487d0b2acc0b6d562cd72a3876738a666
2026-10-09T04:59:59.4524327Z   path: build/consumer-ci/perl/*/benchmark.json
build/consumer-ci/perl/*/acceptance.json
build/consumer-ci/perl/*/perl.json

2026-10-09T04:59:59.4524910Z   if-no-files-found: error
2026-10-09T04:59:59.4525155Z   overwrite: true
2026-10-09T04:59:59.4525380Z   compression-level: 6
2026-10-09T04:59:59.4525626Z   include-hidden-files: false
2026-10-09T04:59:59.4525881Z   archive: true
2026-10-09T04:59:59.4526104Z ##[endgroup]
2026-10-09T04:59:59.5943366Z With the provided path, there will be 3 files uploaded
2026-10-09T04:59:59.8562767Z Artifact name is valid!
2026-10-09T04:59:59.8563393Z Root directory input is valid!
2026-10-09T05:00:00.2402404Z Uploading artifact: perl-abi-5.36.3-unthreaded-93c60a0487d0b2acc0b6d562cd72a3876738a666.zip
2026-10-09T05:00:00.2447295Z Beginning upload of artifact content to blob storage
2026-10-09T05:00:00.5434390Z Uploaded bytes 2130
2026-10-09T05:00:00.6166651Z Finished uploading artifact content to blob storage!
2026-10-09T05:00:00.6168058Z SHA256 digest of uploaded artifact is 0f57a798687ee6652f84a0fe76be144d24dd5d81e4e65bcbc9b3d6ce02645bf2
2026-10-09T05:00:00.6169112Z Finalizing artifact upload
2026-10-09T05:00:01.0152257Z Artifact perl-abi-5.36.3-unthreaded-93c60a0487d0b2acc0b6d562cd72a3876738a666 successfully finalized. Artifact ID 11596721187
2026-10-09T05:00:01.0154832Z Artifact perl-abi-5.36.3-unthreaded-93c60a0487d0b2acc0b6d562cd72a3876738a666 has been successfully uploaded! Final size is 2130 bytes. Artifact ID is 11596721187
2026-10-09T05:00:01.0157548Z Artifact download URL: https://github.com/seanmorris/lean-bridge/actions/runs/37873560469/artifacts/11596721187
2026-10-09T05:00:01.0862933Z Post job cleanup.
2026-10-09T05:00:01.1993128Z Cache hit occurred on the primary key perl-abi-v2-Linux-5.36.3-unthreaded-2fc9758a07a5ff174c4ceb8537771405658ae8ed656706950f6fb2a457de42cc, not saving cache.
2026-10-09T05:00:01.1995015Z (node:715793) [DEP0040] DeprecationWarning: The `punycode` module is deprecated. Please use a userland alternative instead.
2026-10-09T05:00:01.1996776Z (Use `node --trace-deprecation ...` to show where the warning was created)
2026-10-09T05:00:01.2104420Z Post job cleanup.
2026-10-09T05:00:01.3410864Z Cache hit occurred on the primary key node-cache-Linux-x64-npm-26a2ea32ff9fbdbc806907cf3b846fc9f2d906ee6b040e7c2c0e2b49f755b41e, not saving cache.
2026-10-09T05:00:01.3556276Z Post job cleanup.
2026-10-09T05:00:01.4411828Z [command]/usr/bin/git version
2026-10-09T05:00:01.4456670Z git version 2.55.0
2026-10-09T05:00:01.4499507Z Temporarily overriding HOME='/home/runner/work/_temp/a5836666-8d1d-4e90-9803-63feb45dabc8' before making global git config changes
2026-10-09T05:00:01.4501094Z Adding repository directory to the temporary git global config as a safe directory
2026-10-09T05:00:01.4507163Z [command]/usr/bin/git config --global --add safe.directory /home/runner/work/lean-bridge/lean-bridge
2026-10-09T05:00:01.4540007Z Removing SSH command configuration
2026-10-09T05:00:01.4547149Z [command]/usr/bin/git config --local --name-only --get-regexp core\.sshCommand
2026-10-09T05:00:01.4583806Z [command]/usr/bin/git submodule foreach --recursive sh -c "git config --local --name-only --get-regexp 'core\.sshCommand' && git config --local --unset-all 'core.sshCommand' || :"
2026-10-09T05:00:01.4851363Z Removing HTTP extra header
2026-10-09T05:00:01.4857317Z [command]/usr/bin/git config --local --name-only --get-regexp http\.https\:\/\/github\.com\/\.extraheader
2026-10-09T05:00:01.4896960Z [command]/usr/bin/git submodule foreach --recursive sh -c "git config --local --name-only --get-regexp 'http\.https\:\/\/github\.com\/\.extraheader' && git config --local --unset-all 'http.https://github.com/.extraheader' || :"
2026-10-09T05:00:01.5187018Z Removing includeIf entries pointing to credentials config files
2026-10-09T05:00:01.5196281Z [command]/usr/bin/git config --local --name-only --get-regexp ^includeIf\.gitdir:
2026-10-09T05:00:01.5234594Z [command]/usr/bin/git submodule foreach --recursive git config --local --show-origin --name-only --get-regexp remote.origin.url
2026-10-09T05:00:01.5632897Z Cleaning up orphan processes
2026-10-09T05:00:01.5872796Z ##[warning]Node.js 20 is deprecated. The following actions target Node.js 20 but are being forced to run on Node.js 24: actions/cache@v4. For more information see: https://github.blog/changelog/2025-09-19-deprecation-of-node-20-on-github-actions-runners/
