2026-10-09T02:13:48.6863480Z Current runner version: '2.337.0'
2026-10-09T02:13:48.6887807Z ##[group]Runner Image Provisioner
2026-10-09T02:13:48.6888791Z Hosted Compute Agent
2026-10-09T02:13:48.6889399Z Version: 20261002.596
2026-10-09T02:13:48.6890114Z Commit: c3d12f3313a95f25162a1503be624f3b0617f8c0
2026-10-09T02:13:48.6890876Z Build Date: 2026-10-02T22:28:27Z
2026-10-09T02:13:48.6891590Z Worker ID: {0fd3bffe-7ece-426d-969f-d91281cf1b4e}
2026-10-09T02:13:48.6892389Z Region: westcentralus
2026-10-09T02:13:48.6893010Z Cloud: Azure
2026-10-09T02:13:48.6893609Z ##[endgroup]
2026-10-09T02:13:48.6895007Z ##[group]Operating System
2026-10-09T02:13:48.6895867Z Ubuntu
2026-10-09T02:13:48.6896482Z 24.04.5
2026-10-09T02:13:48.6896995Z LTS
2026-10-09T02:13:48.6897530Z ##[endgroup]
2026-10-09T02:13:48.6898139Z ##[group]Runner Image
2026-10-09T02:13:48.6898749Z Image: ubuntu-24.04
2026-10-09T02:13:48.6899347Z Version: 20261004.327.1
2026-10-09T02:13:48.6900721Z Included Software: https://github.com/actions/runner-images/blob/ubuntu24/20261004.327/images/ubuntu/Ubuntu2404-Readme.md
2026-10-09T02:13:48.6902402Z Image Release: https://github.com/actions/runner-images/releases/tag/ubuntu24%2F20261004.327
2026-10-09T02:13:48.6903403Z ##[endgroup]
2026-10-09T02:13:48.6904571Z ##[group]GITHUB_TOKEN Permissions
2026-10-09T02:13:48.6906794Z Contents: read
2026-10-09T02:13:48.6907559Z Metadata: read
2026-10-09T02:13:48.6908138Z ##[endgroup]
2026-10-09T02:13:48.6910126Z Secret source: Actions
2026-10-09T02:13:48.6911191Z Cache mode: write
2026-10-09T02:13:48.6911938Z Prepare workflow directory
2026-10-09T02:13:48.7309144Z Prepare all required actions
2026-10-09T02:13:48.7356989Z Getting action download info
2026-10-09T02:13:49.0929794Z Download action repository 'actions/checkout@v6' (SHA:d23441a48e516b6c34aea4fa41551a30e30af803)
2026-10-09T02:13:49.1939354Z Download action repository 'actions/setup-node@v6' (SHA:249970729cb0ef3589644e2896645e5dc5ba9c38)
2026-10-09T02:13:49.2830775Z Download action repository 'cachix/install-nix-action@v31' (SHA:13d8dd58da0234aa297dedd986986ccb8e7f3e24)
2026-10-09T02:13:49.5162267Z Download action repository 'actions/setup-dotnet@v6' (SHA:a98b56852c35b8e3190ac28c8c2271da59106c68)
2026-10-09T02:13:50.3372086Z Download action repository 'ruby/setup-ruby@v1' (SHA:14594264cd68ce8a2345dd349bc3d138a4ef85c8)
2026-10-09T02:13:50.8210525Z Download action repository 'actions/upload-artifact@v7' (SHA:cf430e030ddbb5b0abf93d22962f4752f3646cd9)
2026-10-09T02:13:51.5207684Z Download action repository 'actions/setup-java@v4' (SHA:cf277c60eb25467037889841efdb72551f06f6c3)
2026-10-09T02:13:52.4519864Z Complete job name: Managed consumer (jvm)
2026-10-09T02:13:52.5300473Z ##[group]Run actions/checkout@v6
2026-10-09T02:13:52.5301059Z with:
2026-10-09T02:13:52.5301276Z   fetch-depth: 0
2026-10-09T02:13:52.5301516Z   persist-credentials: false
2026-10-09T02:13:52.5301795Z   repository: seanmorris/lean-bridge
2026-10-09T02:13:52.5304369Z   token: ***
2026-10-09T02:13:52.5304582Z   ssh-strict: true
2026-10-09T02:13:52.5304794Z   ssh-user: git
2026-10-09T02:13:52.5305004Z   clean: true
2026-10-09T02:13:52.5305441Z   sparse-checkout-cone-mode: true
2026-10-09T02:13:52.5305714Z   fetch-tags: false
2026-10-09T02:13:52.5305941Z   show-progress: true
2026-10-09T02:13:52.5306152Z   lfs: false
2026-10-09T02:13:52.5306339Z   submodules: false
2026-10-09T02:13:52.5306547Z   set-safe-directory: true
2026-10-09T02:13:52.5306792Z   allow-unsafe-pr-checkout: false
2026-10-09T02:13:52.5307277Z env:
2026-10-09T02:13:52.5307475Z   NODE_VERSION: 22
2026-10-09T02:13:52.5307797Z   LEAN_BRIDGE_CONSUMER_PERFORMANCE_DIR: build/consumer-ci/performance
2026-10-09T02:13:52.5308199Z ##[endgroup]
2026-10-09T02:13:52.6310430Z Syncing repository: seanmorris/lean-bridge
2026-10-09T02:13:52.6311846Z ##[group]Getting Git version info
2026-10-09T02:13:52.6312576Z Working directory is '/home/runner/work/lean-bridge/lean-bridge'
2026-10-09T02:13:52.6313220Z [command]/usr/bin/git version
2026-10-09T02:13:52.6377517Z git version 2.55.0
2026-10-09T02:13:52.6401508Z ##[endgroup]
2026-10-09T02:13:52.6417316Z Temporarily overriding HOME='/home/runner/work/_temp/73934d7f-55f2-4bdd-9a17-6240d3af454d' before making global git config changes
2026-10-09T02:13:52.6418715Z Adding repository directory to the temporary git global config as a safe directory
2026-10-09T02:13:52.6436068Z [command]/usr/bin/git config --global --add safe.directory /home/runner/work/lean-bridge/lean-bridge
2026-10-09T02:13:52.6477500Z Deleting the contents of '/home/runner/work/lean-bridge/lean-bridge'
2026-10-09T02:13:52.6482511Z ##[group]Determining repository object format
2026-10-09T02:13:52.6484667Z ##[endgroup]
2026-10-09T02:13:52.6485353Z ##[group]Initializing the repository
2026-10-09T02:13:52.6490179Z [command]/usr/bin/git init /home/runner/work/lean-bridge/lean-bridge
2026-10-09T02:13:52.6657908Z hint: Using 'master' as the name for the initial branch. This default branch name
2026-10-09T02:13:52.6659011Z hint: will change to "main" in Git 3.0. To configure the initial branch name
2026-10-09T02:13:52.6665401Z hint: to use in all of your new repositories, which will suppress this warning,
2026-10-09T02:13:52.6666570Z hint: call:
2026-10-09T02:13:52.6667196Z hint:
2026-10-09T02:13:52.6667989Z hint: 	git config --global init.defaultBranch <name>
2026-10-09T02:13:52.6668926Z hint:
2026-10-09T02:13:52.6669756Z hint: Names commonly chosen instead of 'master' are 'main', 'trunk' and
2026-10-09T02:13:52.6671051Z hint: 'development'. The just-created branch can be renamed via this command:
2026-10-09T02:13:52.6672004Z hint:
2026-10-09T02:13:52.6672542Z hint: 	git branch -m <name>
2026-10-09T02:13:52.6673189Z hint:
2026-10-09T02:13:52.6673948Z hint: Disable this message with "git config set advice.defaultBranchName false"
2026-10-09T02:13:52.6675535Z Initialized empty Git repository in /home/runner/work/lean-bridge/lean-bridge/.git/
2026-10-09T02:13:52.6679361Z [command]/usr/bin/git remote add origin https://github.com/seanmorris/lean-bridge
2026-10-09T02:13:52.6724998Z ##[endgroup]
2026-10-09T02:13:52.6725930Z ##[group]Disabling automatic garbage collection
2026-10-09T02:13:52.6729587Z [command]/usr/bin/git config --local gc.auto 0
2026-10-09T02:13:52.6760865Z ##[endgroup]
2026-10-09T02:13:52.6761526Z ##[group]Setting up auth
2026-10-09T02:13:52.6762472Z Removing SSH command configuration
2026-10-09T02:13:52.6769404Z [command]/usr/bin/git config --local --name-only --get-regexp core\.sshCommand
2026-10-09T02:13:52.6801531Z [command]/usr/bin/git submodule foreach --recursive sh -c "git config --local --name-only --get-regexp 'core\.sshCommand' && git config --local --unset-all 'core.sshCommand' || :"
2026-10-09T02:13:52.7146320Z Removing HTTP extra header
2026-10-09T02:13:52.7148017Z [command]/usr/bin/git config --local --name-only --get-regexp http\.https\:\/\/github\.com\/\.extraheader
2026-10-09T02:13:52.7185544Z [command]/usr/bin/git submodule foreach --recursive sh -c "git config --local --name-only --get-regexp 'http\.https\:\/\/github\.com\/\.extraheader' && git config --local --unset-all 'http.https://github.com/.extraheader' || :"
2026-10-09T02:13:52.7432358Z Removing includeIf entries pointing to credentials config files
2026-10-09T02:13:52.7440099Z [command]/usr/bin/git config --local --name-only --get-regexp ^includeIf\.gitdir:
2026-10-09T02:13:52.7481443Z [command]/usr/bin/git submodule foreach --recursive git config --local --show-origin --name-only --get-regexp remote.origin.url
2026-10-09T02:13:52.7727362Z [command]/usr/bin/git config --file /home/runner/work/_temp/git-credentials-f23dd1a4-4d1b-4cb0-9036-047a7564cbab.config http.https://github.com/.extraheader AUTHORIZATION: basic ***
2026-10-09T02:13:52.7773708Z [command]/usr/bin/git config --local includeIf.gitdir:/home/runner/work/lean-bridge/lean-bridge/.git.path /home/runner/work/_temp/git-credentials-f23dd1a4-4d1b-4cb0-9036-047a7564cbab.config
2026-10-09T02:13:52.7815807Z [command]/usr/bin/git config --local includeIf.gitdir:/home/runner/work/lean-bridge/lean-bridge/.git/worktrees/*.path /home/runner/work/_temp/git-credentials-f23dd1a4-4d1b-4cb0-9036-047a7564cbab.config
2026-10-09T02:13:52.7868250Z [command]/usr/bin/git config --local includeIf.gitdir:/github/workspace/.git.path /github/runner_temp/git-credentials-f23dd1a4-4d1b-4cb0-9036-047a7564cbab.config
2026-10-09T02:13:52.7905831Z [command]/usr/bin/git config --local includeIf.gitdir:/github/workspace/.git/worktrees/*.path /github/runner_temp/git-credentials-f23dd1a4-4d1b-4cb0-9036-047a7564cbab.config
2026-10-09T02:13:52.7936044Z ##[endgroup]
2026-10-09T02:13:52.7936683Z ##[group]Fetching the repository
2026-10-09T02:13:52.7944379Z [command]/usr/bin/git -c protocol.version=2 fetch --no-tags --prune --no-recurse-submodules origin +refs/heads/*:refs/remotes/origin/* +refs/tags/*:refs/tags/*
2026-10-09T02:14:02.8019894Z From https://github.com/seanmorris/lean-bridge
2026-10-09T02:14:02.8021613Z  * [new branch]        agent/authenticate-release-archives -> origin/agent/authenticate-release-archives
2026-10-09T02:14:02.8022697Z  * [new branch]        agent/callback-fin-vo1220 -> origin/agent/callback-fin-vo1220
2026-10-09T02:14:02.8023793Z  * [new branch]        agent/generic-refinements-vo1220 -> origin/agent/generic-refinements-vo1220
2026-10-09T02:14:02.8024864Z  * [new branch]        agent/nominal-fin-vo1220 -> origin/agent/nominal-fin-vo1220
2026-10-09T02:14:02.8026503Z  * [new branch]        agent/wp14-target-expansion -> origin/agent/wp14-target-expansion
2026-10-09T02:14:02.8027742Z  * [new branch]        backup/20261002-dotnet-callback-results -> origin/backup/20261002-dotnet-callback-results
2026-10-09T02:14:02.8029178Z  * [new branch]        backup/20261002-historical-closure-fix -> origin/backup/20261002-historical-closure-fix
2026-10-09T02:14:02.8030555Z  * [new branch]        backup/20261002-historical-jvm-repair -> origin/backup/20261002-historical-jvm-repair
2026-10-09T02:14:02.8031951Z  * [new branch]        backup/20261002-historical-jvm-worktree -> origin/backup/20261002-historical-jvm-worktree
2026-10-09T02:14:02.8033293Z  * [new branch]        backup/20261002-jvm-callback-results -> origin/backup/20261002-jvm-callback-results
2026-10-09T02:14:02.8034614Z  * [new branch]        backup/20261002-ruby-callback-results -> origin/backup/20261002-ruby-callback-results
2026-10-09T02:14:02.8036294Z  * [new branch]        backup/20261003-perl-callback-acceptance -> origin/backup/20261003-perl-callback-acceptance
2026-10-09T02:14:02.8037672Z  * [new branch]        backup/20261003-perl-callback-results -> origin/backup/20261003-perl-callback-results
2026-10-09T02:14:02.8039025Z  * [new branch]        backup/20261003-perl-callback-runtime -> origin/backup/20261003-perl-callback-runtime
2026-10-09T02:14:02.8040820Z  * [new branch]        backup/20261003-perl-callback-safety -> origin/backup/20261003-perl-callback-safety
2026-10-09T02:14:02.8042388Z  * [new branch]        backup/20261003-perl-callback-variant-freeze -> origin/backup/20261003-perl-callback-variant-freeze
2026-10-09T02:14:02.8043909Z  * [new branch]        backup/20261003-perl-callback-variants -> origin/backup/20261003-perl-callback-variants
2026-10-09T02:14:02.8046092Z  * [new branch]        backup/20261003-php-callback-acceptance-history -> origin/backup/20261003-php-callback-acceptance-history
2026-10-09T02:14:02.8047734Z  * [new branch]        backup/20261003-php-callback-generator -> origin/backup/20261003-php-callback-generator
2026-10-09T02:14:02.8049326Z  * [new branch]        backup/20261003-php-callback-installed-staging -> origin/backup/20261003-php-callback-installed-staging
2026-10-09T02:14:02.8050886Z  * [new branch]        backup/20261003-php-callback-runtime -> origin/backup/20261003-php-callback-runtime
2026-10-09T02:14:02.8052373Z  * [new branch]        backup/20261003-php-wasm-callback-results -> origin/backup/20261003-php-wasm-callback-results
2026-10-09T02:14:02.8054157Z  * [new branch]        backup/20261003-wit-callback-acceptance -> origin/backup/20261003-wit-callback-acceptance
2026-10-09T02:14:02.8055885Z  * [new branch]        backup/20261003-wit-callback-generator -> origin/backup/20261003-wit-callback-generator
2026-10-09T02:14:02.8057327Z  * [new branch]        backup/20261003-wit-callback-installed -> origin/backup/20261003-wit-callback-installed
2026-10-09T02:14:02.8059354Z  * [new branch]        backup/20261003-wit-callback-installed-acceptance -> origin/backup/20261003-wit-callback-installed-acceptance
2026-10-09T02:14:02.8060919Z  * [new branch]        backup/20261003-wit-callback-runtime -> origin/backup/20261003-wit-callback-runtime
2026-10-09T02:14:02.8062101Z  * [new branch]        chore/enforce-js-style -> origin/chore/enforce-js-style
2026-10-09T02:14:02.8063079Z  * [new branch]        master                 -> origin/master
2026-10-09T02:14:02.8065330Z [command]/usr/bin/git branch --list --remote origin/agent/generic-refinements-vo1220
2026-10-09T02:14:02.8087866Z   origin/agent/generic-refinements-vo1220
2026-10-09T02:14:02.8089506Z [command]/usr/bin/git rev-parse refs/remotes/origin/agent/generic-refinements-vo1220
2026-10-09T02:14:02.8116020Z 93c60a0487d0b2acc0b6d562cd72a3876738a666
2026-10-09T02:14:02.8120807Z ##[endgroup]
2026-10-09T02:14:02.8121276Z ##[group]Determining the checkout info
2026-10-09T02:14:02.8122184Z ##[endgroup]
2026-10-09T02:14:02.8128738Z [command]/usr/bin/git sparse-checkout disable
2026-10-09T02:14:02.8179248Z [command]/usr/bin/git config --local --unset-all extensions.worktreeConfig
2026-10-09T02:14:02.8210510Z ##[group]Checking out the ref
2026-10-09T02:14:02.8214863Z [command]/usr/bin/git checkout --progress --force -B agent/generic-refinements-vo1220 refs/remotes/origin/agent/generic-refinements-vo1220
2026-10-09T02:14:03.8365552Z Updating files:  39% (2512/6400)
2026-10-09T02:14:03.8415369Z Updating files:  40% (2560/6400)
2026-10-09T02:14:03.8466646Z Updating files:  41% (2624/6400)
2026-10-09T02:14:03.8517337Z Updating files:  42% (2688/6400)
2026-10-09T02:14:03.8567819Z Updating files:  43% (2752/6400)
2026-10-09T02:14:03.8616299Z Updating files:  44% (2816/6400)
2026-10-09T02:14:03.8663021Z Updating files:  45% (2880/6400)
2026-10-09T02:14:03.8716275Z Updating files:  46% (2944/6400)
2026-10-09T02:14:03.8770521Z Updating files:  47% (3008/6400)
2026-10-09T02:14:03.8824489Z Updating files:  48% (3072/6400)
2026-10-09T02:14:03.8874070Z Updating files:  49% (3136/6400)
2026-10-09T02:14:03.8916411Z Updating files:  50% (3200/6400)
2026-10-09T02:14:03.8954687Z Updating files:  51% (3264/6400)
2026-10-09T02:14:03.8992471Z Updating files:  52% (3328/6400)
2026-10-09T02:14:03.9026385Z Updating files:  53% (3392/6400)
2026-10-09T02:14:03.9063385Z Updating files:  54% (3456/6400)
2026-10-09T02:14:03.9092935Z Updating files:  55% (3520/6400)
2026-10-09T02:14:03.9118009Z Updating files:  56% (3584/6400)
2026-10-09T02:14:03.9146156Z Updating files:  57% (3648/6400)
2026-10-09T02:14:03.9173912Z Updating files:  58% (3712/6400)
2026-10-09T02:14:03.9208855Z Updating files:  59% (3776/6400)
2026-10-09T02:14:03.9250867Z Updating files:  60% (3840/6400)
2026-10-09T02:14:03.9293484Z Updating files:  61% (3904/6400)
2026-10-09T02:14:03.9337337Z Updating files:  62% (3968/6400)
2026-10-09T02:14:03.9376938Z Updating files:  63% (4032/6400)
2026-10-09T02:14:03.9416052Z Updating files:  64% (4096/6400)
2026-10-09T02:14:03.9450716Z Updating files:  65% (4160/6400)
2026-10-09T02:14:03.9493526Z Updating files:  66% (4224/6400)
2026-10-09T02:14:03.9531877Z Updating files:  67% (4288/6400)
2026-10-09T02:14:03.9571406Z Updating files:  68% (4352/6400)
2026-10-09T02:14:03.9608731Z Updating files:  69% (4416/6400)
2026-10-09T02:14:03.9646564Z Updating files:  70% (4480/6400)
2026-10-09T02:14:03.9686098Z Updating files:  71% (4544/6400)
2026-10-09T02:14:03.9722892Z Updating files:  72% (4608/6400)
2026-10-09T02:14:03.9774604Z Updating files:  73% (4672/6400)
2026-10-09T02:14:03.9819270Z Updating files:  74% (4736/6400)
2026-10-09T02:14:03.9869692Z Updating files:  75% (4800/6400)
2026-10-09T02:14:03.9914324Z Updating files:  76% (4864/6400)
2026-10-09T02:14:03.9956781Z Updating files:  77% (4928/6400)
2026-10-09T02:14:03.9994059Z Updating files:  78% (4992/6400)
2026-10-09T02:14:04.0034120Z Updating files:  79% (5056/6400)
2026-10-09T02:14:04.0074308Z Updating files:  80% (5120/6400)
2026-10-09T02:14:04.0111479Z Updating files:  81% (5184/6400)
2026-10-09T02:14:04.0144639Z Updating files:  82% (5248/6400)
2026-10-09T02:14:04.0177853Z Updating files:  83% (5312/6400)
2026-10-09T02:14:04.0213063Z Updating files:  84% (5376/6400)
2026-10-09T02:14:04.0259373Z Updating files:  85% (5440/6400)
2026-10-09T02:14:04.0299801Z Updating files:  86% (5504/6400)
2026-10-09T02:14:04.0345266Z Updating files:  87% (5568/6400)
2026-10-09T02:14:04.0401219Z Updating files:  88% (5632/6400)
2026-10-09T02:14:04.0449662Z Updating files:  89% (5696/6400)
2026-10-09T02:14:04.0494079Z Updating files:  90% (5760/6400)
2026-10-09T02:14:04.0534181Z Updating files:  91% (5824/6400)
2026-10-09T02:14:04.0575484Z Updating files:  92% (5888/6400)
2026-10-09T02:14:04.0614140Z Updating files:  93% (5952/6400)
2026-10-09T02:14:04.0655151Z Updating files:  94% (6016/6400)
2026-10-09T02:14:04.0702610Z Updating files:  95% (6080/6400)
2026-10-09T02:14:04.0743945Z Updating files:  96% (6144/6400)
2026-10-09T02:14:04.0783889Z Updating files:  97% (6208/6400)
2026-10-09T02:14:04.0827608Z Updating files:  98% (6272/6400)
2026-10-09T02:14:04.0867642Z Updating files:  99% (6336/6400)
2026-10-09T02:14:04.0868262Z Updating files: 100% (6400/6400)
2026-10-09T02:14:04.0868816Z Updating files: 100% (6400/6400), done.
2026-10-09T02:14:04.0941148Z Switched to a new branch 'agent/generic-refinements-vo1220'
2026-10-09T02:14:04.0947032Z branch 'agent/generic-refinements-vo1220' set up to track 'origin/agent/generic-refinements-vo1220'.
2026-10-09T02:14:04.1012875Z ##[endgroup]
2026-10-09T02:14:04.1059663Z [command]/usr/bin/git log -1 --format=%H
2026-10-09T02:14:04.1089154Z 93c60a0487d0b2acc0b6d562cd72a3876738a666
2026-10-09T02:14:04.1098898Z ##[group]Removing auth
2026-10-09T02:14:04.1099381Z Removing SSH command configuration
2026-10-09T02:14:04.1104432Z [command]/usr/bin/git config --local --name-only --get-regexp core\.sshCommand
2026-10-09T02:14:04.1138598Z [command]/usr/bin/git submodule foreach --recursive sh -c "git config --local --name-only --get-regexp 'core\.sshCommand' && git config --local --unset-all 'core.sshCommand' || :"
2026-10-09T02:14:04.1365604Z Removing HTTP extra header
2026-10-09T02:14:04.1370419Z [command]/usr/bin/git config --local --name-only --get-regexp http\.https\:\/\/github\.com\/\.extraheader
2026-10-09T02:14:04.1405428Z [command]/usr/bin/git submodule foreach --recursive sh -c "git config --local --name-only --get-regexp 'http\.https\:\/\/github\.com\/\.extraheader' && git config --local --unset-all 'http.https://github.com/.extraheader' || :"
2026-10-09T02:14:04.1629185Z Removing includeIf entries pointing to credentials config files
2026-10-09T02:14:04.1632974Z [command]/usr/bin/git config --local --name-only --get-regexp ^includeIf\.gitdir:
2026-10-09T02:14:04.1662296Z includeif.gitdir:/home/runner/work/lean-bridge/lean-bridge/.git.path
2026-10-09T02:14:04.1663529Z includeif.gitdir:/home/runner/work/lean-bridge/lean-bridge/.git/worktrees/*.path
2026-10-09T02:14:04.1664691Z includeif.gitdir:/github/workspace/.git.path
2026-10-09T02:14:04.1667029Z includeif.gitdir:/github/workspace/.git/worktrees/*.path
2026-10-09T02:14:04.1673056Z [command]/usr/bin/git config --local --get-all includeif.gitdir:/home/runner/work/lean-bridge/lean-bridge/.git.path
2026-10-09T02:14:04.1704032Z /home/runner/work/_temp/git-credentials-f23dd1a4-4d1b-4cb0-9036-047a7564cbab.config
2026-10-09T02:14:04.1719104Z [command]/usr/bin/git config --local --unset includeif.gitdir:/home/runner/work/lean-bridge/lean-bridge/.git.path /home/runner/work/_temp/git-credentials-f23dd1a4-4d1b-4cb0-9036-047a7564cbab.config
2026-10-09T02:14:04.1757112Z [command]/usr/bin/git config --local --get-all includeif.gitdir:/home/runner/work/lean-bridge/lean-bridge/.git/worktrees/*.path
2026-10-09T02:14:04.1790156Z /home/runner/work/_temp/git-credentials-f23dd1a4-4d1b-4cb0-9036-047a7564cbab.config
2026-10-09T02:14:04.1799578Z [command]/usr/bin/git config --local --unset includeif.gitdir:/home/runner/work/lean-bridge/lean-bridge/.git/worktrees/*.path /home/runner/work/_temp/git-credentials-f23dd1a4-4d1b-4cb0-9036-047a7564cbab.config
2026-10-09T02:14:04.1834312Z [command]/usr/bin/git config --local --get-all includeif.gitdir:/github/workspace/.git.path
2026-10-09T02:14:04.1859467Z /github/runner_temp/git-credentials-f23dd1a4-4d1b-4cb0-9036-047a7564cbab.config
2026-10-09T02:14:04.1868796Z [command]/usr/bin/git config --local --unset includeif.gitdir:/github/workspace/.git.path /github/runner_temp/git-credentials-f23dd1a4-4d1b-4cb0-9036-047a7564cbab.config
2026-10-09T02:14:04.1902152Z [command]/usr/bin/git config --local --get-all includeif.gitdir:/github/workspace/.git/worktrees/*.path
2026-10-09T02:14:04.1926680Z /github/runner_temp/git-credentials-f23dd1a4-4d1b-4cb0-9036-047a7564cbab.config
2026-10-09T02:14:04.1934601Z [command]/usr/bin/git config --local --unset includeif.gitdir:/github/workspace/.git/worktrees/*.path /github/runner_temp/git-credentials-f23dd1a4-4d1b-4cb0-9036-047a7564cbab.config
2026-10-09T02:14:04.1970303Z [command]/usr/bin/git submodule foreach --recursive git config --local --show-origin --name-only --get-regexp remote.origin.url
2026-10-09T02:14:04.2191902Z Removing credentials config '/home/runner/work/_temp/git-credentials-f23dd1a4-4d1b-4cb0-9036-047a7564cbab.config'
2026-10-09T02:14:04.2200142Z ##[endgroup]
2026-10-09T02:14:04.2445468Z ##[group]Run actions/setup-node@v6
2026-10-09T02:14:04.2445774Z with:
2026-10-09T02:14:04.2445976Z   node-version: 22
2026-10-09T02:14:04.2446185Z   cache: npm
2026-10-09T02:14:04.2446385Z   check-latest: false
2026-10-09T02:14:04.2448879Z   token: ***
2026-10-09T02:14:04.2449113Z   package-manager-cache: true
2026-10-09T02:14:04.2449360Z env:
2026-10-09T02:14:04.2449547Z   NODE_VERSION: 22
2026-10-09T02:14:04.2449925Z   LEAN_BRIDGE_CONSUMER_PERFORMANCE_DIR: build/consumer-ci/performance
2026-10-09T02:14:04.2450326Z ##[endgroup]
2026-10-09T02:14:04.3773374Z Found in cache @ /opt/hostedtoolcache/node/22.23.3/x64
2026-10-09T02:14:04.3776731Z ##[group]Environment details
2026-10-09T02:14:04.7361854Z node: v22.23.3
2026-10-09T02:14:04.7362673Z npm: 10.9.9
2026-10-09T02:14:04.7363253Z yarn: 1.22.22
2026-10-09T02:14:04.7364527Z ##[endgroup]
2026-10-09T02:14:04.7386396Z [command]/opt/hostedtoolcache/node/22.23.3/x64/bin/npm config get cache
2026-10-09T02:14:04.8459292Z /home/runner/.npm
2026-10-09T02:14:05.0287592Z Cache hit for: node-cache-Linux-x64-npm-26a2ea32ff9fbdbc806907cf3b846fc9f2d906ee6b040e7c2c0e2b49f755b41e
2026-10-09T02:14:06.2440638Z Received 55090959 of 55090959 (100.0%), 52.4 MBs/sec
2026-10-09T02:14:06.2441853Z Cache Size: ~53 MB (55090959 B)
2026-10-09T02:14:06.2479812Z [command]/usr/bin/tar -xf /home/runner/work/_temp/f59ce715-908a-4e9d-b3b3-b4685ab97e0b/cache.tzst -P -C /home/runner/work/lean-bridge/lean-bridge --use-compress-program unzstd
2026-10-09T02:14:06.4229067Z Cache restored successfully
2026-10-09T02:14:06.4261254Z Cache restored from key: node-cache-Linux-x64-npm-26a2ea32ff9fbdbc806907cf3b846fc9f2d906ee6b040e7c2c0e2b49f755b41e
2026-10-09T02:14:06.4452155Z ##[group]Run cachix/install-nix-action@v31
2026-10-09T02:14:06.4452500Z with:
2026-10-09T02:14:06.4452702Z   enable_kvm: true
2026-10-09T02:14:06.4452927Z   set_as_trusted_user: true
2026-10-09T02:14:06.4453168Z env:
2026-10-09T02:14:06.4453350Z   NODE_VERSION: 22
2026-10-09T02:14:06.4453672Z   LEAN_BRIDGE_CONSUMER_PERFORMANCE_DIR: build/consumer-ci/performance
2026-10-09T02:14:06.4454049Z ##[endgroup]
2026-10-09T02:14:06.4511477Z ##[start-action display=Run ${GITHUB_ACTION_PATH}/install-nix.sh;id=__cachix_install-nix-action.__run]
2026-10-09T02:14:06.4546760Z ##[group]Run ${GITHUB_ACTION_PATH}/install-nix.sh
2026-10-09T02:14:06.4547187Z [36;1m${GITHUB_ACTION_PATH}/install-nix.sh[0m
2026-10-09T02:14:06.4787236Z shell: /usr/bin/bash --noprofile --norc -e -o pipefail {0}
2026-10-09T02:14:06.4787599Z env:
2026-10-09T02:14:06.4787791Z   NODE_VERSION: 22
2026-10-09T02:14:06.4788120Z   LEAN_BRIDGE_CONSUMER_PERFORMANCE_DIR: build/consumer-ci/performance
2026-10-09T02:14:06.4788565Z   INPUT_EXTRA_NIX_CONFIG: 
2026-10-09T02:14:06.4789019Z   INPUT_GITHUB_ACCESS_TOKEN: 
2026-10-09T02:14:06.4789270Z   INPUT_INSTALL_OPTIONS: 
2026-10-09T02:14:06.4789498Z   INPUT_INSTALL_URL: 
2026-10-09T02:14:06.4789719Z   INPUT_NIX_PATH: 
2026-10-09T02:14:06.4789930Z   INPUT_ENABLE_KVM: true
2026-10-09T02:14:06.4790169Z   INPUT_SET_AS_TRUSTED_USER: true
2026-10-09T02:14:06.4792796Z   GITHUB_TOKEN: ***
2026-10-09T02:14:06.4793020Z ##[endgroup]
2026-10-09T02:14:06.4919005Z ##[group]Enabling KVM support
2026-10-09T02:14:06.4990181Z KERNEL=="kvm", GROUP="kvm", MODE="0666", OPTIONS+="static_node=kvm"
2026-10-09T02:14:06.5291551Z Enabled KVM
2026-10-09T02:14:06.5292526Z ##[endgroup]
2026-10-09T02:14:06.5293431Z ##[group]Installing Nix
2026-10-09T02:14:06.5578776Z installer options: --no-channel-add --nix-extra-conf-file /tmp/tmp.BvjBrgS70G/nix.conf --daemon --daemon-user-count 8
2026-10-09T02:14:06.5864035Z * Host releases.nixos.org:443 was resolved.
2026-10-09T02:14:06.5864583Z * IPv6: 2a04:4e42:26::347
2026-10-09T02:14:06.5864875Z * IPv4: 146.75.105.91
2026-10-09T02:14:06.5865552Z *   Trying 146.75.105.91:443...
2026-10-09T02:14:06.6037473Z * Connected to releases.nixos.org (146.75.105.91) port 443
2026-10-09T02:14:06.6052841Z * ALPN: curl offers h2,http/1.1
2026-10-09T02:14:06.6054488Z } [5 bytes data]
2026-10-09T02:14:06.6055060Z * TLSv1.3 (OUT), TLS handshake, Client hello (1):
2026-10-09T02:14:06.6055705Z } [512 bytes data]
2026-10-09T02:14:06.6227024Z *  CAfile: /etc/ssl/certs/ca-certificates.crt
2026-10-09T02:14:06.6227617Z *  CApath: /etc/ssl/certs
2026-10-09T02:14:06.6286941Z { [5 bytes data]
2026-10-09T02:14:06.6287608Z * TLSv1.3 (IN), TLS handshake, Server hello (2):
2026-10-09T02:14:06.6288310Z { [122 bytes data]
2026-10-09T02:14:06.6289183Z * TLSv1.3 (IN), TLS handshake, Encrypted Extensions (8):
2026-10-09T02:14:06.6289811Z { [19 bytes data]
2026-10-09T02:14:06.6290476Z * TLSv1.3 (IN), TLS handshake, Certificate (11):
2026-10-09T02:14:06.6291105Z { [4081 bytes data]
2026-10-09T02:14:06.6301349Z * TLSv1.3 (IN), TLS handshake, CERT verify (15):
2026-10-09T02:14:06.6301988Z { [264 bytes data]
2026-10-09T02:14:06.6302531Z * TLSv1.3 (IN), TLS handshake, Finished (20):
2026-10-09T02:14:06.6303073Z { [36 bytes data]
2026-10-09T02:14:06.6303711Z * TLSv1.3 (OUT), TLS change cipher, Change cipher spec (1):
2026-10-09T02:14:06.6304350Z } [1 bytes data]
2026-10-09T02:14:06.6304905Z * TLSv1.3 (OUT), TLS handshake, Finished (20):
2026-10-09T02:14:06.6305690Z } [36 bytes data]
2026-10-09T02:14:06.6306469Z * SSL connection using TLSv1.3 / TLS_AES_128_GCM_SHA256 / X25519 / RSASSA-PSS
2026-10-09T02:14:06.6307234Z * ALPN: server accepted h2
2026-10-09T02:14:06.6307707Z * Server certificate:
2026-10-09T02:14:06.6308264Z *  subject: CN=releases.nixos.org
2026-10-09T02:14:06.6308891Z *  start date: Sep  9 22:18:06 2026 GMT
2026-10-09T02:14:06.6309511Z *  expire date: Dec  8 22:18:05 2026 GMT
2026-10-09T02:14:06.6310455Z *  subjectAltName: host "releases.nixos.org" matched cert's "releases.nixos.org"
2026-10-09T02:14:06.6311686Z *  issuer: C=US; O=Let's Encrypt; CN=YR1
2026-10-09T02:14:06.6312322Z *  SSL certificate verify ok.
2026-10-09T02:14:06.6313426Z *   Certificate level 0: Public key type RSA (2048/112 Bits/secBits), signed using sha256WithRSAEncryption
2026-10-09T02:14:06.6314923Z *   Certificate level 1: Public key type RSA (2048/112 Bits/secBits), signed using sha256WithRSAEncryption
2026-10-09T02:14:06.6316859Z *   Certificate level 2: Public key type RSA (4096/152 Bits/secBits), signed using sha256WithRSAEncryption
2026-10-09T02:14:06.6317843Z *   Certificate level 3: Public key type RSA (4096/152 Bits/secBits), signed using sha256WithRSAEncryption
2026-10-09T02:14:06.6318352Z { [5 bytes data]
2026-10-09T02:14:06.6318737Z * TLSv1.3 (IN), TLS handshake, Newsession Ticket (4):
2026-10-09T02:14:06.6319091Z { [201 bytes data]
2026-10-09T02:14:06.6319312Z * using HTTP/2
2026-10-09T02:14:06.6319777Z * [HTTP/2] [1] OPENED stream for https://releases.nixos.org/nix/nix-2.35.2/install
2026-10-09T02:14:06.6320255Z * [HTTP/2] [1] [:method: GET]
2026-10-09T02:14:06.6320558Z * [HTTP/2] [1] [:scheme: https]
2026-10-09T02:14:06.6321110Z * [HTTP/2] [1] [:authority: releases.nixos.org]
2026-10-09T02:14:06.6321506Z * [HTTP/2] [1] [:path: /nix/nix-2.35.2/install]
2026-10-09T02:14:06.6321864Z * [HTTP/2] [1] [user-agent: curl/8.5.0]
2026-10-09T02:14:06.6322166Z * [HTTP/2] [1] [accept: */*]
2026-10-09T02:14:06.6322411Z } [5 bytes data]
2026-10-09T02:14:06.6322679Z > GET /nix/nix-2.35.2/install HTTP/2
2026-10-09T02:14:06.6322977Z > Host: releases.nixos.org
2026-10-09T02:14:06.6323243Z > User-Agent: curl/8.5.0
2026-10-09T02:14:06.6323493Z > Accept: */*
2026-10-09T02:14:06.6323695Z > 
2026-10-09T02:14:06.6482529Z { [5 bytes data]
2026-10-09T02:14:06.6503880Z < HTTP/2 200 
2026-10-09T02:14:06.6504637Z < last-modified: Wed, 12 Aug 2026 22:06:45 GMT
2026-10-09T02:14:06.6505963Z < etag: "9f08ad80caddcb58f53e8551ff155b13"
2026-10-09T02:14:06.6506789Z < x-amz-server-side-encryption: AES256
2026-10-09T02:14:06.6507473Z < content-type: text/plain
2026-10-09T02:14:06.6508029Z < server: AmazonS3
2026-10-09T02:14:06.6508582Z < via: 1.1 varnish, 1.1 varnish
2026-10-09T02:14:06.6509246Z < access-control-allow-origin: *
2026-10-09T02:14:06.6509854Z < accept-ranges: bytes
2026-10-09T02:14:06.6510461Z < date: Fri, 09 Oct 2026 02:14:06 GMT
2026-10-09T02:14:06.6511029Z < age: 80390
2026-10-09T02:14:06.6511790Z < x-served-by: cache-dub4323-DUB, cache-dfw-kdfw8210068-DFW
2026-10-09T02:14:06.6512597Z < x-cache: MISS, HIT
2026-10-09T02:14:06.6513111Z < x-cache-hits: 0, 10
2026-10-09T02:14:06.6513635Z < content-length: 4499
2026-10-09T02:14:06.6514106Z < 
2026-10-09T02:14:06.6514529Z { [4499 bytes data]
2026-10-09T02:14:06.6515477Z * Connection #0 to host releases.nixos.org left intact
2026-10-09T02:14:06.6575335Z downloading Nix 2.35.2 binary tarball for x86_64-linux from 'https://releases.nixos.org/nix/nix-2.35.2/nix-2.35.2-x86_64-linux.tar.xz' to '/tmp/nix-binary-tarball-unpack.fdR8aB2Wpq'...
2026-10-09T02:14:06.6618373Z   % Total    % Received % Xferd  Average Speed   Time    Time     Time  Current
2026-10-09T02:14:06.6619381Z                                  Dload  Upload   Total   Spent    Left  Speed
2026-10-09T02:14:06.6620150Z 
2026-10-09T02:14:06.7794245Z   0     0    0     0    0     0      0      0 --:--:-- --:--:-- --:--:--     0
2026-10-09T02:14:07.0145750Z   1 25.8M    1  366k    0     0  3111k      0  0:00:08 --:--:--  0:00:08 3101k
2026-10-09T02:14:07.0147163Z 100 25.8M  100 25.8M    0     0  73.3M      0 --:--:-- --:--:-- --:--:-- 73.2M
2026-10-09T02:14:09.1761440Z Note: a multi-user installation is possible. See https://nix.dev/manual/nix/stable/installation/installing-binary.html#multi-user-installation
2026-10-09T02:14:09.1771923Z [1;31mSwitching to the Multi-user Installer[0m
2026-10-09T02:14:09.1870546Z [32mWelcome to the Multi-User Nix Installation
2026-10-09T02:14:09.1880982Z [0m
2026-10-09T02:14:09.1881510Z This installation tool will set up your computer with the Nix package
2026-10-09T02:14:09.1882387Z manager. This will happen in a few stages:
2026-10-09T02:14:09.1883126Z 
2026-10-09T02:14:09.1883661Z 1. Make sure your computer doesn't already have Nix. If it does, I
2026-10-09T02:14:09.1884633Z    will show you instructions on how to clean up your old install.
2026-10-09T02:14:09.1885357Z 
2026-10-09T02:14:09.1885808Z 2. Show you what I am going to install and where. Then I will ask
2026-10-09T02:14:09.1886244Z    if you are ready to continue.
2026-10-09T02:14:09.1886430Z 
2026-10-09T02:14:09.1886906Z 3. Create the system users [34m(uids [30001..30008])[0m and groups [34m(gid 30000)[0m
2026-10-09T02:14:09.1887488Z    that the Nix daemon uses to run builds. To create system users
2026-10-09T02:14:09.1887937Z    in a different range, exit and run this tool again with
2026-10-09T02:14:09.1888291Z    NIX_FIRST_BUILD_UID set.
2026-10-09T02:14:09.1888447Z 
2026-10-09T02:14:09.1888675Z 4. Perform the basic installation of the Nix files daemon.
2026-10-09T02:14:09.1888932Z 
2026-10-09T02:14:09.1889206Z 5. Configure your shell to import special Nix Profile files, so you
2026-10-09T02:14:09.1889770Z    can use Nix.
2026-10-09T02:14:09.1889900Z 
2026-10-09T02:14:09.1890008Z 6. Start the Nix daemon.
2026-10-09T02:14:09.1890162Z 
2026-10-09T02:14:09.1890517Z [32m[4;32mWould you like to see a more detailed list of what I will do?
2026-10-09T02:14:09.1891017Z [0mNo TTY, assuming you would say yes :)
2026-10-09T02:14:09.1893865Z 
2026-10-09T02:14:09.1894031Z I will:
2026-10-09T02:14:09.1894240Z 
2026-10-09T02:14:09.1894639Z  - make sure your computer doesn't already have Nix files
2026-10-09T02:14:09.1895716Z    (if it does, I will tell you how to clean them up.)
2026-10-09T02:14:09.1896523Z  - create local users (see the list above for the users I'll make)
2026-10-09T02:14:09.1897216Z  - create a local group (nixbld)
2026-10-09T02:14:09.1897503Z  - install Nix in /nix
2026-10-09T02:14:09.1897786Z  - create a configuration file in /etc/nix
2026-10-09T02:14:09.1898542Z  - set up the "default profile" by creating some Nix-related files in
2026-10-09T02:14:09.1899517Z    /root
2026-10-09T02:14:09.1909935Z  - back up /etc/bash.bashrc to /etc/bash.bashrc.backup-before-nix
2026-10-09T02:14:09.1927069Z  - update /etc/bash.bashrc to include some Nix configuration
2026-10-09T02:14:09.1928128Z  - load and start a service (at /etc/systemd/system/nix-daemon.service
2026-10-09T02:14:09.1928983Z    and /etc/systemd/system/nix-daemon.socket) for nix-daemon
2026-10-09T02:14:09.1929432Z 
2026-10-09T02:14:09.1929795Z [32m[4;32mReady to continue?
2026-10-09T02:14:09.1930426Z [0mNo TTY, assuming you would say yes :)
2026-10-09T02:14:09.1948228Z 
2026-10-09T02:14:09.1949251Z [34m---- let's talk about sudo -----------------------------------------------------
2026-10-09T02:14:09.1959281Z [0mThis script is going to call sudo a lot. Normally, it would show you
2026-10-09T02:14:09.1960096Z exactly what commands it is running and why. However, the script is
2026-10-09T02:14:09.1960674Z run in a headless fashion, like this:
2026-10-09T02:14:09.1961027Z 
2026-10-09T02:14:09.1961337Z   $ curl -L https://nixos.org/nix/install | sh
2026-10-09T02:14:09.1961585Z 
2026-10-09T02:14:09.1961879Z or maybe in a CI pipeline. Because of that, I'm going to skip the
2026-10-09T02:14:09.1962829Z verbose output in the interest of brevity.
2026-10-09T02:14:09.1963291Z 
2026-10-09T02:14:09.1963476Z If you would like to
2026-10-09T02:14:09.1963970Z see the output, try like this:
2026-10-09T02:14:09.1964259Z 
2026-10-09T02:14:09.1964548Z   $ curl -L -o install-nix https://nixos.org/nix/install
2026-10-09T02:14:09.1964893Z   $ sh ./install-nix
2026-10-09T02:14:09.1965302Z 
2026-10-09T02:14:09.1965321Z 
2026-10-09T02:14:09.1965828Z [32m~~> Checking for artifacts of previous installs
2026-10-09T02:14:09.1971892Z [0mBefore I try to install, I'll check for signs Nix already is or has
2026-10-09T02:14:09.1972411Z been installed on this system.
2026-10-09T02:14:09.2017398Z 
2026-10-09T02:14:09.2018352Z [34m---- Nix config report ---------------------------------------------------------
2026-10-09T02:14:09.2019603Z [0m[1m        Temp Dir[0m:	/tmp/tmp.QOJn2j0QKN
2026-10-09T02:14:09.2020407Z [1m        Nix Root[0m:	/nix
2026-10-09T02:14:09.2021575Z [1m     Build Users[0m:	8
2026-10-09T02:14:09.2021980Z [1m  Build Group ID[0m:	30000
2026-10-09T02:14:09.2022319Z [1mBuild Group Name[0m:	nixbld
2026-10-09T02:14:09.2022500Z 
2026-10-09T02:14:09.2022629Z [4;34mbuild users:
2026-10-09T02:14:09.2022895Z [0m[1m    Username[0m:	UID
2026-10-09T02:14:09.2049877Z [1m     nixbld1[0m:	30001
2026-10-09T02:14:09.2059850Z [1m     nixbld2[0m:	30002
2026-10-09T02:14:09.2069726Z [1m     nixbld3[0m:	30003
2026-10-09T02:14:09.2079646Z [1m     nixbld4[0m:	30004
2026-10-09T02:14:09.2089510Z [1m     nixbld5[0m:	30005
2026-10-09T02:14:09.2099500Z [1m     nixbld6[0m:	30006
2026-10-09T02:14:09.2109355Z [1m     nixbld7[0m:	30007
2026-10-09T02:14:09.2119323Z [1m     nixbld8[0m:	30008
2026-10-09T02:14:09.2119614Z 
2026-10-09T02:14:09.2119935Z [32m[4;32mReady to continue?
2026-10-09T02:14:09.2124208Z [0mNo TTY, assuming you would say yes :)
2026-10-09T02:14:09.2124809Z 
2026-10-09T02:14:09.2125520Z [32m~~> Setting up the build group nixbld
2026-10-09T02:14:09.2387823Z [0m[1m            Created[0m:	Yes
2026-10-09T02:14:09.2410870Z 
2026-10-09T02:14:09.2411245Z [32m~~> Setting up the build user nixbld1
2026-10-09T02:14:09.2561153Z useradd warning: nixbld1's uid 30001 is greater than SYS_UID_MAX 999
2026-10-09T02:14:09.2653097Z [0m[1m           Created[0m:	Yes
2026-10-09T02:14:09.2658572Z [1m            Hidden[0m:	Yes
2026-10-09T02:14:09.2676082Z [1m    Home Directory[0m:	/var/empty
2026-10-09T02:14:09.2696205Z [1m              Note[0m:	Nix build user 1
2026-10-09T02:14:09.2713720Z [1m   Logins Disabled[0m:	Yes
2026-10-09T02:14:09.2737375Z [1m  Member of nixbld[0m:	Yes
2026-10-09T02:14:09.2754752Z [1m    PrimaryGroupID[0m:	30000
2026-10-09T02:14:09.2765855Z 
2026-10-09T02:14:09.2766572Z [32m~~> Setting up the build user nixbld2
2026-10-09T02:14:09.2898995Z useradd warning: nixbld2's uid 30002 is greater than SYS_UID_MAX 999
2026-10-09T02:14:09.2988638Z [0m[1m           Created[0m:	Yes
2026-10-09T02:14:09.2993971Z [1m            Hidden[0m:	Yes
2026-10-09T02:14:09.3012044Z [1m    Home Directory[0m:	/var/empty
2026-10-09T02:14:09.3032185Z [1m              Note[0m:	Nix build user 2
2026-10-09T02:14:09.3049758Z [1m   Logins Disabled[0m:	Yes
2026-10-09T02:14:09.3068924Z [1m  Member of nixbld[0m:	Yes
2026-10-09T02:14:09.3087146Z [1m    PrimaryGroupID[0m:	30000
2026-10-09T02:14:09.3097903Z 
2026-10-09T02:14:09.3098405Z [32m~~> Setting up the build user nixbld3
2026-10-09T02:14:09.3226585Z useradd warning: nixbld3's uid 30003 is greater than SYS_UID_MAX 999
2026-10-09T02:14:09.3315834Z [0m[1m           Created[0m:	Yes
2026-10-09T02:14:09.3321652Z [1m            Hidden[0m:	Yes
2026-10-09T02:14:09.3340098Z [1m    Home Directory[0m:	/var/empty
2026-10-09T02:14:09.3361280Z [1m              Note[0m:	Nix build user 3
2026-10-09T02:14:09.3379486Z [1m   Logins Disabled[0m:	Yes
2026-10-09T02:14:09.3398786Z [1m  Member of nixbld[0m:	Yes
2026-10-09T02:14:09.3416794Z [1m    PrimaryGroupID[0m:	30000
2026-10-09T02:14:09.3427613Z 
2026-10-09T02:14:09.3428141Z [32m~~> Setting up the build user nixbld4
2026-10-09T02:14:09.3558720Z useradd warning: nixbld4's uid 30004 is greater than SYS_UID_MAX 999
2026-10-09T02:14:09.3645499Z [0m[1m           Created[0m:	Yes
2026-10-09T02:14:09.3650987Z [1m            Hidden[0m:	Yes
2026-10-09T02:14:09.3668934Z [1m    Home Directory[0m:	/var/empty
2026-10-09T02:14:09.3689011Z [1m              Note[0m:	Nix build user 4
2026-10-09T02:14:09.3707044Z [1m   Logins Disabled[0m:	Yes
2026-10-09T02:14:09.3726459Z [1m  Member of nixbld[0m:	Yes
2026-10-09T02:14:09.3744426Z [1m    PrimaryGroupID[0m:	30000
2026-10-09T02:14:09.3755237Z 
2026-10-09T02:14:09.3755748Z [32m~~> Setting up the build user nixbld5
2026-10-09T02:14:09.3885887Z useradd warning: nixbld5's uid 30005 is greater than SYS_UID_MAX 999
2026-10-09T02:14:09.3972269Z [0m[1m           Created[0m:	Yes
2026-10-09T02:14:09.3978160Z [1m            Hidden[0m:	Yes
2026-10-09T02:14:09.3995778Z [1m    Home Directory[0m:	/var/empty
2026-10-09T02:14:09.4015995Z [1m              Note[0m:	Nix build user 5
2026-10-09T02:14:09.4033639Z [1m   Logins Disabled[0m:	Yes
2026-10-09T02:14:09.4053061Z [1m  Member of nixbld[0m:	Yes
2026-10-09T02:14:09.4071706Z [1m    PrimaryGroupID[0m:	30000
2026-10-09T02:14:09.4082712Z 
2026-10-09T02:14:09.4209269Z useradd warning: nixbld6's uid 30006 is greater than SYS_UID_MAX 999
2026-10-09T02:14:09.4209984Z [32m~~> Setting up the build user nixbld6
2026-10-09T02:14:09.4292296Z [0m[1m           Created[0m:	Yes
2026-10-09T02:14:09.4298005Z [1m            Hidden[0m:	Yes
2026-10-09T02:14:09.4315787Z [1m    Home Directory[0m:	/var/empty
2026-10-09T02:14:09.4336030Z [1m              Note[0m:	Nix build user 6
2026-10-09T02:14:09.4353970Z [1m   Logins Disabled[0m:	Yes
2026-10-09T02:14:09.4373241Z [1m  Member of nixbld[0m:	Yes
2026-10-09T02:14:09.4391615Z [1m    PrimaryGroupID[0m:	30000
2026-10-09T02:14:09.4402544Z 
2026-10-09T02:14:09.4403321Z [32m~~> Setting up the build user nixbld7
2026-10-09T02:14:09.4537540Z useradd warning: nixbld7's uid 30007 is greater than SYS_UID_MAX 999
2026-10-09T02:14:09.4621811Z [0m[1m           Created[0m:	Yes
2026-10-09T02:14:09.4627413Z [1m            Hidden[0m:	Yes
2026-10-09T02:14:09.4644962Z [1m    Home Directory[0m:	/var/empty
2026-10-09T02:14:09.4665470Z [1m              Note[0m:	Nix build user 7
2026-10-09T02:14:09.4683226Z [1m   Logins Disabled[0m:	Yes
2026-10-09T02:14:09.4702501Z [1m  Member of nixbld[0m:	Yes
2026-10-09T02:14:09.4720662Z [1m    PrimaryGroupID[0m:	30000
2026-10-09T02:14:09.4731648Z 
2026-10-09T02:14:09.4858573Z useradd warning: nixbld8's uid 30008 is greater than SYS_UID_MAX 999
2026-10-09T02:14:09.4859177Z [32m~~> Setting up the build user nixbld8
2026-10-09T02:14:09.4943423Z [0m[1m           Created[0m:	Yes
2026-10-09T02:14:09.4949148Z [1m            Hidden[0m:	Yes
2026-10-09T02:14:09.4967450Z [1m    Home Directory[0m:	/var/empty
2026-10-09T02:14:09.4987721Z [1m              Note[0m:	Nix build user 8
2026-10-09T02:14:09.5005695Z [1m   Logins Disabled[0m:	Yes
2026-10-09T02:14:09.5025356Z [1m  Member of nixbld[0m:	Yes
2026-10-09T02:14:09.5043211Z [1m    PrimaryGroupID[0m:	30000
2026-10-09T02:14:09.5043545Z 
2026-10-09T02:14:09.5043816Z [32m~~> Setting up the basic directory structure
2026-10-09T02:14:09.5126763Z [0minstall: creating directory '/nix'
2026-10-09T02:14:09.5127437Z install: creating directory '/nix/var'
2026-10-09T02:14:09.5128079Z install: creating directory '/nix/var/log'
2026-10-09T02:14:09.5128723Z install: creating directory '/nix/var/log/nix'
2026-10-09T02:14:09.5129360Z install: creating directory '/nix/var/log/nix/drvs'
2026-10-09T02:14:09.5130081Z install: creating directory '/nix/var/nix'
2026-10-09T02:14:09.5130697Z install: creating directory '/nix/var/nix/db'
2026-10-09T02:14:09.5131157Z install: creating directory '/nix/var/nix/gcroots'
2026-10-09T02:14:09.5131667Z install: creating directory '/nix/var/nix/profiles'
2026-10-09T02:14:09.5132158Z install: creating directory '/nix/var/nix/temproots'
2026-10-09T02:14:09.5132632Z install: creating directory '/nix/var/nix/userpool'
2026-10-09T02:14:09.5133088Z install: creating directory '/nix/var/nix/daemon-socket'
2026-10-09T02:14:09.5133557Z install: creating directory '/nix/var/nix/gcroots/per-user'
2026-10-09T02:14:09.5134054Z install: creating directory '/nix/var/nix/profiles/per-user'
2026-10-09T02:14:09.5209685Z install: creating directory '/nix/store'
2026-10-09T02:14:09.5289535Z install: creating directory '/etc/nix'
2026-10-09T02:14:09.5299206Z 
2026-10-09T02:14:09.5299663Z [32m~~> Installing Nix
2026-10-09T02:14:09.7095691Z [0m      Alright! We have our first nix at /nix/store/irfrbndi76zhkvqsfhmsn4a99iafck29-nix-2.35.2
2026-10-09T02:14:09.7511761Z       Just finished getting the nix database ready.
2026-10-09T02:14:09.7514876Z 
2026-10-09T02:14:09.7517620Z [32m~~> Setting up shell profiles: /etc/bashrc /etc/profile.d/nix.sh /etc/zshrc /etc/bash.bashrc /etc/zsh/zshrc
2026-10-09T02:14:09.7689868Z [0m
2026-10-09T02:14:09.7690103Z # Nix
2026-10-09T02:14:09.7690578Z if [ -e '/nix/var/nix/profiles/default/etc/profile.d/nix-daemon.sh' ]; then
2026-10-09T02:14:09.7691204Z   . '/nix/var/nix/profiles/default/etc/profile.d/nix-daemon.sh'
2026-10-09T02:14:09.7691869Z fi
2026-10-09T02:14:09.7692198Z # End Nix
2026-10-09T02:14:09.7692414Z 
2026-10-09T02:14:09.7858651Z 
2026-10-09T02:14:09.7858810Z # Nix
2026-10-09T02:14:09.7859398Z if [ -e '/nix/var/nix/profiles/default/etc/profile.d/nix-daemon.sh' ]; then
2026-10-09T02:14:09.7859967Z   . '/nix/var/nix/profiles/default/etc/profile.d/nix-daemon.sh'
2026-10-09T02:14:09.7860629Z fi
2026-10-09T02:14:09.7860961Z # End Nix
2026-10-09T02:14:09.7861175Z 
2026-10-09T02:14:09.8025675Z 
2026-10-09T02:14:09.8025871Z # Nix
2026-10-09T02:14:09.8026395Z if [ -e '/nix/var/nix/profiles/default/etc/profile.d/nix-daemon.sh' ]; then
2026-10-09T02:14:09.8026978Z   . '/nix/var/nix/profiles/default/etc/profile.d/nix-daemon.sh'
2026-10-09T02:14:09.8027944Z fi
2026-10-09T02:14:09.8028468Z # End Nix
2026-10-09T02:14:09.8028714Z 
2026-10-09T02:14:09.8188265Z 
2026-10-09T02:14:09.8188473Z # Nix
2026-10-09T02:14:09.8189106Z if [ -e '/nix/var/nix/profiles/default/etc/profile.d/nix-daemon.sh' ]; then
2026-10-09T02:14:09.8189847Z   . '/nix/var/nix/profiles/default/etc/profile.d/nix-daemon.sh'
2026-10-09T02:14:09.8190504Z fi
2026-10-09T02:14:09.8190838Z # End Nix
2026-10-09T02:14:09.8191041Z 
2026-10-09T02:14:09.8191477Z # System-wide .bashrc file for interactive bash(1) shells.
2026-10-09T02:14:09.8191959Z 
2026-10-09T02:14:09.8192499Z # To enable the settings / commands in this file for login shells as well,
2026-10-09T02:14:09.8193374Z # this file has to be sourced in /etc/profile.
2026-10-09T02:14:09.8193773Z 
2026-10-09T02:14:09.8194107Z # If not running interactively, don't do anything
2026-10-09T02:14:09.8194745Z [ -z "$PS1" ] && return
2026-10-09T02:14:09.8195003Z 
2026-10-09T02:14:09.8195722Z # check the window size after each command and, if necessary,
2026-10-09T02:14:09.8196487Z # update the values of LINES and COLUMNS.
2026-10-09T02:14:09.8197027Z shopt -s checkwinsize
2026-10-09T02:14:09.8197278Z 
2026-10-09T02:14:09.8197831Z # set variable identifying the chroot you work in (used in the prompt below)
2026-10-09T02:14:09.8198848Z if [ -z "${debian_chroot:-}" ] && [ -r /etc/debian_chroot ]; then
2026-10-09T02:14:09.8199310Z     debian_chroot=$(cat /etc/debian_chroot)
2026-10-09T02:14:09.8199631Z fi
2026-10-09T02:14:09.8199741Z 
2026-10-09T02:14:09.8200012Z # set a fancy prompt (non-color, overwrite the one in /etc/profile)
2026-10-09T02:14:09.8200598Z # but only if not SUDOing and have SUDO_PS1 set; then assume smart user.
2026-10-09T02:14:09.8201408Z if ! [ -n "${SUDO_USER}" -a -n "${SUDO_PS1}" ]; then
2026-10-09T02:14:09.8202138Z   PS1='${debian_chroot:+($debian_chroot)}\u@\h:\w\$ '
2026-10-09T02:14:09.8202760Z fi
2026-10-09T02:14:09.8203046Z 
2026-10-09T02:14:09.8203640Z # Commented out, don't overwrite xterm -T "title" -n "icontitle" by default.
2026-10-09T02:14:09.8204175Z # If this is an xterm set the title to user@host:dir
2026-10-09T02:14:09.8204495Z #case "$TERM" in
2026-10-09T02:14:09.8204712Z #xterm*|rxvt*)
2026-10-09T02:14:09.8205365Z #    PROMPT_COMMAND='echo -ne "\033]0;${USER}@${HOSTNAME}: ${PWD}\007"'
2026-10-09T02:14:09.8205758Z #    ;;
2026-10-09T02:14:09.8205939Z #*)
2026-10-09T02:14:09.8206115Z #    ;;
2026-10-09T02:14:09.8206290Z #esac
2026-10-09T02:14:09.8206399Z 
2026-10-09T02:14:09.8206589Z # enable bash completion in interactive shells
2026-10-09T02:14:09.8206925Z #if ! shopt -oq posix; then
2026-10-09T02:14:09.8207310Z #  if [ -f /usr/share/bash-completion/bash_completion ]; then
2026-10-09T02:14:09.8207747Z #    . /usr/share/bash-completion/bash_completion
2026-10-09T02:14:09.8208123Z #  elif [ -f /etc/bash_completion ]; then
2026-10-09T02:14:09.8208433Z #    . /etc/bash_completion
2026-10-09T02:14:09.8208669Z #  fi
2026-10-09T02:14:09.8208848Z #fi
2026-10-09T02:14:09.8208951Z 
2026-10-09T02:14:09.8209219Z # sudo hint
2026-10-09T02:14:09.8209660Z if [ ! -e "$HOME/.sudo_as_admin_successful" ] && [ ! -e "$HOME/.hushlogin" ] ; then
2026-10-09T02:14:09.8210131Z     case " $(groups) " in *\ admin\ *|*\ sudo\ *)
2026-10-09T02:14:09.8210458Z     if [ -x /usr/bin/sudo ]; then
2026-10-09T02:14:09.8210719Z 	cat <<-EOF
2026-10-09T02:14:09.8211064Z 	To run a command as administrator (user "root"), use "sudo <command>".
2026-10-09T02:14:09.8211475Z 	See "man sudo_root" for details.
2026-10-09T02:14:09.8211720Z 	
2026-10-09T02:14:09.8211899Z 	EOF
2026-10-09T02:14:09.8212079Z     fi
2026-10-09T02:14:09.8212262Z     esac
2026-10-09T02:14:09.8212445Z fi
2026-10-09T02:14:09.8212543Z 
2026-10-09T02:14:09.8212832Z # if the command-not-found package is installed, use it
2026-10-09T02:14:09.8213601Z if [ -x /usr/lib/command-not-found -o -x /usr/share/command-not-found/command-not-found ]; then
2026-10-09T02:14:09.8214442Z 	function command_not_found_handle {
2026-10-09T02:14:09.8215398Z 	        # check because c-n-f could've been removed in the meantime
2026-10-09T02:14:09.8216436Z                 if [ -x /usr/lib/command-not-found ]; then
2026-10-09T02:14:09.8217004Z 		   /usr/lib/command-not-found -- "$1"
2026-10-09T02:14:09.8217308Z                    return $?
2026-10-09T02:14:09.8217715Z                 elif [ -x /usr/share/command-not-found/command-not-found ]; then
2026-10-09T02:14:09.8218209Z 		   /usr/share/command-not-found/command-not-found -- "$1"
2026-10-09T02:14:09.8218762Z                    return $?
2026-10-09T02:14:09.8219183Z 		else
2026-10-09T02:14:09.8219635Z 		   printf "%s: command not found\n" "$1" >&2
2026-10-09T02:14:09.8220192Z 		   return 127
2026-10-09T02:14:09.8220443Z 		fi
2026-10-09T02:14:09.8220622Z 	}
2026-10-09T02:14:09.8220802Z fi
2026-10-09T02:14:09.8220905Z 
2026-10-09T02:14:09.8221846Z [32m~~> Setting up shell profiles for Fish with conf.d/nix.fish inside /etc/fish /usr/local/etc/fish /opt/homebrew/etc/fish /opt/local/etc/fish
2026-10-09T02:14:09.8358755Z [0m
2026-10-09T02:14:09.8359349Z [32m~~> Setting up the default profile
2026-10-09T02:14:09.8658017Z installing 'nix-2.35.2'
2026-10-09T02:14:09.8833173Z building '/nix/store/3v9waf1zcy52sd2xf30ndbwssp7d4sza-user-environment.drv'...
2026-10-09T02:14:09.9264761Z installing 'nix-manual-2.35.2-man'
2026-10-09T02:14:09.9435570Z building '/nix/store/87kv2ra7c0a549l86df0y18w8w3ir6qk-user-environment.drv'...
2026-10-09T02:14:09.9860383Z installing 'nss-cacert-3.123'
2026-10-09T02:14:10.0016776Z building '/nix/store/aq6vipp55pqkyy4i7v7sxjrfdibk3a8s-user-environment.drv'...
2026-10-09T02:14:10.0229692Z [0m
2026-10-09T02:14:10.0230165Z [32m~~> Setting up the nix-daemon systemd service
2026-10-09T02:14:10.0591609Z Created symlink /etc/systemd/system/nix-daemon.service → /nix/var/nix/profiles/default/lib/systemd/system/nix-daemon.service.
2026-10-09T02:14:10.3303939Z Created symlink /etc/systemd/system/nix-daemon.socket → /nix/var/nix/profiles/default/lib/systemd/system/nix-daemon.socket.
2026-10-09T02:14:10.3317393Z Created symlink /etc/systemd/system/sockets.target.wants/nix-daemon.socket → /nix/var/nix/profiles/default/lib/systemd/system/nix-daemon.socket.
2026-10-09T02:14:10.8790979Z [0m[32mAlright! We're done!
2026-10-09T02:14:10.8813789Z [0mTry it! Open a new terminal, and type:
2026-10-09T02:14:10.8814218Z 
2026-10-09T02:14:10.8814512Z   $ nix-shell -p nix-info --run "nix-info -m"
2026-10-09T02:14:10.8815000Z 
2026-10-09T02:14:10.8815894Z Thank you for using this installer. If you have any feedback or need
2026-10-09T02:14:10.8816759Z help, don't hesitate:
2026-10-09T02:14:10.8817100Z 
2026-10-09T02:14:10.8817297Z You can open an issue at
2026-10-09T02:14:10.8818117Z https://github.com/NixOS/nix/issues/new?labels=installer&template=installer.md
2026-10-09T02:14:10.8818712Z 
2026-10-09T02:14:10.8819148Z Or get in touch with the community: https://nixos.org/community
2026-10-09T02:14:10.8838229Z 
2026-10-09T02:14:10.8841107Z [34m---- Reminders -----------------------------------------------------------------
2026-10-09T02:14:10.8842804Z [0m[34m[ 1 ][0m
2026-10-09T02:14:10.8843892Z Nix won't work in active shell sessions until you restart them.
2026-10-09T02:14:10.8844632Z 
2026-10-09T02:14:10.9673540Z ##[endgroup]
2026-10-09T02:14:10.9705689Z ##[end-action id=__cachix_install-nix-action.__run;outcome=success;conclusion=success;duration_ms=4519]
2026-10-09T02:14:10.9743743Z ##[group]Run npm ci --ignore-scripts
2026-10-09T02:14:10.9744107Z [36;1mnpm ci --ignore-scripts[0m
2026-10-09T02:14:10.9808565Z shell: /usr/bin/bash -e {0}
2026-10-09T02:14:10.9808824Z env:
2026-10-09T02:14:10.9809016Z   NODE_VERSION: 22
2026-10-09T02:14:10.9809341Z   LEAN_BRIDGE_CONSUMER_PERFORMANCE_DIR: build/consumer-ci/performance
2026-10-09T02:14:10.9809754Z   TMPDIR: /home/runner/work/_temp
2026-10-09T02:14:10.9810128Z   NIX_PROFILES: /nix/var/nix/profiles/default /home/runner/.nix-profile
2026-10-09T02:14:10.9810559Z   NIX_SSL_CERT_FILE: /etc/ssl/certs/ca-certificates.crt
2026-10-09T02:14:10.9810866Z ##[endgroup]
2026-10-09T02:14:15.8957008Z 
2026-10-09T02:14:15.8958006Z added 422 packages, and audited 423 packages in 5s
2026-10-09T02:14:15.8958699Z 
2026-10-09T02:14:15.8958919Z 175 packages are looking for funding
2026-10-09T02:14:15.8959342Z   run `npm fund` for details
2026-10-09T02:14:15.9020447Z 
2026-10-09T02:14:15.9020819Z 9 high severity vulnerabilities
2026-10-09T02:14:15.9021288Z 
2026-10-09T02:14:15.9021661Z To address issues that do not require attention, run:
2026-10-09T02:14:15.9022194Z   npm audit fix
2026-10-09T02:14:15.9022392Z 
2026-10-09T02:14:15.9022754Z To address all issues (including breaking changes), run:
2026-10-09T02:14:15.9023457Z   npm audit fix --force
2026-10-09T02:14:15.9024043Z 
2026-10-09T02:14:15.9024587Z Run `npm audit` for details.
2026-10-09T02:14:15.9707269Z ##[group]Run npm run test:consumer:managed
2026-10-09T02:14:15.9707649Z [36;1mnpm run test:consumer:managed[0m
2026-10-09T02:14:15.9771197Z shell: /usr/bin/bash -e {0}
2026-10-09T02:14:15.9771467Z env:
2026-10-09T02:14:15.9771663Z   NODE_VERSION: 22
2026-10-09T02:14:15.9772013Z   LEAN_BRIDGE_CONSUMER_PERFORMANCE_DIR: build/consumer-ci/performance
2026-10-09T02:14:15.9772457Z   TMPDIR: /home/runner/work/_temp
2026-10-09T02:14:15.9772869Z   NIX_PROFILES: /nix/var/nix/profiles/default /home/runner/.nix-profile
2026-10-09T02:14:15.9773339Z   NIX_SSL_CERT_FILE: /etc/ssl/certs/ca-certificates.crt
2026-10-09T02:14:15.9773672Z ##[endgroup]
2026-10-09T02:14:16.0814044Z 
2026-10-09T02:14:16.0814748Z > @lean-wasm/bridge-poc@0.0.0-poc test:consumer:managed
2026-10-09T02:14:16.0821394Z > nix --extra-experimental-features 'nix-command flakes' build .#nuget-package --out-link build/consumer-managed-nuget && nix --extra-experimental-features 'nix-command flakes' build .#maven-package --out-link build/consumer-managed-maven && nix --extra-experimental-features 'nix-command flakes' build .#rubygems-package --out-link build/consumer-managed-rubygems && nix --extra-experimental-features 'nix-command flakes' develop . --command node scripts/test-managed-registry-consumers.mjs --nuget build/consumer-managed-nuget --maven build/consumer-managed-maven --rubygem build/consumer-managed-rubygems/lean_bridge_alpha-0.0.0.gem
2026-10-09T02:14:16.0824711Z 
2026-10-09T02:14:16.7794494Z copying path '/nix/store/lv9bmgm6v1wc3fiz00v29gi4rk13ja6l-source' from 'https://cache.nixos.org'...
2026-10-09T02:14:26.3009509Z these 19 derivations will be built:
2026-10-09T02:14:26.3034299Z   /nix/store/2ybcnzzfr3bdjknz3varn0r8qfy1c5xf-f3b06c705e6c85f5314019d5d3baab0fec5b580c.tar.gz.drv
2026-10-09T02:14:26.3036358Z   /nix/store/3inlh6hn6cbfia2i2a5cw3y4i666rqb8-node-v24.19.0-linux-x64.tar.xz.drv
2026-10-09T02:14:26.3037827Z   /nix/store/m29jv2s8cinaxcy4x0jk5khjqj0hb8ys-emsdk-node-24.19.0.drv
2026-10-09T02:14:26.3039031Z   /nix/store/nhj5xx0k0xj248qdf6pb9pdscw3wja0z-wasm-binaries.tar.xz.drv
2026-10-09T02:14:26.3040250Z   /nix/store/yl9c5g4ppazml4i9gi6iln6znpc3ipli-emscripten-upstream-6.0.6.drv
2026-10-09T02:14:26.3041410Z   /nix/store/355rcf144i12d0fplh3indzy3c1yzzhr-emsdk-6.0.6-immutable.drv
2026-10-09T02:14:26.3042668Z   /nix/store/qxv7zgjbyd40xjls302vk283d4jixzxm-wasmtime-v42.0.1-x86_64-linux-c-api.tar.xz.drv
2026-10-09T02:14:26.3044068Z   /nix/store/5h40czhcd5i6gjkybgc28w8pmdab6yiy-wasmtime-42.0.1-x86_64-linux-c-api.drv
2026-10-09T02:14:26.3045689Z   /nix/store/h18wrysd1a2l10nham8ssg03r4k4r1k2-e9f29cb984231524e3931aa0ae2c5dae1a32884e.tar.gz.drv
2026-10-09T02:14:26.3047356Z   /nix/store/alvmygwqln397yw4cxfrs9ff3vkkdvxc-libuv-source-e9f29cb984231524e3931aa0ae2c5dae1a32884e.drv
2026-10-09T02:14:26.3049106Z   /nix/store/ha7rp4zbqq9c5j17zcbnmd0jx2jccfqg-lean-source-f3b06c705e6c85f5314019d5d3baab0fec5b580c.drv
2026-10-09T02:14:26.3050591Z   /nix/store/mf14gj5vp344ikb09h9x03qcdb1q3d3l-lean-4.32.2-linux.tar.zst.drv
2026-10-09T02:14:26.3051669Z   /nix/store/s920ynpaayshaba6kk05i5hi8m7hs1vy-lean-host-4.32.2.drv
2026-10-09T02:14:26.3052868Z   /nix/store/896x0r6nw2z64adsp3x7ngl52wg7xyj0-lean-alpha-universal-core-artifacts-0.0.0.drv
2026-10-09T02:14:26.3054356Z   /nix/store/x6bk62qlvwfrbxsyghmrkx4g3ci4hvzc-lean-alpha-native-core-artifacts-0.0.0.drv
2026-10-09T02:14:26.3056291Z   /nix/store/f8z0xvryrc5nqk42763l5vshd0w7idb7-lean-alpha-wasi-component-artifacts-0.0.0.drv
2026-10-09T02:14:26.3057809Z   /nix/store/s9aq1vf3wrsa9sfzcsw4cqszgf0mxhgy-lean-alpha-managed-binding-artifacts-0.0.0.drv
2026-10-09T02:14:26.3059333Z   /nix/store/rqznsibdh76npclrxhpyhx7vcflcw09b-lean-alpha-universal-release-bundle-0.0.0.drv
2026-10-09T02:14:26.3060875Z   /nix/store/vyb6fkdkgzdwavgf2hwwy86kdf1vnmql-lean-alpha-nuget-package-0.0.0.drv
2026-10-09T02:14:26.3062107Z these 176 paths will be fetched (902.4 MiB download, 3.4 GiB unpacked):
2026-10-09T02:14:26.3063005Z   /nix/store/80kzdbnl1bmnd8r8hphh1xzmgsvyyf6w-acl-2.3.2
2026-10-09T02:14:26.3064085Z   /nix/store/s894wa8wzbf841myjr7dm4m85177f8rl-attr-2.5.2
2026-10-09T02:14:26.3064995Z   /nix/store/46zq1hcvd2cnl07rjv0ywcgf59p8w9gm-auto-patchelf-hook
2026-10-09T02:14:26.3066164Z   /nix/store/1jzhbwq5rjjaqa75z88ws2b424vh7m53-bash-5.2p32
2026-10-09T02:14:26.3067041Z   /nix/store/9spr3h287vf61j35vh59aqcv7rm0wspb-bash-5.2p32-dev
2026-10-09T02:14:26.3067936Z   /nix/store/z34dss3rj1rnp1g820r64w0na7452jy1-binutils-2.41
2026-10-09T02:14:26.3068861Z   /nix/store/xf9367aw8afx9a8y9r90kdhlaji9bnz8-binutils-2.41-lib
2026-10-09T02:14:26.3069879Z   /nix/store/gq0xyjrkaqvknshf8r6si13ckdv6p7yq-binutils-wrapper-2.41
2026-10-09T02:14:26.3070935Z   /nix/store/rl56awy2w2iwvgdmibv98k0vx7lzyw21-binutils-wrapper-2.41
2026-10-09T02:14:26.3071945Z   /nix/store/nmkjwwbqbsa4nx3ljjxrp746kp53by51-brotli-1.1.0-lib
2026-10-09T02:14:26.3072848Z   /nix/store/0s4k9fh17m2sx8ifj9xdflnjfgxrvbgp-bzip2-1.0.8
2026-10-09T02:14:26.3073664Z   /nix/store/8krchn3igfzz62fnirxj47l2hrz11sj9-bzip2-1.0.8-bin
2026-10-09T02:14:26.3074514Z   /nix/store/jkslyfviqi4n144452p5gdcdv3jg30hs-clang-17.0.6
2026-10-09T02:14:26.3075597Z   /nix/store/sck9m41zz1asdmvbaxjdihxxq7p6qgy7-clang-17.0.6-lib
2026-10-09T02:14:26.3076499Z   /nix/store/9yr64l4j5kghwapqzwd6azk9l57mx87p-clang-wrapper-17.0.6
2026-10-09T02:14:26.3077370Z   /nix/store/z98wicx6x78vlyksv69axn5zqwdah5l8-cmake-3.29.2
2026-10-09T02:14:26.3078285Z   /nix/store/6lwnmjnynb6mvpifwvdx0nx60kfw2vrh-compiler-rt-libc-17.0.6
2026-10-09T02:14:26.3079326Z   /nix/store/412418grw31j2qfi6j6mhic6gfd190n9-compiler-rt-libc-17.0.6-dev
2026-10-09T02:14:26.3080250Z   /nix/store/n9gh8gxx5xx51ihgll2l20ar9b2vmgzy-coreutils-9.5
2026-10-09T02:14:26.3081032Z   /nix/store/fv1plv85qylnw87dlnxaqkgl06drgr1r-curl-8.7.1
2026-10-09T02:14:26.3081799Z   /nix/store/ld1yqvr1db4iv8sk8f4aflgai1b5d2ql-curl-8.7.1
2026-10-09T02:14:26.3082530Z   /nix/store/x6xqf8sk2yb1xb348bc2caiwsms90bp5-curl-8.7.1
2026-10-09T02:14:26.3083331Z   /nix/store/rba8xdxdk082rbppc51vpgxh0z6v11sl-curl-8.7.1-bin
2026-10-09T02:14:26.3084154Z   /nix/store/51jy1xwjbv9a41iwr59h5dfsg624fcij-curl-8.7.1-dev
2026-10-09T02:14:26.3084955Z   /nix/store/1xbn2czqsq3412qs1rk7kwyqxzbqsjjl-curl-8.7.1-man
2026-10-09T02:14:26.3085978Z   /nix/store/k6slgyjf4sv0lpz1pdg6sr3bpvjdr35l-diffutils-3.10
2026-10-09T02:14:26.3086845Z   /nix/store/c67p00lksmyafxl5mhpx8zm67jwk95gr-dotnet-sdk-8.0.300
2026-10-09T02:14:26.3087664Z   /nix/store/bjfycbr15irgfgwqw6bjb5xmrb6jllnq-ed-1.20.2
2026-10-09T02:14:26.3088529Z   /nix/store/13bjf2r63138p99rcdkdb0wr0gbwcc0m-expand-response-params
2026-10-09T02:14:26.3089493Z   /nix/store/sg0xabw675wgc8y1rl6mymmhggqkqmjr-expand-response-params
2026-10-09T02:14:26.3090367Z   /nix/store/nbbg70f6gihj51p65kv19m0fnq8ik5kh-expat-2.6.4
2026-10-09T02:14:26.3091098Z   /nix/store/0vdf5mpd762bw53rgl5nkmhvzq8n4m0d-file-5.45
2026-10-09T02:14:26.3091851Z   /nix/store/1b4si7qr8f04lqpy5m7iis3w8jxhc2vq-file-5.45
2026-10-09T02:14:26.3092620Z   /nix/store/q36rhfg9kml0hf7gmrhvixn17xlbmijm-file-5.45-dev
2026-10-09T02:14:26.3093481Z   /nix/store/qdk6ds72q8xf5fzi16x7736bwz8aydic-findutils-4.9.0
2026-10-09T02:14:26.3094290Z   /nix/store/jziybc6yn78sf0bbh0kmmx50bxjsnr15-gawk-5.2.2
2026-10-09T02:14:26.3095240Z   /nix/store/f2lglcw69yh2yyihxq6kvhpanc3s1n9p-gcc-13.2.0
2026-10-09T02:14:26.3096031Z   /nix/store/90yn7340r8yab8kxpb0p7y0c9j3snjam-gcc-13.2.0-lib
2026-10-09T02:14:26.3096851Z   /nix/store/dd13q38yxm9qppjclsvwn10dscsf0l9w-gcc-13.2.0-libgcc
2026-10-09T02:14:26.3098119Z   /nix/store/rdc1jnyw74mwr2gszqc5zwi433zxs089-gcc-wrapper-13.2.0
2026-10-09T02:14:26.3098949Z   /nix/store/y8fzwmygqh9rl5rc8rvcydcskgszldpn-gdbm-1.23
2026-10-09T02:14:26.3099740Z   /nix/store/6ds32jlmhqjvbkp2pd20dz1wi9anszls-gettext-0.21.1
2026-10-09T02:14:26.3100536Z   /nix/store/lpkn9w3h16wb910g7v2qj9pyd7gvxkld-git-2.44.2
2026-10-09T02:14:26.3101334Z   /nix/store/km0pyarp6b5ppixfgqc03mxsb2m8zxj2-git-2.44.2-doc
2026-10-09T02:14:26.3102169Z   /nix/store/pf5avvvl4ssd6kylcvg2g23hcjp71h19-glibc-2.39-52
2026-10-09T02:14:26.3103014Z   /nix/store/94gaw2ngsnpf3ybxjsg89lf3hf3d55y2-glibc-2.39-52-bin
2026-10-09T02:14:26.3104042Z   /nix/store/jig62nn8174n4dlk05lqwsvs5wd2c64r-glibc-2.39-52-dev
2026-10-09T02:14:26.3104870Z   /nix/store/bz756gkg3lrqjl958d8h7z5qn98z0vn7-gmp-6.3.0
2026-10-09T02:14:26.3105978Z   /nix/store/0pkjhzncyjkvhq8lwmdkzvl4cs4vh0yb-gmp-with-cxx-6.3.0
2026-10-09T02:14:26.3107009Z   /nix/store/d0i8idmbb4jji9ml01xsqgykrbvm7dss-gnu-config-2024-01-01
2026-10-09T02:14:26.3107993Z   /nix/store/8nss7h1yk4jihkmr4xj5ihrbdkv4y1wy-gnugrep-3.11
2026-10-09T02:14:26.3108934Z   /nix/store/0554jm1l1qw1pcfqsliw91hnifn11w8m-gnumake-4.4.1
2026-10-09T02:14:26.3109885Z   /nix/store/vqgpb0anqqfnhb5ww3y8rf1jaxpphqwg-gnumake-4.4.1
2026-10-09T02:14:26.3110822Z   /nix/store/y8br765djcj51ls9lb3kylkrvc2wan3p-gnused-4.9
2026-10-09T02:14:26.3111676Z   /nix/store/llalnjlyrj2zv12q5bjy8cagqv70j73y-gnutar-1.35
2026-10-09T02:14:26.3112549Z   /nix/store/r6apkwli4s0xhzn1bdi9nrkmvqc5arrj-gzip-1.13
2026-10-09T02:14:26.3113334Z   /nix/store/a2qxya11zd3xdn5df34n6axfd6fhgzql-icu4c-73.2
2026-10-09T02:14:26.3114208Z   /nix/store/k6a3db8rpihvjrw27w61vx1wji7mfmq8-icu4c-73.2-dev
2026-10-09T02:14:26.3115254Z   /nix/store/mwa26ixrnf0s1j7923pdzfl9nwwglq4w-isl-0.20
2026-10-09T02:14:26.3116064Z   /nix/store/2b81ihj7pcsr6pkr02vaajprjx9gfpq6-jq-1.7.1
2026-10-09T02:14:26.3116935Z   /nix/store/xylb1pgqnnd2qj9lsy1w2r9p8lmir8qs-jq-1.7.1-bin
2026-10-09T02:14:26.3117780Z   /nix/store/4kvn0yq5dc2gylbwsqbynzxxpkf4b143-jq-1.7.1-dev
2026-10-09T02:14:26.3118686Z   /nix/store/p3ks31bnd9fhvh2cp1wmcalm4bs2bkwq-jq-1.7.1-doc
2026-10-09T02:14:26.3119563Z   /nix/store/bwxp1bkaa4cgz20mrk1hqm8azvv1skif-jq-1.7.1-lib
2026-10-09T02:14:26.3120430Z   /nix/store/xrmh72ajmjxlgnncilm9mg6ww8nsff5m-jq-1.7.1-man
2026-10-09T02:14:26.3121345Z   /nix/store/0b5z0wf3k9y3s3qadnkwsm78avax4jlk-keyutils-1.6.3-lib
2026-10-09T02:14:26.3122245Z   /nix/store/702y72g4yqmylqs1niks1dzm1vh6vaqh-lcms2-2.16
2026-10-09T02:14:26.3123121Z   /nix/store/fbkbkqb1cp46jwgk2lv6g28ik57r764i-libarchive-3.7.7-lib
2026-10-09T02:14:26.3124064Z   /nix/store/gniy4ab9wcijxjpcciddgpzdwq3v3dnb-libffi-3.4.6
2026-10-09T02:14:26.3124958Z   /nix/store/9jivp79yv91fl1i6ayq2107a78q7k43i-libidn2-2.3.7
2026-10-09T02:14:26.3126122Z   /nix/store/rrw0d53ykhyzwbqayrqzx28hm53krb7i-libjpeg-turbo-3.0.3
2026-10-09T02:14:26.3127099Z   /nix/store/2vv5dpcgl9hzcpzf1syjnrld69kfhkfm-libkrb5-1.21.3
2026-10-09T02:14:26.3128015Z   /nix/store/z867fyy7978kh6xf031ghmc6ysmiycq8-libkrb5-1.21.3
2026-10-09T02:14:26.3128947Z   /nix/store/bgh22i946ncj740a3snzlzddc0varib5-libkrb5-1.21.3-dev
2026-10-09T02:14:26.3129898Z   /nix/store/w0gcbzh5w6ds5h2cf1cg7nc2xcpcwxdk-libmpc-1.3.1
2026-10-09T02:14:26.3130853Z   /nix/store/vsq79al9acvxd0nng9h17c9z6a1fgz09-libpfm-4.13.0
2026-10-09T02:14:26.3131747Z   /nix/store/apjs9l6fsvv3d6d5dacinrhy8qj57jgx-libpsl-0.21.5
2026-10-09T02:14:26.3132637Z   /nix/store/8cigxaz31i50m4wrjxdyccb498r24mqb-libssh2-1.11.0
2026-10-09T02:14:26.3133500Z   /nix/store/jcv2dm4lis9g72qh580am3sg1x9vl80b-libssh2-1.11.0
2026-10-09T02:14:26.3134395Z   /nix/store/maifjkmix9nnh5j85s4ndsqad59f31p7-libssh2-1.11.0-dev
2026-10-09T02:14:26.3135579Z   /nix/store/zvwpisszhpkkk8spqyya8n3bpm7wj39p-libunistring-1.1
2026-10-09T02:14:26.3136531Z   /nix/store/1y79passl8570fq00gf4gr7b7ld7pzfl-liburcu-0.14.0
2026-10-09T02:14:26.3137411Z   /nix/store/a4x20x15w3r6iic9pllkzsikdr1ci8zr-libuv-1.48.0
2026-10-09T02:14:26.3138307Z   /nix/store/50bi74rnylylavh7b1ccylfyz0ksw22z-libuv-1.48.0-dev
2026-10-09T02:14:26.3139275Z   /nix/store/bb99dclcsv3r0a8q967bnvga02qicxsf-libxcrypt-4.4.36
2026-10-09T02:14:26.3140381Z   /nix/store/ssy9mnlc9pfkdn6msnirki0yfji4nqjv-libxml2-2.12.9
2026-10-09T02:14:26.3141369Z   /nix/store/d7vji37yjnbji14m4waa5rn35f10jzya-linux-headers-6.7
2026-10-09T02:14:26.3142252Z   /nix/store/jxdn6bj3hq16h1z42zrsz7kj5cjz5ir1-llvm-17.0.6
2026-10-09T02:14:26.3143133Z   /nix/store/hgv9ygk4bq8cscss48qnknmbrjmqvbh5-llvm-17.0.6-dev
2026-10-09T02:14:26.3144072Z   /nix/store/kh8za9c6zmhs2ijsgna5hcqil4j8lsbk-llvm-17.0.6-lib
2026-10-09T02:14:26.3145000Z   /nix/store/ar33fhhpindkrpagrjrjlsv3hj0vndgg-lttng-ust-2.12.2
2026-10-09T02:14:26.3146156Z   /nix/store/v68clh8wa74xxblx0b748vr50gl7xnzc-mailcap-2.1.53
2026-10-09T02:14:26.3147215Z   /nix/store/3214g9h194315pn6fnvl46lyfabwcd36-mirrors-list
2026-10-09T02:14:26.3148143Z   /nix/store/6x0n8ksnajz1kf7n6q0farmyrc6af4mz-mpdecimal-4.0.0
2026-10-09T02:14:26.3149016Z   /nix/store/4dqj8bq01rwapgzgwm0zpr622r6jv8wq-mpfr-4.2.1
2026-10-09T02:14:26.3149842Z   /nix/store/zmi2nlx42h1qrs2v7yn142dq4zjq30im-ncurses-6.4
2026-10-09T02:14:26.3150712Z   /nix/store/wcgzg38c6f5rspj5mp8b865v9c2b9rm7-ncurses-6.4-dev
2026-10-09T02:14:26.3151624Z   /nix/store/y5q23fai4v3rlq1pgw5f8sinhcyk39fq-ncurses-6.4-man
2026-10-09T02:14:26.3152524Z   /nix/store/l5xdryd9mpfmqrz124sqhby8jch87xj4-nghttp2-1.61.0
2026-10-09T02:14:26.3153464Z   /nix/store/v9fw3px4pv25jfqz6ibs0khahhnjxvpx-nghttp2-1.61.0-dev
2026-10-09T02:14:26.3154406Z   /nix/store/j17zmzz6z8fi8rd2yqk36n5jy8whzfhy-nghttp2-1.61.0-lib
2026-10-09T02:14:26.3155512Z   /nix/store/xznnzkxql66sg21aw9xcxfv8d44nna08-nghttp2-1.61.0-lib
2026-10-09T02:14:26.3156361Z   /nix/store/1qkhzhgx9w8rawvy8lvbaxqh4xb0srad-nodejs-22.10.0
2026-10-09T02:14:26.3157208Z   /nix/store/a6prrfmmr6kkbkwk6v3vq4zd96mcc5g4-numactl-2.0.18
2026-10-09T02:14:26.3158089Z   /nix/store/925hihdxx9ybs57cxvh59flm8sxddimh-oniguruma-6.9.9-lib
2026-10-09T02:14:26.3159029Z   /nix/store/4sg2892rfh45fjzz62s7dbsxgnr7kq5h-openjdk-headless-22+36
2026-10-09T02:14:26.3159907Z   /nix/store/nwwm81a4kyx8yhq6xrsyzp5a5b51fnkg-openssl-3.0.14
2026-10-09T02:14:26.3160787Z   /nix/store/p8hw2h465g0byxwpamnk6gv6mp5gnqn2-openssl-3.0.14
2026-10-09T02:14:26.3161678Z   /nix/store/3za4imd3c8r7zm6x62khahdf5dwn2ihq-openssl-3.0.14-bin
2026-10-09T02:14:26.3162596Z   /nix/store/i6phx7d2fzzjrp9cq3y95ysqn85cj1y4-openssl-3.0.14-bin
2026-10-09T02:14:26.3163488Z   /nix/store/75qm0pb8hah3i2wa0mgd3l5fyhknr6p3-openssl-3.0.14-dev
2026-10-09T02:14:26.3164355Z   /nix/store/ng1lqlkhf27xg4d3ahi8rl3vi30kpzqn-openssl-3.0.14-dev
2026-10-09T02:14:26.3165448Z   /nix/store/hxhg0hk4g60yjsbiw1hwdzykidswdvaz-patch-2.7.6
2026-10-09T02:14:26.3166262Z   /nix/store/2wp235bg03gykpixd9v2nyxp08w8xq8a-patchelf-0.15.0
2026-10-09T02:14:26.3167083Z   /nix/store/jk99vx5dhv57zldl5j0id3n23igbj269-pcre2-10.43
2026-10-09T02:14:26.3167855Z   /nix/store/mdadnfhlp7m6778zhlmpbn9qy37xkrmh-perl-5.38.2
2026-10-09T02:14:26.3168766Z   /nix/store/lgs9i0988prw414dls42dc5agsvj88wg-perl5.38.2-Authen-SASL-2.1700
2026-10-09T02:14:26.3169833Z   /nix/store/cv05k9nr90lciyxyrpkwmqrq9lhl1rn4-perl5.38.2-CGI-4.59
2026-10-09T02:14:26.3170791Z   /nix/store/fsikhb1i0bf4pz9b819bp33y2vbhfq2f-perl5.38.2-CGI-Fast-2.16
2026-10-09T02:14:26.3171779Z   /nix/store/aa1nmdsivj49bfgkzimi12fjz7wchwbn-perl5.38.2-Clone-0.46
2026-10-09T02:14:26.3172801Z   /nix/store/jvzprd7j5kh2xmmq62v05lchl31dj1d8-perl5.38.2-Digest-HMAC-1.04
2026-10-09T02:14:26.3176203Z   /nix/store/ws540wqk99bs78nj6sf94l58p9q0j206-perl5.38.2-Encode-Locale-1.05
2026-10-09T02:14:26.3177377Z   /nix/store/5x04zrxvdamhi4gbhpb6d8wmrgi5s046-perl5.38.2-FCGI-0.82
2026-10-09T02:14:26.3178784Z   /nix/store/1rs6r53nbr8d3bxgp50c5pj822p2ldgk-perl5.38.2-FCGI-ProcManager-0.28
2026-10-09T02:14:26.3180084Z   /nix/store/8rld2a5k3r7sj12lmymal6hbpks13rkf-perl5.38.2-File-Listing-6.16
2026-10-09T02:14:26.3181392Z   /nix/store/8vnznycxwsghawc0fgxfasfhrfgggjsc-perl5.38.2-HTML-Parser-3.81
2026-10-09T02:14:26.3182748Z   /nix/store/sazs3vywbi6sipfccvih8f88r9v621w7-perl5.38.2-HTML-TagCloud-0.38
2026-10-09T02:14:26.3183936Z   /nix/store/l1r74jzcj016i2zr14l75zfcdx46vpxd-perl5.38.2-HTML-Tagset-3.20
2026-10-09T02:14:26.3185541Z   /nix/store/pdczdajinqqf013h6srx3mvrizr5053w-perl5.38.2-HTTP-CookieJar-0.014
2026-10-09T02:14:26.3187098Z   /nix/store/xwa7k3qirvbi4j1nd6c910i8xcqzq0zc-perl5.38.2-HTTP-Cookies-6.10
2026-10-09T02:14:26.3188408Z   /nix/store/96k4wa4181zg5inxbzkqk81f3pvs1zf6-perl5.38.2-HTTP-Daemon-6.16
2026-10-09T02:14:26.3224029Z   /nix/store/5gxibfsyjvfhkxpnz18r8qqld393d2nn-perl5.38.2-HTTP-Date-6.06
2026-10-09T02:14:26.3225527Z   /nix/store/nmiy52nfg19qh56mpnshy2pi7ms2inga-perl5.38.2-HTTP-Message-6.45
2026-10-09T02:14:26.3226784Z   /nix/store/m22x0xhiqxgswiihn5vxi4cm9rww9fjm-perl5.38.2-HTTP-Negotiate-6.01
2026-10-09T02:14:26.3228014Z   /nix/store/p7aaqwkfbczvw7fkw2yqsz0bhfhsq4zy-perl5.38.2-IO-HTML-1.004
2026-10-09T02:14:26.3229391Z   /nix/store/32si5ivv66qixzs0qgwcwh7ik7qhjcdj-perl5.38.2-IO-Socket-SSL-2.083
2026-10-09T02:14:26.3230674Z   /nix/store/4bd6wmi1x1nk9b8gdnypjrhil19y3jq0-perl5.38.2-LWP-MediaTypes-6.04
2026-10-09T02:14:26.3231793Z   /nix/store/3bpaa568fnrx0jz7lzp2sfhgp2sjbqi0-perl5.38.2-Mozilla-CA-20230821
2026-10-09T02:14:26.3232873Z   /nix/store/s4xiws1ayv3l297k7xdhs6lng8sds08a-perl5.38.2-Net-HTTP-6.23
2026-10-09T02:14:26.3233941Z   /nix/store/6dcc1j2x8gm4vmk4fijb0fmbabqwjscs-perl5.38.2-Net-SMTP-SSL-1.04
2026-10-09T02:14:26.3234997Z   /nix/store/a75jgdhdgbp18ij8r3khdkb9hb1ypykl-perl5.38.2-Net-SSLeay-1.92
2026-10-09T02:14:26.3236263Z   /nix/store/i0wk9fviyymf3vq86w6nc1jikc9209pp-perl5.38.2-TermReadKey-2.38
2026-10-09T02:14:26.3237294Z   /nix/store/gd5gbdkkc21hnyd1i1975lzckg3vyy0q-perl5.38.2-Test-Fatal-0.017
2026-10-09T02:14:26.3238350Z   /nix/store/5yah4mdd0cwfwvjgln32m5v4x73pzyjr-perl5.38.2-Test-Needs-0.002010
2026-10-09T02:14:26.3239542Z   /nix/store/1vhgsh0mvsmd10jy0jf3k1yfjr7vjiqa-perl5.38.2-Test-RequiresInternet-0.05
2026-10-09T02:14:26.3240686Z   /nix/store/za4zp2sff6p86j0mmbd874qipbiads43-perl5.38.2-TimeDate-2.33
2026-10-09T02:14:26.3241703Z   /nix/store/iw3l5vqxajdgyqh32xvh50hgryfs53ih-perl5.38.2-Try-Tiny-0.31
2026-10-09T02:14:26.3242667Z   /nix/store/8p2jwlmgk4vwynqks5di2svvlwg468nw-perl5.38.2-URI-5.21
2026-10-09T02:14:26.3243717Z   /nix/store/4hpxdsfcn9qjyv1c3rb8wp6gg4xalh1g-perl5.38.2-WWW-RobotRules-6.02
2026-10-09T02:14:26.3244762Z   /nix/store/5xcbphhkys4b7nnxbrn37fnm70bncyr7-perl5.38.2-libnet-3.15
2026-10-09T02:14:26.3245982Z   /nix/store/mvnig14jxhfn1qnzmlpy855dxbd0rvf1-perl5.38.2-libwww-perl-6.72
2026-10-09T02:14:26.3246977Z   /nix/store/qhwavx7kpnazsmfdbbvvafs0vsnkn49p-pkg-config-0.29.2
2026-10-09T02:14:26.3247948Z   /nix/store/dr2969ydf41s2i345dg751cabi9wnksn-pkg-config-wrapper-0.29.2
2026-10-09T02:14:26.3249120Z   /nix/store/bmjdb3wc1z2nh78k23p9akgqiabi2way-publicsuffix-list-0-unstable-2024-01-07
2026-10-09T02:14:26.3250183Z   /nix/store/s0p1kr5mvs0j42dq5r08kgqbi0k028f2-python3-3.11.10
2026-10-09T02:14:26.3251076Z   /nix/store/v9zjfpkffznvnlaa28mdkc5kr3ka9y6c-python3-3.11.10-env
2026-10-09T02:14:26.3252068Z   /nix/store/6frx0rrqvrjgc5axzih8ybp6x8i3lnfc-python3.11-pyelftools-0.31
2026-10-09T02:14:26.3253013Z   /nix/store/rafcl7sl3f9757z4m5hl7vaklppi8xkr-readline-8.2p10
2026-10-09T02:14:26.3253822Z   /nix/store/vnhidpihmbp8wr949ri7a457y0hnb6bn-rhash-1.4.4
2026-10-09T02:14:26.3254715Z   /nix/store/18wh4fyaiar3bz1vz041518yg9dj41w3-set-java-classpath-hook
2026-10-09T02:14:26.3255796Z   /nix/store/0pjc3s5k0zlc56xs2z0cmvq885zkij9h-sqlite-3.45.3
2026-10-09T02:14:26.3256588Z   /nix/store/80wijs24wjp619zmrasrh805bax02xjm-stdenv-linux
2026-10-09T02:14:26.3257369Z   /nix/store/zix67r268ihi4c362zw7c0989z12jmy7-stdenv-linux
2026-10-09T02:14:26.3258119Z   /nix/store/vil8wqacfkz8qx09aymahxv48d1zq3g2-tzdata-2024b
2026-10-09T02:14:26.3259149Z   /nix/store/2329271b42wh6b6yhl7jmjyi0cs4428b-update-autotools-gnu-config-scripts-hook
2026-10-09T02:14:26.3260226Z   /nix/store/ai8khzi02bspxjgdxqhx02bdgdnmk1yx-wabt-1.0.35
2026-10-09T02:14:26.3261046Z   /nix/store/zx7p1fa3n2f316p82005j50h87kd2q2b-wasm-tools-1.215.0
2026-10-09T02:14:26.3261901Z   /nix/store/2y852kcvb7shrj8f3z8j22pa0iybcbgj-xgcc-13.2.0-libgcc
2026-10-09T02:14:26.3262742Z   /nix/store/p1m1hbbfyvix5390xgslhq3d30zzhp7f-xz-5.4.7
2026-10-09T02:14:26.3263477Z   /nix/store/1h4vhcpa6nqln9x0w03dy5i1x97z8svc-xz-5.4.7-bin
2026-10-09T02:14:26.3264496Z   /nix/store/qg40mg3yyyazi6phd5vxygk05xcmrkc9-xz-5.4.7-dev
2026-10-09T02:14:26.3265521Z   /nix/store/6ghariqqf33l5xqn7alx58dys7kz2wm5-zlib-1.3.1
2026-10-09T02:14:26.3266320Z   /nix/store/i44dhfrwi3qaz3f8xkxiva6zqkq3f65v-zlib-1.3.1-dev
2026-10-09T02:14:26.3267103Z   /nix/store/c1hff4nzawfkzvjmqn609pfdc3m3dk5z-zstd-1.5.6
2026-10-09T02:14:26.3267899Z   /nix/store/g7kjsdrig65ykzi0056abrb84dxm1mqv-zstd-1.5.6-bin
2026-10-09T02:14:26.3268706Z   /nix/store/m1vwc9blmwijw7ngrxz6rmybhzvamp08-zstd-1.5.6-dev
2026-10-09T02:14:26.3270260Z copying path '/nix/store/dd13q38yxm9qppjclsvwn10dscsf0l9w-gcc-13.2.0-libgcc' from 'https://cache.nixos.org'...
2026-10-09T02:14:26.3272048Z copying path '/nix/store/d0i8idmbb4jji9ml01xsqgykrbvm7dss-gnu-config-2024-01-01' from 'https://cache.nixos.org'...
2026-10-09T02:14:26.3273788Z copying path '/nix/store/2y852kcvb7shrj8f3z8j22pa0iybcbgj-xgcc-13.2.0-libgcc' from 'https://cache.nixos.org'...
2026-10-09T02:14:26.3297799Z copying path '/nix/store/km0pyarp6b5ppixfgqc03mxsb2m8zxj2-git-2.44.2-doc' from 'https://cache.nixos.org'...
2026-10-09T02:14:26.3299662Z copying path '/nix/store/2b81ihj7pcsr6pkr02vaajprjx9gfpq6-jq-1.7.1' from 'https://cache.nixos.org'...
2026-10-09T02:14:26.3308052Z copying path '/nix/store/zvwpisszhpkkk8spqyya8n3bpm7wj39p-libunistring-1.1' from 'https://cache.nixos.org'...
2026-10-09T02:14:26.3312614Z copying path '/nix/store/v68clh8wa74xxblx0b748vr50gl7xnzc-mailcap-2.1.53' from 'https://cache.nixos.org'...
2026-10-09T02:14:26.3314865Z copying path '/nix/store/1rs6r53nbr8d3bxgp50c5pj822p2ldgk-perl5.38.2-FCGI-ProcManager-0.28' from 'https://cache.nixos.org'...
2026-10-09T02:14:26.3317523Z copying path '/nix/store/jvzprd7j5kh2xmmq62v05lchl31dj1d8-perl5.38.2-Digest-HMAC-1.04' from 'https://cache.nixos.org'...
2026-10-09T02:14:26.3320339Z copying path '/nix/store/sazs3vywbi6sipfccvih8f88r9v621w7-perl5.38.2-HTML-TagCloud-0.38' from 'https://cache.nixos.org'...
2026-10-09T02:14:26.3324415Z copying path '/nix/store/8p2jwlmgk4vwynqks5di2svvlwg468nw-perl5.38.2-URI-5.21' from 'https://cache.nixos.org'...
2026-10-09T02:14:26.3330068Z copying path '/nix/store/18wh4fyaiar3bz1vz041518yg9dj41w3-set-java-classpath-hook' from 'https://cache.nixos.org'...
2026-10-09T02:14:26.3338953Z copying path '/nix/store/vil8wqacfkz8qx09aymahxv48d1zq3g2-tzdata-2024b' from 'https://cache.nixos.org'...
2026-10-09T02:14:26.3341268Z copying path '/nix/store/5xcbphhkys4b7nnxbrn37fnm70bncyr7-perl5.38.2-libnet-3.15' from 'https://cache.nixos.org'...
2026-10-09T02:14:26.3379889Z copying path '/nix/store/p3ks31bnd9fhvh2cp1wmcalm4bs2bkwq-jq-1.7.1-doc' from 'https://cache.nixos.org'...
2026-10-09T02:14:26.3384487Z copying path '/nix/store/xrmh72ajmjxlgnncilm9mg6ww8nsff5m-jq-1.7.1-man' from 'https://cache.nixos.org'...
2026-10-09T02:14:26.3414875Z copying path '/nix/store/l5xdryd9mpfmqrz124sqhby8jch87xj4-nghttp2-1.61.0' from 'https://cache.nixos.org'...
2026-10-09T02:14:26.3454174Z copying path '/nix/store/2329271b42wh6b6yhl7jmjyi0cs4428b-update-autotools-gnu-config-scripts-hook' from 'https://cache.nixos.org'...
2026-10-09T02:14:26.3472102Z copying path '/nix/store/bmjdb3wc1z2nh78k23p9akgqiabi2way-publicsuffix-list-0-unstable-2024-01-07' from 'https://cache.nixos.org'...
2026-10-09T02:14:26.3486121Z copying path '/nix/store/d7vji37yjnbji14m4waa5rn35f10jzya-linux-headers-6.7' from 'https://cache.nixos.org'...
2026-10-09T02:14:26.3556433Z copying path '/nix/store/y5q23fai4v3rlq1pgw5f8sinhcyk39fq-ncurses-6.4-man' from 'https://cache.nixos.org'...
2026-10-09T02:14:26.3587262Z copying path '/nix/store/l1r74jzcj016i2zr14l75zfcdx46vpxd-perl5.38.2-HTML-Tagset-3.20' from 'https://cache.nixos.org'...
2026-10-09T02:14:26.3590387Z copying path '/nix/store/lgs9i0988prw414dls42dc5agsvj88wg-perl5.38.2-Authen-SASL-2.1700' from 'https://cache.nixos.org'...
2026-10-09T02:14:26.3637747Z copying path '/nix/store/3bpaa568fnrx0jz7lzp2sfhgp2sjbqi0-perl5.38.2-Mozilla-CA-20230821' from 'https://cache.nixos.org'...
2026-10-09T02:14:26.3650304Z copying path '/nix/store/1vhgsh0mvsmd10jy0jf3k1yfjr7vjiqa-perl5.38.2-Test-RequiresInternet-0.05' from 'https://cache.nixos.org'...
2026-10-09T02:14:26.3678340Z copying path '/nix/store/4bd6wmi1x1nk9b8gdnypjrhil19y3jq0-perl5.38.2-LWP-MediaTypes-6.04' from 'https://cache.nixos.org'...
2026-10-09T02:14:26.3720615Z copying path '/nix/store/4hpxdsfcn9qjyv1c3rb8wp6gg4xalh1g-perl5.38.2-WWW-RobotRules-6.02' from 'https://cache.nixos.org'...
2026-10-09T02:14:26.3764866Z copying path '/nix/store/5yah4mdd0cwfwvjgln32m5v4x73pzyjr-perl5.38.2-Test-Needs-0.002010' from 'https://cache.nixos.org'...
2026-10-09T02:14:26.3793265Z copying path '/nix/store/iw3l5vqxajdgyqh32xvh50hgryfs53ih-perl5.38.2-Try-Tiny-0.31' from 'https://cache.nixos.org'...
2026-10-09T02:14:26.3810678Z copying path '/nix/store/p7aaqwkfbczvw7fkw2yqsz0bhfhsq4zy-perl5.38.2-IO-HTML-1.004' from 'https://cache.nixos.org'...
2026-10-09T02:14:26.3822569Z copying path '/nix/store/s4xiws1ayv3l297k7xdhs6lng8sds08a-perl5.38.2-Net-HTTP-6.23' from 'https://cache.nixos.org'...
2026-10-09T02:14:26.3892115Z copying path '/nix/store/ws540wqk99bs78nj6sf94l58p9q0j206-perl5.38.2-Encode-Locale-1.05' from 'https://cache.nixos.org'...
2026-10-09T02:14:26.3950981Z copying path '/nix/store/za4zp2sff6p86j0mmbd874qipbiads43-perl5.38.2-TimeDate-2.33' from 'https://cache.nixos.org'...
2026-10-09T02:14:26.3981085Z copying path '/nix/store/3214g9h194315pn6fnvl46lyfabwcd36-mirrors-list' from 'https://cache.nixos.org'...
2026-10-09T02:14:26.3991912Z copying path '/nix/store/9jivp79yv91fl1i6ayq2107a78q7k43i-libidn2-2.3.7' from 'https://cache.nixos.org'...
2026-10-09T02:14:26.4047523Z copying path '/nix/store/1xbn2czqsq3412qs1rk7kwyqxzbqsjjl-curl-8.7.1-man' from 'https://cache.nixos.org'...
2026-10-09T02:14:26.4132600Z copying path '/nix/store/gd5gbdkkc21hnyd1i1975lzckg3vyy0q-perl5.38.2-Test-Fatal-0.017' from 'https://cache.nixos.org'...
2026-10-09T02:14:26.4256135Z copying path '/nix/store/5gxibfsyjvfhkxpnz18r8qqld393d2nn-perl5.38.2-HTTP-Date-6.06' from 'https://cache.nixos.org'...
2026-10-09T02:14:26.4402674Z copying path '/nix/store/pf5avvvl4ssd6kylcvg2g23hcjp71h19-glibc-2.39-52' from 'https://cache.nixos.org'...
2026-10-09T02:14:26.4586999Z copying path '/nix/store/8rld2a5k3r7sj12lmymal6hbpks13rkf-perl5.38.2-File-Listing-6.16' from 'https://cache.nixos.org'...
2026-10-09T02:14:26.4597535Z copying path '/nix/store/pdczdajinqqf013h6srx3mvrizr5053w-perl5.38.2-HTTP-CookieJar-0.014' from 'https://cache.nixos.org'...
2026-10-09T02:14:26.8487689Z copying path '/nix/store/s894wa8wzbf841myjr7dm4m85177f8rl-attr-2.5.2' from 'https://cache.nixos.org'...
2026-10-09T02:14:26.8490377Z copying path '/nix/store/1jzhbwq5rjjaqa75z88ws2b424vh7m53-bash-5.2p32' from 'https://cache.nixos.org'...
2026-10-09T02:14:26.8499302Z copying path '/nix/store/nmkjwwbqbsa4nx3ljjxrp746kp53by51-brotli-1.1.0-lib' from 'https://cache.nixos.org'...
2026-10-09T02:14:26.8504254Z copying path '/nix/store/0s4k9fh17m2sx8ifj9xdflnjfgxrvbgp-bzip2-1.0.8' from 'https://cache.nixos.org'...
2026-10-09T02:14:26.8507946Z copying path '/nix/store/13bjf2r63138p99rcdkdb0wr0gbwcc0m-expand-response-params' from 'https://cache.nixos.org'...
2026-10-09T02:14:26.8510067Z copying path '/nix/store/sg0xabw675wgc8y1rl6mymmhggqkqmjr-expand-response-params' from 'https://cache.nixos.org'...
2026-10-09T02:14:26.8512088Z copying path '/nix/store/nbbg70f6gihj51p65kv19m0fnq8ik5kh-expat-2.6.4' from 'https://cache.nixos.org'...
2026-10-09T02:14:26.8513647Z copying path '/nix/store/bjfycbr15irgfgwqw6bjb5xmrb6jllnq-ed-1.20.2' from 'https://cache.nixos.org'...
2026-10-09T02:14:26.8515680Z copying path '/nix/store/jziybc6yn78sf0bbh0kmmx50bxjsnr15-gawk-5.2.2' from 'https://cache.nixos.org'...
2026-10-09T02:14:26.8517977Z copying path '/nix/store/90yn7340r8yab8kxpb0p7y0c9j3snjam-gcc-13.2.0-lib' from 'https://cache.nixos.org'...
2026-10-09T02:14:26.8519565Z copying path '/nix/store/94gaw2ngsnpf3ybxjsg89lf3hf3d55y2-glibc-2.39-52-bin' from 'https://cache.nixos.org'...
2026-10-09T02:14:26.8520977Z copying path '/nix/store/y8fzwmygqh9rl5rc8rvcydcskgszldpn-gdbm-1.23' from 'https://cache.nixos.org'...
2026-10-09T02:14:26.8521885Z copying path '/nix/store/bz756gkg3lrqjl958d8h7z5qn98z0vn7-gmp-6.3.0' from 'https://cache.nixos.org'...
2026-10-09T02:14:26.8523776Z copying path '/nix/store/vqgpb0anqqfnhb5ww3y8rf1jaxpphqwg-gnumake-4.4.1' from 'https://cache.nixos.org'...
2026-10-09T02:14:26.8525583Z copying path '/nix/store/0554jm1l1qw1pcfqsliw91hnifn11w8m-gnumake-4.4.1' from 'https://cache.nixos.org'...
2026-10-09T02:14:26.8527005Z copying path '/nix/store/y8br765djcj51ls9lb3kylkrvc2wan3p-gnused-4.9' from 'https://cache.nixos.org'...
2026-10-09T02:14:26.8806799Z copying path '/nix/store/a4x20x15w3r6iic9pllkzsikdr1ci8zr-libuv-1.48.0' from 'https://cache.nixos.org'...
2026-10-09T02:14:26.8818572Z copying path '/nix/store/6ghariqqf33l5xqn7alx58dys7kz2wm5-zlib-1.3.1' from 'https://cache.nixos.org'...
2026-10-09T02:14:26.8826716Z copying path '/nix/store/p8hw2h465g0byxwpamnk6gv6mp5gnqn2-openssl-3.0.14' from 'https://cache.nixos.org'...
2026-10-09T02:14:26.8904937Z copying path '/nix/store/8krchn3igfzz62fnirxj47l2hrz11sj9-bzip2-1.0.8-bin' from 'https://cache.nixos.org'...
2026-10-09T02:14:26.8916754Z copying path '/nix/store/hxhg0hk4g60yjsbiw1hwdzykidswdvaz-patch-2.7.6' from 'https://cache.nixos.org'...
2026-10-09T02:14:26.9082289Z copying path '/nix/store/80kzdbnl1bmnd8r8hphh1xzmgsvyyf6w-acl-2.3.2' from 'https://cache.nixos.org'...
2026-10-09T02:14:26.9173642Z copying path '/nix/store/vnhidpihmbp8wr949ri7a457y0hnb6bn-rhash-1.4.4' from 'https://cache.nixos.org'...
2026-10-09T02:14:26.9423776Z copying path '/nix/store/5x04zrxvdamhi4gbhpb6d8wmrgi5s046-perl5.38.2-FCGI-0.82' from 'https://cache.nixos.org'...
2026-10-09T02:14:26.9427834Z copying path '/nix/store/i0wk9fviyymf3vq86w6nc1jikc9209pp-perl5.38.2-TermReadKey-2.38' from 'https://cache.nixos.org'...
2026-10-09T02:14:26.9527139Z copying path '/nix/store/zmi2nlx42h1qrs2v7yn142dq4zjq30im-ncurses-6.4' from 'https://cache.nixos.org'...
2026-10-09T02:14:26.9566088Z copying path '/nix/store/702y72g4yqmylqs1niks1dzm1vh6vaqh-lcms2-2.16' from 'https://cache.nixos.org'...
2026-10-09T02:14:26.9689166Z copying path '/nix/store/qhwavx7kpnazsmfdbbvvafs0vsnkn49p-pkg-config-0.29.2' from 'https://cache.nixos.org'...
2026-10-09T02:14:26.9691401Z copying path '/nix/store/rrw0d53ykhyzwbqayrqzx28hm53krb7i-libjpeg-turbo-3.0.3' from 'https://cache.nixos.org'...
2026-10-09T02:14:26.9847048Z copying path '/nix/store/6x0n8ksnajz1kf7n6q0farmyrc6af4mz-mpdecimal-4.0.0' from 'https://cache.nixos.org'...
2026-10-09T02:14:26.9885558Z copying path '/nix/store/50bi74rnylylavh7b1ccylfyz0ksw22z-libuv-1.48.0-dev' from 'https://cache.nixos.org'...
2026-10-09T02:14:26.9948188Z copying path '/nix/store/bb99dclcsv3r0a8q967bnvga02qicxsf-libxcrypt-4.4.36' from 'https://cache.nixos.org'...
2026-10-09T02:14:26.9954137Z copying path '/nix/store/gniy4ab9wcijxjpcciddgpzdwq3v3dnb-libffi-3.4.6' from 'https://cache.nixos.org'...
2026-10-09T02:14:27.0029263Z copying path '/nix/store/i44dhfrwi3qaz3f8xkxiva6zqkq3f65v-zlib-1.3.1-dev' from 'https://cache.nixos.org'...
2026-10-09T02:14:27.0067394Z copying path '/nix/store/0vdf5mpd762bw53rgl5nkmhvzq8n4m0d-file-5.45' from 'https://cache.nixos.org'...
2026-10-09T02:14:27.0108631Z copying path '/nix/store/1b4si7qr8f04lqpy5m7iis3w8jxhc2vq-file-5.45' from 'https://cache.nixos.org'...
2026-10-09T02:14:27.0258705Z copying path '/nix/store/llalnjlyrj2zv12q5bjy8cagqv70j73y-gnutar-1.35' from 'https://cache.nixos.org'...
2026-10-09T02:14:27.0529777Z copying path '/nix/store/r6apkwli4s0xhzn1bdi9nrkmvqc5arrj-gzip-1.13' from 'https://cache.nixos.org'...
2026-10-09T02:14:27.0577244Z copying path '/nix/store/0pjc3s5k0zlc56xs2z0cmvq885zkij9h-sqlite-3.45.3' from 'https://cache.nixos.org'...
2026-10-09T02:14:27.0609620Z copying path '/nix/store/9spr3h287vf61j35vh59aqcv7rm0wspb-bash-5.2p32-dev' from 'https://cache.nixos.org'...
2026-10-09T02:14:27.0639049Z copying path '/nix/store/p1m1hbbfyvix5390xgslhq3d30zzhp7f-xz-5.4.7' from 'https://cache.nixos.org'...
2026-10-09T02:14:27.0641083Z copying path '/nix/store/xznnzkxql66sg21aw9xcxfv8d44nna08-nghttp2-1.61.0-lib' from 'https://cache.nixos.org'...
2026-10-09T02:14:27.0660961Z copying path '/nix/store/jig62nn8174n4dlk05lqwsvs5wd2c64r-glibc-2.39-52-dev' from 'https://cache.nixos.org'...
2026-10-09T02:14:27.0670214Z copying path '/nix/store/jk99vx5dhv57zldl5j0id3n23igbj269-pcre2-10.43' from 'https://cache.nixos.org'...
2026-10-09T02:14:27.0782231Z copying path '/nix/store/apjs9l6fsvv3d6d5dacinrhy8qj57jgx-libpsl-0.21.5' from 'https://cache.nixos.org'...
2026-10-09T02:14:27.0895775Z copying path '/nix/store/j17zmzz6z8fi8rd2yqk36n5jy8whzfhy-nghttp2-1.61.0-lib' from 'https://cache.nixos.org'...
2026-10-09T02:14:27.1058064Z copying path '/nix/store/dr2969ydf41s2i345dg751cabi9wnksn-pkg-config-wrapper-0.29.2' from 'https://cache.nixos.org'...
2026-10-09T02:14:27.1201526Z copying path '/nix/store/4dqj8bq01rwapgzgwm0zpr622r6jv8wq-mpfr-4.2.1' from 'https://cache.nixos.org'...
2026-10-09T02:14:27.1470680Z copying path '/nix/store/mwa26ixrnf0s1j7923pdzfl9nwwglq4w-isl-0.20' from 'https://cache.nixos.org'...
2026-10-09T02:14:27.1472774Z copying path '/nix/store/v9fw3px4pv25jfqz6ibs0khahhnjxvpx-nghttp2-1.61.0-dev' from 'https://cache.nixos.org'...
2026-10-09T02:14:27.1617305Z copying path '/nix/store/925hihdxx9ybs57cxvh59flm8sxddimh-oniguruma-6.9.9-lib' from 'https://cache.nixos.org'...
2026-10-09T02:14:27.1713914Z copying path '/nix/store/ssy9mnlc9pfkdn6msnirki0yfji4nqjv-libxml2-2.12.9' from 'https://cache.nixos.org'...
2026-10-09T02:14:27.1770532Z copying path '/nix/store/1h4vhcpa6nqln9x0w03dy5i1x97z8svc-xz-5.4.7-bin' from 'https://cache.nixos.org'...
2026-10-09T02:14:27.1794118Z copying path '/nix/store/0b5z0wf3k9y3s3qadnkwsm78avax4jlk-keyutils-1.6.3-lib' from 'https://cache.nixos.org'...
2026-10-09T02:14:27.1839635Z copying path '/nix/store/vsq79al9acvxd0nng9h17c9z6a1fgz09-libpfm-4.13.0' from 'https://cache.nixos.org'...
2026-10-09T02:14:27.1940576Z copying path '/nix/store/1y79passl8570fq00gf4gr7b7ld7pzfl-liburcu-0.14.0' from 'https://cache.nixos.org'...
2026-10-09T02:14:27.2317343Z copying path '/nix/store/aa1nmdsivj49bfgkzimi12fjz7wchwbn-perl5.38.2-Clone-0.46' from 'https://cache.nixos.org'...
2026-10-09T02:14:27.2456746Z copying path '/nix/store/2vv5dpcgl9hzcpzf1syjnrld69kfhkfm-libkrb5-1.21.3' from 'https://cache.nixos.org'...
2026-10-09T02:14:27.2586768Z copying path '/nix/store/qg40mg3yyyazi6phd5vxygk05xcmrkc9-xz-5.4.7-dev' from 'https://cache.nixos.org'...
2026-10-09T02:14:27.2798831Z copying path '/nix/store/w0gcbzh5w6ds5h2cf1cg7nc2xcpcwxdk-libmpc-1.3.1' from 'https://cache.nixos.org'...
2026-10-09T02:14:27.2813531Z copying path '/nix/store/bwxp1bkaa4cgz20mrk1hqm8azvv1skif-jq-1.7.1-lib' from 'https://cache.nixos.org'...
2026-10-09T02:14:27.2830520Z copying path '/nix/store/8nss7h1yk4jihkmr4xj5ihrbdkv4y1wy-gnugrep-3.11' from 'https://cache.nixos.org'...
2026-10-09T02:14:27.2956504Z copying path '/nix/store/nmiy52nfg19qh56mpnshy2pi7ms2inga-perl5.38.2-HTTP-Message-6.45' from 'https://cache.nixos.org'...
2026-10-09T02:14:27.2958638Z copying path '/nix/store/xf9367aw8afx9a8y9r90kdhlaji9bnz8-binutils-2.41-lib' from 'https://cache.nixos.org'...
2026-10-09T02:14:27.3199573Z copying path '/nix/store/nwwm81a4kyx8yhq6xrsyzp5a5b51fnkg-openssl-3.0.14' from 'https://cache.nixos.org'...
2026-10-09T02:14:27.3317908Z copying path '/nix/store/z867fyy7978kh6xf031ghmc6ysmiycq8-libkrb5-1.21.3' from 'https://cache.nixos.org'...
2026-10-09T02:14:27.3363547Z copying path '/nix/store/q36rhfg9kml0hf7gmrhvixn17xlbmijm-file-5.45-dev' from 'https://cache.nixos.org'...
2026-10-09T02:14:27.3367736Z copying path '/nix/store/8vnznycxwsghawc0fgxfasfhrfgggjsc-perl5.38.2-HTML-Parser-3.81' from 'https://cache.nixos.org'...
2026-10-09T02:14:27.3457558Z copying path '/nix/store/96k4wa4181zg5inxbzkqk81f3pvs1zf6-perl5.38.2-HTTP-Daemon-6.16' from 'https://cache.nixos.org'...
2026-10-09T02:14:27.3560566Z copying path '/nix/store/m22x0xhiqxgswiihn5vxi4cm9rww9fjm-perl5.38.2-HTTP-Negotiate-6.01' from 'https://cache.nixos.org'...
2026-10-09T02:14:27.3736403Z copying path '/nix/store/xwa7k3qirvbi4j1nd6c910i8xcqzq0zc-perl5.38.2-HTTP-Cookies-6.10' from 'https://cache.nixos.org'...
2026-10-09T02:14:27.3807142Z copying path '/nix/store/xylb1pgqnnd2qj9lsy1w2r9p8lmir8qs-jq-1.7.1-bin' from 'https://cache.nixos.org'...
2026-10-09T02:14:27.3902053Z copying path '/nix/store/a75jgdhdgbp18ij8r3khdkb9hb1ypykl-perl5.38.2-Net-SSLeay-1.92' from 'https://cache.nixos.org'...
2026-10-09T02:14:27.4009863Z copying path '/nix/store/i6phx7d2fzzjrp9cq3y95ysqn85cj1y4-openssl-3.0.14-bin' from 'https://cache.nixos.org'...
2026-10-09T02:14:27.4273209Z copying path '/nix/store/jcv2dm4lis9g72qh580am3sg1x9vl80b-libssh2-1.11.0' from 'https://cache.nixos.org'...
2026-10-09T02:14:27.4379086Z copying path '/nix/store/4kvn0yq5dc2gylbwsqbynzxxpkf4b143-jq-1.7.1-dev' from 'https://cache.nixos.org'...
2026-10-09T02:14:27.4425309Z copying path '/nix/store/cv05k9nr90lciyxyrpkwmqrq9lhl1rn4-perl5.38.2-CGI-4.59' from 'https://cache.nixos.org'...
2026-10-09T02:14:27.4451695Z copying path '/nix/store/6lwnmjnynb6mvpifwvdx0nx60kfw2vrh-compiler-rt-libc-17.0.6' from 'https://cache.nixos.org'...
2026-10-09T02:14:27.4453819Z copying path '/nix/store/f2lglcw69yh2yyihxq6kvhpanc3s1n9p-gcc-13.2.0' from 'https://cache.nixos.org'...
2026-10-09T02:14:27.4463416Z copying path '/nix/store/6ds32jlmhqjvbkp2pd20dz1wi9anszls-gettext-0.21.1' from 'https://cache.nixos.org'...
2026-10-09T02:14:27.4465792Z copying path '/nix/store/0pkjhzncyjkvhq8lwmdkzvl4cs4vh0yb-gmp-with-cxx-6.3.0' from 'https://cache.nixos.org'...
2026-10-09T02:14:27.4467815Z copying path '/nix/store/a2qxya11zd3xdn5df34n6axfd6fhgzql-icu4c-73.2' from 'https://cache.nixos.org'...
2026-10-09T02:14:27.4534135Z copying path '/nix/store/2wp235bg03gykpixd9v2nyxp08w8xq8a-patchelf-0.15.0' from 'https://cache.nixos.org'...
2026-10-09T02:14:27.4656478Z copying path '/nix/store/4sg2892rfh45fjzz62s7dbsxgnr7kq5h-openjdk-headless-22+36' from 'https://cache.nixos.org'...
2026-10-09T02:14:27.4722943Z copying path '/nix/store/ai8khzi02bspxjgdxqhx02bdgdnmk1yx-wabt-1.0.35' from 'https://cache.nixos.org'...
2026-10-09T02:14:27.5039591Z copying path '/nix/store/fsikhb1i0bf4pz9b819bp33y2vbhfq2f-perl5.38.2-CGI-Fast-2.16' from 'https://cache.nixos.org'...
2026-10-09T02:14:27.5041716Z copying path '/nix/store/ld1yqvr1db4iv8sk8f4aflgai1b5d2ql-curl-8.7.1' from 'https://cache.nixos.org'...
2026-10-09T02:14:27.5155474Z copying path '/nix/store/zx7p1fa3n2f316p82005j50h87kd2q2b-wasm-tools-1.215.0' from 'https://cache.nixos.org'...
2026-10-09T02:14:27.5157571Z copying path '/nix/store/32si5ivv66qixzs0qgwcwh7ik7qhjcdj-perl5.38.2-IO-Socket-SSL-2.083' from 'https://cache.nixos.org'...
2026-10-09T02:14:27.5159567Z copying path '/nix/store/75qm0pb8hah3i2wa0mgd3l5fyhknr6p3-openssl-3.0.14-dev' from 'https://cache.nixos.org'...
2026-10-09T02:14:27.5251304Z copying path '/nix/store/kh8za9c6zmhs2ijsgna5hcqil4j8lsbk-llvm-17.0.6-lib' from 'https://cache.nixos.org'...
2026-10-09T02:14:27.5388435Z copying path '/nix/store/wcgzg38c6f5rspj5mp8b865v9c2b9rm7-ncurses-6.4-dev' from 'https://cache.nixos.org'...
2026-10-09T02:14:27.5487668Z copying path '/nix/store/n9gh8gxx5xx51ihgll2l20ar9b2vmgzy-coreutils-9.5' from 'https://cache.nixos.org'...
2026-10-09T02:14:27.5799514Z copying path '/nix/store/rafcl7sl3f9757z4m5hl7vaklppi8xkr-readline-8.2p10' from 'https://cache.nixos.org'...
2026-10-09T02:14:27.6118776Z copying path '/nix/store/z34dss3rj1rnp1g820r64w0na7452jy1-binutils-2.41' from 'https://cache.nixos.org'...
2026-10-09T02:14:27.6490480Z copying path '/nix/store/c1hff4nzawfkzvjmqn609pfdc3m3dk5z-zstd-1.5.6' from 'https://cache.nixos.org'...
2026-10-09T02:14:27.6870803Z copying path '/nix/store/a6prrfmmr6kkbkwk6v3vq4zd96mcc5g4-numactl-2.0.18' from 'https://cache.nixos.org'...
2026-10-09T02:14:27.7428733Z copying path '/nix/store/bgh22i946ncj740a3snzlzddc0varib5-libkrb5-1.21.3-dev' from 'https://cache.nixos.org'...
2026-10-09T02:14:27.7538082Z copying path '/nix/store/8cigxaz31i50m4wrjxdyccb498r24mqb-libssh2-1.11.0' from 'https://cache.nixos.org'...
2026-10-09T02:14:27.7557322Z copying path '/nix/store/6dcc1j2x8gm4vmk4fijb0fmbabqwjscs-perl5.38.2-Net-SMTP-SSL-1.04' from 'https://cache.nixos.org'...
2026-10-09T02:14:27.8381226Z copying path '/nix/store/3za4imd3c8r7zm6x62khahdf5dwn2ihq-openssl-3.0.14-bin' from 'https://cache.nixos.org'...
2026-10-09T02:14:27.8504979Z copying path '/nix/store/s0p1kr5mvs0j42dq5r08kgqbi0k028f2-python3-3.11.10' from 'https://cache.nixos.org'...
2026-10-09T02:14:27.9214226Z copying path '/nix/store/k6slgyjf4sv0lpz1pdg6sr3bpvjdr35l-diffutils-3.10' from 'https://cache.nixos.org'...
2026-10-09T02:14:27.9216698Z copying path '/nix/store/qdk6ds72q8xf5fzi16x7736bwz8aydic-findutils-4.9.0' from 'https://cache.nixos.org'...
2026-10-09T02:14:27.9306215Z copying path '/nix/store/fbkbkqb1cp46jwgk2lv6g28ik57r764i-libarchive-3.7.7-lib' from 'https://cache.nixos.org'...
2026-10-09T02:14:28.0074139Z copying path '/nix/store/ar33fhhpindkrpagrjrjlsv3hj0vndgg-lttng-ust-2.12.2' from 'https://cache.nixos.org'...
2026-10-09T02:14:28.0167330Z copying path '/nix/store/fv1plv85qylnw87dlnxaqkgl06drgr1r-curl-8.7.1' from 'https://cache.nixos.org'...
2026-10-09T02:14:28.0220508Z copying path '/nix/store/mdadnfhlp7m6778zhlmpbn9qy37xkrmh-perl-5.38.2' from 'https://cache.nixos.org'...
2026-10-09T02:14:28.0935944Z copying path '/nix/store/x6xqf8sk2yb1xb348bc2caiwsms90bp5-curl-8.7.1' from 'https://cache.nixos.org'...
2026-10-09T02:14:28.1555373Z copying path '/nix/store/g7kjsdrig65ykzi0056abrb84dxm1mqv-zstd-1.5.6-bin' from 'https://cache.nixos.org'...
2026-10-09T02:14:28.2359043Z copying path '/nix/store/ng1lqlkhf27xg4d3ahi8rl3vi30kpzqn-openssl-3.0.14-dev' from 'https://cache.nixos.org'...
2026-10-09T02:14:28.2495832Z copying path '/nix/store/412418grw31j2qfi6j6mhic6gfd190n9-compiler-rt-libc-17.0.6-dev' from 'https://cache.nixos.org'...
2026-10-09T02:14:28.2570546Z copying path '/nix/store/z98wicx6x78vlyksv69axn5zqwdah5l8-cmake-3.29.2' from 'https://cache.nixos.org'...
2026-10-09T02:14:28.2622015Z copying path '/nix/store/zix67r268ihi4c362zw7c0989z12jmy7-stdenv-linux' from 'https://cache.nixos.org'...
2026-10-09T02:14:28.3631528Z copying path '/nix/store/rba8xdxdk082rbppc51vpgxh0z6v11sl-curl-8.7.1-bin' from 'https://cache.nixos.org'...
2026-10-09T02:14:28.3938037Z copying path '/nix/store/m1vwc9blmwijw7ngrxz6rmybhzvamp08-zstd-1.5.6-dev' from 'https://cache.nixos.org'...
2026-10-09T02:14:28.5293418Z copying path '/nix/store/maifjkmix9nnh5j85s4ndsqad59f31p7-libssh2-1.11.0-dev' from 'https://cache.nixos.org'...
2026-10-09T02:14:28.6876060Z copying path '/nix/store/gq0xyjrkaqvknshf8r6si13ckdv6p7yq-binutils-wrapper-2.41' from 'https://cache.nixos.org'...
2026-10-09T02:14:28.6879016Z copying path '/nix/store/rl56awy2w2iwvgdmibv98k0vx7lzyw21-binutils-wrapper-2.41' from 'https://cache.nixos.org'...
2026-10-09T02:14:28.7686523Z copying path '/nix/store/51jy1xwjbv9a41iwr59h5dfsg624fcij-curl-8.7.1-dev' from 'https://cache.nixos.org'...
2026-10-09T02:14:28.8601362Z copying path '/nix/store/c67p00lksmyafxl5mhpx8zm67jwk95gr-dotnet-sdk-8.0.300' from 'https://cache.nixos.org'...
2026-10-09T02:14:28.8612720Z copying path '/nix/store/k6a3db8rpihvjrw27w61vx1wji7mfmq8-icu4c-73.2-dev' from 'https://cache.nixos.org'...
2026-10-09T02:14:28.9966761Z building '/nix/store/h18wrysd1a2l10nham8ssg03r4k4r1k2-e9f29cb984231524e3931aa0ae2c5dae1a32884e.tar.gz.drv'...
2026-10-09T02:14:29.0264385Z building '/nix/store/2ybcnzzfr3bdjknz3varn0r8qfy1c5xf-f3b06c705e6c85f5314019d5d3baab0fec5b580c.tar.gz.drv'...
2026-10-09T02:14:29.0535832Z building '/nix/store/mf14gj5vp344ikb09h9x03qcdb1q3d3l-lean-4.32.2-linux.tar.zst.drv'...
2026-10-09T02:14:29.1132689Z building '/nix/store/3inlh6hn6cbfia2i2a5cw3y4i666rqb8-node-v24.19.0-linux-x64.tar.xz.drv'...
2026-10-09T02:14:29.3298071Z copying path '/nix/store/1qkhzhgx9w8rawvy8lvbaxqh4xb0srad-nodejs-22.10.0' from 'https://cache.nixos.org'...
2026-10-09T02:14:30.0719564Z copying path '/nix/store/mvnig14jxhfn1qnzmlpy855dxbd0rvf1-perl5.38.2-libwww-perl-6.72' from 'https://cache.nixos.org'...
2026-10-09T02:14:30.3980858Z building '/nix/store/nhj5xx0k0xj248qdf6pb9pdscw3wja0z-wasm-binaries.tar.xz.drv'...
2026-10-09T02:14:30.7261566Z building '/nix/store/alvmygwqln397yw4cxfrs9ff3vkkdvxc-libuv-source-e9f29cb984231524e3931aa0ae2c5dae1a32884e.drv'...
2026-10-09T02:14:31.0277349Z building '/nix/store/qxv7zgjbyd40xjls302vk283d4jixzxm-wasmtime-v42.0.1-x86_64-linux-c-api.tar.xz.drv'...
2026-10-09T02:14:32.4008009Z building '/nix/store/5h40czhcd5i6gjkybgc28w8pmdab6yiy-wasmtime-42.0.1-x86_64-linux-c-api.drv'...
2026-10-09T02:14:33.7135957Z copying path '/nix/store/lpkn9w3h16wb910g7v2qj9pyd7gvxkld-git-2.44.2' from 'https://cache.nixos.org'...
2026-10-09T02:14:33.7147754Z copying path '/nix/store/6frx0rrqvrjgc5axzih8ybp6x8i3lnfc-python3.11-pyelftools-0.31' from 'https://cache.nixos.org'...
2026-10-09T02:14:33.9089312Z copying path '/nix/store/v9zjfpkffznvnlaa28mdkc5kr3ka9y6c-python3-3.11.10-env' from 'https://cache.nixos.org'...
2026-10-09T02:14:36.5373258Z copying path '/nix/store/46zq1hcvd2cnl07rjv0ywcgf59p8w9gm-auto-patchelf-hook' from 'https://cache.nixos.org'...
2026-10-09T02:14:36.5386391Z copying path '/nix/store/rdc1jnyw74mwr2gszqc5zwi433zxs089-gcc-wrapper-13.2.0' from 'https://cache.nixos.org'...
2026-10-09T02:14:36.7578547Z copying path '/nix/store/80wijs24wjp619zmrasrh805bax02xjm-stdenv-linux' from 'https://cache.nixos.org'...
2026-10-09T02:14:36.8418177Z building '/nix/store/yl9c5g4ppazml4i9gi6iln6znpc3ipli-emscripten-upstream-6.0.6.drv'...
2026-10-09T02:14:36.8662956Z building '/nix/store/m29jv2s8cinaxcy4x0jk5khjqj0hb8ys-emsdk-node-24.19.0.drv'...
2026-10-09T02:14:36.8941782Z building '/nix/store/s920ynpaayshaba6kk05i5hi8m7hs1vy-lean-host-4.32.2.drv'...
2026-10-09T02:14:39.9579108Z copying path '/nix/store/sck9m41zz1asdmvbaxjdihxxq7p6qgy7-clang-17.0.6-lib' from 'https://cache.nixos.org'...
2026-10-09T02:14:39.9589064Z copying path '/nix/store/jxdn6bj3hq16h1z42zrsz7kj5cjz5ir1-llvm-17.0.6' from 'https://cache.nixos.org'...
2026-10-09T02:14:43.7708127Z copying path '/nix/store/hgv9ygk4bq8cscss48qnknmbrjmqvbh5-llvm-17.0.6-dev' from 'https://cache.nixos.org'...
2026-10-09T02:14:47.4292647Z building '/nix/store/ha7rp4zbqq9c5j17zcbnmd0jx2jccfqg-lean-source-f3b06c705e6c85f5314019d5d3baab0fec5b580c.drv'...
2026-10-09T02:14:52.2367963Z copying path '/nix/store/jkslyfviqi4n144452p5gdcdv3jg30hs-clang-17.0.6' from 'https://cache.nixos.org'...
2026-10-09T02:14:53.7409128Z copying path '/nix/store/9yr64l4j5kghwapqzwd6azk9l57mx87p-clang-wrapper-17.0.6' from 'https://cache.nixos.org'...
2026-10-09T02:14:54.7681770Z building '/nix/store/s9aq1vf3wrsa9sfzcsw4cqszgf0mxhgy-lean-alpha-managed-binding-artifacts-0.0.0.drv'...
2026-10-09T02:15:25.4618130Z building '/nix/store/x6bk62qlvwfrbxsyghmrkx4g3ci4hvzc-lean-alpha-native-core-artifacts-0.0.0.drv'...
2026-10-09T02:15:27.8652068Z building '/nix/store/355rcf144i12d0fplh3indzy3c1yzzhr-emsdk-6.0.6-immutable.drv'...
2026-10-09T02:15:27.9227058Z building '/nix/store/896x0r6nw2z64adsp3x7ngl52wg7xyj0-lean-alpha-universal-core-artifacts-0.0.0.drv'...
2026-10-09T02:26:02.6108097Z building '/nix/store/f8z0xvryrc5nqk42763l5vshd0w7idb7-lean-alpha-wasi-component-artifacts-0.0.0.drv'...
2026-10-09T02:31:46.9604084Z building '/nix/store/rqznsibdh76npclrxhpyhx7vcflcw09b-lean-alpha-universal-release-bundle-0.0.0.drv'...
2026-10-09T02:31:48.3891365Z building '/nix/store/vyb6fkdkgzdwavgf2hwwy86kdf1vnmql-lean-alpha-nuget-package-0.0.0.drv'...
2026-10-09T02:31:54.4184445Z this derivation will be built:
2026-10-09T02:31:54.4186275Z   /nix/store/jriyd606spzki8kv1y8jjiyph6rvfmw7-lean-alpha-maven-package-0.0.0.drv
2026-10-09T02:31:54.4867669Z building '/nix/store/jriyd606spzki8kv1y8jjiyph6rvfmw7-lean-alpha-maven-package-0.0.0.drv'...
2026-10-09T02:32:00.0968533Z this derivation will be built:
2026-10-09T02:32:00.0970325Z   /nix/store/551sw96g9pkhyxf8d47jxrca01iw5sgp-lean-alpha-rubygems-package-0.0.0.drv
2026-10-09T02:32:00.0971820Z these 2 paths will be fetched (8.2 MiB download, 34.1 MiB unpacked):
2026-10-09T02:32:00.0972934Z   /nix/store/5pd8825vnd563qbvbv0p5p29hqirvw5c-libyaml-0.2.5
2026-10-09T02:32:00.0973958Z   /nix/store/1k6gl682rx4ypbh7hsvsczn1x4rm1rwq-ruby-3.3.5
2026-10-09T02:32:00.0991788Z copying path '/nix/store/5pd8825vnd563qbvbv0p5p29hqirvw5c-libyaml-0.2.5' from 'https://cache.nixos.org'...
2026-10-09T02:32:00.1375688Z copying path '/nix/store/1k6gl682rx4ypbh7hsvsczn1x4rm1rwq-ruby-3.3.5' from 'https://cache.nixos.org'...
2026-10-09T02:32:00.7121334Z building '/nix/store/551sw96g9pkhyxf8d47jxrca01iw5sgp-lean-alpha-rubygems-package-0.0.0.drv'...
2026-10-09T02:32:06.9506412Z copying path '/nix/store/w5dzdm57c0228959pcavmjmhjnvvam9m-re2c-3.1' from 'https://cache.nixos.org'...
2026-10-09T02:32:06.9522788Z copying path '/nix/store/ragzs7i0z740sv0v9apcigm4qdr0l6rb-gperf-3.1' from 'https://cache.nixos.org'...
2026-10-09T02:32:06.9526613Z copying path '/nix/store/751xmj0fqpmg845n72hxkpqaaf71xpjz-ninja-1.11.1' from 'https://cache.nixos.org'...
2026-10-09T02:32:06.9533575Z copying path '/nix/store/mjab8xmxjgnzfq854s54p0c9gqdfmpsh-zip-3.0' from 'https://cache.nixos.org'...
2026-10-09T02:32:06.9536393Z copying path '/nix/store/jb2mh4asq1klvf3nzj9blr2q6dyhwkrb-nss-cacert-3.107' from 'https://cache.nixos.org'...
2026-10-09T02:32:06.9546212Z copying path '/nix/store/az1vlcldx7vaqq533a8x31vvqa6dvqgb-gnum4-1.4.19' from 'https://cache.nixos.org'...
2026-10-09T02:32:06.9580966Z copying path '/nix/store/76a4wzlz2iydzin9w6ag5m7nldjpv3pm-gtest-1.14.0' from 'https://cache.nixos.org'...
2026-10-09T02:32:06.9607511Z copying path '/nix/store/fwnm0vr8bylbgwpmzic6xg07kl4prqzc-curl-8.7.1-man' from 'https://cache.nixos.org'...
2026-10-09T02:32:06.9611842Z copying path '/nix/store/jaapy8mk67cbflvmj7gjpylgahl0pj69-curl-8.7.1-bin' from 'https://cache.nixos.org'...
2026-10-09T02:32:06.9613823Z copying path '/nix/store/1qv6fxvi61vjjrgkw7r799kf7b8382k3-libkrb5-1.21.3-dev' from 'https://cache.nixos.org'...
2026-10-09T02:32:06.9639696Z copying path '/nix/store/v0p0p0mf7k2zy6ackxv1qjrm06pkn98r-libssh2-1.11.0-dev' from 'https://cache.nixos.org'...
2026-10-09T02:32:06.9755946Z copying path '/nix/store/s8q3rch0wd3shdnznz9bcj8mj6pvz1gr-gmp-with-cxx-6.3.0' from 'https://cache.nixos.org'...
2026-10-09T02:32:06.9977758Z copying path '/nix/store/aj6vf0b6b8kbmj7m2lclfkfqj8nyapmb-lld-17.0.6-lib' from 'https://cache.nixos.org'...
2026-10-09T02:32:06.9987442Z copying path '/nix/store/3di38dhhw8vyxkdmwmn1nkb7sz06n57j-system-sendmail-1.0' from 'https://cache.nixos.org'...
2026-10-09T02:32:07.0102206Z copying path '/nix/store/xq0f47jqw5c804mia8hb5a74c3w389il-rustc-1.77.2' from 'https://cache.nixos.org'...
2026-10-09T02:32:07.0154804Z copying path '/nix/store/0isp0ns9ykis59j0hayk6xp0p5gcfdjy-brotli-1.1.0' from 'https://cache.nixos.org'...
2026-10-09T02:32:07.0521431Z copying path '/nix/store/yg9vibnm03mp77p108ixmdm1i84qfz7d-libpsl-0.21.5-bin' from 'https://cache.nixos.org'...
2026-10-09T02:32:07.0670689Z copying path '/nix/store/iqga1xby2s1l6lx9riqicsqa2f88hnrj-alsa-topology-conf-1.2.5.1' from 'https://cache.nixos.org'...
2026-10-09T02:32:07.0675689Z copying path '/nix/store/37zka02vgfsrjqsbxr1bgwzpwv9g167a-libidn2-2.3.7-bin' from 'https://cache.nixos.org'...
2026-10-09T02:32:07.0680685Z copying path '/nix/store/k4jy37njjyw4p4d8p6cnzg5nk0mchf1b-php-readline-8.2.27' from 'https://cache.nixos.org'...
2026-10-09T02:32:07.0868598Z copying path '/nix/store/mlkzgivx42k092w0icqj2jdlldyni1vk-alsa-ucm-conf-1.2.11' from 'https://cache.nixos.org'...
2026-10-09T02:32:07.0957773Z copying path '/nix/store/52li110fvwczbi6997qisxw9py5iymb3-php-zlib-8.2.27' from 'https://cache.nixos.org'...
2026-10-09T02:32:07.1035980Z copying path '/nix/store/0rbsn0qisd8hmpzbrh1a9gli5y80fpv0-brotli-1.1.0-dev' from 'https://cache.nixos.org'...
2026-10-09T02:32:07.1066035Z copying path '/nix/store/xzcf7d64zqhpnk9lh3s73804fjvwdijn-giflib-5.2.2' from 'https://cache.nixos.org'...
2026-10-09T02:32:07.1073232Z copying path '/nix/store/czcrq1nad23isbaikj0qi6xyxv0b34vw-libargon2-20190702' from 'https://cache.nixos.org'...
2026-10-09T02:32:07.1077868Z copying path '/nix/store/xz6qa1y8a7nm544iqkh3nx9pgysnpl0j-libpng-apng-1.6.43' from 'https://cache.nixos.org'...
2026-10-09T02:32:07.1096528Z copying path '/nix/store/1mjlla0fc468wl9cphnn2ivpfx02mr7j-dejavu-fonts-minimal-2.37' from 'https://cache.nixos.org'...
2026-10-09T02:32:07.1157692Z copying path '/nix/store/fv20wfhs3bh97mhrff67lvbdqn8v0k4y-libtool-2.4.7-lib' from 'https://cache.nixos.org'...
2026-10-09T02:32:07.1185389Z copying path '/nix/store/l6asfy7npczfvppniyk5q46gzh6bml16-binaryen-116' from 'https://cache.nixos.org'...
2026-10-09T02:32:07.1211300Z copying path '/nix/store/mwqnsdm4kcx3b4zk23i8196j1y492kn3-gmp-with-cxx-6.3.0-dev' from 'https://cache.nixos.org'...
2026-10-09T02:32:07.1258252Z copying path '/nix/store/3il1kqd5s4ii26x3x5kf2fmc9hdychs7-bison-3.8.2' from 'https://cache.nixos.org'...
2026-10-09T02:32:07.1402901Z copying path '/nix/store/vp7w0kmm5w9r4iws7xqrfmwsys8af5ps-libpsl-0.21.5-dev' from 'https://cache.nixos.org'...
2026-10-09T02:32:07.1419769Z copying path '/nix/store/21l5snjs8ngip4qysl71dlhvfp2ci63a-flex-2.6.4' from 'https://cache.nixos.org'...
2026-10-09T02:32:07.1434970Z copying path '/nix/store/fcx7psmgkzdd88i9kydpf8j3476fbrgp-libidn2-2.3.7-dev' from 'https://cache.nixos.org'...
2026-10-09T02:32:07.1762571Z copying path '/nix/store/9yir03i6l4c3pv54q86k57p50mc3jnh4-nettle-3.9.1' from 'https://cache.nixos.org'...
2026-10-09T02:32:07.1856378Z copying path '/nix/store/zr2gp0yli9vjsqfp28526jcajcivq2ag-dns-root-data-2023-11-27' from 'https://cache.nixos.org'...
2026-10-09T02:32:07.1956695Z copying path '/nix/store/glaw1jn0m9p1hgm5s681zad1dg4bwq4b-pcre2-10.43' from 'https://cache.nixos.org'...
2026-10-09T02:32:07.1993755Z copying path '/nix/store/6iqv491s3aac1d2zkqs05c8gsyp41spm-php-sockets-8.2.27' from 'https://cache.nixos.org'...
2026-10-09T02:32:07.1997227Z copying path '/nix/store/592gjj66s8xdhgn86r44fqz3ss0kzccv-php-pdo_sqlite-8.2.27' from 'https://cache.nixos.org'...
2026-10-09T02:32:07.1999864Z copying path '/nix/store/03361762s52sdi4rn0y13asdghw207l5-php-ftp-8.2.27' from 'https://cache.nixos.org'...
2026-10-09T02:32:07.2014757Z copying path '/nix/store/23zympjadqd3d0hcrzq9f1g3xnp1ax5n-php-fileinfo-8.2.27' from 'https://cache.nixos.org'...
2026-10-09T02:32:07.2112465Z copying path '/nix/store/0npkjmcmq2zjmwfr8n9qiphikhi0h27n-freetype-2.13.2' from 'https://cache.nixos.org'...
2026-10-09T02:32:07.2119334Z copying path '/nix/store/2g8xw8syn8jjfxd4cybr8vhcc50lp8wm-php-gettext-8.2.27' from 'https://cache.nixos.org'...
2026-10-09T02:32:07.2166206Z copying path '/nix/store/9r2if8vhzvzqlx6n5knx2ckjfcjpd3yr-alsa-lib-1.2.11' from 'https://cache.nixos.org'...
2026-10-09T02:32:07.2200261Z copying path '/nix/store/7rl489pr9gv74al5chah4dxw8mllsvjm-php-sysvsem-8.2.27' from 'https://cache.nixos.org'...
2026-10-09T02:32:07.2512219Z copying path '/nix/store/90nwq55nj0nr3qgrsrk396ziazzyjh06-ncompress-5.0' from 'https://cache.nixos.org'...
2026-10-09T02:32:07.2534657Z copying path '/nix/store/crl81hy8cnqs4g5gn68s8sjqd1b3r0ps-libyuv-1787' from 'https://cache.nixos.org'...
2026-10-09T02:32:07.2610843Z copying path '/nix/store/28q4r7zcrl59qaxrbrfl65kx1wgkkay5-dav1d-1.4.1' from 'https://cache.nixos.org'...
2026-10-09T02:32:07.2680313Z copying path '/nix/store/3lanyd7681hn1mg7imzzbk9a3vvbd6w5-libvmaf-3.0.0' from 'https://cache.nixos.org'...
2026-10-09T02:32:07.2708908Z copying path '/nix/store/i16ggyd7qbfwx0b9vyfjpay990lcjlc7-libnl-3.8.0' from 'https://cache.nixos.org'...
2026-10-09T02:32:07.2742100Z copying path '/nix/store/956arzl1877bnphsgzlar6ccgxnidm3l-php-exif-8.2.27' from 'https://cache.nixos.org'...
2026-10-09T02:32:07.2824943Z copying path '/nix/store/9qaa51n0fchydi8csjkg74n3fc94q7di-php-filter-8.2.27' from 'https://cache.nixos.org'...
2026-10-09T02:32:07.3042762Z copying path '/nix/store/9zj1ajq1am0sqlg1z2ibkdmsl9qpnrp9-php-pdo-8.2.27' from 'https://cache.nixos.org'...
2026-10-09T02:32:07.3313754Z copying path '/nix/store/abg8jvr85qsrb88n07chxrx8f9n0ylil-php-posix-8.2.27' from 'https://cache.nixos.org'...
2026-10-09T02:32:07.3457975Z copying path '/nix/store/brqgyn0dplq8lslwp447ndabvc0az8ss-php-pdo_mysql-8.2.27' from 'https://cache.nixos.org'...
2026-10-09T02:32:07.3593842Z copying path '/nix/store/bs252b4mm3bawssz4b9km51ml9clbh9g-php-dom-8.2.27' from 'https://cache.nixos.org'...
2026-10-09T02:32:07.3605286Z copying path '/nix/store/c7q14qaj75bna6rbn0mk6jj90fn0m5gb-php-sqlite3-8.2.27' from 'https://cache.nixos.org'...
2026-10-09T02:32:07.3608734Z copying path '/nix/store/c0smig9qbp5xqv1icyjihp1yw5kwilcm-php-xmlwriter-8.2.27' from 'https://cache.nixos.org'...
2026-10-09T02:32:07.3698568Z copying path '/nix/store/fph4bljbll0h5ahsbl72hd3dgbr8n7lf-php-soap-8.2.27' from 'https://cache.nixos.org'...
2026-10-09T02:32:07.3853400Z copying path '/nix/store/gpz26sz3x7gx8cf649jhyxzzxcfxrgh8-php-mysqli-8.2.27' from 'https://cache.nixos.org'...
2026-10-09T02:32:07.3929182Z copying path '/nix/store/fdhg0jq8k59in7ava10qkph9k9j8pzh3-lld-17.0.6' from 'https://cache.nixos.org'...
2026-10-09T02:32:07.4028212Z copying path '/nix/store/j0bkgwhdynvc6fpazg09kmi7jhflnfw2-php-mbstring-8.2.27' from 'https://cache.nixos.org'...
2026-10-09T02:32:07.4164291Z copying path '/nix/store/k47nm761i280s2pyl9a5rmv75fd9is19-php-opcache-8.2.27' from 'https://cache.nixos.org'...
2026-10-09T02:32:07.4188906Z copying path '/nix/store/bwcshjy7xk875nw3qd0zch639bfc2v3v-libaom-3.9.0' from 'https://cache.nixos.org'...
2026-10-09T02:32:07.4218261Z copying path '/nix/store/kicssx0z70wnfk4p7cm96ay0na2kzxm1-php-ctype-8.2.27' from 'https://cache.nixos.org'...
2026-10-09T02:32:07.4246691Z copying path '/nix/store/kvig16f9v2nasmr0k7fiym96ksr9pgs1-php-session-8.2.27' from 'https://cache.nixos.org'...
2026-10-09T02:32:07.4458023Z copying path '/nix/store/kxqn898rczp3yl3bcxxbik0fkyz6jp1d-php-bcmath-8.2.27' from 'https://cache.nixos.org'...
2026-10-09T02:32:07.4473353Z copying path '/nix/store/m2f2412dk3l1kdr160w7w2agdx9c9cc3-php-iconv-8.2.27' from 'https://cache.nixos.org'...
2026-10-09T02:32:07.4492075Z copying path '/nix/store/nicjrs3zca8rbkdzggv6gc726gqhpxng-php-xmlreader-8.2.27' from 'https://cache.nixos.org'...
2026-10-09T02:32:07.4494844Z copying path '/nix/store/mkwp52yrg74l5jbdag5zmjl3ylcvvdfc-php-gmp-8.2.27' from 'https://cache.nixos.org'...
2026-10-09T02:32:07.4511816Z copying path '/nix/store/p9fg3x9zmvyiy0sdhskz2nsh4vj0m3mw-php-pcntl-8.2.27' from 'https://cache.nixos.org'...
2026-10-09T02:32:07.4524340Z copying path '/nix/store/pr466wm1vk392rxv90gzyzf9bsyws3rv-php-calendar-8.2.27' from 'https://cache.nixos.org'...
2026-10-09T02:32:07.4541697Z copying path '/nix/store/s77bsrkpddx1k5kp2iv20xfnlpnhz2vn-php-mysqlnd-8.2.27' from 'https://cache.nixos.org'...
2026-10-09T02:32:07.4586212Z copying path '/nix/store/xh8gy1gn38qlgzsa62w1vja6x0hqf39x-php-openssl-8.2.27' from 'https://cache.nixos.org'...
2026-10-09T02:32:07.4796825Z copying path '/nix/store/y05l6l1il9grw68ds58rwk5zims9dakz-php-tokenizer-8.2.27' from 'https://cache.nixos.org'...
2026-10-09T02:32:07.4828489Z copying path '/nix/store/yxa962ayj287w005rahw1pigyxg5afnx-php-simplexml-8.2.27' from 'https://cache.nixos.org'...
2026-10-09T02:32:07.4958224Z copying path '/nix/store/z6axzmnxjkhj1k3yyyqq8qxf55li1qvd-php-curl-8.2.27' from 'https://cache.nixos.org'...
2026-10-09T02:32:07.4981591Z copying path '/nix/store/5vgxahzhcvsxvgq6qjw4f09bnc07mq3c-libselinux-3.6' from 'https://cache.nixos.org'...
2026-10-09T02:32:07.5006717Z copying path '/nix/store/7r4nw8z7wrf07mxk3m71rav47xlmj50m-fontconfig-2.15.0' from 'https://cache.nixos.org'...
2026-10-09T02:32:07.5009420Z copying path '/nix/store/ixlnf1frsa2df5jjm82n0gs8h3wi6lby-util-linux-minimal-2.39.4-lib' from 'https://cache.nixos.org'...
2026-10-09T02:32:07.5113437Z copying path '/nix/store/aqc10czb2whr64agvcpihg96im5i7mi6-wayland-1.22.0' from 'https://cache.nixos.org'...
2026-10-09T02:32:07.5138506Z copying path '/nix/store/jalq9yqbfprgkfm64g7hm0qdjf1p0vn9-fribidi-1.0.13' from 'https://cache.nixos.org'...
2026-10-09T02:32:07.5163586Z copying path '/nix/store/zx2wnh4wp39mkc9rx4jlzd3jljnhcwb5-iso-codes-4.16.0' from 'https://cache.nixos.org'...
2026-10-09T02:32:07.5165596Z copying path '/nix/store/hw4kkx5bzx5srw17x9gkyakis1ipqcl7-npth-1.7' from 'https://cache.nixos.org'...
2026-10-09T02:32:07.5172047Z copying path '/nix/store/mq2lm1hbxzsdyjk7admb17kzx3zwqcfv-glibc-2.39-52-getent' from 'https://cache.nixos.org'...
2026-10-09T02:32:07.5289050Z copying path '/nix/store/13fpkr1p4z6fbfk8k0x7r3yaj23xhnq5-unzip-6.0' from 'https://cache.nixos.org'...
2026-10-09T02:32:07.5387211Z copying path '/nix/store/khkz2gncg3i5qwma2s89mlkbgwhpqckf-7zz-24.08' from 'https://cache.nixos.org'...
2026-10-09T02:32:07.5438019Z copying path '/nix/store/qks0d4mmbnfvq2dx8hbhdgm8c5q4j3ay-c-ares-1.27.0' from 'https://cache.nixos.org'...
2026-10-09T02:32:07.5538023Z copying path '/nix/store/wbl8nwdhrcfj3v4m51qlr383sg8a7qn3-libev-4.33' from 'https://cache.nixos.org'...
2026-10-09T02:32:07.5607921Z copying path '/nix/store/7bfn2wlkmjp6f1y2i4r2l72gc3xy6d5n-icu4c-64.2' from 'https://cache.nixos.org'...
2026-10-09T02:32:07.5611309Z copying path '/nix/store/7ssrf0drpxh2dkg7y6q4l5fnscr9a7hn-libseccomp-2.5.5-lib' from 'https://cache.nixos.org'...
2026-10-09T02:32:07.5666828Z copying path '/nix/store/9ll9fqfsdjqwy2ibrnd5sni1mg60lzah-libtasn1-4.19.0' from 'https://cache.nixos.org'...
2026-10-09T02:32:07.5808616Z copying path '/nix/store/1bzgjxzx4c6ni628qhl9v2lj7b7rx1bw-getent-glibc-2.39-52' from 'https://cache.nixos.org'...
2026-10-09T02:32:07.5852742Z copying path '/nix/store/950jxlcd0zi3p0sjifs3v8i8y0nin140-cracklib-2.9.11' from 'https://cache.nixos.org'...
2026-10-09T02:32:07.6106544Z copying path '/nix/store/mwn21av99yxvf4jhs0xf6hq1dfd4fzky-libnfnetlink-1.0.2' from 'https://cache.nixos.org'...
2026-10-09T02:32:07.6166804Z copying path '/nix/store/0nl55z21knp8fq18zcyfkgra0i2hijyv-db-5.3.28' from 'https://cache.nixos.org'...
2026-10-09T02:32:07.6267807Z copying path '/nix/store/ak0iy34rfd9r0x62gm7144gp15gisbwh-libossp-uuid-1.6.2' from 'https://cache.nixos.org'...
2026-10-09T02:32:07.6378324Z copying path '/nix/store/6lymlrmrh285vr8cy2gppdbq8a6gi2c0-nghttp2-1.61.0' from 'https://cache.nixos.org'...
2026-10-09T02:32:07.6448059Z copying path '/nix/store/2cbbwpr4awcw7h5zys1vdsv5jyaizkbs-db-4.8.30' from 'https://cache.nixos.org'...
2026-10-09T02:32:07.6450741Z copying path '/nix/store/35kyrfkzrm1am5l91iz0srdp2wh8j1an-fontconfig-2.15.0-lib' from 'https://cache.nixos.org'...
2026-10-09T02:32:07.6576120Z copying path '/nix/store/3c275grvmby79gqgnjych830sld6bziw-glib-2.80.2' from 'https://cache.nixos.org'...
2026-10-09T02:32:07.6902095Z copying path '/nix/store/dx0m5lpqxsfd6f96nwxb6zj08gq36jqg-libmnl-1.0.5' from 'https://cache.nixos.org'...
2026-10-09T02:32:07.7350104Z copying path '/nix/store/lh0b381npmiyg4x6b7v3q487pz2nzk0y-libpcap-1.10.5' from 'https://cache.nixos.org'...
2026-10-09T02:32:07.7507795Z copying path '/nix/store/s3w5cr4c4s6ydfgw17l4wgxs0yr0vxwd-libcbor-0.11.0' from 'https://cache.nixos.org'...
2026-10-09T02:32:07.7814083Z copying path '/nix/store/dcdhs0cqc45ryd2836yvjv34z6jxfc3l-libdeflate-1.20' from 'https://cache.nixos.org'...
2026-10-09T02:32:07.8250275Z copying path '/nix/store/7iny0ax59ib0pgfgkcph49zxg8zym30w-pcsclite-2.1.0-lib' from 'https://cache.nixos.org'...
2026-10-09T02:32:07.8317310Z copying path '/nix/store/rcazl4zhbdvc9w357vlwk95v8gcfjhr2-lerc-4.0.0' from 'https://cache.nixos.org'...
2026-10-09T02:32:07.8850010Z copying path '/nix/store/w14121h1n3kg8pjaw790mkr7z7cb238y-die-hook' from 'https://cache.nixos.org'...
2026-10-09T02:32:07.9128670Z copying path '/nix/store/44913fk21ikjqkispa7bjkvaqj5hhwvi-nghttp2-1.61.0-dev' from 'https://cache.nixos.org'...
2026-10-09T02:32:07.9131358Z copying path '/nix/store/2g8q946s9ngv63ssh93i3p4mc0z5q054-libdatrie-2019-12-20-lib' from 'https://cache.nixos.org'...
2026-10-09T02:32:07.9133514Z copying path '/nix/store/1rg4zjc4zqabzd3wa1l2inzvyj3s441p-libnftnl-1.2.6' from 'https://cache.nixos.org'...
2026-10-09T02:32:07.9143560Z copying path '/nix/store/w4rnk5xnvg07jlazglxzn2iikdvclj9m-libnetfilter_conntrack-1.0.9' from 'https://cache.nixos.org'...
2026-10-09T02:32:07.9242542Z copying path '/nix/store/a47zkhmy1lpql508q65vkxfm3c52hxhs-qrencode-4.1.1' from 'https://cache.nixos.org'...
2026-10-09T02:32:07.9301721Z copying path '/nix/store/a8vav5wzx1fd1zizxxr0vn4knhm8gmhr-audit-3.1.2' from 'https://cache.nixos.org'...
2026-10-09T02:32:07.9459925Z copying path '/nix/store/afmksdmk6b1zvg6i0arpn3q9xkzsnd9v-kexec-tools-2.0.28' from 'https://cache.nixos.org'...
2026-10-09T02:32:07.9488853Z copying path '/nix/store/12cr0szjhy5zp23nl45wd0ybwm7w7x6a-libzip-1.10.1' from 'https://cache.nixos.org'...
2026-10-09T02:32:07.9492706Z copying path '/nix/store/g9qxpv2q2bvr4g8ziay97baqniir3ksf-util-linux-minimal-2.39.4-swap' from 'https://cache.nixos.org'...
2026-10-09T02:32:07.9523889Z copying path '/nix/store/z04c92z7f7pp1r3g58fg8wcxjf4pak8w-libthai-0.1.29' from 'https://cache.nixos.org'...
2026-10-09T02:32:07.9592094Z copying path '/nix/store/hmmi4i6d3q59p5qg534n8wfjhj8jiwsj-curl-8.7.1-dev' from 'https://cache.nixos.org'...
2026-10-09T02:32:07.9635573Z copying path '/nix/store/gv9sis616azky4gydszlqckiwbpqk5yn-util-linux-minimal-2.39.4-mount' from 'https://cache.nixos.org'...
2026-10-09T02:32:07.9637465Z copying path '/nix/store/gms3c80sldm4r0pyxj987227y49lx1ks-lz4-1.9.4' from 'https://cache.nixos.org'...
2026-10-09T02:32:07.9748452Z copying path '/nix/store/hh2gg2hcslfrgrszc7lxqb43i5lmalxq-util-linux-minimal-2.39.4-login' from 'https://cache.nixos.org'...
2026-10-09T02:32:07.9960372Z copying path '/nix/store/hix5711xrj6fwg23qs03w8w7zy29whfw-bash-interactive-5.2p32' from 'https://cache.nixos.org'...
2026-10-09T02:32:07.9963146Z copying path '/nix/store/7yqrkq8ff0s9xysk3kj2lf76wvyjk2wn-iptables-1.8.10' from 'https://cache.nixos.org'...
2026-10-09T02:32:08.0008934Z copying path '/nix/store/falcaavkhml14j79g95mvqbd2ci4g12j-linux-pam-1.6.1' from 'https://cache.nixos.org'...
2026-10-09T02:32:08.0052796Z copying path '/nix/store/j67whcybdcm598p442ja0x5idiknsvyc-libcap-2.69-lib' from 'https://cache.nixos.org'...
2026-10-09T02:32:08.0060627Z copying path '/nix/store/svf1rly63z1wivpzm7q7d1xkb48pm3l2-cyrus-sasl-2.1.28' from 'https://cache.nixos.org'...
2026-10-09T02:32:08.0126221Z copying path '/nix/store/ki12z1h2m3qhnn2jps234x9ls1li30bi-php-zip-8.2.27' from 'https://cache.nixos.org'...
2026-10-09T02:32:08.0156088Z copying path '/nix/store/jsizfglsm40vsjc81xnm3wa0rxshpnz0-elfutils-0.191' from 'https://cache.nixos.org'...
2026-10-09T02:32:08.0169567Z copying path '/nix/store/l0v5pkl7cv999ns3jawq1hx53jj3p1qk-libapparmor-3.1.7' from 'https://cache.nixos.org'...
2026-10-09T02:32:08.0177854Z copying path '/nix/store/302ncx9jpsj9ip869nx98as9drlbjqpn-libsodium-1.0.19' from 'https://cache.nixos.org'...
2026-10-09T02:32:08.0679218Z copying path '/nix/store/mgrsh2jnmxwv384q810fkgm2bzp3fwvz-kbd-2.6.4' from 'https://cache.nixos.org'...
2026-10-09T02:32:08.0728808Z copying path '/nix/store/azc06066h201z880m78k002cgq02h5a1-systemd-minimal-libs-255.9' from 'https://cache.nixos.org'...
2026-10-09T02:32:08.0807610Z copying path '/nix/store/n9zl05kdpgl5pgdrp0fgyg28gbrsrlw3-lld-17.0.6-dev' from 'https://cache.nixos.org'...
2026-10-09T02:32:08.1225390Z copying path '/nix/store/mk838fcw7xqf597q6milpp400fq2wrb5-p11-kit-0.25.3' from 'https://cache.nixos.org'...
2026-10-09T02:32:08.1304923Z copying path '/nix/store/hp6bg5zs7nzcc8al4i99lfbrvqs9f6rs-unixODBC-2.3.12' from 'https://cache.nixos.org'...
2026-10-09T02:32:08.1468701Z copying path '/nix/store/74v3nlm7lh9ad4r79dn1mynnainfzilm-php-sodium-8.2.27' from 'https://cache.nixos.org'...
2026-10-09T02:32:08.1619486Z copying path '/nix/store/n9h67rrlpqq6lk7piw059ddxiydlfzbd-kmod-31-lib' from 'https://cache.nixos.org'...
2026-10-09T02:32:08.1661144Z copying path '/nix/store/p3ls8qj9db0zxqyh1yl1xhza2007ydyg-libgpg-error-1.48' from 'https://cache.nixos.org'...
2026-10-09T02:32:08.1748979Z copying path '/nix/store/rsxw8yx21701xp3x6n0yfg517k29s2qf-postgresql-15.10-lib' from 'https://cache.nixos.org'...
2026-10-09T02:32:08.1879645Z copying path '/nix/store/y2hq2yxrwr3jda2nk8baiyc9i73b66rg-php-imap-8.2.27' from 'https://cache.nixos.org'...
2026-10-09T02:32:08.1945015Z copying path '/nix/store/w6zi8q7la3f5vpl9gl81b0dvfq4wj8p0-kmod-31' from 'https://cache.nixos.org'...
2026-10-09T02:32:08.2146387Z copying path '/nix/store/8sx26kvcn36kz7b3bimr9pdq2mc4ag0j-openldap-2.6.9' from 'https://cache.nixos.org'...
2026-10-09T02:32:08.2206278Z copying path '/nix/store/lr7988lx4zrrcf67dhjd8ckpqw89vsi7-xkeyboard-config-2.41' from 'https://cache.nixos.org'...
2026-10-09T02:32:08.2281693Z copying path '/nix/store/71mk6wddlb93pwc36gw6qwssgf1xp0yn-libfido2-1.14.0' from 'https://cache.nixos.org'...
2026-10-09T02:32:08.2329935Z copying path '/nix/store/ggsml34r3iva43lp7pcv6rcgisfl7anx-php-pdo_odbc-8.2.27' from 'https://cache.nixos.org'...
2026-10-09T02:32:08.2472466Z copying path '/nix/store/xs3gk42g7dlsndzwgx72c71h76clzfsv-libbpf-1.4.2' from 'https://cache.nixos.org'...
2026-10-09T02:32:08.2734626Z copying path '/nix/store/xc1aw6cjm3hj8qdaj8x9g089lm4abrr9-libassuan-2.5.7' from 'https://cache.nixos.org'...
2026-10-09T02:32:08.2913697Z copying path '/nix/store/3jp4h3hmz4bqv3rrj439lpkzkmxqxdwi-libpwquality-1.4.5-lib' from 'https://cache.nixos.org'...
2026-10-09T02:32:08.2916302Z copying path '/nix/store/pffh6d501fj27h886lmbj8x3l80y93d3-libgcrypt-1.10.3' from 'https://cache.nixos.org'...
2026-10-09T02:32:08.2989071Z copying path '/nix/store/pm7i9hd073plr28fppi417najx3vx2vv-libevent-2.1.12' from 'https://cache.nixos.org'...
2026-10-09T02:32:08.3220905Z copying path '/nix/store/1rr497fk0jmibaj65983i7nipz2knmc8-gsettings-desktop-schemas-46.0' from 'https://cache.nixos.org'...
2026-10-09T02:32:08.3368190Z copying path '/nix/store/yjxx5ahf8qyzpazzc60p5sj4gdjjhd6w-builder.pl' from 'https://cache.nixos.org'...
2026-10-09T02:32:08.3428393Z copying path '/nix/store/dszlrj4lkzmcq6pl8r692b95h4xsh3nv-make-binary-wrapper-hook' from 'https://cache.nixos.org'...
2026-10-09T02:32:08.3728879Z copying path '/nix/store/xhhxxvir1nyg8j3ci3da403x966gz13h-python3.11-pip-24.0-man' from 'https://cache.nixos.org'...
2026-10-09T02:32:08.3797282Z copying path '/nix/store/brz6ns6myghnxm27pfqlrig1bw2r8h6k-python3.11-pip-24.0' from 'https://cache.nixos.org'...
2026-10-09T02:32:08.3878720Z copying path '/nix/store/ass5rpw3li6xxyjp0cykfx5l6yjcj400-libtiff-4.6.0' from 'https://cache.nixos.org'...
2026-10-09T02:32:08.3882322Z copying path '/nix/store/y9qvkwvhaqvk5i4h82smlrlml8mkbk7x-libdaemon-0.14' from 'https://cache.nixos.org'...
2026-10-09T02:32:08.4017544Z copying path '/nix/store/myr5cqynx2nh0x4f68pprg4jgps9ivcl-unbound-1.20.0-lib' from 'https://cache.nixos.org'...
2026-10-09T02:32:08.4072540Z copying path '/nix/store/gv406dcs0265ydgc6nnjzhw8s3yl5bpa-pixman-0.43.4' from 'https://cache.nixos.org'...
2026-10-09T02:32:08.4127846Z copying path '/nix/store/f77zp1fs5gblzrhz96mpicrqzb09r555-systemd-minimal-255.9' from 'https://cache.nixos.org'...
2026-10-09T02:32:08.4231847Z copying path '/nix/store/9q6wjrav2m5ikwf3yznj96fxmxvdz02v-graphite2-1.3.14' from 'https://cache.nixos.org'...
2026-10-09T02:32:08.4376477Z copying path '/nix/store/4b5w9n7781c99pwa0qvsg25my65i0zq9-libXdmcp-1.1.5' from 'https://cache.nixos.org'...
2026-10-09T02:32:08.4383155Z copying path '/nix/store/0filj1ph0ddsc6bnhdhcjrqdvhvjdjiw-gnupg-2.4.5' from 'https://cache.nixos.org'...
2026-10-09T02:32:08.4399922Z copying path '/nix/store/hfy39pxmyvs4sjbwqv4si92ixmj2crx5-libXau-1.0.11' from 'https://cache.nixos.org'...
2026-10-09T02:32:08.4798290Z copying path '/nix/store/i7190zhkrx6l6iqjqfdcsjblisqi5zn7-duktape-2.7.0' from 'https://cache.nixos.org'...
2026-10-09T02:32:08.4922848Z copying path '/nix/store/kh4996rfh9sm32l026igm88ipz34ivvb-json-c-0.17' from 'https://cache.nixos.org'...
2026-10-09T02:32:08.4956850Z copying path '/nix/store/hqll9vi4g6krj2yfxc4vqndvsfssas7x-gnutls-3.8.5' from 'https://cache.nixos.org'...
2026-10-09T02:32:08.5068508Z copying path '/nix/store/9w1bbklppmr4ib3zrzangxc1aigh3nwg-php-ldap-8.2.27' from 'https://cache.nixos.org'...
2026-10-09T02:32:08.5077578Z copying path '/nix/store/w3iakl1f2p0b9rj1kbr7ilh69jhq6jgz-lvm2-2.03.23-lib' from 'https://cache.nixos.org'...
2026-10-09T02:32:08.5118661Z copying path '/nix/store/484qnnssg3n2md24vpxw3qk0dspkppsb-gdk-pixbuf-2.42.12' from 'https://cache.nixos.org'...
2026-10-09T02:32:08.5238787Z copying path '/nix/store/3kgrj4cp4fa58fcl1qy0zy2sza7nv74q-php-pdo_pgsql-8.2.27' from 'https://cache.nixos.org'...
2026-10-09T02:32:08.5498517Z copying path '/nix/store/mnd2mjkp7mi9y1a44mijrxv09lap0nfw-php-pgsql-8.2.27' from 'https://cache.nixos.org'...
2026-10-09T02:32:08.5558676Z copying path '/nix/store/wazdn869j9x8g36w1mvpcpicd7p97lpw-harfbuzz-8.4.0' from 'https://cache.nixos.org'...
2026-10-09T02:32:08.5778515Z copying path '/nix/store/9dkh8lhl686qjdf364myq9haklz3qpzv-libxcb-1.17.0' from 'https://cache.nixos.org'...
2026-10-09T02:32:08.5781596Z copying path '/nix/store/an0kn9gd4z0k4qr7mi9975fa2mqs9248-libsoup-2.74.3' from 'https://cache.nixos.org'...
2026-10-09T02:32:08.5803117Z copying path '/nix/store/i7avvg2mbw505cd6jx9k5admny6v9k8d-json-glib-1.8.0' from 'https://cache.nixos.org'...
2026-10-09T02:32:08.5805648Z copying path '/nix/store/d6vlrbn4hqygslpri73cgrjh9gjvx9wk-gamin-0.1.10' from 'https://cache.nixos.org'...
2026-10-09T02:32:08.5926800Z copying path '/nix/store/vwlfmr1i7idc0s32ay6r00wy4b8a4rx7-libsoup-3.4.4' from 'https://cache.nixos.org'...
2026-10-09T02:32:08.5989512Z copying path '/nix/store/ihjg8v8902jly2i3xnbj3714i135pqf4-tpm2-tss-4.1.1' from 'https://cache.nixos.org'...
2026-10-09T02:32:08.5993517Z copying path '/nix/store/nb06pbh9j1b44ply234vvkaar1w3gvgi-dconf-0.40.0-lib' from 'https://cache.nixos.org'...
2026-10-09T02:32:08.6091037Z copying path '/nix/store/xl8skgn2spbim1q2rjad1dal9qpi0vwa-libIDL-0.8.14' from 'https://cache.nixos.org'...
2026-10-09T02:32:08.6269674Z copying path '/nix/store/87xgc04881wzdx7wnfn0d05gdx66jw73-cryptsetup-2.7.3' from 'https://cache.nixos.org'...
2026-10-09T02:32:08.6423313Z copying path '/nix/store/mdl97z9dp8dhjdim472qiqqwd94bhp0j-libwebp-1.4.0' from 'https://cache.nixos.org'...
2026-10-09T02:32:08.6954782Z copying path '/nix/store/zbpdgrh184qyrdyjvxz00pgqhvrcqca1-ORBit2-2.14.19' from 'https://cache.nixos.org'...
2026-10-09T02:32:08.7112014Z copying path '/nix/store/5z1p38q7crvid944wrhmiiglvvald0j4-libX11-1.8.9' from 'https://cache.nixos.org'...
2026-10-09T02:32:08.7315845Z copying path '/nix/store/4gzp3wr5mi1k4fvlynci0y7n6qip0kkv-libmicrohttpd-0.9.77' from 'https://cache.nixos.org'...
2026-10-09T02:32:08.7733793Z copying path '/nix/store/hw3hwpk0gmcmhajsjsvhxk2vn9h30bq7-libavif-1.0.4' from 'https://cache.nixos.org'...
2026-10-09T02:32:08.8062752Z copying path '/nix/store/rhq3rwyghbqq4lnkmdf4vsrazr2aa5a7-systemd-255.9' from 'https://cache.nixos.org'...
2026-10-09T02:32:08.8224421Z copying path '/nix/store/ibc28k85i5va38ilqn44z9y7a174x9xs-libXcomposite-0.4.6' from 'https://cache.nixos.org'...
2026-10-09T02:32:08.8226671Z copying path '/nix/store/j3irb77rvrqsn57y88mjlppwsim5ldx4-libXfixes-6.0.1' from 'https://cache.nixos.org'...
2026-10-09T02:32:08.8228503Z copying path '/nix/store/qa0w8kji1jrkw2a8baxnd49dczci9bf8-libXpm-3.5.17' from 'https://cache.nixos.org'...
2026-10-09T02:32:08.8232174Z copying path '/nix/store/298lasn37whh7042pbfz0jxp403pai76-libXext-1.3.6' from 'https://cache.nixos.org'...
2026-10-09T02:32:08.8241548Z copying path '/nix/store/2ffppfzsjcp1q3bdxn96a2hqdlkijvr8-libXrender-0.9.11' from 'https://cache.nixos.org'...
2026-10-09T02:32:08.8248204Z copying path '/nix/store/m4r9jmsvgv8k0vsb72vkq91667yjdf9h-libxkbcommon-1.7.0' from 'https://cache.nixos.org'...
2026-10-09T02:32:08.8573640Z copying path '/nix/store/wlfigacigim7vsr0j9macqgzga40wi51-libXdamage-1.1.6' from 'https://cache.nixos.org'...
2026-10-09T02:32:08.8627439Z copying path '/nix/store/r5j717nmw6yg894a885r3a9wb2kj8sk2-libXi-1.8.1' from 'https://cache.nixos.org'...
2026-10-09T02:32:08.8629210Z copying path '/nix/store/d6w4gyllmnp26i2vjydylbz27x5mrbww-libXinerama-1.1.5' from 'https://cache.nixos.org'...
2026-10-09T02:32:08.8631063Z copying path '/nix/store/6lzcb4zv3lysq4yjhmgi1dkc6fqrgphy-libglvnd-1.7.0' from 'https://cache.nixos.org'...
2026-10-09T02:32:08.8692659Z copying path '/nix/store/l6cqv0aflnlvlshkxfchik6gnafqm24g-libXcursor-1.2.2' from 'https://cache.nixos.org'...
2026-10-09T02:32:08.8700150Z copying path '/nix/store/vppn7lhz5ljvydmbdppibfjg6xrfh0vx-cairo-1.18.0' from 'https://cache.nixos.org'...
2026-10-09T02:32:08.8711309Z copying path '/nix/store/p4brhgwc11hfk13vwad4ix5xr7vkavhx-libXft-2.3.8' from 'https://cache.nixos.org'...
2026-10-09T02:32:08.8713070Z copying path '/nix/store/acw4dh5a3dwbm5w8fdgiq9hxd7sd6a0v-libXrandr-1.5.4' from 'https://cache.nixos.org'...
2026-10-09T02:32:08.8721379Z copying path '/nix/store/z7hrcpmiv2kxcmwmsh430w6kikpgfl3l-gd-2.3.3' from 'https://cache.nixos.org'...
2026-10-09T02:32:08.9343839Z copying path '/nix/store/vl868md5gc199rcrfdc7cl4mi5kb9jq9-libXtst-1.2.4' from 'https://cache.nixos.org'...
2026-10-09T02:32:08.9788108Z copying path '/nix/store/pr90dnz2x5hzq6asld160dim7zh4pm7p-php-gd-8.2.27' from 'https://cache.nixos.org'...
2026-10-09T02:32:08.9931431Z copying path '/nix/store/xc9l92rl3ndvhwi8a6yj01icn1d8vfp9-libGL-1.7.0' from 'https://cache.nixos.org'...
2026-10-09T02:32:09.0099314Z copying path '/nix/store/ir4sims0vzmjc43m80pk9vsra38dwfl7-php-intl-8.2.27' from 'https://cache.nixos.org'...
2026-10-09T02:32:09.0117880Z copying path '/nix/store/45alyjrs2xflv0fyy08ng2qy62klrash-pango-1.52.2' from 'https://cache.nixos.org'...
2026-10-09T02:32:09.0122092Z copying path '/nix/store/fhfza8gyfnrqn3q605w5cw327gn0hz5s-gobject-introspection-1.80.1' from 'https://cache.nixos.org'...
2026-10-09T02:32:09.0129845Z copying path '/nix/store/c1pvi36v9d02by7s9fcx204qg3ic9xgh-dbus-1.14.10-lib' from 'https://cache.nixos.org'...
2026-10-09T02:32:09.0143362Z copying path '/nix/store/bz42yf9cn89m97n2d7py0yw1cysyd5ir-polkit-124' from 'https://cache.nixos.org'...
2026-10-09T02:32:09.0151008Z copying path '/nix/store/g9h3w8nvry6ciwq6dbfiq4g0y2lmlsdd-libepoxy-1.5.10' from 'https://cache.nixos.org'...
2026-10-09T02:32:09.0571177Z copying path '/nix/store/26s529dd6j0dsl4z360zl5czr7kkf2s6-avahi-0.8' from 'https://cache.nixos.org'...
2026-10-09T02:32:09.0600490Z copying path '/nix/store/0v6km0ak85aa043rr8hw9x5dxc49b3f3-dbus-glib-0.112' from 'https://cache.nixos.org'...
2026-10-09T02:32:09.0696832Z copying path '/nix/store/1kqxlb2jyj6ls4l8l6780w1qafp07380-php-extra-init-8.2.27.ini' from 'https://cache.nixos.org'...
2026-10-09T02:32:09.1236127Z building '/nix/store/1qhy7ard0qbrmp7airyf66prcfl0n04w-python3-3.11.10-env.drv'...
2026-10-09T02:32:09.1247598Z copying path '/nix/store/i06w8344d692yz2fnfkdzn3mgi6fkbas-gconf-3.2.6' from 'https://cache.nixos.org'...
2026-10-09T02:32:09.1457170Z copying path '/nix/store/58n0pnldj7w7szplmgaxjz6ycvff19rh-tracker-3.7.3' from 'https://cache.nixos.org'...
2026-10-09T02:32:09.1459737Z copying path '/nix/store/aykqqwb1xmv2hfmswv7fgmlij28my0q0-cups-2.4.8-lib' from 'https://cache.nixos.org'...
2026-10-09T02:32:09.2946162Z copying path '/nix/store/bg1y5crvvc98fcnslsnm57w0ldv7jy05-gnome-vfs-2.24.4' from 'https://cache.nixos.org'...
2026-10-09T02:32:09.4950807Z copying path '/nix/store/am54j7wy47l77ssr2q84sr9xzmfi9n5l-at-spi2-core-2.52.0' from 'https://cache.nixos.org'...
2026-10-09T02:32:09.4952614Z copying path '/nix/store/vbid0lnigw2vlk8a1gpk0i9fib1cz27m-php-8.2.27' from 'https://cache.nixos.org'...
2026-10-09T02:32:09.5878810Z copying path '/nix/store/hdn2gb5xa3amcpn4g90hscplwbnk56bz-gtk+3-3.24.43' from 'https://cache.nixos.org'...
2026-10-09T02:32:10.0912573Z copying path '/nix/store/iwmqcnpfjqgb4rnk8mx2p0b2myb4f5hb-php-8.2.27-dev' from 'https://cache.nixos.org'...
2026-10-09T02:32:10.0914576Z copying path '/nix/store/m09gapmazf945n2s252wmyjk1qbqg7si-php-with-extensions-8.2.27' from 'https://cache.nixos.org'...
2026-10-09T02:32:10.1419746Z copying path '/nix/store/5j4c1hk6r8v1jdfz3a6r6bsxblphmhn6-composer-2.7.7' from 'https://cache.nixos.org'...
2026-10-09T02:32:10.2226012Z copying path '/nix/store/vpdmpgah6rzaja7d3c8va1yfdks75bqq-openjdk-21.0.3+9' from 'https://cache.nixos.org'...
2026-10-09T02:32:17.3361732Z copying path '/nix/store/n56wk2kpgq06703g19zhsx9q81bif7s2-rustc-wrapper-1.77.2' from 'https://cache.nixos.org'...
2026-10-09T02:32:17.3950383Z copying path '/nix/store/4wcb3jbxw9mc6vspwx4s625fp2sn003q-cargo-1.77.2' from 'https://cache.nixos.org'...
2026-10-09T02:32:18.4571446Z copying path '/nix/store/6fh7dbvgbbh117xrba68kh4mwvv866qa-apache-maven-3.9.6' from 'https://cache.nixos.org'...
2026-10-09T02:32:18.4573593Z copying path '/nix/store/fc5x9sqr7syp9r385r74mvync4yzcbcq-kotlin-1.9.24' from 'https://cache.nixos.org'...
2026-10-09T02:32:20.9267517Z building '/nix/store/r0yp1q7m1pqva84car7fvqkkjzbs4ivc-nix-shell-env.drv'...
2026-10-09T02:32:21.8061030Z this path will be fetched (97.3 KiB download, 97.3 KiB unpacked):
2026-10-09T02:32:21.8061834Z   /nix/store/71h52hv3lqrr7vsik73hkzd0fbmng830-bash-interactive-5.2p32-man
2026-10-09T02:32:21.8068875Z copying path '/nix/store/71h52hv3lqrr7vsik73hkzd0fbmng830-bash-interactive-5.2p32-man' from 'https://cache.nixos.org'...
2026-10-09T02:32:21.8543744Z Run: npm run bootstrap
2026-10-09T02:32:52.2546295Z {
2026-10-09T02:32:52.2547570Z   "result": "passed",
2026-10-09T02:32:52.2548398Z   "packageInstallation": true,
2026-10-09T02:32:52.2548907Z   "realLeanExecution": true,
2026-10-09T02:32:52.2549341Z   "consumers": [
2026-10-09T02:32:52.2549685Z     "dotnet",
2026-10-09T02:32:52.2550007Z     "jvm",
2026-10-09T02:32:52.2550318Z     "ruby"
2026-10-09T02:32:52.2550621Z   ],
2026-10-09T02:32:52.2550950Z   "documentation": {
2026-10-09T02:32:52.2551319Z     "dotnet": {
2026-10-09T02:32:52.2551682Z       "result": "passed",
2026-10-09T02:32:52.2552285Z       "publicApiOnly": true,
2026-10-09T02:32:52.2553370Z       "stdout": "Box: 42\nPayload count: 42\nCallback: 44\nCallable: 42\nErrors and cleanup: passed"
2026-10-09T02:32:52.2554157Z     },
2026-10-09T02:32:52.2554466Z     "java": {
2026-10-09T02:32:52.2554809Z       "result": "passed",
2026-10-09T02:32:52.2555464Z       "publicApiOnly": true,
2026-10-09T02:32:52.2556303Z       "stdout": "Box: 42\nPayload count: 42\nCallback: 44\nCallable: 42\nErrors and cleanup: passed"
2026-10-09T02:32:52.2557078Z     },
2026-10-09T02:32:52.2557390Z     "kotlin": {
2026-10-09T02:32:52.2557959Z       "result": "passed",
2026-10-09T02:32:52.2558370Z       "publicApiOnly": true,
2026-10-09T02:32:52.2559198Z       "stdout": "Box: 42\nPayload count: 42\nCallback: 44\nCallable: 42\nErrors and cleanup: passed"
2026-10-09T02:32:52.2559959Z     },
2026-10-09T02:32:52.2560263Z     "ruby": {
2026-10-09T02:32:52.2560637Z       "result": "passed",
2026-10-09T02:32:52.2561040Z       "publicApiOnly": true,
2026-10-09T02:32:52.2561858Z       "stdout": "Box: 42\nPayload count: 42\nCallback: 44\nCallable: 42\nErrors and cleanup: passed"
2026-10-09T02:32:52.2562615Z     }
2026-10-09T02:32:52.2562919Z   },
2026-10-09T02:32:52.2563256Z   "measurements": {
2026-10-09T02:32:52.2563614Z     "dotnet": {
2026-10-09T02:32:52.2563960Z       "iterations": 100000,
2026-10-09T02:32:52.2564434Z       "durationNanoseconds": 50537191,
2026-10-09T02:32:52.2564911Z       "checksum": 7300000,
2026-10-09T02:32:52.2565605Z       "initializationNanoseconds": 9034478,
2026-10-09T02:32:52.2566178Z       "operationIterations": 10000,
2026-10-09T02:32:52.2566714Z       "copiedValueNanoseconds": 19868357,
2026-10-09T02:32:52.2567268Z       "callbackNanoseconds": 9595917,
2026-10-09T02:32:52.2567801Z       "callableNanoseconds": 5075106,
2026-10-09T02:32:52.2568342Z       "peakRssBytes": 51208192
2026-10-09T02:32:52.2568774Z     },
2026-10-09T02:32:52.2569079Z     "jvm": {
2026-10-09T02:32:52.2569417Z       "iterations": 100000,
2026-10-09T02:32:52.2569898Z       "durationNanoseconds": 131691630,
2026-10-09T02:32:52.2570365Z       "checksum": 7300000,
2026-10-09T02:32:52.2570866Z       "initializationNanoseconds": 273287449,
2026-10-09T02:32:52.2571440Z       "operationIterations": 10000,
2026-10-09T02:32:52.2571980Z       "copiedValueNanoseconds": 202288590,
2026-10-09T02:32:52.2572532Z       "callbackNanoseconds": 407938584,
2026-10-09T02:32:52.2573071Z       "callableNanoseconds": 20414306,
2026-10-09T02:32:52.2573589Z       "peakRssBytes": 247308288
2026-10-09T02:32:52.2574010Z     },
2026-10-09T02:32:52.2574329Z     "ruby": {
2026-10-09T02:32:52.2575245Z       "iterations": 100000,
2026-10-09T02:32:52.2575764Z       "durationNanoseconds": 367619582,
2026-10-09T02:32:52.2576253Z       "checksum": 7300000,
2026-10-09T02:32:52.2576740Z       "initializationNanoseconds": 118612,
2026-10-09T02:32:52.2577294Z       "operationIterations": 10000,
2026-10-09T02:32:52.2577825Z       "copiedValueNanoseconds": 184089219,
2026-10-09T02:32:52.2578380Z       "callbackNanoseconds": 99748050,
2026-10-09T02:32:52.2578909Z       "callableNanoseconds": 40210066,
2026-10-09T02:32:52.2579415Z       "peakRssBytes": 38379520
2026-10-09T02:32:52.2579824Z     }
2026-10-09T02:32:52.2580126Z   },
2026-10-09T02:32:52.2580442Z   "packageBytes": {
2026-10-09T02:32:52.2580805Z     "dotnet": 4152072,
2026-10-09T02:32:52.2581175Z     "jvm": 4163940,
2026-10-09T02:32:52.2581516Z     "ruby": 4136448
2026-10-09T02:32:52.2581846Z   },
2026-10-09T02:32:52.2582160Z   "receipts": {
2026-10-09T02:32:52.2582711Z     "dotnet": {
2026-10-09T02:32:52.2583070Z       "schemaVersion": 1,
2026-10-09T02:32:52.2583473Z       "ecosystem": "nuget",
2026-10-09T02:32:52.2583958Z       "component": "poc/lean-alpha@0.0.0",
2026-10-09T02:32:52.2584941Z       "canonicalManifestSha256": "15fc068c4f650b0db0da587804cf58eff81fde70be0ac98561a22ed4f615501d"
2026-10-09T02:32:52.2586006Z     },
2026-10-09T02:32:52.2586309Z     "jvm": {
2026-10-09T02:32:52.2586648Z       "schemaVersion": 1,
2026-10-09T02:32:52.2587051Z       "ecosystem": "maven",
2026-10-09T02:32:52.2587525Z       "component": "poc/lean-alpha@0.0.0",
2026-10-09T02:32:52.2588650Z       "canonicalManifestSha256": "15fc068c4f650b0db0da587804cf58eff81fde70be0ac98561a22ed4f615501d"
2026-10-09T02:32:52.2589516Z     },
2026-10-09T02:32:52.2589819Z     "ruby": {
2026-10-09T02:32:52.2590161Z       "schemaVersion": 1,
2026-10-09T02:32:52.2590604Z       "ecosystem": "rubygems",
2026-10-09T02:32:52.2591108Z       "component": "poc/lean-alpha@0.0.0",
2026-10-09T02:32:52.2592085Z       "canonicalManifestSha256": "15fc068c4f650b0db0da587804cf58eff81fde70be0ac98561a22ed4f615501d"
2026-10-09T02:32:52.2592927Z     }
2026-10-09T02:32:52.2593222Z   }
2026-10-09T02:32:52.2593520Z }
2026-10-09T02:32:52.3200491Z Prepare all required actions
2026-10-09T02:32:52.3229410Z ##[group]Run ./.github/actions/bounded-apt
2026-10-09T02:32:52.3229697Z env:
2026-10-09T02:32:52.3229882Z   NODE_VERSION: 22
2026-10-09T02:32:52.3230204Z   LEAN_BRIDGE_CONSUMER_PERFORMANCE_DIR: build/consumer-ci/performance
2026-10-09T02:32:52.3230602Z   TMPDIR: /home/runner/work/_temp
2026-10-09T02:32:52.3230963Z   NIX_PROFILES: /nix/var/nix/profiles/default /home/runner/.nix-profile
2026-10-09T02:32:52.3231386Z   NIX_SSL_CERT_FILE: /etc/ssl/certs/ca-certificates.crt
2026-10-09T02:32:52.3231697Z ##[endgroup]
2026-10-09T02:32:52.3234895Z ##[start-action display=Configure apt network limits;id=__self.__run]
2026-10-09T02:32:52.3270146Z ##[group]Run sudo install -m 0644 "/home/runner/work/lean-bridge/lean-bridge/./.github/actions/bounded-apt/apt-network.conf" /etc/apt/apt.conf.d/99lean-bridge-network
2026-10-09T02:32:52.3271408Z [36;1msudo install -m 0644 "/home/runner/work/lean-bridge/lean-bridge/./.github/actions/bounded-apt/apt-network.conf" /etc/apt/apt.conf.d/99lean-bridge-network[0m
2026-10-09T02:32:52.3272112Z [36;1mapt-config dump[0m
2026-10-09T02:32:52.3379065Z shell: /usr/bin/bash --noprofile --norc -e -o pipefail {0}
2026-10-09T02:32:52.3379426Z env:
2026-10-09T02:32:52.3379614Z   NODE_VERSION: 22
2026-10-09T02:32:52.3379937Z   LEAN_BRIDGE_CONSUMER_PERFORMANCE_DIR: build/consumer-ci/performance
2026-10-09T02:32:52.3380335Z   TMPDIR: /home/runner/work/_temp
2026-10-09T02:32:52.3380698Z   NIX_PROFILES: /nix/var/nix/profiles/default /home/runner/.nix-profile
2026-10-09T02:32:52.3381121Z   NIX_SSL_CERT_FILE: /etc/ssl/certs/ca-certificates.crt
2026-10-09T02:32:52.3381428Z ##[endgroup]
2026-10-09T02:32:52.3694644Z APT "";
2026-10-09T02:32:52.3695400Z APT::Architecture "amd64";
2026-10-09T02:32:52.3695934Z APT::Build-Essential "";
2026-10-09T02:32:52.3696549Z APT::Build-Essential:: "build-essential";
2026-10-09T02:32:52.3697124Z APT::Install-Recommends "1";
2026-10-09T02:32:52.3697611Z APT::Install-Suggests "0";
2026-10-09T02:32:52.3698034Z APT::Key "";
2026-10-09T02:32:52.3699149Z APT::Key::Assert-Pubkey-Algo ">=rsa1024,ed25519,ed448,nistp256,nistp384,nistp512,brainpoolP256r1,brainpoolP320r1,brainpoolP384r1,brainpoolP512r1,secp256k1";
2026-10-09T02:32:52.3700310Z APT::Key::Assert-Pubkey-Algo::Next ">=rsa2048,ed25519,ed448,nistp256,nistp384,nistp512";
2026-10-09T02:32:52.3701047Z APT::Key::Assert-Pubkey-Algo::Future ">=rsa3072,ed25519,ed448";
2026-10-09T02:32:52.3701688Z APT::Sandbox "";
2026-10-09T02:32:52.3702088Z APT::Sandbox::User "_apt";
2026-10-09T02:32:52.3702556Z APT::NeverAutoRemove "";
2026-10-09T02:32:52.3703134Z APT::NeverAutoRemove:: "^firmware-linux.*";
2026-10-09T02:32:52.3703818Z APT::NeverAutoRemove:: "^linux-firmware$";
2026-10-09T02:32:52.3704738Z APT::NeverAutoRemove:: "^linux-image-[a-z0-9]*$";
2026-10-09T02:32:52.3705880Z APT::NeverAutoRemove:: "^linux-image-[a-z0-9]*-[a-z0-9]*$";
2026-10-09T02:32:52.3706334Z APT::NeverAutoRemove:: "^postgresql.*-16";
2026-10-09T02:32:52.3706713Z APT::VersionedKernelPackages "";
2026-10-09T02:32:52.3707073Z APT::VersionedKernelPackages:: "linux-.*";
2026-10-09T02:32:52.3707456Z APT::VersionedKernelPackages:: "kfreebsd-.*";
2026-10-09T02:32:52.3707856Z APT::VersionedKernelPackages:: "gnumach-.*";
2026-10-09T02:32:52.3708229Z APT::VersionedKernelPackages:: ".*-modules";
2026-10-09T02:32:52.3708597Z APT::VersionedKernelPackages:: ".*-kernel";
2026-10-09T02:32:52.3708942Z APT::Never-MarkAuto-Sections "";
2026-10-09T02:32:52.3709298Z APT::Never-MarkAuto-Sections:: "metapackages";
2026-10-09T02:32:52.3709741Z APT::Never-MarkAuto-Sections:: "tasks";
2026-10-09T02:32:52.3710073Z APT::Move-Autobit-Sections "";
2026-10-09T02:32:52.3710390Z APT::Move-Autobit-Sections:: "oldlibs";
2026-10-09T02:32:52.3710670Z APT::Get "";
2026-10-09T02:32:52.3710931Z APT::Get::AutomaticRemove "0";
2026-10-09T02:32:52.3711210Z APT::Get::HideAutoRemove "1";
2026-10-09T02:32:52.3711486Z APT::Get::Assume-Yes "true";
2026-10-09T02:32:52.3711824Z APT::Get::Always-Include-Phased-Updates "true";
2026-10-09T02:32:52.3712334Z APT::Periodic "";
2026-10-09T02:32:52.3712628Z APT::Periodic::Update-Package-Lists "1";
2026-10-09T02:32:52.3713022Z APT::Periodic::Download-Upgradeable-Packages "0";
2026-10-09T02:32:52.3713399Z APT::Periodic::AutocleanInterval "0";
2026-10-09T02:32:52.3713665Z APT::Update "";
2026-10-09T02:32:52.3713932Z APT::Update::Post-Invoke-Success "";
2026-10-09T02:32:52.3714559Z APT::Update::Post-Invoke-Success:: "touch /var/lib/apt/periodic/update-success-stamp 2>/dev/null || true";
2026-10-09T02:32:52.3717409Z APT::Update::Post-Invoke-Success:: "/usr/bin/test -e /usr/share/dbus-1/system-services/org.freedesktop.PackageKit.service && /usr/bin/test -S /var/run/dbus/system_bus_socket && /usr/bin/gdbus call --system --dest org.freedesktop.PackageKit --object-path /org/freedesktop/PackageKit --timeout 4 --method org.freedesktop.PackageKit.StateHasChanged cache-update > /dev/null; /bin/echo > /dev/null";
2026-10-09T02:32:52.3719738Z APT::Update::Post-Invoke-Success:: "if /usr/bin/test -w /var/cache/swcatalog -a -e /usr/bin/appstreamcli; then appstreamcli refresh --source=os > /dev/null || true; fi";
2026-10-09T02:32:52.3721045Z APT::Update::Post-Invoke-Success:: "if /usr/bin/test -w /var/lib/command-not-found/ -a -e /usr/lib/cnf-update-db; then /usr/lib/cnf-update-db > /dev/null; fi";
2026-10-09T02:32:52.3722122Z APT::Update::Post-Invoke-Success:: "/usr/lib/update-notifier/update-motd-updates-available 2>/dev/null || true";
2026-10-09T02:32:52.3722698Z APT::Update::Pre-Invoke "";
2026-10-09T02:32:52.3723551Z APT::Update::Pre-Invoke:: "[ ! -e /run/systemd/system ] || [ $(id -u) -ne 0 ] || systemctl start --no-block apt-news.service esm-cache.service >/dev/null 2>&1 || true";
2026-10-09T02:32:52.3724295Z APT::Update::Error-Mode "any";
2026-10-09T02:32:52.3724558Z APT::Archives "";
2026-10-09T02:32:52.3724795Z APT::Archives::MaxAge "30";
2026-10-09T02:32:52.3725386Z APT::Archives::MinAge "2";
2026-10-09T02:32:52.3725682Z APT::Archives::MaxSize "500";
2026-10-09T02:32:52.3725952Z APT::Architectures "";
2026-10-09T02:32:52.3726211Z APT::Architectures:: "amd64";
2026-10-09T02:32:52.3726467Z APT::Compressor "";
2026-10-09T02:32:52.3726698Z APT::Compressor::. "";
2026-10-09T02:32:52.3726947Z APT::Compressor::.::Name ".";
2026-10-09T02:32:52.3727246Z APT::Compressor::.::Extension "";
2026-10-09T02:32:52.3727550Z APT::Compressor::.::Binary "";
2026-10-09T02:32:52.3727818Z APT::Compressor::.::Cost "0";
2026-10-09T02:32:52.3728083Z APT::Compressor::zstd "";
2026-10-09T02:32:52.3728366Z APT::Compressor::zstd::Name "zstd";
2026-10-09T02:32:52.3728698Z APT::Compressor::zstd::Extension ".zst";
2026-10-09T02:32:52.3729036Z APT::Compressor::zstd::Binary "zstd";
2026-10-09T02:32:52.3729355Z APT::Compressor::zstd::Cost "60";
2026-10-09T02:32:52.3729670Z APT::Compressor::zstd::CompressArg "";
2026-10-09T02:32:52.3730016Z APT::Compressor::zstd::CompressArg:: "-19";
2026-10-09T02:32:52.3730535Z APT::Compressor::zstd::UncompressArg "";
2026-10-09T02:32:52.3730897Z APT::Compressor::zstd::UncompressArg:: "-d";
2026-10-09T02:32:52.3731213Z APT::Compressor::lz4 "";
2026-10-09T02:32:52.3731500Z APT::Compressor::lz4::Name "lz4";
2026-10-09T02:32:52.3731813Z APT::Compressor::lz4::Extension ".lz4";
2026-10-09T02:32:52.3732139Z APT::Compressor::lz4::Binary "lz4";
2026-10-09T02:32:52.3732455Z APT::Compressor::lz4::Cost "50";
2026-10-09T02:32:52.3732766Z APT::Compressor::lz4::CompressArg "";
2026-10-09T02:32:52.3733107Z APT::Compressor::lz4::CompressArg:: "-1";
2026-10-09T02:32:52.3733453Z APT::Compressor::lz4::UncompressArg "";
2026-10-09T02:32:52.3733808Z APT::Compressor::lz4::UncompressArg:: "-d";
2026-10-09T02:32:52.3734122Z APT::Compressor::gzip "";
2026-10-09T02:32:52.3734416Z APT::Compressor::gzip::Name "gzip";
2026-10-09T02:32:52.3734747Z APT::Compressor::gzip::Extension ".gz";
2026-10-09T02:32:52.3735353Z APT::Compressor::gzip::Binary "gzip";
2026-10-09T02:32:52.3735712Z APT::Compressor::gzip::Cost "100";
2026-10-09T02:32:52.3736045Z APT::Compressor::gzip::CompressArg "";
2026-10-09T02:32:52.3736392Z APT::Compressor::gzip::CompressArg:: "-6n";
2026-10-09T02:32:52.3736886Z APT::Compressor::gzip::UncompressArg "";
2026-10-09T02:32:52.3737254Z APT::Compressor::gzip::UncompressArg:: "-d";
2026-10-09T02:32:52.3737575Z APT::Compressor::xz "";
2026-10-09T02:32:52.3737849Z APT::Compressor::xz::Name "xz";
2026-10-09T02:32:52.3738154Z APT::Compressor::xz::Extension ".xz";
2026-10-09T02:32:52.3738477Z APT::Compressor::xz::Binary "xz";
2026-10-09T02:32:52.3738778Z APT::Compressor::xz::Cost "200";
2026-10-09T02:32:52.3739085Z APT::Compressor::xz::CompressArg "";
2026-10-09T02:32:52.3739421Z APT::Compressor::xz::CompressArg:: "-6";
2026-10-09T02:32:52.3739757Z APT::Compressor::xz::UncompressArg "";
2026-10-09T02:32:52.3740096Z APT::Compressor::xz::UncompressArg:: "-d";
2026-10-09T02:32:52.3740420Z APT::Compressor::bzip2 "";
2026-10-09T02:32:52.3740731Z APT::Compressor::bzip2::Name "bzip2";
2026-10-09T02:32:52.3741069Z APT::Compressor::bzip2::Extension ".bz2";
2026-10-09T02:32:52.3741409Z APT::Compressor::bzip2::Binary "bzip2";
2026-10-09T02:32:52.3741744Z APT::Compressor::bzip2::Cost "300";
2026-10-09T02:32:52.3742063Z APT::Compressor::bzip2::CompressArg "";
2026-10-09T02:32:52.3742408Z APT::Compressor::bzip2::CompressArg:: "-6";
2026-10-09T02:32:52.3742767Z APT::Compressor::bzip2::UncompressArg "";
2026-10-09T02:32:52.3743133Z APT::Compressor::bzip2::UncompressArg:: "-d";
2026-10-09T02:32:52.3743452Z APT::Compressor::lzma "";
2026-10-09T02:32:52.3743740Z APT::Compressor::lzma::Name "lzma";
2026-10-09T02:32:52.3744064Z APT::Compressor::lzma::Extension ".lzma";
2026-10-09T02:32:52.3744390Z APT::Compressor::lzma::Binary "xz";
2026-10-09T02:32:52.3744696Z APT::Compressor::lzma::Cost "400";
2026-10-09T02:32:52.3745350Z APT::Compressor::lzma::CompressArg "";
2026-10-09T02:32:52.3745796Z APT::Compressor::lzma::CompressArg:: "--format=lzma";
2026-10-09T02:32:52.3746228Z APT::Compressor::lzma::CompressArg:: "-6";
2026-10-09T02:32:52.3746593Z APT::Compressor::lzma::UncompressArg "";
2026-10-09T02:32:52.3746993Z APT::Compressor::lzma::UncompressArg:: "--format=lzma";
2026-10-09T02:32:52.3747398Z APT::Compressor::lzma::UncompressArg:: "-d";
2026-10-09T02:32:52.3747691Z Dir "/";
2026-10-09T02:32:52.3747907Z Dir::State "var/lib/apt";
2026-10-09T02:32:52.3748166Z Dir::State::lists "lists/";
2026-10-09T02:32:52.3748463Z Dir::State::cdroms "cdroms.list";
2026-10-09T02:32:52.3748810Z Dir::State::extended_states "extended_states";
2026-10-09T02:32:52.3749181Z Dir::State::status "/var/lib/dpkg/status";
2026-10-09T02:32:52.3749487Z Dir::Cache "var/cache/apt";
2026-10-09T02:32:52.3749774Z Dir::Cache::archives "archives/";
2026-10-09T02:32:52.3750102Z Dir::Cache::srcpkgcache "srcpkgcache.bin";
2026-10-09T02:32:52.3750438Z Dir::Cache::pkgcache "pkgcache.bin";
2026-10-09T02:32:52.3750724Z Dir::Etc "etc/apt";
2026-10-09T02:32:52.3751025Z Dir::Etc::sourcelist "sources.list";
2026-10-09T02:32:52.3751490Z Dir::Etc::sourceparts "sources.list.d";
2026-10-09T02:32:52.3751794Z Dir::Etc::main "apt.conf";
2026-10-09T02:32:52.3752056Z Dir::Etc::netrc "auth.conf";
2026-10-09T02:32:52.3752361Z Dir::Etc::netrcparts "auth.conf.d";
2026-10-09T02:32:52.3752653Z Dir::Etc::parts "apt.conf.d";
2026-10-09T02:32:52.3752961Z Dir::Etc::preferences "preferences";
2026-10-09T02:32:52.3753309Z Dir::Etc::preferencesparts "preferences.d";
2026-10-09T02:32:52.3753651Z Dir::Etc::trusted "trusted.gpg";
2026-10-09T02:32:52.3753972Z Dir::Etc::trustedparts "trusted.gpg.d";
2026-10-09T02:32:52.3754244Z Dir::Bin "";
2026-10-09T02:32:52.3754508Z Dir::Bin::methods "/usr/lib/apt/methods";
2026-10-09T02:32:52.3754803Z Dir::Bin::solvers "";
2026-10-09T02:32:52.3755460Z Dir::Bin::solvers:: "/usr/lib/apt/solvers";
2026-10-09T02:32:52.3755799Z Dir::Bin::planners "";
2026-10-09T02:32:52.3756124Z Dir::Bin::planners:: "/usr/lib/apt/planners";
2026-10-09T02:32:52.3756479Z Dir::Bin::dpkg "/usr/bin/dpkg";
2026-10-09T02:32:52.3756754Z Dir::Bin::gzip "/bin/gzip";
2026-10-09T02:32:52.3757020Z Dir::Bin::bzip2 "/bin/bzip2";
2026-10-09T02:32:52.3757286Z Dir::Bin::xz "/usr/bin/xz";
2026-10-09T02:32:52.3757541Z Dir::Bin::lz4 "/usr/bin/lz4";
2026-10-09T02:32:52.3757958Z Dir::Bin::zstd "/usr/bin/zstd";
2026-10-09T02:32:52.3758256Z Dir::Bin::lzma "/usr/bin/xz";
2026-10-09T02:32:52.3758497Z Dir::Media "";
2026-10-09T02:32:52.3758762Z Dir::Media::MountPath "/media/apt";
2026-10-09T02:32:52.3759045Z Dir::Log "var/log/apt";
2026-10-09T02:32:52.3759324Z Dir::Log::Terminal "term.log";
2026-10-09T02:32:52.3768735Z Dir::Log::History "history.log";
2026-10-09T02:32:52.3769224Z Dir::Log::Planner "eipp.log.xz";
2026-10-09T02:32:52.3769569Z Dir::Ignore-Files-Silently "";
2026-10-09T02:32:52.3769906Z Dir::Ignore-Files-Silently:: "~$";
2026-10-09T02:32:52.3770280Z Dir::Ignore-Files-Silently:: "\.disabled$";
2026-10-09T02:32:52.3770639Z Dir::Ignore-Files-Silently:: "\.bak$";
2026-10-09T02:32:52.3771004Z Dir::Ignore-Files-Silently:: "\.dpkg-[a-z]+$";
2026-10-09T02:32:52.3771409Z Dir::Ignore-Files-Silently:: "\.ucf-[a-z]+$";
2026-10-09T02:32:52.3771779Z Dir::Ignore-Files-Silently:: "\.save$";
2026-10-09T02:32:52.3772129Z Dir::Ignore-Files-Silently:: "\.orig$";
2026-10-09T02:32:52.3772511Z Dir::Ignore-Files-Silently:: "\.distUpgrade$";
2026-10-09T02:32:52.3772816Z Acquire "";
2026-10-09T02:32:52.3773090Z Acquire::AllowInsecureRepositories "0";
2026-10-09T02:32:52.3773434Z Acquire::AllowWeakRepositories "0";
2026-10-09T02:32:52.3773816Z Acquire::AllowDowngradeToInsecureRepositories "0";
2026-10-09T02:32:52.3774153Z Acquire::cdrom "";
2026-10-09T02:32:52.3774435Z Acquire::cdrom::mount "/media/cdrom/";
2026-10-09T02:32:52.3774731Z Acquire::IndexTargets "";
2026-10-09T02:32:52.3775258Z Acquire::IndexTargets::deb "";
2026-10-09T02:32:52.3775611Z Acquire::IndexTargets::deb::Packages "";
2026-10-09T02:32:52.3776185Z Acquire::IndexTargets::deb::Packages::MetaKey "$(COMPONENT)/binary-$(ARCHITECTURE)/Packages";
2026-10-09T02:32:52.3776810Z Acquire::IndexTargets::deb::Packages::flatMetaKey "Packages";
2026-10-09T02:32:52.3777372Z Acquire::IndexTargets::deb::Packages::ShortDescription "Packages";
2026-10-09T02:32:52.3778079Z Acquire::IndexTargets::deb::Packages::Description "$(RELEASE)/$(COMPONENT) $(ARCHITECTURE) Packages";
2026-10-09T02:32:52.3778801Z Acquire::IndexTargets::deb::Packages::flatDescription "$(RELEASE) Packages";
2026-10-09T02:32:52.3779326Z Acquire::IndexTargets::deb::Packages::Optional "0";
2026-10-09T02:32:52.3779723Z Acquire::IndexTargets::deb::Translations "";
2026-10-09T02:32:52.3780302Z Acquire::IndexTargets::deb::Translations::MetaKey "$(COMPONENT)/i18n/Translation-$(LANGUAGE)";
2026-10-09T02:32:52.3780952Z Acquire::IndexTargets::deb::Translations::flatMetaKey "$(LANGUAGE)";
2026-10-09T02:32:52.3781577Z Acquire::IndexTargets::deb::Translations::ShortDescription "Translation-$(LANGUAGE)";
2026-10-09T02:32:52.3782350Z Acquire::IndexTargets::deb::Translations::Description "$(RELEASE)/$(COMPONENT) Translation-$(LANGUAGE)";
2026-10-09T02:32:52.3783156Z Acquire::IndexTargets::deb::Translations::flatDescription "$(RELEASE) Translation-$(LANGUAGE)";
2026-10-09T02:32:52.3783876Z Acquire::IndexTargets::deb::DEP-11 "";
2026-10-09T02:32:52.3784482Z Acquire::IndexTargets::deb::DEP-11::MetaKey "$(COMPONENT)/dep11/Components-$(NATIVE_ARCHITECTURE).yml";
2026-10-09T02:32:52.3785455Z Acquire::IndexTargets::deb::DEP-11::ShortDescription "Components-$(NATIVE_ARCHITECTURE)";
2026-10-09T02:32:52.3786264Z Acquire::IndexTargets::deb::DEP-11::Description "$(RELEASE)/$(COMPONENT) $(NATIVE_ARCHITECTURE) Components";
2026-10-09T02:32:52.3786908Z Acquire::IndexTargets::deb::DEP-11::KeepCompressed "true";
2026-10-09T02:32:52.3787386Z Acquire::IndexTargets::deb::DEP-11::KeepCompressedAs "gz";
2026-10-09T02:32:52.3787855Z Acquire::IndexTargets::deb::DEP-11::DefaultEnabled "false";
2026-10-09T02:32:52.3788295Z Acquire::IndexTargets::deb::DEP-11-icons-small "";
2026-10-09T02:32:52.3788895Z Acquire::IndexTargets::deb::DEP-11-icons-small::MetaKey "$(COMPONENT)/dep11/icons-48x48.tar";
2026-10-09T02:32:52.3789585Z Acquire::IndexTargets::deb::DEP-11-icons-small::ShortDescription "icons-48x48";
2026-10-09T02:32:52.3790451Z Acquire::IndexTargets::deb::DEP-11-icons-small::Description "$(RELEASE)/$(COMPONENT) Icons (48x48)";
2026-10-09T02:32:52.3791144Z Acquire::IndexTargets::deb::DEP-11-icons-small::KeepCompressed "true";
2026-10-09T02:32:52.3791715Z Acquire::IndexTargets::deb::DEP-11-icons-small::KeepCompressedAs "gz";
2026-10-09T02:32:52.3792288Z Acquire::IndexTargets::deb::DEP-11-icons-small::DefaultEnabled "false";
2026-10-09T02:32:52.3792765Z Acquire::IndexTargets::deb::DEP-11-icons "";
2026-10-09T02:32:52.3793308Z Acquire::IndexTargets::deb::DEP-11-icons::MetaKey "$(COMPONENT)/dep11/icons-64x64.tar";
2026-10-09T02:32:52.3793949Z Acquire::IndexTargets::deb::DEP-11-icons::ShortDescription "icons-64x64";
2026-10-09T02:32:52.3794634Z Acquire::IndexTargets::deb::DEP-11-icons::Description "$(RELEASE)/$(COMPONENT) Icons (64x64)";
2026-10-09T02:32:52.3795510Z Acquire::IndexTargets::deb::DEP-11-icons::KeepCompressed "true";
2026-10-09T02:32:52.3796042Z Acquire::IndexTargets::deb::DEP-11-icons::KeepCompressedAs "gz";
2026-10-09T02:32:52.3796565Z Acquire::IndexTargets::deb::DEP-11-icons::DefaultEnabled "false";
2026-10-09T02:32:52.3797030Z Acquire::IndexTargets::deb::DEP-11-icons-hidpi "";
2026-10-09T02:32:52.3797629Z Acquire::IndexTargets::deb::DEP-11-icons-hidpi::MetaKey "$(COMPONENT)/dep11/icons-64x64@2.tar";
2026-10-09T02:32:52.3798330Z Acquire::IndexTargets::deb::DEP-11-icons-hidpi::ShortDescription "icons-64x64@2";
2026-10-09T02:32:52.3799067Z Acquire::IndexTargets::deb::DEP-11-icons-hidpi::Description "$(RELEASE)/$(COMPONENT) Icons (64x64@2)";
2026-10-09T02:32:52.3799741Z Acquire::IndexTargets::deb::DEP-11-icons-hidpi::KeepCompressed "true";
2026-10-09T02:32:52.3800308Z Acquire::IndexTargets::deb::DEP-11-icons-hidpi::KeepCompressedAs "gz";
2026-10-09T02:32:52.3800875Z Acquire::IndexTargets::deb::DEP-11-icons-hidpi::DefaultEnabled "false";
2026-10-09T02:32:52.3801357Z Acquire::IndexTargets::deb::DEP-11-icons-large "";
2026-10-09T02:32:52.3801975Z Acquire::IndexTargets::deb::DEP-11-icons-large::MetaKey "$(COMPONENT)/dep11/icons-128x128.tar";
2026-10-09T02:32:52.3802680Z Acquire::IndexTargets::deb::DEP-11-icons-large::ShortDescription "icons-128x128";
2026-10-09T02:32:52.3803434Z Acquire::IndexTargets::deb::DEP-11-icons-large::Description "$(RELEASE)/$(COMPONENT) Icons (128x128)";
2026-10-09T02:32:52.3804120Z Acquire::IndexTargets::deb::DEP-11-icons-large::KeepCompressed "true";
2026-10-09T02:32:52.3804705Z Acquire::IndexTargets::deb::DEP-11-icons-large::KeepCompressedAs "gz";
2026-10-09T02:32:52.3805546Z Acquire::IndexTargets::deb::DEP-11-icons-large::DefaultEnabled "false";
2026-10-09T02:32:52.3806081Z Acquire::IndexTargets::deb::DEP-11-icons-large-hidpi "";
2026-10-09T02:32:52.3806755Z Acquire::IndexTargets::deb::DEP-11-icons-large-hidpi::MetaKey "$(COMPONENT)/dep11/icons-128x128@2.tar";
2026-10-09T02:32:52.3807528Z Acquire::IndexTargets::deb::DEP-11-icons-large-hidpi::ShortDescription "icons-128x128@2";
2026-10-09T02:32:52.3808493Z Acquire::IndexTargets::deb::DEP-11-icons-large-hidpi::Description "$(RELEASE)/$(COMPONENT) Icons (128x128@2)";
2026-10-09T02:32:52.3809240Z Acquire::IndexTargets::deb::DEP-11-icons-large-hidpi::KeepCompressed "true";
2026-10-09T02:32:52.3809863Z Acquire::IndexTargets::deb::DEP-11-icons-large-hidpi::KeepCompressedAs "gz";
2026-10-09T02:32:52.3810490Z Acquire::IndexTargets::deb::DEP-11-icons-large-hidpi::DefaultEnabled "false";
2026-10-09T02:32:52.3810955Z Acquire::IndexTargets::deb::CNF "";
2026-10-09T02:32:52.3811502Z Acquire::IndexTargets::deb::CNF::MetaKey "$(COMPONENT)/cnf/Commands-$(NATIVE_ARCHITECTURE)";
2026-10-09T02:32:52.3812202Z Acquire::IndexTargets::deb::CNF::ShortDescription "Commands-$(NATIVE_ARCHITECTURE)";
2026-10-09T02:32:52.3812977Z Acquire::IndexTargets::deb::CNF::Description "$(RELEASE)/$(COMPONENT) $(NATIVE_ARCHITECTURE) c-n-f Metadata";
2026-10-09T02:32:52.3813543Z Acquire::IndexTargets::deb-src "";
2026-10-09T02:32:52.3813892Z Acquire::IndexTargets::deb-src::Sources "";
2026-10-09T02:32:52.3814411Z Acquire::IndexTargets::deb-src::Sources::MetaKey "$(COMPONENT)/source/Sources";
2026-10-09T02:32:52.3814987Z Acquire::IndexTargets::deb-src::Sources::flatMetaKey "Sources";
2026-10-09T02:32:52.3815958Z Acquire::IndexTargets::deb-src::Sources::ShortDescription "Sources";
2026-10-09T02:32:52.3816607Z Acquire::IndexTargets::deb-src::Sources::Description "$(RELEASE)/$(COMPONENT) Sources";
2026-10-09T02:32:52.3817270Z Acquire::IndexTargets::deb-src::Sources::flatDescription "$(RELEASE) Sources";
2026-10-09T02:32:52.3817806Z Acquire::IndexTargets::deb-src::Sources::Optional "0";
2026-10-09T02:32:52.3818154Z Acquire::Changelogs "";
2026-10-09T02:32:52.3818411Z Acquire::Changelogs::URI "";
2026-10-09T02:32:52.3818712Z Acquire::Changelogs::URI::Origin "";
2026-10-09T02:32:52.3819402Z Acquire::Changelogs::URI::Origin::Debian "https://metadata.ftp-master.debian.org/changelogs/@CHANGEPATH@_changelog";
2026-10-09T02:32:52.3820350Z Acquire::Changelogs::URI::Origin::Ubuntu "https://changelogs.ubuntu.com/changelogs/pool/@CHANGEPATH@/changelog";
2026-10-09T02:32:52.3820968Z Acquire::Changelogs::AlwaysOnline "true";
2026-10-09T02:32:52.3821340Z Acquire::Changelogs::AlwaysOnline::Origin "";
2026-10-09T02:32:52.3821756Z Acquire::Changelogs::AlwaysOnline::Origin::Ubuntu "1";
2026-10-09T02:32:52.3822094Z Acquire::Snapshots "";
2026-10-09T02:32:52.3822345Z Acquire::Snapshots::URI "";
2026-10-09T02:32:52.3822643Z Acquire::Snapshots::URI::Origin "";
2026-10-09T02:32:52.3823226Z Acquire::Snapshots::URI::Origin::Debian "https://snapshot.debian.org/archive/debian/@SNAPSHOTID@/";
2026-10-09T02:32:52.3823994Z Acquire::Snapshots::URI::Origin::Ubuntu "https://snapshot.ubuntu.com/ubuntu/@SNAPSHOTID@/";
2026-10-09T02:32:52.3824513Z Acquire::Snapshots::URI::Override "";
2026-10-09T02:32:52.3824864Z Acquire::Snapshots::URI::Override::Label "";
2026-10-09T02:32:52.3825837Z Acquire::Snapshots::URI::Override::Label::Debian-Security "https://snapshot.debian.org/archive/debian-security/@SNAPSHOTID@/";
2026-10-09T02:32:52.3826492Z Acquire::Snapshots::URI::Host "";
2026-10-09T02:32:52.3827082Z Acquire::Snapshots::URI::Host::archive.ubuntu.com "https://snapshot.ubuntu.com/@PATH@/@SNAPSHOTID@/";
2026-10-09T02:32:52.3827923Z Acquire::Snapshots::URI::Host::deb.debian.org "https://snapshot.debian.org/archive/@PATH@/@SNAPSHOTID@/";
2026-10-09T02:32:52.3828746Z Acquire::Snapshots::URI::Host::.archive.ubuntu.com "https://snapshot.ubuntu.com/@PATH@/@SNAPSHOTID@/";
2026-10-09T02:32:52.3829563Z Acquire::Snapshots::URI::Host::security.ubuntu.com "https://snapshot.ubuntu.com/@PATH@/@SNAPSHOTID@/";
2026-10-09T02:32:52.3830505Z Acquire::Snapshots::URI::Host::ppa.launchpadcontent.net "https://snapshot.ppa.launchpadcontent.net/@PATH@/@SNAPSHOTID@/";
2026-10-09T02:32:52.3831488Z Acquire::Snapshots::URI::Host::ppa.launchpad.net "https://snapshot.ppa.launchpadcontent.net/@PATH@/@SNAPSHOTID@/";
2026-10-09T02:32:52.3832055Z Acquire::http "";
2026-10-09T02:32:52.3832371Z Acquire::http::User-Agent-Non-Interactive "true";
2026-10-09T02:32:52.3832712Z Acquire::http::Timeout "15";
2026-10-09T02:32:52.3833140Z Acquire::http::Pipeline-Depth "0";
2026-10-09T02:32:52.3833457Z Acquire::http::No-Cache "true";
2026-10-09T02:32:52.3833720Z Acquire::Retries "1";
2026-10-09T02:32:52.3833958Z Acquire::https "";
2026-10-09T02:32:52.3834203Z Acquire::https::Timeout "15";
2026-10-09T02:32:52.3834504Z Acquire::https::Pipeline-Depth "0";
2026-10-09T02:32:52.3834820Z Acquire::https::No-Cache "true";
2026-10-09T02:32:52.3835318Z Acquire::BrokenProxy "true";
2026-10-09T02:32:52.3835596Z Acquire::Languages "";
2026-10-09T02:32:52.3835844Z Acquire::Languages:: "en";
2026-10-09T02:32:52.3836102Z Acquire::Languages:: "none";
2026-10-09T02:32:52.3836374Z Acquire::CompressionTypes "";
2026-10-09T02:32:52.3836683Z Acquire::CompressionTypes::xz "xz";
2026-10-09T02:32:52.3837015Z Acquire::CompressionTypes::bz2 "bzip2";
2026-10-09T02:32:52.3837366Z Acquire::CompressionTypes::lzma "lzma";
2026-10-09T02:32:52.3837704Z Acquire::CompressionTypes::gz "gzip";
2026-10-09T02:32:52.3838038Z Acquire::CompressionTypes::lz4 "lz4";
2026-10-09T02:32:52.3838373Z Acquire::CompressionTypes::zst "zstd";
2026-10-09T02:32:52.3838651Z DPkg "";
2026-10-09T02:32:52.3838917Z DPkg::Path "/usr/sbin:/usr/bin:/sbin:/bin";
2026-10-09T02:32:52.3839336Z DPkg::Options "";
2026-10-09T02:32:52.3839615Z DPkg::Options:: "--force-confdef";
2026-10-09T02:32:52.3839930Z DPkg::Options:: "--force-confold";
2026-10-09T02:32:52.3840245Z DPkg::Options:: "--force-unsafe-io";
2026-10-09T02:32:52.3840564Z DPkg::Options:: "--force-confdef";
2026-10-09T02:32:52.3840866Z DPkg::Options:: "--force-confold";
2026-10-09T02:32:52.3841140Z DPkg::Post-Invoke "";
2026-10-09T02:32:52.3843005Z DPkg::Post-Invoke:: "/usr/bin/test -e /usr/share/dbus-1/system-services/org.freedesktop.PackageKit.service && /usr/bin/test -S /var/run/dbus/system_bus_socket && /usr/bin/gdbus call --system --dest org.freedesktop.PackageKit --object-path /org/freedesktop/PackageKit --timeout 4 --method org.freedesktop.PackageKit.StateHasChanged cache-update > /dev/null; /bin/echo > /dev/null";
2026-10-09T02:32:52.3844927Z DPkg::Post-Invoke:: "test -x /usr/lib/needrestart/apt-pinvoke && /usr/lib/needrestart/apt-pinvoke -m u || true";
2026-10-09T02:32:52.3846467Z DPkg::Post-Invoke:: "if [ -d /var/lib/update-notifier ]; then touch /var/lib/update-notifier/dpkg-run-stamp; fi; /usr/lib/update-notifier/update-motd-updates-available 2>/dev/null || true";
2026-10-09T02:32:52.3847317Z DPkg::Pre-Install-Pkgs "";
2026-10-09T02:32:52.3847745Z DPkg::Pre-Install-Pkgs:: "/usr/sbin/dpkg-preconfigure --apt || true";
2026-10-09T02:32:52.3848146Z binary "apt-config";
2026-10-09T02:32:52.3848372Z binary::apt "";
2026-10-09T02:32:52.3848596Z binary::apt::AptCli "";
2026-10-09T02:32:52.3848869Z binary::apt::AptCli::Hooks "";
2026-10-09T02:32:52.3849186Z binary::apt::AptCli::Hooks::Upgrade "";
2026-10-09T02:32:52.3850276Z binary::apt::AptCli::Hooks::Upgrade:: "[ ! -f /usr/lib/ubuntu-advantage/apt-esm-json-hook ] || [ $(id -u) -ne 0 ] || /usr/lib/ubuntu-advantage/apt-esm-json-hook 2>> /var/log/ubuntu-advantage-apt-hook.log || true";
2026-10-09T02:32:52.3851230Z binary::apt::AptCli::Hooks::Install "";
2026-10-09T02:32:52.3851898Z binary::apt::AptCli::Hooks::Install:: "[ ! -f /usr/bin/snap ] || /usr/bin/snap advise-snap --from-apt 2>/dev/null || true";
2026-10-09T02:32:52.3852446Z binary::apt::APT "";
2026-10-09T02:32:52.3852694Z binary::apt::APT::Color "1";
2026-10-09T02:32:52.3852965Z binary::apt::APT::Cache "";
2026-10-09T02:32:52.3853247Z binary::apt::APT::Cache::Show "";
2026-10-09T02:32:52.3853573Z binary::apt::APT::Cache::Show::Version "2";
2026-10-09T02:32:52.3853930Z binary::apt::APT::Cache::AllVersions "0";
2026-10-09T02:32:52.3854281Z binary::apt::APT::Cache::ShowVirtuals "1";
2026-10-09T02:32:52.3854618Z binary::apt::APT::Cache::Search "";
2026-10-09T02:32:52.3854958Z binary::apt::APT::Cache::Search::Version "2";
2026-10-09T02:32:52.3855587Z binary::apt::APT::Cache::ShowDependencyType "1";
2026-10-09T02:32:52.3855965Z binary::apt::APT::Cache::ShowVersion "1";
2026-10-09T02:32:52.3856259Z binary::apt::APT::Get "";
2026-10-09T02:32:52.3856721Z binary::apt::APT::Get::Upgrade-Allow-New "1";
2026-10-09T02:32:52.3857068Z binary::apt::APT::Get::Update "";
2026-10-09T02:32:52.3857491Z binary::apt::APT::Get::Update::InteractiveReleaseInfoChanges "1";
2026-10-09T02:32:52.3857883Z binary::apt::APT::Cmd "";
2026-10-09T02:32:52.3858193Z binary::apt::APT::Cmd::Show-Update-Stats "1";
2026-10-09T02:32:52.3858552Z binary::apt::APT::Cmd::Pattern-Only "1";
2026-10-09T02:32:52.3858930Z binary::apt::APT::Keep-Downloaded-Packages "0";
2026-10-09T02:32:52.3859250Z binary::apt::DPkg "";
2026-10-09T02:32:52.3859534Z binary::apt::DPkg::Progress-Fancy "1";
2026-10-09T02:32:52.3859842Z binary::apt::DPkg::Lock "";
2026-10-09T02:32:52.3860149Z binary::apt::DPkg::Lock::Timeout "120";
2026-10-09T02:32:52.3860425Z CommandLine "";
2026-10-09T02:32:52.3860699Z CommandLine::AsString "apt-config dump";
2026-10-09T02:32:52.3870093Z ##[end-action id=__self.__run;outcome=success;conclusion=success;duration_ms=63]
2026-10-09T02:32:52.3898681Z ##[group]Run sudo apt-get update && sudo apt-get install -y build-essential zstd m4
2026-10-09T02:32:52.3899307Z [36;1msudo apt-get update && sudo apt-get install -y build-essential zstd m4[0m
2026-10-09T02:32:52.3963270Z shell: /usr/bin/bash -e {0}
2026-10-09T02:32:52.3963526Z env:
2026-10-09T02:32:52.3963720Z   NODE_VERSION: 22
2026-10-09T02:32:52.3964059Z   LEAN_BRIDGE_CONSUMER_PERFORMANCE_DIR: build/consumer-ci/performance
2026-10-09T02:32:52.3964459Z   TMPDIR: /home/runner/work/_temp
2026-10-09T02:32:52.3964819Z   NIX_PROFILES: /nix/var/nix/profiles/default /home/runner/.nix-profile
2026-10-09T02:32:52.3965530Z   NIX_SSL_CERT_FILE: /etc/ssl/certs/ca-certificates.crt
2026-10-09T02:32:52.3965846Z ##[endgroup]
2026-10-09T02:32:52.4828562Z Get:1 file:/etc/apt/apt-mirrors.txt Mirrorlist [144 B]
2026-10-09T02:32:52.4984639Z Get:6 https://packages.microsoft.com/ubuntu/24.04/prod noble InRelease [3600 B]
2026-10-09T02:32:52.5121516Z Hit:2 http://azure.archive.ubuntu.com/ubuntu noble InRelease
2026-10-09T02:32:52.5170374Z Get:3 http://azure.archive.ubuntu.com/ubuntu noble-updates InRelease [126 kB]
2026-10-09T02:32:52.5216631Z Get:4 http://azure.archive.ubuntu.com/ubuntu noble-backports InRelease [126 kB]
2026-10-09T02:32:52.5246589Z Get:5 http://azure.archive.ubuntu.com/ubuntu noble-security InRelease [126 kB]
2026-10-09T02:32:52.5900304Z Get:7 https://packages.microsoft.com/ubuntu/24.04/prod noble/main all Packages [640 B]
2026-10-09T02:32:52.6188853Z Get:8 https://packages.microsoft.com/ubuntu/24.04/prod noble/main amd64 Packages [531 kB]
2026-10-09T02:32:52.6308853Z Get:9 https://packages.microsoft.com/ubuntu/24.04/prod noble/main armhf Packages [12.3 kB]
2026-10-09T02:32:52.6318193Z Get:10 https://packages.microsoft.com/ubuntu/24.04/prod noble/main arm64 Packages [474 kB]
2026-10-09T02:32:52.7360531Z Get:11 http://azure.archive.ubuntu.com/ubuntu noble-updates/main amd64 Packages [1375 kB]
2026-10-09T02:32:52.7430942Z Get:12 http://azure.archive.ubuntu.com/ubuntu noble-updates/main Translation-en [306 kB]
2026-10-09T02:32:52.7486295Z Get:13 http://azure.archive.ubuntu.com/ubuntu noble-updates/universe amd64 Packages [1702 kB]
2026-10-09T02:32:52.7580207Z Get:14 http://azure.archive.ubuntu.com/ubuntu noble-updates/universe Translation-en [342 kB]
2026-10-09T02:32:52.7606006Z Get:15 http://azure.archive.ubuntu.com/ubuntu noble-updates/restricted amd64 Packages [1761 kB]
2026-10-09T02:32:52.7715794Z Get:16 http://azure.archive.ubuntu.com/ubuntu noble-updates/restricted Translation-en [401 kB]
2026-10-09T02:32:52.7745350Z Get:17 http://azure.archive.ubuntu.com/ubuntu noble-updates/multiverse amd64 Packages [55.0 kB]
2026-10-09T02:32:52.7759903Z Get:18 http://azure.archive.ubuntu.com/ubuntu noble-updates/multiverse Translation-en [14.3 kB]
2026-10-09T02:32:52.8877094Z Get:19 http://azure.archive.ubuntu.com/ubuntu noble-security/main amd64 Packages [1118 kB]
2026-10-09T02:32:52.8935408Z Get:20 http://azure.archive.ubuntu.com/ubuntu noble-security/main Translation-en [228 kB]
2026-10-09T02:32:52.9358236Z Get:21 http://azure.archive.ubuntu.com/ubuntu noble-security/universe amd64 Packages [1220 kB]
2026-10-09T02:32:52.9414102Z Get:22 http://azure.archive.ubuntu.com/ubuntu noble-security/universe Translation-en [245 kB]
2026-10-09T02:32:52.9431073Z Get:23 http://azure.archive.ubuntu.com/ubuntu noble-security/restricted amd64 Packages [1667 kB]
2026-10-09T02:32:52.9508273Z Get:24 http://azure.archive.ubuntu.com/ubuntu noble-security/restricted Translation-en [383 kB]
2026-10-09T02:32:52.9532372Z Get:25 http://azure.archive.ubuntu.com/ubuntu noble-security/multiverse amd64 Packages [49.8 kB]
2026-10-09T02:32:52.9547641Z Get:26 http://azure.archive.ubuntu.com/ubuntu noble-security/multiverse Translation-en [12.4 kB]
2026-10-09T02:32:55.9172231Z Fetched 12.3 MB in 1s (9253 kB/s)
2026-10-09T02:32:56.8156622Z Reading package lists...
2026-10-09T02:32:56.8462480Z Reading package lists...
2026-10-09T02:32:57.0556322Z Building dependency tree...
2026-10-09T02:32:57.0563399Z Reading state information...
2026-10-09T02:32:57.2308208Z zstd is already the newest version (1.5.5+dfsg2-2build1.1).
2026-10-09T02:32:57.2308751Z zstd set to manually installed.
2026-10-09T02:32:57.2309128Z m4 is already the newest version (1.4.19-4build1).
2026-10-09T02:32:57.2309539Z The following NEW packages will be installed:
2026-10-09T02:32:57.2316149Z   build-essential
2026-10-09T02:32:57.2487265Z 0 upgraded, 1 newly installed, 0 to remove and 23 not upgraded.
2026-10-09T02:32:57.2488073Z Need to get 4928 B of archives.
2026-10-09T02:32:57.2488561Z After this operation, 17.4 kB of additional disk space will be used.
2026-10-09T02:32:57.2489080Z Get:1 file:/etc/apt/apt-mirrors.txt Mirrorlist [144 B]
2026-10-09T02:32:57.3120501Z Get:2 http://azure.archive.ubuntu.com/ubuntu noble/main amd64 build-essential amd64 12.10ubuntu1 [4928 B]
2026-10-09T02:32:57.5705768Z Fetched 4928 B in 0s (66.8 kB/s)
2026-10-09T02:32:57.5929387Z Selecting previously unselected package build-essential.
2026-10-09T02:32:57.6233346Z (Reading database ... 
2026-10-09T02:32:57.6233732Z (Reading database ... 5%
2026-10-09T02:32:57.6234043Z (Reading database ... 10%
2026-10-09T02:32:57.6234591Z (Reading database ... 15%
2026-10-09T02:32:57.6235289Z (Reading database ... 20%
2026-10-09T02:32:57.6235788Z (Reading database ... 25%
2026-10-09T02:32:57.6236167Z (Reading database ... 30%
2026-10-09T02:32:57.6236433Z (Reading database ... 35%
2026-10-09T02:32:57.6236686Z (Reading database ... 40%
2026-10-09T02:32:57.6236941Z (Reading database ... 45%
2026-10-09T02:32:57.6237198Z (Reading database ... 50%
2026-10-09T02:32:57.6274673Z (Reading database ... 55%
2026-10-09T02:32:57.6883865Z (Reading database ... 60%
2026-10-09T02:32:57.8906618Z (Reading database ... 65%
2026-10-09T02:32:58.0791529Z (Reading database ... 70%
2026-10-09T02:32:58.2430863Z (Reading database ... 75%
2026-10-09T02:32:58.4422159Z (Reading database ... 80%
2026-10-09T02:32:58.5890867Z (Reading database ... 85%
2026-10-09T02:32:58.7902222Z (Reading database ... 90%
2026-10-09T02:32:58.9313232Z (Reading database ... 95%
2026-10-09T02:32:58.9313662Z (Reading database ... 100%
2026-10-09T02:32:58.9314211Z (Reading database ... 203191 files and directories currently installed.)
2026-10-09T02:32:58.9357844Z Preparing to unpack .../build-essential_12.10ubuntu1_amd64.deb ...
2026-10-09T02:32:58.9382357Z Unpacking build-essential (12.10ubuntu1) ...
2026-10-09T02:32:58.9744342Z Setting up build-essential (12.10ubuntu1) ...
2026-10-09T02:32:59.5810889Z 
2026-10-09T02:32:59.5811527Z Running kernel seems to be up-to-date.
2026-10-09T02:32:59.5811975Z 
2026-10-09T02:32:59.5812181Z No services need to be restarted.
2026-10-09T02:32:59.5812416Z 
2026-10-09T02:32:59.5812600Z No containers need to be restarted.
2026-10-09T02:32:59.5812834Z 
2026-10-09T02:32:59.5813078Z No user sessions are running outdated binaries.
2026-10-09T02:32:59.5813346Z 
2026-10-09T02:32:59.5813720Z No VM guests are running outdated hypervisor (qemu) binaries on this host.
2026-10-09T02:33:00.6126390Z ##[group]Run bash scripts/bootstrap-toolchains.sh --lean-only
2026-10-09T02:33:00.6127515Z [36;1mbash scripts/bootstrap-toolchains.sh --lean-only[0m
2026-10-09T02:33:00.6193854Z shell: /usr/bin/bash -e {0}
2026-10-09T02:33:00.6194125Z env:
2026-10-09T02:33:00.6194323Z   NODE_VERSION: 22
2026-10-09T02:33:00.6194667Z   LEAN_BRIDGE_CONSUMER_PERFORMANCE_DIR: build/consumer-ci/performance
2026-10-09T02:33:00.6195402Z   TMPDIR: /home/runner/work/_temp
2026-10-09T02:33:00.6195798Z   NIX_PROFILES: /nix/var/nix/profiles/default /home/runner/.nix-profile
2026-10-09T02:33:00.6196254Z   NIX_SSL_CERT_FILE: /etc/ssl/certs/ca-certificates.crt
2026-10-09T02:33:00.6196578Z ##[endgroup]
2026-10-09T02:33:01.0751072Z /home/runner/work/lean-bridge/lean-bridge/.toolchains/downloads/elan-x86_64-unknown-linux-gnu.tar.gz: OK
2026-10-09T02:33:01.5228769Z info: Version 4.2.4 of elan is available! Use `elan self update` to update.
2026-10-09T02:33:02.3054346Z info: downloading https://releases.lean-lang.org/lean4/v4.32.2/lean-4.32.2-linux.tar.zst
2026-10-09T02:33:06.7366710Z info: installing /home/runner/work/lean-bridge/lean-bridge/.toolchains/elan/toolchains/leanprover--lean4---v4.32.2
2026-10-09T02:33:13.3029546Z 
2026-10-09T02:33:13.5383763Z leanprover/lean4:v4.32.2 installed - Lean (version 4.32.2, x86_64-unknown-linux-gnu, commit f3b06c705e6c85f5314019d5d3baab0fec5b580c, Release)
2026-10-09T02:33:13.5384885Z 
2026-10-09T02:33:13.6913369Z info: default toolchain set to 'leanprover/lean4:v4.32.2'
2026-10-09T02:33:13.7371939Z ##[group]Run sudo apt-get install -y ripgrep
2026-10-09T02:33:13.7372343Z [36;1msudo apt-get install -y ripgrep[0m
2026-10-09T02:33:13.7440663Z shell: /usr/bin/bash -e {0}
2026-10-09T02:33:13.7440945Z env:
2026-10-09T02:33:13.7441147Z   NODE_VERSION: 22
2026-10-09T02:33:13.7441508Z   LEAN_BRIDGE_CONSUMER_PERFORMANCE_DIR: build/consumer-ci/performance
2026-10-09T02:33:13.7441936Z   TMPDIR: /home/runner/work/_temp
2026-10-09T02:33:13.7442325Z   NIX_PROFILES: /nix/var/nix/profiles/default /home/runner/.nix-profile
2026-10-09T02:33:13.7442801Z   NIX_SSL_CERT_FILE: /etc/ssl/certs/ca-certificates.crt
2026-10-09T02:33:13.7443156Z ##[endgroup]
2026-10-09T02:33:13.7733792Z Reading package lists...
2026-10-09T02:33:13.9896051Z Building dependency tree...
2026-10-09T02:33:13.9904009Z Reading state information...
2026-10-09T02:33:14.1885797Z The following NEW packages will be installed:
2026-10-09T02:33:14.1886196Z   ripgrep
2026-10-09T02:33:14.2061133Z 0 upgraded, 1 newly installed, 0 to remove and 23 not upgraded.
2026-10-09T02:33:14.2061961Z Need to get 1551 kB of archives.
2026-10-09T02:33:14.2062548Z After this operation, 5335 kB of additional disk space will be used.
2026-10-09T02:33:14.2063118Z Get:1 file:/etc/apt/apt-mirrors.txt Mirrorlist [144 B]
2026-10-09T02:33:14.2714232Z Get:2 http://azure.archive.ubuntu.com/ubuntu noble/universe amd64 ripgrep amd64 14.1.0-1 [1551 kB]
2026-10-09T02:33:14.5596594Z Fetched 1551 kB in 0s (15.8 MB/s)
2026-10-09T02:33:14.5776900Z Selecting previously unselected package ripgrep.
2026-10-09T02:33:14.5832413Z (Reading database ... 
2026-10-09T02:33:14.5832809Z (Reading database ... 5%
2026-10-09T02:33:14.5833361Z (Reading database ... 10%
2026-10-09T02:33:14.5833786Z (Reading database ... 15%
2026-10-09T02:33:14.5834184Z (Reading database ... 20%
2026-10-09T02:33:14.5834572Z (Reading database ... 25%
2026-10-09T02:33:14.5834960Z (Reading database ... 30%
2026-10-09T02:33:14.5835932Z (Reading database ... 35%
2026-10-09T02:33:14.5836620Z (Reading database ... 40%
2026-10-09T02:33:14.5837144Z (Reading database ... 45%
2026-10-09T02:33:14.5837526Z (Reading database ... 50%
2026-10-09T02:33:14.5853026Z (Reading database ... 55%
2026-10-09T02:33:14.5974199Z (Reading database ... 60%
2026-10-09T02:33:14.6004018Z (Reading database ... 65%
2026-10-09T02:33:14.6027603Z (Reading database ... 70%
2026-10-09T02:33:14.6067792Z (Reading database ... 75%
2026-10-09T02:33:14.6095769Z (Reading database ... 80%
2026-10-09T02:33:14.6259476Z (Reading database ... 85%
2026-10-09T02:33:14.6339473Z (Reading database ... 90%
2026-10-09T02:33:14.6599614Z (Reading database ... 95%
2026-10-09T02:33:14.6600570Z (Reading database ... 100%
2026-10-09T02:33:14.6601285Z (Reading database ... 203200 files and directories currently installed.)
2026-10-09T02:33:14.6643562Z Preparing to unpack .../ripgrep_14.1.0-1_amd64.deb ...
2026-10-09T02:33:14.6652496Z Unpacking ripgrep (14.1.0-1) ...
2026-10-09T02:33:14.7269617Z Setting up ripgrep (14.1.0-1) ...
2026-10-09T02:33:14.7294068Z Processing triggers for man-db (2.12.0-4build2) ...
2026-10-09T02:33:14.7315365Z Not building database; man-db/auto-update is not 'true'.
2026-10-09T02:33:15.3278973Z 
2026-10-09T02:33:15.3279737Z Running kernel seems to be up-to-date.
2026-10-09T02:33:15.3280179Z 
2026-10-09T02:33:15.3280454Z No services need to be restarted.
2026-10-09T02:33:15.3280778Z 
2026-10-09T02:33:15.3281031Z No containers need to be restarted.
2026-10-09T02:33:15.3281362Z 
2026-10-09T02:33:15.3281680Z No user sessions are running outdated binaries.
2026-10-09T02:33:15.3282056Z 
2026-10-09T02:33:15.3282569Z No VM guests are running outdated hypervisor (qemu) binaries on this host.
2026-10-09T02:33:16.5127733Z ##[group]Run actions/setup-dotnet@v6
2026-10-09T02:33:16.5128036Z with:
2026-10-09T02:33:16.5128236Z   dotnet-version: 8.0.424
2026-10-09T02:33:16.5128464Z   cache: false
2026-10-09T02:33:16.5128660Z env:
2026-10-09T02:33:16.5128835Z   NODE_VERSION: 22
2026-10-09T02:33:16.5129145Z   LEAN_BRIDGE_CONSUMER_PERFORMANCE_DIR: build/consumer-ci/performance
2026-10-09T02:33:16.5129530Z   TMPDIR: /home/runner/work/_temp
2026-10-09T02:33:16.5129885Z   NIX_PROFILES: /nix/var/nix/profiles/default /home/runner/.nix-profile
2026-10-09T02:33:16.5130300Z   NIX_SSL_CERT_FILE: /etc/ssl/certs/ca-certificates.crt
2026-10-09T02:33:16.5130607Z ##[endgroup]
2026-10-09T02:33:16.7496264Z [command]/home/runner/work/_actions/actions/setup-dotnet/v6/externals/install-dotnet.sh --skip-non-versioned-files --runtime dotnet --channel LTS
2026-10-09T02:33:17.0530818Z dotnet-install: .NET Core Runtime with version '10.0.12' is already installed.
2026-10-09T02:33:17.0556619Z [command]/home/runner/work/_actions/actions/setup-dotnet/v6/externals/install-dotnet.sh --skip-non-versioned-files --version 8.0.424
2026-10-09T02:33:18.4319393Z dotnet-install: Attempting to download using primary link https://builds.dotnet.microsoft.com/dotnet/Sdk/8.0.424/dotnet-sdk-8.0.424-linux-x64.tar.gz
2026-10-09T02:33:23.4080223Z dotnet-install: Remote file https://builds.dotnet.microsoft.com/dotnet/Sdk/8.0.424/dotnet-sdk-8.0.424-linux-x64.tar.gz size is 216718168 bytes.
2026-10-09T02:33:23.4085821Z dotnet-install: Extracting archive from https://builds.dotnet.microsoft.com/dotnet/Sdk/8.0.424/dotnet-sdk-8.0.424-linux-x64.tar.gz
2026-10-09T02:33:27.9492910Z dotnet-install: Downloaded file size is 216718168 bytes.
2026-10-09T02:33:27.9493873Z dotnet-install: The remote and local file sizes are equal.
2026-10-09T02:33:28.2132853Z dotnet-install: Installed version is 8.0.424
2026-10-09T02:33:28.2190941Z dotnet-install: Adding to current process PATH: `/usr/share/dotnet`. Note: This change will be visible only when sourcing script.
2026-10-09T02:33:28.2192799Z dotnet-install: Note that the script does not resolve dependencies during installation.
2026-10-09T02:33:28.2195807Z dotnet-install: To check the list of dependencies, go to https://learn.microsoft.com/dotnet/core/install, select your operating system and check the "Dependencies" section.
2026-10-09T02:33:28.2197223Z dotnet-install: Installation finished successfully.
2026-10-09T02:33:28.2374918Z ##[group]Run ruby/setup-ruby@v1
2026-10-09T02:33:28.2375538Z with:
2026-10-09T02:33:28.2375746Z   ruby-version: 3.3.12
2026-10-09T02:33:28.2375978Z   bundler-cache: false
2026-10-09T02:33:28.2378441Z   token: ***
2026-10-09T02:33:28.2378638Z env:
2026-10-09T02:33:28.2378829Z   NODE_VERSION: 22
2026-10-09T02:33:28.2379157Z   LEAN_BRIDGE_CONSUMER_PERFORMANCE_DIR: build/consumer-ci/performance
2026-10-09T02:33:28.2379550Z   TMPDIR: /home/runner/work/_temp
2026-10-09T02:33:28.2379910Z   NIX_PROFILES: /nix/var/nix/profiles/default /home/runner/.nix-profile
2026-10-09T02:33:28.2380341Z   NIX_SSL_CERT_FILE: /etc/ssl/certs/ca-certificates.crt
2026-10-09T02:33:28.2380868Z   DOTNET_ROOT: /usr/share/dotnet
2026-10-09T02:33:28.2381116Z ##[endgroup]
2026-10-09T02:33:28.3889878Z ##[group]Modifying PATH
2026-10-09T02:33:28.3891257Z Entries added to PATH to use selected Ruby:
2026-10-09T02:33:28.3892592Z   /opt/hostedtoolcache/Ruby/3.3.12/x64/bin
2026-10-09T02:33:28.3898292Z ##[endgroup]
2026-10-09T02:33:28.3899564Z ##[group]Print Ruby version
2026-10-09T02:33:28.3986917Z [command]/opt/hostedtoolcache/Ruby/3.3.12/x64/bin/ruby --version
2026-10-09T02:33:28.8936877Z ruby 3.3.12 (2026-07-16 revision 0581089df9) [x86_64-linux]
2026-10-09T02:33:28.8972331Z Took   0.51 seconds
2026-10-09T02:33:28.8973227Z ##[endgroup]
2026-10-09T02:33:28.8974306Z ##[group]Installing Bundler
2026-10-09T02:33:28.8979148Z Using Bundler shipped with ruby-3.3.12
2026-10-09T02:33:28.8980125Z Took   0.00 seconds
2026-10-09T02:33:28.8981000Z ##[endgroup]
2026-10-09T02:33:28.9132362Z ##[group]Run actions/setup-java@v4
2026-10-09T02:33:28.9132689Z with:
2026-10-09T02:33:28.9132894Z   distribution: temurin
2026-10-09T02:33:28.9133127Z   java-version: 22.0.2
2026-10-09T02:33:28.9133351Z   java-package: jdk
2026-10-09T02:33:28.9133569Z   check-latest: false
2026-10-09T02:33:28.9133779Z   server-id: github
2026-10-09T02:33:28.9133991Z   server-username: GITHUB_ACTOR
2026-10-09T02:33:28.9134246Z   server-password: GITHUB_TOKEN
2026-10-09T02:33:28.9134495Z   overwrite-settings: true
2026-10-09T02:33:28.9134735Z   job-status: success
2026-10-09T02:33:28.9137558Z   token: ***
2026-10-09T02:33:28.9137771Z env:
2026-10-09T02:33:28.9137953Z   NODE_VERSION: 22
2026-10-09T02:33:28.9138272Z   LEAN_BRIDGE_CONSUMER_PERFORMANCE_DIR: build/consumer-ci/performance
2026-10-09T02:33:28.9138674Z   TMPDIR: /home/runner/work/_temp
2026-10-09T02:33:28.9139052Z   NIX_PROFILES: /nix/var/nix/profiles/default /home/runner/.nix-profile
2026-10-09T02:33:28.9139514Z   NIX_SSL_CERT_FILE: /etc/ssl/certs/ca-certificates.crt
2026-10-09T02:33:28.9139839Z   DOTNET_ROOT: /usr/share/dotnet
2026-10-09T02:33:28.9140090Z ##[endgroup]
2026-10-09T02:33:29.0949248Z ##[warning]setup-java v4 is deprecated and will no longer receive updates. Please migrate to actions/setup-java@v5.
2026-10-09T02:33:29.0956170Z ##[group]Installed distributions
2026-10-09T02:33:29.1548556Z Trying to resolve the latest version from remote
2026-10-09T02:33:29.1668434Z (node:43601) [DEP0040] DeprecationWarning: The `punycode` module is deprecated. Please use a userland alternative instead.
2026-10-09T02:33:29.1669454Z (Use `node --trace-deprecation ...` to show where the warning was created)
2026-10-09T02:33:30.0127984Z Resolved latest version as 22.0.2+9
2026-10-09T02:33:30.0128472Z Trying to download...
2026-10-09T02:33:30.0129934Z Downloading Java 22.0.2+9 (Temurin-Hotspot) from https://github.com/adoptium/temurin22-binaries/releases/download/jdk-22.0.2%2B9/OpenJDK22U-jdk_x64_linux_hotspot_22.0.2_9.tar.gz ...
2026-10-09T02:33:31.8348420Z Extracting Java archive...
2026-10-09T02:33:31.8575285Z [command]/usr/bin/tar xz --warning=no-unknown-keyword --overwrite -C /home/runner/work/_temp/5709edc3-26ac-48bf-b900-a066dcfe97f3 -f /home/runner/work/_temp/90b17a9b-9308-4d7d-9f11-f70cef8c51bd
2026-10-09T02:33:34.8862800Z Java 22.0.2+9 was downloaded
2026-10-09T02:33:34.8863214Z Setting Java 22.0.2+9 as the default
2026-10-09T02:33:34.8874172Z Creating toolchains.xml for JDK version 22.0.2 from temurin
2026-10-09T02:33:34.9367470Z Writing to /home/runner/.m2/toolchains.xml
2026-10-09T02:33:34.9368141Z 
2026-10-09T02:33:34.9368767Z Java configuration:
2026-10-09T02:33:34.9369290Z   Distribution: temurin
2026-10-09T02:33:34.9369803Z   Version: 22.0.2+9
2026-10-09T02:33:34.9370541Z   Path: /opt/hostedtoolcache/Java_Temurin-Hotspot_jdk/22.0.2-9/x64
2026-10-09T02:33:34.9371238Z 
2026-10-09T02:33:34.9373202Z ##[endgroup]
2026-10-09T02:33:35.0868329Z Creating settings.xml with server-id: github
2026-10-09T02:33:35.0869034Z Writing to /home/runner/.m2/settings.xml
2026-10-09T02:33:35.0914758Z ##[group]Run sudo apt-get install -y maven unzip
2026-10-09T02:33:35.0915814Z [36;1msudo apt-get install -y maven unzip[0m
2026-10-09T02:33:35.0979783Z shell: /usr/bin/bash -e {0}
2026-10-09T02:33:35.0980060Z env:
2026-10-09T02:33:35.0980251Z   NODE_VERSION: 22
2026-10-09T02:33:35.0980582Z   LEAN_BRIDGE_CONSUMER_PERFORMANCE_DIR: build/consumer-ci/performance
2026-10-09T02:33:35.0980981Z   TMPDIR: /home/runner/work/_temp
2026-10-09T02:33:35.0981357Z   NIX_PROFILES: /nix/var/nix/profiles/default /home/runner/.nix-profile
2026-10-09T02:33:35.0981790Z   NIX_SSL_CERT_FILE: /etc/ssl/certs/ca-certificates.crt
2026-10-09T02:33:35.0982155Z   DOTNET_ROOT: /usr/share/dotnet
2026-10-09T02:33:35.0982517Z   JAVA_HOME: /opt/hostedtoolcache/Java_Temurin-Hotspot_jdk/22.0.2-9/x64
2026-10-09T02:33:35.0983015Z   JAVA_HOME_22_X64: /opt/hostedtoolcache/Java_Temurin-Hotspot_jdk/22.0.2-9/x64
2026-10-09T02:33:35.0983398Z ##[endgroup]
2026-10-09T02:33:35.1266035Z Reading package lists...
2026-10-09T02:33:35.3490667Z Building dependency tree...
2026-10-09T02:33:35.3498726Z Reading state information...
2026-10-09T02:33:35.5107592Z unzip is already the newest version (6.0-28ubuntu4.1).
2026-10-09T02:33:35.5108429Z The following additional packages will be installed:
2026-10-09T02:33:35.5109414Z   libaopalliance-java libapache-pom-java libatinject-jsr330-api-java
2026-10-09T02:33:35.5110616Z   libcdi-api-java libcommons-cli-java libcommons-io-java libcommons-lang3-java
2026-10-09T02:33:35.5111440Z   libcommons-parent-java liberror-prone-java
2026-10-09T02:33:35.5112280Z   libgeronimo-annotation-1.3-spec-java libgeronimo-interceptor-3.0-spec-java
2026-10-09T02:33:35.5113425Z   libguava-java libguice-java libjansi-java libjsr305-java
2026-10-09T02:33:35.5114287Z   libmaven-parent-java libmaven-resolver-java libmaven-shared-utils-java
2026-10-09T02:33:35.5115851Z   libmaven3-core-java libplexus-cipher-java libplexus-classworlds-java
2026-10-09T02:33:35.5116997Z   libplexus-component-annotations-java libplexus-interpolation-java
2026-10-09T02:33:35.5118104Z   libplexus-sec-dispatcher-java libplexus-utils2-java libsisu-inject-java
2026-10-09T02:33:35.5119226Z   libsisu-plexus-java libslf4j-java libwagon-file-java
2026-10-09T02:33:35.5120230Z   libwagon-http-shaded-java libwagon-provider-api-java
2026-10-09T02:33:35.5120865Z Suggested packages:
2026-10-09T02:33:35.5121409Z   libatinject-jsr330-api-java-doc libel-api-java libcommons-io-java-doc
2026-10-09T02:33:35.5122193Z   libasm-java libcglib-java libjsr305-java-doc libmaven-shared-utils-java-doc
2026-10-09T02:33:35.5122880Z   liblogback-java libplexus-utils2-java-doc junit4 testng
2026-10-09T02:33:35.5123404Z   libcommons-logging-java liblog4j1.2-java
2026-10-09T02:33:35.5420952Z The following NEW packages will be installed:
2026-10-09T02:33:35.5422186Z   libaopalliance-java libapache-pom-java libatinject-jsr330-api-java
2026-10-09T02:33:35.5423043Z   libcdi-api-java libcommons-cli-java libcommons-io-java libcommons-lang3-java
2026-10-09T02:33:35.5423744Z   libcommons-parent-java liberror-prone-java
2026-10-09T02:33:35.5424435Z   libgeronimo-annotation-1.3-spec-java libgeronimo-interceptor-3.0-spec-java
2026-10-09T02:33:35.5425642Z   libguava-java libguice-java libjansi-java libjsr305-java
2026-10-09T02:33:35.5426910Z   libmaven-parent-java libmaven-resolver-java libmaven-shared-utils-java
2026-10-09T02:33:35.5427702Z   libmaven3-core-java libplexus-cipher-java libplexus-classworlds-java
2026-10-09T02:33:35.5428456Z   libplexus-component-annotations-java libplexus-interpolation-java
2026-10-09T02:33:35.5429216Z   libplexus-sec-dispatcher-java libplexus-utils2-java libsisu-inject-java
2026-10-09T02:33:35.5430183Z   libsisu-plexus-java libslf4j-java libwagon-file-java
2026-10-09T02:33:35.5431305Z   libwagon-http-shaded-java libwagon-provider-api-java maven
2026-10-09T02:33:35.5626127Z 0 upgraded, 32 newly installed, 0 to remove and 23 not upgraded.
2026-10-09T02:33:35.5626951Z Need to get 10.1 MB of archives.
2026-10-09T02:33:35.5628149Z After this operation, 13.1 MB of additional disk space will be used.
2026-10-09T02:33:35.5629096Z Get:1 file:/etc/apt/apt-mirrors.txt Mirrorlist [144 B]
2026-10-09T02:33:35.6281701Z Get:2 http://azure.archive.ubuntu.com/ubuntu noble/universe amd64 libapache-pom-java all 29-2 [5284 B]
2026-10-09T02:33:35.6751970Z Get:3 http://azure.archive.ubuntu.com/ubuntu noble/universe amd64 libatinject-jsr330-api-java all 1.0+ds1-5 [5348 B]
2026-10-09T02:33:35.7221057Z Get:4 http://azure.archive.ubuntu.com/ubuntu noble/universe amd64 libgeronimo-interceptor-3.0-spec-java all 1.0.1-4fakesync [8616 B]
2026-10-09T02:33:35.7689488Z Get:5 http://azure.archive.ubuntu.com/ubuntu noble/universe amd64 libcdi-api-java all 1.2-3 [54.3 kB]
2026-10-09T02:33:35.8158497Z Get:6 http://azure.archive.ubuntu.com/ubuntu noble/universe amd64 libcommons-cli-java all 1.6.0-1 [59.9 kB]
2026-10-09T02:33:35.8631054Z Get:7 http://azure.archive.ubuntu.com/ubuntu noble/universe amd64 libcommons-parent-java all 56-1 [10.7 kB]
2026-10-09T02:33:35.9103771Z Get:8 http://azure.archive.ubuntu.com/ubuntu noble/universe amd64 libcommons-io-java all 2.11.0-2 [297 kB]
2026-10-09T02:33:35.9597539Z Get:9 http://azure.archive.ubuntu.com/ubuntu noble/universe amd64 libcommons-lang3-java all 3.14.0-1 [586 kB]
2026-10-09T02:33:36.0101077Z Get:10 http://azure.archive.ubuntu.com/ubuntu noble/universe amd64 libjsr305-java all 0.1~+svn49-11 [27.0 kB]
2026-10-09T02:33:36.0575823Z Get:11 http://azure.archive.ubuntu.com/ubuntu noble/universe amd64 libguava-java all 32.0.1-1 [2692 kB]
2026-10-09T02:33:36.1357421Z Get:12 http://azure.archive.ubuntu.com/ubuntu noble/universe amd64 liberror-prone-java all 2.18.0-1 [22.5 kB]
2026-10-09T02:33:36.1827516Z Get:13 http://azure.archive.ubuntu.com/ubuntu noble/universe amd64 libgeronimo-annotation-1.3-spec-java all 1.3-1 [11.2 kB]
2026-10-09T02:33:36.2298841Z Get:14 http://azure.archive.ubuntu.com/ubuntu noble/universe amd64 libaopalliance-java all 20070526-7 [8166 B]
2026-10-09T02:33:36.2766985Z Get:15 http://azure.archive.ubuntu.com/ubuntu noble/universe amd64 libguice-java all 4.2.3-2 [1434 kB]
2026-10-09T02:33:36.3354964Z Get:16 http://azure.archive.ubuntu.com/ubuntu noble/universe amd64 libjansi-java all 2.4.1-2 [83.0 kB]
2026-10-09T02:33:36.3829017Z Get:17 http://azure.archive.ubuntu.com/ubuntu noble/universe amd64 libmaven-parent-java all 35-1 [5810 B]
2026-10-09T02:33:36.4301780Z Get:18 http://azure.archive.ubuntu.com/ubuntu noble/universe amd64 libplexus-utils2-java all 3.4.2-1 [256 kB]
2026-10-09T02:33:36.4786138Z Get:19 http://azure.archive.ubuntu.com/ubuntu noble/universe amd64 libwagon-provider-api-java all 3.5.3-1 [47.9 kB]
2026-10-09T02:33:36.5261681Z Get:20 http://azure.archive.ubuntu.com/ubuntu noble/universe amd64 libmaven-resolver-java all 1.6.3-1 [544 kB]
2026-10-09T02:33:36.5766741Z Get:21 http://azure.archive.ubuntu.com/ubuntu noble/universe amd64 libmaven-shared-utils-java all 3.3.4-1 [137 kB]
2026-10-09T02:33:36.6242714Z Get:22 http://azure.archive.ubuntu.com/ubuntu noble/universe amd64 libplexus-cipher-java all 2.0-1 [14.7 kB]
2026-10-09T02:33:36.6712971Z Get:23 http://azure.archive.ubuntu.com/ubuntu noble/universe amd64 libplexus-classworlds-java all 2.7.0-1 [50.0 kB]
2026-10-09T02:33:36.7186948Z Get:24 http://azure.archive.ubuntu.com/ubuntu noble/universe amd64 libplexus-component-annotations-java all 2.1.1-1 [6550 B]
2026-10-09T02:33:36.7656528Z Get:25 http://azure.archive.ubuntu.com/ubuntu noble/universe amd64 libplexus-interpolation-java all 1.26-1 [76.8 kB]
2026-10-09T02:33:36.8129571Z Get:26 http://azure.archive.ubuntu.com/ubuntu noble/universe amd64 libplexus-sec-dispatcher-java all 2.0-3 [28.1 kB]
2026-10-09T02:33:36.8606971Z Get:27 http://azure.archive.ubuntu.com/ubuntu noble/universe amd64 libslf4j-java all 1.7.32-1 [141 kB]
2026-10-09T02:33:36.9082088Z Get:28 http://azure.archive.ubuntu.com/ubuntu noble/universe amd64 libsisu-inject-java all 0.3.4-2 [347 kB]
2026-10-09T02:33:36.9576258Z Get:29 http://azure.archive.ubuntu.com/ubuntu noble/universe amd64 libsisu-plexus-java all 0.3.4-3 [181 kB]
2026-10-09T02:33:37.0060826Z Get:30 http://azure.archive.ubuntu.com/ubuntu noble/universe amd64 libmaven3-core-java all 3.8.7-2 [1565 kB]
2026-10-09T02:33:37.0646615Z Get:31 http://azure.archive.ubuntu.com/ubuntu noble/universe amd64 libwagon-file-java all 3.5.3-1 [7918 B]
2026-10-09T02:33:37.1116282Z Get:32 http://azure.archive.ubuntu.com/ubuntu noble/universe amd64 libwagon-http-shaded-java all 3.5.3-1 [1332 kB]
2026-10-09T02:33:37.1706310Z Get:33 http://azure.archive.ubuntu.com/ubuntu noble/universe amd64 maven all 3.8.7-2 [18.3 kB]
2026-10-09T02:33:37.4769413Z Fetched 10.1 MB in 2s (6216 kB/s)
2026-10-09T02:33:37.5033132Z Selecting previously unselected package libapache-pom-java.
2026-10-09T02:33:37.5089194Z (Reading database ... 
2026-10-09T02:33:37.5089596Z (Reading database ... 5%
2026-10-09T02:33:37.5089946Z (Reading database ... 10%
2026-10-09T02:33:37.5090283Z (Reading database ... 15%
2026-10-09T02:33:37.5090602Z (Reading database ... 20%
2026-10-09T02:33:37.5091413Z (Reading database ... 25%
2026-10-09T02:33:37.5091748Z (Reading database ... 30%
2026-10-09T02:33:37.5092201Z (Reading database ... 35%
2026-10-09T02:33:37.5092540Z (Reading database ... 40%
2026-10-09T02:33:37.5092865Z (Reading database ... 45%
2026-10-09T02:33:37.5093200Z (Reading database ... 50%
2026-10-09T02:33:37.5139361Z (Reading database ... 55%
2026-10-09T02:33:37.5883481Z (Reading database ... 60%
2026-10-09T02:33:37.7919057Z (Reading database ... 65%
2026-10-09T02:33:37.9401906Z (Reading database ... 70%
2026-10-09T02:33:38.1442219Z (Reading database ... 75%
2026-10-09T02:33:38.3291860Z (Reading database ... 80%
2026-10-09T02:33:38.4913340Z (Reading database ... 85%
2026-10-09T02:33:38.6393028Z (Reading database ... 90%
2026-10-09T02:33:38.8467892Z (Reading database ... 95%
2026-10-09T02:33:38.8468486Z (Reading database ... 100%
2026-10-09T02:33:38.8469339Z (Reading database ... 203208 files and directories currently installed.)
2026-10-09T02:33:38.8511796Z Preparing to unpack .../00-libapache-pom-java_29-2_all.deb ...
2026-10-09T02:33:38.8520706Z Unpacking libapache-pom-java (29-2) ...
2026-10-09T02:33:38.8809077Z Selecting previously unselected package libatinject-jsr330-api-java.
2026-10-09T02:33:38.8937107Z Preparing to unpack .../01-libatinject-jsr330-api-java_1.0+ds1-5_all.deb ...
2026-10-09T02:33:38.8943405Z Unpacking libatinject-jsr330-api-java (1.0+ds1-5) ...
2026-10-09T02:33:38.9145347Z Selecting previously unselected package libgeronimo-interceptor-3.0-spec-java.
2026-10-09T02:33:38.9270621Z Preparing to unpack .../02-libgeronimo-interceptor-3.0-spec-java_1.0.1-4fakesync_all.deb ...
2026-10-09T02:33:38.9276880Z Unpacking libgeronimo-interceptor-3.0-spec-java (1.0.1-4fakesync) ...
2026-10-09T02:33:38.9481721Z Selecting previously unselected package libcdi-api-java.
2026-10-09T02:33:38.9607492Z Preparing to unpack .../03-libcdi-api-java_1.2-3_all.deb ...
2026-10-09T02:33:38.9615189Z Unpacking libcdi-api-java (1.2-3) ...
2026-10-09T02:33:38.9845576Z Selecting previously unselected package libcommons-cli-java.
2026-10-09T02:33:38.9971886Z Preparing to unpack .../04-libcommons-cli-java_1.6.0-1_all.deb ...
2026-10-09T02:33:38.9977775Z Unpacking libcommons-cli-java (1.6.0-1) ...
2026-10-09T02:33:39.0184306Z Selecting previously unselected package libcommons-parent-java.
2026-10-09T02:33:39.0314717Z Preparing to unpack .../05-libcommons-parent-java_56-1_all.deb ...
2026-10-09T02:33:39.0317535Z Unpacking libcommons-parent-java (56-1) ...
2026-10-09T02:33:39.0530199Z Selecting previously unselected package libcommons-io-java.
2026-10-09T02:33:39.0660202Z Preparing to unpack .../06-libcommons-io-java_2.11.0-2_all.deb ...
2026-10-09T02:33:39.0667666Z Unpacking libcommons-io-java (2.11.0-2) ...
2026-10-09T02:33:39.0880548Z Selecting previously unselected package libcommons-lang3-java.
2026-10-09T02:33:39.1009184Z Preparing to unpack .../07-libcommons-lang3-java_3.14.0-1_all.deb ...
2026-10-09T02:33:39.1015372Z Unpacking libcommons-lang3-java (3.14.0-1) ...
2026-10-09T02:33:39.1247572Z Selecting previously unselected package libjsr305-java.
2026-10-09T02:33:39.1378718Z Preparing to unpack .../08-libjsr305-java_0.1~+svn49-11_all.deb ...
2026-10-09T02:33:39.1385361Z Unpacking libjsr305-java (0.1~+svn49-11) ...
2026-10-09T02:33:39.1627934Z Selecting previously unselected package libguava-java.
2026-10-09T02:33:39.1758142Z Preparing to unpack .../09-libguava-java_32.0.1-1_all.deb ...
2026-10-09T02:33:39.1764528Z Unpacking libguava-java (32.0.1-1) ...
2026-10-09T02:33:39.2069990Z Selecting previously unselected package liberror-prone-java.
2026-10-09T02:33:39.2197584Z Preparing to unpack .../10-liberror-prone-java_2.18.0-1_all.deb ...
2026-10-09T02:33:39.2204241Z Unpacking liberror-prone-java (2.18.0-1) ...
2026-10-09T02:33:39.2446839Z Selecting previously unselected package libgeronimo-annotation-1.3-spec-java.
2026-10-09T02:33:39.2576200Z Preparing to unpack .../11-libgeronimo-annotation-1.3-spec-java_1.3-1_all.deb ...
2026-10-09T02:33:39.2582559Z Unpacking libgeronimo-annotation-1.3-spec-java (1.3-1) ...
2026-10-09T02:33:39.2800892Z Selecting previously unselected package libaopalliance-java.
2026-10-09T02:33:39.2930677Z Preparing to unpack .../12-libaopalliance-java_20070526-7_all.deb ...
2026-10-09T02:33:39.2936055Z Unpacking libaopalliance-java (20070526-7) ...
2026-10-09T02:33:39.3135766Z Selecting previously unselected package libguice-java.
2026-10-09T02:33:39.3267992Z Preparing to unpack .../13-libguice-java_4.2.3-2_all.deb ...
2026-10-09T02:33:39.3274394Z Unpacking libguice-java (4.2.3-2) ...
2026-10-09T02:33:39.4423821Z Selecting previously unselected package libjansi-java.
2026-10-09T02:33:39.4556587Z Preparing to unpack .../14-libjansi-java_2.4.1-2_all.deb ...
2026-10-09T02:33:39.4564266Z Unpacking libjansi-java (2.4.1-2) ...
2026-10-09T02:33:39.4781310Z Selecting previously unselected package libmaven-parent-java.
2026-10-09T02:33:39.4910112Z Preparing to unpack .../15-libmaven-parent-java_35-1_all.deb ...
2026-10-09T02:33:39.4917108Z Unpacking libmaven-parent-java (35-1) ...
2026-10-09T02:33:39.5153372Z Selecting previously unselected package libplexus-utils2-java.
2026-10-09T02:33:39.5282479Z Preparing to unpack .../16-libplexus-utils2-java_3.4.2-1_all.deb ...
2026-10-09T02:33:39.5288013Z Unpacking libplexus-utils2-java (3.4.2-1) ...
2026-10-09T02:33:39.5503859Z Selecting previously unselected package libwagon-provider-api-java.
2026-10-09T02:33:39.5631695Z Preparing to unpack .../17-libwagon-provider-api-java_3.5.3-1_all.deb ...
2026-10-09T02:33:39.5638796Z Unpacking libwagon-provider-api-java (3.5.3-1) ...
2026-10-09T02:33:39.5853051Z Selecting previously unselected package libmaven-resolver-java.
2026-10-09T02:33:39.5981587Z Preparing to unpack .../18-libmaven-resolver-java_1.6.3-1_all.deb ...
2026-10-09T02:33:39.5987633Z Unpacking libmaven-resolver-java (1.6.3-1) ...
2026-10-09T02:33:39.6312155Z Selecting previously unselected package libmaven-shared-utils-java.
2026-10-09T02:33:39.6446493Z Preparing to unpack .../19-libmaven-shared-utils-java_3.3.4-1_all.deb ...
2026-10-09T02:33:39.6452212Z Unpacking libmaven-shared-utils-java (3.3.4-1) ...
2026-10-09T02:33:39.6665941Z Selecting previously unselected package libplexus-cipher-java.
2026-10-09T02:33:39.6796702Z Preparing to unpack .../20-libplexus-cipher-java_2.0-1_all.deb ...
2026-10-09T02:33:39.6803208Z Unpacking libplexus-cipher-java (2.0-1) ...
2026-10-09T02:33:39.7012858Z Selecting previously unselected package libplexus-classworlds-java.
2026-10-09T02:33:39.7143463Z Preparing to unpack .../21-libplexus-classworlds-java_2.7.0-1_all.deb ...
2026-10-09T02:33:39.7150490Z Unpacking libplexus-classworlds-java (2.7.0-1) ...
2026-10-09T02:33:39.7362227Z Selecting previously unselected package libplexus-component-annotations-java.
2026-10-09T02:33:39.7491682Z Preparing to unpack .../22-libplexus-component-annotations-java_2.1.1-1_all.deb ...
2026-10-09T02:33:39.7498850Z Unpacking libplexus-component-annotations-java (2.1.1-1) ...
2026-10-09T02:33:39.7709729Z Selecting previously unselected package libplexus-interpolation-java.
2026-10-09T02:33:39.7838837Z Preparing to unpack .../23-libplexus-interpolation-java_1.26-1_all.deb ...
2026-10-09T02:33:39.7845926Z Unpacking libplexus-interpolation-java (1.26-1) ...
2026-10-09T02:33:39.8091157Z Selecting previously unselected package libplexus-sec-dispatcher-java.
2026-10-09T02:33:39.8218871Z Preparing to unpack .../24-libplexus-sec-dispatcher-java_2.0-3_all.deb ...
2026-10-09T02:33:39.8225807Z Unpacking libplexus-sec-dispatcher-java (2.0-3) ...
2026-10-09T02:33:39.8440386Z Selecting previously unselected package libslf4j-java.
2026-10-09T02:33:39.8568901Z Preparing to unpack .../25-libslf4j-java_1.7.32-1_all.deb ...
2026-10-09T02:33:39.8576816Z Unpacking libslf4j-java (1.7.32-1) ...
2026-10-09T02:33:39.8873598Z Selecting previously unselected package libsisu-inject-java.
2026-10-09T02:33:39.9001826Z Preparing to unpack .../26-libsisu-inject-java_0.3.4-2_all.deb ...
2026-10-09T02:33:39.9007964Z Unpacking libsisu-inject-java (0.3.4-2) ...
2026-10-09T02:33:39.9421793Z Selecting previously unselected package libsisu-plexus-java.
2026-10-09T02:33:39.9549899Z Preparing to unpack .../27-libsisu-plexus-java_0.3.4-3_all.deb ...
2026-10-09T02:33:39.9557067Z Unpacking libsisu-plexus-java (0.3.4-3) ...
2026-10-09T02:33:39.9873562Z Selecting previously unselected package libmaven3-core-java.
2026-10-09T02:33:40.0001443Z Preparing to unpack .../28-libmaven3-core-java_3.8.7-2_all.deb ...
2026-10-09T02:33:40.0008001Z Unpacking libmaven3-core-java (3.8.7-2) ...
2026-10-09T02:33:40.0399546Z Selecting previously unselected package libwagon-file-java.
2026-10-09T02:33:40.0528628Z Preparing to unpack .../29-libwagon-file-java_3.5.3-1_all.deb ...
2026-10-09T02:33:40.0536502Z Unpacking libwagon-file-java (3.5.3-1) ...
2026-10-09T02:33:40.0739707Z Selecting previously unselected package libwagon-http-shaded-java.
2026-10-09T02:33:40.0869172Z Preparing to unpack .../30-libwagon-http-shaded-java_3.5.3-1_all.deb ...
2026-10-09T02:33:40.0876383Z Unpacking libwagon-http-shaded-java (3.5.3-1) ...
2026-10-09T02:33:40.1131776Z Selecting previously unselected package maven.
2026-10-09T02:33:40.1260736Z Preparing to unpack .../31-maven_3.8.7-2_all.deb ...
2026-10-09T02:33:40.1267228Z Unpacking maven (3.8.7-2) ...
2026-10-09T02:33:40.1770749Z Setting up libslf4j-java (1.7.32-1) ...
2026-10-09T02:33:40.1788758Z Setting up libplexus-utils2-java (3.4.2-1) ...
2026-10-09T02:33:40.1803644Z Setting up libplexus-classworlds-java (2.7.0-1) ...
2026-10-09T02:33:40.1818524Z Setting up libjsr305-java (0.1~+svn49-11) ...
2026-10-09T02:33:40.1832682Z Setting up libaopalliance-java (20070526-7) ...
2026-10-09T02:33:40.1847466Z Setting up libcommons-cli-java (1.6.0-1) ...
2026-10-09T02:33:40.1862073Z Setting up libplexus-component-annotations-java (2.1.1-1) ...
2026-10-09T02:33:40.1877538Z Setting up libgeronimo-annotation-1.3-spec-java (1.3-1) ...
2026-10-09T02:33:40.1892786Z Setting up libgeronimo-interceptor-3.0-spec-java (1.0.1-4fakesync) ...
2026-10-09T02:33:40.1907285Z Setting up libjansi-java (2.4.1-2) ...
2026-10-09T02:33:40.1921972Z Setting up libapache-pom-java (29-2) ...
2026-10-09T02:33:40.1936759Z Setting up libatinject-jsr330-api-java (1.0+ds1-5) ...
2026-10-09T02:33:40.1958708Z Setting up libplexus-interpolation-java (1.26-1) ...
2026-10-09T02:33:40.1974450Z Setting up libwagon-http-shaded-java (3.5.3-1) ...
2026-10-09T02:33:40.1989933Z Setting up libcdi-api-java (1.2-3) ...
2026-10-09T02:33:40.2006197Z Setting up libwagon-provider-api-java (3.5.3-1) ...
2026-10-09T02:33:40.2022760Z Setting up libmaven-parent-java (35-1) ...
2026-10-09T02:33:40.2038875Z Setting up libcommons-parent-java (56-1) ...
2026-10-09T02:33:40.2055395Z Setting up libsisu-inject-java (0.3.4-2) ...
2026-10-09T02:33:40.2071703Z Setting up libplexus-cipher-java (2.0-1) ...
2026-10-09T02:33:40.2087824Z Setting up libsisu-plexus-java (0.3.4-3) ...
2026-10-09T02:33:40.2105599Z Setting up libcommons-lang3-java (3.14.0-1) ...
2026-10-09T02:33:40.2122534Z Setting up libplexus-sec-dispatcher-java (2.0-3) ...
2026-10-09T02:33:40.2139005Z Setting up libwagon-file-java (3.5.3-1) ...
2026-10-09T02:33:40.2155522Z Setting up libcommons-io-java (2.11.0-2) ...
2026-10-09T02:33:40.2172533Z Setting up libmaven-resolver-java (1.6.3-1) ...
2026-10-09T02:33:40.2189755Z Setting up libmaven-shared-utils-java (3.3.4-1) ...
2026-10-09T02:33:40.2212781Z Setting up libguava-java (32.0.1-1) ...
2026-10-09T02:33:40.2230433Z Setting up liberror-prone-java (2.18.0-1) ...
2026-10-09T02:33:40.2249816Z Setting up libguice-java (4.2.3-2) ...
2026-10-09T02:33:40.2269824Z Setting up libmaven3-core-java (3.8.7-2) ...
2026-10-09T02:33:40.2287598Z Setting up maven (3.8.7-2) ...
2026-10-09T02:33:40.2903470Z update-alternatives: using /usr/share/maven/bin/mvn to provide /usr/bin/mvn (mvn) in auto mode
2026-10-09T02:33:40.9329812Z 
2026-10-09T02:33:40.9330498Z Running kernel seems to be up-to-date.
2026-10-09T02:33:40.9330849Z 
2026-10-09T02:33:40.9331085Z No services need to be restarted.
2026-10-09T02:33:40.9331333Z 
2026-10-09T02:33:40.9331562Z No containers need to be restarted.
2026-10-09T02:33:40.9331798Z 
2026-10-09T02:33:40.9332076Z No user sessions are running outdated binaries.
2026-10-09T02:33:40.9332363Z 
2026-10-09T02:33:40.9332816Z No VM guests are running outdated hypervisor (qemu) binaries on this host.
2026-10-09T02:33:41.8674854Z ##[group]Run mkdir -p build
2026-10-09T02:33:41.8675497Z [36;1mmkdir -p build[0m
2026-10-09T02:33:41.8676178Z [36;1mcurl -fL --retry 3 --output build/kotlin-compiler.zip https://github.com/JetBrains/kotlin/releases/download/v2.2.0/kotlin-compiler-2.2.0.zip[0m
2026-10-09T02:33:41.8677198Z [36;1mecho '1adb6f1a5845ba0aa5a59e412e44c8e405236b957de1a9683619f1dca3b16932  build/kotlin-compiler.zip' | sha256sum --check[0m
2026-10-09T02:33:41.8677975Z [36;1munzip -q build/kotlin-compiler.zip -d build/kotlin-tools[0m
2026-10-09T02:33:41.8678408Z [36;1mexport LEAN_BRIDGE_JAVAC="$JAVA_HOME/bin/javac"[0m
2026-10-09T02:33:41.8678777Z [36;1mexport LEAN_BRIDGE_JAVA="$JAVA_HOME/bin/java"[0m
2026-10-09T02:33:41.8679237Z [36;1mexport LEAN_BRIDGE_KOTLINC="$PWD/build/kotlin-tools/kotlinc/bin/kotlinc"[0m
2026-10-09T02:33:41.8679817Z [36;1mexport LEAN_BRIDGE_KOTLIN="$PWD/build/kotlin-tools/kotlinc/bin/kotlin"[0m
2026-10-09T02:33:41.8680228Z [36;1msource scripts/env.sh[0m
2026-10-09T02:33:41.8680560Z [36;1mnode --test tests/native-jvm.test.mjs[0m
2026-10-09T02:33:41.8744545Z shell: /usr/bin/bash -e {0}
2026-10-09T02:33:41.8744814Z env:
2026-10-09T02:33:41.8745230Z   NODE_VERSION: 22
2026-10-09T02:33:41.8745633Z   LEAN_BRIDGE_CONSUMER_PERFORMANCE_DIR: build/consumer-ci/performance
2026-10-09T02:33:41.8746039Z   TMPDIR: /home/runner/work/_temp
2026-10-09T02:33:41.8746417Z   NIX_PROFILES: /nix/var/nix/profiles/default /home/runner/.nix-profile
2026-10-09T02:33:41.8746842Z   NIX_SSL_CERT_FILE: /etc/ssl/certs/ca-certificates.crt
2026-10-09T02:33:41.8747161Z   DOTNET_ROOT: /usr/share/dotnet
2026-10-09T02:33:41.8747524Z   JAVA_HOME: /opt/hostedtoolcache/Java_Temurin-Hotspot_jdk/22.0.2-9/x64
2026-10-09T02:33:41.8748030Z   JAVA_HOME_22_X64: /opt/hostedtoolcache/Java_Temurin-Hotspot_jdk/22.0.2-9/x64
2026-10-09T02:33:41.8748426Z   LEAN_BRIDGE_NATIVE_JVM_TEST: 1
2026-10-09T02:33:41.8748668Z ##[endgroup]
2026-10-09T02:33:41.8892837Z   % Total    % Received % Xferd  Average Speed   Time    Time     Time  Current
2026-10-09T02:33:41.8894056Z                                  Dload  Upload   Total   Spent    Left  Speed
2026-10-09T02:33:41.8894616Z 
2026-10-09T02:33:42.1603860Z   0     0    0     0    0     0      0      0 --:--:-- --:--:-- --:--:--     0
2026-10-09T02:33:42.1605886Z   0     0    0     0    0     0      0      0 --:--:-- --:--:-- --:--:--     0
2026-10-09T02:33:42.7815366Z 
2026-10-09T02:33:42.8452012Z  88 74.4M   88 65.6M    0     0  73.6M      0  0:00:01 --:--:--  0:00:01 73.6M
2026-10-09T02:33:42.8453134Z 100 74.4M  100 74.4M    0     0  77.8M      0 --:--:-- --:--:-- --:--:--  138M
2026-10-09T02:33:42.9085746Z build/kotlin-compiler.zip: OK
2026-10-09T02:33:43.4935268Z TAP version 13
2026-10-09T02:33:43.9071966Z # Subtest: ordinary JVM generation is source-named, deterministic and keeps FFM private
2026-10-09T02:33:43.9080910Z ok 1 - ordinary JVM generation is source-named, deterministic and keeps FFM private
2026-10-09T02:33:43.9081833Z   ---
2026-10-09T02:33:43.9082693Z   duration_ms: 38.037104
2026-10-09T02:33:43.9083164Z   type: 'test'
2026-10-09T02:33:43.9083504Z   ...
2026-10-09T02:33:43.9100798Z # Subtest: ordinary JVM admission rejects name collisions and non-release coordinates
2026-10-09T02:33:43.9102289Z ok 2 - ordinary JVM admission rejects name collisions and non-release coordinates
2026-10-09T02:33:43.9105796Z   ---
2026-10-09T02:33:43.9106208Z   duration_ms: 12.366563
2026-10-09T02:33:43.9106628Z   type: 'test'
2026-10-09T02:33:43.9106970Z   ...
2026-10-09T02:43:12.3693131Z # Subtest: ordinary Maven archives reproduce and execute installed Java and Kotlin APIs
2026-10-09T02:43:12.3696410Z ok 3 - ordinary Maven archives reproduce and execute installed Java and Kotlin APIs
2026-10-09T02:43:12.3703759Z   ---
2026-10-09T02:43:12.3704201Z   duration_ms: 568465.626441
2026-10-09T02:43:12.3704631Z   type: 'test'
2026-10-09T02:43:12.3704921Z   ...
2026-10-09T02:43:12.3709092Z # {\\n  "archives": [\\n    {\\n      "path": "maple-api-2.0.0-rc.1.jar",\\n      "sha256": "084d7a2e78b60544cccb78ecef28fd2b6c27eb363dd39d169eb89b95593f0bfb"\\n    },\\n    {\\n      "path": "maple-api-2.0.0-rc.1.pom",\\n      "sha256": "f1f541923a70f15c8b8300a5703bb3bf89ea77c04dcaa10c1d0b3fa75fb483b0"\\n    },\\n    {\\n      "path": "maple-0.0.0-local-c.tar.gz",\\n      "sha256": "73d9eedc238e83fa81f8db569d17af85651b0ad7ef95c29d78446fc39d4d8639"\\n    }\\n  ],\\n  "project": "Maple"\\n}
2026-10-09T02:43:12.3713967Z # {\\n  "archives": [\\n    {\\n      "path": "cedar-api-2.0.0-rc.1.jar",\\n      "sha256": "e592ff6354e480cd2f4f221492f9a2cb93bd3afe156cf4a4f816eaf707c30449"\\n    },\\n    {\\n      "path": "cedar-api-2.0.0-rc.1.pom",\\n      "sha256": "9477f4b805229c5ceeb1c76fe676826ec3aa4419dd52fcea6e9f383709764e81"\\n    },\\n    {\\n      "path": "cedar-0.0.0-local-c.tar.gz",\\n      "sha256": "cc79f59b6ddf71fc337c4167b7c21f5de52076d39cd8f10f22be5d6c0b7e1484"\\n    }\\n  ],\\n  "project": "Cedar"\\n}
2026-10-09T02:44:59.5776567Z # Subtest: ordinary Maven compiler failure releases no partial package
2026-10-09T02:44:59.5777348Z ok 4 - ordinary Maven compiler failure releases no partial package
2026-10-09T02:44:59.5777727Z   ---
2026-10-09T02:44:59.5777961Z   duration_ms: 107207.707406
2026-10-09T02:44:59.5778215Z   type: 'test'
2026-10-09T02:44:59.5778415Z   ...
2026-10-09T02:44:59.5948198Z 1..4
2026-10-09T02:44:59.5948506Z # tests 4
2026-10-09T02:44:59.5949063Z # suites 0
2026-10-09T02:44:59.5949599Z # pass 4
2026-10-09T02:44:59.5950367Z # fail 0
2026-10-09T02:44:59.5950784Z # cancelled 0
2026-10-09T02:44:59.5951364Z # skipped 0
2026-10-09T02:44:59.5951911Z # todo 0
2026-10-09T02:44:59.5952511Z # duration_ms 676113.839217
2026-10-09T02:44:59.6032691Z ##[group]Run sudo apt-get install -y python3-venv pkg-config
2026-10-09T02:44:59.6033195Z [36;1msudo apt-get install -y python3-venv pkg-config[0m
2026-10-09T02:44:59.6116269Z shell: /usr/bin/bash -e {0}
2026-10-09T02:44:59.6116539Z env:
2026-10-09T02:44:59.6116729Z   NODE_VERSION: 22
2026-10-09T02:44:59.6117070Z   LEAN_BRIDGE_CONSUMER_PERFORMANCE_DIR: build/consumer-ci/performance
2026-10-09T02:44:59.6117485Z   TMPDIR: /home/runner/work/_temp
2026-10-09T02:44:59.6117865Z   NIX_PROFILES: /nix/var/nix/profiles/default /home/runner/.nix-profile
2026-10-09T02:44:59.6118310Z   NIX_SSL_CERT_FILE: /etc/ssl/certs/ca-certificates.crt
2026-10-09T02:44:59.6118642Z   DOTNET_ROOT: /usr/share/dotnet
2026-10-09T02:44:59.6119001Z   JAVA_HOME: /opt/hostedtoolcache/Java_Temurin-Hotspot_jdk/22.0.2-9/x64
2026-10-09T02:44:59.6119503Z   JAVA_HOME_22_X64: /opt/hostedtoolcache/Java_Temurin-Hotspot_jdk/22.0.2-9/x64
2026-10-09T02:44:59.6119920Z ##[endgroup]
2026-10-09T02:44:59.6803616Z Reading package lists...
2026-10-09T02:44:59.8952987Z Building dependency tree...
2026-10-09T02:44:59.8962523Z Reading state information...
2026-10-09T02:45:00.0940194Z python3-venv is already the newest version (3.12.3-0ubuntu2.1).
2026-10-09T02:45:00.0940830Z pkg-config is already the newest version (1.8.1-2build1).
2026-10-09T02:45:00.0941390Z 0 upgraded, 0 newly installed, 0 to remove and 23 not upgraded.
2026-10-09T02:45:00.0990391Z ##[group]Run bash scripts/bootstrap-rust-ci.sh
2026-10-09T02:45:00.0990871Z [36;1mbash scripts/bootstrap-rust-ci.sh[0m
2026-10-09T02:45:00.0991293Z [36;1mexport LEAN_BRIDGE_RUSTC="$PWD/.toolchains/rust-1.90.0/bin/rustc"[0m
2026-10-09T02:45:00.0991808Z [36;1mexport LEAN_BRIDGE_CARGO="$PWD/.toolchains/rust-1.90.0/bin/cargo"[0m
2026-10-09T02:45:00.0992253Z [36;1mexport CARGO_HOME="${CARGO_HOME:-$HOME/.cargo}"[0m
2026-10-09T02:45:00.0992655Z [36;1mexport LEAN_BRIDGE_PYTHON="$(command -v python3)"[0m
2026-10-09T02:45:00.0993048Z [36;1mexport LEAN_BRIDGE_RUBY="$(command -v ruby)"[0m
2026-10-09T02:45:00.0993402Z [36;1mexport LEAN_BRIDGE_GEM="$(command -v gem)"[0m
2026-10-09T02:45:00.0993765Z [36;1mexport LEAN_BRIDGE_DOTNET="$(command -v dotnet)"[0m
2026-10-09T02:45:00.0994150Z [36;1mexport LEAN_BRIDGE_JAVAC="$JAVA_HOME/bin/javac"[0m
2026-10-09T02:45:00.0994522Z [36;1mexport LEAN_BRIDGE_JAVA="$JAVA_HOME/bin/java"[0m
2026-10-09T02:45:00.0994904Z [36;1mexport LEAN_BRIDGE_MAVEN="$(command -v mvn)"[0m
2026-10-09T02:45:00.0995747Z [36;1mexport LEAN_BRIDGE_KOTLINC="$PWD/build/kotlin-tools/kotlinc/bin/kotlinc"[0m
2026-10-09T02:45:00.0996176Z [36;1msource scripts/env.sh[0m
2026-10-09T02:45:00.0996805Z [36;1mnpm run test:type-corpus:jvm && LEAN_BRIDGE_REVIEWED_NATIVE_PROFILES=java,kotlin node --test tests/type-corpus-reviewed-native.test.mjs[0m
2026-10-09T02:45:00.0997587Z [36;1mLEAN_BRIDGE_CHAR_PROFILES=java,kotlin node --test tests/native-char.test.mjs[0m
2026-10-09T02:45:00.0998170Z [36;1mLEAN_BRIDGE_WORD_PROFILES=java,kotlin node --test tests/native-words.test.mjs[0m
2026-10-09T02:45:00.0998879Z [36;1mLEAN_BRIDGE_JVM_CALLABLE_TEST=1 node --test tests/jvm-callables.test.mjs tests/jvm-callable-contract.test.mjs[0m
2026-10-09T02:45:00.0999650Z [36;1mLEAN_BRIDGE_JVM_STRUCTURED_CALLABLE_TEST=1 node --test tests/jvm-structured-callables.test.mjs[0m
2026-10-09T02:45:00.1000223Z [36;1mtest -s build/structured-callables/jvm.json[0m
2026-10-09T02:45:00.1000758Z [36;1mLEAN_BRIDGE_JVM_RECURSIVE_CALLABLE_TEST=1 node --test tests/jvm-recursive-callables.test.mjs[0m
2026-10-09T02:45:00.1001326Z [36;1mtest -s build/recursive-callables/jvm-recursive.json[0m
2026-10-09T02:45:00.1001734Z [36;1mtest -s build/recursive-callables/jvm-mixed.json[0m
2026-10-09T02:45:00.1002335Z [36;1mLEAN_BRIDGE_JVM_COMPOUND_TEST=1 node --test tests/jvm-compounds.test.mjs tests/jvm-compound-contract.test.mjs[0m
2026-10-09T02:45:00.1002913Z [36;1mtest -s build/compounds/jvm.json[0m
2026-10-09T02:45:00.1003416Z [36;1mLEAN_BRIDGE_JVM_LIST_TEST=1 node --test tests/jvm-lists.test.mjs tests/jvm-list-contract.test.mjs[0m
2026-10-09T02:45:00.1003921Z [36;1mtest -s build/lists/jvm.json[0m
2026-10-09T02:45:00.1004319Z [36;1mLEAN_BRIDGE_JVM_ALIAS_TEST=1 node --test tests/jvm-aliases.test.mjs[0m
2026-10-09T02:45:00.1004738Z [36;1mtest -s build/aliases/jvm.json[0m
2026-10-09T02:45:00.1005359Z [36;1mLEAN_BRIDGE_JVM_FIN_TEST=1 node --test tests/jvm-fin.test.mjs[0m
2026-10-09T02:45:00.1005970Z [36;1mtest -s build/native-fin/jvm.json[0m
2026-10-09T02:45:00.1006306Z [36;1mtest -s build/native-fin/jvm-reviewed.json[0m
2026-10-09T02:45:00.1006859Z [36;1mLEAN_BRIDGE_SPECIALIZATION_PROFILES=java,kotlin node --test tests/native-specializations.test.mjs[0m
2026-10-09T02:45:00.1007523Z [36;1mtest -s build/native-specializations/java-kotlin.json[0m
2026-10-09T02:45:00.1008950Z [36;1mLEAN_BRIDGE_GENERIC_RECORD_PROFILES=java,kotlin node --test --test-name-pattern='relocated source-free native packages construct' tests/generic-records.test.mjs[0m
2026-10-09T02:45:00.1009878Z [36;1mtest -s build/generic-records/java-kotlin.json[0m
2026-10-09T02:45:00.1010309Z [36;1mtest -s build/generic-records/specialized-java-kotlin.json[0m
2026-10-09T02:45:00.1011102Z [36;1mLEAN_BRIDGE_FIN_CONTAINER_PROFILES=java,kotlin LEAN_BRIDGE_REVIEWED_FIN_CONTAINER_PROFILES=java,kotlin node --test tests/native-fin-containers.test.mjs[0m
2026-10-09T02:45:00.1012080Z [36;1mtest -s build/native-fin-containers/java-kotlin.json[0m
2026-10-09T02:45:00.1012650Z [36;1mtest -s build/native-fin-containers/reviewed-java-kotlin.json[0m
2026-10-09T02:45:00.1013426Z [36;1mLEAN_BRIDGE_FIN_PRODUCT_PROFILES=java,kotlin LEAN_BRIDGE_REVIEWED_FIN_PRODUCT_PROFILES=java,kotlin node --test tests/native-fin-products.test.mjs[0m
2026-10-09T02:45:00.1014182Z [36;1mtest -s build/native-fin-products/java-kotlin.json[0m
2026-10-09T02:45:00.1014656Z [36;1mtest -s build/native-fin-products/reviewed-java-kotlin.json[0m
2026-10-09T02:45:00.1015742Z [36;1mLEAN_BRIDGE_FIN_PRODUCT_ARRAY_PROFILES=java,kotlin LEAN_BRIDGE_REVIEWED_FIN_PRODUCT_ARRAY_PROFILES=java,kotlin node --test tests/native-fin-product-arrays.test.mjs[0m
2026-10-09T02:45:00.1016580Z [36;1mtest -s build/native-fin-product-arrays/java-kotlin.json[0m
2026-10-09T02:45:00.1017069Z [36;1mtest -s build/native-fin-product-arrays/reviewed-java-kotlin.json[0m
2026-10-09T02:45:00.1017860Z [36;1mLEAN_BRIDGE_FIN_RECORD_PROFILES=java,kotlin LEAN_BRIDGE_REVIEWED_FIN_RECORD_PROFILES=java,kotlin node --test tests/native-fin-records.test.mjs[0m
2026-10-09T02:45:00.1018586Z [36;1mtest -s build/native-fin-records/java-kotlin.json[0m
2026-10-09T02:45:00.1019023Z [36;1mtest -s build/native-fin-records/reviewed-java-kotlin.json[0m
2026-10-09T02:45:00.1019626Z [36;1mLEAN_BRIDGE_SUBTYPE_PROFILES=java,kotlin node --test tests/native-subtype.test.mjs[0m
2026-10-09T02:45:00.1020139Z [36;1mtest -s build/native-subtype/java-kotlin.json[0m
2026-10-09T02:45:00.1020592Z [36;1mLEAN_BRIDGE_JVM_VARIANT_TEST=1 node --test tests/jvm-variants.test.mjs[0m
2026-10-09T02:45:00.1021021Z [36;1mtest -s build/variants/jvm.json[0m
2026-10-09T02:45:00.1021451Z [36;1mLEAN_BRIDGE_JVM_EQUALITY_TEST=1 node --test tests/jvm-value-equality.test.mjs[0m
2026-10-09T02:45:00.1021902Z [36;1mtest -s build/equality/jvm.json[0m
2026-10-09T02:45:00.1022346Z [36;1mLEAN_BRIDGE_JVM_GRAPH_TEST=1 node --test tests/jvm-copied-graph-values.test.mjs[0m
2026-10-09T02:45:00.1022823Z [36;1mtest -s build/recursive/jvm-values.json[0m
2026-10-09T02:45:00.1023484Z [36;1mLEAN_BRIDGE_JVM_GRAPH_CONVERSION_TEST=1 LEAN_BRIDGE_JVM_GRAPH_NATIVE_TEST=1 node --test tests/jvm-copied-graph-conversions.test.mjs[0m
2026-10-09T02:45:00.1024157Z [36;1mtest -s build/recursive/jvm-conversions.json[0m
2026-10-09T02:45:00.1024511Z [36;1mtest -s build/recursive/jvm-native.json[0m
2026-10-09T02:45:00.1024979Z [36;1mLEAN_BRIDGE_KOTLIN_GRAPH_TEST=1 node --test tests/jvm-copied-graph-kotlin.test.mjs[0m
2026-10-09T02:45:00.1026105Z [36;1mLEAN_BRIDGE_JVM_GRAPH_PACKAGE_TEST=1 LEAN_BRIDGE_JVM_GRAPH_INSTALLED_TEST=1 node --test tests/jvm-graph-package.test.mjs[0m
2026-10-09T02:45:00.1026738Z [36;1mtest -s build/recursive/kotlin-values.json[0m
2026-10-09T02:45:00.1027105Z [36;1mtest -s build/recursive/jvm-package-cold.json[0m
2026-10-09T02:45:00.1027472Z [36;1mtest -s build/recursive/jvm-packages.json[0m
2026-10-09T02:45:00.1028064Z [36;1mLEAN_BRIDGE_JVM_GRAPH_REPRO_TEST=1 LEAN_BRIDGE_JVM_GRAPH_LOADING_TEST=1 node --test tests/jvm-graph-package.test.mjs[0m
2026-10-09T02:45:00.1028709Z [36;1mtest -s build/recursive/jvm-reproducibility.json[0m
2026-10-09T02:45:00.1029092Z [36;1mtest -s build/recursive/jvm-composition.json[0m
2026-10-09T02:45:00.1029466Z [36;1mtest -s build/recursive/jvm-conflicts.json[0m
2026-10-09T02:45:00.1029971Z [36;1mLEAN_BRIDGE_JVM_CONVERSIONS_TEST=1 node --test tests/jvm-collection-conversions.test.mjs[0m
2026-10-09T02:45:00.1030505Z [36;1mtest -s build/collections/jvm-conversions.json[0m
2026-10-09T02:45:00.1031201Z [36;1mLEAN_BRIDGE_JVM_COLLECTION_PREFLIGHT=1 LEAN_BRIDGE_JVM_COLLECTION_PROFILES=java,kotlin node --test tests/jvm-collection-callers.test.mjs[0m
2026-10-09T02:45:00.1032160Z [36;1mLEAN_BRIDGE_JVM_COLLECTION_TEST=1 LEAN_BRIDGE_JVM_COLLECTION_PROFILES=java,kotlin node --test tests/jvm-collections.test.mjs[0m
2026-10-09T02:45:00.1032788Z [36;1mtest -s build/collections/jvm.json[0m
2026-10-09T02:45:00.1033121Z [36;1mtest -s build/type-corpus/java-kotlin.json[0m
2026-10-09T02:45:00.1033679Z [36;1mtest -s build/type-corpus/reviewed-native-java-kotlin.json[0m
2026-10-09T02:45:00.1097308Z shell: /usr/bin/bash -e {0}
2026-10-09T02:45:00.1097574Z env:
2026-10-09T02:45:00.1097778Z   NODE_VERSION: 22
2026-10-09T02:45:00.1098113Z   LEAN_BRIDGE_CONSUMER_PERFORMANCE_DIR: build/consumer-ci/performance
2026-10-09T02:45:00.1098520Z   TMPDIR: /home/runner/work/_temp
2026-10-09T02:45:00.1098896Z   NIX_PROFILES: /nix/var/nix/profiles/default /home/runner/.nix-profile
2026-10-09T02:45:00.1099348Z   NIX_SSL_CERT_FILE: /etc/ssl/certs/ca-certificates.crt
2026-10-09T02:45:00.1099689Z   DOTNET_ROOT: /usr/share/dotnet
2026-10-09T02:45:00.1100061Z   JAVA_HOME: /opt/hostedtoolcache/Java_Temurin-Hotspot_jdk/22.0.2-9/x64
2026-10-09T02:45:00.1100566Z   JAVA_HOME_22_X64: /opt/hostedtoolcache/Java_Temurin-Hotspot_jdk/22.0.2-9/x64
2026-10-09T02:45:00.1100958Z ##[endgroup]
2026-10-09T02:45:00.1267383Z   % Total    % Received % Xferd  Average Speed   Time    Time     Time  Current
2026-10-09T02:45:00.1268296Z                                  Dload  Upload   Total   Spent    Left  Speed
2026-10-09T02:45:00.1268766Z 
2026-10-09T02:45:00.7984276Z   0     0    0     0    0     0      0      0 --:--:-- --:--:-- --:--:--     0
2026-10-09T02:45:01.7726333Z  24  193M   24 47.3M    0     0  70.5M      0  0:00:02 --:--:--  0:00:02 70.5M
2026-10-09T02:45:01.7727467Z 100  193M  100  193M    0     0   117M      0  0:00:01  0:00:01 --:--:--  117M
2026-10-09T02:45:15.1608803Z install: creating uninstall script at /home/runner/work/lean-bridge/lean-bridge/.toolchains/rust-1.90.0/lib/rustlib/uninstall.sh
2026-10-09T02:45:15.1625338Z install: installing component 'rustc'
2026-10-09T02:45:16.2181122Z install: installing component 'cargo'
2026-10-09T02:45:17.3146893Z install: installing component 'rust-std-x86_64-unknown-linux-gnu'
2026-10-09T02:45:18.2041789Z 
2026-10-09T02:45:18.2042400Z     rust installed.
2026-10-09T02:45:18.2042605Z 
2026-10-09T02:45:18.2111897Z rustc 1.90.0 (1159e78c4 2025-09-14)
2026-10-09T02:45:18.4732749Z 
2026-10-09T02:45:18.4733643Z > @lean-wasm/bridge-poc@0.0.0-poc test:type-corpus:jvm
2026-10-09T02:45:18.4734400Z > LEAN_BRIDGE_TYPE_CORPUS_PROFILES=java,kotlin node --test tests/type-corpus.test.mjs
2026-10-09T02:45:18.4734784Z 
2026-10-09T02:45:18.5170551Z TAP version 13
2026-10-09T02:45:22.1872998Z # Subtest: corpus cases cover two renamed nested libraries, valid positions and explicit host errors
2026-10-09T02:45:22.1874846Z ok 1 - corpus cases cover two renamed nested libraries, valid positions and explicit host errors
2026-10-09T02:45:22.1875743Z   ---
2026-10-09T02:45:22.1875994Z   duration_ms: 24.854625
2026-10-09T02:45:22.1876237Z   type: 'test'
2026-10-09T02:45:22.1876436Z   ...
2026-10-09T02:45:23.2482503Z # Subtest: corpus identity binds the cases, consumers, Lean sources, oracles and harness
2026-10-09T02:45:23.2485488Z ok 2 - corpus identity binds the cases, consumers, Lean sources, oracles and harness
2026-10-09T02:45:23.2486278Z   ---
2026-10-09T02:45:23.2516282Z   duration_ms: 92.084224
2026-10-09T02:45:23.2625793Z   type: 'test'
2026-10-09T02:45:23.2626273Z   ...
2026-10-09T02:45:23.2690190Z # Subtest: every inventoried profile and position remains a gap without executed cases
2026-10-09T02:45:23.2706704Z ok 3 - every inventoried profile and position remains a gap without executed cases
2026-10-09T02:45:23.2726352Z   ---
2026-10-09T02:45:23.2745858Z   duration_ms: 186.639398
2026-10-09T02:45:23.2756044Z   type: 'test'
2026-10-09T02:45:23.2756580Z   ...
2026-10-09T02:45:23.2757788Z # Subtest: validator-only observations cannot cross source paths, profiles or uncovered positions
2026-10-09T02:45:23.2759551Z ok 4 - validator-only observations cannot cross source paths, profiles or uncovered positions
2026-10-09T02:45:23.2760696Z   ---
2026-10-09T02:45:23.2761356Z   duration_ms: 111.423495
2026-10-09T02:45:23.2762020Z   type: 'test'
2026-10-09T02:45:23.2762610Z   ...
2026-10-09T02:45:23.2763393Z # Subtest: corpus report rejects missing case
2026-10-09T02:45:23.2764397Z ok 5 - corpus report rejects missing case
2026-10-09T02:45:23.2766204Z   ---
2026-10-09T02:45:23.2766871Z   duration_ms: 1.472759
2026-10-09T02:45:23.2767518Z   type: 'test'
2026-10-09T02:45:23.2768116Z   ...
2026-10-09T02:45:23.2768943Z # Subtest: corpus report rejects duplicate case
2026-10-09T02:45:23.2769958Z ok 6 - corpus report rejects duplicate case
2026-10-09T02:45:23.2770738Z   ---
2026-10-09T02:45:23.2771360Z   duration_ms: 1.581051
2026-10-09T02:45:23.2772015Z   type: 'test'
2026-10-09T02:45:23.2772595Z   ...
2026-10-09T02:45:23.2773365Z # Subtest: corpus report rejects extra case
2026-10-09T02:45:23.2774323Z ok 7 - corpus report rejects extra case
2026-10-09T02:45:23.2775309Z   ---
2026-10-09T02:45:23.2775961Z   duration_ms: 0.709144
2026-10-09T02:45:23.2776600Z   type: 'test'
2026-10-09T02:45:23.2777182Z   ...
2026-10-09T02:45:23.2777961Z # Subtest: corpus report rejects wrong value
2026-10-09T02:45:23.2778916Z ok 8 - corpus report rejects wrong value
2026-10-09T02:45:23.2779668Z   ---
2026-10-09T02:45:23.2780280Z   duration_ms: 0.903436
2026-10-09T02:45:23.2780920Z   type: 'test'
2026-10-09T02:45:23.2781519Z   ...
2026-10-09T02:45:23.2782391Z # Subtest: corpus report rejects wrong consumer profile
2026-10-09T02:45:23.2783588Z ok 9 - corpus report rejects wrong consumer profile
2026-10-09T02:45:23.2784423Z   ---
2026-10-09T02:45:23.2785272Z   duration_ms: 0.760169
2026-10-09T02:45:23.2785965Z   type: 'test'
2026-10-09T02:45:23.2786534Z   ...
2026-10-09T02:45:23.2787320Z # Subtest: corpus report rejects wrong module
2026-10-09T02:45:23.2788770Z ok 10 - corpus report rejects wrong module
2026-10-09T02:45:23.2789457Z   ---
2026-10-09T02:45:23.2789969Z   duration_ms: 1.125561
2026-10-09T02:45:23.2790494Z   type: 'test'
2026-10-09T02:45:23.2790992Z   ...
2026-10-09T02:45:23.2791706Z # Subtest: corpus report rejects unverified copy
2026-10-09T02:45:23.2792294Z ok 11 - corpus report rejects unverified copy
2026-10-09T02:45:23.2792713Z   ---
2026-10-09T02:45:23.2793047Z   duration_ms: 0.838255
2026-10-09T02:45:23.2793385Z   type: 'test'
2026-10-09T02:45:23.2806015Z   ...
2026-10-09T02:45:23.2806846Z # Subtest: corpus report rejects wrong host error
2026-10-09T02:45:23.2807780Z ok 12 - corpus report rejects wrong host error
2026-10-09T02:45:23.2808305Z   ---
2026-10-09T02:45:23.2808674Z   duration_ms: 4.365108
2026-10-09T02:45:23.2809064Z   type: 'test'
2026-10-09T02:45:23.2809355Z   ...
2026-10-09T02:45:23.2809675Z # Subtest: corpus report rejects failed recovery
2026-10-09T02:45:23.2810095Z ok 13 - corpus report rejects failed recovery
2026-10-09T02:45:23.2810393Z   ---
2026-10-09T02:45:23.2810625Z   duration_ms: 1.085296
2026-10-09T02:45:23.2810853Z   type: 'test'
2026-10-09T02:45:23.2811044Z   ...
2026-10-09T02:45:23.2811388Z # Subtest: corpus report rejects missing oracle result
2026-10-09T02:45:23.2811894Z ok 14 - corpus report rejects missing oracle result
2026-10-09T02:45:23.2812213Z   ---
2026-10-09T02:45:23.2812459Z   duration_ms: 0.788461
2026-10-09T02:45:23.2812701Z   type: 'test'
2026-10-09T02:45:23.2812896Z   ...
2026-10-09T02:45:23.2813249Z # Subtest: corpus report rejects extra oracle result
2026-10-09T02:45:23.2813738Z ok 15 - corpus report rejects extra oracle result
2026-10-09T02:45:23.2814049Z   ---
2026-10-09T02:45:23.2814258Z   duration_ms: 0.87285
2026-10-09T02:45:23.2814502Z   type: 'test'
2026-10-09T02:45:23.2814705Z   ...
2026-10-09T02:45:23.2815230Z # Subtest: corpus report rejects unknown adapter
2026-10-09T02:45:23.2815994Z ok 16 - corpus report rejects unknown adapter
2026-10-09T02:45:23.2816303Z   ---
2026-10-09T02:45:23.2816515Z   duration_ms: 5.34603
2026-10-09T02:45:23.2816742Z   type: 'test'
2026-10-09T02:45:23.2816935Z   ...
2026-10-09T02:45:23.2817294Z # Subtest: corpus report rejects unimplemented source path
2026-10-09T02:45:23.2817797Z ok 17 - corpus report rejects unimplemented source path
2026-10-09T02:45:23.2818113Z   ---
2026-10-09T02:45:23.2818331Z   duration_ms: 0.723551
2026-10-09T02:45:23.2818557Z   type: 'test'
2026-10-09T02:45:23.2818752Z   ...
2026-10-09T02:45:23.2819071Z # Subtest: corpus report rejects unknown library
2026-10-09T02:45:23.2819867Z ok 18 - corpus report rejects unknown library
2026-10-09T02:45:23.2820170Z   ---
2026-10-09T02:45:23.2820387Z   duration_ms: 0.737086
2026-10-09T02:45:23.2820612Z   type: 'test'
2026-10-09T02:45:23.2820843Z   ...
2026-10-09T02:45:23.2821214Z # Subtest: corpus report rejects missing runtime identity
2026-10-09T02:45:23.2821747Z ok 19 - corpus report rejects missing runtime identity
2026-10-09T02:45:23.2822091Z   ---
2026-10-09T02:45:23.2822324Z   duration_ms: 0.794242
2026-10-09T02:45:23.2822543Z   type: 'test'
2026-10-09T02:45:23.2822755Z   ...
2026-10-09T02:45:23.2823114Z # Subtest: corpus report rejects invalid archive hash
2026-10-09T02:45:23.2823576Z ok 20 - corpus report rejects invalid archive hash
2026-10-09T02:45:23.2823897Z   ---
2026-10-09T02:45:23.2824127Z   duration_ms: 0.79295
2026-10-09T02:45:23.2824378Z   type: 'test'
2026-10-09T02:45:23.2824566Z   ...
2026-10-09T02:45:23.2824920Z # Subtest: corpus report rejects different archive hash
2026-10-09T02:45:23.2830853Z ok 21 - corpus report rejects different archive hash
2026-10-09T02:45:23.2831330Z   ---
2026-10-09T02:45:23.2831623Z   duration_ms: 0.789303
2026-10-09T02:45:23.2831855Z   type: 'test'
2026-10-09T02:45:23.2832051Z   ...
2026-10-09T02:45:23.2832388Z # Subtest: corpus report rejects wrong archive target
2026-10-09T02:45:23.2832845Z ok 22 - corpus report rejects wrong archive target
2026-10-09T02:45:23.2833147Z   ---
2026-10-09T02:45:23.2833364Z   duration_ms: 0.758506
2026-10-09T02:45:23.2833591Z   type: 'test'
2026-10-09T02:45:23.2833783Z   ...
2026-10-09T02:45:23.2834157Z # Subtest: corpus report rejects cross-profile observation
2026-10-09T02:45:23.2834675Z ok 23 - corpus report rejects cross-profile observation
2026-10-09T02:45:23.2834993Z   ---
2026-10-09T02:45:23.2835466Z   duration_ms: 1.347906
2026-10-09T02:45:23.2835697Z   type: 'test'
2026-10-09T02:45:23.2835887Z   ...
2026-10-09T02:45:23.2836260Z # Subtest: corpus report rejects incorrect floating-point bits
2026-10-09T02:45:23.2836783Z ok 24 - corpus report rejects incorrect floating-point bits
2026-10-09T02:45:23.2837106Z   ---
2026-10-09T02:45:23.2837308Z   duration_ms: 1.658426
2026-10-09T02:45:23.2837520Z   type: 'test'
2026-10-09T02:45:23.2837709Z   ...
2026-10-09T02:45:23.2838075Z # Subtest: corpus report rejects missing declaration evidence
2026-10-09T02:45:23.2838591Z ok 25 - corpus report rejects missing declaration evidence
2026-10-09T02:45:23.2838912Z   ---
2026-10-09T02:45:23.2839291Z   duration_ms: 0.989127
2026-10-09T02:45:23.2839522Z   type: 'test'
2026-10-09T02:45:23.2839717Z   ...
2026-10-09T02:45:23.2840047Z # Subtest: corpus report rejects wrong declaration type
2026-10-09T02:45:23.2840500Z ok 26 - corpus report rejects wrong declaration type
2026-10-09T02:45:23.2840803Z   ---
2026-10-09T02:45:23.2841004Z   duration_ms: 1.462219
2026-10-09T02:45:23.2841219Z   type: 'test'
2026-10-09T02:45:23.2841403Z   ...
2026-10-09T02:45:23.2841869Z # Subtest: the corpus rejects duplicate runs and accepts only complete observations
2026-10-09T02:45:23.2842554Z ok 27 - the corpus rejects duplicate runs and accepts only complete observations
2026-10-09T02:45:23.2842947Z   ---
2026-10-09T02:45:23.2843155Z   duration_ms: 2.340599
2026-10-09T02:45:23.2843365Z   type: 'test'
2026-10-09T02:45:23.2843548Z   ...
2026-10-09T02:45:23.2844029Z # Subtest: explicit corpus selections reject absent, misspelled and duplicate adapters
2026-10-09T02:45:23.2844737Z ok 28 - explicit corpus selections reject absent, misspelled and duplicate adapters
2026-10-09T02:45:23.2845401Z   ---
2026-10-09T02:45:23.2845620Z   duration_ms: 1.677542
2026-10-09T02:45:23.2845833Z   type: 'test'
2026-10-09T02:45:23.2846014Z   ...
2026-10-09T02:45:23.2846473Z # Subtest: the shared inputs cover all sixteen primitive parameter/result positions
2026-10-09T02:45:23.2847130Z ok 29 - the shared inputs cover all sixteen primitive parameter/result positions
2026-10-09T02:45:23.2847514Z   ---
2026-10-09T02:45:23.2847719Z   duration_ms: 119.851812
2026-10-09T02:45:23.2847941Z   type: 'test'
2026-10-09T02:45:23.2848414Z   ...
2026-10-09T02:45:23.2848929Z # Subtest: Perl numeric acceptance uses fresh Lean results without weakening other profiles
2026-10-09T02:45:23.2849689Z ok 30 - Perl numeric acceptance uses fresh Lean results without weakening other profiles
2026-10-09T02:45:23.2850112Z   ---
2026-10-09T02:45:23.2850310Z   duration_ms: 1.217323
2026-10-09T02:45:23.2850566Z   type: 'test'
2026-10-09T02:45:23.2850750Z   ...
2026-10-09T02:45:23.2851248Z # Subtest: Perl observations bind the separate runtime archive and compiled interpreter ABI
2026-10-09T02:45:23.2852010Z ok 31 - Perl observations bind the separate runtime archive and compiled interpreter ABI
2026-10-09T02:45:23.2852434Z   ---
2026-10-09T02:45:23.2852636Z   duration_ms: 9.430233
2026-10-09T02:45:23.2852855Z   type: 'test'
2026-10-09T02:45:23.2853038Z   ...
2026-10-09T02:45:23.2853558Z # Subtest: declaration evidence checks names, nested fields and type positions separately
2026-10-09T02:45:23.2854327Z ok 32 - declaration evidence checks names, nested fields and type positions separately
2026-10-09T02:45:23.2854750Z   ---
2026-10-09T02:45:23.2854950Z   duration_ms: 5.029448
2026-10-09T02:45:23.2855421Z   type: 'test'
2026-10-09T02:45:23.2855615Z   ...
2026-10-09T02:45:23.2856074Z # Subtest: profile-specific host errors cannot be borrowed from another adapter
2026-10-09T02:45:23.2856739Z ok 33 - profile-specific host errors cannot be borrowed from another adapter
2026-10-09T02:45:23.2857128Z   ---
2026-10-09T02:45:23.2857326Z   duration_ms: 1.64461
2026-10-09T02:45:23.2857541Z   type: 'test'
2026-10-09T02:45:23.2857730Z   ...
2026-10-09T02:45:23.2858140Z # Subtest: Node profiles keep unsupported array and record cases as gaps
2026-10-09T02:45:23.2858733Z ok 34 - Node profiles keep unsupported array and record cases as gaps
2026-10-09T02:45:23.2859088Z   ---
2026-10-09T02:45:23.2859292Z   duration_ms: 257.103452
2026-10-09T02:45:23.2859512Z   type: 'test'
2026-10-09T02:45:23.2859698Z   ...
2026-10-09T02:45:23.2860202Z # Subtest: strict TypeScript uses the installed public API and independent exact signatures
2026-10-09T02:45:23.2860952Z ok 35 - strict TypeScript uses the installed public API and independent exact signatures
2026-10-09T02:45:23.2861378Z   ---
2026-10-09T02:45:23.2861575Z   duration_ms: 8.548528
2026-10-09T02:45:23.2861789Z   type: 'test'
2026-10-09T02:45:23.2861969Z   ...
2026-10-09T02:45:23.2862387Z # Subtest: browser engine selections are explicit and never silently skipped
2026-10-09T02:45:23.2863023Z ok 36 - browser engine selections are explicit and never silently skipped
2026-10-09T02:45:23.2863393Z   ---
2026-10-09T02:45:23.2863598Z   duration_ms: 0.571617
2026-10-09T02:45:23.2863810Z   type: 'test'
2026-10-09T02:45:23.2863993Z   ...
2026-10-09T02:45:23.2864558Z # Subtest: browser profiles require every selected engine and retain unsupported projections as gaps
2026-10-09T02:45:23.2865597Z ok 37 - browser profiles require every selected engine and retain unsupported projections as gaps
2026-10-09T02:45:23.2866064Z   ---
2026-10-09T02:45:23.2866289Z   duration_ms: 112.648131
2026-10-09T02:45:23.2866513Z   type: 'test'
2026-10-09T02:45:23.2866700Z   ...
2026-10-09T02:45:23.2867011Z # Subtest: browser corpus rejects missing evidence
2026-10-09T02:45:23.2867434Z ok 38 - browser corpus rejects missing evidence
2026-10-09T02:45:23.2867720Z   ---
2026-10-09T02:45:23.2867925Z   duration_ms: 1.43586
2026-10-09T02:45:23.2868147Z   type: 'test'
2026-10-09T02:45:23.2868336Z   ...
2026-10-09T02:45:23.2868642Z # Subtest: browser corpus rejects duplicate engine
2026-10-09T02:45:23.2869067Z ok 39 - browser corpus rejects duplicate engine
2026-10-09T02:45:23.2869351Z   ---
2026-10-09T02:45:23.2869576Z   duration_ms: 4.673694
2026-10-09T02:45:23.2869803Z   type: 'test'
2026-10-09T02:45:23.2869995Z   ...
2026-10-09T02:45:23.2870298Z # Subtest: browser corpus rejects missing engine
2026-10-09T02:45:23.2870705Z ok 40 - browser corpus rejects missing engine
2026-10-09T02:45:23.2870987Z   ---
2026-10-09T02:45:23.2871195Z   duration_ms: 1.314444
2026-10-09T02:45:23.2871700Z   type: 'test'
2026-10-09T02:45:23.2871896Z   ...
2026-10-09T02:45:23.2872217Z # Subtest: browser corpus rejects missing StrictMode
2026-10-09T02:45:23.2872656Z ok 41 - browser corpus rejects missing StrictMode
2026-10-09T02:45:23.2872951Z   ---
2026-10-09T02:45:23.2873159Z   duration_ms: 1.5855
2026-10-09T02:45:23.2873373Z   type: 'test'
2026-10-09T02:45:23.2873562Z   ...
2026-10-09T02:45:23.2873881Z # Subtest: browser corpus rejects duplicate execution
2026-10-09T02:45:23.2874328Z ok 42 - browser corpus rejects duplicate execution
2026-10-09T02:45:23.2874625Z   ---
2026-10-09T02:45:23.2874829Z   duration_ms: 1.487758
2026-10-09T02:45:23.2875286Z   type: 'test'
2026-10-09T02:45:23.2875523Z   ...
2026-10-09T02:45:23.2875855Z # Subtest: browser corpus rejects wrong browser result
2026-10-09T02:45:23.2876310Z ok 43 - browser corpus rejects wrong browser result
2026-10-09T02:45:23.2876609Z   ---
2026-10-09T02:45:23.2876809Z   duration_ms: 1.720221
2026-10-09T02:45:23.2877026Z   type: 'test'
2026-10-09T02:45:23.2877218Z   ...
2026-10-09T02:45:23.2877515Z # Subtest: browser corpus rejects wrong profile
2026-10-09T02:45:23.2877914Z ok 44 - browser corpus rejects wrong profile
2026-10-09T02:45:23.2878195Z   ---
2026-10-09T02:45:23.2878396Z   duration_ms: 1.536187
2026-10-09T02:45:23.2878610Z   type: 'test'
2026-10-09T02:45:23.2878801Z   ...
2026-10-09T02:45:23.2879163Z # Subtest: browser corpus rejects window standing in for worker
2026-10-09T02:45:23.2879682Z ok 45 - browser corpus rejects window standing in for worker
2026-10-09T02:45:23.2880010Z   ---
2026-10-09T02:45:23.2880207Z   duration_ms: 5.33597
2026-10-09T02:45:23.2880417Z   type: 'test'
2026-10-09T02:45:23.2880604Z   ...
2026-10-09T02:45:23.2880949Z # Subtest: browser corpus rejects mismatched primary result
2026-10-09T02:45:23.2881435Z ok 46 - browser corpus rejects mismatched primary result
2026-10-09T02:45:23.2881752Z   ---
2026-10-09T02:45:23.2881949Z   duration_ms: 3.45547
2026-10-09T02:45:23.2882159Z   type: 'test'
2026-10-09T02:45:23.2882346Z   ...
2026-10-09T02:45:23.2882663Z # Subtest: browser corpus rejects wrong WASM digest
2026-10-09T02:45:23.2883085Z ok 47 - browser corpus rejects wrong WASM digest
2026-10-09T02:45:23.2883372Z   ---
2026-10-09T02:45:23.2883607Z   duration_ms: 2.60859
2026-10-09T02:45:23.2883820Z   type: 'test'
2026-10-09T02:45:23.2884004Z   ...
2026-10-09T02:45:23.2884304Z # Subtest: browser corpus rejects wrong WASM MIME
2026-10-09T02:45:23.2884708Z ok 48 - browser corpus rejects wrong WASM MIME
2026-10-09T02:45:23.2884991Z   ---
2026-10-09T02:45:23.2885700Z   duration_ms: 2.550992
2026-10-09T02:45:23.2885955Z   type: 'test'
2026-10-09T02:45:23.2886143Z   ...
2026-10-09T02:45:23.2886490Z # Subtest: browser corpus rejects wrong deployment prefix
2026-10-09T02:45:23.2886971Z ok 49 - browser corpus rejects wrong deployment prefix
2026-10-09T02:45:23.2887280Z   ---
2026-10-09T02:45:23.2887482Z   duration_ms: 2.757808
2026-10-09T02:45:23.2887704Z   type: 'test'
2026-10-09T02:45:23.2887888Z   ...
2026-10-09T02:45:23.2888216Z # Subtest: browser corpus rejects missing runtime fetch
2026-10-09T02:45:23.2888671Z ok 50 - browser corpus rejects missing runtime fetch
2026-10-09T02:45:23.2888968Z   ---
2026-10-09T02:45:23.2889175Z   duration_ms: 1.746531
2026-10-09T02:45:23.2889387Z   type: 'test'
2026-10-09T02:45:23.2889577Z   ...
2026-10-09T02:45:23.2889888Z # Subtest: browser corpus rejects unbound deployment
2026-10-09T02:45:23.2890329Z ok 51 - browser corpus rejects unbound deployment
2026-10-09T02:45:23.2890632Z   ---
2026-10-09T02:45:23.2890842Z   duration_ms: 2.413014
2026-10-09T02:45:23.2891065Z   type: 'test'
2026-10-09T02:45:23.2891260Z   ...
2026-10-09T02:45:23.2891579Z # Subtest: browser corpus rejects source tree present
2026-10-09T02:45:23.2892013Z ok 52 - browser corpus rejects source tree present
2026-10-09T02:45:23.2892307Z   ---
2026-10-09T02:45:23.2892507Z   duration_ms: 1.184441
2026-10-09T02:45:23.2892722Z   type: 'test'
2026-10-09T02:45:23.2892909Z   ...
2026-10-09T02:45:23.2893350Z # Subtest: browser corpus rejects network access
2026-10-09T02:45:23.2893861Z ok 53 - browser corpus rejects network access
2026-10-09T02:45:23.2894139Z   ---
2026-10-09T02:45:23.2894343Z   duration_ms: 0.998404
2026-10-09T02:45:23.2894555Z   type: 'test'
2026-10-09T02:45:23.2894736Z   ...
2026-10-09T02:45:23.2895473Z # Subtest: browser corpus rejects missing React framework
2026-10-09T02:45:23.2896034Z ok 54 - browser corpus rejects missing React framework
2026-10-09T02:45:23.2896347Z   ---
2026-10-09T02:45:23.2896563Z   duration_ms: 1.270121
2026-10-09T02:45:23.2896788Z   type: 'test'
2026-10-09T02:45:23.2896979Z   ...
2026-10-09T02:45:23.2897339Z # Subtest: browser corpus rejects missing public API import
2026-10-09T02:45:23.2897854Z ok 55 - browser corpus rejects missing public API import
2026-10-09T02:45:23.2898171Z   ---
2026-10-09T02:45:23.2898377Z   duration_ms: 1.163371
2026-10-09T02:45:23.2898601Z   type: 'test'
2026-10-09T02:45:23.2898788Z   ...
2026-10-09T02:45:23.2899120Z # Subtest: browser corpus rejects missing asset recovery
2026-10-09T02:45:23.2899599Z ok 56 - browser corpus rejects missing asset recovery
2026-10-09T02:45:23.2899895Z   ---
2026-10-09T02:45:23.2900094Z   duration_ms: 1.896541
2026-10-09T02:45:23.2900314Z   type: 'test'
2026-10-09T02:45:23.2900500Z   ...
2026-10-09T02:45:23.2900810Z # Subtest: browser corpus rejects stale React effect
2026-10-09T02:45:23.2901232Z ok 57 - browser corpus rejects stale React effect
2026-10-09T02:45:23.2901524Z   ---
2026-10-09T02:45:23.2901721Z   duration_ms: 2.015422
2026-10-09T02:45:23.2901931Z   type: 'test'
2026-10-09T02:45:23.2902118Z   ...
2026-10-09T02:45:23.2902440Z # Subtest: browser corpus rejects pending React unmount
2026-10-09T02:45:23.2902879Z ok 58 - browser corpus rejects pending React unmount
2026-10-09T02:45:23.2903175Z   ---
2026-10-09T02:45:23.2903375Z   duration_ms: 1.75187
2026-10-09T02:45:23.2903585Z   type: 'test'
2026-10-09T02:45:23.2903773Z   ...
2026-10-09T02:45:23.2904062Z # Subtest: browser corpus rejects leaked worker
2026-10-09T02:45:23.2904461Z ok 59 - browser corpus rejects leaked worker
2026-10-09T02:45:23.2904747Z   ---
2026-10-09T02:45:23.2904945Z   duration_ms: 2.200277
2026-10-09T02:45:23.2905399Z   type: 'test'
2026-10-09T02:45:23.2905586Z   ...
2026-10-09T02:45:23.2906037Z # Subtest: Rust records compiler rejection separately from executed public calls
2026-10-09T02:45:23.2906833Z ok 60 - Rust records compiler rejection separately from executed public calls
2026-10-09T02:45:23.2907313Z   ---
2026-10-09T02:45:23.2907549Z   duration_ms: 107.412477
2026-10-09T02:45:23.2907772Z   type: 'test'
2026-10-09T02:45:23.2907962Z   ...
2026-10-09T02:45:26.1987297Z # Subtest: Rust compile-rejection evidence retains JSON beyond the display-tail limit
2026-10-09T02:45:26.2016670Z ok 61 - Rust compile-rejection evidence retains JSON beyond the display-tail limit
2026-10-09T02:45:26.2023503Z   ---
2026-10-09T02:45:26.2024636Z   duration_ms: 54.63271
2026-10-09T02:45:26.2025641Z   type: 'test'
2026-10-09T02:45:26.2026264Z   ...
2026-10-09T02:45:26.2027517Z # Subtest: Rust callers use independent typed signatures, borrowed inputs and owned results
2026-10-09T02:45:26.2029119Z ok 62 - Rust callers use independent typed signatures, borrowed inputs and owned results
2026-10-09T02:45:26.2030103Z   ---
2026-10-09T02:45:26.2030686Z   duration_ms: 2.91922
2026-10-09T02:45:26.2031278Z   type: 'test'
2026-10-09T02:45:26.2031808Z   ...
2026-10-09T02:45:26.2032623Z # Subtest: Rust corpus rejects missing compiler evidence
2026-10-09T02:45:26.2033711Z ok 63 - Rust corpus rejects missing compiler evidence
2026-10-09T02:45:26.2034513Z   ---
2026-10-09T02:45:26.2035303Z   duration_ms: 2.364744
2026-10-09T02:45:26.2035956Z   type: 'test'
2026-10-09T02:45:26.2036488Z   ...
2026-10-09T02:45:26.2037277Z # Subtest: Rust corpus rejects wrong compiler version
2026-10-09T02:45:26.2038287Z ok 64 - Rust corpus rejects wrong compiler version
2026-10-09T02:45:26.2039018Z   ---
2026-10-09T02:45:26.2039578Z   duration_ms: 5.66278
2026-10-09T02:45:26.2040155Z   type: 'test'
2026-10-09T02:45:26.2041110Z   ...
2026-10-09T02:45:26.2042099Z # Subtest: Rust corpus rejects unbound consumer source
2026-10-09T02:45:26.2043171Z ok 65 - Rust corpus rejects unbound consumer source
2026-10-09T02:45:26.2043943Z   ---
2026-10-09T02:45:26.2044513Z   duration_ms: 4.32307
2026-10-09T02:45:26.2045341Z   type: 'test'
2026-10-09T02:45:26.2045927Z   ...
2026-10-09T02:45:26.2046674Z # Subtest: Rust corpus rejects unchecked signatures
2026-10-09T02:45:26.2047608Z ok 66 - Rust corpus rejects unchecked signatures
2026-10-09T02:45:26.2048288Z   ---
2026-10-09T02:45:26.2048811Z   duration_ms: 4.406516
2026-10-09T02:45:26.2049350Z   type: 'test'
2026-10-09T02:45:26.2049836Z   ...
2026-10-09T02:45:26.2050524Z # Subtest: Rust corpus rejects wrong binding IR
2026-10-09T02:45:26.2051442Z ok 67 - Rust corpus rejects wrong binding IR
2026-10-09T02:45:26.2052081Z   ---
2026-10-09T02:45:26.2052603Z   duration_ms: 2.050177
2026-10-09T02:45:26.2053140Z   type: 'test'
2026-10-09T02:45:26.2053623Z   ...
2026-10-09T02:45:26.2054330Z # Subtest: Rust corpus rejects warm global cache
2026-10-09T02:45:26.2055465Z ok 68 - Rust corpus rejects warm global cache
2026-10-09T02:45:26.2056135Z   ---
2026-10-09T02:45:26.2056651Z   duration_ms: 3.906011
2026-10-09T02:45:26.2057186Z   type: 'test'
2026-10-09T02:45:26.2057662Z   ...
2026-10-09T02:45:26.2058365Z # Subtest: Rust corpus rejects online installation
2026-10-09T02:45:26.2059268Z ok 69 - Rust corpus rejects online installation
2026-10-09T02:45:26.2059924Z   ---
2026-10-09T02:45:26.2064283Z   duration_ms: 3.129572
2026-10-09T02:45:26.2064942Z   type: 'test'
2026-10-09T02:45:26.2065787Z   ...
2026-10-09T02:45:26.2066551Z # Subtest: Rust corpus rejects remaining source tree
2026-10-09T02:45:26.2067510Z ok 70 - Rust corpus rejects remaining source tree
2026-10-09T02:45:26.2068186Z   ---
2026-10-09T02:45:26.2068723Z   duration_ms: 5.052722
2026-10-09T02:45:26.2069267Z   type: 'test'
2026-10-09T02:45:26.2069749Z   ...
2026-10-09T02:45:26.2070487Z # Subtest: Rust corpus rejects missing exact integers
2026-10-09T02:45:26.2071452Z ok 71 - Rust corpus rejects missing exact integers
2026-10-09T02:45:26.2072135Z   ---
2026-10-09T02:45:26.2072646Z   duration_ms: 3.976343
2026-10-09T02:45:26.2073175Z   type: 'test'
2026-10-09T02:45:26.2073661Z   ...
2026-10-09T02:45:26.2074370Z # Subtest: Rust corpus rejects duplicate dependency
2026-10-09T02:45:26.2075688Z ok 72 - Rust corpus rejects duplicate dependency
2026-10-09T02:45:26.2076481Z   ---
2026-10-09T02:45:26.2077055Z   duration_ms: 3.141064
2026-10-09T02:45:26.2077674Z   type: 'test'
2026-10-09T02:45:26.2078200Z   ...
2026-10-09T02:45:26.2078962Z # Subtest: Rust corpus rejects unhashed executable
2026-10-09T02:45:26.2079954Z ok 73 - Rust corpus rejects unhashed executable
2026-10-09T02:45:26.2080695Z   ---
2026-10-09T02:45:26.2081314Z   duration_ms: 2.032474
2026-10-09T02:45:26.2081977Z   type: 'test'
2026-10-09T02:45:26.2082607Z   ...
2026-10-09T02:45:26.2083394Z # Subtest: Rust corpus rejects missing cleanup
2026-10-09T02:45:26.2084373Z ok 74 - Rust corpus rejects missing cleanup
2026-10-09T02:45:26.2085353Z   ---
2026-10-09T02:45:26.2086101Z   duration_ms: 4.015806
2026-10-09T02:45:26.2086721Z   type: 'test'
2026-10-09T02:45:26.2087240Z   ...
2026-10-09T02:45:26.2088011Z # Subtest: Rust corpus rejects unverified copies
2026-10-09T02:45:26.2088989Z ok 75 - Rust corpus rejects unverified copies
2026-10-09T02:45:26.2089706Z   ---
2026-10-09T02:45:26.2090259Z   duration_ms: 3.582387
2026-10-09T02:45:26.2090844Z   type: 'test'
2026-10-09T02:45:26.2091361Z   ...
2026-10-09T02:45:26.2092257Z # Subtest: Rust corpus rejects compiler failure counted as runtime
2026-10-09T02:45:26.2093451Z ok 76 - Rust corpus rejects compiler failure counted as runtime
2026-10-09T02:45:26.2094256Z   ---
2026-10-09T02:45:26.2094821Z   duration_ms: 3.124803
2026-10-09T02:45:26.2095688Z   type: 'test'
2026-10-09T02:45:26.2129294Z   ...
2026-10-09T02:45:26.2147842Z # Subtest: Rust corpus rejects unrelated compiler failure
2026-10-09T02:45:26.2149004Z ok 77 - Rust corpus rejects unrelated compiler failure
2026-10-09T02:45:26.2150581Z   ---
2026-10-09T02:45:26.2151264Z   duration_ms: 3.200434
2026-10-09T02:45:26.2151905Z   type: 'test'
2026-10-09T02:45:26.2152485Z   ...
2026-10-09T02:45:26.2153361Z # Subtest: Rust corpus rejects dependency compiler failure
2026-10-09T02:45:26.2154454Z ok 78 - Rust corpus rejects dependency compiler failure
2026-10-09T02:45:26.2155498Z   ---
2026-10-09T02:45:26.2156102Z   duration_ms: 3.376473
2026-10-09T02:45:26.2156664Z   type: 'test'
2026-10-09T02:45:26.2157159Z   ...
2026-10-09T02:45:26.2157958Z # Subtest: Rust corpus rejects missing compiler diagnostic
2026-10-09T02:45:26.2158978Z ok 79 - Rust corpus rejects missing compiler diagnostic
2026-10-09T02:45:26.2159680Z   ---
2026-10-09T02:45:26.2160202Z   duration_ms: 2.935851
2026-10-09T02:45:26.2160736Z   type: 'test'
2026-10-09T02:45:26.2161223Z   ...
2026-10-09T02:45:26.2161963Z # Subtest: Rust corpus rejects changed rejected source
2026-10-09T02:45:26.2162908Z ok 80 - Rust corpus rejects changed rejected source
2026-10-09T02:45:26.2163616Z   ---
2026-10-09T02:45:26.2164129Z   duration_ms: 2.820735
2026-10-09T02:45:26.2164660Z   type: 'test'
2026-10-09T02:45:26.2165383Z   ...
2026-10-09T02:45:26.2166134Z # Subtest: Rust corpus rejects wrong runtime error
2026-10-09T02:45:26.2167054Z ok 81 - Rust corpus rejects wrong runtime error
2026-10-09T02:45:26.2167727Z   ---
2026-10-09T02:45:26.2168240Z   duration_ms: 2.979191
2026-10-09T02:45:26.2168773Z   type: 'test'
2026-10-09T02:45:26.2169258Z   ...
2026-10-09T02:45:26.2169990Z # Subtest: Rust corpus rejects missing limit rejection
2026-10-09T02:45:26.2170938Z ok 82 - Rust corpus rejects missing limit rejection
2026-10-09T02:45:26.2171614Z   ---
2026-10-09T02:45:26.2172120Z   duration_ms: 3.018224
2026-10-09T02:45:26.2172648Z   type: 'test'
2026-10-09T02:45:26.2173130Z   ...
2026-10-09T02:45:26.2174037Z # Subtest: Rust corpus rejects failed limit recovery
2026-10-09T02:45:26.2175330Z ok 83 - Rust corpus rejects failed limit recovery
2026-10-09T02:45:26.2176167Z   ---
2026-10-09T02:45:26.2176714Z   duration_ms: 3.520561
2026-10-09T02:45:26.2177252Z   type: 'test'
2026-10-09T02:45:26.2177744Z   ...
2026-10-09T02:45:26.2178704Z # Subtest: c corpus separates native numeric acceptance from compiler rejection
2026-10-09T02:45:26.2180038Z ok 84 - c corpus separates native numeric acceptance from compiler rejection
2026-10-09T02:45:26.2180895Z   ---
2026-10-09T02:45:26.2181410Z   duration_ms: 116.039562
2026-10-09T02:45:26.2181957Z   type: 'test'
2026-10-09T02:45:26.2182447Z   ...
2026-10-09T02:45:26.2183424Z # Subtest: cpp corpus separates native numeric acceptance from compiler rejection
2026-10-09T02:45:26.2184798Z ok 85 - cpp corpus separates native numeric acceptance from compiler rejection
2026-10-09T02:45:26.2185894Z   ---
2026-10-09T02:45:26.2186420Z   duration_ms: 142.096632
2026-10-09T02:45:26.2186969Z   type: 'test'
2026-10-09T02:45:26.2187456Z   ...
2026-10-09T02:45:26.2188230Z # Subtest: c corpus rejects missing compiler evidence
2026-10-09T02:45:26.2189180Z ok 86 - c corpus rejects missing compiler evidence
2026-10-09T02:45:26.2189861Z   ---
2026-10-09T02:45:26.2190367Z   duration_ms: 5.473237
2026-10-09T02:45:26.2190906Z   type: 'test'
2026-10-09T02:45:26.2191384Z   ...
2026-10-09T02:45:26.2192017Z # Subtest: c corpus rejects old compiler
2026-10-09T02:45:26.2192800Z ok 87 - c corpus rejects old compiler
2026-10-09T02:45:26.2193403Z   ---
2026-10-09T02:45:26.2193907Z   duration_ms: 4.831579
2026-10-09T02:45:26.2194438Z   type: 'test'
2026-10-09T02:45:26.2194914Z   ...
2026-10-09T02:45:26.2195787Z # Subtest: c corpus rejects wrong standard
2026-10-09T02:45:26.2196600Z ok 88 - c corpus rejects wrong standard
2026-10-09T02:45:26.2197214Z   ---
2026-10-09T02:45:26.2197721Z   duration_ms: 6.177121
2026-10-09T02:45:26.2198255Z   type: 'test'
2026-10-09T02:45:26.2198728Z   ...
2026-10-09T02:45:26.2199367Z # Subtest: c corpus rejects unbound source
2026-10-09T02:45:26.2200169Z ok 89 - c corpus rejects unbound source
2026-10-09T02:45:26.2200774Z   ---
2026-10-09T02:45:26.2201517Z   duration_ms: 7.915917
2026-10-09T02:45:26.2202232Z   type: 'test'
2026-10-09T02:45:26.2202788Z   ...
2026-10-09T02:45:26.2203581Z # Subtest: c corpus rejects unchecked signatures
2026-10-09T02:45:26.2204624Z ok 90 - c corpus rejects unchecked signatures
2026-10-09T02:45:26.2205678Z   ---
2026-10-09T02:45:26.2206287Z   duration_ms: 8.93003
2026-10-09T02:45:26.2206886Z   type: 'test'
2026-10-09T02:45:26.2207425Z   ...
2026-10-09T02:45:26.2208166Z # Subtest: c corpus rejects wrong binding IR
2026-10-09T02:45:26.2209115Z ok 91 - c corpus rejects wrong binding IR
2026-10-09T02:45:26.2209828Z   ---
2026-10-09T02:45:26.2210427Z   duration_ms: 2.71599
2026-10-09T02:45:26.2211062Z   type: 'test'
2026-10-09T02:45:26.2211631Z   ...
2026-10-09T02:45:26.2212395Z # Subtest: c corpus rejects remaining sources
2026-10-09T02:45:26.2213324Z ok 92 - c corpus rejects remaining sources
2026-10-09T02:45:26.2214013Z   ---
2026-10-09T02:45:26.2214627Z   duration_ms: 4.170856
2026-10-09T02:45:26.2215558Z   type: 'test'
2026-10-09T02:45:26.2216155Z   ...
2026-10-09T02:45:26.2216985Z # Subtest: c corpus rejects compiler during execution
2026-10-09T02:45:26.2218073Z ok 93 - c corpus rejects compiler during execution
2026-10-09T02:45:26.2218847Z   ---
2026-10-09T02:45:26.2219441Z   duration_ms: 4.881312
2026-10-09T02:45:26.2220068Z   type: 'test'
2026-10-09T02:45:26.2220791Z   ...
2026-10-09T02:45:26.2221623Z # Subtest: c corpus rejects runtime override
2026-10-09T02:45:26.2222557Z ok 94 - c corpus rejects runtime override
2026-10-09T02:45:26.2223232Z   ---
2026-10-09T02:45:26.2223787Z   duration_ms: 4.01253
2026-10-09T02:45:26.2224435Z   type: 'test'
2026-10-09T02:45:26.2224987Z   ...
2026-10-09T02:45:26.2225976Z # Subtest: c corpus rejects private headers
2026-10-09T02:45:26.2226827Z ok 95 - c corpus rejects private headers
2026-10-09T02:45:26.2227458Z   ---
2026-10-09T02:45:26.2227991Z   duration_ms: 5.115739
2026-10-09T02:45:26.2228532Z   type: 'test'
2026-10-09T02:45:26.2229011Z   ...
2026-10-09T02:45:26.2229854Z # Subtest: c corpus rejects unchecked narrowing
2026-10-09T02:45:26.2231014Z ok 96 - c corpus rejects unchecked narrowing
2026-10-09T02:45:26.2231670Z   ---
2026-10-09T02:45:26.2232195Z   duration_ms: 4.07142
2026-10-09T02:45:26.2232731Z   type: 'test'
2026-10-09T02:45:26.2233217Z   ...
2026-10-09T02:45:26.2233854Z # Subtest: c corpus rejects missing CMake
2026-10-09T02:45:26.2234657Z ok 97 - c corpus rejects missing CMake
2026-10-09T02:45:26.2235487Z   ---
2026-10-09T02:45:26.2236024Z   duration_ms: 4.110633
2026-10-09T02:45:26.2236563Z   type: 'test'
2026-10-09T02:45:26.2237054Z   ...
2026-10-09T02:45:26.2237758Z # Subtest: c corpus rejects unexecuted integration
2026-10-09T02:45:26.2238680Z ok 98 - c corpus rejects unexecuted integration
2026-10-09T02:45:26.2239352Z   ---
2026-10-09T02:45:26.2239860Z   duration_ms: 5.615633
2026-10-09T02:45:26.2240395Z   type: 'test'
2026-10-09T02:45:26.2240877Z   ...
2026-10-09T02:45:26.2241532Z # Subtest: c corpus rejects nonlocal runtime
2026-10-09T02:45:26.2242367Z ok 99 - c corpus rejects nonlocal runtime
2026-10-09T02:45:26.2243014Z   ---
2026-10-09T02:45:26.2245738Z   duration_ms: 6.920949
2026-10-09T02:45:26.2246307Z   type: 'test'
2026-10-09T02:45:26.2246804Z   ...
2026-10-09T02:45:26.2247560Z # Subtest: c corpus rejects missing runtime library
2026-10-09T02:45:26.2248695Z ok 100 - c corpus rejects missing runtime library
2026-10-09T02:45:26.2249379Z   ---
2026-10-09T02:45:26.2249891Z   duration_ms: 9.654983
2026-10-09T02:45:26.2250427Z   type: 'test'
2026-10-09T02:45:26.2250914Z   ...
2026-10-09T02:45:26.2251618Z # Subtest: c corpus rejects wrong runtime rejection
2026-10-09T02:45:26.2252524Z ok 101 - c corpus rejects wrong runtime rejection
2026-10-09T02:45:26.2253202Z   ---
2026-10-09T02:45:26.2253829Z   duration_ms: 7.517673
2026-10-09T02:45:26.2254364Z   type: 'test'
2026-10-09T02:45:26.2254864Z   ...
2026-10-09T02:45:26.2255776Z # Subtest: c corpus rejects failed recovery
2026-10-09T02:45:26.2256633Z ok 102 - c corpus rejects failed recovery
2026-10-09T02:45:26.2257360Z   ---
2026-10-09T02:45:26.2258392Z   duration_ms: 7.590199
2026-10-09T02:45:26.2258957Z   type: 'test'
2026-10-09T02:45:26.2259449Z   ...
2026-10-09T02:45:26.2260134Z # Subtest: c corpus rejects missing error check
2026-10-09T02:45:26.2261026Z ok 103 - c corpus rejects missing error check
2026-10-09T02:45:26.2261695Z   ---
2026-10-09T02:45:26.2262204Z   duration_ms: 8.512901
2026-10-09T02:45:26.2262747Z   type: 'test'
2026-10-09T02:45:26.2263222Z   ...
2026-10-09T02:45:26.2263862Z # Subtest: c corpus rejects aliased record
2026-10-09T02:45:26.2264685Z ok 104 - c corpus rejects aliased record
2026-10-09T02:45:26.2265600Z   ---
2026-10-09T02:45:26.2266119Z   duration_ms: 2.271189
2026-10-09T02:45:26.2266796Z   type: 'test'
2026-10-09T02:45:26.2267330Z   ...
2026-10-09T02:45:26.2268078Z # Subtest: c corpus rejects unrelated compiler failure
2026-10-09T02:45:26.2269053Z ok 105 - c corpus rejects unrelated compiler failure
2026-10-09T02:45:26.2269732Z   ---
2026-10-09T02:45:26.2270239Z   duration_ms: 2.326352
2026-10-09T02:45:26.2270781Z   type: 'test'
2026-10-09T02:45:26.2271253Z   ...
2026-10-09T02:45:26.2271952Z # Subtest: c corpus rejects header compiler failure
2026-10-09T02:45:26.2272869Z ok 106 - c corpus rejects header compiler failure
2026-10-09T02:45:26.2273532Z   ---
2026-10-09T02:45:26.2274036Z   duration_ms: 4.206272
2026-10-09T02:45:26.2274582Z   type: 'test'
2026-10-09T02:45:26.2275281Z   ...
2026-10-09T02:45:26.2276014Z # Subtest: c corpus rejects changed rejected input
2026-10-09T02:45:26.2276926Z ok 107 - c corpus rejects changed rejected input
2026-10-09T02:45:26.2277582Z   ---
2026-10-09T02:45:26.2278094Z   duration_ms: 2.574366
2026-10-09T02:45:26.2278640Z   type: 'test'
2026-10-09T02:45:26.2279120Z   ...
2026-10-09T02:45:26.2279870Z # Subtest: cpp corpus rejects missing compiler evidence
2026-10-09T02:45:26.2280886Z ok 108 - cpp corpus rejects missing compiler evidence
2026-10-09T02:45:26.2281580Z   ---
2026-10-09T02:45:26.2282099Z   duration_ms: 4.179421
2026-10-09T02:45:26.2282629Z   type: 'test'
2026-10-09T02:45:26.2283123Z   ...
2026-10-09T02:45:26.2283785Z # Subtest: cpp corpus rejects old compiler
2026-10-09T02:45:26.2284609Z ok 109 - cpp corpus rejects old compiler
2026-10-09T02:45:26.2285472Z   ---
2026-10-09T02:45:26.2286009Z   duration_ms: 2.987197
2026-10-09T02:45:26.2286567Z   type: 'test'
2026-10-09T02:45:26.2287052Z   ...
2026-10-09T02:45:26.2287726Z # Subtest: cpp corpus rejects wrong standard
2026-10-09T02:45:26.2288571Z ok 110 - cpp corpus rejects wrong standard
2026-10-09T02:45:26.2289205Z   ---
2026-10-09T02:45:26.2289723Z   duration_ms: 3.527935
2026-10-09T02:45:26.2290252Z   type: 'test'
2026-10-09T02:45:26.2290735Z   ...
2026-10-09T02:45:26.2291405Z # Subtest: cpp corpus rejects unbound source
2026-10-09T02:45:26.2292245Z ok 111 - cpp corpus rejects unbound source
2026-10-09T02:45:26.2292876Z   ---
2026-10-09T02:45:26.2293571Z   duration_ms: 6.666715
2026-10-09T02:45:26.2294404Z   type: 'test'
2026-10-09T02:45:26.2295308Z   ...
2026-10-09T02:45:26.2296261Z # Subtest: cpp corpus rejects unchecked signatures
2026-10-09T02:45:26.2297465Z ok 112 - cpp corpus rejects unchecked signatures
2026-10-09T02:45:26.2298251Z   ---
2026-10-09T02:45:26.2298989Z   duration_ms: 3.329776
2026-10-09T02:45:26.2299753Z   type: 'test'
2026-10-09T02:45:26.2316039Z   ...
2026-10-09T02:45:26.2317221Z # Subtest: cpp corpus rejects wrong binding IR
2026-10-09T02:45:26.2318160Z ok 113 - cpp corpus rejects wrong binding IR
2026-10-09T02:45:26.2318826Z   ---
2026-10-09T02:45:26.2319371Z   duration_ms: 2.179959
2026-10-09T02:45:26.2319926Z   type: 'test'
2026-10-09T02:45:26.2320416Z   ...
2026-10-09T02:45:26.2321117Z # Subtest: cpp corpus rejects remaining sources
2026-10-09T02:45:26.2322006Z ok 114 - cpp corpus rejects remaining sources
2026-10-09T02:45:26.2322649Z   ---
2026-10-09T02:45:26.2323169Z   duration_ms: 4.54786
2026-10-09T02:45:26.2323703Z   type: 'test'
2026-10-09T02:45:26.2324188Z   ...
2026-10-09T02:45:26.2325331Z # Subtest: cpp corpus rejects compiler during execution
2026-10-09T02:45:26.2326795Z ok 115 - cpp corpus rejects compiler during execution
2026-10-09T02:45:26.2327734Z   ---
2026-10-09T02:45:26.2328391Z   duration_ms: 3.258663
2026-10-09T02:45:26.2328992Z   type: 'test'
2026-10-09T02:45:26.2329480Z   ...
2026-10-09T02:45:26.2330165Z # Subtest: cpp corpus rejects runtime override
2026-10-09T02:45:26.2331196Z ok 116 - cpp corpus rejects runtime override
2026-10-09T02:45:26.2331964Z   ---
2026-10-09T02:45:26.2332500Z   duration_ms: 3.264904
2026-10-09T02:45:26.2333038Z   type: 'test'
2026-10-09T02:45:26.2333520Z   ...
2026-10-09T02:45:26.2334187Z # Subtest: cpp corpus rejects private headers
2026-10-09T02:45:26.2335277Z ok 117 - cpp corpus rejects private headers
2026-10-09T02:45:26.2335973Z   ---
2026-10-09T02:45:26.2336494Z   duration_ms: 4.477097
2026-10-09T02:45:26.2337032Z   type: 'test'
2026-10-09T02:45:26.2337521Z   ...
2026-10-09T02:45:26.2338222Z # Subtest: cpp corpus rejects unchecked narrowing
2026-10-09T02:45:26.2339122Z ok 118 - cpp corpus rejects unchecked narrowing
2026-10-09T02:45:26.2339790Z   ---
2026-10-09T02:45:26.2340318Z   duration_ms: 3.379869
2026-10-09T02:45:26.2340855Z   type: 'test'
2026-10-09T02:45:26.2341336Z   ...
2026-10-09T02:45:26.2341987Z # Subtest: cpp corpus rejects missing CMake
2026-10-09T02:45:26.2342825Z ok 119 - cpp corpus rejects missing CMake
2026-10-09T02:45:26.2343459Z   ---
2026-10-09T02:45:26.2343967Z   duration_ms: 3.372686
2026-10-09T02:45:26.2344499Z   type: 'test'
2026-10-09T02:45:26.2344992Z   ...
2026-10-09T02:45:26.2346033Z # Subtest: cpp corpus rejects unexecuted integration
2026-10-09T02:45:26.2346979Z ok 120 - cpp corpus rejects unexecuted integration
2026-10-09T02:45:26.2347659Z   ---
2026-10-09T02:45:26.2348174Z   duration_ms: 4.466397
2026-10-09T02:45:26.2348704Z   type: 'test'
2026-10-09T02:45:26.2349186Z   ...
2026-10-09T02:45:26.2349860Z # Subtest: cpp corpus rejects nonlocal runtime
2026-10-09T02:45:26.2350720Z ok 121 - cpp corpus rejects nonlocal runtime
2026-10-09T02:45:26.2351365Z   ---
2026-10-09T02:45:26.2351872Z   duration_ms: 3.286716
2026-10-09T02:45:26.2352418Z   type: 'test'
2026-10-09T02:45:26.2352905Z   ...
2026-10-09T02:45:26.2353626Z # Subtest: cpp corpus rejects missing runtime library
2026-10-09T02:45:26.2354576Z ok 122 - cpp corpus rejects missing runtime library
2026-10-09T02:45:26.2355482Z   ---
2026-10-09T02:45:26.2356004Z   duration_ms: 4.016007
2026-10-09T02:45:26.2356544Z   type: 'test'
2026-10-09T02:45:26.2357022Z   ...
2026-10-09T02:45:26.2357741Z # Subtest: cpp corpus rejects wrong runtime rejection
2026-10-09T02:45:26.2358681Z ok 123 - cpp corpus rejects wrong runtime rejection
2026-10-09T02:45:26.2359352Z   ---
2026-10-09T02:45:26.2359855Z   duration_ms: 4.930374
2026-10-09T02:45:26.2360387Z   type: 'test'
2026-10-09T02:45:26.2360868Z   ...
2026-10-09T02:45:26.2361533Z # Subtest: cpp corpus rejects failed recovery
2026-10-09T02:45:26.2362380Z ok 124 - cpp corpus rejects failed recovery
2026-10-09T02:45:26.2363017Z   ---
2026-10-09T02:45:26.2363532Z   duration_ms: 3.779475
2026-10-09T02:45:26.2364061Z   type: 'test'
2026-10-09T02:45:26.2364550Z   ...
2026-10-09T02:45:26.2365436Z # Subtest: cpp corpus rejects missing error check
2026-10-09T02:45:26.2366353Z ok 125 - cpp corpus rejects missing error check
2026-10-09T02:45:26.2367015Z   ---
2026-10-09T02:45:26.2367524Z   duration_ms: 3.815412
2026-10-09T02:45:26.2368060Z   type: 'test'
2026-10-09T02:45:26.2368536Z   ...
2026-10-09T02:45:26.2369194Z # Subtest: cpp corpus rejects aliased record
2026-10-09T02:45:26.2370027Z ok 126 - cpp corpus rejects aliased record
2026-10-09T02:45:26.2370768Z   ---
2026-10-09T02:45:26.2371355Z   duration_ms: 2.975995
2026-10-09T02:45:26.2371941Z   type: 'test'
2026-10-09T02:45:26.2372424Z   ...
2026-10-09T02:45:26.2373177Z # Subtest: cpp corpus rejects unrelated compiler failure
2026-10-09T02:45:26.2374225Z ok 127 - cpp corpus rejects unrelated compiler failure
2026-10-09T02:45:26.2374929Z   ---
2026-10-09T02:45:26.2375684Z   duration_ms: 1.817192
2026-10-09T02:45:26.2376246Z   type: 'test'
2026-10-09T02:45:26.2376733Z   ...
2026-10-09T02:45:26.2377677Z # Subtest: cpp corpus rejects header compiler failure
2026-10-09T02:45:26.2378816Z ok 128 - cpp corpus rejects header compiler failure
2026-10-09T02:45:26.2379503Z   ---
2026-10-09T02:45:26.2380023Z   duration_ms: 1.822802
2026-10-09T02:45:26.2380553Z   type: 'test'
2026-10-09T02:45:26.2381028Z   ...
2026-10-09T02:45:26.2381749Z # Subtest: cpp corpus rejects changed rejected input
2026-10-09T02:45:26.2382683Z ok 129 - cpp corpus rejects changed rejected input
2026-10-09T02:45:26.2383354Z   ---
2026-10-09T02:45:26.2383865Z   duration_ms: 1.83176
2026-10-09T02:45:26.2384388Z   type: 'test'
2026-10-09T02:45:26.2384863Z   ...
2026-10-09T02:45:26.2386139Z # Subtest: .NET separates C\# type errors from executed public calls and recovery
2026-10-09T02:45:26.2387498Z ok 130 - .NET separates C\# type errors from executed public calls and recovery
2026-10-09T02:45:26.2388362Z   ---
2026-10-09T02:45:26.2388886Z   duration_ms: 104.312601
2026-10-09T02:45:26.2389439Z   type: 'test'
2026-10-09T02:45:26.2389923Z   ...
2026-10-09T02:45:26.2390985Z # Subtest: .NET requires source-located Roslyn diagnostics for the exact rejected input
2026-10-09T02:45:26.2392451Z ok 131 - .NET requires source-located Roslyn diagnostics for the exact rejected input
2026-10-09T02:45:26.2393355Z   ---
2026-10-09T02:45:26.2393871Z   duration_ms: 1.343879
2026-10-09T02:45:26.2394410Z   type: 'test'
2026-10-09T02:45:26.2394891Z   ...
2026-10-09T02:45:26.2395887Z # Subtest: .NET corpus rejects missing compiler evidence
2026-10-09T02:45:26.2396882Z ok 132 - .NET corpus rejects missing compiler evidence
2026-10-09T02:45:26.2397572Z   ---
2026-10-09T02:45:26.2398079Z   duration_ms: 4.398621
2026-10-09T02:45:26.2398608Z   type: 'test'
2026-10-09T02:45:26.2399091Z   ...
2026-10-09T02:45:26.2399723Z # Subtest: .NET corpus rejects wrong SDK
2026-10-09T02:45:26.2400508Z ok 133 - .NET corpus rejects wrong SDK
2026-10-09T02:45:26.2401119Z   ---
2026-10-09T02:45:26.2401622Z   duration_ms: 1.785963
2026-10-09T02:45:26.2402150Z   type: 'test'
2026-10-09T02:45:26.2402644Z   ...
2026-10-09T02:45:26.2403301Z # Subtest: .NET corpus rejects wrong runtime
2026-10-09T02:45:26.2404128Z ok 134 - .NET corpus rejects wrong runtime
2026-10-09T02:45:26.2404766Z   ---
2026-10-09T02:45:26.2405471Z   duration_ms: 1.770525
2026-10-09T02:45:26.2406016Z   type: 'test'
2026-10-09T02:45:26.2406506Z   ...
2026-10-09T02:45:26.2407172Z # Subtest: .NET corpus rejects wrong compiler
2026-10-09T02:45:26.2408024Z ok 135 - .NET corpus rejects wrong compiler
2026-10-09T02:45:26.2408671Z   ---
2026-10-09T02:45:26.2409177Z   duration_ms: 1.715112
2026-10-09T02:45:26.2409706Z   type: 'test'
2026-10-09T02:45:26.2410188Z   ...
2026-10-09T02:45:26.2410925Z # Subtest: .NET corpus rejects unchecked compiler flags
2026-10-09T02:45:26.2411895Z ok 136 - .NET corpus rejects unchecked compiler flags
2026-10-09T02:45:26.2412588Z   ---
2026-10-09T02:45:26.2413095Z   duration_ms: 2.545362
2026-10-09T02:45:26.2413620Z   type: 'test'
2026-10-09T02:45:26.2414106Z   ...
2026-10-09T02:45:26.2414777Z # Subtest: .NET corpus rejects unbound source
2026-10-09T02:45:26.2415876Z ok 137 - .NET corpus rejects unbound source
2026-10-09T02:45:26.2416629Z   ---
2026-10-09T02:45:26.2417170Z   duration_ms: 3.691401
2026-10-09T02:45:26.2417710Z   type: 'test'
2026-10-09T02:45:26.2418188Z   ...
2026-10-09T02:45:26.2418890Z # Subtest: .NET corpus rejects unchecked signatures
2026-10-09T02:45:26.2419810Z ok 138 - .NET corpus rejects unchecked signatures
2026-10-09T02:45:26.2420485Z   ---
2026-10-09T02:45:26.2420991Z   duration_ms: 2.500488
2026-10-09T02:45:26.2421525Z   type: 'test'
2026-10-09T02:45:26.2422004Z   ...
2026-10-09T02:45:26.2422678Z # Subtest: .NET corpus rejects wrong binding IR
2026-10-09T02:45:26.2423546Z ok 139 - .NET corpus rejects wrong binding IR
2026-10-09T02:45:26.2424189Z   ---
2026-10-09T02:45:26.2424772Z   duration_ms: 2.426619
2026-10-09T02:45:26.2425551Z   type: 'test'
2026-10-09T02:45:26.2426049Z   ...
2026-10-09T02:45:26.2426770Z # Subtest: .NET corpus rejects unhashed declarations
2026-10-09T02:45:26.2427915Z ok 140 - .NET corpus rejects unhashed declarations
2026-10-09T02:45:26.2428760Z   ---
2026-10-09T02:45:26.2429269Z   duration_ms: 1.76237
2026-10-09T02:45:26.2429811Z   type: 'test'
2026-10-09T02:45:26.2430289Z   ...
2026-10-09T02:45:26.2430975Z # Subtest: .NET corpus rejects unhashed package
2026-10-09T02:45:26.2431847Z ok 141 - .NET corpus rejects unhashed package
2026-10-09T02:45:26.2432886Z   ---
2026-10-09T02:45:26.2433433Z   duration_ms: 3.092383
2026-10-09T02:45:26.2433987Z   type: 'test'
2026-10-09T02:45:26.2434476Z   ...
2026-10-09T02:45:26.2435419Z # Subtest: .NET corpus rejects missing reference assembly
2026-10-09T02:45:26.2436482Z ok 142 - .NET corpus rejects missing reference assembly
2026-10-09T02:45:26.2437188Z   ---
2026-10-09T02:45:26.2437698Z   duration_ms: 2.63572
2026-10-09T02:45:26.2438366Z   type: 'test'
2026-10-09T02:45:26.2438857Z   ...
2026-10-09T02:45:26.2439503Z # Subtest: .NET corpus rejects private API
2026-10-09T02:45:26.2440315Z ok 143 - .NET corpus rejects private API
2026-10-09T02:45:26.2440960Z   ---
2026-10-09T02:45:26.2441474Z   duration_ms: 2.654905
2026-10-09T02:45:26.2442000Z   type: 'test'
2026-10-09T02:45:26.2442484Z   ...
2026-10-09T02:45:26.2443170Z # Subtest: .NET corpus rejects remaining sources
2026-10-09T02:45:26.2444049Z ok 144 - .NET corpus rejects remaining sources
2026-10-09T02:45:26.2444709Z   ---
2026-10-09T02:45:26.2445451Z   duration_ms: 3.878149
2026-10-09T02:45:26.2445999Z   type: 'test'
2026-10-09T02:45:26.2446483Z   ...
2026-10-09T02:45:26.2447176Z # Subtest: .NET corpus rejects warm package cache
2026-10-09T02:45:26.2448075Z ok 145 - .NET corpus rejects warm package cache
2026-10-09T02:45:26.2448742Z   ---
2026-10-09T02:45:26.2449251Z   duration_ms: 4.447883
2026-10-09T02:45:26.2449776Z   type: 'test'
2026-10-09T02:45:26.2450261Z   ...
2026-10-09T02:45:26.2450913Z # Subtest: .NET corpus rejects warm CLI home
2026-10-09T02:45:26.2451733Z ok 146 - .NET corpus rejects warm CLI home
2026-10-09T02:45:26.2452362Z   ---
2026-10-09T02:45:26.2452925Z   duration_ms: 3.859084
2026-10-09T02:45:26.2453472Z   type: 'test'
2026-10-09T02:45:26.2453952Z   ...
2026-10-09T02:45:26.2454611Z # Subtest: .NET corpus rejects online restore
2026-10-09T02:45:26.2455684Z ok 147 - .NET corpus rejects online restore
2026-10-09T02:45:26.2456336Z   ---
2026-10-09T02:45:26.2456853Z   duration_ms: 2.393778
2026-10-09T02:45:26.2457384Z   type: 'test'
2026-10-09T02:45:26.2457859Z   ...
2026-10-09T02:45:26.2458532Z # Subtest: .NET corpus rejects unlocked restore
2026-10-09T02:45:26.2459534Z ok 148 - .NET corpus rejects unlocked restore
2026-10-09T02:45:26.2460230Z   ---
2026-10-09T02:45:26.2460744Z   duration_ms: 2.300815
2026-10-09T02:45:26.2461279Z   type: 'test'
2026-10-09T02:45:26.2461753Z   ...
2026-10-09T02:45:26.2462504Z # Subtest: .NET corpus rejects compiler during execution
2026-10-09T02:45:26.2463489Z ok 149 - .NET corpus rejects compiler during execution
2026-10-09T02:45:26.2464177Z   ---
2026-10-09T02:45:26.2464677Z   duration_ms: 2.313589
2026-10-09T02:45:26.2465446Z   type: 'test'
2026-10-09T02:45:26.2465962Z   ...
2026-10-09T02:45:26.2466627Z # Subtest: .NET corpus rejects SDK at runtime
2026-10-09T02:45:26.2467465Z ok 150 - .NET corpus rejects SDK at runtime
2026-10-09T02:45:26.2468106Z   ---
2026-10-09T02:45:26.2468611Z   duration_ms: 3.157304
2026-10-09T02:45:26.2469143Z   type: 'test'
2026-10-09T02:45:26.2469617Z   ...
2026-10-09T02:45:26.2470335Z # Subtest: .NET corpus rejects missing native runtime
2026-10-09T02:45:26.2471270Z ok 151 - .NET corpus rejects missing native runtime
2026-10-09T02:45:26.2471944Z   ---
2026-10-09T02:45:26.2472444Z   duration_ms: 2.481201
2026-10-09T02:45:26.2472977Z   type: 'test'
2026-10-09T02:45:26.2473456Z   ...
2026-10-09T02:45:26.2474133Z # Subtest: .NET corpus rejects changed assembly
2026-10-09T02:45:26.2475007Z ok 152 - .NET corpus rejects changed assembly
2026-10-09T02:45:26.2475861Z   ---
2026-10-09T02:45:26.2476378Z   duration_ms: 2.69442
2026-10-09T02:45:26.2476906Z   type: 'test'
2026-10-09T02:45:26.2477384Z   ...
2026-10-09T02:45:26.2478452Z # Subtest: .NET corpus rejects wrong host binary
2026-10-09T02:45:26.2479344Z ok 153 - .NET corpus rejects wrong host binary
2026-10-09T02:45:26.2479993Z   ---
2026-10-09T02:45:26.2480502Z   duration_ms: 2.366607
2026-10-09T02:45:26.2481028Z   type: 'test'
2026-10-09T02:45:26.2481508Z   ...
2026-10-09T02:45:26.2482219Z # Subtest: .NET corpus rejects wrong loaded library
2026-10-09T02:45:26.2483238Z ok 154 - .NET corpus rejects wrong loaded library
2026-10-09T02:45:26.2484001Z   ---
2026-10-09T02:45:26.2484602Z   duration_ms: 3.527394
2026-10-09T02:45:26.2485492Z   type: 'test'
2026-10-09T02:45:26.2486055Z   ...
2026-10-09T02:45:26.2486841Z # Subtest: .NET corpus rejects wrong assembly path
2026-10-09T02:45:26.2487890Z ok 155 - .NET corpus rejects wrong assembly path
2026-10-09T02:45:26.2488695Z   ---
2026-10-09T02:45:26.2489312Z   duration_ms: 3.663008
2026-10-09T02:45:26.2489931Z   type: 'test'
2026-10-09T02:45:26.2490506Z   ...
2026-10-09T02:45:26.2491344Z # Subtest: .NET corpus rejects retained copied records
2026-10-09T02:45:26.2492525Z ok 156 - .NET corpus rejects retained copied records
2026-10-09T02:45:26.2493245Z   ---
2026-10-09T02:45:26.2493784Z   duration_ms: 2.331282
2026-10-09T02:45:26.2494329Z   type: 'test'
2026-10-09T02:45:26.2494819Z   ...
2026-10-09T02:45:26.2495846Z # Subtest: .NET corpus rejects missing runtime error
2026-10-09T02:45:26.2496800Z ok 157 - .NET corpus rejects missing runtime error
2026-10-09T02:45:26.2497482Z   ---
2026-10-09T02:45:26.2498003Z   duration_ms: 2.835063
2026-10-09T02:45:26.2498538Z   type: 'test'
2026-10-09T02:45:26.2499015Z   ...
2026-10-09T02:45:26.2499721Z # Subtest: .NET corpus rejects wrong runtime error
2026-10-09T02:45:26.2500647Z ok 158 - .NET corpus rejects wrong runtime error
2026-10-09T02:45:26.2501444Z   ---
2026-10-09T02:45:26.2502047Z   duration_ms: 4.82654
2026-10-09T02:45:26.2502690Z   type: 'test'
2026-10-09T02:45:26.2503251Z   ...
2026-10-09T02:45:26.2504207Z # Subtest: .NET corpus rejects failed error recovery
2026-10-09T02:45:26.2505640Z ok 159 - .NET corpus rejects failed error recovery
2026-10-09T02:45:26.2506508Z   ---
2026-10-09T02:45:26.2507111Z   duration_ms: 3.495295
2026-10-09T02:45:26.2507755Z   type: 'test'
2026-10-09T02:45:26.2508322Z   ...
2026-10-09T02:45:26.2509103Z # Subtest: .NET corpus rejects failed Nat recovery
2026-10-09T02:45:26.2510062Z ok 160 - .NET corpus rejects failed Nat recovery
2026-10-09T02:45:26.2510809Z   ---
2026-10-09T02:45:26.2511378Z   duration_ms: 1.507945
2026-10-09T02:45:26.2511956Z   type: 'test'
2026-10-09T02:45:26.2512462Z   ...
2026-10-09T02:45:26.2513309Z # Subtest: .NET corpus rejects unrelated compiler failure
2026-10-09T02:45:26.2514404Z ok 161 - .NET corpus rejects unrelated compiler failure
2026-10-09T02:45:26.2515433Z   ---
2026-10-09T02:45:26.2516026Z   duration_ms: 1.50035
2026-10-09T02:45:26.2516614Z   type: 'test'
2026-10-09T02:45:26.2517141Z   ...
2026-10-09T02:45:26.2517969Z # Subtest: .NET corpus rejects dependency compiler failure
2026-10-09T02:45:26.2519036Z ok 162 - .NET corpus rejects dependency compiler failure
2026-10-09T02:45:26.2519808Z   ---
2026-10-09T02:45:26.2520408Z   duration_ms: 1.402558
2026-10-09T02:45:26.2520981Z   type: 'test'
2026-10-09T02:45:26.2521492Z   ...
2026-10-09T02:45:26.2522228Z # Subtest: .NET corpus rejects missing diagnostic
2026-10-09T02:45:26.2523188Z ok 163 - .NET corpus rejects missing diagnostic
2026-10-09T02:45:26.2523897Z   ---
2026-10-09T02:45:26.2524542Z   duration_ms: 1.569029
2026-10-09T02:45:26.2525381Z   type: 'test'
2026-10-09T02:45:26.2525946Z   ...
2026-10-09T02:45:26.2526705Z # Subtest: .NET corpus rejects changed invalid source
2026-10-09T02:45:26.2527651Z ok 164 - .NET corpus rejects changed invalid source
2026-10-09T02:45:26.2528340Z   ---
2026-10-09T02:45:26.2528861Z   duration_ms: 2.268284
2026-10-09T02:45:26.2529397Z   type: 'test'
2026-10-09T02:45:26.2529882Z   ...
2026-10-09T02:45:26.2530932Z # Subtest: java corpus separates compiler errors, unsigned range checks and Lean results
2026-10-09T02:45:26.2532678Z ok 165 - java corpus separates compiler errors, unsigned range checks and Lean results
2026-10-09T02:45:26.2534160Z   ---
2026-10-09T02:45:26.2534698Z   duration_ms: 102.01386
2026-10-09T02:45:26.2535479Z   type: 'test'
2026-10-09T02:45:26.2535988Z   ...
2026-10-09T02:45:26.2536856Z # Subtest: java diagnostics bind rejection to the exact invalid call
2026-10-09T02:45:26.2538039Z ok 166 - java diagnostics bind rejection to the exact invalid call
2026-10-09T02:45:26.2538816Z   ---
2026-10-09T02:45:26.2539328Z   duration_ms: 1.251466
2026-10-09T02:45:26.2539865Z   type: 'test'
2026-10-09T02:45:26.2540356Z   ...
2026-10-09T02:45:26.2541033Z # Subtest: java corpus rejects missing evidence
2026-10-09T02:45:26.2541906Z ok 167 - java corpus rejects missing evidence
2026-10-09T02:45:26.2542556Z   ---
2026-10-09T02:45:26.2543056Z   duration_ms: 1.972402
2026-10-09T02:45:26.2543592Z   type: 'test'
2026-10-09T02:45:26.2544078Z   ...
2026-10-09T02:45:26.2544713Z # Subtest: java corpus rejects wrong JVM
2026-10-09T02:45:26.2545805Z ok 168 - java corpus rejects wrong JVM
2026-10-09T02:45:26.2546506Z   ---
2026-10-09T02:45:26.2547088Z   duration_ms: 1.738676
2026-10-09T02:45:26.2547708Z   type: 'test'
2026-10-09T02:45:26.2548276Z   ...
2026-10-09T02:45:26.2549007Z # Subtest: java corpus rejects wrong compiler
2026-10-09T02:45:26.2549928Z ok 169 - java corpus rejects wrong compiler
2026-10-09T02:45:26.2550644Z   ---
2026-10-09T02:45:26.2551232Z   duration_ms: 1.824175
2026-10-09T02:45:26.2551815Z   type: 'test'
2026-10-09T02:45:26.2552517Z   ...
2026-10-09T02:45:26.2553324Z # Subtest: java corpus rejects wrong Maven
2026-10-09T02:45:26.2554257Z ok 170 - java corpus rejects wrong Maven
2026-10-09T02:45:26.2554922Z   ---
2026-10-09T02:45:26.2555757Z   duration_ms: 3.483403
2026-10-09T02:45:26.2556346Z   type: 'test'
2026-10-09T02:45:26.2556879Z   ...
2026-10-09T02:45:26.2557655Z # Subtest: java corpus rejects missing compiler hash
2026-10-09T02:45:26.2558683Z ok 171 - java corpus rejects missing compiler hash
2026-10-09T02:45:26.2559451Z   ---
2026-10-09T02:45:26.2560085Z   duration_ms: 1.699863
2026-10-09T02:45:26.2560716Z   type: 'test'
2026-10-09T02:45:26.2561313Z   ...
2026-10-09T02:45:26.2562122Z # Subtest: java corpus rejects wrong consumer source
2026-10-09T02:45:26.2563179Z ok 172 - java corpus rejects wrong consumer source
2026-10-09T02:45:26.2563934Z   ---
2026-10-09T02:45:26.2564497Z   duration_ms: 2.427261
2026-10-09T02:45:26.2565364Z   type: 'test'
2026-10-09T02:45:26.2565954Z   ...
2026-10-09T02:45:26.2566759Z # Subtest: java corpus rejects wrong public signatures
2026-10-09T02:45:26.2567829Z ok 173 - java corpus rejects wrong public signatures
2026-10-09T02:45:26.2568584Z   ---
2026-10-09T02:45:26.2569133Z   duration_ms: 2.3781
2026-10-09T02:45:26.2569695Z   type: 'test'
2026-10-09T02:45:26.2570224Z   ...
2026-10-09T02:45:26.2571037Z # Subtest: java corpus rejects wrong binding IR
2026-10-09T02:45:26.2572007Z ok 174 - java corpus rejects wrong binding IR
2026-10-09T02:45:26.2572781Z   ---
2026-10-09T02:45:26.2573383Z   duration_ms: 2.391634
2026-10-09T02:45:26.2574038Z   type: 'test'
2026-10-09T02:45:26.2574595Z   ...
2026-10-09T02:45:26.2575792Z # Subtest: java corpus rejects wrong POM
2026-10-09T02:45:26.2576658Z ok 175 - java corpus rejects wrong POM
2026-10-09T02:45:26.2577287Z   ---
2026-10-09T02:45:26.2577812Z   duration_ms: 3.168424
2026-10-09T02:45:26.2578357Z   type: 'test'
2026-10-09T02:45:26.2578848Z   ...
2026-10-09T02:45:26.2579486Z # Subtest: java corpus rejects wrong JAR
2026-10-09T02:45:26.2580289Z ok 176 - java corpus rejects wrong JAR
2026-10-09T02:45:26.2580901Z   ---
2026-10-09T02:45:26.2581411Z   duration_ms: 2.419166
2026-10-09T02:45:26.2581956Z   type: 'test'
2026-10-09T02:45:26.2582435Z   ...
2026-10-09T02:45:26.2583115Z # Subtest: java corpus rejects ambient settings
2026-10-09T02:45:26.2584004Z ok 177 - java corpus rejects ambient settings
2026-10-09T02:45:26.2584650Z   ---
2026-10-09T02:45:26.2585420Z   duration_ms: 2.389861
2026-10-09T02:45:26.2585984Z   type: 'test'
2026-10-09T02:45:26.2586464Z   ...
2026-10-09T02:45:26.2587604Z # Subtest: java corpus rejects weakened compiler
2026-10-09T02:45:26.2588518Z ok 178 - java corpus rejects weakened compiler
2026-10-09T02:45:26.2589186Z   ---
2026-10-09T02:45:26.2589696Z   duration_ms: 4.03399
2026-10-09T02:45:26.2590224Z   type: 'test'
2026-10-09T02:45:26.2590698Z   ...
2026-10-09T02:45:26.2591360Z # Subtest: java corpus rejects ambient cache
2026-10-09T02:45:26.2592189Z ok 179 - java corpus rejects ambient cache
2026-10-09T02:45:26.2592818Z   ---
2026-10-09T02:45:26.2593328Z   duration_ms: 4.803297
2026-10-09T02:45:26.2593858Z   type: 'test'
2026-10-09T02:45:26.2594335Z   ...
2026-10-09T02:45:26.2594993Z # Subtest: java corpus rejects ambient home
2026-10-09T02:45:26.2596185Z ok 180 - java corpus rejects ambient home
2026-10-09T02:45:26.2596822Z   ---
2026-10-09T02:45:26.2597345Z   duration_ms: 3.792019
2026-10-09T02:45:26.2597881Z   type: 'test'
2026-10-09T02:45:26.2598482Z   ...
2026-10-09T02:45:26.2599234Z # Subtest: java corpus rejects online resolution
2026-10-09T02:45:26.2600143Z ok 181 - java corpus rejects online resolution
2026-10-09T02:45:26.2600802Z   ---
2026-10-09T02:45:26.2601318Z   duration_ms: 3.865606
2026-10-09T02:45:26.2601847Z   type: 'test'
2026-10-09T02:45:26.2602325Z   ...
2026-10-09T02:45:26.2603041Z # Subtest: java corpus rejects extra classpath
2026-10-09T02:45:26.2603905Z ok 182 - java corpus rejects extra classpath
2026-10-09T02:45:26.2604544Z   ---
2026-10-09T02:45:26.2605244Z   duration_ms: 3.93749
2026-10-09T02:45:26.2605815Z   type: 'test'
2026-10-09T02:45:26.2606297Z   ...
2026-10-09T02:45:26.2607100Z # Subtest: java corpus rejects missing resolved dependencies
2026-10-09T02:45:26.2608151Z ok 183 - java corpus rejects missing resolved dependencies
2026-10-09T02:45:26.2608875Z   ---
2026-10-09T02:45:26.2609378Z   duration_ms: 5.216167
2026-10-09T02:45:26.2609904Z   type: 'test'
2026-10-09T02:45:26.2610392Z   ...
2026-10-09T02:45:26.2611144Z # Subtest: java corpus rejects missing runtime dependency
2026-10-09T02:45:26.2612147Z ok 184 - java corpus rejects missing runtime dependency
2026-10-09T02:45:26.2612854Z   ---
2026-10-09T02:45:26.2613357Z   duration_ms: 3.689266
2026-10-09T02:45:26.2613890Z   type: 'test'
2026-10-09T02:45:26.2614374Z   ...
2026-10-09T02:45:26.2615390Z # Subtest: java corpus rejects duplicate runtime dependency
2026-10-09T02:45:26.2616588Z ok 185 - java corpus rejects duplicate runtime dependency
2026-10-09T02:45:26.2617393Z   ---
2026-10-09T02:45:26.2617953Z   duration_ms: 2.784237
2026-10-09T02:45:26.2618539Z   type: 'test'
2026-10-09T02:45:26.2619083Z   ...
2026-10-09T02:45:26.2619954Z # Subtest: java corpus rejects unlocked runtime dependency
2026-10-09T02:45:26.2621047Z ok 186 - java corpus rejects unlocked runtime dependency
2026-10-09T02:45:26.2621780Z   ---
2026-10-09T02:45:26.2622300Z   duration_ms: 2.516758
2026-10-09T02:45:26.2622838Z   type: 'test'
2026-10-09T02:45:26.2623329Z   ...
2026-10-09T02:45:26.2624105Z # Subtest: java corpus rejects changed resolved dependency
2026-10-09T02:45:26.2625480Z ok 187 - java corpus rejects changed resolved dependency
2026-10-09T02:45:26.2626236Z   ---
2026-10-09T02:45:26.2626753Z   duration_ms: 3.913215
2026-10-09T02:45:26.2627305Z   type: 'test'
2026-10-09T02:45:26.2627787Z   ...
2026-10-09T02:45:26.2628558Z # Subtest: java corpus rejects changed deployed dependency
2026-10-09T02:45:26.2629590Z ok 188 - java corpus rejects changed deployed dependency
2026-10-09T02:45:26.2630290Z   ---
2026-10-09T02:45:26.2630798Z   duration_ms: 2.831015
2026-10-09T02:45:26.2631346Z   type: 'test'
2026-10-09T02:45:26.2631823Z   ...
2026-10-09T02:45:26.2632550Z # Subtest: java corpus rejects wrong dependency size
2026-10-09T02:45:26.2633495Z ok 189 - java corpus rejects wrong dependency size
2026-10-09T02:45:26.2634173Z   ---
2026-10-09T02:45:26.2635098Z   duration_ms: 2.551573
2026-10-09T02:45:26.2635815Z   type: 'test'
2026-10-09T02:45:26.2636312Z   ...
2026-10-09T02:45:26.2637126Z # Subtest: java corpus rejects missing annotations dependency
2026-10-09T02:45:26.2638448Z ok 190 - java corpus rejects missing annotations dependency
2026-10-09T02:45:26.2639345Z   ---
2026-10-09T02:45:26.2639857Z   duration_ms: 3.802478
2026-10-09T02:45:26.2640404Z   type: 'test'
2026-10-09T02:45:26.2640891Z   ...
2026-10-09T02:45:26.2641680Z # Subtest: java corpus rejects undeclared deployed dependency
2026-10-09T02:45:26.2642744Z ok 191 - java corpus rejects undeclared deployed dependency
2026-10-09T02:45:26.2643461Z   ---
2026-10-09T02:45:26.2643962Z   duration_ms: 5.202532
2026-10-09T02:45:26.2644620Z   type: 'test'
2026-10-09T02:45:26.2645494Z   ...
2026-10-09T02:45:26.2646379Z # Subtest: java corpus rejects old standard library location
2026-10-09T02:45:26.2647451Z ok 192 - java corpus rejects old standard library location
2026-10-09T02:45:26.2648163Z   ---
2026-10-09T02:45:26.2648684Z   duration_ms: 3.754639
2026-10-09T02:45:26.2649213Z   type: 'test'
2026-10-09T02:45:26.2649692Z   ...
2026-10-09T02:45:26.2650496Z # Subtest: java corpus rejects compiler as runtime dependency
2026-10-09T02:45:26.2651556Z ok 193 - java corpus rejects compiler as runtime dependency
2026-10-09T02:45:26.2652285Z   ---
2026-10-09T02:45:26.2652792Z   duration_ms: 2.48577
2026-10-09T02:45:26.2653319Z   type: 'test'
2026-10-09T02:45:26.2653796Z   ...
2026-10-09T02:45:26.2654597Z # Subtest: java corpus rejects unsafe runtime dependency path
2026-10-09T02:45:26.2655910Z ok 194 - java corpus rejects unsafe runtime dependency path
2026-10-09T02:45:26.2656641Z   ---
2026-10-09T02:45:26.2657152Z   duration_ms: 2.479629
2026-10-09T02:45:26.2657680Z   type: 'test'
2026-10-09T02:45:26.2658160Z   ...
2026-10-09T02:45:26.2658844Z # Subtest: java corpus rejects runtime override
2026-10-09T02:45:26.2659724Z ok 195 - java corpus rejects runtime override
2026-10-09T02:45:26.2660373Z   ---
2026-10-09T02:45:26.2660878Z   duration_ms: 2.916655
2026-10-09T02:45:26.2661408Z   type: 'test'
2026-10-09T02:45:26.2661887Z   ...
2026-10-09T02:45:26.2662590Z # Subtest: java corpus rejects source tree present
2026-10-09T02:45:26.2663508Z ok 196 - java corpus rejects source tree present
2026-10-09T02:45:26.2664182Z   ---
2026-10-09T02:45:26.2664694Z   duration_ms: 5.201039
2026-10-09T02:45:26.2665404Z   type: 'test'
2026-10-09T02:45:26.2665923Z   ...
2026-10-09T02:45:26.2666694Z # Subtest: java corpus rejects compiler during execution
2026-10-09T02:45:26.2667693Z ok 197 - java corpus rejects compiler during execution
2026-10-09T02:45:26.2668392Z   ---
2026-10-09T02:45:26.2668894Z   duration_ms: 3.802418
2026-10-09T02:45:26.2669425Z   type: 'test'
2026-10-09T02:45:26.2669907Z   ...
2026-10-09T02:45:26.2670677Z # Subtest: java corpus rejects uncleared native extraction
2026-10-09T02:45:26.2671730Z ok 198 - java corpus rejects uncleared native extraction
2026-10-09T02:45:26.2672437Z   ---
2026-10-09T02:45:26.2672939Z   duration_ms: 3.857581
2026-10-09T02:45:26.2673470Z   type: 'test'
2026-10-09T02:45:26.2673953Z   ...
2026-10-09T02:45:26.2674626Z # Subtest: java corpus rejects single execution
2026-10-09T02:45:26.2675737Z ok 199 - java corpus rejects single execution
2026-10-09T02:45:26.2676426Z   ---
2026-10-09T02:45:26.2676946Z   duration_ms: 4.045842
2026-10-09T02:45:26.2677487Z   type: 'test'
2026-10-09T02:45:26.2677968Z   ...
2026-10-09T02:45:26.2678630Z # Subtest: java corpus rejects missing plugin
2026-10-09T02:45:26.2679486Z ok 200 - java corpus rejects missing plugin
2026-10-09T02:45:26.2680135Z   ---
2026-10-09T02:45:26.2680641Z   duration_ms: 4.415973
2026-10-09T02:45:26.2681179Z   type: 'test'
2026-10-09T02:45:26.2681659Z   ...
2026-10-09T02:45:26.2682318Z # Subtest: java corpus rejects mutable plugin
2026-10-09T02:45:26.2683165Z ok 201 - java corpus rejects mutable plugin
2026-10-09T02:45:26.2683802Z   ---
2026-10-09T02:45:26.2684302Z   duration_ms: 2.593661
2026-10-09T02:45:26.2684827Z   type: 'test'
2026-10-09T02:45:26.2685502Z   ...
2026-10-09T02:45:26.2686167Z # Subtest: java corpus rejects unbound plugin
2026-10-09T02:45:26.2687014Z ok 202 - java corpus rejects unbound plugin
2026-10-09T02:45:26.2687650Z   ---
2026-10-09T02:45:26.2688152Z   duration_ms: 2.767106
2026-10-09T02:45:26.2689173Z   type: 'test'
2026-10-09T02:45:26.2689729Z   ...
2026-10-09T02:45:26.2690435Z # Subtest: java corpus rejects unsafe plugin path
2026-10-09T02:45:26.2691349Z ok 203 - java corpus rejects unsafe plugin path
2026-10-09T02:45:26.2692007Z   ---
2026-10-09T02:45:26.2692518Z   duration_ms: 2.664103
2026-10-09T02:45:26.2693052Z   type: 'test'
2026-10-09T02:45:26.2693525Z   ...
2026-10-09T02:45:26.2694220Z # Subtest: java corpus rejects compiler at runtime
2026-10-09T02:45:26.2695330Z ok 204 - java corpus rejects compiler at runtime
2026-10-09T02:45:26.2696018Z   ---
2026-10-09T02:45:26.2696533Z   duration_ms: 3.916912
2026-10-09T02:45:26.2697068Z   type: 'test'
2026-10-09T02:45:26.2697543Z   ...
2026-10-09T02:45:26.2698245Z # Subtest: java corpus rejects extra runtime module
2026-10-09T02:45:26.2699166Z ok 205 - java corpus rejects extra runtime module
2026-10-09T02:45:26.2699826Z   ---
2026-10-09T02:45:26.2700333Z   duration_ms: 2.624709
2026-10-09T02:45:26.2700863Z   type: 'test'
2026-10-09T02:45:26.2701347Z   ...
2026-10-09T02:45:26.2702084Z # Subtest: java corpus rejects author source at runtime
2026-10-09T02:45:26.2703068Z ok 206 - java corpus rejects author source at runtime
2026-10-09T02:45:26.2703752Z   ---
2026-10-09T02:45:26.2704259Z   duration_ms: 3.694748
2026-10-09T02:45:26.2704791Z   type: 'test'
2026-10-09T02:45:26.2705457Z   ...
2026-10-09T02:45:26.2706165Z # Subtest: java corpus rejects wrong native binary
2026-10-09T02:45:26.2707076Z ok 207 - java corpus rejects wrong native binary
2026-10-09T02:45:26.2707737Z   ---
2026-10-09T02:45:26.2708239Z   duration_ms: 3.565596
2026-10-09T02:45:26.2708775Z   type: 'test'
2026-10-09T02:45:26.2709251Z   ...
2026-10-09T02:45:26.2709968Z # Subtest: java corpus rejects missing native runtime
2026-10-09T02:45:26.2710910Z ok 208 - java corpus rejects missing native runtime
2026-10-09T02:45:26.2711590Z   ---
2026-10-09T02:45:26.2712101Z   duration_ms: 3.510713
2026-10-09T02:45:26.2712627Z   type: 'test'
2026-10-09T02:45:26.2713101Z   ...
2026-10-09T02:45:26.2713834Z # Subtest: java corpus rejects multiple native roots
2026-10-09T02:45:26.2714757Z ok 209 - java corpus rejects multiple native roots
2026-10-09T02:45:26.2715648Z   ---
2026-10-09T02:45:26.2716164Z   duration_ms: 2.348063
2026-10-09T02:45:26.2716687Z   type: 'test'
2026-10-09T02:45:26.2717159Z   ...
2026-10-09T02:45:26.2717886Z # Subtest: java corpus rejects wrong public API path
2026-10-09T02:45:26.2718815Z ok 210 - java corpus rejects wrong public API path
2026-10-09T02:45:26.2719488Z   ---
2026-10-09T02:45:26.2719995Z   duration_ms: 2.417583
2026-10-09T02:45:26.2720525Z   type: 'test'
2026-10-09T02:45:26.2721023Z   ...
2026-10-09T02:45:26.2721747Z # Subtest: java corpus rejects missing runtime error
2026-10-09T02:45:26.2722679Z ok 211 - java corpus rejects missing runtime error
2026-10-09T02:45:26.2723351Z   ---
2026-10-09T02:45:26.2723863Z   duration_ms: 3.442647
2026-10-09T02:45:26.2724394Z   type: 'test'
2026-10-09T02:45:26.2724976Z   ...
2026-10-09T02:45:26.2725916Z # Subtest: java corpus rejects wrong runtime error
2026-10-09T02:45:26.2726841Z ok 212 - java corpus rejects wrong runtime error
2026-10-09T02:45:26.2727509Z   ---
2026-10-09T02:45:26.2728027Z   duration_ms: 4.053888
2026-10-09T02:45:26.2728708Z   type: 'test'
2026-10-09T02:45:26.2729198Z   ...
2026-10-09T02:45:26.2729873Z # Subtest: java corpus rejects failed recovery
2026-10-09T02:45:26.2730746Z ok 213 - java corpus rejects failed recovery
2026-10-09T02:45:26.2731389Z   ---
2026-10-09T02:45:26.2732014Z   duration_ms: 3.040556
2026-10-09T02:45:26.2732640Z   type: 'test'
2026-10-09T02:45:26.2749767Z   ...
2026-10-09T02:45:26.2750839Z # Subtest: java corpus rejects failed Nat recovery
2026-10-09T02:45:26.2751802Z ok 214 - java corpus rejects failed Nat recovery
2026-10-09T02:45:26.2752502Z   ---
2026-10-09T02:45:26.2753031Z   duration_ms: 1.438345
2026-10-09T02:45:26.2753578Z   type: 'test'
2026-10-09T02:45:26.2754069Z   ...
2026-10-09T02:45:26.2754817Z # Subtest: java corpus rejects unrelated compiler error
2026-10-09T02:45:26.2756351Z ok 215 - java corpus rejects unrelated compiler error
2026-10-09T02:45:26.2757245Z   ---
2026-10-09T02:45:26.2757769Z   duration_ms: 1.389785
2026-10-09T02:45:26.2758371Z   type: 'test'
2026-10-09T02:45:26.2758938Z   ...
2026-10-09T02:45:26.2759758Z # Subtest: java corpus rejects wrong diagnostic source
2026-10-09T02:45:26.2760836Z ok 216 - java corpus rejects wrong diagnostic source
2026-10-09T02:45:26.2761635Z   ---
2026-10-09T02:45:26.2762246Z   duration_ms: 1.407578
2026-10-09T02:45:26.2762869Z   type: 'test'
2026-10-09T02:45:26.2763415Z   ...
2026-10-09T02:45:26.2764181Z # Subtest: java corpus rejects missing diagnostic
2026-10-09T02:45:26.2765452Z ok 217 - java corpus rejects missing diagnostic
2026-10-09T02:45:26.2766260Z   ---
2026-10-09T02:45:26.2766860Z   duration_ms: 1.434798
2026-10-09T02:45:26.2767510Z   type: 'test'
2026-10-09T02:45:26.2768095Z   ...
2026-10-09T02:45:26.2768913Z # Subtest: java corpus rejects wrong invalid source
2026-10-09T02:45:26.2769975Z ok 218 - java corpus rejects wrong invalid source
2026-10-09T02:45:26.2770783Z   ---
2026-10-09T02:45:26.2771361Z   duration_ms: 1.400023
2026-10-09T02:45:26.2771947Z   type: 'test'
2026-10-09T02:45:26.2772464Z   ...
2026-10-09T02:45:26.2773570Z # Subtest: kotlin corpus separates compiler errors, unsigned range checks and Lean results
2026-10-09T02:45:26.2775424Z ok 219 - kotlin corpus separates compiler errors, unsigned range checks and Lean results
2026-10-09T02:45:26.2776446Z   ---
2026-10-09T02:45:26.2777019Z   duration_ms: 100.222816
2026-10-09T02:45:26.2777611Z   type: 'test'
2026-10-09T02:45:26.2778150Z   ...
2026-10-09T02:45:26.2779152Z # Subtest: kotlin diagnostics bind rejection to the exact invalid call
2026-10-09T02:45:26.2780440Z ok 220 - kotlin diagnostics bind rejection to the exact invalid call
2026-10-09T02:45:26.2781281Z   ---
2026-10-09T02:45:26.2781831Z   duration_ms: 1.022359
2026-10-09T02:45:26.2782414Z   type: 'test'
2026-10-09T02:45:26.2782947Z   ...
2026-10-09T02:45:26.2783710Z # Subtest: kotlin corpus rejects missing evidence
2026-10-09T02:45:26.2784671Z ok 221 - kotlin corpus rejects missing evidence
2026-10-09T02:45:26.2785593Z   ---
2026-10-09T02:45:26.2786131Z   duration_ms: 1.947164
2026-10-09T02:45:26.2786681Z   type: 'test'
2026-10-09T02:45:26.2787165Z   ...
2026-10-09T02:45:26.2787818Z # Subtest: kotlin corpus rejects wrong JVM
2026-10-09T02:45:26.2788635Z ok 222 - kotlin corpus rejects wrong JVM
2026-10-09T02:45:26.2789346Z   ---
2026-10-09T02:45:26.2789866Z   duration_ms: 1.712156
2026-10-09T02:45:26.2790399Z   type: 'test'
2026-10-09T02:45:26.2790872Z   ...
2026-10-09T02:45:26.2791562Z # Subtest: kotlin corpus rejects wrong compiler
2026-10-09T02:45:26.2792430Z ok 223 - kotlin corpus rejects wrong compiler
2026-10-09T02:45:26.2793080Z   ---
2026-10-09T02:45:26.2793589Z   duration_ms: 1.670648
2026-10-09T02:45:26.2794116Z   type: 'test'
2026-10-09T02:45:26.2794589Z   ...
2026-10-09T02:45:26.2795454Z # Subtest: kotlin corpus rejects wrong Maven
2026-10-09T02:45:26.2796315Z ok 224 - kotlin corpus rejects wrong Maven
2026-10-09T02:45:26.2796963Z   ---
2026-10-09T02:45:26.2797613Z   duration_ms: 1.683202
2026-10-09T02:45:26.2798204Z   type: 'test'
2026-10-09T02:45:26.2798686Z   ...
2026-10-09T02:45:26.2799427Z # Subtest: kotlin corpus rejects missing compiler hash
2026-10-09T02:45:26.2800396Z ok 225 - kotlin corpus rejects missing compiler hash
2026-10-09T02:45:26.2801078Z   ---
2026-10-09T02:45:26.2801587Z   duration_ms: 3.373538
2026-10-09T02:45:26.2802120Z   type: 'test'
2026-10-09T02:45:26.2802595Z   ...
2026-10-09T02:45:26.2803322Z # Subtest: kotlin corpus rejects wrong consumer source
2026-10-09T02:45:26.2804527Z ok 226 - kotlin corpus rejects wrong consumer source
2026-10-09T02:45:26.2805440Z   ---
2026-10-09T02:45:26.2805974Z   duration_ms: 2.529885
2026-10-09T02:45:26.2806509Z   type: 'test'
2026-10-09T02:45:26.2806997Z   ...
2026-10-09T02:45:26.2807752Z # Subtest: kotlin corpus rejects wrong public signatures
2026-10-09T02:45:26.2808740Z ok 227 - kotlin corpus rejects wrong public signatures
2026-10-09T02:45:26.2809677Z   ---
2026-10-09T02:45:26.2810332Z   duration_ms: 2.566401
2026-10-09T02:45:26.2810887Z   type: 'test'
2026-10-09T02:45:26.2811380Z   ...
2026-10-09T02:45:26.2812073Z # Subtest: kotlin corpus rejects wrong binding IR
2026-10-09T02:45:26.2812958Z ok 228 - kotlin corpus rejects wrong binding IR
2026-10-09T02:45:26.2813625Z   ---
2026-10-09T02:45:26.2814128Z   duration_ms: 2.456165
2026-10-09T02:45:26.2814659Z   type: 'test'
2026-10-09T02:45:26.2815375Z   ...
2026-10-09T02:45:26.2816058Z # Subtest: kotlin corpus rejects wrong POM
2026-10-09T02:45:26.2816890Z ok 229 - kotlin corpus rejects wrong POM
2026-10-09T02:45:26.2817538Z   ---
2026-10-09T02:45:26.2818052Z   duration_ms: 3.28359
2026-10-09T02:45:26.2818594Z   type: 'test'
2026-10-09T02:45:26.2819116Z   ...
2026-10-09T02:45:26.2819793Z # Subtest: kotlin corpus rejects wrong JAR
2026-10-09T02:45:26.2820624Z ok 230 - kotlin corpus rejects wrong JAR
2026-10-09T02:45:26.2821324Z   ---
2026-10-09T02:45:26.2821874Z   duration_ms: 2.502281
2026-10-09T02:45:26.2822477Z   type: 'test'
2026-10-09T02:45:26.2823032Z   ...
2026-10-09T02:45:26.2823806Z # Subtest: kotlin corpus rejects ambient settings
2026-10-09T02:45:26.2824871Z ok 231 - kotlin corpus rejects ambient settings
2026-10-09T02:45:26.2826033Z   ---
2026-10-09T02:45:26.2826650Z   duration_ms: 2.415478
2026-10-09T02:45:26.2827280Z   type: 'test'
2026-10-09T02:45:26.2827667Z   ...
2026-10-09T02:45:26.2828273Z # Subtest: kotlin corpus rejects weakened compiler
2026-10-09T02:45:26.2828836Z ok 232 - kotlin corpus rejects weakened compiler
2026-10-09T02:45:26.2829168Z   ---
2026-10-09T02:45:26.2829564Z   duration_ms: 2.551342
2026-10-09T02:45:26.2829921Z   type: 'test'
2026-10-09T02:45:26.2830266Z   ...
2026-10-09T02:45:26.2830841Z # Subtest: kotlin corpus rejects ambient cache
2026-10-09T02:45:26.2831437Z ok 233 - kotlin corpus rejects ambient cache
2026-10-09T02:45:26.2831774Z   ---
2026-10-09T02:45:26.2832169Z   duration_ms: 3.681943
2026-10-09T02:45:26.2832516Z   type: 'test'
2026-10-09T02:45:26.2832854Z   ...
2026-10-09T02:45:26.2833450Z # Subtest: kotlin corpus rejects ambient home
2026-10-09T02:45:26.2834000Z ok 234 - kotlin corpus rejects ambient home
2026-10-09T02:45:26.2834314Z   ---
2026-10-09T02:45:26.2834704Z   duration_ms: 2.925672
2026-10-09T02:45:26.2835308Z   type: 'test'
2026-10-09T02:45:26.2835728Z   ...
2026-10-09T02:45:26.2836333Z # Subtest: kotlin corpus rejects online resolution
2026-10-09T02:45:26.2836920Z ok 235 - kotlin corpus rejects online resolution
2026-10-09T02:45:26.2837379Z   ---
2026-10-09T02:45:26.2837858Z   duration_ms: 4.183229
2026-10-09T02:45:26.2838233Z   type: 'test'
2026-10-09T02:45:26.2838553Z   ...
2026-10-09T02:45:26.2839124Z # Subtest: kotlin corpus rejects extra classpath
2026-10-09T02:45:26.2839676Z ok 236 - kotlin corpus rejects extra classpath
2026-10-09T02:45:26.2840001Z   ---
2026-10-09T02:45:26.2840383Z   duration_ms: 4.163141
2026-10-09T02:45:26.2840707Z   type: 'test'
2026-10-09T02:45:26.2841029Z   ...
2026-10-09T02:45:26.2841745Z # Subtest: kotlin corpus rejects missing resolved dependencies
2026-10-09T02:45:26.2842450Z ok 237 - kotlin corpus rejects missing resolved dependencies
2026-10-09T02:45:26.2842817Z   ---
2026-10-09T02:45:26.2843213Z   duration_ms: 4.16789
2026-10-09T02:45:26.2843573Z   type: 'test'
2026-10-09T02:45:26.2843918Z   ...
2026-10-09T02:45:26.2844610Z # Subtest: kotlin corpus rejects missing runtime dependency
2026-10-09T02:45:26.2845580Z ok 238 - kotlin corpus rejects missing runtime dependency
2026-10-09T02:45:26.2845927Z   ---
2026-10-09T02:45:26.2846295Z   duration_ms: 4.046493
2026-10-09T02:45:26.2846605Z   type: 'test'
2026-10-09T02:45:26.2846890Z   ...
2026-10-09T02:45:26.2847547Z # Subtest: kotlin corpus rejects duplicate runtime dependency
2026-10-09T02:45:26.2848165Z ok 239 - kotlin corpus rejects duplicate runtime dependency
2026-10-09T02:45:26.2848458Z   ---
2026-10-09T02:45:26.2848800Z   duration_ms: 2.504244
2026-10-09T02:45:26.2849108Z   type: 'test'
2026-10-09T02:45:26.2849401Z   ...
2026-10-09T02:45:26.2850271Z # Subtest: kotlin corpus rejects unlocked runtime dependency
2026-10-09T02:45:26.2851193Z ok 240 - kotlin corpus rejects unlocked runtime dependency
2026-10-09T02:45:26.2851767Z   ---
2026-10-09T02:45:26.2852135Z   duration_ms: 2.511879
2026-10-09T02:45:26.2852451Z   type: 'test'
2026-10-09T02:45:26.2852740Z   ...
2026-10-09T02:45:26.2853387Z # Subtest: kotlin corpus rejects changed resolved dependency
2026-10-09T02:45:26.2853996Z ok 241 - kotlin corpus rejects changed resolved dependency
2026-10-09T02:45:26.2854289Z   ---
2026-10-09T02:45:26.2854630Z   duration_ms: 2.444142
2026-10-09T02:45:26.2854951Z   type: 'test'
2026-10-09T02:45:26.2855515Z   ...
2026-10-09T02:45:26.2856157Z # Subtest: kotlin corpus rejects changed deployed dependency
2026-10-09T02:45:26.2856754Z ok 242 - kotlin corpus rejects changed deployed dependency
2026-10-09T02:45:26.2857052Z   ---
2026-10-09T02:45:26.2857402Z   duration_ms: 3.467563
2026-10-09T02:45:26.2857706Z   type: 'test'
2026-10-09T02:45:26.2857991Z   ...
2026-10-09T02:45:26.2858607Z # Subtest: kotlin corpus rejects wrong dependency size
2026-10-09T02:45:26.2859181Z ok 243 - kotlin corpus rejects wrong dependency size
2026-10-09T02:45:26.2859478Z   ---
2026-10-09T02:45:26.2859817Z   duration_ms: 2.470702
2026-10-09T02:45:26.2860120Z   type: 'test'
2026-10-09T02:45:26.2860412Z   ...
2026-10-09T02:45:26.2861075Z # Subtest: kotlin corpus rejects missing annotations dependency
2026-10-09T02:45:26.2861698Z ok 244 - kotlin corpus rejects missing annotations dependency
2026-10-09T02:45:26.2861992Z   ---
2026-10-09T02:45:26.2862339Z   duration_ms: 2.445184
2026-10-09T02:45:26.2862640Z   type: 'test'
2026-10-09T02:45:26.2862933Z   ...
2026-10-09T02:45:26.2863577Z # Subtest: kotlin corpus rejects undeclared deployed dependency
2026-10-09T02:45:26.2864198Z ok 245 - kotlin corpus rejects undeclared deployed dependency
2026-10-09T02:45:26.2864488Z   ---
2026-10-09T02:45:26.2864832Z   duration_ms: 3.086391
2026-10-09T02:45:26.2865327Z   type: 'test'
2026-10-09T02:45:26.2865651Z   ...
2026-10-09T02:45:26.2866307Z # Subtest: kotlin corpus rejects old standard library location
2026-10-09T02:45:26.2866926Z ok 246 - kotlin corpus rejects old standard library location
2026-10-09T02:45:26.2867322Z   ---
2026-10-09T02:45:26.2867722Z   duration_ms: 3.757985
2026-10-09T02:45:26.2868026Z   type: 'test'
2026-10-09T02:45:26.2868325Z   ...
2026-10-09T02:45:26.2868977Z # Subtest: kotlin corpus rejects compiler as runtime dependency
2026-10-09T02:45:26.2869594Z ok 247 - kotlin corpus rejects compiler as runtime dependency
2026-10-09T02:45:26.2869878Z   ---
2026-10-09T02:45:26.2870226Z   duration_ms: 2.540051
2026-10-09T02:45:26.2870532Z   type: 'test'
2026-10-09T02:45:26.2870825Z   ...
2026-10-09T02:45:26.2871467Z # Subtest: kotlin corpus rejects unsafe runtime dependency path
2026-10-09T02:45:26.2872085Z ok 248 - kotlin corpus rejects unsafe runtime dependency path
2026-10-09T02:45:26.2872383Z   ---
2026-10-09T02:45:26.2872732Z   duration_ms: 2.958243
2026-10-09T02:45:26.2873028Z   type: 'test'
2026-10-09T02:45:26.2873320Z   ...
2026-10-09T02:45:26.2873864Z # Subtest: kotlin corpus rejects runtime override
2026-10-09T02:45:26.2874407Z ok 249 - kotlin corpus rejects runtime override
2026-10-09T02:45:26.2874692Z   ---
2026-10-09T02:45:26.2875272Z   duration_ms: 2.411171
2026-10-09T02:45:26.2875623Z   type: 'test'
2026-10-09T02:45:26.2875924Z   ...
2026-10-09T02:45:26.2876485Z # Subtest: kotlin corpus rejects source tree present
2026-10-09T02:45:26.2877024Z ok 250 - kotlin corpus rejects source tree present
2026-10-09T02:45:26.2877316Z   ---
2026-10-09T02:45:26.2877657Z   duration_ms: 3.601963
2026-10-09T02:45:26.2877964Z   type: 'test'
2026-10-09T02:45:26.2878256Z   ...
2026-10-09T02:45:26.2878865Z # Subtest: kotlin corpus rejects compiler during execution
2026-10-09T02:45:26.2879444Z ok 251 - kotlin corpus rejects compiler during execution
2026-10-09T02:45:26.2879745Z   ---
2026-10-09T02:45:26.2880085Z   duration_ms: 3.42857
2026-10-09T02:45:26.2880390Z   type: 'test'
2026-10-09T02:45:26.2880685Z   ...
2026-10-09T02:45:26.2881668Z # Subtest: kotlin corpus rejects uncleared native extraction
2026-10-09T02:45:26.2882300Z ok 252 - kotlin corpus rejects uncleared native extraction
2026-10-09T02:45:26.2882604Z   ---
2026-10-09T02:45:26.2882955Z   duration_ms: 3.510066
2026-10-09T02:45:26.2883252Z   type: 'test'
2026-10-09T02:45:26.2883548Z   ...
2026-10-09T02:45:26.2884094Z # Subtest: kotlin corpus rejects single execution
2026-10-09T02:45:26.2884613Z ok 253 - kotlin corpus rejects single execution
2026-10-09T02:45:26.2884903Z   ---
2026-10-09T02:45:26.2885501Z   duration_ms: 3.456302
2026-10-09T02:45:26.2885834Z   type: 'test'
2026-10-09T02:45:26.2886131Z   ...
2026-10-09T02:45:26.2886654Z # Subtest: kotlin corpus rejects missing plugin
2026-10-09T02:45:26.2887162Z ok 254 - kotlin corpus rejects missing plugin
2026-10-09T02:45:26.2887457Z   ---
2026-10-09T02:45:26.2887807Z   duration_ms: 4.589708
2026-10-09T02:45:26.2888104Z   type: 'test'
2026-10-09T02:45:26.2888395Z   ...
2026-10-09T02:45:26.2888911Z # Subtest: kotlin corpus rejects mutable plugin
2026-10-09T02:45:26.2889420Z ok 255 - kotlin corpus rejects mutable plugin
2026-10-09T02:45:26.2889708Z   ---
2026-10-09T02:45:26.2890051Z   duration_ms: 4.208516
2026-10-09T02:45:26.2890352Z   type: 'test'
2026-10-09T02:45:26.2890644Z   ...
2026-10-09T02:45:26.2891154Z # Subtest: kotlin corpus rejects unbound plugin
2026-10-09T02:45:26.2936089Z ok 256 - kotlin corpus rejects unbound plugin
2026-10-09T02:45:26.2952627Z   ---
2026-10-09T02:45:26.2995961Z   duration_ms: 3.928803
2026-10-09T02:45:26.3015862Z   type: 'test'
2026-10-09T02:45:26.3016257Z   ...
2026-10-09T02:45:26.3016908Z # Subtest: kotlin corpus rejects unsafe plugin path
2026-10-09T02:45:26.3017449Z ok 257 - kotlin corpus rejects unsafe plugin path
2026-10-09T02:45:26.3017757Z   ---
2026-10-09T02:45:26.3018100Z   duration_ms: 3.995118
2026-10-09T02:45:26.3018391Z   type: 'test'
2026-10-09T02:45:26.3018653Z   ...
2026-10-09T02:45:26.3019204Z # Subtest: kotlin corpus rejects compiler at runtime
2026-10-09T02:45:26.3019756Z ok 258 - kotlin corpus rejects compiler at runtime
2026-10-09T02:45:26.3020041Z   ---
2026-10-09T02:45:26.3020367Z   duration_ms: 4.964222
2026-10-09T02:45:26.3020650Z   type: 'test'
2026-10-09T02:45:26.3020916Z   ...
2026-10-09T02:45:26.3021458Z # Subtest: kotlin corpus rejects extra runtime module
2026-10-09T02:45:26.3021968Z ok 259 - kotlin corpus rejects extra runtime module
2026-10-09T02:45:26.3022235Z   ---
2026-10-09T02:45:26.3022554Z   duration_ms: 2.572432
2026-10-09T02:45:26.3022833Z   type: 'test'
2026-10-09T02:45:26.3023092Z   ...
2026-10-09T02:45:26.3023680Z # Subtest: kotlin corpus rejects author source at runtime
2026-10-09T02:45:26.3024232Z ok 260 - kotlin corpus rejects author source at runtime
2026-10-09T02:45:26.3024501Z   ---
2026-10-09T02:45:26.3024884Z   duration_ms: 2.88246
2026-10-09T02:45:26.3025428Z   type: 'test'
2026-10-09T02:45:26.3025712Z   ...
2026-10-09T02:45:26.3026255Z # Subtest: kotlin corpus rejects wrong native binary
2026-10-09T02:45:26.3026765Z ok 261 - kotlin corpus rejects wrong native binary
2026-10-09T02:45:26.3027060Z   ---
2026-10-09T02:45:26.3027381Z   duration_ms: 2.594884
2026-10-09T02:45:26.3027661Z   type: 'test'
2026-10-09T02:45:26.3027922Z   ...
2026-10-09T02:45:26.3028480Z # Subtest: kotlin corpus rejects missing native runtime
2026-10-09T02:45:26.3029014Z ok 262 - kotlin corpus rejects missing native runtime
2026-10-09T02:45:26.3029281Z   ---
2026-10-09T02:45:26.3029598Z   duration_ms: 2.566612
2026-10-09T02:45:26.3029878Z   type: 'test'
2026-10-09T02:45:26.3030142Z   ...
2026-10-09T02:45:26.3030690Z # Subtest: kotlin corpus rejects multiple native roots
2026-10-09T02:45:26.3031210Z ok 263 - kotlin corpus rejects multiple native roots
2026-10-09T02:45:26.3031478Z   ---
2026-10-09T02:45:26.3031802Z   duration_ms: 3.426246
2026-10-09T02:45:26.3032078Z   type: 'test'
2026-10-09T02:45:26.3032341Z   ...
2026-10-09T02:45:26.3032889Z # Subtest: kotlin corpus rejects wrong public API path
2026-10-09T02:45:26.3033412Z ok 264 - kotlin corpus rejects wrong public API path
2026-10-09T02:45:26.3034225Z   ---
2026-10-09T02:45:26.3034557Z   duration_ms: 2.481241
2026-10-09T02:45:26.3034840Z   type: 'test'
2026-10-09T02:45:26.3035313Z   ...
2026-10-09T02:45:26.3035879Z # Subtest: kotlin corpus rejects missing runtime error
2026-10-09T02:45:26.3036411Z ok 265 - kotlin corpus rejects missing runtime error
2026-10-09T02:45:26.3036684Z   ---
2026-10-09T02:45:26.3037000Z   duration_ms: 2.91393
2026-10-09T02:45:26.3037276Z   type: 'test'
2026-10-09T02:45:26.3037549Z   ...
2026-10-09T02:45:26.3038131Z # Subtest: kotlin corpus rejects wrong runtime error
2026-10-09T02:45:26.3038640Z ok 266 - kotlin corpus rejects wrong runtime error
2026-10-09T02:45:26.3038900Z   ---
2026-10-09T02:45:26.3039225Z   duration_ms: 3.963699
2026-10-09T02:45:26.3039506Z   type: 'test'
2026-10-09T02:45:26.3039775Z   ...
2026-10-09T02:45:26.3040269Z # Subtest: kotlin corpus rejects failed recovery
2026-10-09T02:45:26.3040755Z ok 267 - kotlin corpus rejects failed recovery
2026-10-09T02:45:26.3041030Z   ---
2026-10-09T02:45:26.3041370Z   duration_ms: 3.687945
2026-10-09T02:45:26.3041644Z   type: 'test'
2026-10-09T02:45:26.3041917Z   ...
2026-10-09T02:45:26.3042443Z # Subtest: kotlin corpus rejects failed Nat recovery
2026-10-09T02:45:26.3042950Z ok 268 - kotlin corpus rejects failed Nat recovery
2026-10-09T02:45:26.3043216Z   ---
2026-10-09T02:45:26.3043540Z   duration_ms: 2.289945
2026-10-09T02:45:26.3043818Z   type: 'test'
2026-10-09T02:45:26.3044087Z   ...
2026-10-09T02:45:26.3044659Z # Subtest: kotlin corpus rejects unrelated compiler error
2026-10-09T02:45:26.3045425Z ok 269 - kotlin corpus rejects unrelated compiler error
2026-10-09T02:45:26.3045721Z   ---
2026-10-09T02:45:26.3046047Z   duration_ms: 2.246303
2026-10-09T02:45:26.3046320Z   type: 'test'
2026-10-09T02:45:26.3046599Z   ...
2026-10-09T02:45:26.3047169Z # Subtest: kotlin corpus rejects wrong diagnostic source
2026-10-09T02:45:26.3047705Z ok 270 - kotlin corpus rejects wrong diagnostic source
2026-10-09T02:45:26.3047964Z   ---
2026-10-09T02:45:26.3048284Z   duration_ms: 2.343445
2026-10-09T02:45:26.3048578Z   type: 'test'
2026-10-09T02:45:26.3048847Z   ...
2026-10-09T02:45:26.3049363Z # Subtest: kotlin corpus rejects missing diagnostic
2026-10-09T02:45:26.3049866Z ok 271 - kotlin corpus rejects missing diagnostic
2026-10-09T02:45:26.3050131Z   ---
2026-10-09T02:45:26.3050448Z   duration_ms: 2.425578
2026-10-09T02:45:26.3050728Z   type: 'test'
2026-10-09T02:45:26.3050995Z   ...
2026-10-09T02:45:26.3051532Z # Subtest: kotlin corpus rejects wrong invalid source
2026-10-09T02:45:26.3052043Z ok 272 - kotlin corpus rejects wrong invalid source
2026-10-09T02:45:26.3052313Z   ---
2026-10-09T02:45:26.3052632Z   duration_ms: 2.33603
2026-10-09T02:45:26.3052929Z   type: 'test'
2026-10-09T02:45:26.3053209Z   ...
2026-10-09T02:45:26.3053786Z # Subtest: Kotlin corpus rejects wrong Kotlin compiler
2026-10-09T02:45:26.3054335Z ok 273 - Kotlin corpus rejects wrong Kotlin compiler
2026-10-09T02:45:26.3054608Z   ---
2026-10-09T02:45:26.3054926Z   duration_ms: 4.693562
2026-10-09T02:45:26.3055406Z   type: 'test'
2026-10-09T02:45:26.3055686Z   ...
2026-10-09T02:45:26.3056266Z # Subtest: Kotlin corpus rejects missing Kotlin compiler
2026-10-09T02:45:26.3056800Z ok 274 - Kotlin corpus rejects missing Kotlin compiler
2026-10-09T02:45:26.3057076Z   ---
2026-10-09T02:45:26.3057395Z   duration_ms: 2.749673
2026-10-09T02:45:26.3057673Z   type: 'test'
2026-10-09T02:45:26.3057934Z   ...
2026-10-09T02:45:26.3058506Z # Subtest: Kotlin corpus rejects changed standard library
2026-10-09T02:45:26.3059056Z ok 275 - Kotlin corpus rejects changed standard library
2026-10-09T02:45:26.3059320Z   ---
2026-10-09T02:45:26.3059632Z   duration_ms: 2.562964
2026-10-09T02:45:26.3059909Z   type: 'test'
2026-10-09T02:45:26.3060175Z   ...
2026-10-09T02:45:26.3060709Z # Subtest: Kotlin corpus rejects wrong Kotlin version
2026-10-09T02:45:26.3061221Z ok 276 - Kotlin corpus rejects wrong Kotlin version
2026-10-09T02:45:26.3061485Z   ---
2026-10-09T02:45:26.3061804Z   duration_ms: 1.333389
2026-10-09T02:45:26.3062080Z   type: 'test'
2026-10-09T02:45:26.3062788Z   ...
2026-10-09T02:45:26.3063721Z # Subtest: PHP corpus binds separate weak and strict public callers to the same fresh oracle
2026-10-09T02:45:26.3064584Z ok 277 - PHP corpus binds separate weak and strict public callers to the same fresh oracle
2026-10-09T02:45:26.3064855Z   ---
2026-10-09T02:45:26.3065391Z   duration_ms: 120.524874
2026-10-09T02:45:26.3065699Z   type: 'test'
2026-10-09T02:45:26.3065971Z   ...
2026-10-09T02:45:26.3066479Z # Subtest: PHP corpus rejects missing evidence
2026-10-09T02:45:26.3066948Z ok 278 - PHP corpus rejects missing evidence
2026-10-09T02:45:26.3067231Z   ---
2026-10-09T02:45:26.3067549Z   duration_ms: 4.57545
2026-10-09T02:45:26.3067826Z   type: 'test'
2026-10-09T02:45:26.3068088Z   ...
2026-10-09T02:45:26.3068578Z # Subtest: PHP corpus rejects unsupported PHP
2026-10-09T02:45:26.3069055Z ok 279 - PHP corpus rejects unsupported PHP
2026-10-09T02:45:26.3069315Z   ---
2026-10-09T02:45:26.3069636Z   duration_ms: 3.540018
2026-10-09T02:45:26.3069930Z   type: 'test'
2026-10-09T02:45:26.3070200Z   ...
2026-10-09T02:45:26.3070667Z # Subtest: PHP corpus rejects wrong Composer
2026-10-09T02:45:26.3071123Z ok 280 - PHP corpus rejects wrong Composer
2026-10-09T02:45:26.3071389Z   ---
2026-10-09T02:45:26.3071711Z   duration_ms: 7.085507
2026-10-09T02:45:26.3071983Z   type: 'test'
2026-10-09T02:45:26.3072250Z   ...
2026-10-09T02:45:26.3072712Z # Subtest: PHP corpus rejects unhashed host
2026-10-09T02:45:26.3073163Z ok 281 - PHP corpus rejects unhashed host
2026-10-09T02:45:26.3073422Z   ---
2026-10-09T02:45:26.3073742Z   duration_ms: 3.575785
2026-10-09T02:45:26.3074019Z   type: 'test'
2026-10-09T02:45:26.3074284Z   ...
2026-10-09T02:45:26.3074805Z # Subtest: PHP corpus rejects unidentified Composer
2026-10-09T02:45:26.3075514Z ok 282 - PHP corpus rejects unidentified Composer
2026-10-09T02:45:26.3075805Z   ---
2026-10-09T02:45:26.3076136Z   duration_ms: 5.237507
2026-10-09T02:45:26.3076412Z   type: 'test'
2026-10-09T02:45:26.3076678Z   ...
2026-10-09T02:45:26.3077189Z # Subtest: PHP corpus rejects project tool code
2026-10-09T02:45:26.3077669Z ok 283 - PHP corpus rejects project tool code
2026-10-09T02:45:26.3077933Z   ---
2026-10-09T02:45:26.3078250Z   duration_ms: 5.403647
2026-10-09T02:45:26.3078528Z   type: 'test'
2026-10-09T02:45:26.3078792Z   ...
2026-10-09T02:45:26.3079309Z # Subtest: PHP corpus rejects unbound Composer maps
2026-10-09T02:45:26.3079812Z ok 284 - PHP corpus rejects unbound Composer maps
2026-10-09T02:45:26.3080080Z   ---
2026-10-09T02:45:26.3080398Z   duration_ms: 5.440767
2026-10-09T02:45:26.3080670Z   type: 'test'
2026-10-09T02:45:26.3080933Z   ...
2026-10-09T02:45:26.3081545Z # Subtest: PHP corpus rejects unrelated Composer-loaded file
2026-10-09T02:45:26.3082126Z ok 285 - PHP corpus rejects unrelated Composer-loaded file
2026-10-09T02:45:26.3082396Z   ---
2026-10-09T02:45:26.3082715Z   duration_ms: 5.290476
2026-10-09T02:45:26.3082994Z   type: 'test'
2026-10-09T02:45:26.3083256Z   ...
2026-10-09T02:45:26.3083787Z # Subtest: PHP corpus rejects changed Composer map
2026-10-09T02:45:26.3084294Z ok 286 - PHP corpus rejects changed Composer map
2026-10-09T02:45:26.3084559Z   ---
2026-10-09T02:45:26.3084869Z   duration_ms: 8.382348
2026-10-09T02:45:26.3085333Z   type: 'test'
2026-10-09T02:45:26.3085625Z   ...
2026-10-09T02:45:26.3086094Z # Subtest: PHP corpus rejects unbound probe
2026-10-09T02:45:26.3086541Z ok 287 - PHP corpus rejects unbound probe
2026-10-09T02:45:26.3086827Z   ---
2026-10-09T02:45:26.3087139Z   duration_ms: 3.546391
2026-10-09T02:45:26.3087417Z   type: 'test'
2026-10-09T02:45:26.3087691Z   ...
2026-10-09T02:45:26.3088171Z # Subtest: PHP corpus rejects changed request
2026-10-09T02:45:26.3088623Z ok 288 - PHP corpus rejects changed request
2026-10-09T02:45:26.3088889Z   ---
2026-10-09T02:45:26.3089205Z   duration_ms: 4.373745
2026-10-09T02:45:26.3089484Z   type: 'test'
2026-10-09T02:45:26.3089744Z   ...
2026-10-09T02:45:26.3090218Z # Subtest: PHP corpus rejects changed source
2026-10-09T02:45:26.3090854Z ok 289 - PHP corpus rejects changed source
2026-10-09T02:45:26.3091288Z   ---
2026-10-09T02:45:26.3091608Z   duration_ms: 6.477972
2026-10-09T02:45:26.3091886Z   type: 'test'
2026-10-09T02:45:26.3092151Z   ...
2026-10-09T02:45:26.3092632Z # Subtest: PHP corpus rejects wrong binding IR
2026-10-09T02:45:26.3093099Z ok 290 - PHP corpus rejects wrong binding IR
2026-10-09T02:45:26.3093366Z   ---
2026-10-09T02:45:26.3093685Z   duration_ms: 4.339691
2026-10-09T02:45:26.3093955Z   type: 'test'
2026-10-09T02:45:26.3094218Z   ...
2026-10-09T02:45:26.3094677Z # Subtest: PHP corpus rejects wrong archive
2026-10-09T02:45:26.3095313Z ok 291 - PHP corpus rejects wrong archive
2026-10-09T02:45:26.3095605Z   ---
2026-10-09T02:45:26.3095927Z   duration_ms: 4.350762
2026-10-09T02:45:26.3096214Z   type: 'test'
2026-10-09T02:45:26.3096481Z   ...
2026-10-09T02:45:26.3096926Z # Subtest: PHP corpus rejects ambient INI
2026-10-09T02:45:26.3097367Z ok 292 - PHP corpus rejects ambient INI
2026-10-09T02:45:26.3097638Z   ---
2026-10-09T02:45:26.3098014Z   duration_ms: 5.200729
2026-10-09T02:45:26.3098286Z   type: 'test'
2026-10-09T02:45:26.3098556Z   ...
2026-10-09T02:45:26.3099079Z # Subtest: PHP corpus rejects runtime auto prepend
2026-10-09T02:45:26.3099580Z ok 293 - PHP corpus rejects runtime auto prepend
2026-10-09T02:45:26.3099841Z   ---
2026-10-09T02:45:26.3100162Z   duration_ms: 8.11038
2026-10-09T02:45:26.3100439Z   type: 'test'
2026-10-09T02:45:26.3100711Z   ...
2026-10-09T02:45:26.3101185Z # Subtest: PHP corpus rejects extra extension
2026-10-09T02:45:26.3101646Z ok 294 - PHP corpus rejects extra extension
2026-10-09T02:45:26.3101911Z   ---
2026-10-09T02:45:26.3102227Z   duration_ms: 5.173998
2026-10-09T02:45:26.3102499Z   type: 'test'
2026-10-09T02:45:26.3102767Z   ...
2026-10-09T02:45:26.3103243Z # Subtest: PHP corpus rejects unbound receipt
2026-10-09T02:45:26.3103701Z ok 295 - PHP corpus rejects unbound receipt
2026-10-09T02:45:26.3103959Z   ---
2026-10-09T02:45:26.3104281Z   duration_ms: 5.039437
2026-10-09T02:45:26.3104559Z   type: 'test'
2026-10-09T02:45:26.3104832Z   ...
2026-10-09T02:45:26.3105543Z # Subtest: PHP corpus rejects extra locked package
2026-10-09T02:45:26.3106054Z ok 296 - PHP corpus rejects extra locked package
2026-10-09T02:45:26.3106325Z   ---
2026-10-09T02:45:26.3106643Z   duration_ms: 4.786144
2026-10-09T02:45:26.3106920Z   type: 'test'
2026-10-09T02:45:26.3107185Z   ...
2026-10-09T02:45:26.3107752Z # Subtest: PHP corpus rejects changed integer dependency
2026-10-09T02:45:26.3108288Z ok 297 - PHP corpus rejects changed integer dependency
2026-10-09T02:45:26.3108564Z   ---
2026-10-09T02:45:26.3108880Z   duration_ms: 4.335624
2026-10-09T02:45:26.3109157Z   type: 'test'
2026-10-09T02:45:26.3109416Z   ...
2026-10-09T02:45:26.3109951Z # Subtest: PHP corpus rejects missing integer source
2026-10-09T02:45:26.3110462Z ok 298 - PHP corpus rejects missing integer source
2026-10-09T02:45:26.3110728Z   ---
2026-10-09T02:45:26.3111040Z   duration_ms: 4.699953
2026-10-09T02:45:26.3111316Z   type: 'test'
2026-10-09T02:45:26.3111577Z   ...
2026-10-09T02:45:26.3112113Z # Subtest: PHP corpus rejects changed integer source
2026-10-09T02:45:26.3112619Z ok 299 - PHP corpus rejects changed integer source
2026-10-09T02:45:26.3112886Z   ---
2026-10-09T02:45:26.3113203Z   duration_ms: 4.849472
2026-10-09T02:45:26.3113480Z   type: 'test'
2026-10-09T02:45:26.3113743Z   ...
2026-10-09T02:45:26.3114240Z # Subtest: PHP corpus rejects extra dev package
2026-10-09T02:45:26.3114713Z ok 300 - PHP corpus rejects extra dev package
2026-10-09T02:45:26.3114981Z   ---
2026-10-09T02:45:26.3115497Z   duration_ms: 9.616652
2026-10-09T02:45:26.3115782Z   type: 'test'
2026-10-09T02:45:26.3116060Z   ...
2026-10-09T02:45:26.3116601Z # Subtest: PHP corpus rejects wrong installed package
2026-10-09T02:45:26.3117113Z ok 301 - PHP corpus rejects wrong installed package
2026-10-09T02:45:26.3117378Z   ---
2026-10-09T02:45:26.3117694Z   duration_ms: 4.690055
2026-10-09T02:45:26.3117972Z   type: 'test'
2026-10-09T02:45:26.3118233Z   ...
2026-10-09T02:45:26.3118932Z # Subtest: PHP corpus rejects extra deployed payload
2026-10-09T02:45:26.3119592Z ok 302 - PHP corpus rejects extra deployed payload
2026-10-09T02:45:26.3119857Z   ---
2026-10-09T02:45:26.3120180Z   duration_ms: 5.363933
2026-10-09T02:45:26.3120458Z   type: 'test'
2026-10-09T02:45:26.3120722Z   ...
2026-10-09T02:45:26.3121170Z # Subtest: PHP corpus rejects changed API
2026-10-09T02:45:26.3121609Z ok 303 - PHP corpus rejects changed API
2026-10-09T02:45:26.3121879Z   ---
2026-10-09T02:45:26.3122193Z   duration_ms: 5.183937
2026-10-09T02:45:26.3122462Z   type: 'test'
2026-10-09T02:45:26.3122726Z   ...
2026-10-09T02:45:26.3123188Z # Subtest: PHP corpus rejects single caller
2026-10-09T02:45:26.3123639Z ok 304 - PHP corpus rejects single caller
2026-10-09T02:45:26.3123900Z   ---
2026-10-09T02:45:26.3124218Z   duration_ms: 5.173738
2026-10-09T02:45:26.3124495Z   type: 'test'
2026-10-09T02:45:26.3124840Z   ...
2026-10-09T02:45:26.3125547Z # Subtest: PHP corpus rejects mislabeled caller
2026-10-09T02:45:26.3126070Z ok 305 - PHP corpus rejects mislabeled caller
2026-10-09T02:45:26.3126346Z   ---
2026-10-09T02:45:26.3126663Z   duration_ms: 5.820455
2026-10-09T02:45:26.3126935Z   type: 'test'
2026-10-09T02:45:26.3127198Z   ...
2026-10-09T02:45:26.3127649Z # Subtest: PHP corpus rejects 32-bit host
2026-10-09T02:45:26.3128086Z ok 306 - PHP corpus rejects 32-bit host
2026-10-09T02:45:26.3128345Z   ---
2026-10-09T02:45:26.3128664Z   duration_ms: 5.477314
2026-10-09T02:45:26.3128939Z   type: 'test'
2026-10-09T02:45:26.3129206Z   ...
2026-10-09T02:45:26.3129674Z # Subtest: PHP corpus rejects threaded host
2026-10-09T02:45:26.3130124Z ok 307 - PHP corpus rejects threaded host
2026-10-09T02:45:26.3130388Z   ---
2026-10-09T02:45:26.3130699Z   duration_ms: 8.229883
2026-10-09T02:45:26.3130976Z   type: 'test'
2026-10-09T02:45:26.3131241Z   ...
2026-10-09T02:45:26.3131677Z # Subtest: PHP corpus rejects web SAPI
2026-10-09T02:45:26.3132090Z ok 308 - PHP corpus rejects web SAPI
2026-10-09T02:45:26.3132354Z   ---
2026-10-09T02:45:26.3132669Z   duration_ms: 5.52836
2026-10-09T02:45:26.3132959Z   type: 'test'
2026-10-09T02:45:26.3133223Z   ...
2026-10-09T02:45:26.3133713Z # Subtest: PHP corpus rejects retained records
2026-10-09T02:45:26.3134180Z ok 309 - PHP corpus rejects retained records
2026-10-09T02:45:26.3134444Z   ---
2026-10-09T02:45:26.3134755Z   duration_ms: 5.470081
2026-10-09T02:45:26.3135250Z   type: 'test'
2026-10-09T02:45:26.3135569Z   ...
2026-10-09T02:45:26.3135891Z # Subtest: PHP corpus rejects outside API
2026-10-09T02:45:26.3136925Z ok 310 - PHP corpus rejects outside API
2026-10-09T02:45:26.3137091Z   ---
2026-10-09T02:45:26.3137314Z   duration_ms: 5.797332
2026-10-09T02:45:26.3137481Z   type: 'test'
2026-10-09T02:45:26.3137629Z   ...
2026-10-09T02:45:26.3138054Z # Subtest: PHP corpus rejects missing native runtime
2026-10-09T02:45:26.3138444Z ok 311 - PHP corpus rejects missing native runtime
2026-10-09T02:45:26.3138582Z   ---
2026-10-09T02:45:26.3138751Z   duration_ms: 5.492863
2026-10-09T02:45:26.3138895Z   type: 'test'
2026-10-09T02:45:26.3139049Z   ...
2026-10-09T02:45:26.3139436Z # Subtest: PHP corpus rejects ambient PHP file
2026-10-09T02:45:26.3139764Z ok 312 - PHP corpus rejects ambient PHP file
2026-10-09T02:45:26.3139904Z   ---
2026-10-09T02:45:26.3140102Z   duration_ms: 7.99832
2026-10-09T02:45:26.3140245Z   type: 'test'
2026-10-09T02:45:26.3140382Z   ...
2026-10-09T02:45:26.3140820Z # Subtest: PHP corpus rejects strict calls in weak file
2026-10-09T02:45:26.3141229Z ok 313 - PHP corpus rejects strict calls in weak file
2026-10-09T02:45:26.3141368Z   ---
2026-10-09T02:45:26.3141557Z   duration_ms: 5.99946
2026-10-09T02:45:26.3141705Z   type: 'test'
2026-10-09T02:45:26.3141835Z   ...
2026-10-09T02:45:26.3142215Z # Subtest: PHP corpus rejects strict result drift
2026-10-09T02:45:26.3142579Z ok 314 - PHP corpus rejects strict result drift
2026-10-09T02:45:26.3142712Z   ---
2026-10-09T02:45:26.3142902Z   duration_ms: 5.644557
2026-10-09T02:45:26.3143049Z   type: 'test'
2026-10-09T02:45:26.3143186Z   ...
2026-10-09T02:45:26.3143951Z # Subtest: PHP corpus rejects missing strict error
2026-10-09T02:45:26.3144329Z ok 315 - PHP corpus rejects missing strict error
2026-10-09T02:45:26.3144466Z   ---
2026-10-09T02:45:26.3144648Z   duration_ms: 6.852101
2026-10-09T02:45:26.3144797Z   type: 'test'
2026-10-09T02:45:26.3144933Z   ...
2026-10-09T02:45:26.3145544Z # Subtest: PHP corpus rejects wrong error recovery
2026-10-09T02:45:26.3145925Z ok 316 - PHP corpus rejects wrong error recovery
2026-10-09T02:45:26.3146074Z   ---
2026-10-09T02:45:26.3146274Z   duration_ms: 6.504101
2026-10-09T02:45:26.3146416Z   type: 'test'
2026-10-09T02:45:26.3146552Z   ...
2026-10-09T02:45:26.3146949Z # Subtest: PHP corpus rejects wrong rejection stage
2026-10-09T02:45:26.3147322Z ok 317 - PHP corpus rejects wrong rejection stage
2026-10-09T02:45:26.3147532Z   ---
2026-10-09T02:45:26.3147720Z   duration_ms: 5.738301
2026-10-09T02:45:26.3147867Z   type: 'test'
2026-10-09T02:45:26.3147995Z   ...
2026-10-09T02:45:26.3148400Z # Subtest: PHP corpus rejects wrong rejection message
2026-10-09T02:45:26.3148792Z ok 318 - PHP corpus rejects wrong rejection message
2026-10-09T02:45:26.3148922Z   ---
2026-10-09T02:45:26.3149107Z   duration_ms: 3.451142
2026-10-09T02:45:26.3149255Z   type: 'test'
2026-10-09T02:45:26.3149392Z   ...
2026-10-09T02:45:26.3149761Z # Subtest: PHP corpus rejects wrong base recovery
2026-10-09T02:45:26.3150117Z ok 319 - PHP corpus rejects wrong base recovery
2026-10-09T02:45:26.3150252Z   ---
2026-10-09T02:45:26.3150431Z   duration_ms: 3.268321
2026-10-09T02:45:26.3150577Z   type: 'test'
2026-10-09T02:45:26.3150710Z   ...
2026-10-09T02:45:26.3151136Z # Subtest: PHP corpus rejects missing emptyComposerHome
2026-10-09T02:45:26.3151542Z ok 320 - PHP corpus rejects missing emptyComposerHome
2026-10-09T02:45:26.3151676Z   ---
2026-10-09T02:45:26.3151861Z   duration_ms: 3.47686
2026-10-09T02:45:26.3152001Z   type: 'test'
2026-10-09T02:45:26.3152136Z   ...
2026-10-09T02:45:26.3152507Z # Subtest: PHP corpus rejects missing emptyCache
2026-10-09T02:45:26.3152861Z ok 321 - PHP corpus rejects missing emptyCache
2026-10-09T02:45:26.3153001Z   ---
2026-10-09T02:45:26.3153186Z   duration_ms: 3.726446
2026-10-09T02:45:26.3153332Z   type: 'test'
2026-10-09T02:45:26.3153463Z   ...
2026-10-09T02:45:26.3175941Z # Subtest: PHP corpus rejects missing offline
2026-10-09T02:45:26.3176317Z ok 322 - PHP corpus rejects missing offline
2026-10-09T02:45:26.3176454Z   ---
2026-10-09T02:45:26.3176650Z   duration_ms: 3.395939
2026-10-09T02:45:26.3176804Z   type: 'test'
2026-10-09T02:45:26.3176937Z   ...
2026-10-09T02:45:26.3177348Z # Subtest: PHP corpus rejects missing lockedInstall
2026-10-09T02:45:26.3177736Z ok 323 - PHP corpus rejects missing lockedInstall
2026-10-09T02:45:26.3177875Z   ---
2026-10-09T02:45:26.3178066Z   duration_ms: 3.321932
2026-10-09T02:45:26.3178216Z   type: 'test'
2026-10-09T02:45:26.3178354Z   ...
2026-10-09T02:45:26.3178823Z # Subtest: PHP corpus rejects missing exactPublicSignatures
2026-10-09T02:45:26.3179269Z ok 324 - PHP corpus rejects missing exactPublicSignatures
2026-10-09T02:45:26.3179424Z   ---
2026-10-09T02:45:26.3179616Z   duration_ms: 3.550778
2026-10-09T02:45:26.3179759Z   type: 'test'
2026-10-09T02:45:26.3179896Z   ...
2026-10-09T02:45:26.3180297Z # Subtest: PHP corpus rejects missing publicApiOnly
2026-10-09T02:45:26.3180667Z ok 325 - PHP corpus rejects missing publicApiOnly
2026-10-09T02:45:26.3180808Z   ---
2026-10-09T02:45:26.3180996Z   duration_ms: 3.435333
2026-10-09T02:45:26.3181139Z   type: 'test'
2026-10-09T02:45:26.3181276Z   ...
2026-10-09T02:45:26.3181644Z # Subtest: PHP corpus rejects missing relocated
2026-10-09T02:45:26.3181994Z ok 326 - PHP corpus rejects missing relocated
2026-10-09T02:45:26.3182129Z   ---
2026-10-09T02:45:26.3182320Z   duration_ms: 5.789707
2026-10-09T02:45:26.3182471Z   type: 'test'
2026-10-09T02:45:26.3182606Z   ...
2026-10-09T02:45:26.3183075Z # Subtest: PHP corpus rejects missing compilerFreeExecution
2026-10-09T02:45:26.3183517Z ok 327 - PHP corpus rejects missing compilerFreeExecution
2026-10-09T02:45:26.3183656Z   ---
2026-10-09T02:45:26.3184181Z   duration_ms: 3.44433
2026-10-09T02:45:26.3184340Z   type: 'test'
2026-10-09T02:45:26.3184483Z   ...
2026-10-09T02:45:26.3184977Z # Subtest: PHP corpus rejects missing runtimeOverridesDisabled
2026-10-09T02:45:26.3215770Z ok 328 - PHP corpus rejects missing runtimeOverridesDisabled
2026-10-09T02:45:26.3215927Z   ---
2026-10-09T02:45:26.3216130Z   duration_ms: 3.530139
2026-10-09T02:45:26.3216276Z   type: 'test'
2026-10-09T02:45:26.3216414Z   ...
2026-10-09T02:45:26.3216802Z # Subtest: PHP corpus rejects missing iniDisabled
2026-10-09T02:45:26.3217164Z ok 329 - PHP corpus rejects missing iniDisabled
2026-10-09T02:45:26.3217302Z   ---
2026-10-09T02:45:26.3217495Z   duration_ms: 3.627211
2026-10-09T02:45:26.3217638Z   type: 'test'
2026-10-09T02:45:26.3217777Z   ...
2026-10-09T02:45:26.3218193Z # Subtest: PHP corpus rejects missing repeatExecution
2026-10-09T02:45:26.3218583Z ok 330 - PHP corpus rejects missing repeatExecution
2026-10-09T02:45:26.3218716Z   ---
2026-10-09T02:45:26.3218920Z   duration_ms: 3.393315
2026-10-09T02:45:26.3219069Z   type: 'test'
2026-10-09T02:45:26.3219198Z   ...
2026-10-09T02:45:26.3219647Z # Subtest: PHP corpus rejects missing unchangedDeployment
2026-10-09T02:45:26.3220068Z ok 331 - PHP corpus rejects missing unchangedDeployment
2026-10-09T02:45:26.3220209Z   ---
2026-10-09T02:45:26.3220393Z   duration_ms: 3.38031
2026-10-09T02:45:26.3220553Z   type: 'test'
2026-10-09T02:45:26.3220669Z   ...
2026-10-09T02:45:26.3220909Z # Subtest: PHP corpus rejects missing localLibraries
2026-10-09T02:45:26.3221147Z ok 332 - PHP corpus rejects missing localLibraries
2026-10-09T02:45:26.3221229Z   ---
2026-10-09T02:45:26.3221344Z   duration_ms: 3.382124
2026-10-09T02:45:26.3221432Z   type: 'test'
2026-10-09T02:45:26.3221512Z   ...
2026-10-09T02:45:26.3221828Z # Subtest: native PHP corpus accepts the PHP 8.4 boolean NTS constant
2026-10-09T02:45:26.3222116Z ok 333 - native PHP corpus accepts the PHP 8.4 boolean NTS constant
2026-10-09T02:45:26.3222196Z   ---
2026-10-09T02:45:26.3222322Z   duration_ms: 119.913713
2026-10-09T02:45:26.3222404Z   type: 'test'
2026-10-09T02:45:26.3222485Z   ...
2026-10-09T02:45:26.3222862Z # Subtest: PHP-Wasm corpus requires all installed loading routes and 32-bit callers
2026-10-09T02:45:26.3223214Z ok 334 - PHP-Wasm corpus requires all installed loading routes and 32-bit callers
2026-10-09T02:45:26.3223293Z   ---
2026-10-09T02:45:26.3223409Z   duration_ms: 144.064958
2026-10-09T02:45:26.3223495Z   type: 'test'
2026-10-09T02:45:26.3223581Z   ...
2026-10-09T02:45:26.3223807Z # Subtest: PHP-Wasm corpus rejects missing evidence
2026-10-09T02:45:26.3224015Z ok 335 - PHP-Wasm corpus rejects missing evidence
2026-10-09T02:45:26.3224094Z   ---
2026-10-09T02:45:26.3224197Z   duration_ms: 6.36949
2026-10-09T02:45:26.3224283Z   type: 'test'
2026-10-09T02:45:26.3224364Z   ...
2026-10-09T02:45:26.3224610Z # Subtest: PHP-Wasm corpus rejects missing runtime archive
2026-10-09T02:45:26.3224888Z ok 336 - PHP-Wasm corpus rejects missing runtime archive
2026-10-09T02:45:26.3224976Z   ---
2026-10-09T02:45:26.3225404Z   duration_ms: 13.880569
2026-10-09T02:45:26.3225563Z   type: 'test'
2026-10-09T02:45:26.3225698Z   ...
2026-10-09T02:45:26.3226140Z # Subtest: PHP-Wasm corpus rejects wrong Composer archive
2026-10-09T02:45:26.3226573Z ok 337 - PHP-Wasm corpus rejects wrong Composer archive
2026-10-09T02:45:26.3226716Z   ---
2026-10-09T02:45:26.3226904Z   duration_ms: 8.952792
2026-10-09T02:45:26.3227045Z   type: 'test'
2026-10-09T02:45:26.3227177Z   ...
2026-10-09T02:45:26.3227619Z # Subtest: PHP-Wasm corpus rejects wrong runtime identity
2026-10-09T02:45:26.3228037Z ok 338 - PHP-Wasm corpus rejects wrong runtime identity
2026-10-09T02:45:26.3228165Z   ---
2026-10-09T02:45:26.3228353Z   duration_ms: 8.483446
2026-10-09T02:45:26.3228500Z   type: 'test'
2026-10-09T02:45:26.3228628Z   ...
2026-10-09T02:45:26.3229010Z # Subtest: PHP-Wasm corpus rejects wrong PHP host
2026-10-09T02:45:26.3229372Z ok 339 - PHP-Wasm corpus rejects wrong PHP host
2026-10-09T02:45:26.3229506Z   ---
2026-10-09T02:45:26.3230018Z   duration_ms: 7.883316
2026-10-09T02:45:26.3230170Z   type: 'test'
2026-10-09T02:45:26.3230307Z   ...
2026-10-09T02:45:26.3230758Z # Subtest: PHP-Wasm corpus rejects unidentified host files
2026-10-09T02:45:26.3231188Z ok 340 - PHP-Wasm corpus rejects unidentified host files
2026-10-09T02:45:26.3231320Z   ---
2026-10-09T02:45:26.3231497Z   duration_ms: 8.250821
2026-10-09T02:45:26.3231641Z   type: 'test'
2026-10-09T02:45:26.3231774Z   ...
2026-10-09T02:45:26.3232139Z # Subtest: PHP-Wasm corpus rejects changed host
2026-10-09T02:45:26.3232482Z ok 341 - PHP-Wasm corpus rejects changed host
2026-10-09T02:45:26.3232615Z   ---
2026-10-09T02:45:26.3232800Z   duration_ms: 9.927436
2026-10-09T02:45:26.3232939Z   type: 'test'
2026-10-09T02:45:26.3233073Z   ...
2026-10-09T02:45:26.3233458Z # Subtest: PHP-Wasm corpus rejects wrong word size
2026-10-09T02:45:26.3233822Z ok 342 - PHP-Wasm corpus rejects wrong word size
2026-10-09T02:45:26.3233951Z   ---
2026-10-09T02:45:26.3234146Z   duration_ms: 16.530127
2026-10-09T02:45:26.3234295Z   type: 'test'
2026-10-09T02:45:26.3234422Z   ...
2026-10-09T02:45:26.3234780Z # Subtest: PHP-Wasm corpus rejects native SAPI
2026-10-09T02:45:26.3235291Z ok 343 - PHP-Wasm corpus rejects native SAPI
2026-10-09T02:45:26.3235427Z   ---
2026-10-09T02:45:26.3235617Z   duration_ms: 18.344263
2026-10-09T02:45:26.3235763Z   type: 'test'
2026-10-09T02:45:26.3235898Z   ...
2026-10-09T02:45:26.3236297Z # Subtest: PHP-Wasm corpus rejects wrong PHP version
2026-10-09T02:45:26.3236673Z ok 344 - PHP-Wasm corpus rejects wrong PHP version
2026-10-09T02:45:26.3236808Z   ---
2026-10-09T02:45:26.3236987Z   duration_ms: 5.138392
2026-10-09T02:45:26.3237130Z   type: 'test'
2026-10-09T02:45:26.3237262Z   ...
2026-10-09T02:45:26.3237633Z # Subtest: PHP-Wasm corpus rejects threaded host
2026-10-09T02:45:26.3237978Z ok 345 - PHP-Wasm corpus rejects threaded host
2026-10-09T02:45:26.3238111Z   ---
2026-10-09T02:45:26.3238295Z   duration_ms: 15.806256
2026-10-09T02:45:26.3238433Z   type: 'test'
2026-10-09T02:45:26.3238576Z   ...
2026-10-09T02:45:26.3238953Z # Subtest: PHP-Wasm corpus rejects retained record
2026-10-09T02:45:26.3239307Z ok 346 - PHP-Wasm corpus rejects retained record
2026-10-09T02:45:26.3239441Z   ---
2026-10-09T02:45:26.3239628Z   duration_ms: 18.088666
2026-10-09T02:45:26.3239772Z   type: 'test'
2026-10-09T02:45:26.3239899Z   ...
2026-10-09T02:45:26.3240304Z # Subtest: PHP-Wasm corpus rejects wrong API location
2026-10-09T02:45:26.3240688Z ok 347 - PHP-Wasm corpus rejects wrong API location
2026-10-09T02:45:26.3240816Z   ---
2026-10-09T02:45:26.3241002Z   duration_ms: 19.880301
2026-10-09T02:45:26.3241149Z   type: 'test'
2026-10-09T02:45:26.3241284Z   ...
2026-10-09T02:45:26.3241762Z # Subtest: PHP-Wasm corpus rejects foreign PHP include
2026-10-09T02:45:26.3242158Z ok 348 - PHP-Wasm corpus rejects foreign PHP include
2026-10-09T02:45:26.3242290Z   ---
2026-10-09T02:45:26.3242469Z   duration_ms: 17.118302
2026-10-09T02:45:26.3242614Z   type: 'test'
2026-10-09T02:45:26.3242752Z   ...
2026-10-09T02:45:26.3243125Z # Subtest: PHP-Wasm corpus rejects changed caller
2026-10-09T02:45:26.3243481Z ok 349 - PHP-Wasm corpus rejects changed caller
2026-10-09T02:45:26.3243614Z   ---
2026-10-09T02:45:26.3243798Z   duration_ms: 10.540906
2026-10-09T02:45:26.3243935Z   type: 'test'
2026-10-09T02:45:26.3244068Z   ...
2026-10-09T02:45:26.3244447Z # Subtest: PHP-Wasm corpus rejects changed request
2026-10-09T02:45:26.3244800Z ok 350 - PHP-Wasm corpus rejects changed request
2026-10-09T02:45:26.3244934Z   ---
2026-10-09T02:45:26.3245289Z   duration_ms: 12.117469
2026-10-09T02:45:26.3245448Z   type: 'test'
2026-10-09T02:45:26.3245576Z   ...
2026-10-09T02:45:26.3245944Z # Subtest: PHP-Wasm corpus rejects missing route
2026-10-09T02:45:26.3246302Z ok 351 - PHP-Wasm corpus rejects missing route
2026-10-09T02:45:26.3246432Z   ---
2026-10-09T02:45:26.3246617Z   duration_ms: 13.303925
2026-10-09T02:45:26.3246760Z   type: 'test'
2026-10-09T02:45:26.3246889Z   ...
2026-10-09T02:45:26.3247456Z # Subtest: PHP-Wasm corpus rejects duplicate route
2026-10-09T02:45:26.3248019Z ok 352 - PHP-Wasm corpus rejects duplicate route
2026-10-09T02:45:26.3248154Z   ---
2026-10-09T02:45:26.3248332Z   duration_ms: 16.03354
2026-10-09T02:45:26.3248475Z   type: 'test'
2026-10-09T02:45:26.3248608Z   ...
2026-10-09T02:45:26.3248995Z # Subtest: PHP-Wasm corpus rejects wrong caller mode
2026-10-09T02:45:26.3249369Z ok 353 - PHP-Wasm corpus rejects wrong caller mode
2026-10-09T02:45:26.3249503Z   ---
2026-10-09T02:45:26.3249686Z   duration_ms: 9.970322
2026-10-09T02:45:26.3249825Z   type: 'test'
2026-10-09T02:45:26.3249957Z   ...
2026-10-09T02:45:26.3250343Z # Subtest: PHP-Wasm corpus rejects cold eager fetch
2026-10-09T02:45:26.3250701Z ok 354 - PHP-Wasm corpus rejects cold eager fetch
2026-10-09T02:45:26.3250834Z   ---
2026-10-09T02:45:26.3251017Z   duration_ms: 9.906352
2026-10-09T02:45:26.3251154Z   type: 'test'
2026-10-09T02:45:26.3251290Z   ...
2026-10-09T02:45:26.3251699Z # Subtest: PHP-Wasm corpus rejects invalid input fetch
2026-10-09T02:45:26.3252098Z ok 355 - PHP-Wasm corpus rejects invalid input fetch
2026-10-09T02:45:26.3252225Z   ---
2026-10-09T02:45:26.3252411Z   duration_ms: 12.137587
2026-10-09T02:45:26.3252554Z   type: 'test'
2026-10-09T02:45:26.3252680Z   ...
2026-10-09T02:45:26.3253110Z # Subtest: PHP-Wasm corpus rejects missing library fetch
2026-10-09T02:45:26.3253515Z ok 356 - PHP-Wasm corpus rejects missing library fetch
2026-10-09T02:45:26.3253648Z   ---
2026-10-09T02:45:26.3253825Z   duration_ms: 9.166922
2026-10-09T02:45:26.3253969Z   type: 'test'
2026-10-09T02:45:26.3254101Z   ...
2026-10-09T02:45:26.3275689Z # Subtest: PHP-Wasm corpus rejects wrong browser result
2026-10-09T02:45:26.3276428Z ok 357 - PHP-Wasm corpus rejects wrong browser result
2026-10-09T02:45:26.3276666Z   ---
2026-10-09T02:45:26.3277048Z   duration_ms: 11.765552
2026-10-09T02:45:26.3277366Z   type: 'test'
2026-10-09T02:45:26.3277588Z   ...
2026-10-09T02:45:26.3278459Z # Subtest: PHP-Wasm corpus rejects missing browser asset
2026-10-09T02:45:26.3279222Z ok 358 - PHP-Wasm corpus rejects missing browser asset
2026-10-09T02:45:26.3279526Z   ---
2026-10-09T02:45:26.3279803Z   duration_ms: 14.275548
2026-10-09T02:45:26.3280112Z   type: 'test'
2026-10-09T02:45:26.3280328Z   ...
2026-10-09T02:45:26.3281206Z # Subtest: PHP-Wasm corpus rejects unbound browser request
2026-10-09T02:45:26.3281639Z ok 359 - PHP-Wasm corpus rejects unbound browser request
2026-10-09T02:45:26.3281859Z   ---
2026-10-09T02:45:26.3282056Z   duration_ms: 12.969761
2026-10-09T02:45:26.3282207Z   type: 'test'
2026-10-09T02:45:26.3282415Z   ...
2026-10-09T02:45:26.3282952Z # Subtest: PHP-Wasm corpus rejects external browser asset
2026-10-09T02:45:26.3283541Z ok 360 - PHP-Wasm corpus rejects external browser asset
2026-10-09T02:45:26.3283763Z   ---
2026-10-09T02:45:26.3283949Z   duration_ms: 13.664518
2026-10-09T02:45:26.3284178Z   type: 'test'
2026-10-09T02:45:26.3284316Z   ...
2026-10-09T02:45:26.3284964Z # Subtest: PHP-Wasm corpus rejects missing supplemental error
2026-10-09T02:45:26.3285704Z ok 361 - PHP-Wasm corpus rejects missing supplemental error
2026-10-09T02:45:26.3285856Z   ---
2026-10-09T02:45:26.3286216Z   duration_ms: 11.53383
2026-10-09T02:45:26.3286367Z   type: 'test'
2026-10-09T02:45:26.3286584Z   ...
2026-10-09T02:45:26.3287242Z # Subtest: PHP-Wasm corpus rejects wrong supplemental recovery
2026-10-09T02:45:26.3287864Z ok 362 - PHP-Wasm corpus rejects wrong supplemental recovery
2026-10-09T02:45:26.3288088Z   ---
2026-10-09T02:45:26.3288279Z   duration_ms: 11.968532
2026-10-09T02:45:26.3288501Z   type: 'test'
2026-10-09T02:45:26.3288641Z   ...
2026-10-09T02:45:26.3289255Z # Subtest: PHP-Wasm corpus rejects wrong primary recovery
2026-10-09T02:45:26.3289836Z ok 363 - PHP-Wasm corpus rejects wrong primary recovery
2026-10-09T02:45:26.3290055Z   ---
2026-10-09T02:45:26.3290244Z   duration_ms: 8.468137
2026-10-09T02:45:26.3290476Z   type: 'test'
2026-10-09T02:45:26.3290607Z   ...
2026-10-09T02:45:26.3291208Z # Subtest: PHP-Wasm corpus rejects wrong rejection stage
2026-10-09T02:45:26.3292227Z ok 364 - PHP-Wasm corpus rejects wrong rejection stage
2026-10-09T02:45:26.3292374Z   ---
2026-10-09T02:45:26.3292650Z   duration_ms: 5.843919
2026-10-09T02:45:26.3292801Z   type: 'test'
2026-10-09T02:45:26.3292933Z   ...
2026-10-09T02:45:26.3293492Z # Subtest: PHP-Wasm corpus rejects unbound npm lock
2026-10-09T02:45:26.3293952Z ok 365 - PHP-Wasm corpus rejects unbound npm lock
2026-10-09T02:45:26.3294171Z   ---
2026-10-09T02:45:26.3294436Z   duration_ms: 8.571089
2026-10-09T02:45:26.3294666Z   type: 'test'
2026-10-09T02:45:26.3294803Z   ...
2026-10-09T02:45:26.3295577Z # Subtest: PHP-Wasm corpus rejects unbound Composer lock
2026-10-09T02:45:26.3295992Z ok 366 - PHP-Wasm corpus rejects unbound Composer lock
2026-10-09T02:45:26.3296127Z   ---
2026-10-09T02:45:26.3296431Z   duration_ms: 8.614821
2026-10-09T02:45:26.3296574Z   type: 'test'
2026-10-09T02:45:26.3296710Z   ...
2026-10-09T02:45:26.3297516Z # Subtest: PHP-Wasm corpus rejects changed integer dependency
2026-10-09T02:45:26.3297992Z ok 367 - PHP-Wasm corpus rejects changed integer dependency
2026-10-09T02:45:26.3298124Z   ---
2026-10-09T02:45:26.3298317Z   duration_ms: 16.781027
2026-10-09T02:45:26.3298463Z   type: 'test'
2026-10-09T02:45:26.3298591Z   ...
2026-10-09T02:45:26.3299039Z # Subtest: PHP-Wasm corpus rejects missing integer source
2026-10-09T02:45:26.3299461Z ok 368 - PHP-Wasm corpus rejects missing integer source
2026-10-09T02:45:26.3299595Z   ---
2026-10-09T02:45:26.3299782Z   duration_ms: 10.82673
2026-10-09T02:45:26.3299929Z   type: 'test'
2026-10-09T02:45:26.3300063Z   ...
2026-10-09T02:45:26.3300573Z # Subtest: PHP-Wasm corpus rejects changed bundled integer source
2026-10-09T02:45:26.3301053Z ok 369 - PHP-Wasm corpus rejects changed bundled integer source
2026-10-09T02:45:26.3301187Z   ---
2026-10-09T02:45:26.3301373Z   duration_ms: 6.390099
2026-10-09T02:45:26.3301512Z   type: 'test'
2026-10-09T02:45:26.3301645Z   ...
2026-10-09T02:45:26.3302116Z # Subtest: PHP-Wasm corpus rejects missing bundled bootstrap
2026-10-09T02:45:26.3302563Z ok 370 - PHP-Wasm corpus rejects missing bundled bootstrap
2026-10-09T02:45:26.3302701Z   ---
2026-10-09T02:45:26.3302887Z   duration_ms: 10.008623
2026-10-09T02:45:26.3303026Z   type: 'test'
2026-10-09T02:45:26.3303159Z   ...
2026-10-09T02:45:26.3303653Z # Subtest: PHP-Wasm corpus rejects missing loaded integer class
2026-10-09T02:45:26.3304120Z ok 371 - PHP-Wasm corpus rejects missing loaded integer class
2026-10-09T02:45:26.3304250Z   ---
2026-10-09T02:45:26.3304441Z   duration_ms: 9.418351
2026-10-09T02:45:26.3304586Z   type: 'test'
2026-10-09T02:45:26.3304713Z   ...
2026-10-09T02:45:26.3305336Z # Subtest: PHP-Wasm corpus rejects unidentified Composer
2026-10-09T02:45:26.3305757Z ok 372 - PHP-Wasm corpus rejects unidentified Composer
2026-10-09T02:45:26.3305891Z   ---
2026-10-09T02:45:26.3306076Z   duration_ms: 14.077479
2026-10-09T02:45:26.3306222Z   type: 'test'
2026-10-09T02:45:26.3306356Z   ...
2026-10-09T02:45:26.3306803Z # Subtest: PHP-Wasm corpus rejects ambient Composer plugin
2026-10-09T02:45:26.3307237Z ok 373 - PHP-Wasm corpus rejects ambient Composer plugin
2026-10-09T02:45:26.3307370Z   ---
2026-10-09T02:45:26.3307550Z   duration_ms: 10.5857
2026-10-09T02:45:26.3307696Z   type: 'test'
2026-10-09T02:45:26.3307831Z   ...
2026-10-09T02:45:26.3308258Z # Subtest: PHP-Wasm corpus rejects ambient PHP extension
2026-10-09T02:45:26.3308657Z ok 374 - PHP-Wasm corpus rejects ambient PHP extension
2026-10-09T02:45:26.3308791Z   ---
2026-10-09T02:45:26.3308980Z   duration_ms: 9.161713
2026-10-09T02:45:26.3309119Z   type: 'test'
2026-10-09T02:45:26.3309255Z   ...
2026-10-09T02:45:26.3309710Z # Subtest: PHP-Wasm corpus rejects unbound compiled receipt
2026-10-09T02:45:26.3310137Z ok 375 - PHP-Wasm corpus rejects unbound compiled receipt
2026-10-09T02:45:26.3310265Z   ---
2026-10-09T02:45:26.3310449Z   duration_ms: 6.566497
2026-10-09T02:45:26.3310593Z   type: 'test'
2026-10-09T02:45:26.3310719Z   ...
2026-10-09T02:45:26.3311141Z # Subtest: PHP-Wasm corpus rejects unbound declarations
2026-10-09T02:45:26.3311833Z ok 376 - PHP-Wasm corpus rejects unbound declarations
2026-10-09T02:45:26.3311973Z   ---
2026-10-09T02:45:26.3312152Z   duration_ms: 6.500675
2026-10-09T02:45:26.3312297Z   type: 'test'
2026-10-09T02:45:26.3312430Z   ...
2026-10-09T02:45:26.3312921Z # Subtest: PHP-Wasm corpus rejects wrong pending type rejection
2026-10-09T02:45:26.3313383Z ok 377 - PHP-Wasm corpus rejects wrong pending type rejection
2026-10-09T02:45:26.3313518Z   ---
2026-10-09T02:45:26.3313702Z   duration_ms: 15.972285
2026-10-09T02:45:26.3313846Z   type: 'test'
2026-10-09T02:45:26.3313980Z   ...
2026-10-09T02:45:26.3314418Z # Subtest: PHP-Wasm corpus rejects missing offlineInstall
2026-10-09T02:45:26.3314826Z ok 378 - PHP-Wasm corpus rejects missing offlineInstall
2026-10-09T02:45:26.3314961Z   ---
2026-10-09T02:45:26.3315600Z   duration_ms: 5.665396
2026-10-09T02:45:26.3315756Z   type: 'test'
2026-10-09T02:45:26.3315894Z   ...
2026-10-09T02:45:26.3316321Z # Subtest: PHP-Wasm corpus rejects missing emptyCaches
2026-10-09T02:45:26.3316735Z ok 379 - PHP-Wasm corpus rejects missing emptyCaches
2026-10-09T02:45:26.3316864Z   ---
2026-10-09T02:45:26.3317051Z   duration_ms: 5.538359
2026-10-09T02:45:26.3317196Z   type: 'test'
2026-10-09T02:45:26.3317325Z   ...
2026-10-09T02:45:26.3317758Z # Subtest: PHP-Wasm corpus rejects missing lockedInstall
2026-10-09T02:45:26.3318159Z ok 380 - PHP-Wasm corpus rejects missing lockedInstall
2026-10-09T02:45:26.3318288Z   ---
2026-10-09T02:45:26.3318472Z   duration_ms: 5.498635
2026-10-09T02:45:26.3318617Z   type: 'test'
2026-10-09T02:45:26.3318749Z   ...
2026-10-09T02:45:26.3319140Z # Subtest: PHP-Wasm corpus rejects missing relocated
2026-10-09T02:45:26.3319521Z ok 381 - PHP-Wasm corpus rejects missing relocated
2026-10-09T02:45:26.3319655Z   ---
2026-10-09T02:45:26.3319836Z   duration_ms: 8.052231
2026-10-09T02:45:26.3319981Z   type: 'test'
2026-10-09T02:45:26.3320113Z   ...
2026-10-09T02:45:26.3320544Z # Subtest: PHP-Wasm corpus rejects missing publicApiOnly
2026-10-09T02:45:26.3320956Z ok 382 - PHP-Wasm corpus rejects missing publicApiOnly
2026-10-09T02:45:26.3321092Z   ---
2026-10-09T02:45:26.3321277Z   duration_ms: 5.669613
2026-10-09T02:45:26.3321416Z   type: 'test'
2026-10-09T02:45:26.3321549Z   ...
2026-10-09T02:45:26.3321995Z # Subtest: PHP-Wasm corpus rejects missing repeatExecution
2026-10-09T02:45:26.3322417Z ok 383 - PHP-Wasm corpus rejects missing repeatExecution
2026-10-09T02:45:26.3322546Z   ---
2026-10-09T02:45:26.3322731Z   duration_ms: 5.456636
2026-10-09T02:45:26.3322876Z   type: 'test'
2026-10-09T02:45:26.3323022Z   ...
2026-10-09T02:45:26.3323513Z # Subtest: PHP-Wasm corpus rejects missing unchangedDeployment
2026-10-09T02:45:26.3323978Z ok 384 - PHP-Wasm corpus rejects missing unchangedDeployment
2026-10-09T02:45:26.3324106Z   ---
2026-10-09T02:45:26.3324295Z   duration_ms: 5.361469
2026-10-09T02:45:26.3324443Z   type: 'test'
2026-10-09T02:45:26.3324579Z   ...
2026-10-09T02:45:26.3325357Z # Subtest: PHP-Wasm corpus rejects missing compilerFreeExecution
2026-10-09T02:45:26.3325867Z ok 385 - PHP-Wasm corpus rejects missing compilerFreeExecution
2026-10-09T02:45:26.3326007Z   ---
2026-10-09T02:45:26.3326189Z   duration_ms: 5.363773
2026-10-09T02:45:26.3326337Z   type: 'test'
2026-10-09T02:45:26.3326474Z   ...
2026-10-09T02:45:26.3327220Z # Subtest: WIT corpus distinguishes public calls, typed-field range failures and recovery
2026-10-09T02:45:26.3327912Z ok 386 - WIT corpus distinguishes public calls, typed-field range failures and recovery
2026-10-09T02:45:26.3328047Z   ---
2026-10-09T02:45:26.3328246Z   duration_ms: 134.921509
2026-10-09T02:45:26.3328387Z   type: 'test'
2026-10-09T02:45:26.3328527Z   ...
2026-10-09T02:45:26.3328888Z # Subtest: WIT corpus rejects missing evidence
2026-10-09T02:45:26.3329226Z ok 387 - WIT corpus rejects missing evidence
2026-10-09T02:45:26.3329354Z   ---
2026-10-09T02:45:26.3329544Z   duration_ms: 3.31601
2026-10-09T02:45:26.3329696Z   type: 'test'
2026-10-09T02:45:26.3329824Z   ...
2026-10-09T02:45:26.3330384Z # Subtest: WIT corpus rejects wrong Wasmtime version
2026-10-09T02:45:26.3330891Z ok 388 - WIT corpus rejects wrong Wasmtime version
2026-10-09T02:45:26.3331022Z   ---
2026-10-09T02:45:26.3331215Z   duration_ms: 2.529051
2026-10-09T02:45:26.3331361Z   type: 'test'
2026-10-09T02:45:26.3331499Z   ...
2026-10-09T02:45:26.3331901Z # Subtest: WIT corpus rejects missing package receipt
2026-10-09T02:45:26.3332283Z ok 389 - WIT corpus rejects missing package receipt
2026-10-09T02:45:26.3332417Z   ---
2026-10-09T02:45:26.3332598Z   duration_ms: 4.227671
2026-10-09T02:45:26.3332746Z   type: 'test'
2026-10-09T02:45:26.3332881Z   ...
2026-10-09T02:45:26.3333304Z # Subtest: WIT corpus rejects different package receipt
2026-10-09T02:45:26.3333759Z ok 390 - WIT corpus rejects different package receipt
2026-10-09T02:45:26.3334025Z   ---
2026-10-09T02:45:26.3334288Z   duration_ms: 8.490669
2026-10-09T02:45:26.3334470Z   type: 'test'
2026-10-09T02:45:26.3334802Z   ...
2026-10-09T02:45:26.3351906Z # Subtest: WIT corpus rejects different archive
2026-10-09T02:45:26.3352351Z ok 391 - WIT corpus rejects different archive
2026-10-09T02:45:26.3352496Z   ---
2026-10-09T02:45:26.3352701Z   duration_ms: 6.292937
2026-10-09T02:45:26.3352859Z   type: 'test'
2026-10-09T02:45:26.3352994Z   ...
2026-10-09T02:45:26.3353380Z # Subtest: WIT corpus rejects different compiler
2026-10-09T02:45:26.3353745Z ok 392 - WIT corpus rejects different compiler
2026-10-09T02:45:26.3353882Z   ---
2026-10-09T02:45:26.3354069Z   duration_ms: 4.50034
2026-10-09T02:45:26.3354218Z   type: 'test'
2026-10-09T02:45:26.3354352Z   ...
2026-10-09T02:45:26.3354840Z # Subtest: WIT corpus rejects disabled conversion diagnostics
2026-10-09T02:45:26.3355626Z ok 393 - WIT corpus rejects disabled conversion diagnostics
2026-10-09T02:45:26.3355794Z   ---
2026-10-09T02:45:26.3355991Z   duration_ms: 7.662243
2026-10-09T02:45:26.3356139Z   type: 'test'
2026-10-09T02:45:26.3356280Z   ...
2026-10-09T02:45:26.3356668Z # Subtest: WIT corpus rejects disabled assertions
2026-10-09T02:45:26.3357030Z ok 394 - WIT corpus rejects disabled assertions
2026-10-09T02:45:26.3357180Z   ---
2026-10-09T02:45:26.3357370Z   duration_ms: 5.177585
2026-10-09T02:45:26.3357519Z   type: 'test'
2026-10-09T02:45:26.3357647Z   ...
2026-10-09T02:45:26.3358009Z # Subtest: WIT corpus rejects different caller
2026-10-09T02:45:26.3358350Z ok 395 - WIT corpus rejects different caller
2026-10-09T02:45:26.3358479Z   ---
2026-10-09T02:45:26.3358668Z   duration_ms: 4.174723
2026-10-09T02:45:26.3358814Z   type: 'test'
2026-10-09T02:45:26.3358941Z   ...
2026-10-09T02:45:26.3359387Z # Subtest: WIT corpus rejects missing executable identity
2026-10-09T02:45:26.3359808Z ok 396 - WIT corpus rejects missing executable identity
2026-10-09T02:45:26.3359948Z   ---
2026-10-09T02:45:26.3360129Z   duration_ms: 2.636782
2026-10-09T02:45:26.3360274Z   type: 'test'
2026-10-09T02:45:26.3360409Z   ...
2026-10-09T02:45:26.3360788Z # Subtest: WIT corpus rejects different wasm-tools
2026-10-09T02:45:26.3361157Z ok 397 - WIT corpus rejects different wasm-tools
2026-10-09T02:45:26.3361303Z   ---
2026-10-09T02:45:26.3361487Z   duration_ms: 5.230964
2026-10-09T02:45:26.3361625Z   type: 'test'
2026-10-09T02:45:26.3361758Z   ...
2026-10-09T02:45:26.3362168Z # Subtest: WIT corpus rejects missing parser identity
2026-10-09T02:45:26.3362547Z ok 398 - WIT corpus rejects missing parser identity
2026-10-09T02:45:26.3362682Z   ---
2026-10-09T02:45:26.3362866Z   duration_ms: 3.083957
2026-10-09T02:45:26.3363012Z   type: 'test'
2026-10-09T02:45:26.3363139Z   ...
2026-10-09T02:45:26.3363580Z # Subtest: WIT corpus rejects different component receipt
2026-10-09T02:45:26.3363996Z ok 399 - WIT corpus rejects different component receipt
2026-10-09T02:45:26.3364125Z   ---
2026-10-09T02:45:26.3364309Z   duration_ms: 4.491214
2026-10-09T02:45:26.3364456Z   type: 'test'
2026-10-09T02:45:26.3364583Z   ...
2026-10-09T02:45:26.3365009Z # Subtest: WIT corpus rejects different native adapter
2026-10-09T02:45:26.3365585Z ok 400 - WIT corpus rejects different native adapter
2026-10-09T02:45:26.3365723Z   ---
2026-10-09T02:45:26.3366258Z   duration_ms: 7.833392
2026-10-09T02:45:26.3366414Z   type: 'test'
2026-10-09T02:45:26.3366549Z   ...
2026-10-09T02:45:26.3366909Z # Subtest: WIT corpus rejects different runtime
2026-10-09T02:45:26.3367256Z ok 401 - WIT corpus rejects different runtime
2026-10-09T02:45:26.3367391Z   ---
2026-10-09T02:45:26.3367579Z   duration_ms: 6.287287
2026-10-09T02:45:26.3367719Z   type: 'test'
2026-10-09T02:45:26.3367855Z   ...
2026-10-09T02:45:26.3368250Z # Subtest: WIT corpus rejects changed public header
2026-10-09T02:45:26.3368618Z ok 402 - WIT corpus rejects changed public header
2026-10-09T02:45:26.3368755Z   ---
2026-10-09T02:45:26.3368939Z   duration_ms: 6.525782
2026-10-09T02:45:26.3369077Z   type: 'test'
2026-10-09T02:45:26.3369214Z   ...
2026-10-09T02:45:26.3369610Z # Subtest: WIT corpus rejects changed engine payload
2026-10-09T02:45:26.3369990Z ok 403 - WIT corpus rejects changed engine payload
2026-10-09T02:45:26.3370122Z   ---
2026-10-09T02:45:26.3370305Z   duration_ms: 6.90039
2026-10-09T02:45:26.3370461Z   type: 'test'
2026-10-09T02:45:26.3370590Z   ...
2026-10-09T02:45:26.3370974Z # Subtest: WIT corpus rejects different engine pin
2026-10-09T02:45:26.3371339Z ok 404 - WIT corpus rejects different engine pin
2026-10-09T02:45:26.3371475Z   ---
2026-10-09T02:45:26.3371658Z   duration_ms: 4.168231
2026-10-09T02:45:26.3371803Z   type: 'test'
2026-10-09T02:45:26.3371936Z   ...
2026-10-09T02:45:26.3372368Z # Subtest: WIT corpus rejects different component binary
2026-10-09T02:45:26.3372779Z ok 405 - WIT corpus rejects different component binary
2026-10-09T02:45:26.3372914Z   ---
2026-10-09T02:45:26.3373099Z   duration_ms: 4.834796
2026-10-09T02:45:26.3373238Z   type: 'test'
2026-10-09T02:45:26.3373374Z   ...
2026-10-09T02:45:26.3373753Z # Subtest: WIT corpus rejects different WIT source
2026-10-09T02:45:26.3374108Z ok 406 - WIT corpus rejects different WIT source
2026-10-09T02:45:26.3374241Z   ---
2026-10-09T02:45:26.3374430Z   duration_ms: 5.979452
2026-10-09T02:45:26.3374568Z   type: 'test'
2026-10-09T02:45:26.3374712Z   ...
2026-10-09T02:45:26.3375379Z # Subtest: WIT corpus rejects missing binary declarations
2026-10-09T02:45:26.3375805Z ok 407 - WIT corpus rejects missing binary declarations
2026-10-09T02:45:26.3375933Z   ---
2026-10-09T02:45:26.3376118Z   duration_ms: 4.48376
2026-10-09T02:45:26.3376262Z   type: 'test'
2026-10-09T02:45:26.3376390Z   ...
2026-10-09T02:45:26.3376800Z # Subtest: WIT corpus rejects missing WIT declarations
2026-10-09T02:45:26.3377189Z ok 408 - WIT corpus rejects missing WIT declarations
2026-10-09T02:45:26.3377323Z   ---
2026-10-09T02:45:26.3377502Z   duration_ms: 5.117183
2026-10-09T02:45:26.3377646Z   type: 'test'
2026-10-09T02:45:26.3377780Z   ...
2026-10-09T02:45:26.3378202Z # Subtest: WIT corpus rejects different binary signature
2026-10-09T02:45:26.3378604Z ok 409 - WIT corpus rejects different binary signature
2026-10-09T02:45:26.3378738Z   ---
2026-10-09T02:45:26.3378917Z   duration_ms: 9.595171
2026-10-09T02:45:26.3379063Z   type: 'test'
2026-10-09T02:45:26.3379210Z   ...
2026-10-09T02:45:26.3379612Z # Subtest: WIT corpus rejects different WIT signature
2026-10-09T02:45:26.3379985Z ok 410 - WIT corpus rejects different WIT signature
2026-10-09T02:45:26.3380123Z   ---
2026-10-09T02:45:26.3380309Z   duration_ms: 8.455674
2026-10-09T02:45:26.3380448Z   type: 'test'
2026-10-09T02:45:26.3380581Z   ...
2026-10-09T02:45:26.3381020Z # Subtest: WIT corpus rejects different nested field type
2026-10-09T02:45:26.3381437Z ok 411 - WIT corpus rejects different nested field type
2026-10-09T02:45:26.3381566Z   ---
2026-10-09T02:45:26.3381750Z   duration_ms: 6.684228
2026-10-09T02:45:26.3381896Z   type: 'test'
2026-10-09T02:45:26.3382025Z   ...
2026-10-09T02:45:26.3382424Z # Subtest: WIT corpus rejects reordered record fields
2026-10-09T02:45:26.3382806Z ok 412 - WIT corpus rejects reordered record fields
2026-10-09T02:45:26.3382935Z   ---
2026-10-09T02:45:26.3383120Z   duration_ms: 7.084886
2026-10-09T02:45:26.3383264Z   type: 'test'
2026-10-09T02:45:26.3383396Z   ...
2026-10-09T02:45:26.3384033Z # Subtest: WIT corpus rejects changed Unit enum
2026-10-09T02:45:26.3384383Z ok 413 - WIT corpus rejects changed Unit enum
2026-10-09T02:45:26.3384517Z   ---
2026-10-09T02:45:26.3384696Z   duration_ms: 5.150605
2026-10-09T02:45:26.3384841Z   type: 'test'
2026-10-09T02:45:26.3384975Z   ...
2026-10-09T02:45:26.3385675Z # Subtest: WIT corpus rejects missing public interface export
2026-10-09T02:45:26.3386124Z ok 414 - WIT corpus rejects missing public interface export
2026-10-09T02:45:26.3386259Z   ---
2026-10-09T02:45:26.3386452Z   duration_ms: 5.995913
2026-10-09T02:45:26.3386593Z   type: 'test'
2026-10-09T02:45:26.3386729Z   ...
2026-10-09T02:45:26.3387131Z # Subtest: WIT corpus rejects unexpected world import
2026-10-09T02:45:26.3387518Z ok 415 - WIT corpus rejects unexpected world import
2026-10-09T02:45:26.3387645Z   ---
2026-10-09T02:45:26.3387828Z   duration_ms: 4.486905
2026-10-09T02:45:26.3387972Z   type: 'test'
2026-10-09T02:45:26.3388099Z   ...
2026-10-09T02:45:26.3388566Z # Subtest: WIT corpus rejects changed WIT package identity
2026-10-09T02:45:26.3388991Z ok 416 - WIT corpus rejects changed WIT package identity
2026-10-09T02:45:26.3389119Z   ---
2026-10-09T02:45:26.3389305Z   duration_ms: 4.737644
2026-10-09T02:45:26.3389448Z   type: 'test'
2026-10-09T02:45:26.3389581Z   ...
2026-10-09T02:45:26.3389939Z # Subtest: WIT corpus rejects cyclic type alias
2026-10-09T02:45:26.3390285Z ok 417 - WIT corpus rejects cyclic type alias
2026-10-09T02:45:26.3390419Z   ---
2026-10-09T02:45:26.3390599Z   duration_ms: 8.033987
2026-10-09T02:45:26.3390744Z   type: 'test'
2026-10-09T02:45:26.3390879Z   ...
2026-10-09T02:45:26.3391271Z # Subtest: WIT corpus rejects missing loaded engine
2026-10-09T02:45:26.3391638Z ok 418 - WIT corpus rejects missing loaded engine
2026-10-09T02:45:26.3391773Z   ---
2026-10-09T02:45:26.3391956Z   duration_ms: 7.415863
2026-10-09T02:45:26.3392096Z   type: 'test'
2026-10-09T02:45:26.3392229Z   ...
2026-10-09T02:45:26.3392643Z # Subtest: WIT corpus rejects unexpected local library
2026-10-09T02:45:26.3393031Z ok 419 - WIT corpus rejects unexpected local library
2026-10-09T02:45:26.3393164Z   ---
2026-10-09T02:45:26.3393348Z   duration_ms: 8.018925
2026-10-09T02:45:26.3393492Z   type: 'test'
2026-10-09T02:45:26.3393619Z   ...
2026-10-09T02:45:26.3394032Z # Subtest: WIT corpus rejects external engine override
2026-10-09T02:45:26.3394422Z ok 420 - WIT corpus rejects external engine override
2026-10-09T02:45:26.3394549Z   ---
2026-10-09T02:45:26.3394735Z   duration_ms: 7.115693
2026-10-09T02:45:26.3394880Z   type: 'test'
2026-10-09T02:45:26.3395012Z   ...
2026-10-09T02:45:26.3395571Z # Subtest: WIT corpus rejects changed loaded engine
2026-10-09T02:45:26.3395942Z ok 421 - WIT corpus rejects changed loaded engine
2026-10-09T02:45:26.3396077Z   ---
2026-10-09T02:45:26.3396254Z   duration_ms: 5.09433
2026-10-09T02:45:26.3396406Z   type: 'test'
2026-10-09T02:45:26.3396538Z   ...
2026-10-09T02:45:26.3396974Z # Subtest: WIT corpus rejects missing pkg-config identity
2026-10-09T02:45:26.3397401Z ok 422 - WIT corpus rejects missing pkg-config identity
2026-10-09T02:45:26.3397536Z   ---
2026-10-09T02:45:26.3397719Z   duration_ms: 4.7467
2026-10-09T02:45:26.3397858Z   type: 'test'
2026-10-09T02:45:26.3397992Z   ...
2026-10-09T02:45:26.3398407Z # Subtest: WIT corpus rejects external pkg-config flags
2026-10-09T02:45:26.3398799Z ok 423 - WIT corpus rejects external pkg-config flags
2026-10-09T02:45:26.3398935Z   ---
2026-10-09T02:45:26.3399120Z   duration_ms: 6.191718
2026-10-09T02:45:26.3399264Z   type: 'test'
2026-10-09T02:45:26.3399391Z   ...
2026-10-09T02:45:26.3399763Z # Subtest: WIT corpus rejects missing repeat run
2026-10-09T02:45:26.3400114Z ok 424 - WIT corpus rejects missing repeat run
2026-10-09T02:45:26.3400242Z   ---
2026-10-09T02:45:26.3400426Z   duration_ms: 2.672609
2026-10-09T02:45:26.3400571Z   type: 'test'
2026-10-09T02:45:26.3400698Z   ...
2026-10-09T02:45:26.3401132Z # Subtest: WIT corpus rejects unproved session ownership
2026-10-09T02:45:26.3401695Z ok 425 - WIT corpus rejects unproved session ownership
2026-10-09T02:45:26.3401958Z   ---
2026-10-09T02:45:26.3402140Z   duration_ms: 4.807014
2026-10-09T02:45:26.3402288Z   type: 'test'
2026-10-09T02:45:26.3402421Z   ...
2026-10-09T02:45:26.3402804Z # Subtest: WIT corpus rejects changed failed output
2026-10-09T02:45:26.3403174Z ok 426 - WIT corpus rejects changed failed output
2026-10-09T02:45:26.3403308Z   ---
2026-10-09T02:45:26.3403493Z   duration_ms: 2.474038
2026-10-09T02:45:26.3403634Z   type: 'test'
2026-10-09T02:45:26.3403765Z   ...
2026-10-09T02:45:26.3404153Z # Subtest: WIT corpus rejects wrong rejection stage
2026-10-09T02:45:26.3404514Z ok 427 - WIT corpus rejects wrong rejection stage
2026-10-09T02:45:26.3404648Z   ---
2026-10-09T02:45:26.3404832Z   duration_ms: 3.769297
2026-10-09T02:45:26.3404969Z   type: 'test'
2026-10-09T02:45:26.3405318Z   ...
2026-10-09T02:45:26.3405726Z # Subtest: WIT corpus rejects wrong rejection message
2026-10-09T02:45:26.3406105Z ok 428 - WIT corpus rejects wrong rejection message
2026-10-09T02:45:26.3406246Z   ---
2026-10-09T02:45:26.3406443Z   duration_ms: 2.465813
2026-10-09T02:45:26.3406590Z   type: 'test'
2026-10-09T02:45:26.3406717Z   ...
2026-10-09T02:45:26.3407141Z # Subtest: WIT corpus rejects different negative caller
2026-10-09T02:45:26.3407539Z ok 429 - WIT corpus rejects different negative caller
2026-10-09T02:45:26.3407673Z   ---
2026-10-09T02:45:26.3407851Z   duration_ms: 2.786802
2026-10-09T02:45:26.3407995Z   type: 'test'
2026-10-09T02:45:26.3408128Z   ...
2026-10-09T02:45:26.3408532Z # Subtest: WIT corpus rejects unrelated compiler error
2026-10-09T02:45:26.3408924Z ok 430 - WIT corpus rejects unrelated compiler error
2026-10-09T02:45:26.3409057Z   ---
2026-10-09T02:45:26.3409242Z   duration_ms: 4.074676
2026-10-09T02:45:26.3409384Z   type: 'test'
2026-10-09T02:45:26.3409517Z   ...
2026-10-09T02:45:26.3409905Z # Subtest: WIT corpus rejects missing runtime error
2026-10-09T02:45:26.3410265Z ok 431 - WIT corpus rejects missing runtime error
2026-10-09T02:45:26.3410406Z   ---
2026-10-09T02:45:26.3410593Z   duration_ms: 6.809631
2026-10-09T02:45:26.3410732Z   type: 'test'
2026-10-09T02:45:26.3410868Z   ...
2026-10-09T02:45:26.3411279Z # Subtest: WIT corpus rejects duplicated runtime error
2026-10-09T02:45:26.3411670Z ok 432 - WIT corpus rejects duplicated runtime error
2026-10-09T02:45:26.3411798Z   ---
2026-10-09T02:45:26.3411983Z   duration_ms: 4.946043
2026-10-09T02:45:26.3412127Z   type: 'test'
2026-10-09T02:45:26.3412254Z   ...
2026-10-09T02:45:26.3412686Z # Subtest: WIT corpus rejects wrong supplemental message
2026-10-09T02:45:26.3413087Z ok 433 - WIT corpus rejects wrong supplemental message
2026-10-09T02:45:26.3413224Z   ---
2026-10-09T02:45:26.3413400Z   duration_ms: 7.45149
2026-10-09T02:45:26.3413544Z   type: 'test'
2026-10-09T02:45:26.3413676Z   ...
2026-10-09T02:45:26.3414051Z # Subtest: WIT corpus rejects failed trap recovery
2026-10-09T02:45:26.3414456Z ok 434 - WIT corpus rejects failed trap recovery
2026-10-09T02:45:26.3414591Z   ---
2026-10-09T02:45:26.3414784Z   duration_ms: 8.875047
2026-10-09T02:45:26.3414924Z   type: 'test'
2026-10-09T02:45:26.3415265Z   ...
2026-10-09T02:45:26.3415841Z # Subtest: WIT corpus rejects failed supplemental output preservation
2026-10-09T02:45:26.3416364Z ok 435 - WIT corpus rejects failed supplemental output preservation
2026-10-09T02:45:26.3416508Z   ---
2026-10-09T02:45:26.3416697Z   duration_ms: 7.674696
2026-10-09T02:45:26.3416842Z   type: 'test'
2026-10-09T02:45:26.3416969Z   ...
2026-10-09T02:45:26.3417498Z # Subtest: WIT corpus rejects missing sourcesRemovedBeforeInstall
2026-10-09T02:45:26.3417993Z ok 436 - WIT corpus rejects missing sourcesRemovedBeforeInstall
2026-10-09T02:45:26.3418120Z   ---
2026-10-09T02:45:26.3418307Z   duration_ms: 4.07131
2026-10-09T02:45:26.3418453Z   type: 'test'
2026-10-09T02:45:26.3418586Z   ...
2026-10-09T02:45:26.3419064Z # Subtest: WIT corpus rejects missing installedSourcesRemoved
2026-10-09T02:45:26.3419519Z ok 437 - WIT corpus rejects missing installedSourcesRemoved
2026-10-09T02:45:26.3419936Z   ---
2026-10-09T02:45:26.3420121Z   duration_ms: 3.606121
2026-10-09T02:45:26.3420265Z   type: 'test'
2026-10-09T02:45:26.3420398Z   ...
2026-10-09T02:45:26.3420742Z # Subtest: WIT corpus rejects missing offline
2026-10-09T02:45:26.3421071Z ok 438 - WIT corpus rejects missing offline
2026-10-09T02:45:26.3421203Z   ---
2026-10-09T02:45:26.3421387Z   duration_ms: 2.43774
2026-10-09T02:45:26.3421525Z   type: 'test'
2026-10-09T02:45:26.3421658Z   ...
2026-10-09T02:45:26.3422147Z # Subtest: WIT corpus rejects missing runtimeOverridesDisabled
2026-10-09T02:45:26.3422603Z ok 439 - WIT corpus rejects missing runtimeOverridesDisabled
2026-10-09T02:45:26.3422738Z   ---
2026-10-09T02:45:26.3422924Z   duration_ms: 4.447262
2026-10-09T02:45:26.3423067Z   type: 'test'
2026-10-09T02:45:26.3423196Z   ...
2026-10-09T02:45:26.3423619Z # Subtest: WIT corpus rejects missing publicHeadersOnly
2026-10-09T02:45:26.3424022Z ok 440 - WIT corpus rejects missing publicHeadersOnly
2026-10-09T02:45:26.3424152Z   ---
2026-10-09T02:45:26.3424348Z   duration_ms: 2.371516
2026-10-09T02:45:26.3424495Z   type: 'test'
2026-10-09T02:45:26.3424630Z   ...
2026-10-09T02:45:26.3425315Z # Subtest: WIT corpus rejects missing compilerFreeExecution
2026-10-09T02:45:26.3425758Z ok 441 - WIT corpus rejects missing compilerFreeExecution
2026-10-09T02:45:26.3425894Z   ---
2026-10-09T02:45:26.3426074Z   duration_ms: 2.370275
2026-10-09T02:45:26.3426220Z   type: 'test'
2026-10-09T02:45:26.3426352Z   ...
2026-10-09T02:45:26.3426754Z # Subtest: WIT corpus rejects missing localLibraries
2026-10-09T02:45:26.3427138Z ok 442 - WIT corpus rejects missing localLibraries
2026-10-09T02:45:26.3427273Z   ---
2026-10-09T02:45:26.3427458Z   duration_ms: 2.362781
2026-10-09T02:45:26.3427597Z   type: 'test'
2026-10-09T02:45:26.3427729Z   ...
2026-10-09T02:52:01.1888008Z # Subtest: real Lean corpus matches independently rebuilt archives in source-free consumers
2026-10-09T02:52:01.1889432Z ok 443 - real Lean corpus matches independently rebuilt archives in source-free consumers
2026-10-09T02:52:01.1890195Z   ---
2026-10-09T02:52:01.1890713Z   duration_ms: 394992.433158
2026-10-09T02:52:01.1893070Z   type: 'test'
2026-10-09T02:52:01.1893481Z   ...
2026-10-09T02:52:01.1893939Z # shop: compiling Lean oracle
2026-10-09T02:52:01.1905542Z # shop: building maven archives 1/2
2026-10-09T02:52:01.1906347Z # shop: building maven archives 2/2
2026-10-09T02:52:01.1907683Z # shop: installing and executing java without Lean sources; compiling only the downstream consumer
2026-10-09T02:52:01.1909094Z # shop: installing and executing kotlin without Lean sources; compiling only the downstream consumer
2026-10-09T02:52:01.1909699Z # telemetry: compiling Lean oracle
2026-10-09T02:52:01.1910081Z # telemetry: building maven archives 1/2
2026-10-09T02:52:01.1910486Z # telemetry: building maven archives 2/2
2026-10-09T02:52:01.1911172Z # telemetry: installing and executing java without Lean sources; compiling only the downstream consumer
2026-10-09T02:52:01.1912075Z # telemetry: installing and executing kotlin without Lean sources; compiling only the downstream consumer
2026-10-09T02:52:01.1912954Z # Corpus report: build/type-corpus/java-kotlin.json (248 cases, 82 scoped cells, 6650 gaps)
2026-10-09T02:52:01.2217405Z 1..443
2026-10-09T02:52:01.2217823Z # tests 443
2026-10-09T02:52:01.2218235Z # suites 0
2026-10-09T02:52:01.2218647Z # pass 443
2026-10-09T02:52:01.2218932Z # fail 0
2026-10-09T02:52:01.2219282Z # cancelled 0
2026-10-09T02:52:01.2226088Z # skipped 0
2026-10-09T02:52:01.2226486Z # todo 0
2026-10-09T02:52:01.2226950Z # duration_ms 402717.135882
2026-10-09T02:52:01.2727631Z TAP version 13
2026-10-09T02:58:36.2471490Z # Subtest: reviewed native corpus executes installed public APIs after compiler reconciliation
2026-10-09T02:58:36.2478076Z ok 1 - reviewed native corpus executes installed public APIs after compiler reconciliation
2026-10-09T02:58:36.2479020Z   ---
2026-10-09T02:58:36.2481107Z   duration_ms: 394580.618868
2026-10-09T02:58:36.2481954Z   type: 'test'
2026-10-09T02:58:36.2482966Z   ...
2026-10-09T02:58:36.2483472Z # shop: compiling Lean oracle
2026-10-09T02:58:36.2484154Z # shop: building maven archives 1/2
2026-10-09T02:58:36.2489132Z # shop: building maven archives 2/2
2026-10-09T02:58:36.2492252Z # shop: installing and executing java without Lean sources; compiling only the downstream consumer
2026-10-09T02:58:36.2502148Z # shop: installing and executing kotlin without Lean sources; compiling only the downstream consumer
2026-10-09T02:58:36.2503179Z # telemetry: compiling Lean oracle
2026-10-09T02:58:36.2503788Z # telemetry: building maven archives 1/2
2026-10-09T02:58:36.2504463Z # telemetry: building maven archives 2/2
2026-10-09T02:58:36.2505842Z # telemetry: installing and executing java without Lean sources; compiling only the downstream consumer
2026-10-09T02:58:36.2507370Z # telemetry: installing and executing kotlin without Lean sources; compiling only the downstream consumer
2026-10-09T02:58:36.2509878Z # Compiler-checked reviewed native report: {"libraries":2,"profiles":2,"installedRuns":4,"catalogCases":248,"executedCases":204,"compileRejectedCases":44,"observedCells":82,"gapCells":6650}
2026-10-09T02:58:36.2725597Z 1..1
2026-10-09T02:58:36.2726058Z # tests 1
2026-10-09T02:58:36.2726831Z # suites 0
2026-10-09T02:58:36.2727315Z # pass 1
2026-10-09T02:58:36.2727889Z # fail 0
2026-10-09T02:58:36.2728454Z # cancelled 0
2026-10-09T02:58:36.2728976Z # skipped 0
2026-10-09T02:58:36.2729600Z # todo 0
2026-10-09T02:58:36.2730243Z # duration_ms 395011.626229
2026-10-09T02:58:36.3178803Z TAP version 13
2026-10-09T03:00:22.5965764Z # Subtest: ordinary and reviewed Char packages preserve Unicode scalars in installed native consumers
2026-10-09T03:00:22.5972848Z ok 1 - ordinary and reviewed Char packages preserve Unicode scalars in installed native consumers
2026-10-09T03:00:22.5973811Z   ---
2026-10-09T03:00:22.5974265Z   duration_ms: 106008.215854
2026-10-09T03:00:22.5974730Z   type: 'test'
2026-10-09T03:00:22.5975349Z   ...
2026-10-09T03:00:22.5976460Z # ordinary-source: building java, kotlin
2026-10-09T03:00:22.5983055Z # ordinary-source: installing and checking java
2026-10-09T03:00:22.5984602Z # ordinary-source: installing and checking kotlin
2026-10-09T03:00:22.5994539Z # reviewed-ir: building java, kotlin
2026-10-09T03:00:22.5995353Z # reviewed-ir: installing and checking java
2026-10-09T03:00:22.5995881Z # reviewed-ir: installing and checking kotlin
2026-10-09T03:00:22.6182236Z 1..1
2026-10-09T03:00:22.6182616Z # tests 1
2026-10-09T03:00:22.6196283Z # suites 0
2026-10-09T03:00:22.6196638Z # pass 1
2026-10-09T03:00:22.6196969Z # fail 0
2026-10-09T03:00:22.6197351Z # cancelled 0
2026-10-09T03:00:22.6197741Z # skipped 0
2026-10-09T03:00:22.6198092Z # todo 0
2026-10-09T03:00:22.6198530Z # duration_ms 106312.394131
2026-10-09T03:00:22.6626295Z TAP version 13
2026-10-09T03:02:10.8933666Z # Subtest: ordinary and reviewed Word packages preserve compiled platform integers in installed native consumers
2026-10-09T03:02:10.8942513Z ok 1 - ordinary and reviewed Word packages preserve compiled platform integers in installed native consumers
2026-10-09T03:02:10.8943581Z   ---
2026-10-09T03:02:10.8943855Z   duration_ms: 107955.54035
2026-10-09T03:02:10.8944120Z   type: 'test'
2026-10-09T03:02:10.8944477Z   ...
2026-10-09T03:02:10.8956379Z # ordinary-source: building java, kotlin
2026-10-09T03:02:10.8980355Z # ordinary-source: installing and checking java
2026-10-09T03:02:10.8981412Z # ordinary-source: installing and checking kotlin
2026-10-09T03:02:10.8982286Z # reviewed-ir: building java, kotlin
2026-10-09T03:02:10.8983013Z # reviewed-ir: installing and checking java
2026-10-09T03:02:10.8983695Z # reviewed-ir: installing and checking kotlin
2026-10-09T03:02:10.9156912Z 1..1
2026-10-09T03:02:10.9157806Z # tests 1
2026-10-09T03:02:10.9158542Z # suites 0
2026-10-09T03:02:10.9159457Z # pass 1
2026-10-09T03:02:10.9159892Z # fail 0
2026-10-09T03:02:10.9160659Z # cancelled 0
2026-10-09T03:02:10.9161153Z # skipped 0
2026-10-09T03:02:10.9161755Z # todo 0
2026-10-09T03:02:10.9162508Z # duration_ms 108265.245635
2026-10-09T03:02:10.9656739Z TAP version 13
2026-10-09T03:02:11.3392618Z # Subtest: native inventories admit nested Java class names without widening other paths
2026-10-09T03:02:11.3399676Z ok 1 - native inventories admit nested Java class names without widening other paths
2026-10-09T03:02:11.3400776Z   ---
2026-10-09T03:02:11.3401649Z   duration_ms: 16.549855
2026-10-09T03:02:11.3402447Z   type: 'test'
2026-10-09T03:02:11.3403077Z   ...
2026-10-09T03:02:11.3407954Z # Subtest: JVM callables expose typed SAMs and AutoCloseable functions without public FFM
2026-10-09T03:02:11.3410901Z ok 2 - JVM callables expose typed SAMs and AutoCloseable functions without public FFM
2026-10-09T03:02:11.3476138Z   ---
2026-10-09T03:02:11.3506482Z   duration_ms: 257.553579
2026-10-09T03:02:11.3507351Z   type: 'test'
2026-10-09T03:02:11.3507855Z   ...
2026-10-09T03:02:11.3508634Z # Subtest: JVM callable admission rejects retained callback
2026-10-09T03:02:11.3509683Z ok 3 - JVM callable admission rejects retained callback
2026-10-09T03:02:11.3510427Z   ---
2026-10-09T03:02:11.3510914Z   duration_ms: 1.921658
2026-10-09T03:02:11.3511411Z   type: 'test'
2026-10-09T03:02:11.3511868Z   ...
2026-10-09T03:02:11.3512575Z # Subtest: JVM callable admission rejects async callback
2026-10-09T03:02:11.3513515Z ok 4 - JVM callable admission rejects async callback
2026-10-09T03:02:11.3514153Z   ---
2026-10-09T03:02:11.3514622Z   duration_ms: 1.092871
2026-10-09T03:02:11.3515305Z   type: 'test'
2026-10-09T03:02:11.3515778Z   ...
2026-10-09T03:02:11.3516579Z # Subtest: JVM callable admission rejects higher-order callback
2026-10-09T03:02:11.3517655Z ok 5 - JVM callable admission rejects higher-order callback
2026-10-09T03:02:11.3518343Z   ---
2026-10-09T03:02:11.3518785Z   duration_ms: 1.035984
2026-10-09T03:02:11.3519274Z   type: 'test'
2026-10-09T03:02:11.3519711Z   ...
2026-10-09T03:02:11.3520431Z # Subtest: JVM callable admission rejects zero-argument callable
2026-10-09T03:02:11.3521475Z ok 6 - JVM callable admission rejects zero-argument callable
2026-10-09T03:02:11.3522152Z   ---
2026-10-09T03:02:11.3522549Z   duration_ms: 1.042486
2026-10-09T03:02:11.3523025Z   type: 'test'
2026-10-09T03:02:11.3523448Z   ...
2026-10-09T03:02:11.3524152Z # Subtest: JVM callable admission rejects too many arguments
2026-10-09T03:02:11.3525302Z ok 7 - JVM callable admission rejects too many arguments
2026-10-09T03:02:11.3525925Z   ---
2026-10-09T03:02:11.3526369Z   duration_ms: 1.106055
2026-10-09T03:02:11.3526830Z   type: 'test'
2026-10-09T03:02:11.3527252Z   ...
2026-10-09T03:02:15.2307174Z # Subtest: JVM generated callable sources compile and leases defer active close before process guards
2026-10-09T03:02:15.2308536Z ok 8 - JVM generated callable sources compile and leases defer active close before process guards
2026-10-09T03:02:15.2309189Z   ---
2026-10-09T03:02:15.2309584Z   duration_ms: 3891.851611
2026-10-09T03:02:15.2309987Z   type: 'test'
2026-10-09T03:02:15.2310334Z   ...
2026-10-09T03:06:51.4375837Z # Subtest: installed Java and Kotlin callables preserve nineteen primitives on both source paths
2026-10-09T03:06:51.4377739Z ok 9 - installed Java and Kotlin callables preserve nineteen primitives on both source paths
2026-10-09T03:06:51.4378824Z   ---
2026-10-09T03:06:51.4379371Z   duration_ms: 280132.301954
2026-10-09T03:06:51.4379885Z   type: 'test'
2026-10-09T03:06:51.4380263Z   ...
2026-10-09T03:06:51.4381258Z # ordinary-source: compiling the 63-export JVM callable library
2026-10-09T03:06:51.4382651Z # ordinary-source/java: installing Maven archives offline and running twice without compilers
2026-10-09T03:06:51.4384609Z # ordinary-source/java: 66683 assertions and six compile rejections passed twice with a runtime-only installation
2026-10-09T03:06:51.4386855Z # ordinary-source/kotlin: installing Maven archives offline and running twice without compilers
2026-10-09T03:06:51.4400413Z # ordinary-source/kotlin: 66655 assertions and six compile rejections passed twice with a runtime-only installation
2026-10-09T03:06:51.4402597Z # reviewed-ir: compiling the 63-export JVM callable library
2026-10-09T03:06:51.4404519Z # reviewed-ir/java: installing Maven archives offline and running twice without compilers
2026-10-09T03:06:51.4406780Z # reviewed-ir/java: 66683 assertions and six compile rejections passed twice with a runtime-only installation
2026-10-09T03:06:51.4408794Z # reviewed-ir/kotlin: installing Maven archives offline and running twice without compilers
2026-10-09T03:06:51.4410917Z # reviewed-ir/kotlin: 66655 assertions and six compile rejections passed twice with a runtime-only installation
2026-10-09T03:06:51.4593827Z 1..9
2026-10-09T03:06:51.4594324Z # tests 9
2026-10-09T03:06:51.4594718Z # suites 0
2026-10-09T03:06:51.4595299Z # pass 9
2026-10-09T03:06:51.4595688Z # fail 0
2026-10-09T03:06:51.4596138Z # cancelled 0
2026-10-09T03:06:51.4596802Z # skipped 0
2026-10-09T03:06:51.4597434Z # todo 0
2026-10-09T03:06:51.4598018Z # duration_ms 280510.015877
2026-10-09T03:06:51.5088013Z TAP version 13
2026-10-09T03:13:23.8986767Z # Subtest: installed Java and Kotlin structured callables preserve typed values and ownership on both authoring paths
2026-10-09T03:13:23.8996753Z ok 1 - installed Java and Kotlin structured callables preserve typed values and ownership on both authoring paths
2026-10-09T03:13:23.8998278Z   ---
2026-10-09T03:13:23.8999035Z   duration_ms: 392085.976815
2026-10-09T03:13:23.8999735Z   type: 'test'
2026-10-09T03:13:23.9000324Z   ...
2026-10-09T03:13:23.9001366Z # ordinary-source: compiling the structured Java/Kotlin Maven package
2026-10-09T03:13:23.9003164Z # ordinary-source/java: installing the original JAR offline and executing twice with a runtime-only JVM
2026-10-09T03:13:23.9004747Z # ordinary-source/java: 257978 checks and 13 compiler rejections
2026-10-09T03:13:23.9006742Z # ordinary-source/kotlin: installing the original JAR offline and executing twice with a runtime-only JVM
2026-10-09T03:13:23.9008415Z # ordinary-source/kotlin: 177270 checks and 15 compiler rejections
2026-10-09T03:13:23.9009811Z # reviewed-ir: compiling the structured Java/Kotlin Maven package
2026-10-09T03:13:23.9011501Z # reviewed-ir/java: installing the original JAR offline and executing twice with a runtime-only JVM
2026-10-09T03:13:23.9013030Z # reviewed-ir/java: 257978 checks and 13 compiler rejections
2026-10-09T03:13:23.9014642Z # reviewed-ir/kotlin: installing the original JAR offline and executing twice with a runtime-only JVM
2026-10-09T03:13:23.9016488Z # reviewed-ir/kotlin: 177270 checks and 15 compiler rejections
2026-10-09T03:13:23.9226405Z 1..1
2026-10-09T03:13:23.9227459Z # tests 1
2026-10-09T03:13:23.9228088Z # suites 0
2026-10-09T03:13:23.9228412Z # pass 1
2026-10-09T03:13:23.9228726Z # fail 0
2026-10-09T03:13:23.9229053Z # cancelled 0
2026-10-09T03:13:23.9229405Z # skipped 0
2026-10-09T03:13:23.9229778Z # todo 0
2026-10-09T03:13:23.9230459Z # duration_ms 392427.169619
2026-10-09T03:13:23.9750023Z TAP version 13
2026-10-09T03:25:43.6567225Z # Subtest: original recursive Maven archives preserve Java and Kotlin callbacks and owned closures without producer tools
2026-10-09T03:25:43.6572911Z ok 1 - original recursive Maven archives preserve Java and Kotlin callbacks and owned closures without producer tools
2026-10-09T03:25:43.6574112Z   ---
2026-10-09T03:25:43.6574654Z   duration_ms: 739370.793273
2026-10-09T03:25:43.6575552Z   type: 'test'
2026-10-09T03:25:43.6576073Z   ...
2026-10-09T03:25:43.6576733Z # ordinary: building Maven-only recursive package
2026-10-09T03:25:43.6582203Z # ordinary/java: offline original JAR, typed callers and runtime-only relocation
2026-10-09T03:25:43.6584266Z # compile isolated Java/Kotlin fault probes (170 layout values)
2026-10-09T03:25:43.6585860Z # fault probe java/faults: 824369 checks
2026-10-09T03:25:43.6587787Z # fault probe java/poison: 195 checks
2026-10-09T03:25:43.6589100Z # fault probe kotlin/faults: 824369 checks
2026-10-09T03:25:43.6590716Z # fault probe kotlin/poison: 195 checks
2026-10-09T03:25:43.6591749Z # compile isolated ownership mutation: baseline
2026-10-09T03:25:43.6592939Z # ownership java/baseline: 9
2026-10-09T03:25:43.6593970Z # ownership kotlin/baseline: 9
2026-10-09T03:25:43.6594996Z # compile isolated ownership mutation: reply-scope
2026-10-09T03:25:43.6596305Z # ownership java/reply-scope: 1
2026-10-09T03:25:43.6597151Z # ownership kotlin/reply-scope: 1
2026-10-09T03:25:43.6598065Z # compile isolated ownership mutation: retirement
2026-10-09T03:25:43.6598836Z # ownership java/retirement: 1
2026-10-09T03:25:43.6599655Z # ownership kotlin/retirement: 1
2026-10-09T03:25:43.6600477Z # lifetimes java: 8235 checks
2026-10-09T03:25:43.6601325Z # lifetimes kotlin: 8235 checks
2026-10-09T03:25:43.6602150Z # native asset check java/valid
2026-10-09T03:25:43.6602989Z # native asset check kotlin/valid
2026-10-09T03:25:43.6604479Z # native asset check java/tamper: META-INF/lean-bridge/native/linux-x64/libcomponent_9f41b5a8721b21ce0371.so
2026-10-09T03:25:43.6609440Z # native asset check kotlin/tamper: META-INF/lean-bridge/native/linux-x64/libcomponent_9f41b5a8721b21ce0371.so
2026-10-09T03:25:43.6611178Z # native asset check java/tamper: META-INF/lean-bridge/native/linux-x64/liblean_bridge_native.so
2026-10-09T03:25:43.6631587Z # native asset check kotlin/tamper: META-INF/lean-bridge/native/linux-x64/liblean_bridge_native.so
2026-10-09T03:25:43.6633253Z # native asset check java/tamper: META-INF/lean-bridge/native/linux-x64/libleanshared.so
2026-10-09T03:25:43.6634969Z # native asset check kotlin/tamper: META-INF/lean-bridge/native/linux-x64/libleanshared.so
2026-10-09T03:25:43.6636848Z # native asset check java/tamper: META-INF/lean-bridge/native/linux-x64/libstructured.so
2026-10-09T03:25:43.6638353Z # native asset check kotlin/tamper: META-INF/lean-bridge/native/linux-x64/libstructured.so
2026-10-09T03:25:43.6639700Z # ordinary/java: 257978 checks and 23 typed rejections passed
2026-10-09T03:25:43.6641010Z # ordinary/kotlin: offline original JAR, typed callers and runtime-only relocation
2026-10-09T03:25:43.6642341Z # ordinary/kotlin: 177270 checks and 27 typed rejections passed
2026-10-09T03:25:43.6643427Z # reviewed: building Maven-only recursive package
2026-10-09T03:25:43.6644691Z # reviewed/java: offline original JAR, typed callers and runtime-only relocation
2026-10-09T03:25:43.6649692Z # compile isolated Java/Kotlin fault probes (170 layout values)
2026-10-09T03:25:43.6650624Z # fault probe java/faults: 824369 checks
2026-10-09T03:25:43.6651313Z # fault probe java/poison: 195 checks
2026-10-09T03:25:43.6652153Z # fault probe kotlin/faults: 824369 checks
2026-10-09T03:25:43.6652868Z # fault probe kotlin/poison: 195 checks
2026-10-09T03:25:43.6653635Z # compile isolated ownership mutation: baseline
2026-10-09T03:25:43.6654310Z # ownership java/baseline: 9
2026-10-09T03:25:43.6654867Z # ownership kotlin/baseline: 9
2026-10-09T03:25:43.6655891Z # compile isolated ownership mutation: reply-scope
2026-10-09T03:25:43.6656625Z # ownership java/reply-scope: 1
2026-10-09T03:25:43.6657256Z # ownership kotlin/reply-scope: 1
2026-10-09T03:25:43.6658025Z # compile isolated ownership mutation: retirement
2026-10-09T03:25:43.6658750Z # ownership java/retirement: 1
2026-10-09T03:25:43.6659374Z # ownership kotlin/retirement: 1
2026-10-09T03:25:43.6659945Z # lifetimes java: 8235 checks
2026-10-09T03:25:43.6660515Z # lifetimes kotlin: 8235 checks
2026-10-09T03:25:43.6661093Z # native asset check java/valid
2026-10-09T03:25:43.6661698Z # native asset check kotlin/valid
2026-10-09T03:25:43.6662991Z # native asset check java/tamper: META-INF/lean-bridge/native/linux-x64/libcomponent_9f41b5a8721b21ce0371.so
2026-10-09T03:25:43.6664788Z # native asset check kotlin/tamper: META-INF/lean-bridge/native/linux-x64/libcomponent_9f41b5a8721b21ce0371.so
2026-10-09T03:25:43.6666689Z # native asset check java/tamper: META-INF/lean-bridge/native/linux-x64/liblean_bridge_native.so
2026-10-09T03:25:43.6668291Z # native asset check kotlin/tamper: META-INF/lean-bridge/native/linux-x64/liblean_bridge_native.so
2026-10-09T03:25:43.6669850Z # native asset check java/tamper: META-INF/lean-bridge/native/linux-x64/libleanshared.so
2026-10-09T03:25:43.6671794Z # native asset check kotlin/tamper: META-INF/lean-bridge/native/linux-x64/libleanshared.so
2026-10-09T03:25:43.6673245Z # native asset check java/tamper: META-INF/lean-bridge/native/linux-x64/libstructured.so
2026-10-09T03:25:43.6674700Z # native asset check kotlin/tamper: META-INF/lean-bridge/native/linux-x64/libstructured.so
2026-10-09T03:25:43.6676134Z # reviewed/java: 257978 checks and 23 typed rejections passed
2026-10-09T03:25:43.6677301Z # reviewed/kotlin: offline original JAR, typed callers and runtime-only relocation
2026-10-09T03:25:43.6678478Z # reviewed/kotlin: 177270 checks and 27 typed rejections passed
2026-10-09T03:34:40.1940594Z # Subtest: original mixed Maven archives preserve Java and Kotlin callbacks and owned closures without producer tools
2026-10-09T03:34:40.1942953Z ok 2 - original mixed Maven archives preserve Java and Kotlin callbacks and owned closures without producer tools
2026-10-09T03:34:40.1944453Z   ---
2026-10-09T03:34:40.1945355Z   duration_ms: 536538.002473
2026-10-09T03:34:40.1946130Z   type: 'test'
2026-10-09T03:34:40.1946997Z   ...
2026-10-09T03:34:40.1948363Z # ordinary: building Maven-only mixed package
2026-10-09T03:34:40.1949764Z # ordinary/java: offline original JAR, typed callers and runtime-only relocation
2026-10-09T03:34:40.1951144Z # ordinary/java: 66701 checks and 29 typed rejections passed
2026-10-09T03:34:40.1952654Z # ordinary/kotlin: offline original JAR, typed callers and runtime-only relocation
2026-10-09T03:34:40.1954105Z # ordinary/kotlin: 66673 checks and 33 typed rejections passed
2026-10-09T03:34:40.1955555Z # reviewed: building Maven-only mixed package
2026-10-09T03:34:40.1976620Z # reviewed/java: offline original JAR, typed callers and runtime-only relocation
2026-10-09T03:34:40.1977687Z # reviewed/java: 66701 checks and 29 typed rejections passed
2026-10-09T03:34:40.1978727Z # reviewed/kotlin: offline original JAR, typed callers and runtime-only relocation
2026-10-09T03:34:40.1979712Z # reviewed/kotlin: 66673 checks and 33 typed rejections passed
2026-10-09T03:34:40.2132414Z 1..2
2026-10-09T03:34:40.2133175Z # tests 2
2026-10-09T03:34:40.2133606Z # suites 0
2026-10-09T03:34:40.2134169Z # pass 2
2026-10-09T03:34:40.2134769Z # fail 0
2026-10-09T03:34:40.2135738Z # cancelled 0
2026-10-09T03:34:40.2136262Z # skipped 0
2026-10-09T03:34:40.2136834Z # todo 0
2026-10-09T03:34:40.2137491Z # duration_ms 1276251.508632
2026-10-09T03:34:40.2636826Z TAP version 13
2026-10-09T03:34:41.1109256Z # Subtest: JVM compounds preserve typed branches, boxed payloads and binary products
2026-10-09T03:34:41.1120355Z ok 1 - JVM compounds preserve typed branches, boxed payloads and binary products
2026-10-09T03:34:41.1121371Z   ---
2026-10-09T03:34:41.1122115Z   duration_ms: 358.692915
2026-10-09T03:34:41.1122774Z   type: 'test'
2026-10-09T03:34:41.1123285Z   ...
2026-10-09T03:34:41.1124094Z # Subtest: JVM compound Option cannot collide with a record
2026-10-09T03:34:41.1126234Z ok 2 - JVM compound Option cannot collide with a record
2026-10-09T03:34:41.1127211Z   ---
2026-10-09T03:34:41.1127599Z   duration_ms: 24.837482
2026-10-09T03:34:41.1127967Z   type: 'test'
2026-10-09T03:34:41.1128282Z   ...
2026-10-09T03:34:41.1132809Z # Subtest: JVM compound Result cannot collide with a record
2026-10-09T03:34:41.1136186Z ok 3 - JVM compound Result cannot collide with a record
2026-10-09T03:34:41.1138089Z   ---
2026-10-09T03:34:41.1138432Z   duration_ms: 23.236094
2026-10-09T03:34:41.1138795Z   type: 'test'
2026-10-09T03:34:41.1139106Z   ...
2026-10-09T03:34:41.1140513Z # Subtest: JVM compound Pair cannot collide with a record
2026-10-09T03:34:41.1142273Z ok 4 - JVM compound Pair cannot collide with a record
2026-10-09T03:34:41.1142971Z   ---
2026-10-09T03:34:41.1143315Z   duration_ms: 20.916323
2026-10-09T03:34:41.1143687Z   type: 'test'
2026-10-09T03:34:41.1144002Z   ...
2026-10-09T03:34:41.1146411Z # Subtest: JVM compounds admit copied callables but reject borrowed copied identity
2026-10-09T03:34:41.1148246Z ok 5 - JVM compounds admit copied callables but reject borrowed copied identity
2026-10-09T03:34:41.1149153Z   ---
2026-10-09T03:34:41.1165818Z   duration_ms: 14.051219
2026-10-09T03:34:41.1182922Z   type: 'test'
2026-10-09T03:34:41.1183452Z   ...
2026-10-09T03:34:41.2094000Z # Subtest: JVM compound evidence binds both languages to prepared packages and runtime-only execution
2026-10-09T03:34:41.2096118Z ok 6 - JVM compound evidence binds both languages to prepared packages and runtime-only execution
2026-10-09T03:34:41.2097247Z   ---
2026-10-09T03:34:41.2097892Z   duration_ms: 103.191021
2026-10-09T03:34:41.2098291Z   type: 'test'
2026-10-09T03:34:41.2098587Z   ...
2026-10-09T03:34:43.6279287Z # Subtest: all generated JVM compound sources compile with warnings treated as errors
2026-10-09T03:34:43.6281173Z ok 7 - all generated JVM compound sources compile with warnings treated as errors
2026-10-09T03:34:43.6281999Z   ---
2026-10-09T03:34:43.6282448Z   duration_ms: 2418.35756
2026-10-09T03:34:43.6282915Z   type: 'test'
2026-10-09T03:34:43.6283297Z   ...
2026-10-09T03:39:27.7078833Z # Subtest: installed Java and Kotlin compounds preserve copied values on both source paths
2026-10-09T03:39:27.7080406Z ok 8 - installed Java and Kotlin compounds preserve copied values on both source paths
2026-10-09T03:39:27.7095612Z   ---
2026-10-09T03:39:27.7096085Z   duration_ms: 287132.596894
2026-10-09T03:39:27.7096584Z   type: 'test'
2026-10-09T03:39:27.7096958Z   ...
2026-10-09T03:39:27.7097723Z # ordinary-source: compiling the 64-export JVM compound library
2026-10-09T03:39:27.7099106Z # ordinary-source/java: installing Maven archives offline and running twice without compilers
2026-10-09T03:39:27.7100761Z # ordinary-source/java: 36872 assertions, compiler rejections and two runtime-only reruns passed
2026-10-09T03:39:27.7102441Z # ordinary-source/kotlin: installing Maven archives offline and running twice without compilers
2026-10-09T03:39:27.7104136Z # ordinary-source/kotlin: 36872 assertions, compiler rejections and two runtime-only reruns passed
2026-10-09T03:39:27.7105716Z # reviewed-ir: compiling the 64-export JVM compound library
2026-10-09T03:39:27.7107055Z # reviewed-ir/java: installing Maven archives offline and running twice without compilers
2026-10-09T03:39:27.7108575Z # reviewed-ir/java: 36872 assertions, compiler rejections and two runtime-only reruns passed
2026-10-09T03:39:27.7109864Z # reviewed-ir/kotlin: installing Maven archives offline and running twice without compilers
2026-10-09T03:39:27.7111373Z # reviewed-ir/kotlin: 36872 assertions, compiler rejections and two runtime-only reruns passed
2026-10-09T03:39:27.7317243Z 1..8
2026-10-09T03:39:27.7317690Z # tests 8
2026-10-09T03:39:27.7318414Z # suites 0
2026-10-09T03:39:27.7318869Z # pass 8
2026-10-09T03:39:27.7319439Z # fail 0
2026-10-09T03:39:27.7320013Z # cancelled 0
2026-10-09T03:39:27.7320653Z # skipped 0
2026-10-09T03:39:27.7321156Z # todo 0
2026-10-09T03:39:27.7321813Z # duration_ms 287483.636772
2026-10-09T03:39:27.7806280Z TAP version 13
2026-10-09T03:39:28.4475645Z # Subtest: JVM List evidence binds both languages to prepared archives and runtime-only execution
2026-10-09T03:39:28.4486703Z ok 1 - JVM List evidence binds both languages to prepared archives and runtime-only execution
2026-10-09T03:39:28.4487671Z   ---
2026-10-09T03:39:28.4488274Z   duration_ms: 95.243873
2026-10-09T03:39:28.4488901Z   type: 'test'
2026-10-09T03:39:28.4489408Z   ...
2026-10-09T03:39:28.4491326Z # Subtest: JVM Lists use primitive and reference arrays while retaining separate List/Array identities
2026-10-09T03:39:28.4492994Z ok 2 - JVM Lists use primitive and reference arrays while retaining separate List/Array identities
2026-10-09T03:39:28.4493987Z   ---
2026-10-09T03:39:28.4494537Z   duration_ms: 179.935087
2026-10-09T03:39:28.4495327Z   type: 'test'
2026-10-09T03:39:28.4495898Z   ...
2026-10-09T03:39:28.4497039Z # Subtest: JVM Lists admit copied callbacks but reject borrowed identities and record collisions
2026-10-09T03:39:28.4498604Z ok 3 - JVM Lists admit copied callbacks but reject borrowed identities and record collisions
2026-10-09T03:39:28.4500094Z   ---
2026-10-09T03:39:28.4500654Z   duration_ms: 36.612153
2026-10-09T03:39:28.4501214Z   type: 'test'
2026-10-09T03:39:28.4501720Z   ...
2026-10-09T03:39:28.4502783Z # Subtest: JVM List output guards use native scalar and compound alignment before allocation
2026-10-09T03:39:28.4504255Z ok 4 - JVM List output guards use native scalar and compound alignment before allocation
2026-10-09T03:39:28.4505367Z   ---
2026-10-09T03:39:28.4505922Z   duration_ms: 36.722809
2026-10-09T03:39:28.4506482Z   type: 'test'
2026-10-09T03:39:28.4506979Z   ...
2026-10-09T03:39:30.3320960Z # Subtest: all generated JVM List sources compile with warnings treated as errors
2026-10-09T03:39:30.3322097Z ok 5 - all generated JVM List sources compile with warnings treated as errors
2026-10-09T03:39:30.3322663Z   ---
2026-10-09T03:39:30.3323339Z   duration_ms: 1885.601117
2026-10-09T03:39:30.3324021Z   type: 'test'
2026-10-09T03:39:30.3324640Z   ...
2026-10-09T03:44:39.9028002Z # Subtest: installed Java and Kotlin lists preserve copied values on both source paths
2026-10-09T03:44:39.9029560Z ok 6 - installed Java and Kotlin lists preserve copied values on both source paths
2026-10-09T03:44:39.9030378Z   ---
2026-10-09T03:44:39.9030808Z   duration_ms: 311831.366963
2026-10-09T03:44:39.9031279Z   type: 'test'
2026-10-09T03:44:39.9031657Z   ...
2026-10-09T03:44:39.9032396Z # ordinary-source: compiling the 27-export JVM list library
2026-10-09T03:44:39.9033722Z # ordinary-source/java: installing Maven archives offline and running twice without compilers
2026-10-09T03:44:39.9035600Z # ordinary-source/java: 91674 assertions, compiler rejections and two runtime-only reruns passed
2026-10-09T03:44:39.9037244Z # ordinary-source/kotlin: installing Maven archives offline and running twice without compilers
2026-10-09T03:44:39.9038902Z # ordinary-source/kotlin: 91696 assertions, compiler rejections and two runtime-only reruns passed
2026-10-09T03:44:39.9040142Z # reviewed-ir: compiling the 27-export JVM list library
2026-10-09T03:44:39.9041414Z # reviewed-ir/java: installing Maven archives offline and running twice without compilers
2026-10-09T03:44:39.9042961Z # reviewed-ir/java: 91674 assertions, compiler rejections and two runtime-only reruns passed
2026-10-09T03:44:39.9044521Z # reviewed-ir/kotlin: installing Maven archives offline and running twice without compilers
2026-10-09T03:44:39.9046416Z # reviewed-ir/kotlin: 91696 assertions, compiler rejections and two runtime-only reruns passed
2026-10-09T03:44:39.9209455Z 1..6
2026-10-09T03:44:39.9212516Z # tests 6
2026-10-09T03:44:39.9212955Z # suites 0
2026-10-09T03:44:39.9213522Z # pass 6
2026-10-09T03:44:39.9214151Z # fail 0
2026-10-09T03:44:39.9214845Z # cancelled 0
2026-10-09T03:44:39.9226055Z # skipped 0
2026-10-09T03:44:39.9226408Z # todo 0
2026-10-09T03:44:39.9226808Z # duration_ms 312156.173692
2026-10-09T03:44:39.9675972Z TAP version 13
2026-10-09T03:49:14.6279947Z # Subtest: installed Java and Kotlin aliases retain named contracts and target semantics on both source paths
2026-10-09T03:49:14.6286692Z ok 1 - installed Java and Kotlin aliases retain named contracts and target semantics on both source paths
2026-10-09T03:49:14.6287996Z   ---
2026-10-09T03:49:14.6289000Z   duration_ms: 274380.058682
2026-10-09T03:49:14.6289744Z   type: 'test'
2026-10-09T03:49:14.6290159Z   ...
2026-10-09T03:49:14.6290913Z # ordinary-source: compiling the 31-export JVM alias package
2026-10-09T03:49:14.6297297Z # ordinary-source/java: offline Maven install, source-local compiler rejections and two runtime-only reruns
2026-10-09T03:49:14.6299311Z # ordinary-source/java: 3711 public checks, 12 compiler rejections, 237 injected failures passed
2026-10-09T03:49:14.6301453Z # ordinary-source/kotlin: offline Maven install, source-local compiler rejections and two runtime-only reruns
2026-10-09T03:49:14.6303466Z # ordinary-source/kotlin: 3711 public checks, 12 compiler rejections, 237 injected failures passed
2026-10-09T03:49:14.6305394Z # reviewed-ir: compiling the 31-export JVM alias package
2026-10-09T03:49:14.6307758Z # reviewed-ir/java: offline Maven install, source-local compiler rejections and two runtime-only reruns
2026-10-09T03:49:14.6309733Z # reviewed-ir/java: 3711 public checks, 12 compiler rejections, 237 injected failures passed
2026-10-09T03:49:14.6311816Z # reviewed-ir/kotlin: offline Maven install, source-local compiler rejections and two runtime-only reruns
2026-10-09T03:49:14.6313531Z # reviewed-ir/kotlin: 3711 public checks, 12 compiler rejections, 237 injected failures passed
2026-10-09T03:49:14.6447031Z 1..1
2026-10-09T03:49:14.6447564Z # tests 1
2026-10-09T03:49:14.6448063Z # suites 0
2026-10-09T03:49:14.6448699Z # pass 1
2026-10-09T03:49:14.6449255Z # fail 0
2026-10-09T03:49:14.6449786Z # cancelled 0
2026-10-09T03:49:14.6450316Z # skipped 0
2026-10-09T03:49:14.6450851Z # todo 0
2026-10-09T03:49:14.6451432Z # duration_ms 274689.206409
2026-10-09T03:49:14.6908464Z TAP version 13
2026-10-09T03:49:14.9930961Z # Subtest: JVM packages are checked Fin consumers beside C, C++, Python, Rust, Ruby and .NET
2026-10-09T03:49:14.9940260Z ok 1 - JVM packages are checked Fin consumers beside C, C++, Python, Rust, Ruby and .NET
2026-10-09T03:49:14.9941441Z   ---
2026-10-09T03:49:14.9942120Z   duration_ms: 1.279578
2026-10-09T03:49:14.9942584Z   type: 'test'
2026-10-09T03:49:14.9942965Z   ...
2026-10-09T03:49:14.9944083Z # Subtest: generated JVM bound docs come only from checked refinement metadata
2026-10-09T03:49:14.9946924Z ok 2 - generated JVM bound docs come only from checked refinement metadata
2026-10-09T03:49:14.9947926Z   ---
2026-10-09T03:49:14.9948212Z   duration_ms: 19.985397
2026-10-09T03:49:14.9948475Z   type: 'test'
2026-10-09T03:49:14.9948694Z   ...
2026-10-09T03:53:37.8001297Z # Subtest: relocated source-free JVM packages check Fin bounds from Java and Kotlin through the bundled C adapter
2026-10-09T03:53:37.8003514Z ok 3 - relocated source-free JVM packages check Fin bounds from Java and Kotlin through the bundled C adapter
2026-10-09T03:53:37.8004718Z   ---
2026-10-09T03:53:37.8005598Z   duration_ms: 262809.691946
2026-10-09T03:53:37.8006080Z   type: 'test'
2026-10-09T03:53:37.8006470Z   ...
2026-10-09T03:53:37.8007167Z # build 0: compiling the shared C library and Maven JAR
2026-10-09T03:53:37.8007997Z # offline java compilation and execution
2026-10-09T03:53:37.8009841Z # offline kotlin compilation and execution
2026-10-09T03:53:37.8012051Z # build 1: compiling the shared C library and Maven JAR
2026-10-09T03:57:58.8276908Z # Subtest: independently reviewed Jvm packages check scalar Fin through installed consumers
2026-10-09T03:57:58.8278102Z ok 4 - independently reviewed Jvm packages check scalar Fin through installed consumers
2026-10-09T03:57:58.8278759Z   ---
2026-10-09T03:57:58.8279080Z   duration_ms: 261027.763264
2026-10-09T03:57:58.8279541Z   type: 'test'
2026-10-09T03:57:58.8280005Z   ...
2026-10-09T03:57:58.8280624Z # build 0: compiling the shared C library and Maven JAR
2026-10-09T03:57:58.8281458Z # offline java compilation and execution
2026-10-09T03:57:58.8296271Z # offline kotlin compilation and execution
2026-10-09T03:57:58.8297205Z # build 1: compiling the shared C library and Maven JAR
2026-10-09T03:57:58.8438780Z 1..4
2026-10-09T03:57:58.8439394Z # tests 4
2026-10-09T03:57:58.8439906Z # suites 0
2026-10-09T03:57:58.8440512Z # pass 4
2026-10-09T03:57:58.8441154Z # fail 0
2026-10-09T03:57:58.8441660Z # cancelled 0
2026-10-09T03:57:58.8442322Z # skipped 0
2026-10-09T03:57:58.8442856Z # todo 0
2026-10-09T03:57:58.8443607Z # duration_ms 524165.600175
2026-10-09T03:57:58.8878849Z TAP version 13
2026-10-09T03:57:59.4552446Z # Subtest: Native consumer CI repair integration authenticates each exact source predecessor
2026-10-09T03:57:59.4561173Z ok 1 - Native consumer CI repair integration authenticates each exact source predecessor
2026-10-09T03:57:59.4562146Z   ---
2026-10-09T03:57:59.4562584Z   duration_ms: 263.113929
2026-10-09T03:57:59.4563043Z   type: 'test'
2026-10-09T03:57:59.4563381Z   ...
2026-10-09T03:57:59.6898217Z # Subtest: Native consumer CI repair source pins do not change observations or other inventory claims
2026-10-09T03:57:59.6900393Z ok 2 - Native consumer CI repair source pins do not change observations or other inventory claims
2026-10-09T03:57:59.6902470Z   ---
2026-10-09T03:57:59.6902799Z   duration_ms: 234.166727
2026-10-09T03:57:59.6903062Z   type: 'test'
2026-10-09T03:57:59.6903268Z   ...
2026-10-09T03:57:59.6932703Z # Subtest: every native profile has a specialization consumer for the same concrete exports
2026-10-09T03:57:59.6935267Z ok 3 - every native profile has a specialization consumer for the same concrete exports
2026-10-09T03:57:59.6936471Z   ---
2026-10-09T03:57:59.6936906Z   duration_ms: 2.886428
2026-10-09T03:57:59.6937365Z   type: 'test'
2026-10-09T03:57:59.6937740Z   ...
2026-10-09T03:57:59.6940982Z # Subtest: native builds admit a generic structure instantiation named by an alias, with its provenance
2026-10-09T03:57:59.6942780Z ok 4 - native builds admit a generic structure instantiation named by an alias, with its provenance # SKIP
2026-10-09T03:57:59.6943505Z   ---
2026-10-09T03:57:59.6943752Z   duration_ms: 0.261358
2026-10-09T03:57:59.6943992Z   type: 'test'
2026-10-09T03:57:59.6944187Z   ...
2026-10-09T03:59:35.1993682Z # Subtest: relocated source-free native packages install concrete specializations without the generic declaration
2026-10-09T03:59:35.1996212Z ok 5 - relocated source-free native packages install concrete specializations without the generic declaration
2026-10-09T03:59:35.1997392Z   ---
2026-10-09T03:59:35.1997883Z   duration_ms: 95506.148154
2026-10-09T03:59:35.1998341Z   type: 'test'
2026-10-09T03:59:35.1998833Z   ...
2026-10-09T03:59:35.1999240Z # build 0: java, kotlin
2026-10-09T03:59:35.1999735Z # installing and checking java
2026-10-09T03:59:35.2000420Z # installing and checking kotlin
2026-10-09T03:59:35.2000917Z # build 1: java, kotlin
2026-10-09T03:59:35.2253428Z 1..5
2026-10-09T03:59:35.2253876Z # tests 5
2026-10-09T03:59:35.2254251Z # suites 0
2026-10-09T03:59:35.2254621Z # pass 4
2026-10-09T03:59:35.2254988Z # fail 0
2026-10-09T03:59:35.2255663Z # cancelled 0
2026-10-09T03:59:35.2256250Z # skipped 1
2026-10-09T03:59:35.2256823Z # todo 0
2026-10-09T03:59:35.2257633Z # duration_ms 96348.995724
2026-10-09T03:59:35.2731650Z TAP version 13
2026-10-09T04:01:35.8756522Z # Subtest: relocated source-free native packages construct and project alias-named generic records
2026-10-09T04:01:35.8764439Z ok 1 - relocated source-free native packages construct and project alias-named generic records
2026-10-09T04:01:35.8766524Z   ---
2026-10-09T04:01:35.8766979Z   duration_ms: 120087.704394
2026-10-09T04:01:35.8767470Z   type: 'test'
2026-10-09T04:01:35.8767836Z   ...
2026-10-09T04:01:35.8768284Z # build 0: java, kotlin
2026-10-09T04:01:35.8773230Z # installing and checking java
2026-10-09T04:01:35.8775935Z # installing and checking kotlin
2026-10-09T04:01:35.8777658Z # build 1: java, kotlin
2026-10-09T04:03:47.4508061Z # Subtest: relocated source-free native packages construct specialized generic records in two namespaces and Option/List aliases
2026-10-09T04:03:47.4510695Z ok 2 - relocated source-free native packages construct specialized generic records in two namespaces and Option/List aliases
2026-10-09T04:03:47.4511793Z   ---
2026-10-09T04:03:47.4526040Z   duration_ms: 131575.829534
2026-10-09T04:03:47.4526655Z   type: 'test'
2026-10-09T04:03:47.4526992Z   ...
2026-10-09T04:03:47.4527454Z # build 0: java, kotlin
2026-10-09T04:03:47.4528058Z # installing and checking java
2026-10-09T04:03:47.4528707Z # installing and checking kotlin
2026-10-09T04:03:47.4529277Z # build 1: java, kotlin
2026-10-09T04:03:47.4729271Z 1..2
2026-10-09T04:03:47.4729707Z # tests 2
2026-10-09T04:03:47.4730084Z # suites 0
2026-10-09T04:03:47.4730456Z # pass 2
2026-10-09T04:03:47.4730801Z # fail 0
2026-10-09T04:03:47.4731169Z # cancelled 0
2026-10-09T04:03:47.4731842Z # skipped 0
2026-10-09T04:03:47.4732426Z # todo 0
2026-10-09T04:03:47.4733001Z # duration_ms 252211.665575
2026-10-09T04:03:47.5179435Z TAP version 13
2026-10-09T04:03:47.8704756Z # Subtest: container host dispatch requires every ordered public and raw control
2026-10-09T04:03:47.8714478Z ok 1 - container host dispatch requires every ordered public and raw control
2026-10-09T04:03:47.8714939Z   ---
2026-10-09T04:03:47.8715488Z   duration_ms: 20.764722
2026-10-09T04:03:47.8715751Z   type: 'test'
2026-10-09T04:03:47.8715958Z   ...
2026-10-09T04:03:48.6831714Z # Subtest: container dispatch history authenticates exact predecessors and rejects unknown edits
2026-10-09T04:03:48.6833591Z ok 2 - container dispatch history authenticates exact predecessors and rejects unknown edits
2026-10-09T04:03:48.6834421Z   ---
2026-10-09T04:03:48.6834823Z   duration_ms: 816.697053
2026-10-09T04:03:48.6835480Z   type: 'test'
2026-10-09T04:03:48.6835862Z   ...
2026-10-09T04:03:49.4008114Z # Subtest: container dispatch adds no support claims or rewritten archived observations
2026-10-09T04:03:49.4009749Z ok 3 - container dispatch adds no support claims or rewritten archived observations
2026-10-09T04:03:49.4010581Z   ---
2026-10-09T04:03:49.4010935Z   duration_ms: 717.590144
2026-10-09T04:03:49.4011203Z   type: 'test'
2026-10-09T04:03:49.4011411Z   ...
2026-10-09T04:03:50.0597260Z # Subtest: Perl Fin archive inspection authenticates each exact source predecessor
2026-10-09T04:03:50.0600502Z ok 4 - Perl Fin archive inspection authenticates each exact source predecessor
2026-10-09T04:03:50.0601019Z   ---
2026-10-09T04:03:50.0601299Z   duration_ms: 658.697047
2026-10-09T04:03:50.0601584Z   type: 'test'
2026-10-09T04:03:50.0601820Z   ...
2026-10-09T04:03:50.6763974Z # Subtest: Perl Fin archive inspection changes current source pins without inventing installed evidence
2026-10-09T04:03:50.6775510Z ok 5 - Perl Fin archive inspection changes current source pins without inventing installed evidence
2026-10-09T04:03:50.6776064Z   ---
2026-10-09T04:03:50.6776301Z   duration_ms: 616.757108
2026-10-09T04:03:50.6776553Z   type: 'test'
2026-10-09T04:03:50.6776754Z   ...
2026-10-09T04:03:51.3026800Z # Subtest: Perl Fin XS audit authenticates each exact source predecessor
2026-10-09T04:03:51.3027942Z ok 6 - Perl Fin XS audit authenticates each exact source predecessor
2026-10-09T04:03:51.3028591Z   ---
2026-10-09T04:03:51.3028991Z   duration_ms: 625.962739
2026-10-09T04:03:51.3029403Z   type: 'test'
2026-10-09T04:03:51.3029739Z   ...
2026-10-09T04:03:51.9062078Z # Subtest: Perl Fin XS audit changes current source pins without inventing installed evidence
2026-10-09T04:03:51.9063390Z ok 7 - Perl Fin XS audit changes current source pins without inventing installed evidence
2026-10-09T04:03:51.9064151Z   ---
2026-10-09T04:03:51.9064625Z   duration_ms: 603.35877
2026-10-09T04:03:51.9065344Z   type: 'test'
2026-10-09T04:03:51.9065745Z   ...
2026-10-09T04:03:51.9296619Z # Subtest: Perl Fin archive inspection works with the compiler-free consumer PATH
2026-10-09T04:03:51.9297998Z ok 8 - Perl Fin archive inspection works with the compiler-free consumer PATH
2026-10-09T04:03:51.9306079Z   ---
2026-10-09T04:03:51.9306503Z   duration_ms: 18.430314
2026-10-09T04:03:51.9306887Z   type: 'test'
2026-10-09T04:03:51.9307220Z   ...
2026-10-09T04:03:51.9308184Z # Subtest: native types admit Fin at top level, inside structural containers and in plain record and variant fields
2026-10-09T04:03:51.9309363Z ok 9 - native types admit Fin at top level, inside structural containers and in plain record and variant fields
2026-10-09T04:03:51.9309985Z   ---
2026-10-09T04:03:51.9310240Z   duration_ms: 2.955727
2026-10-09T04:03:51.9310508Z   type: 'test'
2026-10-09T04:03:51.9310747Z   ...
2026-10-09T04:03:51.9311849Z # Subtest: Lean adapters check container elements with typed construction and keep the scalar form byte for byte
2026-10-09T04:03:51.9313273Z ok 10 - Lean adapters check container elements with typed construction and keep the scalar form byte for byte
2026-10-09T04:03:51.9314065Z   ---
2026-10-09T04:03:51.9314602Z   duration_ms: 2.203222
2026-10-09T04:03:51.9315284Z   type: 'test'
2026-10-09T04:03:51.9315965Z   ...
2026-10-09T04:03:51.9348570Z # Subtest: every native profile has a Fin container consumer
2026-10-09T04:03:51.9349308Z ok 11 - every native profile has a Fin container consumer
2026-10-09T04:03:51.9349669Z   ---
2026-10-09T04:03:51.9349902Z   duration_ms: 3.095007
2026-10-09T04:03:51.9350136Z   type: 'test'
2026-10-09T04:03:51.9350339Z   ...
2026-10-09T04:03:51.9351000Z # Subtest: native builds still reject Fin in callbacks and generic record instantiations, including containers there
2026-10-09T04:03:51.9352019Z ok 12 - native builds still reject Fin in callbacks and generic record instantiations, including containers there # SKIP
2026-10-09T04:03:51.9352572Z   ---
2026-10-09T04:03:51.9352789Z   duration_ms: 0.277228
2026-10-09T04:03:51.9353015Z   type: 'test'
2026-10-09T04:03:51.9353214Z   ...
2026-10-09T04:05:35.9719430Z # Subtest: relocated source-free native packages check Fin inside arrays, lists and options
2026-10-09T04:05:35.9724640Z ok 13 - relocated source-free native packages check Fin inside arrays, lists and options
2026-10-09T04:05:35.9725744Z   ---
2026-10-09T04:05:35.9726258Z   duration_ms: 104038.066048
2026-10-09T04:05:35.9726748Z   type: 'test'
2026-10-09T04:05:35.9727148Z   ...
2026-10-09T04:05:35.9727582Z # build 0: java, kotlin
2026-10-09T04:05:35.9728077Z # installing and checking java
2026-10-09T04:05:35.9728576Z # installing and checking kotlin
2026-10-09T04:05:35.9729064Z # build 1: java, kotlin
2026-10-09T04:07:18.3867230Z # Subtest: independently reviewed native packages check container and alias Fin bounds after source-free installation
2026-10-09T04:07:18.3869055Z ok 14 - independently reviewed native packages check container and alias Fin bounds after source-free installation
2026-10-09T04:07:18.3869823Z   ---
2026-10-09T04:07:18.3870338Z   duration_ms: 102415.368944
2026-10-09T04:07:18.3870821Z   type: 'test'
2026-10-09T04:07:18.3871265Z   ...
2026-10-09T04:07:18.3871776Z # build 0: java, kotlin
2026-10-09T04:07:18.3872313Z # installing and checking java
2026-10-09T04:07:18.3872925Z # installing and checking kotlin
2026-10-09T04:07:18.3875378Z # build 1: java, kotlin
2026-10-09T04:07:18.4109261Z 1..14
2026-10-09T04:07:18.4110139Z # tests 14
2026-10-09T04:07:18.4110736Z # suites 0
2026-10-09T04:07:18.4111292Z # pass 13
2026-10-09T04:07:18.4111713Z # fail 0
2026-10-09T04:07:18.4112374Z # cancelled 0
2026-10-09T04:07:18.4113000Z # skipped 1
2026-10-09T04:07:18.4113468Z # todo 0
2026-10-09T04:07:18.4114215Z # duration_ms 210905.301601
2026-10-09T04:07:18.4564888Z TAP version 13
2026-10-09T04:07:18.8445780Z # Subtest: PHP-safe product name authenticates each exact source predecessor
2026-10-09T04:07:18.8452130Z ok 1 - PHP-safe product name authenticates each exact source predecessor
2026-10-09T04:07:18.8452946Z   ---
2026-10-09T04:07:18.8453404Z   duration_ms: 67.390987
2026-10-09T04:07:18.8453881Z   type: 'test'
2026-10-09T04:07:18.8454269Z   ...
2026-10-09T04:07:19.4645901Z # Subtest: Fin products authenticates each exact source predecessor
2026-10-09T04:07:19.4660584Z ok 2 - Fin products authenticates each exact source predecessor
2026-10-09T04:07:19.4661017Z   ---
2026-10-09T04:07:19.4661265Z   duration_ms: 619.993684
2026-10-09T04:07:19.4661517Z   type: 'test'
2026-10-09T04:07:19.4661717Z   ...
2026-10-09T04:07:20.4422092Z # Subtest: Fin products changes current source pins without inventing installed evidence
2026-10-09T04:07:20.4423848Z ok 3 - Fin products changes current source pins without inventing installed evidence
2026-10-09T04:07:20.4425553Z   ---
2026-10-09T04:07:20.4425819Z   duration_ms: 977.624809
2026-10-09T04:07:20.4426063Z   type: 'test'
2026-10-09T04:07:20.4426264Z   ...
2026-10-09T04:07:21.0710711Z # Subtest: Fin products CI authenticates each exact source predecessor
2026-10-09T04:07:21.0723008Z ok 4 - Fin products CI authenticates each exact source predecessor
2026-10-09T04:07:21.0723613Z   ---
2026-10-09T04:07:21.0723858Z   duration_ms: 628.845949
2026-10-09T04:07:21.0724102Z   type: 'test'
2026-10-09T04:07:21.0724307Z   ...
2026-10-09T04:07:22.2728955Z # Subtest: Fin products CI changes current source pins without inventing installed evidence
2026-10-09T04:07:22.2730566Z ok 5 - Fin products CI changes current source pins without inventing installed evidence
2026-10-09T04:07:22.2731247Z   ---
2026-10-09T04:07:22.2731539Z   duration_ms: 1201.511082
2026-10-09T04:07:22.2731784Z   type: 'test'
2026-10-09T04:07:22.2731981Z   ...
2026-10-09T04:07:22.9138861Z # Subtest: Fin products floors authenticates each exact source predecessor
2026-10-09T04:07:22.9140038Z ok 6 - Fin products floors authenticates each exact source predecessor
2026-10-09T04:07:22.9140569Z   ---
2026-10-09T04:07:22.9140853Z   duration_ms: 641.016945
2026-10-09T04:07:22.9141181Z   type: 'test'
2026-10-09T04:07:22.9141620Z   ...
2026-10-09T04:07:24.0850052Z # Subtest: Fin products floors changes current source pins without inventing installed evidence
2026-10-09T04:07:24.0852171Z ok 7 - Fin products floors changes current source pins without inventing installed evidence
2026-10-09T04:07:24.0853377Z   ---
2026-10-09T04:07:24.0853890Z   duration_ms: 1170.892459
2026-10-09T04:07:24.0854406Z   type: 'test'
2026-10-09T04:07:24.0854817Z   ...
2026-10-09T04:07:24.0912432Z # Subtest: Array dispatch archives retain exact installed packages and ten measured C rows
2026-10-09T04:07:24.0914286Z ok 8 - Array dispatch archives retain exact installed packages and ten measured C rows
2026-10-09T04:07:24.0915552Z   ---
2026-10-09T04:07:24.0916108Z   duration_ms: 6.622307
2026-10-09T04:07:24.0916518Z   type: 'test'
2026-10-09T04:07:24.0916863Z   ...
2026-10-09T04:07:24.0984023Z # Subtest: Array dispatch evidence refuses missing positions, false counters and inherited C++ dispatch
2026-10-09T04:07:24.0986526Z ok 9 - Array dispatch evidence refuses missing positions, false counters and inherited C++ dispatch
2026-10-09T04:07:24.0987835Z   ---
2026-10-09T04:07:24.0988527Z   duration_ms: 6.429191
2026-10-09T04:07:24.0989228Z   type: 'test'
2026-10-09T04:07:24.0989636Z   ...
2026-10-09T04:07:24.1022977Z # Subtest: Array product archives retain exact installed C/C++ results and unmeasured dispatch
2026-10-09T04:07:24.1025011Z ok 10 - Array product archives retain exact installed C/C++ results and unmeasured dispatch
2026-10-09T04:07:24.1026266Z   ---
2026-10-09T04:07:24.1026940Z   duration_ms: 4.404191
2026-10-09T04:07:24.1027427Z   type: 'test'
2026-10-09T04:07:24.1027739Z   ...
2026-10-09T04:07:24.1039532Z # Subtest: the product follow-up preserves all five fresh-Lean refusal results
2026-10-09T04:07:24.1041170Z ok 11 - the product follow-up preserves all five fresh-Lean refusal results
2026-10-09T04:07:24.1042401Z   ---
2026-10-09T04:07:24.1043014Z   duration_ms: 1.573023
2026-10-09T04:07:24.1043496Z   type: 'test'
2026-10-09T04:07:24.1043905Z   ...
2026-10-09T04:07:24.1091438Z # Subtest: C/C++ product archives bind both source paths to exact bounds and measured dispatch
2026-10-09T04:07:24.1092881Z ok 12 - C/C++ product archives bind both source paths to exact bounds and measured dispatch
2026-10-09T04:07:24.1093557Z   ---
2026-10-09T04:07:24.1094182Z   duration_ms: 5.235714
2026-10-09T04:07:24.1094798Z   type: 'test'
2026-10-09T04:07:24.1095711Z   ...
2026-10-09T04:07:24.1196875Z # Subtest: PHP-safe product names preserve every original bound and independently reviewed site
2026-10-09T04:07:24.1198731Z ok 13 - PHP-safe product names preserve every original bound and independently reviewed site
2026-10-09T04:07:24.1199524Z   ---
2026-10-09T04:07:24.1200092Z   duration_ms: 10.449956
2026-10-09T04:07:24.1200621Z   type: 'test'
2026-10-09T04:07:24.1200960Z   ...
2026-10-09T04:07:24.2267014Z # Subtest: product logs retain the failed baseline review and the corrected run with four mismatches
2026-10-09T04:07:24.2269714Z ok 14 - product logs retain the failed baseline review and the corrected run with four mismatches
2026-10-09T04:07:24.2271116Z   ---
2026-10-09T04:07:24.2272004Z   duration_ms: 2.314789
2026-10-09T04:07:24.2272880Z   type: 'test'
2026-10-09T04:07:24.2273652Z   ...
2026-10-09T04:07:24.2275508Z # Subtest: native refinement trees keep both product components and both Except branches
2026-10-09T04:07:24.2278148Z ok 15 - native refinement trees keep both product components and both Except branches
2026-10-09T04:07:24.2279283Z   ---
2026-10-09T04:07:24.2279992Z   duration_ms: 35.489953
2026-10-09T04:07:24.2280682Z   type: 'test'
2026-10-09T04:07:24.2281320Z   ...
2026-10-09T04:07:24.2282640Z # Subtest: documentation paths name product components and the active Except branch
2026-10-09T04:07:24.2284280Z ok 16 - documentation paths name product components and the active Except branch
2026-10-09T04:07:24.2285625Z   ---
2026-10-09T04:07:24.2286354Z   duration_ms: 3.17705
2026-10-09T04:07:24.2287080Z   type: 'test'
2026-10-09T04:07:24.2287710Z   ...
2026-10-09T04:07:24.2289058Z # Subtest: the independent product review passes reviewed admission and states every compiled bound
2026-10-09T04:07:24.2290961Z ok 17 - the independent product review passes reviewed admission and states every compiled bound
2026-10-09T04:07:24.2292134Z   ---
2026-10-09T04:07:24.2292827Z   duration_ms: 14.847395
2026-10-09T04:07:24.2293559Z   type: 'test'
2026-10-09T04:07:24.2294199Z   ...
2026-10-09T04:07:24.2295598Z # Subtest: generated host documentation lists product and Except bound paths
2026-10-09T04:07:24.2297130Z ok 18 - generated host documentation lists product and Except bound paths
2026-10-09T04:07:24.2298142Z   ---
2026-10-09T04:07:24.2298754Z   duration_ms: 14.958382
2026-10-09T04:07:24.2299338Z   type: 'test'
2026-10-09T04:07:24.2300002Z   ...
2026-10-09T04:07:24.2301148Z # Subtest: the installed WIT patterns match the WIT generated from the fixture's compiler model
2026-10-09T04:07:24.2302991Z ok 19 - the installed WIT patterns match the WIT generated from the fixture's compiler model
2026-10-09T04:07:24.2304147Z   ---
2026-10-09T04:07:24.2304845Z   duration_ms: 16.902461
2026-10-09T04:07:24.2305812Z   type: 'test'
2026-10-09T04:07:24.2306451Z   ...
2026-10-09T04:07:24.2307856Z # Subtest: C adapters compare both components and only the active branch on caller limbs before Lean runs
2026-10-09T04:07:24.2309834Z ok 20 - C adapters compare both components and only the active branch on caller limbs before Lean runs
2026-10-09T04:07:24.2310927Z   ---
2026-10-09T04:07:24.2311567Z   duration_ms: 6.316251
2026-10-09T04:07:24.2312277Z   type: 'test'
2026-10-09T04:07:24.2312693Z   ...
2026-10-09T04:07:24.2313896Z # Subtest: Lean adapters construct every Fin of both components and the active branch before one source call
2026-10-09T04:07:24.2315889Z ok 21 - Lean adapters construct every Fin of both components and the active branch before one source call
2026-10-09T04:07:24.2316838Z   ---
2026-10-09T04:07:24.2317252Z   duration_ms: 3.887547
2026-10-09T04:07:24.2317662Z   type: 'test'
2026-10-09T04:07:24.2318033Z   ...
2026-10-09T04:07:24.2318933Z # Subtest: Perl XS walks both components and the active branch, naming each path
2026-10-09T04:07:24.2320134Z ok 22 - Perl XS walks both components and the active branch, naming each path
2026-10-09T04:07:24.2320830Z   ---
2026-10-09T04:07:24.2321266Z   duration_ms: 4.360841
2026-10-09T04:07:24.2321718Z   type: 'test'
2026-10-09T04:07:24.2322083Z   ...
2026-10-09T04:07:24.2323023Z # Subtest: reviewed product and Except bounds must equal the freshly compiled tree
2026-10-09T04:07:24.2324381Z ok 23 - reviewed product and Except bounds must equal the freshly compiled tree
2026-10-09T04:07:24.2325421Z   ---
2026-10-09T04:07:24.2325860Z   duration_ms: 4.077541
2026-10-09T04:07:24.2326289Z   type: 'test'
2026-10-09T04:07:24.2326656Z   ...
2026-10-09T04:07:24.2327463Z # Subtest: every native profile has a Fin product consumer and a target
2026-10-09T04:07:24.2328621Z ok 24 - every native profile has a Fin product consumer and a target
2026-10-09T04:07:24.2329324Z   ---
2026-10-09T04:07:24.2329751Z   duration_ms: 3.320909
2026-10-09T04:07:24.2330189Z   type: 'test'
2026-10-09T04:07:24.2330553Z   ...
2026-10-09T04:09:04.9467985Z # Subtest: relocated source-free native packages check Fin inside products and the active Except branch
2026-10-09T04:09:04.9470358Z ok 25 - relocated source-free native packages check Fin inside products and the active Except branch
2026-10-09T04:09:04.9471719Z   ---
2026-10-09T04:09:04.9472250Z   duration_ms: 100716.012216
2026-10-09T04:09:04.9472889Z   type: 'test'
2026-10-09T04:09:04.9473277Z   ...
2026-10-09T04:09:04.9473823Z # build 0: java, kotlin
2026-10-09T04:09:04.9474349Z # installing and checking java
2026-10-09T04:09:04.9474940Z # installing and checking kotlin
2026-10-09T04:09:04.9475698Z # build 1: java, kotlin
2026-10-09T04:10:44.6770528Z # Subtest: independently reviewed native packages check product and Except bounds after source-free installation
2026-10-09T04:10:44.6772951Z ok 26 - independently reviewed native packages check product and Except bounds after source-free installation
2026-10-09T04:10:44.6774302Z   ---
2026-10-09T04:10:44.6774995Z   duration_ms: 99730.745014
2026-10-09T04:10:44.6775767Z   type: 'test'
2026-10-09T04:10:44.6776163Z   ...
2026-10-09T04:10:44.6776595Z # build 0: java, kotlin
2026-10-09T04:10:44.6777177Z # installing and checking java
2026-10-09T04:10:44.6777842Z # installing and checking kotlin
2026-10-09T04:10:44.6778405Z # build 1: java, kotlin
2026-10-09T04:10:44.6781040Z # Subtest: the independent product review passes reviewed admission, and changed bounds are refused against fresh Lean
2026-10-09T04:10:44.6782814Z ok 27 - the independent product review passes reviewed admission, and changed bounds are refused against fresh Lean # SKIP
2026-10-09T04:10:44.6783481Z   ---
2026-10-09T04:10:44.6783741Z   duration_ms: 0.159718
2026-10-09T04:10:44.6784036Z   type: 'test'
2026-10-09T04:10:44.6784247Z   ...
2026-10-09T04:10:44.7043463Z 1..27
2026-10-09T04:10:44.7043877Z # tests 27
2026-10-09T04:10:44.7044322Z # suites 0
2026-10-09T04:10:44.7045281Z # pass 26
2026-10-09T04:10:44.7046147Z # fail 0
2026-10-09T04:10:44.7046938Z # cancelled 0
2026-10-09T04:10:44.7047386Z # skipped 1
2026-10-09T04:10:44.7047988Z # todo 0
2026-10-09T04:10:44.7048603Z # duration_ms 206259.692738
2026-10-09T04:10:44.7515818Z TAP version 13
2026-10-09T04:10:45.7014666Z # Subtest: Fin product arrays authenticates each exact source predecessor
2026-10-09T04:10:45.7020901Z ok 1 - Fin product arrays authenticates each exact source predecessor
2026-10-09T04:10:45.7021627Z   ---
2026-10-09T04:10:45.7022077Z   duration_ms: 627.277118
2026-10-09T04:10:45.7022539Z   type: 'test'
2026-10-09T04:10:45.7022915Z   ...
2026-10-09T04:10:46.9715533Z # Subtest: Fin product arrays changes current source pins without inventing installed evidence
2026-10-09T04:10:46.9727342Z ok 2 - Fin product arrays changes current source pins without inventing installed evidence
2026-10-09T04:10:46.9728373Z   ---
2026-10-09T04:10:46.9728938Z   duration_ms: 1189.847518
2026-10-09T04:10:46.9729610Z   type: 'test'
2026-10-09T04:10:46.9731278Z   ...
2026-10-09T04:10:46.9732451Z # Subtest: an array directly over a product keeps the component bound and only the error-branch bound
2026-10-09T04:10:46.9734183Z ok 3 - an array directly over a product keeps the component bound and only the error-branch bound
2026-10-09T04:10:46.9735568Z   ---
2026-10-09T04:10:46.9736280Z   duration_ms: 36.394999
2026-10-09T04:10:46.9737053Z   type: 'test'
2026-10-09T04:10:46.9737693Z   ...
2026-10-09T04:10:46.9739211Z # Subtest: C adapters compare every element's component and active error branch on caller limbs before Lean runs
2026-10-09T04:10:46.9741335Z ok 4 - C adapters compare every element's component and active error branch on caller limbs before Lean runs
2026-10-09T04:10:46.9742579Z   ---
2026-10-09T04:10:46.9743190Z   duration_ms: 10.123167
2026-10-09T04:10:46.9743837Z   type: 'test'
2026-10-09T04:10:46.9744403Z   ...
2026-10-09T04:10:46.9745749Z # Subtest: Lean adapters construct Fin for every element before one source call
2026-10-09T04:10:46.9747277Z ok 5 - Lean adapters construct Fin for every element before one source call
2026-10-09T04:10:46.9748240Z   ---
2026-10-09T04:10:46.9748839Z   duration_ms: 9.702893
2026-10-09T04:10:46.9749482Z   type: 'test'
2026-10-09T04:10:46.9750057Z   ...
2026-10-09T04:10:46.9751611Z # Subtest: Perl XS names the element index, the component and the active branch
2026-10-09T04:10:46.9753303Z ok 6 - Perl XS names the element index, the component and the active branch
2026-10-09T04:10:46.9754302Z   ---
2026-10-09T04:10:46.9754962Z   duration_ms: 9.844827
2026-10-09T04:10:46.9755902Z   type: 'test'
2026-10-09T04:10:46.9756492Z   ...
2026-10-09T04:10:46.9757808Z # Subtest: the independent array review passes reviewed admission and equals the compiled trees
2026-10-09T04:10:46.9759586Z ok 7 - the independent array review passes reviewed admission and equals the compiled trees
2026-10-09T04:10:46.9760709Z   ---
2026-10-09T04:10:46.9761317Z   duration_ms: 3.506716
2026-10-09T04:10:46.9761947Z   type: 'test'
2026-10-09T04:10:46.9762504Z   ...
2026-10-09T04:10:46.9763637Z # Subtest: reviewed array bounds and positions must equal the freshly compiled tree
2026-10-09T04:10:46.9765393Z ok 8 - reviewed array bounds and positions must equal the freshly compiled tree
2026-10-09T04:10:46.9766379Z   ---
2026-10-09T04:10:46.9767000Z   duration_ms: 10.169994
2026-10-09T04:10:46.9767612Z   type: 'test'
2026-10-09T04:10:46.9768161Z   ...
2026-10-09T04:10:46.9769218Z # Subtest: every native profile has a Fin product array consumer and a target
2026-10-09T04:10:46.9770567Z ok 9 - every native profile has a Fin product array consumer and a target
2026-10-09T04:10:46.9771454Z   ---
2026-10-09T04:10:46.9772018Z   duration_ms: 4.338318
2026-10-09T04:10:46.9772604Z   type: 'test'
2026-10-09T04:10:46.9773147Z   ...
2026-10-09T04:10:47.2824866Z # Subtest: the C consumer passes a faithful stand-in and fails one that rewrites the rejected leaf
2026-10-09T04:10:47.2826410Z ok 10 - the C consumer passes a faithful stand-in and fails one that rewrites the rejected leaf
2026-10-09T04:10:47.2826979Z   ---
2026-10-09T04:10:47.2827239Z   duration_ms: 305.61334
2026-10-09T04:10:47.2827508Z   type: 'test'
2026-10-09T04:10:47.2827738Z   ...
2026-10-09T04:12:25.1472778Z # Subtest: relocated source-free native packages check Fin inside every element of an array of products
2026-10-09T04:12:25.1474645Z ok 11 - relocated source-free native packages check Fin inside every element of an array of products
2026-10-09T04:12:25.1475796Z   ---
2026-10-09T04:12:25.1476065Z   duration_ms: 97865.03152
2026-10-09T04:12:25.1476407Z   type: 'test'
2026-10-09T04:12:25.1476757Z   ...
2026-10-09T04:12:25.1477615Z # build 0: java, kotlin
2026-10-09T04:12:25.1478573Z # installing and checking java
2026-10-09T04:12:25.1479464Z # installing and checking kotlin
2026-10-09T04:12:25.1480245Z # build 1: java, kotlin
2026-10-09T04:14:03.4620851Z # Subtest: independently reviewed native packages check array-of-product bounds after source-free installation
2026-10-09T04:14:03.4622759Z ok 12 - independently reviewed native packages check array-of-product bounds after source-free installation
2026-10-09T04:14:03.4623759Z   ---
2026-10-09T04:14:03.4624195Z   duration_ms: 98315.309534
2026-10-09T04:14:03.4624671Z   type: 'test'
2026-10-09T04:14:03.4625293Z   ...
2026-10-09T04:14:03.4627838Z # build 0: java, kotlin
2026-10-09T04:14:03.4628690Z # installing and checking java
2026-10-09T04:14:03.4629325Z # installing and checking kotlin
2026-10-09T04:14:03.4629873Z # build 1: java, kotlin
2026-10-09T04:14:03.4630976Z # Subtest: changed array-of-product reviews are refused against fresh Lean before any output
2026-10-09T04:14:03.4632559Z ok 13 - changed array-of-product reviews are refused against fresh Lean before any output # SKIP
2026-10-09T04:14:03.4633441Z   ---
2026-10-09T04:14:03.4633863Z   duration_ms: 0.163736
2026-10-09T04:14:03.4634294Z   type: 'test'
2026-10-09T04:14:03.4634663Z   ...
2026-10-09T04:14:03.4896447Z 1..13
2026-10-09T04:14:03.4896760Z # tests 13
2026-10-09T04:14:03.4897060Z # suites 0
2026-10-09T04:14:03.4897553Z # pass 12
2026-10-09T04:14:03.4898083Z # fail 0
2026-10-09T04:14:03.4898601Z # cancelled 0
2026-10-09T04:14:03.4899327Z # skipped 1
2026-10-09T04:14:03.4899740Z # todo 0
2026-10-09T04:14:03.4901166Z # duration_ms 198749.899584
2026-10-09T04:14:03.5360385Z TAP version 13
2026-10-09T04:14:04.6563601Z # Subtest: Native Fin records authenticates each exact source predecessor
2026-10-09T04:14:04.6568922Z ok 1 - Native Fin records authenticates each exact source predecessor
2026-10-09T04:14:04.6569702Z   ---
2026-10-09T04:14:04.6570165Z   duration_ms: 656.337166
2026-10-09T04:14:04.6570655Z   type: 'test'
2026-10-09T04:14:04.6571067Z   ...
2026-10-09T04:14:06.2946012Z # Subtest: Native Fin records changes current source pins without inventing installed evidence
2026-10-09T04:14:06.2956308Z ok 2 - Native Fin records changes current source pins without inventing installed evidence
2026-10-09T04:14:06.2957369Z   ---
2026-10-09T04:14:06.2957885Z   duration_ms: 1638.238385
2026-10-09T04:14:06.2958385Z   type: 'test'
2026-10-09T04:14:06.2958772Z   ...
2026-10-09T04:14:06.8513266Z # Subtest: native Fin promotion authenticates each exact source predecessor
2026-10-09T04:14:06.8515737Z ok 3 - native Fin promotion authenticates each exact source predecessor
2026-10-09T04:14:06.8516558Z   ---
2026-10-09T04:14:06.8516979Z   duration_ms: 556.810788
2026-10-09T04:14:06.8517404Z   type: 'test'
2026-10-09T04:14:06.8517752Z   ...
2026-10-09T04:14:06.8707415Z # Subtest: PHP-safe product name authenticates each exact source predecessor
2026-10-09T04:14:06.8708747Z ok 4 - PHP-safe product name authenticates each exact source predecessor
2026-10-09T04:14:06.8709409Z   ---
2026-10-09T04:14:06.8709784Z   duration_ms: 19.280287
2026-10-09T04:14:06.8710196Z   type: 'test'
2026-10-09T04:14:06.8710524Z   ...
2026-10-09T04:14:07.2262248Z # Subtest: Fin record WIT formatting authenticates each exact source predecessor
2026-10-09T04:14:07.2263690Z ok 5 - Fin record WIT formatting authenticates each exact source predecessor
2026-10-09T04:14:07.2264395Z   ---
2026-10-09T04:14:07.2264787Z   duration_ms: 355.215086
2026-10-09T04:14:07.2265510Z   type: 'test'
2026-10-09T04:14:07.2265891Z   ...
2026-10-09T04:14:07.2306226Z # Subtest: WIT record evidence archive authenticates each exact source predecessor
2026-10-09T04:14:07.2308107Z ok 6 - WIT record evidence archive authenticates each exact source predecessor
2026-10-09T04:14:07.2309099Z   ---
2026-10-09T04:14:07.2309692Z   duration_ms: 4.560632
2026-10-09T04:14:07.2310173Z   type: 'test'
2026-10-09T04:14:07.2310408Z   ...
2026-10-09T04:14:07.2428554Z # Subtest: record archives bind the expanded frozen fixture, original packages and C dispatch
2026-10-09T04:14:07.2429960Z ok 7 - record archives bind the expanded frozen fixture, original packages and C dispatch
2026-10-09T04:14:07.2430472Z   ---
2026-10-09T04:14:07.2430726Z   duration_ms: 12.160147
2026-10-09T04:14:07.2430993Z   type: 'test'
2026-10-09T04:14:07.2431211Z   ...
2026-10-09T04:14:07.2550002Z # Subtest: record evidence refuses lost compositions, false counters and inherited C++ dispatch
2026-10-09T04:14:07.2551518Z ok 8 - record evidence refuses lost compositions, false counters and inherited C++ dispatch
2026-10-09T04:14:07.2552313Z   ---
2026-10-09T04:14:07.2552694Z   duration_ms: 10.508034
2026-10-09T04:14:07.2553138Z   type: 'test'
2026-10-09T04:14:07.2553477Z   ...
2026-10-09T04:14:07.2631586Z # Subtest: Array dispatch archives retain exact installed packages and ten measured C rows
2026-10-09T04:14:07.2632788Z ok 9 - Array dispatch archives retain exact installed packages and ten measured C rows
2026-10-09T04:14:07.2633705Z   ---
2026-10-09T04:14:07.2634177Z   duration_ms: 9.242662
2026-10-09T04:14:07.2634718Z   type: 'test'
2026-10-09T04:14:07.2635541Z   ...
2026-10-09T04:14:07.2676645Z # Subtest: Array dispatch evidence refuses missing positions, false counters and inherited C++ dispatch
2026-10-09T04:14:07.2680671Z ok 10 - Array dispatch evidence refuses missing positions, false counters and inherited C++ dispatch
2026-10-09T04:14:07.2682041Z   ---
2026-10-09T04:14:07.2682634Z   duration_ms: 4.60223
2026-10-09T04:14:07.2683049Z   type: 'test'
2026-10-09T04:14:07.2683325Z   ...
2026-10-09T04:14:07.2711526Z # Subtest: Array product archives retain exact installed C/C++ results and unmeasured dispatch
2026-10-09T04:14:07.2714110Z ok 11 - Array product archives retain exact installed C/C++ results and unmeasured dispatch
2026-10-09T04:14:07.2714964Z   ---
2026-10-09T04:14:07.2715669Z   duration_ms: 3.61628
2026-10-09T04:14:07.2716099Z   type: 'test'
2026-10-09T04:14:07.2716359Z   ...
2026-10-09T04:14:07.2736310Z # Subtest: the product follow-up preserves all five fresh-Lean refusal results
2026-10-09T04:14:07.2737515Z ok 12 - the product follow-up preserves all five fresh-Lean refusal results
2026-10-09T04:14:07.2738198Z   ---
2026-10-09T04:14:07.2738568Z   duration_ms: 1.609825
2026-10-09T04:14:07.2738956Z   type: 'test'
2026-10-09T04:14:07.2739292Z   ...
2026-10-09T04:14:07.2805496Z # Subtest: C/C++ product archives bind both source paths to exact bounds and measured dispatch
2026-10-09T04:14:07.2807247Z ok 13 - C/C++ product archives bind both source paths to exact bounds and measured dispatch
2026-10-09T04:14:07.2808465Z   ---
2026-10-09T04:14:07.2809071Z   duration_ms: 7.715371
2026-10-09T04:14:07.2809557Z   type: 'test'
2026-10-09T04:14:07.2809961Z   ...
2026-10-09T04:14:07.2905433Z # Subtest: PHP-safe product names preserve every original bound and independently reviewed site
2026-10-09T04:14:07.2909123Z ok 14 - PHP-safe product names preserve every original bound and independently reviewed site
2026-10-09T04:14:07.2909934Z   ---
2026-10-09T04:14:07.2910385Z   duration_ms: 9.90608
2026-10-09T04:14:07.2910709Z   type: 'test'
2026-10-09T04:14:07.2911202Z   ...
2026-10-09T04:14:07.2925758Z # Subtest: product logs retain the failed baseline review and the corrected run with four mismatches
2026-10-09T04:14:07.2927582Z ok 15 - product logs retain the failed baseline review and the corrected run with four mismatches
2026-10-09T04:14:07.2928332Z   ---
2026-10-09T04:14:07.2928905Z   duration_ms: 1.958302
2026-10-09T04:14:07.2929392Z   type: 'test'
2026-10-09T04:14:07.2929785Z   ...
2026-10-09T04:14:10.6684884Z # Subtest: native Fin promotion retains all eight original reports and artifact identities
2026-10-09T04:14:10.6686989Z ok 16 - native Fin promotion retains all eight original reports and artifact identities
2026-10-09T04:14:10.6687958Z   ---
2026-10-09T04:14:10.6688451Z   duration_ms: 3375.279163
2026-10-09T04:14:10.6688958Z   type: 'test'
2026-10-09T04:14:10.6689378Z   ...
2026-10-09T04:14:14.2067659Z # Subtest: native Fin promotion changes four field cells and supplements eight structural cells only
2026-10-09T04:14:14.2070285Z ok 17 - native Fin promotion changes four field cells and supplements eight structural cells only
2026-10-09T04:14:14.2071584Z   ---
2026-10-09T04:14:14.2072256Z   duration_ms: 3486.615947
2026-10-09T04:14:14.2072720Z   type: 'test'
2026-10-09T04:14:14.2073072Z   ...
2026-10-09T04:14:14.2073985Z # Subtest: Fin record WIT assertions accept compact and multiline trailing-comma layouts
2026-10-09T04:14:14.2075420Z ok 18 - Fin record WIT assertions accept compact and multiline trailing-comma layouts
2026-10-09T04:14:14.2076177Z   ---
2026-10-09T04:14:14.2076517Z   duration_ms: 50.864716
2026-10-09T04:14:14.2076932Z   type: 'test'
2026-10-09T04:14:14.2077270Z   ...
2026-10-09T04:14:14.2078183Z # Subtest: actual wasm-tools Fin record round trip preserves strict signature assertions
2026-10-09T04:14:14.2079573Z ok 19 - actual wasm-tools Fin record round trip preserves strict signature assertions # SKIP
2026-10-09T04:14:14.2080318Z   ---
2026-10-09T04:14:14.2080640Z   duration_ms: 0.609117
2026-10-09T04:14:14.2080988Z   type: 'test'
2026-10-09T04:14:14.2081287Z   ...
2026-10-09T04:14:14.2214058Z # Subtest: WIT record evidence authenticates both source routes, exact fixture trees and seven original artifacts
2026-10-09T04:14:14.2215626Z ok 20 - WIT record evidence authenticates both source routes, exact fixture trees and seven original artifacts
2026-10-09T04:14:14.2216631Z   ---
2026-10-09T04:14:14.2217041Z   duration_ms: 15.080349
2026-10-09T04:14:14.2217453Z   type: 'test'
2026-10-09T04:14:14.2217732Z   ...
2026-10-09T04:14:14.2282074Z # Subtest: WIT record execution retains measured tools and separates failed hosted acceptance
2026-10-09T04:14:14.2283304Z ok 21 - WIT record execution retains measured tools and separates failed hosted acceptance
2026-10-09T04:14:14.2283833Z   ---
2026-10-09T04:14:14.2284087Z   duration_ms: 6.816314
2026-10-09T04:14:14.2284417Z   type: 'test'
2026-10-09T04:14:14.2284666Z   ...
2026-10-09T04:14:14.2866447Z # Subtest: WIT record report checks reject changed bounds, provenance, isolation and invented dispatch
2026-10-09T04:14:14.2868027Z ok 22 - WIT record report checks reject changed bounds, provenance, isolation and invented dispatch
2026-10-09T04:14:14.2868757Z   ---
2026-10-09T04:14:14.2869153Z   duration_ms: 58.03177
2026-10-09T04:14:14.2869562Z   type: 'test'
2026-10-09T04:14:14.2869902Z   ...
2026-10-09T04:14:14.4337485Z # Subtest: WIT execution validation rejects missing, skipped, cancelled or misidentified runs
2026-10-09T04:14:14.4349515Z ok 23 - WIT execution validation rejects missing, skipped, cancelled or misidentified runs
2026-10-09T04:14:14.4350817Z   ---
2026-10-09T04:14:14.4351447Z   duration_ms: 7.661
2026-10-09T04:14:14.4352064Z   type: 'test'
2026-10-09T04:14:14.4352623Z   ...
2026-10-09T04:14:14.4353846Z # Subtest: record and variant fields carry their bounds in site trees and per-definition Binding IR
2026-10-09T04:14:14.4355848Z ok 24 - record and variant fields carry their bounds in site trees and per-definition Binding IR
2026-10-09T04:14:14.4356936Z   ---
2026-10-09T04:14:14.4357529Z   duration_ms: 27.541741
2026-10-09T04:14:14.4358160Z   type: 'test'
2026-10-09T04:14:14.4358704Z   ...
2026-10-09T04:14:14.4359999Z # Subtest: C adapters check record fields and only the active variant case on caller limbs before Lean runs
2026-10-09T04:14:14.4361840Z ok 25 - C adapters check record fields and only the active variant case on caller limbs before Lean runs
2026-10-09T04:14:14.4362947Z   ---
2026-10-09T04:14:14.4363538Z   duration_ms: 16.620134
2026-10-09T04:14:14.4364164Z   type: 'test'
2026-10-09T04:14:14.4364708Z   ...
2026-10-09T04:14:14.4366404Z # Subtest: Lean adapters pass refined records and variants as erased mirrors checked once before one source call
2026-10-09T04:14:14.4368506Z ok 26 - Lean adapters pass refined records and variants as erased mirrors checked once before one source call
2026-10-09T04:14:14.4369618Z   ---
2026-10-09T04:14:14.4370199Z   duration_ms: 14.982767
2026-10-09T04:14:14.4370806Z   type: 'test'
2026-10-09T04:14:14.4371402Z   ...
2026-10-09T04:14:14.4372454Z # Subtest: records and variants without bounds keep their helpers byte for byte
2026-10-09T04:14:14.4373870Z ok 27 - records and variants without bounds keep their helpers byte for byte
2026-10-09T04:14:14.4374807Z   ---
2026-10-09T04:14:14.4375677Z   duration_ms: 1.578587
2026-10-09T04:14:14.4376366Z   type: 'test'
2026-10-09T04:14:14.4376937Z   ...
2026-10-09T04:14:14.4377928Z # Subtest: Perl XS walks record fields and the active case, naming each path
2026-10-09T04:14:14.4379298Z ok 28 - Perl XS walks record fields and the active case, naming each path
2026-10-09T04:14:14.4380220Z   ---
2026-10-09T04:14:14.4380832Z   duration_ms: 16.120211
2026-10-09T04:14:14.4381462Z   type: 'test'
2026-10-09T04:14:14.4382048Z   ...
2026-10-09T04:14:14.4383335Z # Subtest: hosts reading only the Binding IR document record and variant bounds from their definitions
2026-10-09T04:14:14.4385396Z ok 29 - hosts reading only the Binding IR document record and variant bounds from their definitions
2026-10-09T04:14:14.4386512Z   ---
2026-10-09T04:14:14.4387142Z   duration_ms: 17.631953
2026-10-09T04:14:14.4387780Z   type: 'test'
2026-10-09T04:14:14.4388353Z   ...
2026-10-09T04:14:14.4389678Z # Subtest: the independent record review passes reviewed admission and equals the compiled contract
2026-10-09T04:14:14.4391456Z ok 30 - the independent record review passes reviewed admission and equals the compiled contract
2026-10-09T04:14:14.4392530Z   ---
2026-10-09T04:14:14.4393122Z   duration_ms: 15.679949
2026-10-09T04:14:14.4393749Z   type: 'test'
2026-10-09T04:14:14.4394324Z   ...
2026-10-09T04:14:14.4396511Z # Subtest: reviewed record and variant field bounds must equal the freshly compiled definitions
2026-10-09T04:14:14.4398198Z ok 31 - reviewed record and variant field bounds must equal the freshly compiled definitions
2026-10-09T04:14:14.4399221Z   ---
2026-10-09T04:14:14.4399775Z   duration_ms: 24.727457
2026-10-09T04:14:14.4400396Z   type: 'test'
2026-10-09T04:14:14.4400938Z   ...
2026-10-09T04:14:14.4459168Z # Subtest: every native profile has a Fin record consumer and a target
2026-10-09T04:14:14.4476746Z ok 32 - every native profile has a Fin record consumer and a target
2026-10-09T04:14:14.4486001Z   ---
2026-10-09T04:14:14.4486792Z   duration_ms: 14.579989
2026-10-09T04:14:14.4487617Z   type: 'test'
2026-10-09T04:14:14.4488310Z   ...
2026-10-09T04:16:02.1662352Z # Subtest: relocated source-free native packages check Fin inside record fields and the active variant case
2026-10-09T04:16:02.1664192Z ok 33 - relocated source-free native packages check Fin inside record fields and the active variant case
2026-10-09T04:16:02.1665424Z   ---
2026-10-09T04:16:02.1665997Z   duration_ms: 107721.669739
2026-10-09T04:16:02.1666608Z   type: 'test'
2026-10-09T04:16:02.1666998Z   ...
2026-10-09T04:16:02.1667567Z # build 0: java, kotlin
2026-10-09T04:16:02.1668332Z # installing and checking java
2026-10-09T04:16:02.1669608Z # installing and checking kotlin
2026-10-09T04:16:02.1673911Z # build 1: java, kotlin
2026-10-09T04:17:49.8205599Z # Subtest: independently reviewed native packages check record and variant field bounds after source-free installation
2026-10-09T04:17:49.8207404Z ok 34 - independently reviewed native packages check record and variant field bounds after source-free installation
2026-10-09T04:17:49.8208248Z   ---
2026-10-09T04:17:49.8208770Z   duration_ms: 107654.340687
2026-10-09T04:17:49.8209280Z   type: 'test'
2026-10-09T04:17:49.8209806Z   ...
2026-10-09T04:17:49.8210334Z # build 0: java, kotlin
2026-10-09T04:17:49.8210915Z # installing and checking java
2026-10-09T04:17:49.8211494Z # installing and checking kotlin
2026-10-09T04:17:49.8212502Z # build 1: java, kotlin
2026-10-09T04:17:49.8223087Z # Subtest: changed record and variant reviews are refused against fresh Lean before any output
2026-10-09T04:17:49.8224703Z ok 35 - changed record and variant reviews are refused against fresh Lean before any output # SKIP
2026-10-09T04:17:49.8226899Z   ---
2026-10-09T04:17:49.8227337Z   duration_ms: 0.185366
2026-10-09T04:17:49.8227807Z   type: 'test'
2026-10-09T04:17:49.8228192Z   ...
2026-10-09T04:17:49.8468224Z 1..35
2026-10-09T04:17:49.8468642Z # tests 35
2026-10-09T04:17:49.8468868Z # suites 0
2026-10-09T04:17:49.8469201Z # pass 33
2026-10-09T04:17:49.8470033Z # fail 0
2026-10-09T04:17:49.8470518Z # cancelled 0
2026-10-09T04:17:49.8471104Z # skipped 2
2026-10-09T04:17:49.8471732Z # todo 0
2026-10-09T04:17:49.8472396Z # duration_ms 226322.694627
2026-10-09T04:17:49.8956408Z TAP version 13
2026-10-09T04:17:50.6281718Z # Subtest: Subtype alias position authenticates each exact source predecessor
2026-10-09T04:17:50.6288268Z ok 1 - Subtype alias position authenticates each exact source predecessor
2026-10-09T04:17:50.6289062Z   ---
2026-10-09T04:17:50.6289464Z   duration_ms: 397.696649
2026-10-09T04:17:50.6289731Z   type: 'test'
2026-10-09T04:17:50.6289945Z   ...
2026-10-09T04:17:50.9825550Z # Subtest: Subtype XS archive authenticates each exact source predecessor
2026-10-09T04:17:50.9827350Z ok 2 - Subtype XS archive authenticates each exact source predecessor
2026-10-09T04:17:50.9828088Z   ---
2026-10-09T04:17:50.9828531Z   duration_ms: 354.36727
2026-10-09T04:17:50.9828953Z   type: 'test'
2026-10-09T04:17:50.9829284Z   ...
2026-10-09T04:17:51.3756335Z # Subtest: Checked-record admission authenticates each exact source predecessor
2026-10-09T04:17:51.3757652Z ok 3 - Checked-record admission authenticates each exact source predecessor
2026-10-09T04:17:51.3758395Z   ---
2026-10-09T04:17:51.3758817Z   duration_ms: 391.025953
2026-10-09T04:17:51.3759282Z   type: 'test'
2026-10-09T04:17:51.3760037Z   ...
2026-10-09T04:17:51.3955369Z # Subtest: archived Subtype XS remains readable without a PATH-provided decompressor
2026-10-09T04:17:51.3962476Z ok 4 - archived Subtype XS remains readable without a PATH-provided decompressor
2026-10-09T04:17:51.3963300Z   ---
2026-10-09T04:17:51.3963740Z   duration_ms: 17.919542
2026-10-09T04:17:51.3964189Z   type: 'test'
2026-10-09T04:17:51.3964508Z   ...
2026-10-09T04:17:51.3965703Z # Subtest: native types admit Subtype only at a top-level site over a primitive base
2026-10-09T04:17:51.3966887Z ok 5 - native types admit Subtype only at a top-level site over a primitive base
2026-10-09T04:17:51.3967515Z   ---
2026-10-09T04:17:51.3968019Z   duration_ms: 1.850453
2026-10-09T04:17:51.3968485Z   type: 'test'
2026-10-09T04:17:51.3968935Z   ...
2026-10-09T04:17:51.3970052Z # Subtest: Lean adapters construct each Subtype through its checked constructor and export one validator per checked parameter
2026-10-09T04:17:51.3971615Z ok 6 - Lean adapters construct each Subtype through its checked constructor and export one validator per checked parameter
2026-10-09T04:17:51.3972405Z   ---
2026-10-09T04:17:51.3972922Z   duration_ms: 2.056388
2026-10-09T04:17:51.3973393Z   type: 'test'
2026-10-09T04:17:51.3973840Z   ...
2026-10-09T04:17:51.3995814Z # Subtest: every native profile has a Subtype consumer
2026-10-09T04:17:51.3997888Z ok 7 - every native profile has a Subtype consumer
2026-10-09T04:17:51.3998556Z   ---
2026-10-09T04:17:51.3998860Z   duration_ms: 2.388939
2026-10-09T04:17:51.3999099Z   type: 'test'
2026-10-09T04:17:51.3999501Z   ...
2026-10-09T04:17:51.4006942Z # Subtest: native builds reject Subtype outside top-level sites and without a constructor
2026-10-09T04:17:51.4007872Z ok 8 - native builds reject Subtype outside top-level sites and without a constructor # SKIP
2026-10-09T04:17:51.4008343Z   ---
2026-10-09T04:17:51.4008623Z   duration_ms: 0.527284
2026-10-09T04:17:51.4009066Z   type: 'test'
2026-10-09T04:17:51.4009279Z   ...
2026-10-09T04:19:28.1474396Z # Subtest: relocated source-free native packages run author-checked constructors at every refined site
2026-10-09T04:19:28.1476720Z ok 9 - relocated source-free native packages run author-checked constructors at every refined site
2026-10-09T04:19:28.1477834Z   ---
2026-10-09T04:19:28.1478429Z   duration_ms: 96748.518961
2026-10-09T04:19:28.1479046Z   type: 'test'
2026-10-09T04:19:28.1479562Z   ...
2026-10-09T04:19:28.1480116Z # build 0: java, kotlin
2026-10-09T04:19:28.1480851Z # installing and checking java
2026-10-09T04:19:28.1481617Z # installing and checking kotlin
2026-10-09T04:19:28.1482340Z # build 1: java, kotlin
2026-10-09T04:19:28.1696424Z 1..9
2026-10-09T04:19:28.1696897Z # tests 9
2026-10-09T04:19:28.1697367Z # suites 0
2026-10-09T04:19:28.1697726Z # pass 8
2026-10-09T04:19:28.1698265Z # fail 0
2026-10-09T04:19:28.1698899Z # cancelled 0
2026-10-09T04:19:28.1699509Z # skipped 1
2026-10-09T04:19:28.1700055Z # todo 0
2026-10-09T04:19:28.1700729Z # duration_ms 98286.393831
2026-10-09T04:19:28.2149272Z TAP version 13
2026-10-09T04:23:58.3113128Z # Subtest: installed Java and Kotlin variants preserve constructors and runtime-only execution
2026-10-09T04:23:58.3120188Z ok 1 - installed Java and Kotlin variants preserve constructors and runtime-only execution
2026-10-09T04:23:58.3121502Z   ---
2026-10-09T04:23:58.3122235Z   duration_ms: 269819.678975
2026-10-09T04:23:58.3122747Z   type: 'test'
2026-10-09T04:23:58.3123151Z   ...
2026-10-09T04:23:58.3125433Z # ordinary-source: compiling fourteen variant exports for Java and Kotlin
2026-10-09T04:23:58.3129598Z # ordinary-source/java: offline Maven install, compiler rejections and runtime-only reruns
2026-10-09T04:23:58.3131731Z # ordinary-source/java: 209998 assertions, 4331 calls, ten compiler rejections and 212 injected failures passed
2026-10-09T04:23:58.3133772Z # ordinary-source/kotlin: offline Maven install, compiler rejections and runtime-only reruns
2026-10-09T04:23:58.3136426Z # ordinary-source/kotlin: 209998 assertions, 4331 calls, ten compiler rejections and 212 injected failures passed
2026-10-09T04:23:58.3138517Z # reviewed-ir: compiling fourteen variant exports for Java and Kotlin
2026-10-09T04:23:58.3140203Z # reviewed-ir/java: offline Maven install, compiler rejections and runtime-only reruns
2026-10-09T04:23:58.3142204Z # reviewed-ir/java: 209998 assertions, 4331 calls, ten compiler rejections and 212 injected failures passed
2026-10-09T04:23:58.3144069Z # reviewed-ir/kotlin: offline Maven install, compiler rejections and runtime-only reruns
2026-10-09T04:23:58.3146288Z # reviewed-ir/kotlin: 209998 assertions, 4331 calls, ten compiler rejections and 212 injected failures passed
2026-10-09T04:23:58.3309433Z 1..1
2026-10-09T04:23:58.3309812Z # tests 1
2026-10-09T04:23:58.3310337Z # suites 0
2026-10-09T04:23:58.3311109Z # pass 1
2026-10-09T04:23:58.3326397Z # fail 0
2026-10-09T04:23:58.3326767Z # cancelled 0
2026-10-09T04:23:58.3327031Z # skipped 0
2026-10-09T04:23:58.3327299Z # todo 0
2026-10-09T04:23:58.3327754Z # duration_ms 270127.836998
2026-10-09T04:23:58.3755955Z TAP version 13
2026-10-09T04:24:06.0051659Z # Subtest: generated JVM values compare and hash nested payloads from Java and Kotlin without Lean
2026-10-09T04:24:06.0061690Z ok 1 - generated JVM values compare and hash nested payloads from Java and Kotlin without Lean
2026-10-09T04:24:06.0063019Z   ---
2026-10-09T04:24:06.0063704Z   duration_ms: 7547.952659
2026-10-09T04:24:06.0064343Z   type: 'test'
2026-10-09T04:24:06.0064878Z   ...
2026-10-09T04:24:06.0066293Z # java: 32069 public equality/hash checks across five projections, no native library loaded
2026-10-09T04:24:06.0068062Z # kotlin: 15642 public equality/hash checks across five projections, no native library loaded
2026-10-09T04:24:06.0176427Z 1..1
2026-10-09T04:24:06.0177086Z # tests 1
2026-10-09T04:24:06.0179237Z # suites 0
2026-10-09T04:24:06.0180008Z # pass 1
2026-10-09T04:24:06.0180796Z # fail 0
2026-10-09T04:24:06.0182528Z # cancelled 0
2026-10-09T04:24:06.0183002Z # skipped 0
2026-10-09T04:24:06.0183832Z # todo 0
2026-10-09T04:24:06.0184521Z # duration_ms 7653.789054
2026-10-09T04:24:06.0628259Z TAP version 13
2026-10-09T04:24:07.0917182Z # Subtest: Java recursive declarations retain nominal recursion, transparent aliases and checked wide builders
2026-10-09T04:24:07.0936850Z ok 1 - Java recursive declarations retain nominal recursion, transparent aliases and checked wide builders
2026-10-09T04:24:07.0937828Z   ---
2026-10-09T04:24:07.0938239Z   duration_ms: 215.683412
2026-10-09T04:24:07.0938663Z   type: 'test'
2026-10-09T04:24:07.0939007Z   ...
2026-10-09T04:24:07.0939987Z # Subtest: Java graph names reject collisions and preserve escaped fields and constructors
2026-10-09T04:24:07.0952167Z ok 2 - Java graph names reject collisions and preserve escaped fields and constructors
2026-10-09T04:24:07.0953076Z   ---
2026-10-09T04:24:07.0953518Z   duration_ms: 357.842638
2026-10-09T04:24:07.0953936Z   type: 'test'
2026-10-09T04:24:07.0954274Z   ...
2026-10-09T04:24:07.0955553Z # Subtest: Java aliases reject exponential expansion without inventing nominal wrappers
2026-10-09T04:24:07.0956918Z ok 3 - Java aliases reject exponential expansion without inventing nominal wrappers
2026-10-09T04:24:07.0957662Z   ---
2026-10-09T04:24:07.0958051Z   duration_ms: 113.676319
2026-10-09T04:24:07.0958468Z   type: 'test'
2026-10-09T04:24:07.0958941Z   ...
2026-10-09T04:24:15.0737762Z # Subtest: Java recursive types execute bounded equality, hashing, patterns and wide constructors
2026-10-09T04:24:15.0740119Z ok 4 - Java recursive types execute bounded equality, hashing, patterns and wide constructors
2026-10-09T04:24:15.0741383Z   ---
2026-10-09T04:24:15.0742060Z   duration_ms: 7986.666212
2026-10-09T04:24:15.0742768Z   type: 'test'
2026-10-09T04:24:15.0743371Z   ...
2026-10-09T04:24:15.0748911Z # Subtest: Java graph declaration execution is required in downstream CI
2026-10-09T04:24:15.0750095Z ok 5 - Java graph declaration execution is required in downstream CI
2026-10-09T04:24:15.0751097Z   ---
2026-10-09T04:24:15.0751652Z   duration_ms: 1.609725
2026-10-09T04:24:15.0752449Z   type: 'test'
2026-10-09T04:24:15.0752791Z   ...
2026-10-09T04:24:15.9084137Z # Subtest: recorded Java declaration checks bind current sources and exact generated values
2026-10-09T04:24:15.9085832Z ok 6 - recorded Java declaration checks bind current sources and exact generated values
2026-10-09T04:24:15.9086338Z   ---
2026-10-09T04:24:15.9086578Z   duration_ms: 833.564932
2026-10-09T04:24:15.9086834Z   type: 'test'
2026-10-09T04:24:15.9087039Z   ...
2026-10-09T04:24:15.9367822Z 1..6
2026-10-09T04:24:15.9368193Z # tests 6
2026-10-09T04:24:15.9368449Z # suites 0
2026-10-09T04:24:15.9369019Z # pass 6
2026-10-09T04:24:15.9369475Z # fail 0
2026-10-09T04:24:15.9370070Z # cancelled 0
2026-10-09T04:24:15.9370745Z # skipped 0
2026-10-09T04:24:15.9371289Z # todo 0
2026-10-09T04:24:15.9371954Z # duration_ms 9885.778788
2026-10-09T04:24:15.9826861Z TAP version 13
2026-10-09T04:24:16.4864591Z # Subtest: Java graph converters retain finite private descriptors and cold input validation
2026-10-09T04:24:16.4870699Z ok 1 - Java graph converters retain finite private descriptors and cold input validation
2026-10-09T04:24:16.4872145Z   ---
2026-10-09T04:24:16.4872441Z   duration_ms: 164.936068
2026-10-09T04:24:16.4872744Z   type: 'test'
2026-10-09T04:24:16.4872985Z   ...
2026-10-09T04:24:26.9833498Z # Subtest: Java FFM graph converters match C layouts and release owned results after faults
2026-10-09T04:24:26.9837334Z ok 2 - Java FFM graph converters match C layouts and release owned results after faults
2026-10-09T04:24:26.9838133Z   ---
2026-10-09T04:24:26.9838568Z   duration_ms: 10500.856123
2026-10-09T04:24:26.9838980Z   type: 'test'
2026-10-09T04:24:26.9839350Z   ...
2026-10-09T04:29:55.3578613Z # Subtest: ordinary and reviewed Lean graphs execute through Java with cleanup and retirement
2026-10-09T04:29:55.3579845Z ok 3 - ordinary and reviewed Lean graphs execute through Java with cleanup and retirement
2026-10-09T04:29:55.3580918Z   ---
2026-10-09T04:29:55.3581164Z   duration_ms: 328374.359098
2026-10-09T04:29:55.3581533Z   type: 'test'
2026-10-09T04:29:55.3581758Z   ...
2026-10-09T04:29:55.3594354Z # Subtest: downstream CI requires isolated and compiled Java graph conversions
2026-10-09T04:29:55.3596644Z ok 4 - downstream CI requires isolated and compiled Java graph conversions
2026-10-09T04:29:55.3597428Z   ---
2026-10-09T04:29:55.3597842Z   duration_ms: 1.938938
2026-10-09T04:29:55.3598277Z   type: 'test'
2026-10-09T04:29:55.3598651Z   ...
2026-10-09T04:29:57.8504495Z # Subtest: recorded Java conversions bind layouts, fault cleanup and fresh Lean calls without claiming Maven
2026-10-09T04:29:57.8506495Z ok 5 - recorded Java conversions bind layouts, fault cleanup and fresh Lean calls without claiming Maven
2026-10-09T04:29:57.8507413Z   ---
2026-10-09T04:29:57.8507818Z   duration_ms: 2490.776006
2026-10-09T04:29:57.8508241Z   type: 'test'
2026-10-09T04:29:57.8508601Z   ...
2026-10-09T04:29:57.9022201Z 1..5
2026-10-09T04:29:57.9022577Z # tests 5
2026-10-09T04:29:57.9023058Z # suites 0
2026-10-09T04:29:57.9023606Z # pass 5
2026-10-09T04:29:57.9024282Z # fail 0
2026-10-09T04:29:57.9024812Z # cancelled 0
2026-10-09T04:29:57.9025812Z # skipped 0
2026-10-09T04:29:57.9026353Z # todo 0
2026-10-09T04:29:57.9027139Z # duration_ms 341931.652391
2026-10-09T04:29:57.9454400Z TAP version 13
2026-10-09T04:29:58.4361137Z # Subtest: Kotlin recursive values retain metadata, private traversal and a shared converter
2026-10-09T04:29:58.4368492Z ok 1 - Kotlin recursive values retain metadata, private traversal and a shared converter
2026-10-09T04:29:58.4369412Z   ---
2026-10-09T04:29:58.4369841Z   duration_ms: 158.265422
2026-10-09T04:29:58.4370319Z   type: 'test'
2026-10-09T04:29:58.4370705Z   ...
2026-10-09T04:30:22.5343843Z # Subtest: Kotlin recursive values and finite converters execute with an independent metadata consumer
2026-10-09T04:30:22.5346427Z ok 2 - Kotlin recursive values and finite converters execute with an independent metadata consumer
2026-10-09T04:30:22.5347923Z   ---
2026-10-09T04:30:22.5348353Z   duration_ms: 24101.105429
2026-10-09T04:30:22.5349317Z   type: 'test'
2026-10-09T04:30:22.5349698Z   ...
2026-10-09T04:30:23.4641918Z # Subtest: recorded Kotlin recursive metadata checks bind generated code and compiler rejections
2026-10-09T04:30:23.4643646Z ok 3 - recorded Kotlin recursive metadata checks bind generated code and compiler rejections
2026-10-09T04:30:23.4644602Z   ---
2026-10-09T04:30:23.4645268Z   duration_ms: 930.013908
2026-10-09T04:30:23.4645720Z   type: 'test'
2026-10-09T04:30:23.4646076Z   ...
2026-10-09T04:30:23.4909916Z 1..3
2026-10-09T04:30:23.4910287Z # tests 3
2026-10-09T04:30:23.4910781Z # suites 0
2026-10-09T04:30:23.4912161Z # pass 3
2026-10-09T04:30:23.4912708Z # fail 0
2026-10-09T04:30:23.4913294Z # cancelled 0
2026-10-09T04:30:23.4913854Z # skipped 0
2026-10-09T04:30:23.4914405Z # todo 0
2026-10-09T04:30:23.4915275Z # duration_ms 25557.303137
2026-10-09T04:30:23.5372344Z TAP version 13
2026-10-09T04:30:24.9793681Z # Subtest: recursive JVM APIs preserve typed Java and Kotlin surfaces over one runtime
2026-10-09T04:30:24.9798837Z ok 1 - recursive JVM APIs preserve typed Java and Kotlin surfaces over one runtime
2026-10-09T04:30:24.9799658Z   ---
2026-10-09T04:30:24.9799912Z   duration_ms: 305.428693
2026-10-09T04:30:24.9800205Z   type: 'test'
2026-10-09T04:30:24.9800417Z   ...
2026-10-09T04:30:24.9806656Z # Subtest: Maven graph admission checks both JVM projections without adding a public C target
2026-10-09T04:30:24.9808516Z ok 2 - Maven graph admission checks both JVM projections without adding a public C target
2026-10-09T04:30:24.9809668Z   ---
2026-10-09T04:30:24.9810311Z   duration_ms: 769.498109
2026-10-09T04:30:24.9810641Z   type: 'test'
2026-10-09T04:30:24.9810862Z   ...
2026-10-09T04:41:06.8103294Z # Subtest: recursive Maven packages install offline and execute Java and Kotlin without author tools
2026-10-09T04:41:06.8106381Z ok 3 - recursive Maven packages install offline and execute Java and Kotlin without author tools
2026-10-09T04:41:06.8107049Z   ---
2026-10-09T04:41:06.8107477Z   duration_ms: 641303.785236
2026-10-09T04:41:06.8109644Z   type: 'test'
2026-10-09T04:41:06.8110102Z   ...
2026-10-09T04:41:06.8110671Z # ordinary: building Maven-only recursive release
2026-10-09T04:41:06.8111586Z # ordinary/java: offline Maven install and runtime-only relocation
2026-10-09T04:41:06.8112221Z # ordinary/kotlin: offline Maven install and runtime-only relocation
2026-10-09T04:41:06.8113153Z # reviewed: building Maven-only recursive release
2026-10-09T04:41:06.8114077Z # reviewed/java: offline Maven install and runtime-only relocation
2026-10-09T04:41:06.8115280Z # reviewed/kotlin: offline Maven install and runtime-only relocation
2026-10-09T04:41:06.8121704Z # Subtest: independent recursive Maven builds reproduce the installed Java and Kotlin artifacts
2026-10-09T04:41:06.8127210Z ok 4 - independent recursive Maven builds reproduce the installed Java and Kotlin artifacts # SKIP
2026-10-09T04:41:06.8128094Z   ---
2026-10-09T04:41:06.8128500Z   duration_ms: 0.229438
2026-10-09T04:41:06.8128933Z   type: 'test'
2026-10-09T04:41:06.8129358Z   ...
2026-10-09T04:41:06.8130114Z # Subtest: recursive Maven installed packages verify shared-runtime composition
2026-10-09T04:41:06.8130858Z ok 5 - recursive Maven installed packages verify shared-runtime composition # SKIP
2026-10-09T04:41:06.8131433Z   ---
2026-10-09T04:41:06.8131852Z   duration_ms: 0.175488
2026-10-09T04:41:06.8132290Z   type: 'test'
2026-10-09T04:41:06.8132546Z   ...
2026-10-09T04:41:06.8136801Z # Subtest: recursive Maven installed packages verify shared-runtime conflicts
2026-10-09T04:41:06.8139498Z ok 6 - recursive Maven installed packages verify shared-runtime conflicts # SKIP
2026-10-09T04:41:06.8140210Z   ---
2026-10-09T04:41:06.8140630Z   duration_ms: 0.088495
2026-10-09T04:41:06.8141135Z   type: 'test'
2026-10-09T04:41:06.8141485Z   ...
2026-10-09T04:41:06.8142391Z # Subtest: recursive JVM loaders require pinned asset identities and safe parameter names
2026-10-09T04:41:06.8144078Z ok 7 - recursive JVM loaders require pinned asset identities and safe parameter names
2026-10-09T04:41:06.8145378Z   ---
2026-10-09T04:41:06.8145746Z   duration_ms: 529.293757
2026-10-09T04:41:06.8146003Z   type: 'test'
2026-10-09T04:41:06.8146207Z   ...
2026-10-09T04:41:06.8239885Z # Subtest: recursive Maven acceptance remains required in CI with retained reports
2026-10-09T04:41:06.8241023Z ok 8 - recursive Maven acceptance remains required in CI with retained reports
2026-10-09T04:41:06.8241466Z   ---
2026-10-09T04:41:06.8241877Z   duration_ms: 13.667769
2026-10-09T04:41:06.8242264Z   type: 'test'
2026-10-09T04:41:06.8242583Z   ...
2026-10-09T04:41:09.8163193Z # Subtest: recursive Maven package evidence binds installed archives and rejects incomplete matrices
2026-10-09T04:41:09.8165544Z ok 9 - recursive Maven package evidence binds installed archives and rejects incomplete matrices
2026-10-09T04:41:09.8166560Z   ---
2026-10-09T04:41:09.8166985Z   duration_ms: 2992.139182
2026-10-09T04:41:09.8167308Z   type: 'test'
2026-10-09T04:41:09.8167567Z   ...
2026-10-09T04:41:47.5401647Z # Subtest: recursive Java and Kotlin package APIs compile and validate before cold native loading
2026-10-09T04:41:47.5404918Z ok 10 - recursive Java and Kotlin package APIs compile and validate before cold native loading
2026-10-09T04:41:47.5406095Z   ---
2026-10-09T04:41:47.5406354Z   duration_ms: 37724.355416
2026-10-09T04:41:47.5406619Z   type: 'test'
2026-10-09T04:41:47.5406834Z   ...
2026-10-09T04:41:47.6016539Z 1..10
2026-10-09T04:41:47.6016956Z # tests 10
2026-10-09T04:41:47.6018524Z # suites 0
2026-10-09T04:41:47.6018934Z # pass 7
2026-10-09T04:41:47.6019295Z # fail 0
2026-10-09T04:41:47.6019677Z # cancelled 0
2026-10-09T04:41:47.6020084Z # skipped 3
2026-10-09T04:41:47.6020465Z # todo 0
2026-10-09T04:41:47.6020950Z # duration_ms 684076.10333
2026-10-09T04:41:47.6472079Z TAP version 13
2026-10-09T04:41:49.1361456Z # Subtest: recursive JVM APIs preserve typed Java and Kotlin surfaces over one runtime
2026-10-09T04:41:49.1366757Z ok 1 - recursive JVM APIs preserve typed Java and Kotlin surfaces over one runtime
2026-10-09T04:41:49.1367951Z   ---
2026-10-09T04:41:49.1368701Z   duration_ms: 308.797736
2026-10-09T04:41:49.1369141Z   type: 'test'
2026-10-09T04:41:49.1369369Z   ...
2026-10-09T04:41:49.1373614Z # Subtest: Maven graph admission checks both JVM projections without adding a public C target
2026-10-09T04:41:49.1375910Z ok 2 - Maven graph admission checks both JVM projections without adding a public C target
2026-10-09T04:41:49.1377158Z   ---
2026-10-09T04:41:49.1377589Z   duration_ms: 801.447424
2026-10-09T04:41:49.1378043Z   type: 'test'
2026-10-09T04:41:49.1378421Z   ...
2026-10-09T04:41:49.1380100Z # Subtest: recursive Maven packages install offline and execute Java and Kotlin without author tools
2026-10-09T04:41:49.1382879Z ok 3 - recursive Maven packages install offline and execute Java and Kotlin without author tools # SKIP
2026-10-09T04:41:49.1383940Z   ---
2026-10-09T04:41:49.1384211Z   duration_ms: 0.270996
2026-10-09T04:41:49.1384463Z   type: 'test'
2026-10-09T04:41:49.1384763Z   ...
2026-10-09T04:49:37.0774081Z # Subtest: independent recursive Maven builds reproduce the installed Java and Kotlin artifacts
2026-10-09T04:49:37.0775791Z ok 4 - independent recursive Maven builds reproduce the installed Java and Kotlin artifacts
2026-10-09T04:49:37.0776666Z   ---
2026-10-09T04:49:37.0776961Z   duration_ms: 467944.056036
2026-10-09T04:49:37.0777267Z   type: 'test'
2026-10-09T04:49:37.0778650Z   ...
2026-10-09T04:49:37.0779093Z # ordinary: building Maven-only recursive release
2026-10-09T04:49:37.0780079Z # reviewed: building Maven-only recursive release
2026-10-09T04:53:08.4511142Z # Subtest: recursive Maven installed packages verify shared-runtime composition
2026-10-09T04:53:08.4512396Z ok 5 - recursive Maven installed packages verify shared-runtime composition
2026-10-09T04:53:08.4512848Z   ---
2026-10-09T04:53:08.4513108Z   duration_ms: 211372.545457
2026-10-09T04:53:08.4513373Z   type: 'test'
2026-10-09T04:53:08.4513579Z   ...
2026-10-09T04:53:08.4514208Z # loading: building graph_one (maven)
2026-10-09T04:53:08.4514774Z # loading: building graph_two (cpp, maven)
2026-10-09T04:53:08.4516659Z # loading: building graph_peer (maven)
2026-10-09T04:53:08.4517446Z # composition: java/graph-first without author tools
2026-10-09T04:53:08.4517958Z # composition: java/peer-first without author tools
2026-10-09T04:53:08.4518437Z # composition: kotlin/graph-first without author tools
2026-10-09T04:53:08.4518901Z # composition: kotlin/peer-first without author tools
2026-10-09T04:55:39.6781976Z # Subtest: recursive Maven installed packages verify shared-runtime conflicts
2026-10-09T04:55:39.6783534Z ok 6 - recursive Maven installed packages verify shared-runtime conflicts
2026-10-09T04:55:39.6784426Z   ---
2026-10-09T04:55:39.6784926Z   duration_ms: 150701.195963
2026-10-09T04:55:39.6785637Z   type: 'test'
2026-10-09T04:55:39.6786011Z   ...
2026-10-09T04:55:39.6786545Z # loading: building collision41 (maven)
2026-10-09T04:55:39.6787434Z # loading: building collision43 (maven)
2026-10-09T04:55:39.6788311Z # class loaders: java/duplicate/0
2026-10-09T04:55:39.6789712Z # class loaders: java/conflict/0
2026-10-09T04:55:39.6790603Z # class loaders: java/duplicate/1
2026-10-09T04:55:39.6791467Z # class loaders: java/conflict/1
2026-10-09T04:55:39.6792361Z # class loaders: kotlin/duplicate/0
2026-10-09T04:55:39.6793232Z # class loaders: kotlin/conflict/0
2026-10-09T04:55:39.6794116Z # class loaders: kotlin/duplicate/1
2026-10-09T04:55:39.6795010Z # class loaders: kotlin/conflict/1
2026-10-09T04:55:39.6826284Z # Subtest: recursive JVM loaders require pinned asset identities and safe parameter names
2026-10-09T04:55:39.6855993Z ok 7 - recursive JVM loaders require pinned asset identities and safe parameter names
2026-10-09T04:55:39.6881356Z   ---
2026-10-09T04:55:39.6884755Z   duration_ms: 526.913749
2026-10-09T04:55:39.6885408Z   type: 'test'
2026-10-09T04:55:39.6885770Z   ...
2026-10-09T04:55:39.6886630Z # Subtest: recursive Maven acceptance remains required in CI with retained reports
2026-10-09T04:55:39.6887399Z ok 8 - recursive Maven acceptance remains required in CI with retained reports
2026-10-09T04:55:39.6887811Z   ---
2026-10-09T04:55:39.6888033Z   duration_ms: 6.348879
2026-10-09T04:55:39.6888270Z   type: 'test'
2026-10-09T04:55:39.6888466Z   ...
2026-10-09T04:55:42.6576921Z # Subtest: recursive Maven package evidence binds installed archives and rejects incomplete matrices
2026-10-09T04:55:42.6579170Z ok 9 - recursive Maven package evidence binds installed archives and rejects incomplete matrices
2026-10-09T04:55:42.6581850Z   ---
2026-10-09T04:55:42.6582441Z   duration_ms: 2972.626269
2026-10-09T04:55:42.6583083Z   type: 'test'
2026-10-09T04:55:42.6583562Z   ...
2026-10-09T04:55:42.6584666Z # Subtest: recursive Java and Kotlin package APIs compile and validate before cold native loading
2026-10-09T04:55:42.6586590Z ok 10 - recursive Java and Kotlin package APIs compile and validate before cold native loading # SKIP
2026-10-09T04:55:42.6587508Z   ---
2026-10-09T04:55:42.6587918Z   duration_ms: 0.36945
2026-10-09T04:55:42.6588407Z   type: 'test'
2026-10-09T04:55:42.6588776Z   ...
2026-10-09T04:55:42.7125251Z 1..10
2026-10-09T04:55:42.7125721Z # tests 10
2026-10-09T04:55:42.7126097Z # suites 0
2026-10-09T04:55:42.7126893Z # pass 8
2026-10-09T04:55:42.7136681Z # fail 0
2026-10-09T04:55:42.7137056Z # cancelled 0
2026-10-09T04:55:42.7137422Z # skipped 2
2026-10-09T04:55:42.7137670Z # todo 0
2026-10-09T04:55:42.7137963Z # duration_ms 835077.590558
2026-10-09T04:55:42.7582636Z TAP version 13
2026-10-09T04:55:44.9812439Z # Subtest: generated JVM collection converters reject malformed values without native calls
2026-10-09T04:55:44.9826546Z ok 1 - generated JVM collection converters reject malformed values without native calls
2026-10-09T04:55:44.9827376Z   ---
2026-10-09T04:55:44.9827786Z   duration_ms: 2142.384237
2026-10-09T04:55:44.9828214Z   type: 'test'
2026-10-09T04:55:44.9828566Z   ...
2026-10-09T04:55:44.9829398Z # 984 converter checks, 562 malformed values rejected, no native library loaded
2026-10-09T04:55:44.9957931Z 1..1
2026-10-09T04:55:44.9958315Z # tests 1
2026-10-09T04:55:44.9958737Z # suites 0
2026-10-09T04:55:44.9959012Z # pass 1
2026-10-09T04:55:44.9959828Z # fail 0
2026-10-09T04:55:44.9960561Z # cancelled 0
2026-10-09T04:55:44.9962068Z # skipped 0
2026-10-09T04:55:44.9962480Z # todo 0
2026-10-09T04:55:44.9963393Z # duration_ms 2249.050809
2026-10-09T04:55:45.0409965Z TAP version 13
2026-10-09T04:56:44.0836535Z # Subtest: JVM collection callers compile all exports and reject incorrect public types
2026-10-09T04:56:44.0847465Z ok 1 - JVM collection callers compile all exports and reject incorrect public types
2026-10-09T04:56:44.0857201Z   ---
2026-10-09T04:56:44.0857774Z   duration_ms: 58955.890982
2026-10-09T04:56:44.0858279Z   type: 'test'
2026-10-09T04:56:44.0858735Z   ...
2026-10-09T04:56:44.0859706Z # java: all 35 exports compile; eight invalid consumers reject at their source
2026-10-09T04:56:44.0860442Z # kotlin: all 35 exports compile; eight invalid consumers reject at their source
2026-10-09T04:57:01.7123848Z # Subtest: Kotlin keyword fields and annotation-named records compile without exposing the erased bridge
2026-10-09T04:57:01.7126804Z ok 2 - Kotlin keyword fields and annotation-named records compile without exposing the erased bridge
2026-10-09T04:57:01.7127532Z   ---
2026-10-09T04:57:01.7127781Z   duration_ms: 17628.689527
2026-10-09T04:57:01.7128042Z   type: 'test'
2026-10-09T04:57:01.7128245Z   ...
2026-10-09T04:57:01.7253039Z 1..2
2026-10-09T04:57:01.7253603Z # tests 2
2026-10-09T04:57:01.7254091Z # suites 0
2026-10-09T04:57:01.7256617Z # pass 2
2026-10-09T04:57:01.7257149Z # fail 0
2026-10-09T04:57:01.7257726Z # cancelled 0
2026-10-09T04:57:01.7258322Z # skipped 0
2026-10-09T04:57:01.7259060Z # todo 0
2026-10-09T04:57:01.7259855Z # duration_ms 76696.616433
2026-10-09T04:57:01.7736258Z TAP version 13
2026-10-09T05:02:34.8909551Z # Subtest: installed Java and Kotlin collections preserve copied values on both source paths
2026-10-09T05:02:34.8926632Z ok 1 - installed Java and Kotlin collections preserve copied values on both source paths
2026-10-09T05:02:34.8927576Z   ---
2026-10-09T05:02:34.8928043Z   duration_ms: 332823.986383
2026-10-09T05:02:34.8928526Z   type: 'test'
2026-10-09T05:02:34.8928936Z   ...
2026-10-09T05:02:34.8929803Z # ordinary-source: compiling 35 collection exports for Java and Kotlin
2026-10-09T05:02:34.8931312Z # ordinary-source/java: offline Maven installation, negative compilers and runtime-only relocation
2026-10-09T05:02:34.8932979Z # ordinary-source/java: 158171 assertions, 4435 calls, 30 rejected inputs, 679 injected failures
2026-10-09T05:02:34.8934716Z # ordinary-source/kotlin: offline Maven installation, negative compilers and runtime-only relocation
2026-10-09T05:02:34.8936734Z # ordinary-source/kotlin: 158334 assertions, 4435 calls, 30 rejected inputs, 679 injected failures
2026-10-09T05:02:34.8946372Z # reviewed-ir: compiling 35 collection exports for Java and Kotlin
2026-10-09T05:02:34.8948146Z # reviewed-ir/java: offline Maven installation, negative compilers and runtime-only relocation
2026-10-09T05:02:34.8949886Z # reviewed-ir/java: 158171 assertions, 4435 calls, 30 rejected inputs, 679 injected failures
2026-10-09T05:02:34.8951474Z # reviewed-ir/kotlin: offline Maven installation, negative compilers and runtime-only relocation
2026-10-09T05:02:34.8953292Z # reviewed-ir/kotlin: 158334 assertions, 4435 calls, 30 rejected inputs, 679 injected failures
2026-10-09T05:02:34.9188197Z 1..1
2026-10-09T05:02:34.9188661Z # tests 1
2026-10-09T05:02:34.9189043Z # suites 0
2026-10-09T05:02:34.9189447Z # pass 1
2026-10-09T05:02:34.9189812Z # fail 0
2026-10-09T05:02:34.9190266Z # cancelled 0
2026-10-09T05:02:34.9190896Z # skipped 0
2026-10-09T05:02:34.9191420Z # todo 0
2026-10-09T05:02:34.9192184Z # duration_ms 333157.142056
2026-10-09T05:02:34.9300736Z ##[group]Run actions/upload-artifact@v7
2026-10-09T05:02:34.9301060Z with:
2026-10-09T05:02:34.9301353Z   name: type-corpus-jvm-93c60a0487d0b2acc0b6d562cd72a3876738a666
2026-10-09T05:02:34.9307429Z   path: build/type-corpus/java-kotlin.json
build/type-corpus/reviewed-native-java-kotlin.json
build/char-native/java-kotlin.json
build/word-native/java-kotlin.json
build/callables/jvm.json
build/structured-callables/jvm.json
build/recursive-callables/jvm-recursive.json
build/recursive-callables/jvm-mixed.json
build/compounds/jvm.json
build/lists/jvm.json
build/aliases/jvm.json
build/native-fin/jvm.json
build/native-fin/jvm-reviewed.json
build/native-specializations/java-kotlin.json
build/generic-records/java-kotlin.json
build/generic-records/specialized-java-kotlin.json
build/native-fin-containers/java-kotlin.json
build/native-fin-containers/reviewed-java-kotlin.json
build/native-fin-products/java-kotlin.json
build/native-fin-products/reviewed-java-kotlin.json
build/native-fin-product-arrays/java-kotlin.json
build/native-fin-product-arrays/reviewed-java-kotlin.json
build/native-fin-records/java-kotlin.json
build/native-fin-records/reviewed-java-kotlin.json
build/native-subtype/java-kotlin.json
build/variants/jvm.json
build/equality/jvm.json
build/recursive/jvm-values.json
build/recursive/jvm-conversions.json
build/recursive/jvm-native.json
build/recursive/kotlin-values.json
build/recursive/jvm-package-cold.json
build/recursive/jvm-packages.json
build/recursive/jvm-reproducibility.json
build/recursive/jvm-composition.json
build/recursive/jvm-conflicts.json
build/collections/jvm-conversions.json
build/collections/jvm.json

2026-10-09T05:02:34.9313444Z   if-no-files-found: error
2026-10-09T05:02:34.9313684Z   overwrite: true
2026-10-09T05:02:34.9313895Z   retention-days: 30
2026-10-09T05:02:34.9314117Z   compression-level: 6
2026-10-09T05:02:34.9314359Z   include-hidden-files: false
2026-10-09T05:02:34.9314690Z   archive: true
2026-10-09T05:02:34.9314970Z env:
2026-10-09T05:02:34.9315436Z   NODE_VERSION: 22
2026-10-09T05:02:34.9315767Z   LEAN_BRIDGE_CONSUMER_PERFORMANCE_DIR: build/consumer-ci/performance
2026-10-09T05:02:34.9316166Z   TMPDIR: /home/runner/work/_temp
2026-10-09T05:02:34.9316537Z   NIX_PROFILES: /nix/var/nix/profiles/default /home/runner/.nix-profile
2026-10-09T05:02:34.9316982Z   NIX_SSL_CERT_FILE: /etc/ssl/certs/ca-certificates.crt
2026-10-09T05:02:34.9317307Z   DOTNET_ROOT: /usr/share/dotnet
2026-10-09T05:02:34.9317662Z   JAVA_HOME: /opt/hostedtoolcache/Java_Temurin-Hotspot_jdk/22.0.2-9/x64
2026-10-09T05:02:34.9318161Z   JAVA_HOME_22_X64: /opt/hostedtoolcache/Java_Temurin-Hotspot_jdk/22.0.2-9/x64
2026-10-09T05:02:34.9318547Z ##[endgroup]
2026-10-09T05:02:35.1194869Z Multiple search paths detected. Calculating the least common ancestor of all paths
2026-10-09T05:02:35.1210955Z The least common ancestor is /home/runner/work/lean-bridge/lean-bridge/build. This will be the root directory of the artifact
2026-10-09T05:02:35.1212393Z With the provided path, there will be 38 files uploaded
2026-10-09T05:02:35.3171401Z Artifact name is valid!
2026-10-09T05:02:35.3172523Z Root directory input is valid!
2026-10-09T05:02:35.6244717Z Uploading artifact: type-corpus-jvm-93c60a0487d0b2acc0b6d562cd72a3876738a666.zip
2026-10-09T05:02:35.6284941Z Beginning upload of artifact content to blob storage
2026-10-09T05:02:36.3580932Z Uploaded bytes 2163502
2026-10-09T05:02:36.4059222Z Finished uploading artifact content to blob storage!
2026-10-09T05:02:36.4060495Z SHA256 digest of uploaded artifact is 1cb9d97343f1c40e82c5cfab2d4cc21bb589e70dc3fb2f68045f0024dff05917
2026-10-09T05:02:36.4061326Z Finalizing artifact upload
2026-10-09T05:02:36.7476557Z Artifact type-corpus-jvm-93c60a0487d0b2acc0b6d562cd72a3876738a666 successfully finalized. Artifact ID 11596287939
2026-10-09T05:02:36.7478496Z Artifact type-corpus-jvm-93c60a0487d0b2acc0b6d562cd72a3876738a666 has been successfully uploaded! Final size is 2163502 bytes. Artifact ID is 11596287939
2026-10-09T05:02:36.7481448Z Artifact download URL: https://github.com/seanmorris/lean-bridge/actions/runs/37873560469/artifacts/11596287939
2026-10-09T05:02:36.7681502Z ##[group]Run for consumer in jvm; do
2026-10-09T05:02:36.7682336Z [36;1mfor consumer in jvm; do[0m
2026-10-09T05:02:36.7682947Z [36;1m  consumer_command="npm run test:consumer:managed"[0m
2026-10-09T05:02:36.7683844Z [36;1m  test_result="passed"[0m
2026-10-09T05:02:36.7684316Z [36;1m  executed="true"[0m
2026-10-09T05:02:36.7684781Z [36;1m  if [ "$consumer" = dotnet ]; then[0m
2026-10-09T05:02:36.7687778Z [36;1m    consumer_command="$consumer_command && LEAN_BRIDGE_NATIVE_DOTNET_TEST=1 node --test tests/native-dotnet.test.mjs && npm run test:type-corpus:dotnet && LEAN_BRIDGE_REVIEWED_NATIVE_PROFILES=dotnet node --test tests/type-corpus-reviewed-native.test.mjs && LEAN_BRIDGE_DOTNET_CALLABLE_TEST=1 node --test tests/dotnet-callables.test.mjs tests/dotnet-callable-contract.test.mjs"[0m
2026-10-09T05:02:36.7691284Z [36;1m    consumer_command="$consumer_command && LEAN_BRIDGE_DOTNET_STRUCTURED_CALLABLE_TEST=1 node --test tests/dotnet-structured-callables.test.mjs"[0m
2026-10-09T05:02:36.7693344Z [36;1m    consumer_command="$consumer_command && LEAN_BRIDGE_DOTNET_RECURSIVE_CALLABLE_TEST=1 node --test tests/dotnet-recursive-callables.test.mjs"[0m
2026-10-09T05:02:36.7696323Z [36;1m    consumer_command="$consumer_command && LEAN_BRIDGE_OWNED_NATIVE_TEST=1 node --test --test-concurrency=1 tests/owned-dotnet-runtime.test.mjs tests/owned-dotnet-layout.test.mjs tests/owned-dotnet-values.test.mjs tests/owned-dotnet-conversions.test.mjs"[0m
2026-10-09T05:02:36.7699748Z [36;1m    consumer_command="$consumer_command && LEAN_BRIDGE_OWNED_NATIVE_TEST=1 node --test --test-concurrency=1 tests/owned-dotnet-callables.test.mjs tests/owned-dotnet-callback-signatures.test.mjs tests/owned-dotnet-package.test.mjs"[0m
2026-10-09T05:02:36.7702683Z [36;1m    consumer_command="$consumer_command && LEAN_BRIDGE_OWNED_NATIVE_TEST=1 node --test --test-concurrency=1 tests/owned-dotnet-packaging.test.mjs tests/owned-dotnet-coexistence.test.mjs"[0m
2026-10-09T05:02:36.7704550Z [36;1m    consumer_command="$consumer_command && npm run test:owned-dotnet-transfers"[0m
2026-10-09T05:02:36.7705857Z [36;1m    consumer_command="$consumer_command && npm run test:owned-dotnet-borrows"[0m
2026-10-09T05:02:36.7706943Z [36;1m    consumer_command="$consumer_command && npm run test:owned-dotnet-receivers"[0m
2026-10-09T05:02:36.7708568Z [36;1m    consumer_command="$consumer_command && LEAN_BRIDGE_DOTNET_COMPOUND_TEST=1 node --test tests/dotnet-compounds.test.mjs tests/dotnet-compound-contract.test.mjs"[0m
2026-10-09T05:02:36.7710699Z [36;1m    consumer_command="$consumer_command && LEAN_BRIDGE_DOTNET_LIST_TEST=1 node --test tests/dotnet-lists.test.mjs tests/dotnet-list-contract.test.mjs"[0m
2026-10-09T05:02:36.7712499Z [36;1m    consumer_command="$consumer_command && LEAN_BRIDGE_DOTNET_ALIAS_TEST=1 node --test tests/dotnet-aliases.test.mjs"[0m
2026-10-09T05:02:36.7714034Z [36;1m    consumer_command="$consumer_command && LEAN_BRIDGE_DOTNET_FIN_TEST=1 node --test tests/dotnet-fin.test.mjs"[0m
2026-10-09T05:02:36.7717060Z [36;1m    consumer_command="$consumer_command && LEAN_BRIDGE_SPECIALIZATION_PROFILES=dotnet node --test tests/native-specializations.test.mjs && LEAN_BRIDGE_GENERIC_RECORD_PROFILES=dotnet node --test --test-name-pattern='relocated source-free native packages construct' tests/generic-records.test.mjs"[0m
2026-10-09T05:02:36.7720386Z [36;1m    consumer_command="$consumer_command && LEAN_BRIDGE_FIN_CONTAINER_PROFILES=dotnet LEAN_BRIDGE_REVIEWED_FIN_CONTAINER_PROFILES=dotnet node --test tests/native-fin-containers.test.mjs"[0m
2026-10-09T05:02:36.7722894Z [36;1m    consumer_command="$consumer_command && LEAN_BRIDGE_FIN_PRODUCT_PROFILES=dotnet LEAN_BRIDGE_REVIEWED_FIN_PRODUCT_PROFILES=dotnet node --test tests/native-fin-products.test.mjs"[0m
2026-10-09T05:02:36.7725729Z [36;1m    consumer_command="$consumer_command && LEAN_BRIDGE_FIN_PRODUCT_ARRAY_PROFILES=dotnet LEAN_BRIDGE_REVIEWED_FIN_PRODUCT_ARRAY_PROFILES=dotnet node --test tests/native-fin-product-arrays.test.mjs"[0m
2026-10-09T05:02:36.7728640Z [36;1m    consumer_command="$consumer_command && LEAN_BRIDGE_FIN_RECORD_PROFILES=dotnet LEAN_BRIDGE_REVIEWED_FIN_RECORD_PROFILES=dotnet node --test tests/native-fin-records.test.mjs"[0m
2026-10-09T05:02:36.7730897Z [36;1m    consumer_command="$consumer_command && LEAN_BRIDGE_SUBTYPE_PROFILES=dotnet node --test tests/native-subtype.test.mjs"[0m
2026-10-09T05:02:36.7732594Z [36;1m    consumer_command="$consumer_command && LEAN_BRIDGE_DOTNET_VARIANT_TEST=1 node --test tests/dotnet-variants.test.mjs"[0m
2026-10-09T05:02:36.7734386Z [36;1m    consumer_command="$consumer_command && LEAN_BRIDGE_DOTNET_CONVERSION_TEST=1 node --test tests/dotnet-collection-conversions.test.mjs"[0m
2026-10-09T05:02:36.7736231Z [36;1m    consumer_command="$consumer_command && LEAN_BRIDGE_DOTNET_COLLECTION_TEST=1 node --test tests/dotnet-collections.test.mjs"[0m
2026-10-09T05:02:36.7737197Z [36;1m    consumer_command="$consumer_command && LEAN_BRIDGE_DOTNET_EQUALITY_TEST=1 node --test tests/dotnet-value-equality.test.mjs"[0m
2026-10-09T05:02:36.7738134Z [36;1m    consumer_command="$consumer_command && LEAN_BRIDGE_DOTNET_GRAPH_TEST=1 node --test tests/dotnet-copied-graph-values.test.mjs"[0m
2026-10-09T05:02:36.7739254Z [36;1m    consumer_command="$consumer_command && LEAN_BRIDGE_DOTNET_GRAPH_CONVERSION_TEST=1 LEAN_BRIDGE_DOTNET_GRAPH_NATIVE_TEST=1 node --test tests/dotnet-copied-graph-conversions.test.mjs"[0m
2026-10-09T05:02:36.7740526Z [36;1m    consumer_command="$consumer_command && LEAN_BRIDGE_DOTNET_GRAPH_PACKAGE_TEST=1 LEAN_BRIDGE_DOTNET_GRAPH_INSTALLED_TEST=1 node --test tests/dotnet-graph-package.test.mjs"[0m
2026-10-09T05:02:36.7741619Z [36;1m    consumer_command="$consumer_command && LEAN_BRIDGE_DOTNET_GRAPH_COMPOSITION_TEST=1 node --test tests/dotnet-graph-package.test.mjs"[0m
2026-10-09T05:02:36.7742630Z [36;1m    consumer_command="$consumer_command && LEAN_BRIDGE_DOTNET_GRAPH_REPRODUCIBILITY_TEST=1 node --test tests/dotnet-graph-package.test.mjs"[0m
2026-10-09T05:02:36.7743614Z [36;1m    consumer_command="$consumer_command && LEAN_BRIDGE_DOTNET_GRAPH_CONFLICT_TEST=1 node --test tests/dotnet-graph-package.test.mjs"[0m
2026-10-09T05:02:36.7744317Z [36;1m    if [ "skipped" != success ] || [ "skipped" != success ]; then[0m
2026-10-09T05:02:36.7744695Z [36;1m      test_result=failed[0m
2026-10-09T05:02:36.7744959Z [36;1m      executed=false[0m
2026-10-09T05:02:36.7745541Z [36;1m    fi[0m
2026-10-09T05:02:36.7745743Z [36;1m  fi[0m
2026-10-09T05:02:36.7745955Z [36;1m  if [ "$consumer" = jvm ]; then[0m
2026-10-09T05:02:36.7746978Z [36;1m    consumer_command="$consumer_command && LEAN_BRIDGE_NATIVE_JVM_TEST=1 node --test tests/native-jvm.test.mjs && npm run test:type-corpus:jvm && LEAN_BRIDGE_REVIEWED_NATIVE_PROFILES=java,kotlin node --test tests/type-corpus-reviewed-native.test.mjs"[0m
2026-10-09T05:02:36.7748405Z [36;1m    consumer_command="$consumer_command && LEAN_BRIDGE_JVM_CALLABLE_TEST=1 node --test tests/jvm-callables.test.mjs tests/jvm-callable-contract.test.mjs"[0m
2026-10-09T05:02:36.7749500Z [36;1m    consumer_command="$consumer_command && LEAN_BRIDGE_JVM_STRUCTURED_CALLABLE_TEST=1 node --test tests/jvm-structured-callables.test.mjs"[0m
2026-10-09T05:02:36.7750488Z [36;1m    consumer_command="$consumer_command && LEAN_BRIDGE_JVM_RECURSIVE_CALLABLE_TEST=1 node --test tests/jvm-recursive-callables.test.mjs"[0m
2026-10-09T05:02:36.7751514Z [36;1m    consumer_command="$consumer_command && LEAN_BRIDGE_JVM_COMPOUND_TEST=1 node --test tests/jvm-compounds.test.mjs tests/jvm-compound-contract.test.mjs"[0m
2026-10-09T05:02:36.7752550Z [36;1m    consumer_command="$consumer_command && LEAN_BRIDGE_JVM_LIST_TEST=1 node --test tests/jvm-lists.test.mjs tests/jvm-list-contract.test.mjs"[0m
2026-10-09T05:02:36.7753437Z [36;1m    consumer_command="$consumer_command && LEAN_BRIDGE_JVM_ALIAS_TEST=1 node --test tests/jvm-aliases.test.mjs"[0m
2026-10-09T05:02:36.7754197Z [36;1m    consumer_command="$consumer_command && LEAN_BRIDGE_JVM_FIN_TEST=1 node --test tests/jvm-fin.test.mjs"[0m
2026-10-09T05:02:36.7756193Z [36;1m    consumer_command="$consumer_command && LEAN_BRIDGE_SPECIALIZATION_PROFILES=java,kotlin node --test tests/native-specializations.test.mjs && LEAN_BRIDGE_GENERIC_RECORD_PROFILES=java,kotlin node --test --test-name-pattern='relocated source-free native packages construct' tests/generic-records.test.mjs"[0m
2026-10-09T05:02:36.7758127Z [36;1m    consumer_command="$consumer_command && LEAN_BRIDGE_FIN_CONTAINER_PROFILES=java,kotlin LEAN_BRIDGE_REVIEWED_FIN_CONTAINER_PROFILES=java,kotlin node --test tests/native-fin-containers.test.mjs"[0m
2026-10-09T05:02:36.7759488Z [36;1m    consumer_command="$consumer_command && LEAN_BRIDGE_FIN_PRODUCT_PROFILES=java,kotlin LEAN_BRIDGE_REVIEWED_FIN_PRODUCT_PROFILES=java,kotlin node --test tests/native-fin-products.test.mjs"[0m
2026-10-09T05:02:36.7760901Z [36;1m    consumer_command="$consumer_command && LEAN_BRIDGE_FIN_PRODUCT_ARRAY_PROFILES=java,kotlin LEAN_BRIDGE_REVIEWED_FIN_PRODUCT_ARRAY_PROFILES=java,kotlin node --test tests/native-fin-product-arrays.test.mjs"[0m
2026-10-09T05:02:36.7762283Z [36;1m    consumer_command="$consumer_command && LEAN_BRIDGE_FIN_RECORD_PROFILES=java,kotlin LEAN_BRIDGE_REVIEWED_FIN_RECORD_PROFILES=java,kotlin node --test tests/native-fin-records.test.mjs"[0m
2026-10-09T05:02:36.7763401Z [36;1m    consumer_command="$consumer_command && LEAN_BRIDGE_SUBTYPE_PROFILES=java,kotlin node --test tests/native-subtype.test.mjs"[0m
2026-10-09T05:02:36.7764249Z [36;1m    consumer_command="$consumer_command && LEAN_BRIDGE_JVM_VARIANT_TEST=1 node --test tests/jvm-variants.test.mjs"[0m
2026-10-09T05:02:36.7765341Z [36;1m    consumer_command="$consumer_command && LEAN_BRIDGE_JVM_EQUALITY_TEST=1 node --test tests/jvm-value-equality.test.mjs"[0m
2026-10-09T05:02:36.7766251Z [36;1m    consumer_command="$consumer_command && LEAN_BRIDGE_JVM_GRAPH_TEST=1 node --test tests/jvm-copied-graph-values.test.mjs"[0m
2026-10-09T05:02:36.7767171Z [36;1m    consumer_command="$consumer_command && LEAN_BRIDGE_KOTLIN_GRAPH_TEST=1 node --test tests/jvm-copied-graph-kotlin.test.mjs"[0m
2026-10-09T05:02:36.7768202Z [36;1m    consumer_command="$consumer_command && LEAN_BRIDGE_JVM_GRAPH_PACKAGE_TEST=1 LEAN_BRIDGE_JVM_GRAPH_INSTALLED_TEST=1 node --test tests/jvm-graph-package.test.mjs"[0m
2026-10-09T05:02:36.7769339Z [36;1m    consumer_command="$consumer_command && LEAN_BRIDGE_JVM_GRAPH_REPRO_TEST=1 LEAN_BRIDGE_JVM_GRAPH_LOADING_TEST=1 node --test tests/jvm-graph-package.test.mjs"[0m
2026-10-09T05:02:36.7770514Z [36;1m    consumer_command="$consumer_command && LEAN_BRIDGE_JVM_GRAPH_CONVERSION_TEST=1 LEAN_BRIDGE_JVM_GRAPH_NATIVE_TEST=1 node --test tests/jvm-copied-graph-conversions.test.mjs"[0m
2026-10-09T05:02:36.7771604Z [36;1m    consumer_command="$consumer_command && LEAN_BRIDGE_JVM_CONVERSIONS_TEST=1 node --test tests/jvm-collection-conversions.test.mjs"[0m
2026-10-09T05:02:36.7772713Z [36;1m    consumer_command="$consumer_command && LEAN_BRIDGE_JVM_COLLECTION_PREFLIGHT=1 LEAN_BRIDGE_JVM_COLLECTION_PROFILES=java,kotlin node --test tests/jvm-collection-callers.test.mjs"[0m
2026-10-09T05:02:36.7773958Z [36;1m    consumer_command="$consumer_command && LEAN_BRIDGE_JVM_COLLECTION_TEST=1 LEAN_BRIDGE_JVM_COLLECTION_PROFILES=java,kotlin node --test tests/jvm-collections.test.mjs"[0m
2026-10-09T05:02:36.7774778Z [36;1m    if [ "success" != success ] || [ "success" != success ]; then[0m
2026-10-09T05:02:36.7775396Z [36;1m      test_result=failed[0m
2026-10-09T05:02:36.7775670Z [36;1m      executed=false[0m
2026-10-09T05:02:36.7775905Z [36;1m    fi[0m
2026-10-09T05:02:36.7776104Z [36;1m  fi[0m
2026-10-09T05:02:36.7776320Z [36;1m  if [ "$consumer" = ruby ]; then[0m
2026-10-09T05:02:36.7777339Z [36;1m    consumer_command="$consumer_command && LEAN_BRIDGE_NATIVE_RUBY_TEST=1 node --test tests/native-ruby.test.mjs && npm run test:type-corpus:ruby && LEAN_BRIDGE_REVIEWED_NATIVE_PROFILES=ruby node --test tests/type-corpus-reviewed-native.test.mjs"[0m
2026-10-09T05:02:36.7778758Z [36;1m    consumer_command="$consumer_command && LEAN_BRIDGE_RUBY_CALLABLE_TEST=1 node --test tests/ruby-callables.test.mjs"[0m
2026-10-09T05:02:36.7779727Z [36;1m    consumer_command="$consumer_command && LEAN_BRIDGE_RUBY_STRUCTURED_CALLABLE_TEST=1 node --test tests/ruby-structured-callables.test.mjs"[0m
2026-10-09T05:02:36.7781106Z [36;1m    consumer_command="$consumer_command && LEAN_BRIDGE_RUBY_RECURSIVE_CALLABLE_TEST=1 node --test --test-concurrency=1 tests/ruby-recursive-callables.test.mjs tests/ruby-recursive-callable-contract.test.mjs"[0m
2026-10-09T05:02:36.7782759Z [36;1m    consumer_command="$consumer_command && LEAN_BRIDGE_OWNED_NATIVE_TEST=1 node --test --test-concurrency=1 tests/owned-ruby-runtime.test.mjs tests/owned-ruby-values.test.mjs tests/owned-ruby-layout.test.mjs tests/owned-ruby-conversions.test.mjs"[0m
2026-10-09T05:02:36.7784549Z [36;1m    consumer_command="$consumer_command && LEAN_BRIDGE_OWNED_NATIVE_TEST=1 node --test --test-concurrency=1 tests/owned-ruby-gmp.test.mjs tests/owned-ruby-package.test.mjs tests/owned-ruby-packaging.test.mjs tests/owned-ruby-coexistence.test.mjs"[0m
2026-10-09T05:02:36.7785990Z [36;1m    consumer_command="$consumer_command && npm run test:owned-ruby-transfers"[0m
2026-10-09T05:02:36.7786559Z [36;1m    consumer_command="$consumer_command && npm run test:owned-ruby-borrows"[0m
2026-10-09T05:02:36.7787112Z [36;1m    consumer_command="$consumer_command && npm run test:owned-ruby-receivers"[0m
2026-10-09T05:02:36.7787952Z [36;1m    consumer_command="$consumer_command && LEAN_BRIDGE_RUBY_COMPOUND_TEST=1 node --test tests/ruby-compounds.test.mjs tests/ruby-compound-contract.test.mjs"[0m
2026-10-09T05:02:36.7789028Z [36;1m    consumer_command="$consumer_command && LEAN_BRIDGE_RUBY_LIST_TEST=1 node --test tests/ruby-lists.test.mjs tests/ruby-list-contract.test.mjs"[0m
2026-10-09T05:02:36.7789945Z [36;1m    consumer_command="$consumer_command && LEAN_BRIDGE_RUBY_ALIAS_TEST=1 node --test tests/ruby-aliases.test.mjs"[0m
2026-10-09T05:02:36.7790833Z [36;1m    consumer_command="$consumer_command && LEAN_BRIDGE_GDB=/usr/bin/gdb LEAN_BRIDGE_RUBY_FIN_TEST=1 node --test tests/ruby-fin.test.mjs"[0m
2026-10-09T05:02:36.7792368Z [36;1m    consumer_command="$consumer_command && LEAN_BRIDGE_SPECIALIZATION_PROFILES=ruby node --test tests/native-specializations.test.mjs && LEAN_BRIDGE_GENERIC_RECORD_PROFILES=ruby node --test --test-name-pattern='relocated source-free native packages construct' tests/generic-records.test.mjs"[0m
2026-10-09T05:02:36.7794076Z [36;1m    consumer_command="$consumer_command && LEAN_BRIDGE_FIN_CONTAINER_PROFILES=ruby LEAN_BRIDGE_REVIEWED_FIN_CONTAINER_PROFILES=ruby node --test tests/native-fin-containers.test.mjs"[0m
2026-10-09T05:02:36.7795604Z [36;1m    consumer_command="$consumer_command && LEAN_BRIDGE_FIN_PRODUCT_PROFILES=ruby LEAN_BRIDGE_REVIEWED_FIN_PRODUCT_PROFILES=ruby node --test tests/native-fin-products.test.mjs"[0m
2026-10-09T05:02:36.7796932Z [36;1m    consumer_command="$consumer_command && LEAN_BRIDGE_FIN_PRODUCT_ARRAY_PROFILES=ruby LEAN_BRIDGE_REVIEWED_FIN_PRODUCT_ARRAY_PROFILES=ruby node --test tests/native-fin-product-arrays.test.mjs"[0m
2026-10-09T05:02:36.7798219Z [36;1m    consumer_command="$consumer_command && LEAN_BRIDGE_FIN_RECORD_PROFILES=ruby LEAN_BRIDGE_REVIEWED_FIN_RECORD_PROFILES=ruby node --test tests/native-fin-records.test.mjs"[0m
2026-10-09T05:02:36.7799273Z [36;1m    consumer_command="$consumer_command && LEAN_BRIDGE_SUBTYPE_PROFILES=ruby node --test tests/native-subtype.test.mjs"[0m
2026-10-09T05:02:36.7800121Z [36;1m    consumer_command="$consumer_command && LEAN_BRIDGE_RUBY_VARIANT_TEST=1 node --test tests/ruby-variants.test.mjs"[0m
2026-10-09T05:02:36.7801119Z [36;1m    consumer_command="$consumer_command && LEAN_BRIDGE_RUBY_COLLECTION_TEST=1 node --test tests/ruby-collections.test.mjs tests/ruby-collection-contract.test.mjs"[0m
2026-10-09T05:02:36.7802148Z [36;1m    consumer_command="$consumer_command && LEAN_BRIDGE_RUBY_GRAPH_TEST=1 node --test tests/ruby-copied-graph-values.test.mjs"[0m
2026-10-09T05:02:36.7803310Z [36;1m    consumer_command="$consumer_command && LEAN_BRIDGE_RUBY_GRAPH_TEST=1 LEAN_BRIDGE_RUBY_GRAPH_NATIVE_TEST=1 node --test tests/ruby-copied-graph-conversions.test.mjs"[0m
2026-10-09T05:02:36.7804448Z [36;1m    consumer_command="$consumer_command && LEAN_BRIDGE_RUBY_GRAPH_PACKAGE_TEST=1 node --test tests/ruby-graph-package.test.mjs"[0m
2026-10-09T05:02:36.7818800Z [36;1m    if [ "skipped" != success ] || [ "skipped" != success ]; then[0m
2026-10-09T05:02:36.7819282Z [36;1m      test_result=failed[0m
2026-10-09T05:02:36.7819568Z [36;1m      executed=false[0m
2026-10-09T05:02:36.7819815Z [36;1m    fi[0m
2026-10-09T05:02:36.7820025Z [36;1m  fi[0m
2026-10-09T05:02:36.7821201Z [36;1m  node scripts/consumer-ci.mjs record --consumer "$consumer" --output "build/consumer-ci/results/$consumer.json" --performance "build/consumer-ci/performance/$consumer.json" --test-result "$test_result" --package-installation "$executed" --real-lean-execution "$executed" --command "$consumer_command"[0m
2026-10-09T05:02:36.7822440Z [36;1mdone[0m
2026-10-09T05:02:36.7888263Z shell: /usr/bin/bash --noprofile --norc -e -o pipefail {0}
2026-10-09T05:02:36.7888637Z env:
2026-10-09T05:02:36.7888840Z   NODE_VERSION: 22
2026-10-09T05:02:36.7889213Z   LEAN_BRIDGE_CONSUMER_PERFORMANCE_DIR: build/consumer-ci/performance
2026-10-09T05:02:36.7889618Z   TMPDIR: /home/runner/work/_temp
2026-10-09T05:02:36.7889995Z   NIX_PROFILES: /nix/var/nix/profiles/default /home/runner/.nix-profile
2026-10-09T05:02:36.7890424Z   NIX_SSL_CERT_FILE: /etc/ssl/certs/ca-certificates.crt
2026-10-09T05:02:36.7890755Z   DOTNET_ROOT: /usr/share/dotnet
2026-10-09T05:02:36.7891125Z   JAVA_HOME: /opt/hostedtoolcache/Java_Temurin-Hotspot_jdk/22.0.2-9/x64
2026-10-09T05:02:36.7891620Z   JAVA_HOME_22_X64: /opt/hostedtoolcache/Java_Temurin-Hotspot_jdk/22.0.2-9/x64
2026-10-09T05:02:36.7892013Z ##[endgroup]
2026-10-09T05:02:36.8310457Z jvm: passed
2026-10-09T05:02:36.8403678Z ##[group]Run actions/upload-artifact@v7
2026-10-09T05:02:36.8403997Z with:
2026-10-09T05:02:36.8404360Z   name: consumer-results-managed-jvm-93c60a0487d0b2acc0b6d562cd72a3876738a666
2026-10-09T05:02:36.8404832Z   path: build/consumer-ci/results/jvm.json
2026-10-09T05:02:36.8405548Z   if-no-files-found: error
2026-10-09T05:02:36.8405831Z   overwrite: true
2026-10-09T05:02:36.8406046Z   retention-days: 30
2026-10-09T05:02:36.8406268Z   compression-level: 6
2026-10-09T05:02:36.8406511Z   include-hidden-files: false
2026-10-09T05:02:36.8406755Z   archive: true
2026-10-09T05:02:36.8406952Z env:
2026-10-09T05:02:36.8407143Z   NODE_VERSION: 22
2026-10-09T05:02:36.8407463Z   LEAN_BRIDGE_CONSUMER_PERFORMANCE_DIR: build/consumer-ci/performance
2026-10-09T05:02:36.8407872Z   TMPDIR: /home/runner/work/_temp
2026-10-09T05:02:36.8408251Z   NIX_PROFILES: /nix/var/nix/profiles/default /home/runner/.nix-profile
2026-10-09T05:02:36.8408690Z   NIX_SSL_CERT_FILE: /etc/ssl/certs/ca-certificates.crt
2026-10-09T05:02:36.8409056Z   DOTNET_ROOT: /usr/share/dotnet
2026-10-09T05:02:36.8409422Z   JAVA_HOME: /opt/hostedtoolcache/Java_Temurin-Hotspot_jdk/22.0.2-9/x64
2026-10-09T05:02:36.8409941Z   JAVA_HOME_22_X64: /opt/hostedtoolcache/Java_Temurin-Hotspot_jdk/22.0.2-9/x64
2026-10-09T05:02:36.8410343Z ##[endgroup]
2026-10-09T05:02:36.9954478Z With the provided path, there will be 1 file uploaded
2026-10-09T05:02:37.1970671Z Artifact name is valid!
2026-10-09T05:02:37.1971613Z Root directory input is valid!
2026-10-09T05:02:37.5053144Z Uploading artifact: consumer-results-managed-jvm-93c60a0487d0b2acc0b6d562cd72a3876738a666.zip
2026-10-09T05:02:37.5101822Z Beginning upload of artifact content to blob storage
2026-10-09T05:02:37.7462360Z Uploaded bytes 1099
2026-10-09T05:02:37.8046471Z Finished uploading artifact content to blob storage!
2026-10-09T05:02:37.8047600Z SHA256 digest of uploaded artifact is 9628fc07e0efd5b4a36fa5e7c1a640ca319339214cbd3b3154cbde81a7892a31
2026-10-09T05:02:37.8048457Z Finalizing artifact upload
2026-10-09T05:02:38.3426630Z Artifact consumer-results-managed-jvm-93c60a0487d0b2acc0b6d562cd72a3876738a666 successfully finalized. Artifact ID 11596691059
2026-10-09T05:02:38.3428619Z Artifact consumer-results-managed-jvm-93c60a0487d0b2acc0b6d562cd72a3876738a666 has been successfully uploaded! Final size is 1099 bytes. Artifact ID is 11596691059
2026-10-09T05:02:38.3430972Z Artifact download URL: https://github.com/seanmorris/lean-bridge/actions/runs/37873560469/artifacts/11596691059
2026-10-09T05:02:38.3632268Z Post job cleanup.
2026-10-09T05:02:38.5062077Z (node:460309) [DEP0040] DeprecationWarning: The `punycode` module is deprecated. Please use a userland alternative instead.
2026-10-09T05:02:38.5063790Z (Use `node --trace-deprecation ...` to show where the warning was created)
2026-10-09T05:02:38.5257629Z Post job cleanup.
2026-10-09T05:02:38.6760021Z Post job cleanup.
2026-10-09T05:02:38.8074804Z Cache hit occurred on the primary key node-cache-Linux-x64-npm-26a2ea32ff9fbdbc806907cf3b846fc9f2d906ee6b040e7c2c0e2b49f755b41e, not saving cache.
2026-10-09T05:02:38.8215708Z Post job cleanup.
2026-10-09T05:02:38.9156938Z [command]/usr/bin/git version
2026-10-09T05:02:38.9202131Z git version 2.55.0
2026-10-09T05:02:38.9249352Z Temporarily overriding HOME='/home/runner/work/_temp/8f618985-cf31-43d1-8fa1-98df45ea73a6' before making global git config changes
2026-10-09T05:02:38.9251175Z Adding repository directory to the temporary git global config as a safe directory
2026-10-09T05:02:38.9258343Z [command]/usr/bin/git config --global --add safe.directory /home/runner/work/lean-bridge/lean-bridge
2026-10-09T05:02:38.9304546Z Removing SSH command configuration
2026-10-09T05:02:38.9313105Z [command]/usr/bin/git config --local --name-only --get-regexp core\.sshCommand
2026-10-09T05:02:38.9364141Z [command]/usr/bin/git submodule foreach --recursive sh -c "git config --local --name-only --get-regexp 'core\.sshCommand' && git config --local --unset-all 'core.sshCommand' || :"
2026-10-09T05:02:38.9637622Z Removing HTTP extra header
2026-10-09T05:02:38.9644813Z [command]/usr/bin/git config --local --name-only --get-regexp http\.https\:\/\/github\.com\/\.extraheader
2026-10-09T05:02:38.9705660Z [command]/usr/bin/git submodule foreach --recursive sh -c "git config --local --name-only --get-regexp 'http\.https\:\/\/github\.com\/\.extraheader' && git config --local --unset-all 'http.https://github.com/.extraheader' || :"
2026-10-09T05:02:38.9982032Z Removing includeIf entries pointing to credentials config files
2026-10-09T05:02:38.9989620Z [command]/usr/bin/git config --local --name-only --get-regexp ^includeIf\.gitdir:
2026-10-09T05:02:39.0042228Z [command]/usr/bin/git submodule foreach --recursive git config --local --show-origin --name-only --get-regexp remote.origin.url
2026-10-09T05:02:39.0456220Z Cleaning up orphan processes
2026-10-09T05:02:39.0734931Z ##[warning]Node.js 20 is deprecated. The following actions target Node.js 20 but are being forced to run on Node.js 24: actions/setup-java@v4. For more information see: https://github.blog/changelog/2025-09-19-deprecation-of-node-20-on-github-actions-runners/
