2026-10-08T22:01:33.0005286Z Current runner version: '2.337.0'
2026-10-08T22:01:33.0052516Z ##[group]Runner Image Provisioner
2026-10-08T22:01:33.0053363Z Hosted Compute Agent
2026-10-08T22:01:33.0053949Z Version: 20261002.596
2026-10-08T22:01:33.0054510Z Commit: c3d12f3313a95f25162a1503be624f3b0617f8c0
2026-10-08T22:01:33.0055199Z Build Date: 2026-10-02T22:28:27Z
2026-10-08T22:01:33.0055812Z Worker ID: {11c2cf47-42d3-4128-9455-e11a2a8c1e4d}
2026-10-08T22:01:33.0056647Z Region: westus3
2026-10-08T22:01:33.0057185Z Cloud: Azure
2026-10-08T22:01:33.0057663Z ##[endgroup]
2026-10-08T22:01:33.0059020Z ##[group]Operating System
2026-10-08T22:01:33.0059626Z Ubuntu
2026-10-08T22:01:33.0060109Z 24.04.5
2026-10-08T22:01:33.0060572Z LTS
2026-10-08T22:01:33.0061044Z ##[endgroup]
2026-10-08T22:01:33.0061538Z ##[group]Runner Image
2026-10-08T22:01:33.0062127Z Image: ubuntu-24.04
2026-10-08T22:01:33.0062656Z Version: 20261004.327.1
2026-10-08T22:01:33.0063804Z Included Software: https://github.com/actions/runner-images/blob/ubuntu24/20261004.327/images/ubuntu/Ubuntu2404-Readme.md
2026-10-08T22:01:33.0065260Z Image Release: https://github.com/actions/runner-images/releases/tag/ubuntu24%2F20261004.327
2026-10-08T22:01:33.0066356Z ##[endgroup]
2026-10-08T22:01:33.0067370Z ##[group]GITHUB_TOKEN Permissions
2026-10-08T22:01:33.0069505Z Contents: read
2026-10-08T22:01:33.0070046Z Metadata: read
2026-10-08T22:01:33.0070573Z ##[endgroup]
2026-10-08T22:01:33.0072953Z Secret source: Actions
2026-10-08T22:01:33.0073848Z Cache mode: write
2026-10-08T22:01:33.0074701Z Prepare workflow directory
2026-10-08T22:01:33.0389291Z Prepare all required actions
2026-10-08T22:01:33.0439642Z Getting action download info
2026-10-08T22:01:33.3795566Z Download action repository 'actions/checkout@v6' (SHA:d23441a48e516b6c34aea4fa41551a30e30af803)
2026-10-08T22:01:33.4550056Z Download action repository 'actions/setup-node@v6' (SHA:249970729cb0ef3589644e2896645e5dc5ba9c38)
2026-10-08T22:01:33.5247090Z Download action repository 'actions/cache@v4' (SHA:0057852bfaa89a56745cba8c7296529d2fc39830)
2026-10-08T22:01:33.6035562Z Download action repository 'actions/upload-artifact@v7' (SHA:cf430e030ddbb5b0abf93d22962f4752f3646cd9)
2026-10-08T22:01:34.4604266Z Uses: seanmorris/lean-bridge/.github/workflows/perl-consumer.yml@refs/heads/agent/generic-refinements-vo1220 (bf89effc3735069b1f069482c26ccf296026e7db)
2026-10-08T22:01:34.4609702Z Complete job name: Perl / Perl XS (5.38.2-unthreaded)
2026-10-08T22:01:34.5502076Z ##[group]Run actions/checkout@v6
2026-10-08T22:01:34.5502976Z with:
2026-10-08T22:01:34.5503460Z   persist-credentials: false
2026-10-08T22:01:34.5504056Z   repository: seanmorris/lean-bridge
2026-10-08T22:01:34.5508659Z   token: ***
2026-10-08T22:01:34.5509127Z   ssh-strict: true
2026-10-08T22:01:34.5509592Z   ssh-user: git
2026-10-08T22:01:34.5510052Z   clean: true
2026-10-08T22:01:34.5510526Z   sparse-checkout-cone-mode: true
2026-10-08T22:01:34.5511086Z   fetch-depth: 1
2026-10-08T22:01:34.5511542Z   fetch-tags: false
2026-10-08T22:01:34.5512021Z   show-progress: true
2026-10-08T22:01:34.5512557Z   lfs: false
2026-10-08T22:01:34.5513013Z   submodules: false
2026-10-08T22:01:34.5513500Z   set-safe-directory: true
2026-10-08T22:01:34.5514044Z   allow-unsafe-pr-checkout: false
2026-10-08T22:01:34.5514874Z ##[endgroup]
2026-10-08T22:01:34.6612344Z Syncing repository: seanmorris/lean-bridge
2026-10-08T22:01:34.6615700Z ##[group]Getting Git version info
2026-10-08T22:01:34.6617676Z Working directory is '/home/runner/work/lean-bridge/lean-bridge'
2026-10-08T22:01:34.6620182Z [command]/usr/bin/git version
2026-10-08T22:01:34.6621368Z git version 2.55.0
2026-10-08T22:01:34.6624939Z ##[endgroup]
2026-10-08T22:01:34.6632625Z Temporarily overriding HOME='/home/runner/work/_temp/a691d30e-ba1a-4a93-bdb8-4674d20f6db0' before making global git config changes
2026-10-08T22:01:34.6636213Z Adding repository directory to the temporary git global config as a safe directory
2026-10-08T22:01:34.6639182Z [command]/usr/bin/git config --global --add safe.directory /home/runner/work/lean-bridge/lean-bridge
2026-10-08T22:01:34.6683708Z Deleting the contents of '/home/runner/work/lean-bridge/lean-bridge'
2026-10-08T22:01:34.6688030Z ##[group]Determining repository object format
2026-10-08T22:01:34.6690403Z ##[endgroup]
2026-10-08T22:01:34.6692307Z ##[group]Initializing the repository
2026-10-08T22:01:34.6694091Z [command]/usr/bin/git init /home/runner/work/lean-bridge/lean-bridge
2026-10-08T22:01:34.6794861Z hint: Using 'master' as the name for the initial branch. This default branch name
2026-10-08T22:01:34.6797442Z hint: will change to "main" in Git 3.0. To configure the initial branch name
2026-10-08T22:01:34.6800026Z hint: to use in all of your new repositories, which will suppress this warning,
2026-10-08T22:01:34.6801818Z hint: call:
2026-10-08T22:01:34.6802687Z hint:
2026-10-08T22:01:34.6803860Z hint: 	git config --global init.defaultBranch <name>
2026-10-08T22:01:34.6805245Z hint:
2026-10-08T22:01:34.6806650Z hint: Names commonly chosen instead of 'master' are 'main', 'trunk' and
2026-10-08T22:01:34.6808900Z hint: 'development'. The just-created branch can be renamed via this command:
2026-10-08T22:01:34.6810670Z hint:
2026-10-08T22:01:34.6811618Z hint: 	git branch -m <name>
2026-10-08T22:01:34.6812665Z hint:
2026-10-08T22:01:34.6814083Z hint: Disable this message with "git config set advice.defaultBranchName false"
2026-10-08T22:01:34.6822348Z Initialized empty Git repository in /home/runner/work/lean-bridge/lean-bridge/.git/
2026-10-08T22:01:34.6831511Z [command]/usr/bin/git remote add origin https://github.com/seanmorris/lean-bridge
2026-10-08T22:01:34.6871341Z ##[endgroup]
2026-10-08T22:01:34.6873016Z ##[group]Disabling automatic garbage collection
2026-10-08T22:01:34.6875180Z [command]/usr/bin/git config --local gc.auto 0
2026-10-08T22:01:34.6903117Z ##[endgroup]
2026-10-08T22:01:34.6904655Z ##[group]Setting up auth
2026-10-08T22:01:34.6905778Z Removing SSH command configuration
2026-10-08T22:01:34.6911846Z [command]/usr/bin/git config --local --name-only --get-regexp core\.sshCommand
2026-10-08T22:01:34.6943525Z [command]/usr/bin/git submodule foreach --recursive sh -c "git config --local --name-only --get-regexp 'core\.sshCommand' && git config --local --unset-all 'core.sshCommand' || :"
2026-10-08T22:01:34.7251533Z Removing HTTP extra header
2026-10-08T22:01:34.7259438Z [command]/usr/bin/git config --local --name-only --get-regexp http\.https\:\/\/github\.com\/\.extraheader
2026-10-08T22:01:34.7292239Z [command]/usr/bin/git submodule foreach --recursive sh -c "git config --local --name-only --get-regexp 'http\.https\:\/\/github\.com\/\.extraheader' && git config --local --unset-all 'http.https://github.com/.extraheader' || :"
2026-10-08T22:01:34.7531080Z Removing includeIf entries pointing to credentials config files
2026-10-08T22:01:34.7537785Z [command]/usr/bin/git config --local --name-only --get-regexp ^includeIf\.gitdir:
2026-10-08T22:01:34.7567073Z [command]/usr/bin/git submodule foreach --recursive git config --local --show-origin --name-only --get-regexp remote.origin.url
2026-10-08T22:01:34.7763442Z [command]/usr/bin/git config --file /home/runner/work/_temp/git-credentials-e6939abc-6b80-4e2f-b7bd-a449e46a56c9.config http.https://github.com/.extraheader AUTHORIZATION: basic ***
2026-10-08T22:01:34.7803227Z [command]/usr/bin/git config --local includeIf.gitdir:/home/runner/work/lean-bridge/lean-bridge/.git.path /home/runner/work/_temp/git-credentials-e6939abc-6b80-4e2f-b7bd-a449e46a56c9.config
2026-10-08T22:01:34.7833158Z [command]/usr/bin/git config --local includeIf.gitdir:/home/runner/work/lean-bridge/lean-bridge/.git/worktrees/*.path /home/runner/work/_temp/git-credentials-e6939abc-6b80-4e2f-b7bd-a449e46a56c9.config
2026-10-08T22:01:34.7862669Z [command]/usr/bin/git config --local includeIf.gitdir:/github/workspace/.git.path /github/runner_temp/git-credentials-e6939abc-6b80-4e2f-b7bd-a449e46a56c9.config
2026-10-08T22:01:34.7895944Z [command]/usr/bin/git config --local includeIf.gitdir:/github/workspace/.git/worktrees/*.path /github/runner_temp/git-credentials-e6939abc-6b80-4e2f-b7bd-a449e46a56c9.config
2026-10-08T22:01:34.7917498Z ##[endgroup]
2026-10-08T22:01:34.7918351Z ##[group]Fetching the repository
2026-10-08T22:01:34.7925627Z [command]/usr/bin/git -c protocol.version=2 fetch --no-tags --prune --no-recurse-submodules --depth=1 origin +bf89effc3735069b1f069482c26ccf296026e7db:refs/remotes/origin/agent/generic-refinements-vo1220
2026-10-08T22:01:43.2177547Z From https://github.com/seanmorris/lean-bridge
2026-10-08T22:01:43.2179564Z  * [new ref]         bf89effc3735069b1f069482c26ccf296026e7db -> origin/agent/generic-refinements-vo1220
2026-10-08T22:01:43.2186920Z [command]/usr/bin/git branch --list --remote origin/agent/generic-refinements-vo1220
2026-10-08T22:01:43.2208610Z   origin/agent/generic-refinements-vo1220
2026-10-08T22:01:43.2216776Z [command]/usr/bin/git rev-parse refs/remotes/origin/agent/generic-refinements-vo1220
2026-10-08T22:01:43.2235684Z bf89effc3735069b1f069482c26ccf296026e7db
2026-10-08T22:01:43.2239343Z ##[endgroup]
2026-10-08T22:01:43.2240400Z ##[group]Determining the checkout info
2026-10-08T22:01:43.2243609Z ##[endgroup]
2026-10-08T22:01:43.2244640Z [command]/usr/bin/git sparse-checkout disable
2026-10-08T22:01:43.2283189Z [command]/usr/bin/git config --local --unset-all extensions.worktreeConfig
2026-10-08T22:01:43.2308228Z ##[group]Checking out the ref
2026-10-08T22:01:43.2310123Z [command]/usr/bin/git checkout --progress --force -B agent/generic-refinements-vo1220 refs/remotes/origin/agent/generic-refinements-vo1220
2026-10-08T22:01:44.2378581Z Updating files:  34% (2137/6170)
2026-10-08T22:01:44.2390664Z Updating files:  35% (2160/6170)
2026-10-08T22:01:44.2421672Z Updating files:  36% (2222/6170)
2026-10-08T22:01:44.2487603Z Updating files:  37% (2283/6170)
2026-10-08T22:01:44.2540237Z Updating files:  38% (2345/6170)
2026-10-08T22:01:44.2577725Z Updating files:  39% (2407/6170)
2026-10-08T22:01:44.2622969Z Updating files:  40% (2468/6170)
2026-10-08T22:01:44.2677730Z Updating files:  41% (2530/6170)
2026-10-08T22:01:44.2733154Z Updating files:  42% (2592/6170)
2026-10-08T22:01:44.2770530Z Updating files:  43% (2654/6170)
2026-10-08T22:01:44.2803809Z Updating files:  44% (2715/6170)
2026-10-08T22:01:44.2863085Z Updating files:  45% (2777/6170)
2026-10-08T22:01:44.2922247Z Updating files:  46% (2839/6170)
2026-10-08T22:01:44.2974360Z Updating files:  47% (2900/6170)
2026-10-08T22:01:44.3013688Z Updating files:  48% (2962/6170)
2026-10-08T22:01:44.3044872Z Updating files:  49% (3024/6170)
2026-10-08T22:01:44.3073244Z Updating files:  50% (3085/6170)
2026-10-08T22:01:44.3095598Z Updating files:  51% (3147/6170)
2026-10-08T22:01:44.3114295Z Updating files:  52% (3209/6170)
2026-10-08T22:01:44.3140753Z Updating files:  53% (3271/6170)
2026-10-08T22:01:44.3159029Z Updating files:  54% (3332/6170)
2026-10-08T22:01:44.3172053Z Updating files:  55% (3394/6170)
2026-10-08T22:01:44.3184544Z Updating files:  56% (3456/6170)
2026-10-08T22:01:44.3198777Z Updating files:  57% (3517/6170)
2026-10-08T22:01:44.3221707Z Updating files:  58% (3579/6170)
2026-10-08T22:01:44.3244808Z Updating files:  59% (3641/6170)
2026-10-08T22:01:44.3278173Z Updating files:  60% (3702/6170)
2026-10-08T22:01:44.3311520Z Updating files:  61% (3764/6170)
2026-10-08T22:01:44.3340399Z Updating files:  62% (3826/6170)
2026-10-08T22:01:44.3370678Z Updating files:  63% (3888/6170)
2026-10-08T22:01:44.3394138Z Updating files:  64% (3949/6170)
2026-10-08T22:01:44.3422103Z Updating files:  65% (4011/6170)
2026-10-08T22:01:44.3450883Z Updating files:  66% (4073/6170)
2026-10-08T22:01:44.3479479Z Updating files:  67% (4134/6170)
2026-10-08T22:01:44.3509570Z Updating files:  68% (4196/6170)
2026-10-08T22:01:44.3534172Z Updating files:  69% (4258/6170)
2026-10-08T22:01:44.3561085Z Updating files:  70% (4319/6170)
2026-10-08T22:01:44.3584876Z Updating files:  71% (4381/6170)
2026-10-08T22:01:44.3623806Z Updating files:  72% (4443/6170)
2026-10-08T22:01:44.3655381Z Updating files:  73% (4505/6170)
2026-10-08T22:01:44.3684510Z Updating files:  74% (4566/6170)
2026-10-08T22:01:44.3722808Z Updating files:  75% (4628/6170)
2026-10-08T22:01:44.3755694Z Updating files:  76% (4690/6170)
2026-10-08T22:01:44.3778500Z Updating files:  77% (4751/6170)
2026-10-08T22:01:44.3804021Z Updating files:  78% (4813/6170)
2026-10-08T22:01:44.3831252Z Updating files:  79% (4875/6170)
2026-10-08T22:01:44.3858451Z Updating files:  80% (4936/6170)
2026-10-08T22:01:44.3880324Z Updating files:  81% (4998/6170)
2026-10-08T22:01:44.3902036Z Updating files:  82% (5060/6170)
2026-10-08T22:01:44.3926351Z Updating files:  83% (5122/6170)
2026-10-08T22:01:44.3958505Z Updating files:  84% (5183/6170)
2026-10-08T22:01:44.3983867Z Updating files:  85% (5245/6170)
2026-10-08T22:01:44.4013693Z Updating files:  86% (5307/6170)
2026-10-08T22:01:44.4047234Z Updating files:  87% (5368/6170)
2026-10-08T22:01:44.4091822Z Updating files:  88% (5430/6170)
2026-10-08T22:01:44.4125834Z Updating files:  89% (5492/6170)
2026-10-08T22:01:44.4156214Z Updating files:  90% (5553/6170)
2026-10-08T22:01:44.4187068Z Updating files:  91% (5615/6170)
2026-10-08T22:01:44.4215005Z Updating files:  92% (5677/6170)
2026-10-08T22:01:44.4241896Z Updating files:  93% (5739/6170)
2026-10-08T22:01:44.4273721Z Updating files:  94% (5800/6170)
2026-10-08T22:01:44.4303293Z Updating files:  95% (5862/6170)
2026-10-08T22:01:44.4331925Z Updating files:  96% (5924/6170)
2026-10-08T22:01:44.4361559Z Updating files:  97% (5985/6170)
2026-10-08T22:01:44.4392560Z Updating files:  98% (6047/6170)
2026-10-08T22:01:44.4422498Z Updating files:  99% (6109/6170)
2026-10-08T22:01:44.4423038Z Updating files: 100% (6170/6170)
2026-10-08T22:01:44.4423514Z Updating files: 100% (6170/6170), done.
2026-10-08T22:01:44.4489300Z Switched to a new branch 'agent/generic-refinements-vo1220'
2026-10-08T22:01:44.4493725Z branch 'agent/generic-refinements-vo1220' set up to track 'origin/agent/generic-refinements-vo1220'.
2026-10-08T22:01:44.4524926Z ##[endgroup]
2026-10-08T22:01:44.4564407Z [command]/usr/bin/git log -1 --format=%H
2026-10-08T22:01:44.4586578Z bf89effc3735069b1f069482c26ccf296026e7db
2026-10-08T22:01:44.4595010Z ##[group]Removing auth
2026-10-08T22:01:44.4595716Z Removing SSH command configuration
2026-10-08T22:01:44.4600143Z [command]/usr/bin/git config --local --name-only --get-regexp core\.sshCommand
2026-10-08T22:01:44.4626515Z [command]/usr/bin/git submodule foreach --recursive sh -c "git config --local --name-only --get-regexp 'core\.sshCommand' && git config --local --unset-all 'core.sshCommand' || :"
2026-10-08T22:01:44.4801902Z Removing HTTP extra header
2026-10-08T22:01:44.4805534Z [command]/usr/bin/git config --local --name-only --get-regexp http\.https\:\/\/github\.com\/\.extraheader
2026-10-08T22:01:44.4830938Z [command]/usr/bin/git submodule foreach --recursive sh -c "git config --local --name-only --get-regexp 'http\.https\:\/\/github\.com\/\.extraheader' && git config --local --unset-all 'http.https://github.com/.extraheader' || :"
2026-10-08T22:01:44.5004600Z Removing includeIf entries pointing to credentials config files
2026-10-08T22:01:44.5008344Z [command]/usr/bin/git config --local --name-only --get-regexp ^includeIf\.gitdir:
2026-10-08T22:01:44.5030050Z includeif.gitdir:/home/runner/work/lean-bridge/lean-bridge/.git.path
2026-10-08T22:01:44.5030761Z includeif.gitdir:/home/runner/work/lean-bridge/lean-bridge/.git/worktrees/*.path
2026-10-08T22:01:44.5031440Z includeif.gitdir:/github/workspace/.git.path
2026-10-08T22:01:44.5032137Z includeif.gitdir:/github/workspace/.git/worktrees/*.path
2026-10-08T22:01:44.5047562Z [command]/usr/bin/git config --local --get-all includeif.gitdir:/home/runner/work/lean-bridge/lean-bridge/.git.path
2026-10-08T22:01:44.5062765Z /home/runner/work/_temp/git-credentials-e6939abc-6b80-4e2f-b7bd-a449e46a56c9.config
2026-10-08T22:01:44.5071771Z [command]/usr/bin/git config --local --unset includeif.gitdir:/home/runner/work/lean-bridge/lean-bridge/.git.path /home/runner/work/_temp/git-credentials-e6939abc-6b80-4e2f-b7bd-a449e46a56c9.config
2026-10-08T22:01:44.5099436Z [command]/usr/bin/git config --local --get-all includeif.gitdir:/home/runner/work/lean-bridge/lean-bridge/.git/worktrees/*.path
2026-10-08T22:01:44.5126659Z /home/runner/work/_temp/git-credentials-e6939abc-6b80-4e2f-b7bd-a449e46a56c9.config
2026-10-08T22:01:44.5132804Z [command]/usr/bin/git config --local --unset includeif.gitdir:/home/runner/work/lean-bridge/lean-bridge/.git/worktrees/*.path /home/runner/work/_temp/git-credentials-e6939abc-6b80-4e2f-b7bd-a449e46a56c9.config
2026-10-08T22:01:44.5160649Z [command]/usr/bin/git config --local --get-all includeif.gitdir:/github/workspace/.git.path
2026-10-08T22:01:44.5179410Z /github/runner_temp/git-credentials-e6939abc-6b80-4e2f-b7bd-a449e46a56c9.config
2026-10-08T22:01:44.5186875Z [command]/usr/bin/git config --local --unset includeif.gitdir:/github/workspace/.git.path /github/runner_temp/git-credentials-e6939abc-6b80-4e2f-b7bd-a449e46a56c9.config
2026-10-08T22:01:44.5211658Z [command]/usr/bin/git config --local --get-all includeif.gitdir:/github/workspace/.git/worktrees/*.path
2026-10-08T22:01:44.5229216Z /github/runner_temp/git-credentials-e6939abc-6b80-4e2f-b7bd-a449e46a56c9.config
2026-10-08T22:01:44.5235430Z [command]/usr/bin/git config --local --unset includeif.gitdir:/github/workspace/.git/worktrees/*.path /github/runner_temp/git-credentials-e6939abc-6b80-4e2f-b7bd-a449e46a56c9.config
2026-10-08T22:01:44.5262164Z [command]/usr/bin/git submodule foreach --recursive git config --local --show-origin --name-only --get-regexp remote.origin.url
2026-10-08T22:01:44.5430083Z Removing credentials config '/home/runner/work/_temp/git-credentials-e6939abc-6b80-4e2f-b7bd-a449e46a56c9.config'
2026-10-08T22:01:44.5439377Z ##[endgroup]
2026-10-08T22:01:44.5660375Z ##[group]Run actions/setup-node@v6
2026-10-08T22:01:44.5660654Z with:
2026-10-08T22:01:44.5660861Z   node-version: 22
2026-10-08T22:01:44.5661064Z   cache: npm
2026-10-08T22:01:44.5661257Z   check-latest: false
2026-10-08T22:01:44.5663819Z   token: ***
2026-10-08T22:01:44.5664037Z   package-manager-cache: true
2026-10-08T22:01:44.5664276Z ##[endgroup]
2026-10-08T22:01:44.6963623Z Found in cache @ /opt/hostedtoolcache/node/22.23.3/x64
2026-10-08T22:01:44.6966427Z ##[group]Environment details
2026-10-08T22:01:45.2397342Z node: v22.23.3
2026-10-08T22:01:45.2397740Z npm: 10.9.9
2026-10-08T22:01:45.2398043Z yarn: 1.22.22
2026-10-08T22:01:45.2399320Z ##[endgroup]
2026-10-08T22:01:45.2414971Z [command]/opt/hostedtoolcache/node/22.23.3/x64/bin/npm config get cache
2026-10-08T22:01:45.3374718Z /home/runner/.npm
2026-10-08T22:01:45.5617135Z Cache hit for: node-cache-Linux-x64-npm-26a2ea32ff9fbdbc806907cf3b846fc9f2d906ee6b040e7c2c0e2b49f755b41e
2026-10-08T22:01:46.8072650Z Received 34119439 of 55090959 (61.9%), 32.5 MBs/sec
2026-10-08T22:01:47.0743491Z Received 55090959 of 55090959 (100.0%), 41.4 MBs/sec
2026-10-08T22:01:47.0745159Z Cache Size: ~53 MB (55090959 B)
2026-10-08T22:01:47.0864360Z [command]/usr/bin/tar -xf /home/runner/work/_temp/793d4415-fab4-4c8a-b248-009f6f10d58e/cache.tzst -P -C /home/runner/work/lean-bridge/lean-bridge --use-compress-program unzstd
2026-10-08T22:01:47.1820395Z Cache restored successfully
2026-10-08T22:01:47.1847449Z Cache restored from key: node-cache-Linux-x64-npm-26a2ea32ff9fbdbc806907cf3b846fc9f2d906ee6b040e7c2c0e2b49f755b41e
2026-10-08T22:01:47.1964900Z ##[group]Run npm ci --ignore-scripts --no-audit --no-fund
2026-10-08T22:01:47.1965424Z [36;1mnpm ci --ignore-scripts --no-audit --no-fund[0m
2026-10-08T22:01:47.2142903Z shell: /usr/bin/bash -e {0}
2026-10-08T22:01:47.2143366Z ##[endgroup]
2026-10-08T22:01:51.4109618Z 
2026-10-08T22:01:51.4120302Z added 422 packages in 4s
2026-10-08T22:01:51.4617733Z Prepare all required actions
2026-10-08T22:01:51.5203303Z ##[group]Run ./.github/actions/bounded-apt
2026-10-08T22:01:51.5203979Z ##[endgroup]
2026-10-08T22:01:51.5264764Z ##[start-action display=Configure apt network limits;id=__self.__run]
2026-10-08T22:01:51.5791820Z ##[group]Run sudo install -m 0644 "/home/runner/work/lean-bridge/lean-bridge/./.github/actions/bounded-apt/apt-network.conf" /etc/apt/apt.conf.d/99lean-bridge-network
2026-10-08T22:01:51.5793827Z [36;1msudo install -m 0644 "/home/runner/work/lean-bridge/lean-bridge/./.github/actions/bounded-apt/apt-network.conf" /etc/apt/apt.conf.d/99lean-bridge-network[0m
2026-10-08T22:01:51.5795244Z [36;1mapt-config dump[0m
2026-10-08T22:01:51.5838838Z shell: /usr/bin/bash --noprofile --norc -e -o pipefail {0}
2026-10-08T22:01:51.5839197Z ##[endgroup]
2026-10-08T22:01:51.6809356Z APT "";
2026-10-08T22:01:51.6809933Z APT::Architecture "amd64";
2026-10-08T22:01:51.6810473Z APT::Build-Essential "";
2026-10-08T22:01:51.6811131Z APT::Build-Essential:: "build-essential";
2026-10-08T22:01:51.6811654Z APT::Install-Recommends "1";
2026-10-08T22:01:51.6812084Z APT::Install-Suggests "0";
2026-10-08T22:01:51.6812533Z APT::Key "";
2026-10-08T22:01:51.6814096Z APT::Key::Assert-Pubkey-Algo ">=rsa1024,ed25519,ed448,nistp256,nistp384,nistp512,brainpoolP256r1,brainpoolP320r1,brainpoolP384r1,brainpoolP512r1,secp256k1";
2026-10-08T22:01:51.6815760Z APT::Key::Assert-Pubkey-Algo::Next ">=rsa2048,ed25519,ed448,nistp256,nistp384,nistp512";
2026-10-08T22:01:51.6816661Z APT::Key::Assert-Pubkey-Algo::Future ">=rsa3072,ed25519,ed448";
2026-10-08T22:01:51.6817069Z APT::Sandbox "";
2026-10-08T22:01:51.6817331Z APT::Sandbox::User "_apt";
2026-10-08T22:01:51.6817824Z APT::NeverAutoRemove "";
2026-10-08T22:01:51.6818398Z APT::NeverAutoRemove:: "^firmware-linux.*";
2026-10-08T22:01:51.6819031Z APT::NeverAutoRemove:: "^linux-firmware$";
2026-10-08T22:01:51.6819694Z APT::NeverAutoRemove:: "^linux-image-[a-z0-9]*$";
2026-10-08T22:01:51.6820470Z APT::NeverAutoRemove:: "^linux-image-[a-z0-9]*-[a-z0-9]*$";
2026-10-08T22:01:51.6821050Z APT::NeverAutoRemove:: "^postgresql.*-16";
2026-10-08T22:01:51.6821380Z APT::VersionedKernelPackages "";
2026-10-08T22:01:51.6821759Z APT::VersionedKernelPackages:: "linux-.*";
2026-10-08T22:01:51.6822117Z APT::VersionedKernelPackages:: "kfreebsd-.*";
2026-10-08T22:01:51.6822485Z APT::VersionedKernelPackages:: "gnumach-.*";
2026-10-08T22:01:51.6822852Z APT::VersionedKernelPackages:: ".*-modules";
2026-10-08T22:01:51.6823204Z APT::VersionedKernelPackages:: ".*-kernel";
2026-10-08T22:01:51.6823549Z APT::Never-MarkAuto-Sections "";
2026-10-08T22:01:51.6823892Z APT::Never-MarkAuto-Sections:: "metapackages";
2026-10-08T22:01:51.6824259Z APT::Never-MarkAuto-Sections:: "tasks";
2026-10-08T22:01:51.6824661Z APT::Move-Autobit-Sections "";
2026-10-08T22:01:51.6824986Z APT::Move-Autobit-Sections:: "oldlibs";
2026-10-08T22:01:51.6825250Z APT::Get "";
2026-10-08T22:01:51.6825502Z APT::Get::AutomaticRemove "0";
2026-10-08T22:01:51.6825779Z APT::Get::HideAutoRemove "1";
2026-10-08T22:01:51.6826278Z APT::Get::Assume-Yes "true";
2026-10-08T22:01:51.6826622Z APT::Get::Always-Include-Phased-Updates "true";
2026-10-08T22:01:51.6826940Z APT::Periodic "";
2026-10-08T22:01:51.6827238Z APT::Periodic::Update-Package-Lists "1";
2026-10-08T22:01:51.6827619Z APT::Periodic::Download-Upgradeable-Packages "0";
2026-10-08T22:01:51.6827996Z APT::Periodic::AutocleanInterval "0";
2026-10-08T22:01:51.6828283Z APT::Update "";
2026-10-08T22:01:51.6828554Z APT::Update::Post-Invoke-Success "";
2026-10-08T22:01:51.6829147Z APT::Update::Post-Invoke-Success:: "touch /var/lib/apt/periodic/update-success-stamp 2>/dev/null || true";
2026-10-08T22:01:51.6831357Z APT::Update::Post-Invoke-Success:: "/usr/bin/test -e /usr/share/dbus-1/system-services/org.freedesktop.PackageKit.service && /usr/bin/test -S /var/run/dbus/system_bus_socket && /usr/bin/gdbus call --system --dest org.freedesktop.PackageKit --object-path /org/freedesktop/PackageKit --timeout 4 --method org.freedesktop.PackageKit.StateHasChanged cache-update > /dev/null; /bin/echo > /dev/null";
2026-10-08T22:01:51.6833353Z APT::Update::Post-Invoke-Success:: "if /usr/bin/test -w /var/cache/swcatalog -a -e /usr/bin/appstreamcli; then appstreamcli refresh --source=os > /dev/null || true; fi";
2026-10-08T22:01:51.6834511Z APT::Update::Post-Invoke-Success:: "if /usr/bin/test -w /var/lib/command-not-found/ -a -e /usr/lib/cnf-update-db; then /usr/lib/cnf-update-db > /dev/null; fi";
2026-10-08T22:01:51.6835479Z APT::Update::Post-Invoke-Success:: "/usr/lib/update-notifier/update-motd-updates-available 2>/dev/null || true";
2026-10-08T22:01:51.6836618Z APT::Update::Pre-Invoke "";
2026-10-08T22:01:51.6837799Z APT::Update::Pre-Invoke:: "[ ! -e /run/systemd/system ] || [ $(id -u) -ne 0 ] || systemctl start --no-block apt-news.service esm-cache.service >/dev/null 2>&1 || true";
2026-10-08T22:01:51.6838635Z APT::Update::Error-Mode "any";
2026-10-08T22:01:51.6838889Z APT::Archives "";
2026-10-08T22:01:51.6839121Z APT::Archives::MaxAge "30";
2026-10-08T22:01:51.6839392Z APT::Archives::MinAge "2";
2026-10-08T22:01:51.6839648Z APT::Archives::MaxSize "500";
2026-10-08T22:01:51.6839905Z APT::Architectures "";
2026-10-08T22:01:51.6840160Z APT::Architectures:: "amd64";
2026-10-08T22:01:51.6840410Z APT::Compressor "";
2026-10-08T22:01:51.6840638Z APT::Compressor::. "";
2026-10-08T22:01:51.6840891Z APT::Compressor::.::Name ".";
2026-10-08T22:01:51.6841175Z APT::Compressor::.::Extension "";
2026-10-08T22:01:51.6841466Z APT::Compressor::.::Binary "";
2026-10-08T22:01:51.6841726Z APT::Compressor::.::Cost "0";
2026-10-08T22:01:51.6842002Z APT::Compressor::zstd "";
2026-10-08T22:01:51.6842285Z APT::Compressor::zstd::Name "zstd";
2026-10-08T22:01:51.6842606Z APT::Compressor::zstd::Extension ".zst";
2026-10-08T22:01:51.6842942Z APT::Compressor::zstd::Binary "zstd";
2026-10-08T22:01:51.6843257Z APT::Compressor::zstd::Cost "60";
2026-10-08T22:01:51.6843568Z APT::Compressor::zstd::CompressArg "";
2026-10-08T22:01:51.6843915Z APT::Compressor::zstd::CompressArg:: "-19";
2026-10-08T22:01:51.6844262Z APT::Compressor::zstd::UncompressArg "";
2026-10-08T22:01:51.6844611Z APT::Compressor::zstd::UncompressArg:: "-d";
2026-10-08T22:01:51.6844917Z APT::Compressor::lz4 "";
2026-10-08T22:01:51.6845210Z APT::Compressor::lz4::Name "lz4";
2026-10-08T22:01:51.6845516Z APT::Compressor::lz4::Extension ".lz4";
2026-10-08T22:01:51.6845835Z APT::Compressor::lz4::Binary "lz4";
2026-10-08T22:01:51.6846319Z APT::Compressor::lz4::Cost "50";
2026-10-08T22:01:51.6846633Z APT::Compressor::lz4::CompressArg "";
2026-10-08T22:01:51.6846978Z APT::Compressor::lz4::CompressArg:: "-1";
2026-10-08T22:01:51.6847342Z APT::Compressor::lz4::UncompressArg "";
2026-10-08T22:01:51.6847693Z APT::Compressor::lz4::UncompressArg:: "-d";
2026-10-08T22:01:51.6848010Z APT::Compressor::gzip "";
2026-10-08T22:01:51.6848312Z APT::Compressor::gzip::Name "gzip";
2026-10-08T22:01:51.6848630Z APT::Compressor::gzip::Extension ".gz";
2026-10-08T22:01:51.6848963Z APT::Compressor::gzip::Binary "gzip";
2026-10-08T22:01:51.6849283Z APT::Compressor::gzip::Cost "100";
2026-10-08T22:01:51.6849603Z APT::Compressor::gzip::CompressArg "";
2026-10-08T22:01:51.6849935Z APT::Compressor::gzip::CompressArg:: "-6n";
2026-10-08T22:01:51.6850276Z APT::Compressor::gzip::UncompressArg "";
2026-10-08T22:01:51.6850628Z APT::Compressor::gzip::UncompressArg:: "-d";
2026-10-08T22:01:51.6850925Z APT::Compressor::xz "";
2026-10-08T22:01:51.6851193Z APT::Compressor::xz::Name "xz";
2026-10-08T22:01:51.6851499Z APT::Compressor::xz::Extension ".xz";
2026-10-08T22:01:51.6851802Z APT::Compressor::xz::Binary "xz";
2026-10-08T22:01:51.6852100Z APT::Compressor::xz::Cost "200";
2026-10-08T22:01:51.6852397Z APT::Compressor::xz::CompressArg "";
2026-10-08T22:01:51.6852726Z APT::Compressor::xz::CompressArg:: "-6";
2026-10-08T22:01:51.6853049Z APT::Compressor::xz::UncompressArg "";
2026-10-08T22:01:51.6853376Z APT::Compressor::xz::UncompressArg:: "-d";
2026-10-08T22:01:51.6853681Z APT::Compressor::bzip2 "";
2026-10-08T22:01:51.6853969Z APT::Compressor::bzip2::Name "bzip2";
2026-10-08T22:01:51.6854461Z APT::Compressor::bzip2::Extension ".bz2";
2026-10-08T22:01:51.6854809Z APT::Compressor::bzip2::Binary "bzip2";
2026-10-08T22:01:51.6855125Z APT::Compressor::bzip2::Cost "300";
2026-10-08T22:01:51.6855445Z APT::Compressor::bzip2::CompressArg "";
2026-10-08T22:01:51.6855824Z APT::Compressor::bzip2::CompressArg:: "-6";
2026-10-08T22:01:51.6856345Z APT::Compressor::bzip2::UncompressArg "";
2026-10-08T22:01:51.6856702Z APT::Compressor::bzip2::UncompressArg:: "-d";
2026-10-08T22:01:51.6857013Z APT::Compressor::lzma "";
2026-10-08T22:01:51.6857396Z APT::Compressor::lzma::Name "lzma";
2026-10-08T22:01:51.6857712Z APT::Compressor::lzma::Extension ".lzma";
2026-10-08T22:01:51.6858036Z APT::Compressor::lzma::Binary "xz";
2026-10-08T22:01:51.6858346Z APT::Compressor::lzma::Cost "400";
2026-10-08T22:01:51.6858658Z APT::Compressor::lzma::CompressArg "";
2026-10-08T22:01:51.6859024Z APT::Compressor::lzma::CompressArg:: "--format=lzma";
2026-10-08T22:01:51.6859412Z APT::Compressor::lzma::CompressArg:: "-6";
2026-10-08T22:01:51.6859749Z APT::Compressor::lzma::UncompressArg "";
2026-10-08T22:01:51.6860130Z APT::Compressor::lzma::UncompressArg:: "--format=lzma";
2026-10-08T22:01:51.6860516Z APT::Compressor::lzma::UncompressArg:: "-d";
2026-10-08T22:01:51.6860798Z Dir "/";
2026-10-08T22:01:51.6861009Z Dir::State "var/lib/apt";
2026-10-08T22:01:51.6861259Z Dir::State::lists "lists/";
2026-10-08T22:01:51.6861550Z Dir::State::cdroms "cdroms.list";
2026-10-08T22:01:51.6861878Z Dir::State::extended_states "extended_states";
2026-10-08T22:01:51.6862249Z Dir::State::status "/var/lib/dpkg/status";
2026-10-08T22:01:51.6862556Z Dir::Cache "var/cache/apt";
2026-10-08T22:01:51.6862840Z Dir::Cache::archives "archives/";
2026-10-08T22:01:51.6863294Z Dir::Cache::srcpkgcache "srcpkgcache.bin";
2026-10-08T22:01:51.6863629Z Dir::Cache::pkgcache "pkgcache.bin";
2026-10-08T22:01:51.6863909Z Dir::Etc "etc/apt";
2026-10-08T22:01:51.6864178Z Dir::Etc::sourcelist "sources.list";
2026-10-08T22:01:51.6864499Z Dir::Etc::sourceparts "sources.list.d";
2026-10-08T22:01:51.6864790Z Dir::Etc::main "apt.conf";
2026-10-08T22:01:51.6865057Z Dir::Etc::netrc "auth.conf";
2026-10-08T22:01:51.6865346Z Dir::Etc::netrcparts "auth.conf.d";
2026-10-08T22:01:51.6865629Z Dir::Etc::parts "apt.conf.d";
2026-10-08T22:01:51.6865934Z Dir::Etc::preferences "preferences";
2026-10-08T22:01:51.6866450Z Dir::Etc::preferencesparts "preferences.d";
2026-10-08T22:01:51.6866787Z Dir::Etc::trusted "trusted.gpg";
2026-10-08T22:01:51.6867099Z Dir::Etc::trustedparts "trusted.gpg.d";
2026-10-08T22:01:51.6867371Z Dir::Bin "";
2026-10-08T22:01:51.6867633Z Dir::Bin::methods "/usr/lib/apt/methods";
2026-10-08T22:01:51.6867922Z Dir::Bin::solvers "";
2026-10-08T22:01:51.6868217Z Dir::Bin::solvers:: "/usr/lib/apt/solvers";
2026-10-08T22:01:51.6868507Z Dir::Bin::planners "";
2026-10-08T22:01:51.6868805Z Dir::Bin::planners:: "/usr/lib/apt/planners";
2026-10-08T22:01:51.6869142Z Dir::Bin::dpkg "/usr/bin/dpkg";
2026-10-08T22:01:51.6869409Z Dir::Bin::gzip "/bin/gzip";
2026-10-08T22:01:51.6869672Z Dir::Bin::bzip2 "/bin/bzip2";
2026-10-08T22:01:51.6869933Z Dir::Bin::xz "/usr/bin/xz";
2026-10-08T22:01:51.6870199Z Dir::Bin::lz4 "/usr/bin/lz4";
2026-10-08T22:01:51.6870477Z Dir::Bin::zstd "/usr/bin/zstd";
2026-10-08T22:01:51.6870744Z Dir::Bin::lzma "/usr/bin/xz";
2026-10-08T22:01:51.6870986Z Dir::Media "";
2026-10-08T22:01:51.6871244Z Dir::Media::MountPath "/media/apt";
2026-10-08T22:01:51.6871516Z Dir::Log "var/log/apt";
2026-10-08T22:01:51.6871787Z Dir::Log::Terminal "term.log";
2026-10-08T22:01:51.6872087Z Dir::Log::History "history.log";
2026-10-08T22:01:51.6872387Z Dir::Log::Planner "eipp.log.xz";
2026-10-08T22:01:51.6872680Z Dir::Ignore-Files-Silently "";
2026-10-08T22:01:51.6872993Z Dir::Ignore-Files-Silently:: "~$";
2026-10-08T22:01:51.6873325Z Dir::Ignore-Files-Silently:: "\.disabled$";
2026-10-08T22:01:51.6873658Z Dir::Ignore-Files-Silently:: "\.bak$";
2026-10-08T22:01:51.6874015Z Dir::Ignore-Files-Silently:: "\.dpkg-[a-z]+$";
2026-10-08T22:01:51.6874500Z Dir::Ignore-Files-Silently:: "\.ucf-[a-z]+$";
2026-10-08T22:01:51.6874856Z Dir::Ignore-Files-Silently:: "\.save$";
2026-10-08T22:01:51.6875197Z Dir::Ignore-Files-Silently:: "\.orig$";
2026-10-08T22:01:51.6875545Z Dir::Ignore-Files-Silently:: "\.distUpgrade$";
2026-10-08T22:01:51.6875836Z Acquire "";
2026-10-08T22:01:51.6876243Z Acquire::AllowInsecureRepositories "0";
2026-10-08T22:01:51.6876581Z Acquire::AllowWeakRepositories "0";
2026-10-08T22:01:51.6876943Z Acquire::AllowDowngradeToInsecureRepositories "0";
2026-10-08T22:01:51.6877266Z Acquire::cdrom "";
2026-10-08T22:01:51.6877544Z Acquire::cdrom::mount "/media/cdrom/";
2026-10-08T22:01:51.6877912Z Acquire::IndexTargets "";
2026-10-08T22:01:51.6878185Z Acquire::IndexTargets::deb "";
2026-10-08T22:01:51.6878498Z Acquire::IndexTargets::deb::Packages "";
2026-10-08T22:01:51.6879025Z Acquire::IndexTargets::deb::Packages::MetaKey "$(COMPONENT)/binary-$(ARCHITECTURE)/Packages";
2026-10-08T22:01:51.6879596Z Acquire::IndexTargets::deb::Packages::flatMetaKey "Packages";
2026-10-08T22:01:51.6880096Z Acquire::IndexTargets::deb::Packages::ShortDescription "Packages";
2026-10-08T22:01:51.6880727Z Acquire::IndexTargets::deb::Packages::Description "$(RELEASE)/$(COMPONENT) $(ARCHITECTURE) Packages";
2026-10-08T22:01:51.6881369Z Acquire::IndexTargets::deb::Packages::flatDescription "$(RELEASE) Packages";
2026-10-08T22:01:51.6881851Z Acquire::IndexTargets::deb::Packages::Optional "0";
2026-10-08T22:01:51.6882226Z Acquire::IndexTargets::deb::Translations "";
2026-10-08T22:01:51.6882755Z Acquire::IndexTargets::deb::Translations::MetaKey "$(COMPONENT)/i18n/Translation-$(LANGUAGE)";
2026-10-08T22:01:51.6883360Z Acquire::IndexTargets::deb::Translations::flatMetaKey "$(LANGUAGE)";
2026-10-08T22:01:51.6883934Z Acquire::IndexTargets::deb::Translations::ShortDescription "Translation-$(LANGUAGE)";
2026-10-08T22:01:51.6884635Z Acquire::IndexTargets::deb::Translations::Description "$(RELEASE)/$(COMPONENT) Translation-$(LANGUAGE)";
2026-10-08T22:01:51.6885368Z Acquire::IndexTargets::deb::Translations::flatDescription "$(RELEASE) Translation-$(LANGUAGE)";
2026-10-08T22:01:51.6885867Z Acquire::IndexTargets::deb::DEP-11 "";
2026-10-08T22:01:51.6886632Z Acquire::IndexTargets::deb::DEP-11::MetaKey "$(COMPONENT)/dep11/Components-$(NATIVE_ARCHITECTURE).yml";
2026-10-08T22:01:51.6887341Z Acquire::IndexTargets::deb::DEP-11::ShortDescription "Components-$(NATIVE_ARCHITECTURE)";
2026-10-08T22:01:51.6888066Z Acquire::IndexTargets::deb::DEP-11::Description "$(RELEASE)/$(COMPONENT) $(NATIVE_ARCHITECTURE) Components";
2026-10-08T22:01:51.6888665Z Acquire::IndexTargets::deb::DEP-11::KeepCompressed "true";
2026-10-08T22:01:51.6889122Z Acquire::IndexTargets::deb::DEP-11::KeepCompressedAs "gz";
2026-10-08T22:01:51.6889575Z Acquire::IndexTargets::deb::DEP-11::DefaultEnabled "false";
2026-10-08T22:01:51.6889994Z Acquire::IndexTargets::deb::DEP-11-icons-small "";
2026-10-08T22:01:51.6890554Z Acquire::IndexTargets::deb::DEP-11-icons-small::MetaKey "$(COMPONENT)/dep11/icons-48x48.tar";
2026-10-08T22:01:51.6891191Z Acquire::IndexTargets::deb::DEP-11-icons-small::ShortDescription "icons-48x48";
2026-10-08T22:01:51.6891863Z Acquire::IndexTargets::deb::DEP-11-icons-small::Description "$(RELEASE)/$(COMPONENT) Icons (48x48)";
2026-10-08T22:01:51.6892483Z Acquire::IndexTargets::deb::DEP-11-icons-small::KeepCompressed "true";
2026-10-08T22:01:51.6893012Z Acquire::IndexTargets::deb::DEP-11-icons-small::KeepCompressedAs "gz";
2026-10-08T22:01:51.6893541Z Acquire::IndexTargets::deb::DEP-11-icons-small::DefaultEnabled "false";
2026-10-08T22:01:51.6893988Z Acquire::IndexTargets::deb::DEP-11-icons "";
2026-10-08T22:01:51.6894575Z Acquire::IndexTargets::deb::DEP-11-icons::MetaKey "$(COMPONENT)/dep11/icons-64x64.tar";
2026-10-08T22:01:51.6895152Z Acquire::IndexTargets::deb::DEP-11-icons::ShortDescription "icons-64x64";
2026-10-08T22:01:51.6895781Z Acquire::IndexTargets::deb::DEP-11-icons::Description "$(RELEASE)/$(COMPONENT) Icons (64x64)";
2026-10-08T22:01:51.6896604Z Acquire::IndexTargets::deb::DEP-11-icons::KeepCompressed "true";
2026-10-08T22:01:51.6897183Z Acquire::IndexTargets::deb::DEP-11-icons::KeepCompressedAs "gz";
2026-10-08T22:01:51.6897687Z Acquire::IndexTargets::deb::DEP-11-icons::DefaultEnabled "false";
2026-10-08T22:01:51.6898119Z Acquire::IndexTargets::deb::DEP-11-icons-hidpi "";
2026-10-08T22:01:51.6898688Z Acquire::IndexTargets::deb::DEP-11-icons-hidpi::MetaKey "$(COMPONENT)/dep11/icons-64x64@2.tar";
2026-10-08T22:01:51.6899327Z Acquire::IndexTargets::deb::DEP-11-icons-hidpi::ShortDescription "icons-64x64@2";
2026-10-08T22:01:51.6900015Z Acquire::IndexTargets::deb::DEP-11-icons-hidpi::Description "$(RELEASE)/$(COMPONENT) Icons (64x64@2)";
2026-10-08T22:01:51.6900701Z Acquire::IndexTargets::deb::DEP-11-icons-hidpi::KeepCompressed "true";
2026-10-08T22:01:51.6901221Z Acquire::IndexTargets::deb::DEP-11-icons-hidpi::KeepCompressedAs "gz";
2026-10-08T22:01:51.6901743Z Acquire::IndexTargets::deb::DEP-11-icons-hidpi::DefaultEnabled "false";
2026-10-08T22:01:51.6902189Z Acquire::IndexTargets::deb::DEP-11-icons-large "";
2026-10-08T22:01:51.6902736Z Acquire::IndexTargets::deb::DEP-11-icons-large::MetaKey "$(COMPONENT)/dep11/icons-128x128.tar";
2026-10-08T22:01:51.6903614Z Acquire::IndexTargets::deb::DEP-11-icons-large::ShortDescription "icons-128x128";
2026-10-08T22:01:51.6904446Z Acquire::IndexTargets::deb::DEP-11-icons-large::Description "$(RELEASE)/$(COMPONENT) Icons (128x128)";
2026-10-08T22:01:51.6905069Z Acquire::IndexTargets::deb::DEP-11-icons-large::KeepCompressed "true";
2026-10-08T22:01:51.6905588Z Acquire::IndexTargets::deb::DEP-11-icons-large::KeepCompressedAs "gz";
2026-10-08T22:01:51.6906299Z Acquire::IndexTargets::deb::DEP-11-icons-large::DefaultEnabled "false";
2026-10-08T22:01:51.6906792Z Acquire::IndexTargets::deb::DEP-11-icons-large-hidpi "";
2026-10-08T22:01:51.6907409Z Acquire::IndexTargets::deb::DEP-11-icons-large-hidpi::MetaKey "$(COMPONENT)/dep11/icons-128x128@2.tar";
2026-10-08T22:01:51.6908110Z Acquire::IndexTargets::deb::DEP-11-icons-large-hidpi::ShortDescription "icons-128x128@2";
2026-10-08T22:01:51.6908864Z Acquire::IndexTargets::deb::DEP-11-icons-large-hidpi::Description "$(RELEASE)/$(COMPONENT) Icons (128x128@2)";
2026-10-08T22:01:51.6909537Z Acquire::IndexTargets::deb::DEP-11-icons-large-hidpi::KeepCompressed "true";
2026-10-08T22:01:51.6910113Z Acquire::IndexTargets::deb::DEP-11-icons-large-hidpi::KeepCompressedAs "gz";
2026-10-08T22:01:51.6910697Z Acquire::IndexTargets::deb::DEP-11-icons-large-hidpi::DefaultEnabled "false";
2026-10-08T22:01:51.6911132Z Acquire::IndexTargets::deb::CNF "";
2026-10-08T22:01:51.6911634Z Acquire::IndexTargets::deb::CNF::MetaKey "$(COMPONENT)/cnf/Commands-$(NATIVE_ARCHITECTURE)";
2026-10-08T22:01:51.6912273Z Acquire::IndexTargets::deb::CNF::ShortDescription "Commands-$(NATIVE_ARCHITECTURE)";
2026-10-08T22:01:51.6912974Z Acquire::IndexTargets::deb::CNF::Description "$(RELEASE)/$(COMPONENT) $(NATIVE_ARCHITECTURE) c-n-f Metadata";
2026-10-08T22:01:51.6913495Z Acquire::IndexTargets::deb-src "";
2026-10-08T22:01:51.6913829Z Acquire::IndexTargets::deb-src::Sources "";
2026-10-08T22:01:51.6914314Z Acquire::IndexTargets::deb-src::Sources::MetaKey "$(COMPONENT)/source/Sources";
2026-10-08T22:01:51.6914840Z Acquire::IndexTargets::deb-src::Sources::flatMetaKey "Sources";
2026-10-08T22:01:51.6915336Z Acquire::IndexTargets::deb-src::Sources::ShortDescription "Sources";
2026-10-08T22:01:51.6915923Z Acquire::IndexTargets::deb-src::Sources::Description "$(RELEASE)/$(COMPONENT) Sources";
2026-10-08T22:01:51.6916651Z Acquire::IndexTargets::deb-src::Sources::flatDescription "$(RELEASE) Sources";
2026-10-08T22:01:51.6917139Z Acquire::IndexTargets::deb-src::Sources::Optional "0";
2026-10-08T22:01:51.6917484Z Acquire::Changelogs "";
2026-10-08T22:01:51.6917743Z Acquire::Changelogs::URI "";
2026-10-08T22:01:51.6918050Z Acquire::Changelogs::URI::Origin "";
2026-10-08T22:01:51.6918688Z Acquire::Changelogs::URI::Origin::Debian "https://metadata.ftp-master.debian.org/changelogs/@CHANGEPATH@_changelog";
2026-10-08T22:01:51.6919537Z Acquire::Changelogs::URI::Origin::Ubuntu "https://changelogs.ubuntu.com/changelogs/pool/@CHANGEPATH@/changelog";
2026-10-08T22:01:51.6920201Z Acquire::Changelogs::AlwaysOnline "true";
2026-10-08T22:01:51.6920575Z Acquire::Changelogs::AlwaysOnline::Origin "";
2026-10-08T22:01:51.6920967Z Acquire::Changelogs::AlwaysOnline::Origin::Ubuntu "1";
2026-10-08T22:01:51.6921290Z Acquire::Snapshots "";
2026-10-08T22:01:51.6921546Z Acquire::Snapshots::URI "";
2026-10-08T22:01:51.6921836Z Acquire::Snapshots::URI::Origin "";
2026-10-08T22:01:51.6922380Z Acquire::Snapshots::URI::Origin::Debian "https://snapshot.debian.org/archive/debian/@SNAPSHOTID@/";
2026-10-08T22:01:51.6923157Z Acquire::Snapshots::URI::Origin::Ubuntu "https://snapshot.ubuntu.com/ubuntu/@SNAPSHOTID@/";
2026-10-08T22:01:51.6923633Z Acquire::Snapshots::URI::Override "";
2026-10-08T22:01:51.6923966Z Acquire::Snapshots::URI::Override::Label "";
2026-10-08T22:01:51.6924675Z Acquire::Snapshots::URI::Override::Label::Debian-Security "https://snapshot.debian.org/archive/debian-security/@SNAPSHOTID@/";
2026-10-08T22:01:51.6925260Z Acquire::Snapshots::URI::Host "";
2026-10-08T22:01:51.6925800Z Acquire::Snapshots::URI::Host::archive.ubuntu.com "https://snapshot.ubuntu.com/@PATH@/@SNAPSHOTID@/";
2026-10-08T22:01:51.6926702Z Acquire::Snapshots::URI::Host::deb.debian.org "https://snapshot.debian.org/archive/@PATH@/@SNAPSHOTID@/";
2026-10-08T22:01:51.6927446Z Acquire::Snapshots::URI::Host::.archive.ubuntu.com "https://snapshot.ubuntu.com/@PATH@/@SNAPSHOTID@/";
2026-10-08T22:01:51.6928180Z Acquire::Snapshots::URI::Host::security.ubuntu.com "https://snapshot.ubuntu.com/@PATH@/@SNAPSHOTID@/";
2026-10-08T22:01:51.6929024Z Acquire::Snapshots::URI::Host::ppa.launchpadcontent.net "https://snapshot.ppa.launchpadcontent.net/@PATH@/@SNAPSHOTID@/";
2026-10-08T22:01:51.6929917Z Acquire::Snapshots::URI::Host::ppa.launchpad.net "https://snapshot.ppa.launchpadcontent.net/@PATH@/@SNAPSHOTID@/";
2026-10-08T22:01:51.6930429Z Acquire::http "";
2026-10-08T22:01:51.6930748Z Acquire::http::User-Agent-Non-Interactive "true";
2026-10-08T22:01:51.6931078Z Acquire::http::Timeout "15";
2026-10-08T22:01:51.6931381Z Acquire::http::Pipeline-Depth "0";
2026-10-08T22:01:51.6931699Z Acquire::http::No-Cache "true";
2026-10-08T22:01:51.6931962Z Acquire::Retries "1";
2026-10-08T22:01:51.6932197Z Acquire::https "";
2026-10-08T22:01:51.6932438Z Acquire::https::Timeout "15";
2026-10-08T22:01:51.6932741Z Acquire::https::Pipeline-Depth "0";
2026-10-08T22:01:51.6933055Z Acquire::https::No-Cache "true";
2026-10-08T22:01:51.6933329Z Acquire::BrokenProxy "true";
2026-10-08T22:01:51.6933616Z Acquire::Languages "";
2026-10-08T22:01:51.6933861Z Acquire::Languages:: "en";
2026-10-08T22:01:51.6934123Z Acquire::Languages:: "none";
2026-10-08T22:01:51.6934395Z Acquire::CompressionTypes "";
2026-10-08T22:01:51.6934692Z Acquire::CompressionTypes::xz "xz";
2026-10-08T22:01:51.6935013Z Acquire::CompressionTypes::bz2 "bzip2";
2026-10-08T22:01:51.6935340Z Acquire::CompressionTypes::lzma "lzma";
2026-10-08T22:01:51.6935668Z Acquire::CompressionTypes::gz "gzip";
2026-10-08T22:01:51.6936096Z Acquire::CompressionTypes::lz4 "lz4";
2026-10-08T22:01:51.6936460Z Acquire::CompressionTypes::zst "zstd";
2026-10-08T22:01:51.6936734Z DPkg "";
2026-10-08T22:01:51.6937002Z DPkg::Path "/usr/sbin:/usr/bin:/sbin:/bin";
2026-10-08T22:01:51.6937299Z DPkg::Options "";
2026-10-08T22:01:51.6937573Z DPkg::Options:: "--force-confdef";
2026-10-08T22:01:51.6937890Z DPkg::Options:: "--force-confold";
2026-10-08T22:01:51.6938196Z DPkg::Options:: "--force-unsafe-io";
2026-10-08T22:01:51.6938504Z DPkg::Options:: "--force-confdef";
2026-10-08T22:01:51.6938801Z DPkg::Options:: "--force-confold";
2026-10-08T22:01:51.6939066Z DPkg::Post-Invoke "";
2026-10-08T22:01:51.6940738Z DPkg::Post-Invoke:: "/usr/bin/test -e /usr/share/dbus-1/system-services/org.freedesktop.PackageKit.service && /usr/bin/test -S /var/run/dbus/system_bus_socket && /usr/bin/gdbus call --system --dest org.freedesktop.PackageKit --object-path /org/freedesktop/PackageKit --timeout 4 --method org.freedesktop.PackageKit.StateHasChanged cache-update > /dev/null; /bin/echo > /dev/null";
2026-10-08T22:01:51.6942596Z DPkg::Post-Invoke:: "test -x /usr/lib/needrestart/apt-pinvoke && /usr/lib/needrestart/apt-pinvoke -m u || true";
2026-10-08T22:01:51.6943720Z DPkg::Post-Invoke:: "if [ -d /var/lib/update-notifier ]; then touch /var/lib/update-notifier/dpkg-run-stamp; fi; /usr/lib/update-notifier/update-motd-updates-available 2>/dev/null || true";
2026-10-08T22:01:51.6944475Z DPkg::Pre-Install-Pkgs "";
2026-10-08T22:01:51.6944882Z DPkg::Pre-Install-Pkgs:: "/usr/sbin/dpkg-preconfigure --apt || true";
2026-10-08T22:01:51.6945260Z binary "apt-config";
2026-10-08T22:01:51.6945548Z binary::apt "";
2026-10-08T22:01:51.6945776Z binary::apt::AptCli "";
2026-10-08T22:01:51.6946202Z binary::apt::AptCli::Hooks "";
2026-10-08T22:01:51.6946514Z binary::apt::AptCli::Hooks::Upgrade "";
2026-10-08T22:01:51.6947502Z binary::apt::AptCli::Hooks::Upgrade:: "[ ! -f /usr/lib/ubuntu-advantage/apt-esm-json-hook ] || [ $(id -u) -ne 0 ] || /usr/lib/ubuntu-advantage/apt-esm-json-hook 2>> /var/log/ubuntu-advantage-apt-hook.log || true";
2026-10-08T22:01:51.6948319Z binary::apt::AptCli::Hooks::Install "";
2026-10-08T22:01:51.6948936Z binary::apt::AptCli::Hooks::Install:: "[ ! -f /usr/bin/snap ] || /usr/bin/snap advise-snap --from-apt 2>/dev/null || true";
2026-10-08T22:01:51.6949439Z binary::apt::APT "";
2026-10-08T22:01:51.6949685Z binary::apt::APT::Color "1";
2026-10-08T22:01:51.6949953Z binary::apt::APT::Cache "";
2026-10-08T22:01:51.6950249Z binary::apt::APT::Cache::Show "";
2026-10-08T22:01:51.6950573Z binary::apt::APT::Cache::Show::Version "2";
2026-10-08T22:01:51.6950915Z binary::apt::APT::Cache::AllVersions "0";
2026-10-08T22:01:51.6951265Z binary::apt::APT::Cache::ShowVirtuals "1";
2026-10-08T22:01:51.6951590Z binary::apt::APT::Cache::Search "";
2026-10-08T22:01:51.6951921Z binary::apt::APT::Cache::Search::Version "2";
2026-10-08T22:01:51.6952299Z binary::apt::APT::Cache::ShowDependencyType "1";
2026-10-08T22:01:51.6952660Z binary::apt::APT::Cache::ShowVersion "1";
2026-10-08T22:01:51.6952947Z binary::apt::APT::Get "";
2026-10-08T22:01:51.6953257Z binary::apt::APT::Get::Upgrade-Allow-New "1";
2026-10-08T22:01:51.6953597Z binary::apt::APT::Get::Update "";
2026-10-08T22:01:51.6953995Z binary::apt::APT::Get::Update::InteractiveReleaseInfoChanges "1";
2026-10-08T22:01:51.6954358Z binary::apt::APT::Cmd "";
2026-10-08T22:01:51.6954672Z binary::apt::APT::Cmd::Show-Update-Stats "1";
2026-10-08T22:01:51.6955018Z binary::apt::APT::Cmd::Pattern-Only "1";
2026-10-08T22:01:51.6955376Z binary::apt::APT::Keep-Downloaded-Packages "0";
2026-10-08T22:01:51.6955729Z binary::apt::DPkg "";
2026-10-08T22:01:51.6956152Z binary::apt::DPkg::Progress-Fancy "1";
2026-10-08T22:01:51.6956541Z binary::apt::DPkg::Lock "";
2026-10-08T22:01:51.6956837Z binary::apt::DPkg::Lock::Timeout "120";
2026-10-08T22:01:51.6957101Z CommandLine "";
2026-10-08T22:01:51.6957375Z CommandLine::AsString "apt-config dump";
2026-10-08T22:01:51.6969934Z ##[end-action id=__self.__run;outcome=success;conclusion=success;duration_ms=170]
2026-10-08T22:01:51.7003990Z ##[group]Run sudo apt-get update && sudo apt-get install -y build-essential curl zstd
2026-10-08T22:01:51.7004554Z [36;1msudo apt-get update && sudo apt-get install -y build-essential curl zstd[0m
2026-10-08T22:01:51.7041063Z shell: /usr/bin/bash -e {0}
2026-10-08T22:01:51.7041327Z ##[endgroup]
2026-10-08T22:01:51.7818237Z Get:1 file:/etc/apt/apt-mirrors.txt Mirrorlist [144 B]
2026-10-08T22:01:51.8176391Z Hit:2 http://azure.archive.ubuntu.com/ubuntu noble InRelease
2026-10-08T22:01:51.8181401Z Get:6 https://packages.microsoft.com/ubuntu/24.04/prod noble InRelease [3600 B]
2026-10-08T22:01:51.8191407Z Get:3 http://azure.archive.ubuntu.com/ubuntu noble-updates InRelease [126 kB]
2026-10-08T22:01:51.8234410Z Get:4 http://azure.archive.ubuntu.com/ubuntu noble-backports InRelease [126 kB]
2026-10-08T22:01:51.8281961Z Get:5 http://azure.archive.ubuntu.com/ubuntu noble-security InRelease [126 kB]
2026-10-08T22:01:51.9660028Z Get:7 https://packages.microsoft.com/ubuntu/24.04/prod noble/main armhf Packages [12.3 kB]
2026-10-08T22:01:51.9822927Z Get:8 https://packages.microsoft.com/ubuntu/24.04/prod noble/main amd64 Packages [531 kB]
2026-10-08T22:01:51.9891368Z Get:9 https://packages.microsoft.com/ubuntu/24.04/prod noble/main all Packages [640 B]
2026-10-08T22:01:51.9977715Z Get:10 https://packages.microsoft.com/ubuntu/24.04/prod noble/main arm64 Packages [474 kB]
2026-10-08T22:01:52.0308311Z Get:11 http://azure.archive.ubuntu.com/ubuntu noble-updates/main amd64 Packages [1375 kB]
2026-10-08T22:01:52.0407453Z Get:12 http://azure.archive.ubuntu.com/ubuntu noble-updates/main Translation-en [306 kB]
2026-10-08T22:01:52.0467342Z Get:13 http://azure.archive.ubuntu.com/ubuntu noble-updates/universe amd64 Packages [1702 kB]
2026-10-08T22:01:52.0637406Z Get:14 http://azure.archive.ubuntu.com/ubuntu noble-updates/universe Translation-en [342 kB]
2026-10-08T22:01:52.0727382Z Get:15 http://azure.archive.ubuntu.com/ubuntu noble-updates/restricted amd64 Packages [1761 kB]
2026-10-08T22:01:52.0880399Z Get:16 http://azure.archive.ubuntu.com/ubuntu noble-updates/restricted Translation-en [401 kB]
2026-10-08T22:01:52.0907230Z Get:17 http://azure.archive.ubuntu.com/ubuntu noble-updates/multiverse amd64 Packages [55.0 kB]
2026-10-08T22:01:52.1027157Z Get:18 http://azure.archive.ubuntu.com/ubuntu noble-updates/multiverse Translation-en [14.3 kB]
2026-10-08T22:01:52.1417398Z Get:19 http://azure.archive.ubuntu.com/ubuntu noble-security/main amd64 Packages [1115 kB]
2026-10-08T22:01:52.1519361Z Get:20 http://azure.archive.ubuntu.com/ubuntu noble-security/main Translation-en [227 kB]
2026-10-08T22:01:52.1952438Z Get:21 http://azure.archive.ubuntu.com/ubuntu noble-security/universe amd64 Packages [1218 kB]
2026-10-08T22:01:52.2025681Z Get:22 http://azure.archive.ubuntu.com/ubuntu noble-security/universe Translation-en [245 kB]
2026-10-08T22:01:52.2053464Z Get:23 http://azure.archive.ubuntu.com/ubuntu noble-security/restricted amd64 Packages [1632 kB]
2026-10-08T22:01:52.2167441Z Get:24 http://azure.archive.ubuntu.com/ubuntu noble-security/restricted Translation-en [376 kB]
2026-10-08T22:01:52.2184202Z Get:25 http://azure.archive.ubuntu.com/ubuntu noble-security/multiverse Translation-en [11.6 kB]
2026-10-08T22:01:55.1841636Z Fetched 12.2 MB in 1s (8676 kB/s)
2026-10-08T22:01:56.0443313Z Reading package lists...
2026-10-08T22:01:56.0746113Z Reading package lists...
2026-10-08T22:01:56.2569184Z Building dependency tree...
2026-10-08T22:01:56.2575848Z Reading state information...
2026-10-08T22:01:56.4246833Z curl is already the newest version (8.5.0-2ubuntu10.15).
2026-10-08T22:01:56.4247642Z zstd is already the newest version (1.5.5+dfsg2-2build1.1).
2026-10-08T22:01:56.4248312Z zstd set to manually installed.
2026-10-08T22:01:56.4248805Z The following NEW packages will be installed:
2026-10-08T22:01:56.4257931Z   build-essential
2026-10-08T22:01:56.4432431Z 0 upgraded, 1 newly installed, 0 to remove and 23 not upgraded.
2026-10-08T22:01:56.4433277Z Need to get 4928 B of archives.
2026-10-08T22:01:56.4434563Z After this operation, 17.4 kB of additional disk space will be used.
2026-10-08T22:01:56.4435479Z Get:1 file:/etc/apt/apt-mirrors.txt Mirrorlist [144 B]
2026-10-08T22:01:56.5236308Z Get:2 http://azure.archive.ubuntu.com/ubuntu noble/main amd64 build-essential amd64 12.10ubuntu1 [4928 B]
2026-10-08T22:01:56.7602972Z Fetched 4928 B in 0s (54.9 kB/s)
2026-10-08T22:01:56.7806870Z Selecting previously unselected package build-essential.
2026-10-08T22:01:56.7995154Z (Reading database ... 
2026-10-08T22:01:56.7995609Z (Reading database ... 5%
2026-10-08T22:01:56.7996150Z (Reading database ... 10%
2026-10-08T22:01:56.7996597Z (Reading database ... 15%
2026-10-08T22:01:56.7997036Z (Reading database ... 20%
2026-10-08T22:01:56.7997584Z (Reading database ... 25%
2026-10-08T22:01:56.7997933Z (Reading database ... 30%
2026-10-08T22:01:56.7998638Z (Reading database ... 35%
2026-10-08T22:01:56.7999054Z (Reading database ... 40%
2026-10-08T22:01:56.7999365Z (Reading database ... 45%
2026-10-08T22:01:56.7999607Z (Reading database ... 50%
2026-10-08T22:01:56.8041260Z (Reading database ... 55%
2026-10-08T22:01:56.9174570Z (Reading database ... 60%
2026-10-08T22:01:57.1097312Z (Reading database ... 65%
2026-10-08T22:01:57.3150754Z (Reading database ... 70%
2026-10-08T22:01:57.4789721Z (Reading database ... 75%
2026-10-08T22:01:57.6613506Z (Reading database ... 80%
2026-10-08T22:01:57.8668548Z (Reading database ... 85%
2026-10-08T22:01:58.0732381Z (Reading database ... 90%
2026-10-08T22:01:58.2102460Z (Reading database ... 95%
2026-10-08T22:01:58.2103036Z (Reading database ... 100%
2026-10-08T22:01:58.2103968Z (Reading database ... 203191 files and directories currently installed.)
2026-10-08T22:01:58.2147986Z Preparing to unpack .../build-essential_12.10ubuntu1_amd64.deb ...
2026-10-08T22:01:58.2166692Z Unpacking build-essential (12.10ubuntu1) ...
2026-10-08T22:01:58.2484627Z Setting up build-essential (12.10ubuntu1) ...
2026-10-08T22:01:58.7888489Z 
2026-10-08T22:01:58.7889138Z Running kernel seems to be up-to-date.
2026-10-08T22:01:58.7889387Z 
2026-10-08T22:01:58.7889569Z No services need to be restarted.
2026-10-08T22:01:58.7889742Z 
2026-10-08T22:01:58.7889886Z No containers need to be restarted.
2026-10-08T22:01:58.7890070Z 
2026-10-08T22:01:58.7890256Z No user sessions are running outdated binaries.
2026-10-08T22:01:58.7890461Z 
2026-10-08T22:01:58.7890738Z No VM guests are running outdated hypervisor (qemu) binaries on this host.
2026-10-08T22:01:59.6947242Z ##[group]Run bash scripts/bootstrap-toolchains.sh --lean-only
2026-10-08T22:01:59.6947824Z [36;1mbash scripts/bootstrap-toolchains.sh --lean-only[0m
2026-10-08T22:01:59.6987031Z shell: /usr/bin/bash -e {0}
2026-10-08T22:01:59.6987313Z ##[endgroup]
2026-10-08T22:02:00.0910532Z /home/runner/work/lean-bridge/lean-bridge/.toolchains/downloads/elan-x86_64-unknown-linux-gnu.tar.gz: OK
2026-10-08T22:02:00.6223400Z info: Version 4.2.4 of elan is available! Use `elan self update` to update.
2026-10-08T22:02:00.9080978Z info: downloading https://releases.lean-lang.org/lean4/v4.32.2/lean-4.32.2-linux.tar.zst
2026-10-08T22:02:03.5190121Z info: installing /home/runner/work/lean-bridge/lean-bridge/.toolchains/elan/toolchains/leanprover--lean4---v4.32.2
2026-10-08T22:02:09.5653857Z 
2026-10-08T22:02:09.6042400Z leanprover/lean4:v4.32.2 installed - Lean (version 4.32.2, x86_64-unknown-linux-gnu, commit f3b06c705e6c85f5314019d5d3baab0fec5b580c, Release)
2026-10-08T22:02:09.6043484Z 
2026-10-08T22:02:09.7675721Z info: default toolchain set to 'leanprover/lean4:v4.32.2'
2026-10-08T22:02:10.0269865Z ##[group]Run actions/cache@v4
2026-10-08T22:02:10.0270167Z with:
2026-10-08T22:02:10.0270385Z   path: .toolchains/perl/5.38.2-unthreaded
2026-10-08T22:02:10.0270941Z   key: perl-abi-v2-Linux-5.38.2-unthreaded-2fc9758a07a5ff174c4ceb8537771405658ae8ed656706950f6fb2a457de42cc
2026-10-08T22:02:10.0271466Z   enableCrossOsArchive: false
2026-10-08T22:02:10.0271716Z   fail-on-cache-miss: false
2026-10-08T22:02:10.0271941Z   lookup-only: false
2026-10-08T22:02:10.0272145Z   save-always: false
2026-10-08T22:02:10.0272344Z ##[endgroup]
2026-10-08T22:02:10.1303335Z (node:2859) [DEP0040] DeprecationWarning: The `punycode` module is deprecated. Please use a userland alternative instead.
2026-10-08T22:02:10.1304120Z (Use `node --trace-deprecation ...` to show where the warning was created)
2026-10-08T22:02:10.3419065Z Cache hit for: perl-abi-v2-Linux-5.38.2-unthreaded-2fc9758a07a5ff174c4ceb8537771405658ae8ed656706950f6fb2a457de42cc
2026-10-08T22:02:10.3522603Z (node:2859) [DEP0169] DeprecationWarning: `url.parse()` behavior is not standardized and prone to errors that have security implications. Use the WHATWG URL API instead. CVEs are not issued for `url.parse()` vulnerabilities.
2026-10-08T22:02:11.4469688Z Received 14628599 of 14628599 (100.0%), 15.7 MBs/sec
2026-10-08T22:02:11.4470369Z Cache Size: ~14 MB (14628599 B)
2026-10-08T22:02:11.4495099Z [command]/usr/bin/tar -xf /home/runner/work/_temp/9f46f012-71c8-4582-b7c7-868499097ab5/cache.tzst -P -C /home/runner/work/lean-bridge/lean-bridge --use-compress-program unzstd
2026-10-08T22:02:11.5511354Z Cache restored successfully
2026-10-08T22:02:11.5592031Z Cache restored from key: perl-abi-v2-Linux-5.38.2-unthreaded-2fc9758a07a5ff174c4ceb8537771405658ae8ed656706950f6fb2a457de42cc
2026-10-08T22:02:11.5680701Z ##[group]Run npm run test:consumer:perl -- --configuration "5.38.2-unthreaded"
2026-10-08T22:02:11.5681234Z [36;1mnpm run test:consumer:perl -- --configuration "5.38.2-unthreaded"[0m
2026-10-08T22:02:11.5717887Z shell: /usr/bin/bash -e {0}
2026-10-08T22:02:11.5718161Z ##[endgroup]
2026-10-08T22:02:11.6667332Z 
2026-10-08T22:02:11.6667912Z > @lean-wasm/bridge-poc@0.0.0-poc test:consumer:perl
2026-10-08T22:02:11.6668726Z > node scripts/test-perl-consumers.mjs --configuration 5.38.2-unthreaded
2026-10-08T22:02:11.6669026Z 
2026-10-08T22:02:11.7074555Z Perl 5.38.2-unthreaded
2026-10-08T22:14:22.5694160Z TAP version 13
2026-10-08T22:14:22.5696498Z # Subtest: native finite specializations reproduce and install concrete Perl APIs
2026-10-08T22:14:22.5697844Z ok 1 - native finite specializations reproduce and install concrete Perl APIs
2026-10-08T22:14:22.5698757Z   ---
2026-10-08T22:14:22.5699511Z   duration_ms: 104790.183645
2026-10-08T22:14:22.5699991Z   type: 'test'
2026-10-08T22:14:22.5700418Z   ...
2026-10-08T22:14:22.5701282Z # Finite CPAN archive SHA-256: 4e03a22c1e9e1ad77ac2132786fdfc0698333ac499fc37d1428e9c8e171e5fa6
2026-10-08T22:14:22.5702442Z # Subtest: native export contracts reject unsupported decisions before linking
2026-10-08T22:14:22.5703128Z     # Subtest: copied-resource
2026-10-08T22:14:22.5703581Z     ok 1 - copied-resource
2026-10-08T22:14:22.5703980Z       ---
2026-10-08T22:14:22.5704323Z       duration_ms: 11153.48859
2026-10-08T22:14:22.5704733Z       type: 'test'
2026-10-08T22:14:22.5705066Z       ...
2026-10-08T22:14:22.5705422Z     # Subtest: borrowed-result
2026-10-08T22:14:22.5705806Z     ok 2 - borrowed-result
2026-10-08T22:14:22.5706321Z       ---
2026-10-08T22:14:22.5706661Z       duration_ms: 11038.90106
2026-10-08T22:14:22.5707076Z       type: 'test'
2026-10-08T22:14:22.5707413Z       ...
2026-10-08T22:14:22.5707740Z     # Subtest: transfer
2026-10-08T22:14:22.5708121Z     ok 3 - transfer
2026-10-08T22:14:22.5708467Z       ---
2026-10-08T22:14:22.5708871Z       duration_ms: 11015.944689
2026-10-08T22:14:22.5709280Z       type: 'test'
2026-10-08T22:14:22.5710022Z       ...
2026-10-08T22:14:22.5710411Z     # Subtest: retained-callback
2026-10-08T22:14:22.5710812Z     ok 4 - retained-callback
2026-10-08T22:14:22.5711056Z       ---
2026-10-08T22:14:22.5711277Z       duration_ms: 10953.838365
2026-10-08T22:14:22.5711516Z       type: 'test'
2026-10-08T22:14:22.5711723Z       ...
2026-10-08T22:14:22.5711954Z     # Subtest: callback-effects
2026-10-08T22:14:22.5712213Z     ok 5 - callback-effects
2026-10-08T22:14:22.5712437Z       ---
2026-10-08T22:14:22.5712656Z       duration_ms: 11028.169916
2026-10-08T22:14:22.5712892Z       type: 'test'
2026-10-08T22:14:22.5713090Z       ...
2026-10-08T22:14:22.5713306Z     # Subtest: closure-arity
2026-10-08T22:14:22.5713553Z     ok 6 - closure-arity
2026-10-08T22:14:22.5713779Z       ---
2026-10-08T22:14:22.5713984Z       duration_ms: 11130.092725
2026-10-08T22:14:22.5714218Z       type: 'test'
2026-10-08T22:14:22.5714424Z       ...
2026-10-08T22:14:22.5714619Z     # Subtest: refinement
2026-10-08T22:14:22.5714858Z     ok 7 - refinement
2026-10-08T22:14:22.5715067Z       ---
2026-10-08T22:14:22.5715286Z       duration_ms: 10894.750922
2026-10-08T22:14:22.5715517Z       type: 'test'
2026-10-08T22:14:22.5715714Z       ...
2026-10-08T22:14:22.5715905Z     # Subtest: unknown
2026-10-08T22:14:22.5716379Z     ok 8 - unknown
2026-10-08T22:14:22.5716579Z       ---
2026-10-08T22:14:22.5716802Z       duration_ms: 10869.204442
2026-10-08T22:14:22.5717054Z       type: 'test'
2026-10-08T22:14:22.5717256Z       ...
2026-10-08T22:14:22.5717453Z     1..8
2026-10-08T22:14:22.5717837Z ok 2 - native export contracts reject unsupported decisions before linking
2026-10-08T22:14:22.5718209Z   ---
2026-10-08T22:14:22.5718415Z   duration_ms: 89080.891993
2026-10-08T22:14:22.5718661Z   type: 'test'
2026-10-08T22:14:22.5718858Z   ...
2026-10-08T22:14:22.5719620Z # Subtest: native specializations reject changed applications and unsupported ownership before linking
2026-10-08T22:14:22.5720135Z     # Subtest: application
2026-10-08T22:14:22.5720385Z     ok 1 - application
2026-10-08T22:14:22.5720619Z       ---
2026-10-08T22:14:22.5720843Z       duration_ms: 21504.501662
2026-10-08T22:14:22.5721091Z       type: 'test'
2026-10-08T22:14:22.5721286Z       ...
2026-10-08T22:14:22.5721484Z     # Subtest: types
2026-10-08T22:14:22.5721706Z     ok 2 - types
2026-10-08T22:14:22.5721904Z       ---
2026-10-08T22:14:22.5722246Z       duration_ms: 21586.884015
2026-10-08T22:14:22.5722483Z       type: 'test'
2026-10-08T22:14:22.5722696Z       ...
2026-10-08T22:14:22.5722997Z     # Subtest: late-json
2026-10-08T22:14:22.5723343Z     ok 3 - late-json
2026-10-08T22:14:22.5723638Z       ---
2026-10-08T22:14:22.5723945Z       duration_ms: 21982.684682
2026-10-08T22:14:22.5724317Z       type: 'test'
2026-10-08T22:14:22.5724639Z       ...
2026-10-08T22:14:22.5724912Z     # Subtest: source
2026-10-08T22:14:22.5725225Z     ok 4 - source
2026-10-08T22:14:22.5725521Z       ---
2026-10-08T22:14:22.5725860Z       duration_ms: 21883.257893
2026-10-08T22:14:22.5726465Z       type: 'test'
2026-10-08T22:14:22.5726854Z       ...
2026-10-08T22:14:22.5727272Z     # Subtest: resource-array
2026-10-08T22:14:22.5727725Z     ok 5 - resource-array
2026-10-08T22:14:22.5728164Z       ---
2026-10-08T22:14:22.5728571Z       duration_ms: 11027.972813
2026-10-08T22:14:22.5729036Z       type: 'test'
2026-10-08T22:14:22.5729418Z       ...
2026-10-08T22:14:22.5729798Z     # Subtest: callback-array
2026-10-08T22:14:22.5730260Z     ok 6 - callback-array
2026-10-08T22:14:22.5730591Z       ---
2026-10-08T22:14:22.5731023Z       duration_ms: 11009.160012
2026-10-08T22:14:22.5731446Z       type: 'test'
2026-10-08T22:14:22.5731792Z       ...
2026-10-08T22:14:22.5732137Z     # Subtest: instance
2026-10-08T22:14:22.5732519Z     ok 7 - instance
2026-10-08T22:14:22.5732919Z       ---
2026-10-08T22:14:22.5733340Z       duration_ms: 11100.645363
2026-10-08T22:14:22.5733768Z       type: 'test'
2026-10-08T22:14:22.5734123Z       ...
2026-10-08T22:14:22.5734448Z     # Subtest: effect
2026-10-08T22:14:22.5734832Z     ok 8 - effect
2026-10-08T22:14:22.5735178Z       ---
2026-10-08T22:14:22.5735525Z       duration_ms: 11071.101304
2026-10-08T22:14:22.5735900Z       type: 'test'
2026-10-08T22:14:22.5736696Z       ...
2026-10-08T22:14:22.5736930Z     # Subtest: admitted
2026-10-08T22:14:22.5737310Z     ok 9 - admitted
2026-10-08T22:14:22.5737641Z       ---
2026-10-08T22:14:22.5737977Z       duration_ms: 11036.040482
2026-10-08T22:14:22.5738226Z       type: 'test'
2026-10-08T22:14:22.5738428Z       ...
2026-10-08T22:14:22.5738616Z     1..9
2026-10-08T22:14:22.5739114Z ok 3 - native specializations reject changed applications and unsupported ownership before linking
2026-10-08T22:14:22.5739577Z   ---
2026-10-08T22:14:22.5739778Z   duration_ms: 143174.236282
2026-10-08T22:14:22.5740016Z   type: 'test'
2026-10-08T22:14:22.5740219Z   ...
2026-10-08T22:14:22.5740737Z # Subtest: native shared metadata preserves checked aliases, docs and proof relationships across relocation
2026-10-08T22:14:22.5741521Z ok 4 - native shared metadata preserves checked aliases, docs and proof relationships across relocation
2026-10-08T22:14:22.5741970Z   ---
2026-10-08T22:14:22.5742177Z   duration_ms: 46003.200578
2026-10-08T22:14:22.5742416Z   type: 'test'
2026-10-08T22:14:22.5742614Z   ...
2026-10-08T22:14:22.5743144Z # Subtest: native extraction rejects forged reports, interface drift and ABI disagreement without releasing output
2026-10-08T22:14:22.5743675Z     # Subtest: failure
2026-10-08T22:14:22.5743897Z     ok 1 - failure
2026-10-08T22:14:22.5744093Z       ---
2026-10-08T22:14:22.5744298Z       duration_ms: 460.805417
2026-10-08T22:14:22.5744539Z       type: 'test'
2026-10-08T22:14:22.5744736Z       ...
2026-10-08T22:14:22.5744920Z     # Subtest: json
2026-10-08T22:14:22.5745131Z     ok 2 - json
2026-10-08T22:14:22.5745328Z       ---
2026-10-08T22:14:22.5745525Z       duration_ms: 468.564133
2026-10-08T22:14:22.5745767Z       type: 'test'
2026-10-08T22:14:22.5747339Z       ...
2026-10-08T22:14:22.5747775Z     # Subtest: identity
2026-10-08T22:14:22.5748133Z     ok 3 - identity
2026-10-08T22:14:22.5748434Z       ---
2026-10-08T22:14:22.5748767Z       duration_ms: 10979.578299
2026-10-08T22:14:22.5749154Z       type: 'test'
2026-10-08T22:14:22.5749475Z       ...
2026-10-08T22:14:22.5749803Z     # Subtest: source
2026-10-08T22:14:22.5750151Z     ok 4 - source
2026-10-08T22:14:22.5750472Z       ---
2026-10-08T22:14:22.5751041Z       duration_ms: 11013.790143
2026-10-08T22:14:22.5751417Z       type: 'test'
2026-10-08T22:14:22.5751771Z       ...
2026-10-08T22:14:22.5752075Z     # Subtest: sidecar
2026-10-08T22:14:22.5752411Z     ok 5 - sidecar
2026-10-08T22:14:22.5752717Z       ---
2026-10-08T22:14:22.5753051Z       duration_ms: 11140.75944
2026-10-08T22:14:22.5753444Z       type: 'test'
2026-10-08T22:14:22.5753746Z       ...
2026-10-08T22:14:22.5754052Z     # Subtest: late-sidecar
2026-10-08T22:14:22.5754418Z     ok 6 - late-sidecar
2026-10-08T22:14:22.5754760Z       ---
2026-10-08T22:14:22.5755094Z       duration_ms: 11222.651158
2026-10-08T22:14:22.5755484Z       type: 'test'
2026-10-08T22:14:22.5755797Z       ...
2026-10-08T22:14:22.5756257Z     # Subtest: alias-abi
2026-10-08T22:14:22.5756658Z     ok 7 - alias-abi
2026-10-08T22:14:22.5756979Z       ---
2026-10-08T22:14:22.5757325Z       duration_ms: 11088.747856
2026-10-08T22:14:22.5757703Z       type: 'test'
2026-10-08T22:14:22.5758021Z       ...
2026-10-08T22:14:22.5758349Z     # Subtest: abi
2026-10-08T22:14:22.5758688Z     ok 8 - abi
2026-10-08T22:14:22.5759016Z       ---
2026-10-08T22:14:22.5759369Z       duration_ms: 21845.408126
2026-10-08T22:14:22.5759792Z       type: 'test'
2026-10-08T22:14:22.5760121Z       ...
2026-10-08T22:14:22.5760443Z     # Subtest: cancel
2026-10-08T22:14:22.5760815Z     ok 9 - cancel
2026-10-08T22:14:22.5761146Z       ---
2026-10-08T22:14:22.5761475Z       duration_ms: 466.213854
2026-10-08T22:14:22.5761874Z       type: 'test'
2026-10-08T22:14:22.5762211Z       ...
2026-10-08T22:14:22.5762532Z     1..9
2026-10-08T22:14:22.5763487Z ok 5 - native extraction rejects forged reports, interface drift and ABI disagreement without releasing output
2026-10-08T22:14:22.5764347Z   ---
2026-10-08T22:14:22.5764665Z   duration_ms: 79650.088538
2026-10-08T22:14:22.5765084Z   type: 'test'
2026-10-08T22:14:22.5765428Z   ...
2026-10-08T22:14:22.5766236Z # Subtest: Perl CBuilder receives development headers without Nix build-role variables
2026-10-08T22:14:22.5767340Z ok 6 - Perl CBuilder receives development headers without Nix build-role variables
2026-10-08T22:14:22.5768040Z   ---
2026-10-08T22:14:22.5768384Z   duration_ms: 200.105329
2026-10-08T22:14:22.5768772Z   type: 'test'
2026-10-08T22:14:22.5769135Z   ...
2026-10-08T22:14:22.5769773Z # Subtest: shared configuration drives a compiled and installed native package
2026-10-08T22:14:22.5770696Z ok 7 - shared configuration drives a compiled and installed native package
2026-10-08T22:14:22.5771258Z   ---
2026-10-08T22:14:22.5771617Z   duration_ms: 51367.216932
2026-10-08T22:14:22.5772032Z   type: 'test'
2026-10-08T22:14:22.5772328Z   ...
2026-10-08T22:14:22.5773144Z # Subtest: CPAN completes every runtime ABI before pinning components and reproduces reversed selections
2026-10-08T22:14:22.5774339Z ok 8 - CPAN completes every runtime ABI before pinning components and reproduces reversed selections # SKIP
2026-10-08T22:14:22.5774893Z   ---
2026-10-08T22:14:22.5775111Z   duration_ms: 0.15164
2026-10-08T22:14:22.5775355Z   type: 'test'
2026-10-08T22:14:22.5775562Z   ...
2026-10-08T22:14:22.5776424Z # Subtest: Perl installs ordinary Lean packages through prebuilt and XS-only paths
2026-10-08T22:14:22.5777063Z ok 9 - Perl installs ordinary Lean packages through prebuilt and XS-only paths
2026-10-08T22:14:22.5777449Z   ---
2026-10-08T22:14:22.5777647Z   duration_ms: 137967.048047
2026-10-08T22:14:22.5777893Z   type: 'test'
2026-10-08T22:14:22.5778087Z   ...
2026-10-08T22:14:22.5778272Z # 1..183
2026-10-08T22:14:22.5778958Z # Subtest: fresh Lean metadata rejects unsupported or unreviewed exports before releasing native output
2026-10-08T22:14:22.5779742Z ok 10 - fresh Lean metadata rejects unsupported or unreviewed exports before releasing native output
2026-10-08T22:14:22.5780186Z   ---
2026-10-08T22:14:22.5780378Z   duration_ms: 78343.853135
2026-10-08T22:14:22.5780607Z   type: 'test'
2026-10-08T22:14:22.5780792Z   ...
2026-10-08T22:14:22.5780966Z 1..10
2026-10-08T22:14:22.5781140Z # tests 36
2026-10-08T22:14:22.5781416Z # suites 0
2026-10-08T22:14:22.5781608Z # pass 35
2026-10-08T22:14:22.5781788Z # fail 0
2026-10-08T22:14:22.5781980Z # cancelled 0
2026-10-08T22:14:22.5782177Z # skipped 1
2026-10-08T22:14:22.5782372Z # todo 0
2026-10-08T22:14:22.5782584Z # duration_ms 730824.902669
2026-10-08T22:14:22.5865377Z ##[group]Run export LEAN_BRIDGE_CORPUS_PERL="$PWD/.toolchains/perl/$CORPUS_PERL_CONFIGURATION/bin/perl"
2026-10-08T22:14:22.5866344Z [36;1mexport LEAN_BRIDGE_CORPUS_PERL="$PWD/.toolchains/perl/$CORPUS_PERL_CONFIGURATION/bin/perl"[0m
2026-10-08T22:14:22.5866819Z [36;1msource scripts/env.sh[0m
2026-10-08T22:14:22.5867399Z [36;1mnpm run test:type-corpus:perl && LEAN_BRIDGE_REVIEWED_NATIVE_PROFILES=perl node --test tests/type-corpus-reviewed-native.test.mjs[0m
2026-10-08T22:14:22.5868118Z [36;1mLEAN_BRIDGE_CHAR_PROFILES=perl node --test tests/native-char.test.mjs[0m
2026-10-08T22:14:22.5868629Z [36;1mLEAN_BRIDGE_WORD_PROFILES=perl node --test tests/native-words.test.mjs[0m
2026-10-08T22:14:22.5869166Z [36;1mLEAN_BRIDGE_PERL_CALLABLE_TEST=1 node --test tests/perl-callables.test.mjs[0m
2026-10-08T22:14:22.5869769Z [36;1mLEAN_BRIDGE_PERL_STRUCTURED_CALLABLE_TEST=1 node --test tests/perl-structured-callables.test.mjs[0m
2026-10-08T22:14:22.5870714Z [36;1mLEAN_BRIDGE_PERL_RECURSIVE_CALLABLE_TEST=1 node --test --test-concurrency=1 tests/perl-recursive-callables.test.mjs tests/perl-recursive-callable-contract.test.mjs[0m
2026-10-08T22:14:22.5871545Z [36;1mLEAN_BRIDGE_PERL_COMPOUND_TEST=1 node --test tests/perl-compounds.test.mjs[0m
2026-10-08T22:14:22.5872148Z [36;1mLEAN_BRIDGE_PERL_LIST_TEST=1 node --test tests/perl-lists.test.mjs tests/perl-list-contract.test.mjs[0m
2026-10-08T22:14:22.5872897Z [36;1mLEAN_BRIDGE_PERL_COLLECTION_TEST=1 node --test tests/perl-collections.test.mjs tests/perl-collection-contract.test.mjs[0m
2026-10-08T22:14:22.5873672Z [36;1mLEAN_BRIDGE_PERL_ALIAS_TEST=1 node --test tests/perl-aliases.test.mjs tests/perl-alias-contract.test.mjs[0m
2026-10-08T22:14:22.5874265Z [36;1mLEAN_BRIDGE_PERL_FIN_TEST=1 node --test tests/perl-fin.test.mjs[0m
2026-10-08T22:14:22.5874744Z [36;1mLEAN_BRIDGE_PERL_VARIANT_TEST=1 node --test tests/perl-variants.test.mjs[0m
2026-10-08T22:14:22.5875302Z [36;1mLEAN_BRIDGE_PERL_GRAPH_TEST=1 node --test tests/perl-copied-graph-values.test.mjs[0m
2026-10-08T22:14:22.5876190Z [36;1mLEAN_BRIDGE_PERL_GRAPH_CONVERSION_TEST=1 LEAN_BRIDGE_PERL_GRAPH_NATIVE_TEST=1 node --test tests/perl-copied-graph-conversions.test.mjs[0m
2026-10-08T22:14:22.5877541Z [36;1mLEAN_BRIDGE_PERL_GRAPH_PACKAGE_TEST=1 LEAN_BRIDGE_PERL_GRAPH_COLLISION_TEST=1 LEAN_BRIDGE_PERL_GRAPH_COMPOSITION_TEST=1 LEAN_BRIDGE_PERL_GRAPH_DOCUMENTATION_TEST=1 node --test tests/perl-graph-package.test.mjs[0m
2026-10-08T22:14:22.5878393Z [36;1mtest -s build/type-corpus/perl.json[0m
2026-10-08T22:14:22.5878772Z [36;1mtest -s build/type-corpus/reviewed-native-perl.json[0m
2026-10-08T22:14:22.5879153Z [36;1mtest -s build/structured-callables/perl.json[0m
2026-10-08T22:14:22.5879517Z [36;1mtest -s build/recursive-callables/perl.json[0m
2026-10-08T22:14:22.5879844Z [36;1mtest -s build/compounds/perl.json[0m
2026-10-08T22:14:22.5880149Z [36;1mtest -s build/lists/perl.json[0m
2026-10-08T22:14:22.5880441Z [36;1mtest -s build/collections/perl.json[0m
2026-10-08T22:14:22.5880735Z [36;1mtest -s build/aliases/perl.json[0m
2026-10-08T22:14:22.5881069Z [36;1mtest -s build/native-fin/perl.json[0m
2026-10-08T22:14:22.5881390Z [36;1mtest -s build/native-fin/perl-reviewed.json[0m
2026-10-08T22:14:22.5881887Z [36;1mLEAN_BRIDGE_SPECIALIZATION_PROFILES=perl node --test tests/native-specializations.test.mjs[0m
2026-10-08T22:14:22.5882404Z [36;1mtest -s build/native-specializations/perl.json[0m
2026-10-08T22:14:22.5883095Z [36;1mLEAN_BRIDGE_GENERIC_RECORD_PROFILES=perl node --test --test-name-pattern='relocated source-free native packages construct' tests/generic-records.test.mjs[0m
2026-10-08T22:14:22.5883784Z [36;1mtest -s build/generic-records/perl.json[0m
2026-10-08T22:14:22.5884317Z [36;1mtest -s build/generic-records/specialized-perl.json[0m
2026-10-08T22:14:22.5885100Z [36;1mLEAN_BRIDGE_FIN_CONTAINER_PROFILES=perl LEAN_BRIDGE_REVIEWED_FIN_CONTAINER_PROFILES=perl node --test tests/native-fin-containers.test.mjs tests/perl-fin-containers.test.mjs[0m
2026-10-08T22:14:22.5886113Z [36;1mtest -s build/native-fin-containers/perl.json[0m
2026-10-08T22:14:22.5886529Z [36;1mtest -s build/native-fin-containers/reviewed-perl.json[0m
2026-10-08T22:14:22.5887172Z [36;1mLEAN_BRIDGE_FIN_PRODUCT_PROFILES=perl LEAN_BRIDGE_REVIEWED_FIN_PRODUCT_PROFILES=perl node --test tests/native-fin-products.test.mjs[0m
2026-10-08T22:14:22.5887788Z [36;1mtest -s build/native-fin-products/perl.json[0m
2026-10-08T22:14:22.5888171Z [36;1mtest -s build/native-fin-products/reviewed-perl.json[0m
2026-10-08T22:14:22.5888870Z [36;1mLEAN_BRIDGE_FIN_PRODUCT_ARRAY_PROFILES=perl LEAN_BRIDGE_REVIEWED_FIN_PRODUCT_ARRAY_PROFILES=perl node --test tests/native-fin-product-arrays.test.mjs[0m
2026-10-08T22:14:22.5889578Z [36;1mtest -s build/native-fin-product-arrays/perl.json[0m
2026-10-08T22:14:22.5889986Z [36;1mtest -s build/native-fin-product-arrays/reviewed-perl.json[0m
2026-10-08T22:14:22.5890639Z [36;1mLEAN_BRIDGE_FIN_RECORD_PROFILES=perl LEAN_BRIDGE_REVIEWED_FIN_RECORD_PROFILES=perl node --test tests/native-fin-records.test.mjs[0m
2026-10-08T22:14:22.5891245Z [36;1mtest -s build/native-fin-records/perl.json[0m
2026-10-08T22:14:22.5891607Z [36;1mtest -s build/native-fin-records/reviewed-perl.json[0m
2026-10-08T22:14:22.5892064Z [36;1mLEAN_BRIDGE_SUBTYPE_PROFILES=perl node --test tests/native-subtype.test.mjs[0m
2026-10-08T22:14:22.5892498Z [36;1mtest -s build/native-subtype/perl.json[0m
2026-10-08T22:14:22.5892936Z [36;1mLEAN_BRIDGE_PERL_REFINEMENT_TEST=1 node --test tests/perl-refinements.test.mjs[0m
2026-10-08T22:14:22.5893383Z [36;1mtest -s build/perl-refinements/perl.json[0m
2026-10-08T22:14:22.5893700Z [36;1mtest -s build/variants/perl.json[0m
2026-10-08T22:14:22.5894006Z [36;1mtest -s build/recursive/perl-values.json[0m
2026-10-08T22:14:22.5894347Z [36;1mtest -s build/recursive/perl-conversions.json[0m
2026-10-08T22:14:22.5894684Z [36;1mtest -s build/recursive/perl-native.json[0m
2026-10-08T22:14:22.5895008Z [36;1mtest -s build/recursive/perl-packages.json[0m
2026-10-08T22:14:22.5895386Z [36;1mtest -s build/recursive/perl-component-collision.json[0m
2026-10-08T22:14:22.5895767Z [36;1mtest -s build/recursive/perl-composition.json[0m
2026-10-08T22:14:22.5896298Z [36;1mtest -s build/recursive/perl-documentation.json[0m
2026-10-08T22:14:22.5932236Z shell: /usr/bin/bash -e {0}
2026-10-08T22:14:22.5932513Z env:
2026-10-08T22:14:22.5932771Z   CORPUS_PERL_CONFIGURATION: 5.38.2-unthreaded
2026-10-08T22:14:22.5933069Z ##[endgroup]
2026-10-08T22:14:22.6834993Z 
2026-10-08T22:14:22.6835442Z > @lean-wasm/bridge-poc@0.0.0-poc test:type-corpus:perl
2026-10-08T22:14:22.6836351Z > LEAN_BRIDGE_TYPE_CORPUS_PROFILES=perl node --test tests/type-corpus.test.mjs
2026-10-08T22:14:22.6836813Z 
2026-10-08T22:14:22.7259981Z TAP version 13
2026-10-08T22:14:25.5247785Z # Subtest: corpus cases cover two renamed nested libraries, valid positions and explicit host errors
2026-10-08T22:14:25.5254407Z ok 1 - corpus cases cover two renamed nested libraries, valid positions and explicit host errors
2026-10-08T22:14:25.5257143Z   ---
2026-10-08T22:14:25.5257682Z   duration_ms: 25.971925
2026-10-08T22:14:25.5258369Z   type: 'test'
2026-10-08T22:14:25.5259147Z   ...
2026-10-08T22:14:26.5989016Z # Subtest: corpus identity binds the cases, consumers, Lean sources, oracles and harness
2026-10-08T22:14:26.5990550Z ok 2 - corpus identity binds the cases, consumers, Lean sources, oracles and harness
2026-10-08T22:14:26.5991692Z   ---
2026-10-08T22:14:26.5992210Z   duration_ms: 70.385806
2026-10-08T22:14:26.5992786Z   type: 'test'
2026-10-08T22:14:26.5993238Z   ...
2026-10-08T22:14:26.5994521Z # Subtest: every inventoried profile and position remains a gap without executed cases
2026-10-08T22:14:26.5997132Z ok 3 - every inventoried profile and position remains a gap without executed cases
2026-10-08T22:14:26.5998399Z   ---
2026-10-08T22:14:26.6016896Z   duration_ms: 201.191305
2026-10-08T22:14:26.6023752Z   type: 'test'
2026-10-08T22:14:26.6024108Z   ...
2026-10-08T22:14:26.6029342Z # Subtest: validator-only observations cannot cross source paths, profiles or uncovered positions
2026-10-08T22:14:26.6030682Z ok 4 - validator-only observations cannot cross source paths, profiles or uncovered positions
2026-10-08T22:14:26.6031469Z   ---
2026-10-08T22:14:26.6031804Z   duration_ms: 126.169515
2026-10-08T22:14:26.6032211Z   type: 'test'
2026-10-08T22:14:26.6032547Z   ...
2026-10-08T22:14:26.6033015Z # Subtest: corpus report rejects missing case
2026-10-08T22:14:26.6033603Z ok 5 - corpus report rejects missing case
2026-10-08T22:14:26.6034077Z   ---
2026-10-08T22:14:26.6034422Z   duration_ms: 1.451006
2026-10-08T22:14:26.6034814Z   type: 'test'
2026-10-08T22:14:26.6035156Z   ...
2026-10-08T22:14:26.6035818Z # Subtest: corpus report rejects duplicate case
2026-10-08T22:14:26.6048071Z ok 6 - corpus report rejects duplicate case
2026-10-08T22:14:26.6048758Z   ---
2026-10-08T22:14:26.6049285Z   duration_ms: 1.565159
2026-10-08T22:14:26.6049693Z   type: 'test'
2026-10-08T22:14:26.6050072Z   ...
2026-10-08T22:14:26.6062887Z # Subtest: corpus report rejects extra case
2026-10-08T22:14:26.6064326Z ok 7 - corpus report rejects extra case
2026-10-08T22:14:26.6064924Z   ---
2026-10-08T22:14:26.6067202Z   duration_ms: 0.720486
2026-10-08T22:14:26.6067966Z   type: 'test'
2026-10-08T22:14:26.6068430Z   ...
2026-10-08T22:14:26.6082888Z # Subtest: corpus report rejects wrong value
2026-10-08T22:14:26.6084715Z ok 8 - corpus report rejects wrong value
2026-10-08T22:14:26.6085392Z   ---
2026-10-08T22:14:26.6085869Z   duration_ms: 0.885188
2026-10-08T22:14:26.6086556Z   type: 'test'
2026-10-08T22:14:26.6087032Z   ...
2026-10-08T22:14:26.6087722Z # Subtest: corpus report rejects wrong consumer profile
2026-10-08T22:14:26.6092170Z ok 9 - corpus report rejects wrong consumer profile
2026-10-08T22:14:26.6092865Z   ---
2026-10-08T22:14:26.6093332Z   duration_ms: 0.741098
2026-10-08T22:14:26.6093885Z   type: 'test'
2026-10-08T22:14:26.6094351Z   ...
2026-10-08T22:14:26.6094968Z # Subtest: corpus report rejects wrong module
2026-10-08T22:14:26.6095751Z ok 10 - corpus report rejects wrong module
2026-10-08T22:14:26.6096502Z   ---
2026-10-08T22:14:26.6096942Z   duration_ms: 1.123477
2026-10-08T22:14:26.6097461Z   type: 'test'
2026-10-08T22:14:26.6097919Z   ...
2026-10-08T22:14:26.6098550Z # Subtest: corpus report rejects unverified copy
2026-10-08T22:14:26.6099362Z ok 11 - corpus report rejects unverified copy
2026-10-08T22:14:26.6099992Z   ---
2026-10-08T22:14:26.6100447Z   duration_ms: 0.831443
2026-10-08T22:14:26.6100953Z   type: 'test'
2026-10-08T22:14:26.6101418Z   ...
2026-10-08T22:14:26.6102030Z # Subtest: corpus report rejects wrong host error
2026-10-08T22:14:26.6102847Z ok 12 - corpus report rejects wrong host error
2026-10-08T22:14:26.6103468Z   ---
2026-10-08T22:14:26.6103936Z   duration_ms: 4.7455
2026-10-08T22:14:26.6104432Z   type: 'test'
2026-10-08T22:14:26.6104893Z   ...
2026-10-08T22:14:26.6105509Z # Subtest: corpus report rejects failed recovery
2026-10-08T22:14:26.6106393Z ok 13 - corpus report rejects failed recovery
2026-10-08T22:14:26.6107017Z   ---
2026-10-08T22:14:26.6107484Z   duration_ms: 1.189641
2026-10-08T22:14:26.6107996Z   type: 'test'
2026-10-08T22:14:26.6108459Z   ...
2026-10-08T22:14:26.6109104Z # Subtest: corpus report rejects missing oracle result
2026-10-08T22:14:26.6109961Z ok 14 - corpus report rejects missing oracle result
2026-10-08T22:14:26.6110599Z   ---
2026-10-08T22:14:26.6111059Z   duration_ms: 1.001077
2026-10-08T22:14:26.6111568Z   type: 'test'
2026-10-08T22:14:26.6112007Z   ...
2026-10-08T22:14:26.6176927Z # Subtest: corpus report rejects extra oracle result
2026-10-08T22:14:26.6207072Z ok 15 - corpus report rejects extra oracle result
2026-10-08T22:14:26.6208045Z   ---
2026-10-08T22:14:26.6224772Z   duration_ms: 0.999205
2026-10-08T22:14:26.6225785Z   type: 'test'
2026-10-08T22:14:26.6226400Z   ...
2026-10-08T22:14:26.6227012Z # Subtest: corpus report rejects unknown adapter
2026-10-08T22:14:26.6227794Z ok 16 - corpus report rejects unknown adapter
2026-10-08T22:14:26.6228427Z   ---
2026-10-08T22:14:26.6229147Z   duration_ms: 5.365731
2026-10-08T22:14:26.6229772Z   type: 'test'
2026-10-08T22:14:26.6230202Z   ...
2026-10-08T22:14:26.6230945Z # Subtest: corpus report rejects unimplemented source path
2026-10-08T22:14:26.6252341Z ok 17 - corpus report rejects unimplemented source path
2026-10-08T22:14:26.6306827Z   ---
2026-10-08T22:14:26.6366772Z   duration_ms: 0.769339
2026-10-08T22:14:26.6396524Z   type: 'test'
2026-10-08T22:14:26.6426772Z   ...
2026-10-08T22:14:26.6486875Z # Subtest: corpus report rejects unknown library
2026-10-08T22:14:26.6537409Z ok 18 - corpus report rejects unknown library
2026-10-08T22:14:26.6546818Z   ---
2026-10-08T22:14:26.6560070Z   duration_ms: 0.526556
2026-10-08T22:14:26.6560779Z   type: 'test'
2026-10-08T22:14:26.6561258Z   ...
2026-10-08T22:14:26.6561922Z # Subtest: corpus report rejects missing runtime identity
2026-10-08T22:14:26.6562785Z ok 19 - corpus report rejects missing runtime identity
2026-10-08T22:14:26.6563462Z   ---
2026-10-08T22:14:26.6563925Z   duration_ms: 0.507267
2026-10-08T22:14:26.6564459Z   type: 'test'
2026-10-08T22:14:26.6564921Z   ...
2026-10-08T22:14:26.6565556Z # Subtest: corpus report rejects invalid archive hash
2026-10-08T22:14:26.6566530Z ok 20 - corpus report rejects invalid archive hash
2026-10-08T22:14:26.6567126Z   ---
2026-10-08T22:14:26.6567540Z   duration_ms: 0.491538
2026-10-08T22:14:26.6567977Z   type: 'test'
2026-10-08T22:14:26.6568388Z   ...
2026-10-08T22:14:26.6568977Z # Subtest: corpus report rejects different archive hash
2026-10-08T22:14:26.6569764Z ok 21 - corpus report rejects different archive hash
2026-10-08T22:14:26.6570363Z   ---
2026-10-08T22:14:26.6570788Z   duration_ms: 0.531072
2026-10-08T22:14:26.6571240Z   type: 'test'
2026-10-08T22:14:26.6571675Z   ...
2026-10-08T22:14:26.6572259Z # Subtest: corpus report rejects wrong archive target
2026-10-08T22:14:26.6573000Z ok 22 - corpus report rejects wrong archive target
2026-10-08T22:14:26.6573563Z   ---
2026-10-08T22:14:26.6573957Z   duration_ms: 0.477521
2026-10-08T22:14:26.6574449Z   type: 'test'
2026-10-08T22:14:26.6574849Z   ...
2026-10-08T22:14:26.6575453Z # Subtest: corpus report rejects cross-profile observation
2026-10-08T22:14:26.6576399Z ok 23 - corpus report rejects cross-profile observation
2026-10-08T22:14:26.6576994Z   ---
2026-10-08T22:14:26.6577415Z   duration_ms: 0.846832
2026-10-08T22:14:26.6577855Z   type: 'test'
2026-10-08T22:14:26.6578250Z   ...
2026-10-08T22:14:26.6578873Z # Subtest: corpus report rejects incorrect floating-point bits
2026-10-08T22:14:26.6579747Z ok 24 - corpus report rejects incorrect floating-point bits
2026-10-08T22:14:26.6580388Z   ---
2026-10-08T22:14:26.6580813Z   duration_ms: 1.199181
2026-10-08T22:14:26.6581241Z   type: 'test'
2026-10-08T22:14:26.6581616Z   ...
2026-10-08T22:14:26.6582255Z # Subtest: corpus report rejects missing declaration evidence
2026-10-08T22:14:26.6583113Z ok 25 - corpus report rejects missing declaration evidence
2026-10-08T22:14:26.6583733Z   ---
2026-10-08T22:14:26.6584185Z   duration_ms: 0.789671
2026-10-08T22:14:26.6584651Z   type: 'test'
2026-10-08T22:14:26.6585068Z   ...
2026-10-08T22:14:26.6585687Z # Subtest: corpus report rejects wrong declaration type
2026-10-08T22:14:26.6586928Z ok 26 - corpus report rejects wrong declaration type
2026-10-08T22:14:26.6587493Z   ---
2026-10-08T22:14:26.6587907Z   duration_ms: 1.095983
2026-10-08T22:14:26.6588347Z   type: 'test'
2026-10-08T22:14:26.6588753Z   ...
2026-10-08T22:14:26.6589557Z # Subtest: the corpus rejects duplicate runs and accepts only complete observations
2026-10-08T22:14:26.6590693Z ok 27 - the corpus rejects duplicate runs and accepts only complete observations
2026-10-08T22:14:26.6591422Z   ---
2026-10-08T22:14:26.6591848Z   duration_ms: 2.973228
2026-10-08T22:14:26.6592300Z   type: 'test'
2026-10-08T22:14:26.6593372Z   ...
2026-10-08T22:14:26.6600494Z # Subtest: explicit corpus selections reject absent, misspelled and duplicate adapters
2026-10-08T22:14:26.6601768Z ok 28 - explicit corpus selections reject absent, misspelled and duplicate adapters
2026-10-08T22:14:26.6602802Z   ---
2026-10-08T22:14:26.6603269Z   duration_ms: 0.456306
2026-10-08T22:14:26.6603769Z   type: 'test'
2026-10-08T22:14:26.6604203Z   ...
2026-10-08T22:14:26.6605082Z # Subtest: the shared inputs cover all sixteen primitive parameter/result positions
2026-10-08T22:14:26.6606463Z ok 29 - the shared inputs cover all sixteen primitive parameter/result positions
2026-10-08T22:14:26.6607236Z   ---
2026-10-08T22:14:26.6607669Z   duration_ms: 127.75361
2026-10-08T22:14:26.6608226Z   type: 'test'
2026-10-08T22:14:26.6608640Z   ...
2026-10-08T22:14:26.6609476Z # Subtest: Perl numeric acceptance uses fresh Lean results without weakening other profiles
2026-10-08T22:14:26.6610641Z ok 30 - Perl numeric acceptance uses fresh Lean results without weakening other profiles
2026-10-08T22:14:26.6611403Z   ---
2026-10-08T22:14:26.6611792Z   duration_ms: 1.238586
2026-10-08T22:14:26.6612210Z   type: 'test'
2026-10-08T22:14:26.6612583Z   ...
2026-10-08T22:14:26.6613351Z # Subtest: Perl observations bind the separate runtime archive and compiled interpreter ABI
2026-10-08T22:14:26.6614437Z ok 31 - Perl observations bind the separate runtime archive and compiled interpreter ABI
2026-10-08T22:14:26.6615139Z   ---
2026-10-08T22:14:26.6615505Z   duration_ms: 9.295327
2026-10-08T22:14:26.6615932Z   type: 'test'
2026-10-08T22:14:26.6617108Z   ...
2026-10-08T22:14:26.6617889Z # Subtest: declaration evidence checks names, nested fields and type positions separately
2026-10-08T22:14:26.6618981Z ok 32 - declaration evidence checks names, nested fields and type positions separately
2026-10-08T22:14:26.6619698Z   ---
2026-10-08T22:14:26.6620079Z   duration_ms: 4.985684
2026-10-08T22:14:26.6620518Z   type: 'test'
2026-10-08T22:14:26.6620913Z   ...
2026-10-08T22:14:26.6621698Z # Subtest: profile-specific host errors cannot be borrowed from another adapter
2026-10-08T22:14:26.6622891Z ok 33 - profile-specific host errors cannot be borrowed from another adapter
2026-10-08T22:14:26.6623679Z   ---
2026-10-08T22:14:26.6624137Z   duration_ms: 1.519629
2026-10-08T22:14:26.6624647Z   type: 'test'
2026-10-08T22:14:26.6625114Z   ...
2026-10-08T22:14:26.6625915Z # Subtest: Node profiles keep unsupported array and record cases as gaps
2026-10-08T22:14:26.6627131Z ok 34 - Node profiles keep unsupported array and record cases as gaps
2026-10-08T22:14:26.6627875Z   ---
2026-10-08T22:14:26.6628338Z   duration_ms: 235.784468
2026-10-08T22:14:26.6628857Z   type: 'test'
2026-10-08T22:14:26.6629306Z   ...
2026-10-08T22:14:26.6630074Z # Subtest: strict TypeScript uses the installed public API and independent exact signatures
2026-10-08T22:14:26.6631143Z ok 35 - strict TypeScript uses the installed public API and independent exact signatures
2026-10-08T22:14:26.6631826Z   ---
2026-10-08T22:14:26.6632208Z   duration_ms: 9.922747
2026-10-08T22:14:26.6632615Z   type: 'test'
2026-10-08T22:14:26.6632994Z   ...
2026-10-08T22:14:26.6633669Z # Subtest: browser engine selections are explicit and never silently skipped
2026-10-08T22:14:26.6634686Z ok 36 - browser engine selections are explicit and never silently skipped
2026-10-08T22:14:26.6635333Z   ---
2026-10-08T22:14:26.6635699Z   duration_ms: 0.488459
2026-10-08T22:14:26.6636207Z   type: 'test'
2026-10-08T22:14:26.6636582Z   ...
2026-10-08T22:14:26.6637420Z # Subtest: browser profiles require every selected engine and retain unsupported projections as gaps
2026-10-08T22:14:26.6638684Z ok 37 - browser profiles require every selected engine and retain unsupported projections as gaps
2026-10-08T22:14:26.6639454Z   ---
2026-10-08T22:14:26.6639852Z   duration_ms: 117.620542
2026-10-08T22:14:26.6640327Z   type: 'test'
2026-10-08T22:14:26.6640767Z   ...
2026-10-08T22:14:26.6641342Z # Subtest: browser corpus rejects missing evidence
2026-10-08T22:14:26.6642436Z ok 38 - browser corpus rejects missing evidence
2026-10-08T22:14:26.6643246Z   ---
2026-10-08T22:14:26.6643830Z   duration_ms: 1.456807
2026-10-08T22:14:26.6644315Z   type: 'test'
2026-10-08T22:14:26.6644737Z   ...
2026-10-08T22:14:26.6645649Z # Subtest: browser corpus rejects duplicate engine
2026-10-08T22:14:26.6646480Z ok 39 - browser corpus rejects duplicate engine
2026-10-08T22:14:26.6646973Z   ---
2026-10-08T22:14:26.6647316Z   duration_ms: 4.897791
2026-10-08T22:14:26.6647727Z   type: 'test'
2026-10-08T22:14:26.6648147Z   ...
2026-10-08T22:14:26.6648714Z # Subtest: browser corpus rejects missing engine
2026-10-08T22:14:26.6649522Z ok 40 - browser corpus rejects missing engine
2026-10-08T22:14:26.6650120Z   ---
2026-10-08T22:14:26.6650541Z   duration_ms: 1.492788
2026-10-08T22:14:26.6651016Z   type: 'test'
2026-10-08T22:14:26.6651401Z   ...
2026-10-08T22:14:26.6652003Z # Subtest: browser corpus rejects missing StrictMode
2026-10-08T22:14:26.6652650Z ok 41 - browser corpus rejects missing StrictMode
2026-10-08T22:14:26.6652995Z   ---
2026-10-08T22:14:26.6653201Z   duration_ms: 1.735242
2026-10-08T22:14:26.6653435Z   type: 'test'
2026-10-08T22:14:26.6653642Z   ...
2026-10-08T22:14:26.6653942Z # Subtest: browser corpus rejects duplicate execution
2026-10-08T22:14:26.6654387Z ok 42 - browser corpus rejects duplicate execution
2026-10-08T22:14:26.6654725Z   ---
2026-10-08T22:14:26.6654931Z   duration_ms: 1.546766
2026-10-08T22:14:26.6655139Z   type: 'test'
2026-10-08T22:14:26.6655330Z   ...
2026-10-08T22:14:26.6655608Z # Subtest: browser corpus rejects wrong browser result
2026-10-08T22:14:26.6656142Z ok 43 - browser corpus rejects wrong browser result
2026-10-08T22:14:26.6656578Z   ---
2026-10-08T22:14:26.6656766Z   duration_ms: 1.753988
2026-10-08T22:14:26.6656989Z   type: 'test'
2026-10-08T22:14:26.6657183Z   ...
2026-10-08T22:14:26.6657454Z # Subtest: browser corpus rejects wrong profile
2026-10-08T22:14:26.6657809Z ok 44 - browser corpus rejects wrong profile
2026-10-08T22:14:26.6658156Z   ---
2026-10-08T22:14:26.6658379Z   duration_ms: 1.820521
2026-10-08T22:14:26.6658601Z   type: 'test'
2026-10-08T22:14:26.6658800Z   ...
2026-10-08T22:14:26.6659114Z # Subtest: browser corpus rejects window standing in for worker
2026-10-08T22:14:26.6659639Z ok 45 - browser corpus rejects window standing in for worker
2026-10-08T22:14:26.6659944Z   ---
2026-10-08T22:14:26.6660147Z   duration_ms: 5.579169
2026-10-08T22:14:26.6660358Z   type: 'test'
2026-10-08T22:14:26.6660547Z   ...
2026-10-08T22:14:26.6660878Z # Subtest: browser corpus rejects mismatched primary result
2026-10-08T22:14:26.6661314Z ok 46 - browser corpus rejects mismatched primary result
2026-10-08T22:14:26.6661617Z   ---
2026-10-08T22:14:26.6661801Z   duration_ms: 3.502141
2026-10-08T22:14:26.6662059Z   type: 'test'
2026-10-08T22:14:26.6662614Z   ...
2026-10-08T22:14:26.6662999Z # Subtest: browser corpus rejects wrong WASM digest
2026-10-08T22:14:26.6663582Z ok 47 - browser corpus rejects wrong WASM digest
2026-10-08T22:14:26.6664057Z   ---
2026-10-08T22:14:26.6664426Z   duration_ms: 2.870551
2026-10-08T22:14:26.6664843Z   type: 'test'
2026-10-08T22:14:26.6680724Z   ...
2026-10-08T22:14:26.6681302Z # Subtest: browser corpus rejects wrong WASM MIME
2026-10-08T22:14:26.6681906Z ok 48 - browser corpus rejects wrong WASM MIME
2026-10-08T22:14:26.6682356Z   ---
2026-10-08T22:14:26.6682663Z   duration_ms: 2.676811
2026-10-08T22:14:26.6683023Z   type: 'test'
2026-10-08T22:14:26.6683329Z   ...
2026-10-08T22:14:26.6683805Z # Subtest: browser corpus rejects wrong deployment prefix
2026-10-08T22:14:26.6684515Z ok 49 - browser corpus rejects wrong deployment prefix
2026-10-08T22:14:26.6685028Z   ---
2026-10-08T22:14:26.6685343Z   duration_ms: 2.609383
2026-10-08T22:14:26.6685761Z   type: 'test'
2026-10-08T22:14:26.6686275Z   ...
2026-10-08T22:14:26.6686748Z # Subtest: browser corpus rejects missing runtime fetch
2026-10-08T22:14:26.6687527Z ok 50 - browser corpus rejects missing runtime fetch
2026-10-08T22:14:26.6688110Z   ---
2026-10-08T22:14:26.6688648Z   duration_ms: 1.957584
2026-10-08T22:14:26.6689034Z   type: 'test'
2026-10-08T22:14:26.6689386Z   ...
2026-10-08T22:14:26.6689881Z # Subtest: browser corpus rejects unbound deployment
2026-10-08T22:14:26.6690570Z ok 51 - browser corpus rejects unbound deployment
2026-10-08T22:14:26.6691196Z   ---
2026-10-08T22:14:26.6691559Z   duration_ms: 1.453802
2026-10-08T22:14:26.6691969Z   type: 'test'
2026-10-08T22:14:26.6692310Z   ...
2026-10-08T22:14:26.6692867Z # Subtest: browser corpus rejects source tree present
2026-10-08T22:14:26.6693606Z ok 52 - browser corpus rejects source tree present
2026-10-08T22:14:26.6694149Z   ---
2026-10-08T22:14:26.6694477Z   duration_ms: 1.970026
2026-10-08T22:14:26.6694826Z   type: 'test'
2026-10-08T22:14:26.6695169Z   ...
2026-10-08T22:14:26.6695675Z # Subtest: browser corpus rejects network access
2026-10-08T22:14:26.6696537Z ok 53 - browser corpus rejects network access
2026-10-08T22:14:26.6697098Z   ---
2026-10-08T22:14:26.6697432Z   duration_ms: 1.052699
2026-10-08T22:14:26.6697839Z   type: 'test'
2026-10-08T22:14:26.6698191Z   ...
2026-10-08T22:14:26.6698746Z # Subtest: browser corpus rejects missing React framework
2026-10-08T22:14:26.6699602Z ok 54 - browser corpus rejects missing React framework
2026-10-08T22:14:26.6700153Z   ---
2026-10-08T22:14:26.6700523Z   duration_ms: 1.347086
2026-10-08T22:14:26.6700910Z   type: 'test'
2026-10-08T22:14:26.6701261Z   ...
2026-10-08T22:14:26.6701839Z # Subtest: browser corpus rejects missing public API import
2026-10-08T22:14:26.6702640Z ok 55 - browser corpus rejects missing public API import
2026-10-08T22:14:26.6703211Z   ---
2026-10-08T22:14:26.6703549Z   duration_ms: 1.250449
2026-10-08T22:14:26.6703941Z   type: 'test'
2026-10-08T22:14:26.6704286Z   ...
2026-10-08T22:14:26.6704859Z # Subtest: browser corpus rejects missing asset recovery
2026-10-08T22:14:26.6705646Z ok 56 - browser corpus rejects missing asset recovery
2026-10-08T22:14:26.6706308Z   ---
2026-10-08T22:14:26.6706646Z   duration_ms: 1.524084
2026-10-08T22:14:26.6707024Z   type: 'test'
2026-10-08T22:14:26.6707388Z   ...
2026-10-08T22:14:26.6707899Z # Subtest: browser corpus rejects stale React effect
2026-10-08T22:14:26.6708614Z ok 57 - browser corpus rejects stale React effect
2026-10-08T22:14:26.6709145Z   ---
2026-10-08T22:14:26.6709493Z   duration_ms: 2.126213
2026-10-08T22:14:26.6709889Z   type: 'test'
2026-10-08T22:14:26.6710230Z   ...
2026-10-08T22:14:26.6710810Z # Subtest: browser corpus rejects pending React unmount
2026-10-08T22:14:26.6711552Z ok 58 - browser corpus rejects pending React unmount
2026-10-08T22:14:26.6712095Z   ---
2026-10-08T22:14:26.6712436Z   duration_ms: 1.793516
2026-10-08T22:14:26.6712833Z   type: 'test'
2026-10-08T22:14:26.6713170Z   ...
2026-10-08T22:14:26.6713663Z # Subtest: browser corpus rejects leaked worker
2026-10-08T22:14:26.6714349Z ok 59 - browser corpus rejects leaked worker
2026-10-08T22:14:26.6714837Z   ---
2026-10-08T22:14:26.6715192Z   duration_ms: 2.502566
2026-10-08T22:14:26.6715604Z   type: 'test'
2026-10-08T22:14:26.6716081Z   ...
2026-10-08T22:14:26.6716837Z # Subtest: Rust records compiler rejection separately from executed public calls
2026-10-08T22:14:26.6717933Z ok 60 - Rust records compiler rejection separately from executed public calls
2026-10-08T22:14:26.6718621Z   ---
2026-10-08T22:14:26.6718983Z   duration_ms: 109.33067
2026-10-08T22:14:26.6719395Z   type: 'test'
2026-10-08T22:14:26.6719731Z   ...
2026-10-08T22:14:29.6067570Z # Subtest: Rust compile-rejection evidence retains JSON beyond the display-tail limit
2026-10-08T22:14:29.6068688Z ok 61 - Rust compile-rejection evidence retains JSON beyond the display-tail limit
2026-10-08T22:14:29.6069242Z   ---
2026-10-08T22:14:29.6069643Z   duration_ms: 76.083001
2026-10-08T22:14:29.6070151Z   type: 'test'
2026-10-08T22:14:29.6070510Z   ...
2026-10-08T22:14:29.6071278Z # Subtest: Rust callers use independent typed signatures, borrowed inputs and owned results
2026-10-08T22:14:29.6072234Z ok 62 - Rust callers use independent typed signatures, borrowed inputs and owned results
2026-10-08T22:14:29.6073120Z   ---
2026-10-08T22:14:29.6073476Z   duration_ms: 7.572924
2026-10-08T22:14:29.6073912Z   type: 'test'
2026-10-08T22:14:29.6074312Z   ...
2026-10-08T22:14:29.6074879Z # Subtest: Rust corpus rejects missing compiler evidence
2026-10-08T22:14:29.6075412Z ok 63 - Rust corpus rejects missing compiler evidence
2026-10-08T22:14:29.6075815Z   ---
2026-10-08T22:14:29.6137011Z   duration_ms: 5.722694
2026-10-08T22:14:29.6137552Z   type: 'test'
2026-10-08T22:14:29.6137890Z   ...
2026-10-08T22:14:29.6138422Z # Subtest: Rust corpus rejects wrong compiler version
2026-10-08T22:14:29.6139191Z ok 64 - Rust corpus rejects wrong compiler version
2026-10-08T22:14:29.6139680Z   ---
2026-10-08T22:14:29.6139967Z   duration_ms: 8.537902
2026-10-08T22:14:29.6140374Z   type: 'test'
2026-10-08T22:14:29.6140694Z   ...
2026-10-08T22:14:29.6141205Z # Subtest: Rust corpus rejects unbound consumer source
2026-10-08T22:14:29.6141817Z ok 65 - Rust corpus rejects unbound consumer source
2026-10-08T22:14:29.6142346Z   ---
2026-10-08T22:14:29.6142665Z   duration_ms: 8.233415
2026-10-08T22:14:29.6143046Z   type: 'test'
2026-10-08T22:14:29.6143352Z   ...
2026-10-08T22:14:29.6143777Z # Subtest: Rust corpus rejects unchecked signatures
2026-10-08T22:14:29.6144363Z ok 66 - Rust corpus rejects unchecked signatures
2026-10-08T22:14:29.6144642Z   ---
2026-10-08T22:14:29.6144840Z   duration_ms: 15.627707
2026-10-08T22:14:29.6145062Z   type: 'test'
2026-10-08T22:14:29.6145259Z   ...
2026-10-08T22:14:29.6145526Z # Subtest: Rust corpus rejects wrong binding IR
2026-10-08T22:14:29.6145892Z ok 67 - Rust corpus rejects wrong binding IR
2026-10-08T22:14:29.6146267Z   ---
2026-10-08T22:14:29.6146464Z   duration_ms: 3.555688
2026-10-08T22:14:29.6146699Z   type: 'test'
2026-10-08T22:14:29.6146904Z   ...
2026-10-08T22:14:29.6147190Z # Subtest: Rust corpus rejects warm global cache
2026-10-08T22:14:29.6147559Z ok 68 - Rust corpus rejects warm global cache
2026-10-08T22:14:29.6147852Z   ---
2026-10-08T22:14:29.6148052Z   duration_ms: 3.22123
2026-10-08T22:14:29.6148272Z   type: 'test'
2026-10-08T22:14:29.6148463Z   ...
2026-10-08T22:14:29.6148730Z # Subtest: Rust corpus rejects online installation
2026-10-08T22:14:29.6149105Z ok 69 - Rust corpus rejects online installation
2026-10-08T22:14:29.6149377Z   ---
2026-10-08T22:14:29.6149571Z   duration_ms: 3.19106
2026-10-08T22:14:29.6149784Z   type: 'test'
2026-10-08T22:14:29.6149968Z   ...
2026-10-08T22:14:29.6150253Z # Subtest: Rust corpus rejects remaining source tree
2026-10-08T22:14:29.6150630Z ok 70 - Rust corpus rejects remaining source tree
2026-10-08T22:14:29.6150911Z   ---
2026-10-08T22:14:29.6151092Z   duration_ms: 4.043755
2026-10-08T22:14:29.6151444Z   type: 'test'
2026-10-08T22:14:29.6151757Z   ...
2026-10-08T22:14:29.6152248Z # Subtest: Rust corpus rejects missing exact integers
2026-10-08T22:14:29.6152828Z ok 71 - Rust corpus rejects missing exact integers
2026-10-08T22:14:29.6153314Z   ---
2026-10-08T22:14:29.6153635Z   duration_ms: 3.361181
2026-10-08T22:14:29.6154014Z   type: 'test'
2026-10-08T22:14:29.6154322Z   ...
2026-10-08T22:14:29.6154801Z # Subtest: Rust corpus rejects duplicate dependency
2026-10-08T22:14:29.6155475Z ok 72 - Rust corpus rejects duplicate dependency
2026-10-08T22:14:29.6155919Z   ---
2026-10-08T22:14:29.6156352Z   duration_ms: 4.196511
2026-10-08T22:14:29.6156728Z   type: 'test'
2026-10-08T22:14:29.6157049Z   ...
2026-10-08T22:14:29.6157540Z # Subtest: Rust corpus rejects unhashed executable
2026-10-08T22:14:29.6157942Z ok 73 - Rust corpus rejects unhashed executable
2026-10-08T22:14:29.6158226Z   ---
2026-10-08T22:14:29.6158497Z   duration_ms: 3.473951
2026-10-08T22:14:29.6158884Z   type: 'test'
2026-10-08T22:14:29.6159192Z   ...
2026-10-08T22:14:29.6159636Z # Subtest: Rust corpus rejects missing cleanup
2026-10-08T22:14:29.6160140Z ok 74 - Rust corpus rejects missing cleanup
2026-10-08T22:14:29.6160411Z   ---
2026-10-08T22:14:29.6160606Z   duration_ms: 6.401111
2026-10-08T22:14:29.6160826Z   type: 'test'
2026-10-08T22:14:29.6161020Z   ...
2026-10-08T22:14:29.6161578Z # Subtest: Rust corpus rejects unverified copies
2026-10-08T22:14:29.6161948Z ok 75 - Rust corpus rejects unverified copies
2026-10-08T22:14:29.6162223Z   ---
2026-10-08T22:14:29.6162412Z   duration_ms: 2.881229
2026-10-08T22:14:29.6162633Z   type: 'test'
2026-10-08T22:14:29.6162912Z   ...
2026-10-08T22:14:29.6163255Z # Subtest: Rust corpus rejects compiler failure counted as runtime
2026-10-08T22:14:29.6163721Z ok 76 - Rust corpus rejects compiler failure counted as runtime
2026-10-08T22:14:29.6164043Z   ---
2026-10-08T22:14:29.6164229Z   duration_ms: 2.345672
2026-10-08T22:14:29.6164558Z   type: 'test'
2026-10-08T22:14:29.6164879Z   ...
2026-10-08T22:14:29.6165399Z # Subtest: Rust corpus rejects unrelated compiler failure
2026-10-08T22:14:29.6166269Z ok 77 - Rust corpus rejects unrelated compiler failure
2026-10-08T22:14:29.6166720Z   ---
2026-10-08T22:14:29.6167025Z   duration_ms: 2.046715
2026-10-08T22:14:29.6167367Z   type: 'test'
2026-10-08T22:14:29.6167686Z   ...
2026-10-08T22:14:29.6168216Z # Subtest: Rust corpus rejects dependency compiler failure
2026-10-08T22:14:29.6168969Z ok 78 - Rust corpus rejects dependency compiler failure
2026-10-08T22:14:29.6169490Z   ---
2026-10-08T22:14:29.6169822Z   duration_ms: 2.027884
2026-10-08T22:14:29.6170201Z   type: 'test'
2026-10-08T22:14:29.6170541Z   ...
2026-10-08T22:14:29.6171088Z # Subtest: Rust corpus rejects missing compiler diagnostic
2026-10-08T22:14:29.6171826Z ok 79 - Rust corpus rejects missing compiler diagnostic
2026-10-08T22:14:29.6172342Z   ---
2026-10-08T22:14:29.6172674Z   duration_ms: 2.862694
2026-10-08T22:14:29.6173047Z   type: 'test'
2026-10-08T22:14:29.6173391Z   ...
2026-10-08T22:14:29.6173911Z # Subtest: Rust corpus rejects changed rejected source
2026-10-08T22:14:29.6174614Z ok 80 - Rust corpus rejects changed rejected source
2026-10-08T22:14:29.6175109Z   ---
2026-10-08T22:14:29.6175434Z   duration_ms: 2.033356
2026-10-08T22:14:29.6175811Z   type: 'test'
2026-10-08T22:14:29.6176309Z   ...
2026-10-08T22:14:29.6176798Z # Subtest: Rust corpus rejects wrong runtime error
2026-10-08T22:14:29.6177480Z ok 81 - Rust corpus rejects wrong runtime error
2026-10-08T22:14:29.6177985Z   ---
2026-10-08T22:14:29.6178314Z   duration_ms: 3.031144
2026-10-08T22:14:29.6178688Z   type: 'test'
2026-10-08T22:14:29.6179026Z   ...
2026-10-08T22:14:29.6179542Z # Subtest: Rust corpus rejects missing limit rejection
2026-10-08T22:14:29.6180244Z ok 82 - Rust corpus rejects missing limit rejection
2026-10-08T22:14:29.6180675Z   ---
2026-10-08T22:14:29.6180964Z   duration_ms: 2.994379
2026-10-08T22:14:29.6181341Z   type: 'test'
2026-10-08T22:14:29.6181651Z   ...
2026-10-08T22:14:29.6182116Z # Subtest: Rust corpus rejects failed limit recovery
2026-10-08T22:14:29.6182758Z ok 83 - Rust corpus rejects failed limit recovery
2026-10-08T22:14:29.6183218Z   ---
2026-10-08T22:14:29.6183526Z   duration_ms: 3.741314
2026-10-08T22:14:29.6183892Z   type: 'test'
2026-10-08T22:14:29.6184266Z   ...
2026-10-08T22:14:29.6185061Z # Subtest: c corpus separates native numeric acceptance from compiler rejection
2026-10-08T22:14:29.6186166Z ok 84 - c corpus separates native numeric acceptance from compiler rejection
2026-10-08T22:14:29.6186829Z   ---
2026-10-08T22:14:29.6187172Z   duration_ms: 123.269466
2026-10-08T22:14:29.6187575Z   type: 'test'
2026-10-08T22:14:29.6187917Z   ...
2026-10-08T22:14:29.6188645Z # Subtest: cpp corpus separates native numeric acceptance from compiler rejection
2026-10-08T22:14:29.6189698Z ok 85 - cpp corpus separates native numeric acceptance from compiler rejection
2026-10-08T22:14:29.6190355Z   ---
2026-10-08T22:14:29.6190698Z   duration_ms: 113.038101
2026-10-08T22:14:29.6191104Z   type: 'test'
2026-10-08T22:14:29.6191440Z   ...
2026-10-08T22:14:29.6191937Z # Subtest: c corpus rejects missing compiler evidence
2026-10-08T22:14:29.6192629Z ok 86 - c corpus rejects missing compiler evidence
2026-10-08T22:14:29.6193128Z   ---
2026-10-08T22:14:29.6193468Z   duration_ms: 5.746541
2026-10-08T22:14:29.6193846Z   type: 'test'
2026-10-08T22:14:29.6194181Z   ...
2026-10-08T22:14:29.6194884Z # Subtest: c corpus rejects old compiler
2026-10-08T22:14:29.6195450Z ok 87 - c corpus rejects old compiler
2026-10-08T22:14:29.6195895Z   ---
2026-10-08T22:14:29.6196386Z   duration_ms: 3.824803
2026-10-08T22:14:29.6196743Z   type: 'test'
2026-10-08T22:14:29.6197248Z   ...
2026-10-08T22:14:29.6197710Z # Subtest: c corpus rejects wrong standard
2026-10-08T22:14:29.6198296Z ok 88 - c corpus rejects wrong standard
2026-10-08T22:14:29.6198743Z   ---
2026-10-08T22:14:29.6199068Z   duration_ms: 4.719474
2026-10-08T22:14:29.6199446Z   type: 'test'
2026-10-08T22:14:29.6199782Z   ...
2026-10-08T22:14:29.6200218Z # Subtest: c corpus rejects unbound source
2026-10-08T22:14:29.6200799Z ok 89 - c corpus rejects unbound source
2026-10-08T22:14:29.6201252Z   ---
2026-10-08T22:14:29.6201567Z   duration_ms: 6.489594
2026-10-08T22:14:29.6202054Z   type: 'test'
2026-10-08T22:14:29.6202353Z   ...
2026-10-08T22:14:29.6202787Z # Subtest: c corpus rejects unchecked signatures
2026-10-08T22:14:29.6203330Z ok 90 - c corpus rejects unchecked signatures
2026-10-08T22:14:29.6203760Z   ---
2026-10-08T22:14:29.6204028Z   duration_ms: 5.869399
2026-10-08T22:14:29.6204341Z   type: 'test'
2026-10-08T22:14:29.6204614Z   ...
2026-10-08T22:14:29.6204981Z # Subtest: c corpus rejects wrong binding IR
2026-10-08T22:14:29.6205498Z ok 91 - c corpus rejects wrong binding IR
2026-10-08T22:14:29.6206162Z   ---
2026-10-08T22:14:29.6206544Z   duration_ms: 2.808376
2026-10-08T22:14:29.6206897Z   type: 'test'
2026-10-08T22:14:29.6207211Z   ...
2026-10-08T22:14:29.6207632Z # Subtest: c corpus rejects remaining sources
2026-10-08T22:14:29.6207988Z ok 92 - c corpus rejects remaining sources
2026-10-08T22:14:29.6208250Z   ---
2026-10-08T22:14:29.6208437Z   duration_ms: 5.59465
2026-10-08T22:14:29.6208657Z   type: 'test'
2026-10-08T22:14:29.6208842Z   ...
2026-10-08T22:14:29.6209125Z # Subtest: c corpus rejects compiler during execution
2026-10-08T22:14:29.6209502Z ok 93 - c corpus rejects compiler during execution
2026-10-08T22:14:29.6209839Z   ---
2026-10-08T22:14:29.6210030Z   duration_ms: 4.244748
2026-10-08T22:14:29.6210235Z   type: 'test'
2026-10-08T22:14:29.6210430Z   ...
2026-10-08T22:14:29.6210693Z # Subtest: c corpus rejects runtime override
2026-10-08T22:14:29.6211028Z ok 94 - c corpus rejects runtime override
2026-10-08T22:14:29.6211297Z   ---
2026-10-08T22:14:29.6211489Z   duration_ms: 4.225481
2026-10-08T22:14:29.6211704Z   type: 'test'
2026-10-08T22:14:29.6211895Z   ...
2026-10-08T22:14:29.6212136Z # Subtest: c corpus rejects private headers
2026-10-08T22:14:29.6212469Z ok 95 - c corpus rejects private headers
2026-10-08T22:14:29.6212728Z   ---
2026-10-08T22:14:29.6212914Z   duration_ms: 5.489206
2026-10-08T22:14:29.6213231Z   type: 'test'
2026-10-08T22:14:29.6213516Z   ...
2026-10-08T22:14:29.6213919Z # Subtest: c corpus rejects unchecked narrowing
2026-10-08T22:14:29.6214496Z ok 96 - c corpus rejects unchecked narrowing
2026-10-08T22:14:29.6214924Z   ---
2026-10-08T22:14:29.6215204Z   duration_ms: 4.279412
2026-10-08T22:14:29.6215541Z   type: 'test'
2026-10-08T22:14:29.6215838Z   ...
2026-10-08T22:14:29.6216348Z # Subtest: c corpus rejects missing CMake
2026-10-08T22:14:29.6216902Z ok 97 - c corpus rejects missing CMake
2026-10-08T22:14:29.6217306Z   ---
2026-10-08T22:14:29.6217625Z   duration_ms: 5.625344
2026-10-08T22:14:29.6217985Z   type: 'test'
2026-10-08T22:14:29.6218328Z   ...
2026-10-08T22:14:29.6218812Z # Subtest: c corpus rejects unexecuted integration
2026-10-08T22:14:29.6219321Z ok 98 - c corpus rejects unexecuted integration
2026-10-08T22:14:29.6219731Z   ---
2026-10-08T22:14:29.6220012Z   duration_ms: 4.247336
2026-10-08T22:14:29.6220334Z   type: 'test'
2026-10-08T22:14:29.6220613Z   ...
2026-10-08T22:14:29.6220995Z # Subtest: c corpus rejects nonlocal runtime
2026-10-08T22:14:29.6221482Z ok 99 - c corpus rejects nonlocal runtime
2026-10-08T22:14:29.6221879Z   ---
2026-10-08T22:14:29.6222187Z   duration_ms: 8.72251
2026-10-08T22:14:29.6222497Z   type: 'test'
2026-10-08T22:14:29.6222807Z   ...
2026-10-08T22:14:29.6223428Z # Subtest: c corpus rejects missing runtime library
2026-10-08T22:14:29.6223988Z ok 100 - c corpus rejects missing runtime library
2026-10-08T22:14:29.6224440Z   ---
2026-10-08T22:14:29.6224751Z   duration_ms: 7.685287
2026-10-08T22:14:29.6225076Z   type: 'test'
2026-10-08T22:14:29.6225468Z   ...
2026-10-08T22:14:29.6225906Z # Subtest: c corpus rejects wrong runtime rejection
2026-10-08T22:14:29.6226618Z ok 101 - c corpus rejects wrong runtime rejection
2026-10-08T22:14:29.6227064Z   ---
2026-10-08T22:14:29.6227341Z   duration_ms: 8.067514
2026-10-08T22:14:29.6227676Z   type: 'test'
2026-10-08T22:14:29.6227959Z   ...
2026-10-08T22:14:29.6228360Z # Subtest: c corpus rejects failed recovery
2026-10-08T22:14:29.6228922Z ok 102 - c corpus rejects failed recovery
2026-10-08T22:14:29.6229335Z   ---
2026-10-08T22:14:29.6229634Z   duration_ms: 9.636185
2026-10-08T22:14:29.6229981Z   type: 'test'
2026-10-08T22:14:29.6230309Z   ...
2026-10-08T22:14:29.6230782Z # Subtest: c corpus rejects missing error check
2026-10-08T22:14:29.6231453Z ok 103 - c corpus rejects missing error check
2026-10-08T22:14:29.6231912Z   ---
2026-10-08T22:14:29.6232238Z   duration_ms: 5.5634
2026-10-08T22:14:29.6232560Z   type: 'test'
2026-10-08T22:14:29.6232864Z   ...
2026-10-08T22:14:29.6233260Z # Subtest: c corpus rejects aliased record
2026-10-08T22:14:29.6233823Z ok 104 - c corpus rejects aliased record
2026-10-08T22:14:29.6234232Z   ---
2026-10-08T22:14:29.6234522Z   duration_ms: 2.404102
2026-10-08T22:14:29.6234887Z   type: 'test'
2026-10-08T22:14:29.6235198Z   ...
2026-10-08T22:14:29.6235672Z # Subtest: c corpus rejects unrelated compiler failure
2026-10-08T22:14:29.6236662Z ok 105 - c corpus rejects unrelated compiler failure
2026-10-08T22:14:29.6237175Z   ---
2026-10-08T22:14:29.6237505Z   duration_ms: 3.97778
2026-10-08T22:14:29.6237877Z   type: 'test'
2026-10-08T22:14:29.6238218Z   ...
2026-10-08T22:14:29.6238717Z # Subtest: c corpus rejects header compiler failure
2026-10-08T22:14:29.6239480Z ok 106 - c corpus rejects header compiler failure
2026-10-08T22:14:29.6240001Z   ---
2026-10-08T22:14:29.6240335Z   duration_ms: 3.019495
2026-10-08T22:14:29.6240714Z   type: 'test'
2026-10-08T22:14:29.6241043Z   ...
2026-10-08T22:14:29.6241540Z # Subtest: c corpus rejects changed rejected input
2026-10-08T22:14:29.6242217Z ok 107 - c corpus rejects changed rejected input
2026-10-08T22:14:29.6242720Z   ---
2026-10-08T22:14:29.6243047Z   duration_ms: 2.723619
2026-10-08T22:14:29.6243439Z   type: 'test'
2026-10-08T22:14:29.6243777Z   ...
2026-10-08T22:14:29.6244299Z # Subtest: cpp corpus rejects missing compiler evidence
2026-10-08T22:14:29.6244989Z ok 108 - cpp corpus rejects missing compiler evidence
2026-10-08T22:14:29.6245470Z   ---
2026-10-08T22:14:29.6245800Z   duration_ms: 3.759284
2026-10-08T22:14:29.6246327Z   type: 'test'
2026-10-08T22:14:29.6246648Z   ...
2026-10-08T22:14:29.6247077Z # Subtest: cpp corpus rejects old compiler
2026-10-08T22:14:29.6247648Z ok 109 - cpp corpus rejects old compiler
2026-10-08T22:14:29.6248098Z   ---
2026-10-08T22:14:29.6248425Z   duration_ms: 5.099001
2026-10-08T22:14:29.6248811Z   type: 'test'
2026-10-08T22:14:29.6249134Z   ...
2026-10-08T22:14:29.6249586Z # Subtest: cpp corpus rejects wrong standard
2026-10-08T22:14:29.6250195Z ok 110 - cpp corpus rejects wrong standard
2026-10-08T22:14:29.6250670Z   ---
2026-10-08T22:14:29.6250993Z   duration_ms: 3.864788
2026-10-08T22:14:29.6251348Z   type: 'test'
2026-10-08T22:14:29.6251688Z   ...
2026-10-08T22:14:29.6252132Z # Subtest: cpp corpus rejects unbound source
2026-10-08T22:14:29.6252769Z ok 111 - cpp corpus rejects unbound source
2026-10-08T22:14:29.6253233Z   ---
2026-10-08T22:14:29.6253576Z   duration_ms: 6.22771
2026-10-08T22:14:29.6253964Z   type: 'test'
2026-10-08T22:14:29.6254297Z   ...
2026-10-08T22:14:29.6254799Z # Subtest: cpp corpus rejects unchecked signatures
2026-10-08T22:14:29.6255487Z ok 112 - cpp corpus rejects unchecked signatures
2026-10-08T22:14:29.6256131Z   ---
2026-10-08T22:14:29.6256487Z   duration_ms: 4.239162
2026-10-08T22:14:29.6256878Z   type: 'test'
2026-10-08T22:14:29.6257435Z   ...
2026-10-08T22:14:29.6257907Z # Subtest: cpp corpus rejects wrong binding IR
2026-10-08T22:14:29.6258553Z ok 113 - cpp corpus rejects wrong binding IR
2026-10-08T22:14:29.6259032Z   ---
2026-10-08T22:14:29.6259364Z   duration_ms: 4.15583
2026-10-08T22:14:29.6259871Z   type: 'test'
2026-10-08T22:14:29.6260226Z   ...
2026-10-08T22:14:29.6260708Z # Subtest: cpp corpus rejects remaining sources
2026-10-08T22:14:29.6261376Z ok 114 - cpp corpus rejects remaining sources
2026-10-08T22:14:29.6261857Z   ---
2026-10-08T22:14:29.6262181Z   duration_ms: 3.823374
2026-10-08T22:14:29.6262567Z   type: 'test'
2026-10-08T22:14:29.6262903Z   ...
2026-10-08T22:14:29.6263475Z # Subtest: cpp corpus rejects compiler during execution
2026-10-08T22:14:29.6264224Z ok 115 - cpp corpus rejects compiler during execution
2026-10-08T22:14:29.6264731Z   ---
2026-10-08T22:14:29.6265063Z   duration_ms: 3.81441
2026-10-08T22:14:29.6265430Z   type: 'test'
2026-10-08T22:14:29.6265718Z   ...
2026-10-08T22:14:29.6266354Z # Subtest: cpp corpus rejects runtime override
2026-10-08T22:14:29.6267001Z ok 116 - cpp corpus rejects runtime override
2026-10-08T22:14:29.6267486Z   ---
2026-10-08T22:14:29.6267816Z   duration_ms: 4.82735
2026-10-08T22:14:29.6268190Z   type: 'test'
2026-10-08T22:14:29.6268536Z   ...
2026-10-08T22:14:29.6269000Z # Subtest: cpp corpus rejects private headers
2026-10-08T22:14:29.6269640Z ok 117 - cpp corpus rejects private headers
2026-10-08T22:14:29.6270123Z   ---
2026-10-08T22:14:29.6270464Z   duration_ms: 3.473668
2026-10-08T22:14:29.6270838Z   type: 'test'
2026-10-08T22:14:29.6271192Z   ...
2026-10-08T22:14:29.6271682Z # Subtest: cpp corpus rejects unchecked narrowing
2026-10-08T22:14:29.6272349Z ok 118 - cpp corpus rejects unchecked narrowing
2026-10-08T22:14:29.6272848Z   ---
2026-10-08T22:14:29.6273193Z   duration_ms: 4.132149
2026-10-08T22:14:29.6273601Z   type: 'test'
2026-10-08T22:14:29.6273939Z   ...
2026-10-08T22:14:29.6274403Z # Subtest: cpp corpus rejects missing CMake
2026-10-08T22:14:29.6275038Z ok 119 - cpp corpus rejects missing CMake
2026-10-08T22:14:29.6275505Z   ---
2026-10-08T22:14:29.6275850Z   duration_ms: 5.001034
2026-10-08T22:14:29.6276330Z   type: 'test'
2026-10-08T22:14:29.6276670Z   ...
2026-10-08T22:14:29.6277182Z # Subtest: cpp corpus rejects unexecuted integration
2026-10-08T22:14:29.6277880Z ok 120 - cpp corpus rejects unexecuted integration
2026-10-08T22:14:29.6278377Z   ---
2026-10-08T22:14:29.6278699Z   duration_ms: 3.528506
2026-10-08T22:14:29.6279069Z   type: 'test'
2026-10-08T22:14:29.6279393Z   ...
2026-10-08T22:14:29.6279854Z # Subtest: cpp corpus rejects nonlocal runtime
2026-10-08T22:14:29.6280481Z ok 121 - cpp corpus rejects nonlocal runtime
2026-10-08T22:14:29.6280967Z   ---
2026-10-08T22:14:29.6281285Z   duration_ms: 3.45546
2026-10-08T22:14:29.6281672Z   type: 'test'
2026-10-08T22:14:29.6282002Z   ...
2026-10-08T22:14:29.6282503Z # Subtest: cpp corpus rejects missing runtime library
2026-10-08T22:14:29.6283213Z ok 122 - cpp corpus rejects missing runtime library
2026-10-08T22:14:29.6283728Z   ---
2026-10-08T22:14:29.6284068Z   duration_ms: 5.86262
2026-10-08T22:14:29.6284440Z   type: 'test'
2026-10-08T22:14:29.6284789Z   ...
2026-10-08T22:14:29.6285300Z # Subtest: cpp corpus rejects wrong runtime rejection
2026-10-08T22:14:29.6286244Z ok 123 - cpp corpus rejects wrong runtime rejection
2026-10-08T22:14:29.6286721Z   ---
2026-10-08T22:14:29.6287023Z   duration_ms: 3.817757
2026-10-08T22:14:29.6287385Z   type: 'test'
2026-10-08T22:14:29.6287693Z   ...
2026-10-08T22:14:29.6288153Z # Subtest: cpp corpus rejects failed recovery
2026-10-08T22:14:29.6288753Z ok 124 - cpp corpus rejects failed recovery
2026-10-08T22:14:29.6289239Z   ---
2026-10-08T22:14:29.6289571Z   duration_ms: 3.859456
2026-10-08T22:14:29.6289974Z   type: 'test'
2026-10-08T22:14:29.6290321Z   ...
2026-10-08T22:14:29.6290846Z # Subtest: cpp corpus rejects missing error check
2026-10-08T22:14:29.6291572Z ok 125 - cpp corpus rejects missing error check
2026-10-08T22:14:29.6292101Z   ---
2026-10-08T22:14:29.6292667Z   duration_ms: 5.536578
2026-10-08T22:14:29.6293068Z   type: 'test'
2026-10-08T22:14:29.6293424Z   ...
2026-10-08T22:14:29.6294001Z # Subtest: cpp corpus rejects aliased record
2026-10-08T22:14:29.6294698Z ok 126 - cpp corpus rejects aliased record
2026-10-08T22:14:29.6295301Z   ---
2026-10-08T22:14:29.6295665Z   duration_ms: 1.867234
2026-10-08T22:14:29.6296237Z   type: 'test'
2026-10-08T22:14:29.6296594Z   ...
2026-10-08T22:14:29.6297174Z # Subtest: cpp corpus rejects unrelated compiler failure
2026-10-08T22:14:29.6297966Z ok 127 - cpp corpus rejects unrelated compiler failure
2026-10-08T22:14:29.6298536Z   ---
2026-10-08T22:14:29.6298886Z   duration_ms: 1.958927
2026-10-08T22:14:29.6299297Z   type: 'test'
2026-10-08T22:14:29.6299662Z   ...
2026-10-08T22:14:29.6300216Z # Subtest: cpp corpus rejects header compiler failure
2026-10-08T22:14:29.6300989Z ok 128 - cpp corpus rejects header compiler failure
2026-10-08T22:14:29.6301549Z   ---
2026-10-08T22:14:29.6301914Z   duration_ms: 1.929962
2026-10-08T22:14:29.6302331Z   type: 'test'
2026-10-08T22:14:29.6302702Z   ...
2026-10-08T22:14:29.6303248Z # Subtest: cpp corpus rejects changed rejected input
2026-10-08T22:14:29.6304025Z ok 129 - cpp corpus rejects changed rejected input
2026-10-08T22:14:29.6304588Z   ---
2026-10-08T22:14:29.6304969Z   duration_ms: 3.285407
2026-10-08T22:14:29.6305392Z   type: 'test'
2026-10-08T22:14:29.6305761Z   ...
2026-10-08T22:14:29.6306580Z # Subtest: .NET separates C\# type errors from executed public calls and recovery
2026-10-08T22:14:29.6307744Z ok 130 - .NET separates C\# type errors from executed public calls and recovery
2026-10-08T22:14:29.6308479Z   ---
2026-10-08T22:14:29.6308852Z   duration_ms: 111.840728
2026-10-08T22:14:29.6309304Z   type: 'test'
2026-10-08T22:14:29.6309675Z   ...
2026-10-08T22:14:29.6310371Z # Subtest: .NET requires source-located Roslyn diagnostics for the exact rejected input
2026-10-08T22:14:29.6311425Z ok 131 - .NET requires source-located Roslyn diagnostics for the exact rejected input
2026-10-08T22:14:29.6312118Z   ---
2026-10-08T22:14:29.6312496Z   duration_ms: 1.234471
2026-10-08T22:14:29.6312911Z   type: 'test'
2026-10-08T22:14:29.6313283Z   ...
2026-10-08T22:14:29.6313874Z # Subtest: .NET corpus rejects missing compiler evidence
2026-10-08T22:14:29.6314716Z ok 132 - .NET corpus rejects missing compiler evidence
2026-10-08T22:14:29.6315293Z   ---
2026-10-08T22:14:29.6315665Z   duration_ms: 2.019997
2026-10-08T22:14:29.6316294Z   type: 'test'
2026-10-08T22:14:29.6316671Z   ...
2026-10-08T22:14:29.6317073Z # Subtest: .NET corpus rejects wrong SDK
2026-10-08T22:14:29.6317578Z ok 133 - .NET corpus rejects wrong SDK
2026-10-08T22:14:29.6318018Z   ---
2026-10-08T22:14:29.6318339Z   duration_ms: 1.889748
2026-10-08T22:14:29.6318724Z   type: 'test'
2026-10-08T22:14:29.6319059Z   ...
2026-10-08T22:14:29.6319508Z # Subtest: .NET corpus rejects wrong runtime
2026-10-08T22:14:29.6320088Z ok 134 - .NET corpus rejects wrong runtime
2026-10-08T22:14:29.6320534Z   ---
2026-10-08T22:14:29.6320879Z   duration_ms: 1.855187
2026-10-08T22:14:29.6321258Z   type: 'test'
2026-10-08T22:14:29.6321589Z   ...
2026-10-08T22:14:29.6322055Z # Subtest: .NET corpus rejects wrong compiler
2026-10-08T22:14:29.6322684Z ok 135 - .NET corpus rejects wrong compiler
2026-10-08T22:14:29.6323154Z   ---
2026-10-08T22:14:29.6323487Z   duration_ms: 3.851813
2026-10-08T22:14:29.6323874Z   type: 'test'
2026-10-08T22:14:29.6324205Z   ...
2026-10-08T22:14:29.6324733Z # Subtest: .NET corpus rejects unchecked compiler flags
2026-10-08T22:14:29.6325463Z ok 136 - .NET corpus rejects unchecked compiler flags
2026-10-08T22:14:29.6326141Z   ---
2026-10-08T22:14:29.6326494Z   duration_ms: 2.722247
2026-10-08T22:14:29.6326892Z   type: 'test'
2026-10-08T22:14:29.6327222Z   ...
2026-10-08T22:14:29.6327684Z # Subtest: .NET corpus rejects unbound source
2026-10-08T22:14:29.6328308Z ok 137 - .NET corpus rejects unbound source
2026-10-08T22:14:29.6328780Z   ---
2026-10-08T22:14:29.6329122Z   duration_ms: 2.50524
2026-10-08T22:14:29.6329702Z   type: 'test'
2026-10-08T22:14:29.6330040Z   ...
2026-10-08T22:14:29.6330495Z # Subtest: .NET corpus rejects unchecked signatures
2026-10-08T22:14:29.6331178Z ok 138 - .NET corpus rejects unchecked signatures
2026-10-08T22:14:29.6331683Z   ---
2026-10-08T22:14:29.6332160Z   duration_ms: 2.555982
2026-10-08T22:14:29.6332553Z   type: 'test'
2026-10-08T22:14:29.6332878Z   ...
2026-10-08T22:14:29.6333363Z # Subtest: .NET corpus rejects wrong binding IR
2026-10-08T22:14:29.6333999Z ok 139 - .NET corpus rejects wrong binding IR
2026-10-08T22:14:29.6334485Z   ---
2026-10-08T22:14:29.6334816Z   duration_ms: 2.547984
2026-10-08T22:14:29.6335187Z   type: 'test'
2026-10-08T22:14:29.6335533Z   ...
2026-10-08T22:14:29.6336154Z # Subtest: .NET corpus rejects unhashed declarations
2026-10-08T22:14:29.6336851Z ok 140 - .NET corpus rejects unhashed declarations
2026-10-08T22:14:29.6337334Z   ---
2026-10-08T22:14:29.6337664Z   duration_ms: 2.893504
2026-10-08T22:14:29.6338021Z   type: 'test'
2026-10-08T22:14:29.6338349Z   ...
2026-10-08T22:14:29.6338820Z # Subtest: .NET corpus rejects unhashed package
2026-10-08T22:14:29.6339516Z ok 141 - .NET corpus rejects unhashed package
2026-10-08T22:14:29.6339991Z   ---
2026-10-08T22:14:29.6340309Z   duration_ms: 2.456017
2026-10-08T22:14:29.6340678Z   type: 'test'
2026-10-08T22:14:29.6341012Z   ...
2026-10-08T22:14:29.6341538Z # Subtest: .NET corpus rejects missing reference assembly
2026-10-08T22:14:29.6342264Z ok 142 - .NET corpus rejects missing reference assembly
2026-10-08T22:14:29.6342767Z   ---
2026-10-08T22:14:29.6343100Z   duration_ms: 2.732421
2026-10-08T22:14:29.6343459Z   type: 'test'
2026-10-08T22:14:29.6343767Z   ...
2026-10-08T22:14:29.6344191Z # Subtest: .NET corpus rejects private API
2026-10-08T22:14:29.6344851Z ok 143 - .NET corpus rejects private API
2026-10-08T22:14:29.6345310Z   ---
2026-10-08T22:14:29.6345623Z   duration_ms: 3.395054
2026-10-08T22:14:29.6346108Z   type: 'test'
2026-10-08T22:14:29.6346448Z   ...
2026-10-08T22:14:29.6346922Z # Subtest: .NET corpus rejects remaining sources
2026-10-08T22:14:29.6347593Z ok 144 - .NET corpus rejects remaining sources
2026-10-08T22:14:29.6348066Z   ---
2026-10-08T22:14:29.6348400Z   duration_ms: 5.109178
2026-10-08T22:14:29.6348776Z   type: 'test'
2026-10-08T22:14:29.6349110Z   ...
2026-10-08T22:14:29.6349605Z # Subtest: .NET corpus rejects warm package cache
2026-10-08T22:14:29.6350270Z ok 145 - .NET corpus rejects warm package cache
2026-10-08T22:14:29.6350765Z   ---
2026-10-08T22:14:29.6351092Z   duration_ms: 2.584588
2026-10-08T22:14:29.6351473Z   type: 'test'
2026-10-08T22:14:29.6351800Z   ...
2026-10-08T22:14:29.6352262Z # Subtest: .NET corpus rejects warm CLI home
2026-10-08T22:14:29.6352866Z ok 146 - .NET corpus rejects warm CLI home
2026-10-08T22:14:29.6353317Z   ---
2026-10-08T22:14:29.6353714Z   duration_ms: 2.404355
2026-10-08T22:14:29.6354101Z   type: 'test'
2026-10-08T22:14:29.6354434Z   ...
2026-10-08T22:14:29.6354900Z # Subtest: .NET corpus rejects online restore
2026-10-08T22:14:29.6355529Z ok 147 - .NET corpus rejects online restore
2026-10-08T22:14:29.6356296Z   ---
2026-10-08T22:14:29.6356653Z   duration_ms: 2.361976
2026-10-08T22:14:29.6357030Z   type: 'test'
2026-10-08T22:14:29.6357365Z   ...
2026-10-08T22:14:29.6357849Z # Subtest: .NET corpus rejects unlocked restore
2026-10-08T22:14:29.6358510Z ok 148 - .NET corpus rejects unlocked restore
2026-10-08T22:14:29.6359001Z   ---
2026-10-08T22:14:29.6359333Z   duration_ms: 3.490366
2026-10-08T22:14:29.6359718Z   type: 'test'
2026-10-08T22:14:29.6360047Z   ...
2026-10-08T22:14:29.6360593Z # Subtest: .NET corpus rejects compiler during execution
2026-10-08T22:14:29.6361328Z ok 149 - .NET corpus rejects compiler during execution
2026-10-08T22:14:29.6361843Z   ---
2026-10-08T22:14:29.6362185Z   duration_ms: 2.532061
2026-10-08T22:14:29.6362565Z   type: 'test'
2026-10-08T22:14:29.6362911Z   ...
2026-10-08T22:14:29.6363368Z # Subtest: .NET corpus rejects SDK at runtime
2026-10-08T22:14:29.6363947Z ok 150 - .NET corpus rejects SDK at runtime
2026-10-08T22:14:29.6364615Z   ---
2026-10-08T22:14:29.6364959Z   duration_ms: 2.625869
2026-10-08T22:14:29.6365343Z   type: 'test'
2026-10-08T22:14:29.6365660Z   ...
2026-10-08T22:14:29.6366458Z # Subtest: .NET corpus rejects missing native runtime
2026-10-08T22:14:29.6367250Z ok 151 - .NET corpus rejects missing native runtime
2026-10-08T22:14:29.6367762Z   ---
2026-10-08T22:14:29.6368087Z   duration_ms: 2.556136
2026-10-08T22:14:29.6368483Z   type: 'test'
2026-10-08T22:14:29.6368818Z   ...
2026-10-08T22:14:29.6369275Z # Subtest: .NET corpus rejects changed assembly
2026-10-08T22:14:29.6369924Z ok 152 - .NET corpus rejects changed assembly
2026-10-08T22:14:29.6370403Z   ---
2026-10-08T22:14:29.6370739Z   duration_ms: 3.96981
2026-10-08T22:14:29.6371116Z   type: 'test'
2026-10-08T22:14:29.6371463Z   ...
2026-10-08T22:14:29.6371940Z # Subtest: .NET corpus rejects wrong host binary
2026-10-08T22:14:29.6372609Z ok 153 - .NET corpus rejects wrong host binary
2026-10-08T22:14:29.6373091Z   ---
2026-10-08T22:14:29.6373432Z   duration_ms: 5.344292
2026-10-08T22:14:29.6373834Z   type: 'test'
2026-10-08T22:14:29.6374169Z   ...
2026-10-08T22:14:29.6374685Z # Subtest: .NET corpus rejects wrong loaded library
2026-10-08T22:14:29.6375374Z ok 154 - .NET corpus rejects wrong loaded library
2026-10-08T22:14:29.6375884Z   ---
2026-10-08T22:14:29.6376373Z   duration_ms: 3.943474
2026-10-08T22:14:29.6376757Z   type: 'test'
2026-10-08T22:14:29.6377102Z   ...
2026-10-08T22:14:29.6377587Z # Subtest: .NET corpus rejects wrong assembly path
2026-10-08T22:14:29.6378221Z ok 155 - .NET corpus rejects wrong assembly path
2026-10-08T22:14:29.6378714Z   ---
2026-10-08T22:14:29.6379059Z   duration_ms: 2.960318
2026-10-08T22:14:29.6379444Z   type: 'test'
2026-10-08T22:14:29.6379785Z   ...
2026-10-08T22:14:29.6380287Z # Subtest: .NET corpus rejects retained copied records
2026-10-08T22:14:29.6381000Z ok 156 - .NET corpus rejects retained copied records
2026-10-08T22:14:29.6381508Z   ---
2026-10-08T22:14:29.6381833Z   duration_ms: 2.512088
2026-10-08T22:14:29.6382212Z   type: 'test'
2026-10-08T22:14:29.6382544Z   ...
2026-10-08T22:14:29.6383052Z # Subtest: .NET corpus rejects missing runtime error
2026-10-08T22:14:29.6383744Z ok 157 - .NET corpus rejects missing runtime error
2026-10-08T22:14:29.6384245Z   ---
2026-10-08T22:14:29.6384591Z   duration_ms: 4.038157
2026-10-08T22:14:29.6384959Z   type: 'test'
2026-10-08T22:14:29.6385296Z   ...
2026-10-08T22:14:29.6385770Z # Subtest: .NET corpus rejects wrong runtime error
2026-10-08T22:14:29.6386600Z ok 158 - .NET corpus rejects wrong runtime error
2026-10-08T22:14:29.6387096Z   ---
2026-10-08T22:14:29.6387436Z   duration_ms: 3.549693
2026-10-08T22:14:29.6387816Z   type: 'test'
2026-10-08T22:14:29.6388148Z   ...
2026-10-08T22:14:29.6388648Z # Subtest: .NET corpus rejects failed error recovery
2026-10-08T22:14:29.6389323Z ok 159 - .NET corpus rejects failed error recovery
2026-10-08T22:14:29.6389821Z   ---
2026-10-08T22:14:29.6390147Z   duration_ms: 3.918866
2026-10-08T22:14:29.6390536Z   type: 'test'
2026-10-08T22:14:29.6390877Z   ...
2026-10-08T22:14:29.6391373Z # Subtest: .NET corpus rejects failed Nat recovery
2026-10-08T22:14:29.6392058Z ok 160 - .NET corpus rejects failed Nat recovery
2026-10-08T22:14:29.6392548Z   ---
2026-10-08T22:14:29.6392889Z   duration_ms: 1.588316
2026-10-08T22:14:29.6393280Z   type: 'test'
2026-10-08T22:14:29.6393617Z   ...
2026-10-08T22:14:29.6394143Z # Subtest: .NET corpus rejects unrelated compiler failure
2026-10-08T22:14:29.6394908Z ok 161 - .NET corpus rejects unrelated compiler failure
2026-10-08T22:14:29.6395434Z   ---
2026-10-08T22:14:29.6395772Z   duration_ms: 1.502875
2026-10-08T22:14:29.6396394Z   type: 'test'
2026-10-08T22:14:29.6396745Z   ...
2026-10-08T22:14:29.6397312Z # Subtest: .NET corpus rejects dependency compiler failure
2026-10-08T22:14:29.6398084Z ok 162 - .NET corpus rejects dependency compiler failure
2026-10-08T22:14:29.6398622Z   ---
2026-10-08T22:14:29.6398941Z   duration_ms: 2.565342
2026-10-08T22:14:29.6399296Z   type: 'test'
2026-10-08T22:14:29.6399618Z   ...
2026-10-08T22:14:29.6400288Z # Subtest: .NET corpus rejects missing diagnostic
2026-10-08T22:14:29.6400952Z ok 163 - .NET corpus rejects missing diagnostic
2026-10-08T22:14:29.6401449Z   ---
2026-10-08T22:14:29.6401793Z   duration_ms: 1.59535
2026-10-08T22:14:29.6402171Z   type: 'test'
2026-10-08T22:14:29.6402619Z   ...
2026-10-08T22:14:29.6403134Z # Subtest: .NET corpus rejects changed invalid source
2026-10-08T22:14:29.6403839Z ok 164 - .NET corpus rejects changed invalid source
2026-10-08T22:14:29.6404344Z   ---
2026-10-08T22:14:29.6404674Z   duration_ms: 1.494587
2026-10-08T22:14:29.6405070Z   type: 'test'
2026-10-08T22:14:29.6405412Z   ...
2026-10-08T22:14:29.6406339Z # Subtest: java corpus separates compiler errors, unsigned range checks and Lean results
2026-10-08T22:14:29.6407509Z ok 165 - java corpus separates compiler errors, unsigned range checks and Lean results
2026-10-08T22:14:29.6408235Z   ---
2026-10-08T22:14:29.6408575Z   duration_ms: 109.43631
2026-10-08T22:14:29.6408976Z   type: 'test'
2026-10-08T22:14:29.6409314Z   ...
2026-10-08T22:14:29.6409937Z # Subtest: java diagnostics bind rejection to the exact invalid call
2026-10-08T22:14:29.6410851Z ok 166 - java diagnostics bind rejection to the exact invalid call
2026-10-08T22:14:29.6411437Z   ---
2026-10-08T22:14:29.6411786Z   duration_ms: 1.146137
2026-10-08T22:14:29.6412167Z   type: 'test'
2026-10-08T22:14:29.6412517Z   ...
2026-10-08T22:14:29.6412983Z # Subtest: java corpus rejects missing evidence
2026-10-08T22:14:29.6413558Z ok 167 - java corpus rejects missing evidence
2026-10-08T22:14:29.6414050Z   ---
2026-10-08T22:14:29.6414394Z   duration_ms: 2.033954
2026-10-08T22:14:29.6414784Z   type: 'test'
2026-10-08T22:14:29.6415119Z   ...
2026-10-08T22:14:29.6415634Z # Subtest: java corpus rejects wrong JVM
2026-10-08T22:14:29.6416406Z ok 168 - java corpus rejects wrong JVM
2026-10-08T22:14:29.6416886Z   ---
2026-10-08T22:14:29.6417232Z   duration_ms: 4.253652
2026-10-08T22:14:29.6417607Z   type: 'test'
2026-10-08T22:14:29.6417933Z   ...
2026-10-08T22:14:29.6418410Z # Subtest: java corpus rejects wrong compiler
2026-10-08T22:14:29.6419043Z ok 169 - java corpus rejects wrong compiler
2026-10-08T22:14:29.6419522Z   ---
2026-10-08T22:14:29.6419850Z   duration_ms: 1.930499
2026-10-08T22:14:29.6420228Z   type: 'test'
2026-10-08T22:14:29.6420558Z   ...
2026-10-08T22:14:29.6420989Z # Subtest: java corpus rejects wrong Maven
2026-10-08T22:14:29.6421550Z ok 170 - java corpus rejects wrong Maven
2026-10-08T22:14:29.6422007Z   ---
2026-10-08T22:14:29.6422347Z   duration_ms: 1.726116
2026-10-08T22:14:29.6422734Z   type: 'test'
2026-10-08T22:14:29.6423069Z   ...
2026-10-08T22:14:29.6423582Z # Subtest: java corpus rejects missing compiler hash
2026-10-08T22:14:29.6424284Z ok 171 - java corpus rejects missing compiler hash
2026-10-08T22:14:29.6424793Z   ---
2026-10-08T22:14:29.6425128Z   duration_ms: 1.769277
2026-10-08T22:14:29.6425530Z   type: 'test'
2026-10-08T22:14:29.6425860Z   ...
2026-10-08T22:14:29.6426524Z # Subtest: java corpus rejects wrong consumer source
2026-10-08T22:14:29.6427230Z ok 172 - java corpus rejects wrong consumer source
2026-10-08T22:14:29.6427752Z   ---
2026-10-08T22:14:29.6428080Z   duration_ms: 2.505196
2026-10-08T22:14:29.6428475Z   type: 'test'
2026-10-08T22:14:29.6428821Z   ...
2026-10-08T22:14:29.6429299Z # Subtest: java corpus rejects wrong public signatures
2026-10-08T22:14:29.6430009Z ok 173 - java corpus rejects wrong public signatures
2026-10-08T22:14:29.6430521Z   ---
2026-10-08T22:14:29.6430855Z   duration_ms: 2.46457
2026-10-08T22:14:29.6431237Z   type: 'test'
2026-10-08T22:14:29.6431567Z   ...
2026-10-08T22:14:29.6432026Z # Subtest: java corpus rejects wrong binding IR
2026-10-08T22:14:29.6432651Z ok 174 - java corpus rejects wrong binding IR
2026-10-08T22:14:29.6433142Z   ---
2026-10-08T22:14:29.6433467Z   duration_ms: 3.645933
2026-10-08T22:14:29.6433863Z   type: 'test'
2026-10-08T22:14:29.6434193Z   ...
2026-10-08T22:14:29.6434627Z # Subtest: java corpus rejects wrong POM
2026-10-08T22:14:29.6435194Z ok 175 - java corpus rejects wrong POM
2026-10-08T22:14:29.6435826Z   ---
2026-10-08T22:14:29.6436298Z   duration_ms: 2.463441
2026-10-08T22:14:29.6436684Z   type: 'test'
2026-10-08T22:14:29.6437022Z   ...
2026-10-08T22:14:29.6437446Z # Subtest: java corpus rejects wrong JAR
2026-10-08T22:14:29.6438137Z ok 176 - java corpus rejects wrong JAR
2026-10-08T22:14:29.6438591Z   ---
2026-10-08T22:14:29.6438991Z   duration_ms: 2.487663
2026-10-08T22:14:29.6439364Z   type: 'test'
2026-10-08T22:14:29.6439673Z   ...
2026-10-08T22:14:29.6440121Z # Subtest: java corpus rejects ambient settings
2026-10-08T22:14:29.6440742Z ok 177 - java corpus rejects ambient settings
2026-10-08T22:14:29.6441226Z   ---
2026-10-08T22:14:29.6441551Z   duration_ms: 2.447918
2026-10-08T22:14:29.6441941Z   type: 'test'
2026-10-08T22:14:29.6442270Z   ...
2026-10-08T22:14:29.6442732Z # Subtest: java corpus rejects weakened compiler
2026-10-08T22:14:29.6443402Z ok 178 - java corpus rejects weakened compiler
2026-10-08T22:14:29.6443914Z   ---
2026-10-08T22:14:29.6444274Z   duration_ms: 4.463538
2026-10-08T22:14:29.6444649Z   type: 'test'
2026-10-08T22:14:29.6444989Z   ...
2026-10-08T22:14:29.6445447Z # Subtest: java corpus rejects ambient cache
2026-10-08T22:14:29.6446250Z ok 179 - java corpus rejects ambient cache
2026-10-08T22:14:29.6446720Z   ---
2026-10-08T22:14:29.6447076Z   duration_ms: 4.140003
2026-10-08T22:14:29.6447468Z   type: 'test'
2026-10-08T22:14:29.6447798Z   ...
2026-10-08T22:14:29.6448232Z # Subtest: java corpus rejects ambient home
2026-10-08T22:14:29.6448839Z ok 180 - java corpus rejects ambient home
2026-10-08T22:14:29.6449310Z   ---
2026-10-08T22:14:29.6449639Z   duration_ms: 4.253966
2026-10-08T22:14:29.6450003Z   type: 'test'
2026-10-08T22:14:29.6450285Z   ...
2026-10-08T22:14:29.6450687Z # Subtest: java corpus rejects online resolution
2026-10-08T22:14:29.6451270Z ok 181 - java corpus rejects online resolution
2026-10-08T22:14:29.6451737Z   ---
2026-10-08T22:14:29.6452073Z   duration_ms: 3.008345
2026-10-08T22:14:29.6452445Z   type: 'test'
2026-10-08T22:14:29.6452792Z   ...
2026-10-08T22:14:29.6453245Z # Subtest: java corpus rejects extra classpath
2026-10-08T22:14:29.6453868Z ok 182 - java corpus rejects extra classpath
2026-10-08T22:14:29.6454340Z   ---
2026-10-08T22:14:29.6454674Z   duration_ms: 4.079148
2026-10-08T22:14:29.6455066Z   type: 'test'
2026-10-08T22:14:29.6455396Z   ...
2026-10-08T22:14:29.6456113Z # Subtest: java corpus rejects missing resolved dependencies
2026-10-08T22:14:29.6456887Z ok 183 - java corpus rejects missing resolved dependencies
2026-10-08T22:14:29.6457322Z   ---
2026-10-08T22:14:29.6457512Z   duration_ms: 2.642174
2026-10-08T22:14:29.6457720Z   type: 'test'
2026-10-08T22:14:29.6457912Z   ...
2026-10-08T22:14:29.6458211Z # Subtest: java corpus rejects missing runtime dependency
2026-10-08T22:14:29.6458632Z ok 184 - java corpus rejects missing runtime dependency
2026-10-08T22:14:29.6458922Z   ---
2026-10-08T22:14:29.6459117Z   duration_ms: 2.553363
2026-10-08T22:14:29.6459331Z   type: 'test'
2026-10-08T22:14:29.6459517Z   ...
2026-10-08T22:14:29.6459844Z # Subtest: java corpus rejects duplicate runtime dependency
2026-10-08T22:14:29.6460272Z ok 185 - java corpus rejects duplicate runtime dependency
2026-10-08T22:14:29.6460577Z   ---
2026-10-08T22:14:29.6460761Z   duration_ms: 2.703823
2026-10-08T22:14:29.6460983Z   type: 'test'
2026-10-08T22:14:29.6461174Z   ...
2026-10-08T22:14:29.6461482Z # Subtest: java corpus rejects unlocked runtime dependency
2026-10-08T22:14:29.6461902Z ok 186 - java corpus rejects unlocked runtime dependency
2026-10-08T22:14:29.6462197Z   ---
2026-10-08T22:14:29.6462387Z   duration_ms: 3.713972
2026-10-08T22:14:29.6462601Z   type: 'test'
2026-10-08T22:14:29.6462796Z   ...
2026-10-08T22:14:29.6463089Z # Subtest: java corpus rejects changed resolved dependency
2026-10-08T22:14:29.6463506Z ok 187 - java corpus rejects changed resolved dependency
2026-10-08T22:14:29.6463800Z   ---
2026-10-08T22:14:29.6463988Z   duration_ms: 2.951512
2026-10-08T22:14:29.6464200Z   type: 'test'
2026-10-08T22:14:29.6464386Z   ...
2026-10-08T22:14:29.6464870Z # Subtest: java corpus rejects changed deployed dependency
2026-10-08T22:14:29.6465473Z ok 188 - java corpus rejects changed deployed dependency
2026-10-08T22:14:29.6466073Z   ---
2026-10-08T22:14:29.6466382Z   duration_ms: 2.909965
2026-10-08T22:14:29.6466942Z   type: 'test'
2026-10-08T22:14:29.6467284Z   ...
2026-10-08T22:14:29.6467811Z # Subtest: java corpus rejects wrong dependency size
2026-10-08T22:14:29.6468521Z ok 189 - java corpus rejects wrong dependency size
2026-10-08T22:14:29.6469040Z   ---
2026-10-08T22:14:29.6469390Z   duration_ms: 2.565195
2026-10-08T22:14:29.6469781Z   type: 'test'
2026-10-08T22:14:29.6470129Z   ...
2026-10-08T22:14:29.6470684Z # Subtest: java corpus rejects missing annotations dependency
2026-10-08T22:14:29.6471526Z ok 190 - java corpus rejects missing annotations dependency
2026-10-08T22:14:29.6472117Z   ---
2026-10-08T22:14:29.6472462Z   duration_ms: 5.477647
2026-10-08T22:14:29.6472856Z   type: 'test'
2026-10-08T22:14:29.6473204Z   ...
2026-10-08T22:14:29.6473822Z # Subtest: java corpus rejects undeclared deployed dependency
2026-10-08T22:14:29.6474647Z ok 191 - java corpus rejects undeclared deployed dependency
2026-10-08T22:14:29.6475219Z   ---
2026-10-08T22:14:29.6475560Z   duration_ms: 4.951736
2026-10-08T22:14:29.6476112Z   type: 'test'
2026-10-08T22:14:29.6476501Z   ...
2026-10-08T22:14:29.6477113Z # Subtest: java corpus rejects old standard library location
2026-10-08T22:14:29.6477898Z ok 192 - java corpus rejects old standard library location
2026-10-08T22:14:29.6478454Z   ---
2026-10-08T22:14:29.6478802Z   duration_ms: 2.612052
2026-10-08T22:14:29.6479207Z   type: 'test'
2026-10-08T22:14:29.6479629Z   ...
2026-10-08T22:14:29.6480548Z # Subtest: java corpus rejects compiler as runtime dependency
2026-10-08T22:14:29.6481521Z ok 193 - java corpus rejects compiler as runtime dependency
2026-10-08T22:14:29.6482233Z   ---
2026-10-08T22:14:29.6482744Z   duration_ms: 2.489204
2026-10-08T22:14:29.6483318Z   type: 'test'
2026-10-08T22:14:29.6483962Z   ...
2026-10-08T22:14:29.6503839Z # Subtest: java corpus rejects unsafe runtime dependency path
2026-10-08T22:14:29.6504702Z ok 194 - java corpus rejects unsafe runtime dependency path
2026-10-08T22:14:29.6505266Z   ---
2026-10-08T22:14:29.6505603Z   duration_ms: 2.535815
2026-10-08T22:14:29.6506150Z   type: 'test'
2026-10-08T22:14:29.6506510Z   ...
2026-10-08T22:14:29.6506987Z # Subtest: java corpus rejects runtime override
2026-10-08T22:14:29.6507638Z ok 195 - java corpus rejects runtime override
2026-10-08T22:14:29.6508114Z   ---
2026-10-08T22:14:29.6508468Z   duration_ms: 3.854472
2026-10-08T22:14:29.6508854Z   type: 'test'
2026-10-08T22:14:29.6509192Z   ...
2026-10-08T22:14:29.6509672Z # Subtest: java corpus rejects source tree present
2026-10-08T22:14:29.6510370Z ok 196 - java corpus rejects source tree present
2026-10-08T22:14:29.6510868Z   ---
2026-10-08T22:14:29.6511189Z   duration_ms: 2.428708
2026-10-08T22:14:29.6511574Z   type: 'test'
2026-10-08T22:14:29.6511901Z   ...
2026-10-08T22:14:29.6512435Z # Subtest: java corpus rejects compiler during execution
2026-10-08T22:14:29.6513184Z ok 197 - java corpus rejects compiler during execution
2026-10-08T22:14:29.6513689Z   ---
2026-10-08T22:14:29.6514000Z   duration_ms: 3.66835
2026-10-08T22:14:29.6514393Z   type: 'test'
2026-10-08T22:14:29.6514740Z   ...
2026-10-08T22:14:29.6515289Z # Subtest: java corpus rejects uncleared native extraction
2026-10-08T22:14:29.6516836Z ok 198 - java corpus rejects uncleared native extraction
2026-10-08T22:14:29.6517366Z   ---
2026-10-08T22:14:29.6517712Z   duration_ms: 3.317288
2026-10-08T22:14:29.6518102Z   type: 'test'
2026-10-08T22:14:29.6518445Z   ...
2026-10-08T22:14:29.6518917Z # Subtest: java corpus rejects single execution
2026-10-08T22:14:29.6519571Z ok 199 - java corpus rejects single execution
2026-10-08T22:14:29.6520057Z   ---
2026-10-08T22:14:29.6520388Z   duration_ms: 4.741652
2026-10-08T22:14:29.6520789Z   type: 'test'
2026-10-08T22:14:29.6521117Z   ...
2026-10-08T22:14:29.6521580Z # Subtest: java corpus rejects missing plugin
2026-10-08T22:14:29.6522418Z ok 200 - java corpus rejects missing plugin
2026-10-08T22:14:29.6522909Z   ---
2026-10-08T22:14:29.6523231Z   duration_ms: 2.78055
2026-10-08T22:14:29.6523610Z   type: 'test'
2026-10-08T22:14:29.6523953Z   ...
2026-10-08T22:14:29.6524516Z # Subtest: java corpus rejects mutable plugin
2026-10-08T22:14:29.6525147Z ok 201 - java corpus rejects mutable plugin
2026-10-08T22:14:29.6525621Z   ---
2026-10-08T22:14:29.6526215Z   duration_ms: 2.598861
2026-10-08T22:14:29.6526618Z   type: 'test'
2026-10-08T22:14:29.6526957Z   ...
2026-10-08T22:14:29.6527402Z # Subtest: java corpus rejects unbound plugin
2026-10-08T22:14:29.6528030Z ok 202 - java corpus rejects unbound plugin
2026-10-08T22:14:29.6528490Z   ---
2026-10-08T22:14:29.6528785Z   duration_ms: 2.517981
2026-10-08T22:14:29.6529136Z   type: 'test'
2026-10-08T22:14:29.6529443Z   ...
2026-10-08T22:14:29.6529934Z # Subtest: java corpus rejects unsafe plugin path
2026-10-08T22:14:29.6530605Z ok 203 - java corpus rejects unsafe plugin path
2026-10-08T22:14:29.6531106Z   ---
2026-10-08T22:14:29.6531441Z   duration_ms: 3.848553
2026-10-08T22:14:29.6531834Z   type: 'test'
2026-10-08T22:14:29.6532183Z   ...
2026-10-08T22:14:29.6532672Z # Subtest: java corpus rejects compiler at runtime
2026-10-08T22:14:29.6533362Z ok 204 - java corpus rejects compiler at runtime
2026-10-08T22:14:29.6533858Z   ---
2026-10-08T22:14:29.6534201Z   duration_ms: 2.804452
2026-10-08T22:14:29.6534576Z   type: 'test'
2026-10-08T22:14:29.6534916Z   ...
2026-10-08T22:14:29.6535417Z # Subtest: java corpus rejects extra runtime module
2026-10-08T22:14:29.6536235Z ok 205 - java corpus rejects extra runtime module
2026-10-08T22:14:29.6536755Z   ---
2026-10-08T22:14:29.6537089Z   duration_ms: 2.568137
2026-10-08T22:14:29.6537486Z   type: 'test'
2026-10-08T22:14:29.6537817Z   ...
2026-10-08T22:14:29.6538342Z # Subtest: java corpus rejects author source at runtime
2026-10-08T22:14:29.6539132Z ok 206 - java corpus rejects author source at runtime
2026-10-08T22:14:29.6539648Z   ---
2026-10-08T22:14:29.6539986Z   duration_ms: 3.889391
2026-10-08T22:14:29.6540384Z   type: 'test'
2026-10-08T22:14:29.6540711Z   ...
2026-10-08T22:14:29.6541167Z # Subtest: java corpus rejects wrong native binary
2026-10-08T22:14:29.6541811Z ok 207 - java corpus rejects wrong native binary
2026-10-08T22:14:29.6542299Z   ---
2026-10-08T22:14:29.6542635Z   duration_ms: 4.71455
2026-10-08T22:14:29.6543011Z   type: 'test'
2026-10-08T22:14:29.6543343Z   ...
2026-10-08T22:14:29.6543843Z # Subtest: java corpus rejects missing native runtime
2026-10-08T22:14:29.6544486Z ok 208 - java corpus rejects missing native runtime
2026-10-08T22:14:29.6544949Z   ---
2026-10-08T22:14:29.6545261Z   duration_ms: 2.635307
2026-10-08T22:14:29.6545653Z   type: 'test'
2026-10-08T22:14:29.6546114Z   ...
2026-10-08T22:14:29.6546646Z # Subtest: java corpus rejects multiple native roots
2026-10-08T22:14:29.6547355Z ok 209 - java corpus rejects multiple native roots
2026-10-08T22:14:29.6547872Z   ---
2026-10-08T22:14:29.6548195Z   duration_ms: 2.468759
2026-10-08T22:14:29.6548559Z   type: 'test'
2026-10-08T22:14:29.6548875Z   ...
2026-10-08T22:14:29.6549355Z # Subtest: java corpus rejects wrong public API path
2026-10-08T22:14:29.6550018Z ok 210 - java corpus rejects wrong public API path
2026-10-08T22:14:29.6550463Z   ---
2026-10-08T22:14:29.6550751Z   duration_ms: 2.504448
2026-10-08T22:14:29.6551102Z   type: 'test'
2026-10-08T22:14:29.6551427Z   ...
2026-10-08T22:14:29.6551924Z # Subtest: java corpus rejects missing runtime error
2026-10-08T22:14:29.6552623Z ok 211 - java corpus rejects missing runtime error
2026-10-08T22:14:29.6553112Z   ---
2026-10-08T22:14:29.6553441Z   duration_ms: 4.143898
2026-10-08T22:14:29.6553835Z   type: 'test'
2026-10-08T22:14:29.6554147Z   ...
2026-10-08T22:14:29.6554558Z # Subtest: java corpus rejects wrong runtime error
2026-10-08T22:14:29.6555147Z ok 212 - java corpus rejects wrong runtime error
2026-10-08T22:14:29.6555563Z   ---
2026-10-08T22:14:29.6555752Z   duration_ms: 3.326157
2026-10-08T22:14:29.6556380Z   type: 'test'
2026-10-08T22:14:29.6556583Z   ...
2026-10-08T22:14:29.6556846Z # Subtest: java corpus rejects failed recovery
2026-10-08T22:14:29.6557216Z ok 213 - java corpus rejects failed recovery
2026-10-08T22:14:29.6557486Z   ---
2026-10-08T22:14:29.6557745Z   duration_ms: 3.070326
2026-10-08T22:14:29.6557962Z   type: 'test'
2026-10-08T22:14:29.6558158Z   ...
2026-10-08T22:14:29.6558421Z # Subtest: java corpus rejects failed Nat recovery
2026-10-08T22:14:29.6558780Z ok 214 - java corpus rejects failed Nat recovery
2026-10-08T22:14:29.6559055Z   ---
2026-10-08T22:14:29.6559235Z   duration_ms: 1.506101
2026-10-08T22:14:29.6559459Z   type: 'test'
2026-10-08T22:14:29.6559646Z   ...
2026-10-08T22:14:29.6559926Z # Subtest: java corpus rejects unrelated compiler error
2026-10-08T22:14:29.6560321Z ok 215 - java corpus rejects unrelated compiler error
2026-10-08T22:14:29.6560614Z   ---
2026-10-08T22:14:29.6560794Z   duration_ms: 1.497568
2026-10-08T22:14:29.6561000Z   type: 'test'
2026-10-08T22:14:29.6561191Z   ...
2026-10-08T22:14:29.6561471Z # Subtest: java corpus rejects wrong diagnostic source
2026-10-08T22:14:29.6561861Z ok 216 - java corpus rejects wrong diagnostic source
2026-10-08T22:14:29.6562141Z   ---
2026-10-08T22:14:29.6562327Z   duration_ms: 1.490956
2026-10-08T22:14:29.6562541Z   type: 'test'
2026-10-08T22:14:29.6562727Z   ...
2026-10-08T22:14:29.6562994Z # Subtest: java corpus rejects missing diagnostic
2026-10-08T22:14:29.6563360Z ok 217 - java corpus rejects missing diagnostic
2026-10-08T22:14:29.6563637Z   ---
2026-10-08T22:14:29.6563818Z   duration_ms: 2.56229
2026-10-08T22:14:29.6564038Z   type: 'test'
2026-10-08T22:14:29.6564228Z   ...
2026-10-08T22:14:29.6564505Z # Subtest: java corpus rejects wrong invalid source
2026-10-08T22:14:29.6564875Z ok 218 - java corpus rejects wrong invalid source
2026-10-08T22:14:29.6565148Z   ---
2026-10-08T22:14:29.6565340Z   duration_ms: 1.440413
2026-10-08T22:14:29.6565548Z   type: 'test'
2026-10-08T22:14:29.6565741Z   ...
2026-10-08T22:14:29.6566419Z # Subtest: kotlin corpus separates compiler errors, unsigned range checks and Lean results
2026-10-08T22:14:29.6567474Z ok 219 - kotlin corpus separates compiler errors, unsigned range checks and Lean results
2026-10-08T22:14:29.6568138Z   ---
2026-10-08T22:14:29.6568494Z   duration_ms: 105.963074
2026-10-08T22:14:29.6568873Z   type: 'test'
2026-10-08T22:14:29.6569231Z   ...
2026-10-08T22:14:29.6569887Z # Subtest: kotlin diagnostics bind rejection to the exact invalid call
2026-10-08T22:14:29.6570844Z ok 220 - kotlin diagnostics bind rejection to the exact invalid call
2026-10-08T22:14:29.6571491Z   ---
2026-10-08T22:14:29.6571836Z   duration_ms: 0.927914
2026-10-08T22:14:29.6572239Z   type: 'test'
2026-10-08T22:14:29.6572583Z   ...
2026-10-08T22:14:29.6573094Z # Subtest: kotlin corpus rejects missing evidence
2026-10-08T22:14:29.6573773Z ok 221 - kotlin corpus rejects missing evidence
2026-10-08T22:14:29.6574294Z   ---
2026-10-08T22:14:29.6574645Z   duration_ms: 2.036726
2026-10-08T22:14:29.6575034Z   type: 'test'
2026-10-08T22:14:29.6575405Z   ...
2026-10-08T22:14:29.6575858Z # Subtest: kotlin corpus rejects wrong JVM
2026-10-08T22:14:29.6576652Z ok 222 - kotlin corpus rejects wrong JVM
2026-10-08T22:14:29.6577140Z   ---
2026-10-08T22:14:29.6577493Z   duration_ms: 1.83749
2026-10-08T22:14:29.6577919Z   type: 'test'
2026-10-08T22:14:29.6578258Z   ...
2026-10-08T22:14:29.6578736Z # Subtest: kotlin corpus rejects wrong compiler
2026-10-08T22:14:29.6579427Z ok 223 - kotlin corpus rejects wrong compiler
2026-10-08T22:14:29.6579963Z   ---
2026-10-08T22:14:29.6580310Z   duration_ms: 4.153799
2026-10-08T22:14:29.6580718Z   type: 'test'
2026-10-08T22:14:29.6581076Z   ...
2026-10-08T22:14:29.6581562Z # Subtest: kotlin corpus rejects wrong Maven
2026-10-08T22:14:29.6582197Z ok 224 - kotlin corpus rejects wrong Maven
2026-10-08T22:14:29.6582677Z   ---
2026-10-08T22:14:29.6583019Z   duration_ms: 1.758395
2026-10-08T22:14:29.6583405Z   type: 'test'
2026-10-08T22:14:29.6583767Z   ...
2026-10-08T22:14:29.6584312Z # Subtest: kotlin corpus rejects missing compiler hash
2026-10-08T22:14:29.6585272Z ok 225 - kotlin corpus rejects missing compiler hash
2026-10-08T22:14:29.6585832Z   ---
2026-10-08T22:14:29.6586336Z   duration_ms: 1.793829
2026-10-08T22:14:29.6586737Z   type: 'test'
2026-10-08T22:14:29.6587069Z   ...
2026-10-08T22:14:29.6587797Z # Subtest: kotlin corpus rejects wrong consumer source
2026-10-08T22:14:29.6588542Z ok 226 - kotlin corpus rejects wrong consumer source
2026-10-08T22:14:29.6589079Z   ---
2026-10-08T22:14:29.6589406Z   duration_ms: 2.52913
2026-10-08T22:14:29.6589802Z   type: 'test'
2026-10-08T22:14:29.6590161Z   ...
2026-10-08T22:14:29.6590703Z # Subtest: kotlin corpus rejects wrong public signatures
2026-10-08T22:14:29.6591466Z ok 227 - kotlin corpus rejects wrong public signatures
2026-10-08T22:14:29.6591987Z   ---
2026-10-08T22:14:29.6592336Z   duration_ms: 2.565559
2026-10-08T22:14:29.6592720Z   type: 'test'
2026-10-08T22:14:29.6593068Z   ...
2026-10-08T22:14:29.6593538Z # Subtest: kotlin corpus rejects wrong binding IR
2026-10-08T22:14:29.6594199Z ok 228 - kotlin corpus rejects wrong binding IR
2026-10-08T22:14:29.6594665Z   ---
2026-10-08T22:14:29.6594868Z   duration_ms: 3.783875
2026-10-08T22:14:29.6595096Z   type: 'test'
2026-10-08T22:14:29.6595285Z   ...
2026-10-08T22:14:29.6595544Z # Subtest: kotlin corpus rejects wrong POM
2026-10-08T22:14:29.6595874Z ok 229 - kotlin corpus rejects wrong POM
2026-10-08T22:14:29.6596376Z   ---
2026-10-08T22:14:29.6596563Z   duration_ms: 2.540689
2026-10-08T22:14:29.6596789Z   type: 'test'
2026-10-08T22:14:29.6596976Z   ...
2026-10-08T22:14:29.6597223Z # Subtest: kotlin corpus rejects wrong JAR
2026-10-08T22:14:29.6597557Z ok 230 - kotlin corpus rejects wrong JAR
2026-10-08T22:14:29.6597806Z   ---
2026-10-08T22:14:29.6597994Z   duration_ms: 2.546895
2026-10-08T22:14:29.6598208Z   type: 'test'
2026-10-08T22:14:29.6598399Z   ...
2026-10-08T22:14:29.6598662Z # Subtest: kotlin corpus rejects ambient settings
2026-10-08T22:14:29.6599035Z ok 231 - kotlin corpus rejects ambient settings
2026-10-08T22:14:29.6599315Z   ---
2026-10-08T22:14:29.6599498Z   duration_ms: 2.536551
2026-10-08T22:14:29.6599723Z   type: 'test'
2026-10-08T22:14:29.6599805Z   ...
2026-10-08T22:14:29.6599979Z # Subtest: kotlin corpus rejects weakened compiler
2026-10-08T22:14:29.6600155Z ok 232 - kotlin corpus rejects weakened compiler
2026-10-08T22:14:29.6600236Z   ---
2026-10-08T22:14:29.6600332Z   duration_ms: 3.786984
2026-10-08T22:14:29.6600416Z   type: 'test'
2026-10-08T22:14:29.6600502Z   ...
2026-10-08T22:14:29.6600672Z # Subtest: kotlin corpus rejects ambient cache
2026-10-08T22:14:29.6600829Z ok 233 - kotlin corpus rejects ambient cache
2026-10-08T22:14:29.6600912Z   ---
2026-10-08T22:14:29.6600997Z   duration_ms: 2.600257
2026-10-08T22:14:29.6601089Z   type: 'test'
2026-10-08T22:14:29.6601174Z   ...
2026-10-08T22:14:29.6601338Z # Subtest: kotlin corpus rejects ambient home
2026-10-08T22:14:29.6601485Z ok 234 - kotlin corpus rejects ambient home
2026-10-08T22:14:29.6601573Z   ---
2026-10-08T22:14:29.6601674Z   duration_ms: 3.845971
2026-10-08T22:14:29.6601762Z   type: 'test'
2026-10-08T22:14:29.6601838Z   ...
2026-10-08T22:14:29.6602019Z # Subtest: kotlin corpus rejects online resolution
2026-10-08T22:14:29.6602191Z ok 235 - kotlin corpus rejects online resolution
2026-10-08T22:14:29.6602280Z   ---
2026-10-08T22:14:29.6602374Z   duration_ms: 4.267477
2026-10-08T22:14:29.6602454Z   type: 'test'
2026-10-08T22:14:29.6602541Z   ...
2026-10-08T22:14:29.6602709Z # Subtest: kotlin corpus rejects extra classpath
2026-10-08T22:14:29.6602870Z ok 236 - kotlin corpus rejects extra classpath
2026-10-08T22:14:29.6602945Z   ---
2026-10-08T22:14:29.6603039Z   duration_ms: 5.786674
2026-10-08T22:14:29.6603125Z   type: 'test'
2026-10-08T22:14:29.6603208Z   ...
2026-10-08T22:14:29.6603424Z # Subtest: kotlin corpus rejects missing resolved dependencies
2026-10-08T22:14:29.6603636Z ok 237 - kotlin corpus rejects missing resolved dependencies
2026-10-08T22:14:29.6603717Z   ---
2026-10-08T22:14:29.6603812Z   duration_ms: 2.957888
2026-10-08T22:14:29.6604055Z   type: 'test'
2026-10-08T22:14:29.6604133Z   ...
2026-10-08T22:14:29.6604350Z # Subtest: kotlin corpus rejects missing runtime dependency
2026-10-08T22:14:29.6604551Z ok 238 - kotlin corpus rejects missing runtime dependency
2026-10-08T22:14:29.6604635Z   ---
2026-10-08T22:14:29.6604784Z   duration_ms: 2.521552
2026-10-08T22:14:29.6604876Z   type: 'test'
2026-10-08T22:14:29.6604960Z   ...
2026-10-08T22:14:29.6605180Z # Subtest: kotlin corpus rejects duplicate runtime dependency
2026-10-08T22:14:29.6605380Z ok 239 - kotlin corpus rejects duplicate runtime dependency
2026-10-08T22:14:29.6605465Z   ---
2026-10-08T22:14:29.6605556Z   duration_ms: 2.540419
2026-10-08T22:14:29.6605644Z   type: 'test'
2026-10-08T22:14:29.6605723Z   ...
2026-10-08T22:14:29.6605929Z # Subtest: kotlin corpus rejects unlocked runtime dependency
2026-10-08T22:14:29.6606332Z ok 240 - kotlin corpus rejects unlocked runtime dependency
2026-10-08T22:14:29.6606417Z   ---
2026-10-08T22:14:29.6606515Z   duration_ms: 2.573568
2026-10-08T22:14:29.6606601Z   type: 'test'
2026-10-08T22:14:29.6606687Z   ...
2026-10-08T22:14:29.6606909Z # Subtest: kotlin corpus rejects changed resolved dependency
2026-10-08T22:14:29.6607114Z ok 241 - kotlin corpus rejects changed resolved dependency
2026-10-08T22:14:29.6607200Z   ---
2026-10-08T22:14:29.6607295Z   duration_ms: 3.742262
2026-10-08T22:14:29.6607386Z   type: 'test'
2026-10-08T22:14:29.6607469Z   ...
2026-10-08T22:14:29.6607687Z # Subtest: kotlin corpus rejects changed deployed dependency
2026-10-08T22:14:29.6607993Z ok 242 - kotlin corpus rejects changed deployed dependency
2026-10-08T22:14:29.6626894Z   ---
2026-10-08T22:14:29.6633825Z   duration_ms: 2.529879
2026-10-08T22:14:29.6634165Z   type: 'test'
2026-10-08T22:14:29.6634308Z   ...
2026-10-08T22:14:29.6687069Z # Subtest: kotlin corpus rejects wrong dependency size
2026-10-08T22:14:29.6696934Z ok 243 - kotlin corpus rejects wrong dependency size
2026-10-08T22:14:29.6706935Z   ---
2026-10-08T22:14:29.6707514Z   duration_ms: 2.500499
2026-10-08T22:14:29.6707815Z   type: 'test'
2026-10-08T22:14:29.6707966Z   ...
2026-10-08T22:14:29.6708454Z # Subtest: kotlin corpus rejects missing annotations dependency
2026-10-08T22:14:29.6708890Z ok 244 - kotlin corpus rejects missing annotations dependency
2026-10-08T22:14:29.6709047Z   ---
2026-10-08T22:14:29.6709220Z   duration_ms: 2.510279
2026-10-08T22:14:29.6709374Z   type: 'test'
2026-10-08T22:14:29.6709528Z   ...
2026-10-08T22:14:29.6709972Z # Subtest: kotlin corpus rejects undeclared deployed dependency
2026-10-08T22:14:29.6710400Z ok 245 - kotlin corpus rejects undeclared deployed dependency
2026-10-08T22:14:29.6710552Z   ---
2026-10-08T22:14:29.6710710Z   duration_ms: 4.134304
2026-10-08T22:14:29.6710833Z   type: 'test'
2026-10-08T22:14:29.6710952Z   ...
2026-10-08T22:14:29.6711282Z # Subtest: kotlin corpus rejects old standard library location
2026-10-08T22:14:29.6711639Z ok 246 - kotlin corpus rejects old standard library location
2026-10-08T22:14:29.6711786Z   ---
2026-10-08T22:14:29.6711965Z   duration_ms: 2.635872
2026-10-08T22:14:29.6712126Z   type: 'test'
2026-10-08T22:14:29.6712265Z   ...
2026-10-08T22:14:29.6712651Z # Subtest: kotlin corpus rejects compiler as runtime dependency
2026-10-08T22:14:29.6713057Z ok 247 - kotlin corpus rejects compiler as runtime dependency
2026-10-08T22:14:29.6713205Z   ---
2026-10-08T22:14:29.6713367Z   duration_ms: 2.528162
2026-10-08T22:14:29.6713524Z   type: 'test'
2026-10-08T22:14:29.6713665Z   ...
2026-10-08T22:14:29.6714085Z # Subtest: kotlin corpus rejects unsafe runtime dependency path
2026-10-08T22:14:29.6714497Z ok 248 - kotlin corpus rejects unsafe runtime dependency path
2026-10-08T22:14:29.6714658Z   ---
2026-10-08T22:14:29.6714834Z   duration_ms: 2.629615
2026-10-08T22:14:29.6714992Z   type: 'test'
2026-10-08T22:14:29.6715133Z   ...
2026-10-08T22:14:29.6715471Z # Subtest: kotlin corpus rejects runtime override
2026-10-08T22:14:29.6715791Z ok 249 - kotlin corpus rejects runtime override
2026-10-08T22:14:29.6715929Z   ---
2026-10-08T22:14:29.6716501Z   duration_ms: 3.65074
2026-10-08T22:14:29.6716666Z   type: 'test'
2026-10-08T22:14:29.6716814Z   ...
2026-10-08T22:14:29.6717163Z # Subtest: kotlin corpus rejects source tree present
2026-10-08T22:14:29.6717491Z ok 250 - kotlin corpus rejects source tree present
2026-10-08T22:14:29.6717745Z   ---
2026-10-08T22:14:29.6717915Z   duration_ms: 2.522223
2026-10-08T22:14:29.6718066Z   type: 'test'
2026-10-08T22:14:29.6718204Z   ...
2026-10-08T22:14:29.6718632Z # Subtest: kotlin corpus rejects compiler during execution
2026-10-08T22:14:29.6719042Z ok 251 - kotlin corpus rejects compiler during execution
2026-10-08T22:14:29.6719201Z   ---
2026-10-08T22:14:29.6719378Z   duration_ms: 2.509426
2026-10-08T22:14:29.6719553Z   type: 'test'
2026-10-08T22:14:29.6719715Z   ...
2026-10-08T22:14:29.6720154Z # Subtest: kotlin corpus rejects uncleared native extraction
2026-10-08T22:14:29.6720576Z ok 252 - kotlin corpus rejects uncleared native extraction
2026-10-08T22:14:29.6720727Z   ---
2026-10-08T22:14:29.6720915Z   duration_ms: 2.451549
2026-10-08T22:14:29.6721085Z   type: 'test'
2026-10-08T22:14:29.6721240Z   ...
2026-10-08T22:14:29.6721588Z # Subtest: kotlin corpus rejects single execution
2026-10-08T22:14:29.6721938Z ok 253 - kotlin corpus rejects single execution
2026-10-08T22:14:29.6722106Z   ---
2026-10-08T22:14:29.6722288Z   duration_ms: 4.822638
2026-10-08T22:14:29.6722455Z   type: 'test'
2026-10-08T22:14:29.6722619Z   ...
2026-10-08T22:14:29.6722987Z # Subtest: kotlin corpus rejects missing plugin
2026-10-08T22:14:29.6723323Z ok 254 - kotlin corpus rejects missing plugin
2026-10-08T22:14:29.6723483Z   ---
2026-10-08T22:14:29.6723662Z   duration_ms: 3.000998
2026-10-08T22:14:29.6723843Z   type: 'test'
2026-10-08T22:14:29.6724012Z   ...
2026-10-08T22:14:29.6724363Z # Subtest: kotlin corpus rejects mutable plugin
2026-10-08T22:14:29.6724625Z ok 255 - kotlin corpus rejects mutable plugin
2026-10-08T22:14:29.6724755Z   ---
2026-10-08T22:14:29.6724900Z   duration_ms: 2.653066
2026-10-08T22:14:29.6725036Z   type: 'test'
2026-10-08T22:14:29.6725162Z   ...
2026-10-08T22:14:29.6725438Z # Subtest: kotlin corpus rejects unbound plugin
2026-10-08T22:14:29.6725687Z ok 256 - kotlin corpus rejects unbound plugin
2026-10-08T22:14:29.6725806Z   ---
2026-10-08T22:14:29.6726105Z   duration_ms: 2.530751
2026-10-08T22:14:29.6726252Z   type: 'test'
2026-10-08T22:14:29.6726395Z   ...
2026-10-08T22:14:29.6726757Z # Subtest: kotlin corpus rejects unsafe plugin path
2026-10-08T22:14:29.6727109Z ok 257 - kotlin corpus rejects unsafe plugin path
2026-10-08T22:14:29.6727261Z   ---
2026-10-08T22:14:29.6727431Z   duration_ms: 3.84142
2026-10-08T22:14:29.6727599Z   type: 'test'
2026-10-08T22:14:29.6727750Z   ...
2026-10-08T22:14:29.6728116Z # Subtest: kotlin corpus rejects compiler at runtime
2026-10-08T22:14:29.6728467Z ok 258 - kotlin corpus rejects compiler at runtime
2026-10-08T22:14:29.6728622Z   ---
2026-10-08T22:14:29.6728802Z   duration_ms: 2.746228
2026-10-08T22:14:29.6728967Z   type: 'test'
2026-10-08T22:14:29.6729109Z   ...
2026-10-08T22:14:29.6729483Z # Subtest: kotlin corpus rejects extra runtime module
2026-10-08T22:14:29.6729846Z ok 259 - kotlin corpus rejects extra runtime module
2026-10-08T22:14:29.6730004Z   ---
2026-10-08T22:14:29.6730179Z   duration_ms: 2.680111
2026-10-08T22:14:29.6730353Z   type: 'test'
2026-10-08T22:14:29.6730510Z   ...
2026-10-08T22:14:29.6730916Z # Subtest: kotlin corpus rejects author source at runtime
2026-10-08T22:14:29.6731292Z ok 260 - kotlin corpus rejects author source at runtime
2026-10-08T22:14:29.6731448Z   ---
2026-10-08T22:14:29.6731623Z   duration_ms: 3.027897
2026-10-08T22:14:29.6731790Z   type: 'test'
2026-10-08T22:14:29.6731946Z   ...
2026-10-08T22:14:29.6732303Z # Subtest: kotlin corpus rejects wrong native binary
2026-10-08T22:14:29.6732653Z ok 261 - kotlin corpus rejects wrong native binary
2026-10-08T22:14:29.6732810Z   ---
2026-10-08T22:14:29.6732993Z   duration_ms: 3.787178
2026-10-08T22:14:29.6733132Z   type: 'test'
2026-10-08T22:14:29.6733261Z   ...
2026-10-08T22:14:29.6733795Z # Subtest: kotlin corpus rejects missing native runtime
2026-10-08T22:14:29.6734132Z ok 262 - kotlin corpus rejects missing native runtime
2026-10-08T22:14:29.6734268Z   ---
2026-10-08T22:14:29.6734437Z   duration_ms: 2.640654
2026-10-08T22:14:29.6734596Z   type: 'test'
2026-10-08T22:14:29.6734849Z   ...
2026-10-08T22:14:29.6735224Z # Subtest: kotlin corpus rejects multiple native roots
2026-10-08T22:14:29.6735540Z ok 263 - kotlin corpus rejects multiple native roots
2026-10-08T22:14:29.6735678Z   ---
2026-10-08T22:14:29.6735845Z   duration_ms: 2.501464
2026-10-08T22:14:29.6736133Z   type: 'test'
2026-10-08T22:14:29.6736287Z   ...
2026-10-08T22:14:29.6736649Z # Subtest: kotlin corpus rejects wrong public API path
2026-10-08T22:14:29.6736993Z ok 264 - kotlin corpus rejects wrong public API path
2026-10-08T22:14:29.6737144Z   ---
2026-10-08T22:14:29.6737297Z   duration_ms: 2.512025
2026-10-08T22:14:29.6737459Z   type: 'test'
2026-10-08T22:14:29.6737605Z   ...
2026-10-08T22:14:29.6737960Z # Subtest: kotlin corpus rejects missing runtime error
2026-10-08T22:14:29.6738309Z ok 265 - kotlin corpus rejects missing runtime error
2026-10-08T22:14:29.6738447Z   ---
2026-10-08T22:14:29.6738614Z   duration_ms: 4.036324
2026-10-08T22:14:29.6738765Z   type: 'test'
2026-10-08T22:14:29.6738913Z   ...
2026-10-08T22:14:29.6739254Z # Subtest: kotlin corpus rejects wrong runtime error
2026-10-08T22:14:29.6739576Z ok 266 - kotlin corpus rejects wrong runtime error
2026-10-08T22:14:29.6739723Z   ---
2026-10-08T22:14:29.6739896Z   duration_ms: 3.653266
2026-10-08T22:14:29.6740043Z   type: 'test'
2026-10-08T22:14:29.6740192Z   ...
2026-10-08T22:14:29.6740508Z # Subtest: kotlin corpus rejects failed recovery
2026-10-08T22:14:29.6740823Z ok 267 - kotlin corpus rejects failed recovery
2026-10-08T22:14:29.6740969Z   ---
2026-10-08T22:14:29.6741131Z   duration_ms: 4.997178
2026-10-08T22:14:29.6741283Z   type: 'test'
2026-10-08T22:14:29.6741426Z   ...
2026-10-08T22:14:29.6741806Z # Subtest: kotlin corpus rejects failed Nat recovery
2026-10-08T22:14:29.6742145Z ok 268 - kotlin corpus rejects failed Nat recovery
2026-10-08T22:14:29.6742291Z   ---
2026-10-08T22:14:29.6742461Z   duration_ms: 2.429728
2026-10-08T22:14:29.6742616Z   type: 'test'
2026-10-08T22:14:29.6742758Z   ...
2026-10-08T22:14:29.6743157Z # Subtest: kotlin corpus rejects unrelated compiler error
2026-10-08T22:14:29.6743512Z ok 269 - kotlin corpus rejects unrelated compiler error
2026-10-08T22:14:29.6743669Z   ---
2026-10-08T22:14:29.6743839Z   duration_ms: 2.378744
2026-10-08T22:14:29.6743992Z   type: 'test'
2026-10-08T22:14:29.6744130Z   ...
2026-10-08T22:14:29.6744517Z # Subtest: kotlin corpus rejects wrong diagnostic source
2026-10-08T22:14:29.6744871Z ok 270 - kotlin corpus rejects wrong diagnostic source
2026-10-08T22:14:29.6745000Z   ---
2026-10-08T22:14:29.6745166Z   duration_ms: 1.764236
2026-10-08T22:14:29.6745326Z   type: 'test'
2026-10-08T22:14:29.6745476Z   ...
2026-10-08T22:14:29.6745804Z # Subtest: kotlin corpus rejects missing diagnostic
2026-10-08T22:14:29.6746245Z ok 271 - kotlin corpus rejects missing diagnostic
2026-10-08T22:14:29.6746406Z   ---
2026-10-08T22:14:29.6746583Z   duration_ms: 2.870048
2026-10-08T22:14:29.6746741Z   type: 'test'
2026-10-08T22:14:29.6746876Z   ...
2026-10-08T22:14:29.6747224Z # Subtest: kotlin corpus rejects wrong invalid source
2026-10-08T22:14:29.6747563Z ok 272 - kotlin corpus rejects wrong invalid source
2026-10-08T22:14:29.6747712Z   ---
2026-10-08T22:14:29.6747869Z   duration_ms: 1.475307
2026-10-08T22:14:29.6748026Z   type: 'test'
2026-10-08T22:14:29.6748177Z   ...
2026-10-08T22:14:29.6748539Z # Subtest: Kotlin corpus rejects wrong Kotlin compiler
2026-10-08T22:14:29.6748874Z ok 273 - Kotlin corpus rejects wrong Kotlin compiler
2026-10-08T22:14:29.6749023Z   ---
2026-10-08T22:14:29.6749199Z   duration_ms: 3.466446
2026-10-08T22:14:29.6749352Z   type: 'test'
2026-10-08T22:14:29.6749497Z   ...
2026-10-08T22:14:29.6749850Z # Subtest: Kotlin corpus rejects missing Kotlin compiler
2026-10-08T22:14:29.6750209Z ok 274 - Kotlin corpus rejects missing Kotlin compiler
2026-10-08T22:14:29.6750522Z   ---
2026-10-08T22:14:29.6750687Z   duration_ms: 2.761682
2026-10-08T22:14:29.6750830Z   type: 'test'
2026-10-08T22:14:29.6750975Z   ...
2026-10-08T22:14:29.6751351Z # Subtest: Kotlin corpus rejects changed standard library
2026-10-08T22:14:29.6751817Z ok 275 - Kotlin corpus rejects changed standard library
2026-10-08T22:14:29.6751964Z   ---
2026-10-08T22:14:29.6752134Z   duration_ms: 2.584626
2026-10-08T22:14:29.6752292Z   type: 'test'
2026-10-08T22:14:29.6752427Z   ...
2026-10-08T22:14:29.6752782Z # Subtest: Kotlin corpus rejects wrong Kotlin version
2026-10-08T22:14:29.6753111Z ok 276 - Kotlin corpus rejects wrong Kotlin version
2026-10-08T22:14:29.6753259Z   ---
2026-10-08T22:14:29.6753435Z   duration_ms: 2.57754
2026-10-08T22:14:29.6753587Z   type: 'test'
2026-10-08T22:14:29.6753727Z   ...
2026-10-08T22:14:29.6754376Z # Subtest: PHP corpus binds separate weak and strict public callers to the same fresh oracle
2026-10-08T22:14:29.6755000Z ok 277 - PHP corpus binds separate weak and strict public callers to the same fresh oracle
2026-10-08T22:14:29.6755153Z   ---
2026-10-08T22:14:29.6755329Z   duration_ms: 116.948103
2026-10-08T22:14:29.6755480Z   type: 'test'
2026-10-08T22:14:29.6755620Z   ...
2026-10-08T22:14:29.6755944Z # Subtest: PHP corpus rejects missing evidence
2026-10-08T22:14:29.6756558Z ok 278 - PHP corpus rejects missing evidence
2026-10-08T22:14:29.6756696Z   ---
2026-10-08T22:14:29.6756862Z   duration_ms: 8.235
2026-10-08T22:14:29.6757011Z   type: 'test'
2026-10-08T22:14:29.6757275Z   ...
2026-10-08T22:14:29.6757559Z # Subtest: PHP corpus rejects unsupported PHP
2026-10-08T22:14:29.6757849Z ok 279 - PHP corpus rejects unsupported PHP
2026-10-08T22:14:29.6757992Z   ---
2026-10-08T22:14:29.6758156Z   duration_ms: 3.693575
2026-10-08T22:14:29.6758312Z   type: 'test'
2026-10-08T22:14:29.6758451Z   ...
2026-10-08T22:14:29.6758706Z # Subtest: PHP corpus rejects wrong Composer
2026-10-08T22:14:29.6759009Z ok 280 - PHP corpus rejects wrong Composer
2026-10-08T22:14:29.6759176Z   ---
2026-10-08T22:14:29.6759357Z   duration_ms: 3.695412
2026-10-08T22:14:29.6759495Z   type: 'test'
2026-10-08T22:14:29.6759616Z   ...
2026-10-08T22:14:29.6759786Z # Subtest: PHP corpus rejects unhashed host
2026-10-08T22:14:29.6759945Z ok 281 - PHP corpus rejects unhashed host
2026-10-08T22:14:29.6760034Z   ---
2026-10-08T22:14:29.6760132Z   duration_ms: 3.577887
2026-10-08T22:14:29.6760223Z   type: 'test'
2026-10-08T22:14:29.6760310Z   ...
2026-10-08T22:14:29.6760495Z # Subtest: PHP corpus rejects unidentified Composer
2026-10-08T22:14:29.6760669Z ok 282 - PHP corpus rejects unidentified Composer
2026-10-08T22:14:29.6760754Z   ---
2026-10-08T22:14:29.6760851Z   duration_ms: 5.091935
2026-10-08T22:14:29.6760930Z   type: 'test'
2026-10-08T22:14:29.6761012Z   ...
2026-10-08T22:14:29.6761188Z # Subtest: PHP corpus rejects project tool code
2026-10-08T22:14:29.6761348Z ok 283 - PHP corpus rejects project tool code
2026-10-08T22:14:29.6761424Z   ---
2026-10-08T22:14:29.6761517Z   duration_ms: 5.364346
2026-10-08T22:14:29.6761612Z   type: 'test'
2026-10-08T22:14:29.6761694Z   ...
2026-10-08T22:14:29.6761868Z # Subtest: PHP corpus rejects unbound Composer maps
2026-10-08T22:14:29.6762045Z ok 284 - PHP corpus rejects unbound Composer maps
2026-10-08T22:14:29.6762130Z   ---
2026-10-08T22:14:29.6762231Z   duration_ms: 8.885752
2026-10-08T22:14:29.6762320Z   type: 'test'
2026-10-08T22:14:29.6762396Z   ...
2026-10-08T22:14:29.6762618Z # Subtest: PHP corpus rejects unrelated Composer-loaded file
2026-10-08T22:14:29.6762827Z ok 285 - PHP corpus rejects unrelated Composer-loaded file
2026-10-08T22:14:29.6762908Z   ---
2026-10-08T22:14:29.6762995Z   duration_ms: 5.319313
2026-10-08T22:14:29.6763083Z   type: 'test'
2026-10-08T22:14:29.6763166Z   ...
2026-10-08T22:14:29.6763343Z # Subtest: PHP corpus rejects changed Composer map
2026-10-08T22:14:29.6763518Z ok 286 - PHP corpus rejects changed Composer map
2026-10-08T22:14:29.6763593Z   ---
2026-10-08T22:14:29.6763685Z   duration_ms: 5.249878
2026-10-08T22:14:29.6763912Z   type: 'test'
2026-10-08T22:14:29.6763994Z   ...
2026-10-08T22:14:29.6764149Z # Subtest: PHP corpus rejects unbound probe
2026-10-08T22:14:29.6764306Z ok 287 - PHP corpus rejects unbound probe
2026-10-08T22:14:29.6764391Z   ---
2026-10-08T22:14:29.6764545Z   duration_ms: 3.488999
2026-10-08T22:14:29.6764630Z   type: 'test'
2026-10-08T22:14:29.6764712Z   ...
2026-10-08T22:14:29.6764873Z # Subtest: PHP corpus rejects changed request
2026-10-08T22:14:29.6765029Z ok 288 - PHP corpus rejects changed request
2026-10-08T22:14:29.6765104Z   ---
2026-10-08T22:14:29.6765198Z   duration_ms: 4.189211
2026-10-08T22:14:29.6765289Z   type: 'test'
2026-10-08T22:14:29.6765370Z   ...
2026-10-08T22:14:29.6765527Z # Subtest: PHP corpus rejects changed source
2026-10-08T22:14:29.6765672Z ok 289 - PHP corpus rejects changed source
2026-10-08T22:14:29.6765754Z   ---
2026-10-08T22:14:29.6765847Z   duration_ms: 6.370636
2026-10-08T22:14:29.6765936Z   type: 'test'
2026-10-08T22:14:29.6766210Z   ...
2026-10-08T22:14:29.6766532Z # Subtest: PHP corpus rejects wrong binding IR
2026-10-08T22:14:29.6766816Z ok 290 - PHP corpus rejects wrong binding IR
2026-10-08T22:14:29.6766940Z   ---
2026-10-08T22:14:29.6767041Z   duration_ms: 4.252741
2026-10-08T22:14:29.6767133Z   type: 'test'
2026-10-08T22:14:29.6767219Z   ...
2026-10-08T22:14:29.6767372Z # Subtest: PHP corpus rejects wrong archive
2026-10-08T22:14:29.6767521Z ok 291 - PHP corpus rejects wrong archive
2026-10-08T22:14:29.6767598Z   ---
2026-10-08T22:14:29.6767695Z   duration_ms: 6.560047
2026-10-08T22:14:29.6767785Z   type: 'test'
2026-10-08T22:14:29.6767869Z   ...
2026-10-08T22:14:29.6768011Z # Subtest: PHP corpus rejects ambient INI
2026-10-08T22:14:29.6768160Z ok 292 - PHP corpus rejects ambient INI
2026-10-08T22:14:29.6768247Z   ---
2026-10-08T22:14:29.6768343Z   duration_ms: 5.476139
2026-10-08T22:14:29.6768425Z   type: 'test'
2026-10-08T22:14:29.6768508Z   ...
2026-10-08T22:14:29.6768686Z # Subtest: PHP corpus rejects runtime auto prepend
2026-10-08T22:14:29.6768864Z ok 293 - PHP corpus rejects runtime auto prepend
2026-10-08T22:14:29.6768951Z   ---
2026-10-08T22:14:29.6769041Z   duration_ms: 5.455923
2026-10-08T22:14:29.6769129Z   type: 'test'
2026-10-08T22:14:29.6769210Z   ...
2026-10-08T22:14:29.6769378Z # Subtest: PHP corpus rejects extra extension
2026-10-08T22:14:29.6769524Z ok 294 - PHP corpus rejects extra extension
2026-10-08T22:14:29.6769606Z   ---
2026-10-08T22:14:29.6769703Z   duration_ms: 5.182943
2026-10-08T22:14:29.6769789Z   type: 'test'
2026-10-08T22:14:29.6769866Z   ...
2026-10-08T22:14:29.6770032Z # Subtest: PHP corpus rejects unbound receipt
2026-10-08T22:14:29.6770185Z ok 295 - PHP corpus rejects unbound receipt
2026-10-08T22:14:29.6770271Z   ---
2026-10-08T22:14:29.6770356Z   duration_ms: 5.011584
2026-10-08T22:14:29.6770448Z   type: 'test'
2026-10-08T22:14:29.6770542Z   ...
2026-10-08T22:14:29.6770719Z # Subtest: PHP corpus rejects extra locked package
2026-10-08T22:14:29.6770886Z ok 296 - PHP corpus rejects extra locked package
2026-10-08T22:14:29.6770965Z   ---
2026-10-08T22:14:29.6771057Z   duration_ms: 4.634123
2026-10-08T22:14:29.6771146Z   type: 'test'
2026-10-08T22:14:29.6771227Z   ...
2026-10-08T22:14:29.6771420Z # Subtest: PHP corpus rejects changed integer dependency
2026-10-08T22:14:29.6771612Z ok 297 - PHP corpus rejects changed integer dependency
2026-10-08T22:14:29.6771692Z   ---
2026-10-08T22:14:29.6771786Z   duration_ms: 4.274484
2026-10-08T22:14:29.6771867Z   type: 'test'
2026-10-08T22:14:29.6771947Z   ...
2026-10-08T22:14:29.6772134Z # Subtest: PHP corpus rejects missing integer source
2026-10-08T22:14:29.6772309Z ok 298 - PHP corpus rejects missing integer source
2026-10-08T22:14:29.6772389Z   ---
2026-10-08T22:14:29.6772477Z   duration_ms: 4.638541
2026-10-08T22:14:29.6772568Z   type: 'test'
2026-10-08T22:14:29.6772647Z   ...
2026-10-08T22:14:29.6772828Z # Subtest: PHP corpus rejects changed integer source
2026-10-08T22:14:29.6772992Z ok 299 - PHP corpus rejects changed integer source
2026-10-08T22:14:29.6773076Z   ---
2026-10-08T22:14:29.6773310Z   duration_ms: 7.592036
2026-10-08T22:14:29.6773405Z   type: 'test'
2026-10-08T22:14:29.6773478Z   ...
2026-10-08T22:14:29.6773648Z # Subtest: PHP corpus rejects extra dev package
2026-10-08T22:14:29.6773811Z ok 300 - PHP corpus rejects extra dev package
2026-10-08T22:14:29.6773955Z   ---
2026-10-08T22:14:29.6774050Z   duration_ms: 6.542315
2026-10-08T22:14:29.6774132Z   type: 'test'
2026-10-08T22:14:29.6774216Z   ...
2026-10-08T22:14:29.6774403Z # Subtest: PHP corpus rejects wrong installed package
2026-10-08T22:14:29.6774580Z ok 301 - PHP corpus rejects wrong installed package
2026-10-08T22:14:29.6774653Z   ---
2026-10-08T22:14:29.6774745Z   duration_ms: 4.565916
2026-10-08T22:14:29.6774831Z   type: 'test'
2026-10-08T22:14:29.6774910Z   ...
2026-10-08T22:14:29.6775086Z # Subtest: PHP corpus rejects extra deployed payload
2026-10-08T22:14:29.6775260Z ok 302 - PHP corpus rejects extra deployed payload
2026-10-08T22:14:29.6775342Z   ---
2026-10-08T22:14:29.6775437Z   duration_ms: 5.295925
2026-10-08T22:14:29.6775527Z   type: 'test'
2026-10-08T22:14:29.6775604Z   ...
2026-10-08T22:14:29.6775759Z # Subtest: PHP corpus rejects changed API
2026-10-08T22:14:29.6775906Z ok 303 - PHP corpus rejects changed API
2026-10-08T22:14:29.6776083Z   ---
2026-10-08T22:14:29.6776178Z   duration_ms: 5.13823
2026-10-08T22:14:29.6776270Z   type: 'test'
2026-10-08T22:14:29.6776354Z   ...
2026-10-08T22:14:29.6776514Z # Subtest: PHP corpus rejects single caller
2026-10-08T22:14:29.6776657Z ok 304 - PHP corpus rejects single caller
2026-10-08T22:14:29.6776746Z   ---
2026-10-08T22:14:29.6776839Z   duration_ms: 5.198061
2026-10-08T22:14:29.6776937Z   type: 'test'
2026-10-08T22:14:29.6777020Z   ...
2026-10-08T22:14:29.6777189Z # Subtest: PHP corpus rejects mislabeled caller
2026-10-08T22:14:29.6777351Z ok 305 - PHP corpus rejects mislabeled caller
2026-10-08T22:14:29.6777441Z   ---
2026-10-08T22:14:29.6777534Z   duration_ms: 8.429627
2026-10-08T22:14:29.6777619Z   type: 'test'
2026-10-08T22:14:29.6777702Z   ...
2026-10-08T22:14:29.6777859Z # Subtest: PHP corpus rejects 32-bit host
2026-10-08T22:14:29.6778004Z ok 306 - PHP corpus rejects 32-bit host
2026-10-08T22:14:29.6778080Z   ---
2026-10-08T22:14:29.6778179Z   duration_ms: 5.864756
2026-10-08T22:14:29.6778269Z   type: 'test'
2026-10-08T22:14:29.6778353Z   ...
2026-10-08T22:14:29.6778508Z # Subtest: PHP corpus rejects threaded host
2026-10-08T22:14:29.6778653Z ok 307 - PHP corpus rejects threaded host
2026-10-08T22:14:29.6778738Z   ---
2026-10-08T22:14:29.6778835Z   duration_ms: 5.693638
2026-10-08T22:14:29.6778923Z   type: 'test'
2026-10-08T22:14:29.6779000Z   ...
2026-10-08T22:14:29.6779150Z # Subtest: PHP corpus rejects web SAPI
2026-10-08T22:14:29.6779291Z ok 308 - PHP corpus rejects web SAPI
2026-10-08T22:14:29.6779377Z   ---
2026-10-08T22:14:29.6779466Z   duration_ms: 5.55666
2026-10-08T22:14:29.6779563Z   type: 'test'
2026-10-08T22:14:29.6779644Z   ...
2026-10-08T22:14:29.6779814Z # Subtest: PHP corpus rejects retained records
2026-10-08T22:14:29.6779968Z ok 309 - PHP corpus rejects retained records
2026-10-08T22:14:29.6780055Z   ---
2026-10-08T22:14:29.6780150Z   duration_ms: 5.745276
2026-10-08T22:14:29.6780235Z   type: 'test'
2026-10-08T22:14:29.6780318Z   ...
2026-10-08T22:14:29.6780461Z # Subtest: PHP corpus rejects outside API
2026-10-08T22:14:29.6780607Z ok 310 - PHP corpus rejects outside API
2026-10-08T22:14:29.6780689Z   ---
2026-10-08T22:14:29.6780786Z   duration_ms: 5.748168
2026-10-08T22:14:29.6780865Z   type: 'test'
2026-10-08T22:14:29.6780944Z   ...
2026-10-08T22:14:29.6781126Z # Subtest: PHP corpus rejects missing native runtime
2026-10-08T22:14:29.6781302Z ok 311 - PHP corpus rejects missing native runtime
2026-10-08T22:14:29.6781375Z   ---
2026-10-08T22:14:29.6781470Z   duration_ms: 7.998622
2026-10-08T22:14:29.6781557Z   type: 'test'
2026-10-08T22:14:29.6781637Z   ...
2026-10-08T22:14:29.6781807Z # Subtest: PHP corpus rejects ambient PHP file
2026-10-08T22:14:29.6781957Z ok 312 - PHP corpus rejects ambient PHP file
2026-10-08T22:14:29.6782038Z   ---
2026-10-08T22:14:29.6782208Z   duration_ms: 5.740889
2026-10-08T22:14:29.6782294Z   type: 'test'
2026-10-08T22:14:29.6782372Z   ...
2026-10-08T22:14:29.6782569Z # Subtest: PHP corpus rejects strict calls in weak file
2026-10-08T22:14:29.6782810Z ok 313 - PHP corpus rejects strict calls in weak file
2026-10-08T22:14:29.6782896Z   ---
2026-10-08T22:14:29.6782985Z   duration_ms: 6.226702
2026-10-08T22:14:29.6783074Z   type: 'test'
2026-10-08T22:14:29.6783159Z   ...
2026-10-08T22:14:29.6783338Z # Subtest: PHP corpus rejects strict result drift
2026-10-08T22:14:29.6783503Z ok 314 - PHP corpus rejects strict result drift
2026-10-08T22:14:29.6783577Z   ---
2026-10-08T22:14:29.6783668Z   duration_ms: 5.744817
2026-10-08T22:14:29.6783758Z   type: 'test'
2026-10-08T22:14:29.6783840Z   ...
2026-10-08T22:14:29.6784010Z # Subtest: PHP corpus rejects missing strict error
2026-10-08T22:14:29.6784183Z ok 315 - PHP corpus rejects missing strict error
2026-10-08T22:14:29.6784268Z   ---
2026-10-08T22:14:29.6784362Z   duration_ms: 7.36149
2026-10-08T22:14:29.6784447Z   type: 'test'
2026-10-08T22:14:29.6784532Z   ...
2026-10-08T22:14:29.6784706Z # Subtest: PHP corpus rejects wrong error recovery
2026-10-08T22:14:29.6784874Z ok 316 - PHP corpus rejects wrong error recovery
2026-10-08T22:14:29.6784956Z   ---
2026-10-08T22:14:29.6785048Z   duration_ms: 9.422006
2026-10-08T22:14:29.6785141Z   type: 'test'
2026-10-08T22:14:29.6785228Z   ...
2026-10-08T22:14:29.6785410Z # Subtest: PHP corpus rejects wrong rejection stage
2026-10-08T22:14:29.6785577Z ok 317 - PHP corpus rejects wrong rejection stage
2026-10-08T22:14:29.6785665Z   ---
2026-10-08T22:14:29.6785762Z   duration_ms: 3.607425
2026-10-08T22:14:29.6785848Z   type: 'test'
2026-10-08T22:14:29.6785921Z   ...
2026-10-08T22:14:29.6786329Z # Subtest: PHP corpus rejects wrong rejection message
2026-10-08T22:14:29.6786554Z ok 318 - PHP corpus rejects wrong rejection message
2026-10-08T22:14:29.6786678Z   ---
2026-10-08T22:14:29.6786809Z   duration_ms: 3.584954
2026-10-08T22:14:29.6786931Z   type: 'test'
2026-10-08T22:14:29.6787047Z   ...
2026-10-08T22:14:29.6787312Z # Subtest: PHP corpus rejects wrong base recovery
2026-10-08T22:14:29.6787598Z ok 319 - PHP corpus rejects wrong base recovery
2026-10-08T22:14:29.6787772Z   ---
2026-10-08T22:14:29.6787916Z   duration_ms: 3.479073
2026-10-08T22:14:29.6788093Z   type: 'test'
2026-10-08T22:14:29.6788218Z   ...
2026-10-08T22:14:29.6788571Z # Subtest: PHP corpus rejects missing emptyComposerHome
2026-10-08T22:14:29.6788943Z ok 320 - PHP corpus rejects missing emptyComposerHome
2026-10-08T22:14:29.6789097Z   ---
2026-10-08T22:14:29.6789269Z   duration_ms: 3.513965
2026-10-08T22:14:29.6789430Z   type: 'test'
2026-10-08T22:14:29.6789573Z   ...
2026-10-08T22:14:29.6789914Z # Subtest: PHP corpus rejects missing emptyCache
2026-10-08T22:14:29.6790239Z ok 321 - PHP corpus rejects missing emptyCache
2026-10-08T22:14:29.6790390Z   ---
2026-10-08T22:14:29.6790555Z   duration_ms: 3.884994
2026-10-08T22:14:29.6790722Z   type: 'test'
2026-10-08T22:14:29.6790871Z   ...
2026-10-08T22:14:29.6791192Z # Subtest: PHP corpus rejects missing offline
2026-10-08T22:14:29.6791487Z ok 322 - PHP corpus rejects missing offline
2026-10-08T22:14:29.6791638Z   ---
2026-10-08T22:14:29.6791811Z   duration_ms: 3.434896
2026-10-08T22:14:29.6791971Z   type: 'test'
2026-10-08T22:14:29.6792118Z   ...
2026-10-08T22:14:29.6792471Z # Subtest: PHP corpus rejects missing lockedInstall
2026-10-08T22:14:29.6792810Z ok 323 - PHP corpus rejects missing lockedInstall
2026-10-08T22:14:29.6792963Z   ---
2026-10-08T22:14:29.6793138Z   duration_ms: 3.417236
2026-10-08T22:14:29.6793292Z   type: 'test'
2026-10-08T22:14:29.6793447Z   ...
2026-10-08T22:14:29.6793870Z # Subtest: PHP corpus rejects missing exactPublicSignatures
2026-10-08T22:14:29.6794274Z ok 324 - PHP corpus rejects missing exactPublicSignatures
2026-10-08T22:14:29.6794422Z   ---
2026-10-08T22:14:29.6794586Z   duration_ms: 7.738179
2026-10-08T22:14:29.6794748Z   type: 'test'
2026-10-08T22:14:29.6794903Z   ...
2026-10-08T22:14:29.6795255Z # Subtest: PHP corpus rejects missing publicApiOnly
2026-10-08T22:14:29.6795776Z ok 325 - PHP corpus rejects missing publicApiOnly
2026-10-08T22:14:29.6795935Z   ---
2026-10-08T22:14:29.6796249Z   duration_ms: 4.376462
2026-10-08T22:14:29.6796416Z   type: 'test'
2026-10-08T22:14:29.6796562Z   ...
2026-10-08T22:14:29.6797000Z # Subtest: PHP corpus rejects missing relocated
2026-10-08T22:14:29.6797327Z ok 326 - PHP corpus rejects missing relocated
2026-10-08T22:14:29.6797474Z   ---
2026-10-08T22:14:29.6797643Z   duration_ms: 3.493384
2026-10-08T22:14:29.6797807Z   type: 'test'
2026-10-08T22:14:29.6797962Z   ...
2026-10-08T22:14:29.6798375Z # Subtest: PHP corpus rejects missing compilerFreeExecution
2026-10-08T22:14:29.6798707Z ok 327 - PHP corpus rejects missing compilerFreeExecution
2026-10-08T22:14:29.6798830Z   ---
2026-10-08T22:14:29.6798984Z   duration_ms: 3.513434
2026-10-08T22:14:29.6799135Z   type: 'test'
2026-10-08T22:14:29.6799281Z   ...
2026-10-08T22:14:29.6799705Z # Subtest: PHP corpus rejects missing runtimeOverridesDisabled
2026-10-08T22:14:29.6800107Z ok 328 - PHP corpus rejects missing runtimeOverridesDisabled
2026-10-08T22:14:29.6800260Z   ---
2026-10-08T22:14:29.6800428Z   duration_ms: 3.447712
2026-10-08T22:14:29.6800579Z   type: 'test'
2026-10-08T22:14:29.6800726Z   ...
2026-10-08T22:14:29.6801037Z # Subtest: PHP corpus rejects missing iniDisabled
2026-10-08T22:14:29.6801287Z ok 329 - PHP corpus rejects missing iniDisabled
2026-10-08T22:14:29.6801424Z   ---
2026-10-08T22:14:29.6801841Z   duration_ms: 3.685839
2026-10-08T22:14:29.6801994Z   type: 'test'
2026-10-08T22:14:29.6802130Z   ...
2026-10-08T22:14:29.6802495Z # Subtest: PHP corpus rejects missing repeatExecution
2026-10-08T22:14:29.6802843Z ok 330 - PHP corpus rejects missing repeatExecution
2026-10-08T22:14:29.6802995Z   ---
2026-10-08T22:14:29.6803152Z   duration_ms: 3.448116
2026-10-08T22:14:29.6803316Z   type: 'test'
2026-10-08T22:14:29.6803447Z   ...
2026-10-08T22:14:29.6803832Z # Subtest: PHP corpus rejects missing unchangedDeployment
2026-10-08T22:14:29.6804210Z ok 331 - PHP corpus rejects missing unchangedDeployment
2026-10-08T22:14:29.6804350Z   ---
2026-10-08T22:14:29.6804515Z   duration_ms: 3.375576
2026-10-08T22:14:29.6804669Z   type: 'test'
2026-10-08T22:14:29.6804826Z   ...
2026-10-08T22:14:29.6805178Z # Subtest: PHP corpus rejects missing localLibraries
2026-10-08T22:14:29.6805508Z ok 332 - PHP corpus rejects missing localLibraries
2026-10-08T22:14:29.6805649Z   ---
2026-10-08T22:14:29.6805810Z   duration_ms: 5.639209
2026-10-08T22:14:29.6806084Z   type: 'test'
2026-10-08T22:14:29.6806229Z   ...
2026-10-08T22:14:29.6806695Z # Subtest: native PHP corpus accepts the PHP 8.4 boolean NTS constant
2026-10-08T22:14:29.6807148Z ok 333 - native PHP corpus accepts the PHP 8.4 boolean NTS constant
2026-10-08T22:14:29.6807293Z   ---
2026-10-08T22:14:29.6807462Z   duration_ms: 132.547773
2026-10-08T22:14:29.6807623Z   type: 'test'
2026-10-08T22:14:29.6807757Z   ...
2026-10-08T22:14:29.6808331Z # Subtest: PHP-Wasm corpus requires all installed loading routes and 32-bit callers
2026-10-08T22:14:29.6808904Z ok 334 - PHP-Wasm corpus requires all installed loading routes and 32-bit callers
2026-10-08T22:14:29.6809053Z   ---
2026-10-08T22:14:29.6809209Z   duration_ms: 145.38202
2026-10-08T22:14:29.6809375Z   type: 'test'
2026-10-08T22:14:29.6809521Z   ...
2026-10-08T22:14:29.6809867Z # Subtest: PHP-Wasm corpus rejects missing evidence
2026-10-08T22:14:29.6810166Z ok 335 - PHP-Wasm corpus rejects missing evidence
2026-10-08T22:14:29.6810317Z   ---
2026-10-08T22:14:29.6810481Z   duration_ms: 10.736173
2026-10-08T22:14:29.6810640Z   type: 'test'
2026-10-08T22:14:29.6810778Z   ...
2026-10-08T22:14:29.6811163Z # Subtest: PHP-Wasm corpus rejects missing runtime archive
2026-10-08T22:14:29.6811539Z ok 336 - PHP-Wasm corpus rejects missing runtime archive
2026-10-08T22:14:29.6811681Z   ---
2026-10-08T22:14:29.6811850Z   duration_ms: 6.78558
2026-10-08T22:14:29.6811999Z   type: 'test'
2026-10-08T22:14:29.6812144Z   ...
2026-10-08T22:14:29.6812522Z # Subtest: PHP-Wasm corpus rejects wrong Composer archive
2026-10-08T22:14:29.6813069Z ok 337 - PHP-Wasm corpus rejects wrong Composer archive
2026-10-08T22:14:29.6813196Z   ---
2026-10-08T22:14:29.6813370Z   duration_ms: 6.245237
2026-10-08T22:14:29.6813525Z   type: 'test'
2026-10-08T22:14:29.6813668Z   ...
2026-10-08T22:14:29.6814149Z # Subtest: PHP-Wasm corpus rejects wrong runtime identity
2026-10-08T22:14:29.6814500Z ok 338 - PHP-Wasm corpus rejects wrong runtime identity
2026-10-08T22:14:29.6814646Z   ---
2026-10-08T22:14:29.6814810Z   duration_ms: 5.970571
2026-10-08T22:14:29.6814971Z   type: 'test'
2026-10-08T22:14:29.6815103Z   ...
2026-10-08T22:14:29.6815435Z # Subtest: PHP-Wasm corpus rejects wrong PHP host
2026-10-08T22:14:29.6815749Z ok 339 - PHP-Wasm corpus rejects wrong PHP host
2026-10-08T22:14:29.6816091Z   ---
2026-10-08T22:14:29.6816246Z   duration_ms: 5.684391
2026-10-08T22:14:29.6816405Z   type: 'test'
2026-10-08T22:14:29.6816538Z   ...
2026-10-08T22:14:29.6816931Z # Subtest: PHP-Wasm corpus rejects unidentified host files
2026-10-08T22:14:29.6817306Z ok 340 - PHP-Wasm corpus rejects unidentified host files
2026-10-08T22:14:29.6817449Z   ---
2026-10-08T22:14:29.6817603Z   duration_ms: 9.348835
2026-10-08T22:14:29.6817754Z   type: 'test'
2026-10-08T22:14:29.6817902Z   ...
2026-10-08T22:14:29.6818233Z # Subtest: PHP-Wasm corpus rejects changed host
2026-10-08T22:14:29.6818528Z ok 341 - PHP-Wasm corpus rejects changed host
2026-10-08T22:14:29.6818663Z   ---
2026-10-08T22:14:29.6818842Z   duration_ms: 6.083589
2026-10-08T22:14:29.6818997Z   type: 'test'
2026-10-08T22:14:29.6819143Z   ...
2026-10-08T22:14:29.6819462Z # Subtest: PHP-Wasm corpus rejects wrong word size
2026-10-08T22:14:29.6819788Z ok 342 - PHP-Wasm corpus rejects wrong word size
2026-10-08T22:14:29.6819923Z   ---
2026-10-08T22:14:29.6820101Z   duration_ms: 17.372597
2026-10-08T22:14:29.6820245Z   type: 'test'
2026-10-08T22:14:29.6820385Z   ...
2026-10-08T22:14:29.6820702Z # Subtest: PHP-Wasm corpus rejects native SAPI
2026-10-08T22:14:29.6820994Z ok 343 - PHP-Wasm corpus rejects native SAPI
2026-10-08T22:14:29.6821135Z   ---
2026-10-08T22:14:29.6821317Z   duration_ms: 15.080226
2026-10-08T22:14:29.6821480Z   type: 'test'
2026-10-08T22:14:29.6821626Z   ...
2026-10-08T22:14:29.6821977Z # Subtest: PHP-Wasm corpus rejects wrong PHP version
2026-10-08T22:14:29.6822300Z ok 344 - PHP-Wasm corpus rejects wrong PHP version
2026-10-08T22:14:29.6822451Z   ---
2026-10-08T22:14:29.6822616Z   duration_ms: 5.340011
2026-10-08T22:14:29.6822768Z   type: 'test'
2026-10-08T22:14:29.6822903Z   ...
2026-10-08T22:14:29.6823213Z # Subtest: PHP-Wasm corpus rejects threaded host
2026-10-08T22:14:29.6823492Z ok 345 - PHP-Wasm corpus rejects threaded host
2026-10-08T22:14:29.6823609Z   ---
2026-10-08T22:14:29.6823740Z   duration_ms: 16.575718
2026-10-08T22:14:29.6823906Z   type: 'test'
2026-10-08T22:14:29.6833214Z   ...
2026-10-08T22:14:29.6833784Z # Subtest: PHP-Wasm corpus rejects retained record
2026-10-08T22:14:29.6834149Z ok 346 - PHP-Wasm corpus rejects retained record
2026-10-08T22:14:29.6834334Z   ---
2026-10-08T22:14:29.6834535Z   duration_ms: 16.857692
2026-10-08T22:14:29.6834718Z   type: 'test'
2026-10-08T22:14:29.6834880Z   ...
2026-10-08T22:14:29.6835285Z # Subtest: PHP-Wasm corpus rejects wrong API location
2026-10-08T22:14:29.6835688Z ok 347 - PHP-Wasm corpus rejects wrong API location
2026-10-08T22:14:29.6835813Z   ---
2026-10-08T22:14:29.6836105Z   duration_ms: 16.149577
2026-10-08T22:14:29.6836234Z   type: 'test'
2026-10-08T22:14:29.6836367Z   ...
2026-10-08T22:14:29.6836721Z # Subtest: PHP-Wasm corpus rejects foreign PHP include
2026-10-08T22:14:29.6837029Z ok 348 - PHP-Wasm corpus rejects foreign PHP include
2026-10-08T22:14:29.6837154Z   ---
2026-10-08T22:14:29.6837301Z   duration_ms: 9.795305
2026-10-08T22:14:29.6837464Z   type: 'test'
2026-10-08T22:14:29.6837612Z   ...
2026-10-08T22:14:29.6837944Z # Subtest: PHP-Wasm corpus rejects changed caller
2026-10-08T22:14:29.6838211Z ok 349 - PHP-Wasm corpus rejects changed caller
2026-10-08T22:14:29.6838328Z   ---
2026-10-08T22:14:29.6838715Z   duration_ms: 6.872531
2026-10-08T22:14:29.6838850Z   type: 'test'
2026-10-08T22:14:29.6838957Z   ...
2026-10-08T22:14:29.6839238Z # Subtest: PHP-Wasm corpus rejects changed request
2026-10-08T22:14:29.6839496Z ok 350 - PHP-Wasm corpus rejects changed request
2026-10-08T22:14:29.6839732Z   ---
2026-10-08T22:14:29.6839886Z   duration_ms: 7.733704
2026-10-08T22:14:29.6840007Z   type: 'test'
2026-10-08T22:14:29.6840131Z   ...
2026-10-08T22:14:29.6840405Z # Subtest: PHP-Wasm corpus rejects missing route
2026-10-08T22:14:29.6840691Z ok 351 - PHP-Wasm corpus rejects missing route
2026-10-08T22:14:29.6840821Z   ---
2026-10-08T22:14:29.6840985Z   duration_ms: 9.539983
2026-10-08T22:14:29.6841126Z   type: 'test'
2026-10-08T22:14:29.6841262Z   ...
2026-10-08T22:14:29.6841592Z # Subtest: PHP-Wasm corpus rejects duplicate route
2026-10-08T22:14:29.6841912Z ok 352 - PHP-Wasm corpus rejects duplicate route
2026-10-08T22:14:29.6842062Z   ---
2026-10-08T22:14:29.6842232Z   duration_ms: 16.186894
2026-10-08T22:14:29.6842408Z   type: 'test'
2026-10-08T22:14:29.6842545Z   ...
2026-10-08T22:14:29.6842910Z # Subtest: PHP-Wasm corpus rejects wrong caller mode
2026-10-08T22:14:29.6843247Z ok 353 - PHP-Wasm corpus rejects wrong caller mode
2026-10-08T22:14:29.6843392Z   ---
2026-10-08T22:14:29.6843559Z   duration_ms: 10.138307
2026-10-08T22:14:29.6843724Z   type: 'test'
2026-10-08T22:14:29.6843874Z   ...
2026-10-08T22:14:29.6844224Z # Subtest: PHP-Wasm corpus rejects cold eager fetch
2026-10-08T22:14:29.6844549Z ok 354 - PHP-Wasm corpus rejects cold eager fetch
2026-10-08T22:14:29.6844704Z   ---
2026-10-08T22:14:29.6844880Z   duration_ms: 12.374865
2026-10-08T22:14:29.6845008Z   type: 'test'
2026-10-08T22:14:29.6845129Z   ...
2026-10-08T22:14:29.6845439Z # Subtest: PHP-Wasm corpus rejects invalid input fetch
2026-10-08T22:14:29.6845739Z ok 355 - PHP-Wasm corpus rejects invalid input fetch
2026-10-08T22:14:29.6845878Z   ---
2026-10-08T22:14:29.6846184Z   duration_ms: 10.333766
2026-10-08T22:14:29.6846335Z   type: 'test'
2026-10-08T22:14:29.6846495Z   ...
2026-10-08T22:14:29.6846862Z # Subtest: PHP-Wasm corpus rejects missing library fetch
2026-10-08T22:14:29.6847225Z ok 356 - PHP-Wasm corpus rejects missing library fetch
2026-10-08T22:14:29.6847364Z   ---
2026-10-08T22:14:29.6847550Z   duration_ms: 9.313853
2026-10-08T22:14:29.6847707Z   type: 'test'
2026-10-08T22:14:29.6847854Z   ...
2026-10-08T22:14:29.6848225Z # Subtest: PHP-Wasm corpus rejects wrong browser result
2026-10-08T22:14:29.6848567Z ok 357 - PHP-Wasm corpus rejects wrong browser result
2026-10-08T22:14:29.6848710Z   ---
2026-10-08T22:14:29.6848874Z   duration_ms: 14.26369
2026-10-08T22:14:29.6849023Z   type: 'test'
2026-10-08T22:14:29.6849156Z   ...
2026-10-08T22:14:29.6849555Z # Subtest: PHP-Wasm corpus rejects missing browser asset
2026-10-08T22:14:29.6849911Z ok 358 - PHP-Wasm corpus rejects missing browser asset
2026-10-08T22:14:29.6850034Z   ---
2026-10-08T22:14:29.6850189Z   duration_ms: 12.735886
2026-10-08T22:14:29.6850344Z   type: 'test'
2026-10-08T22:14:29.6850504Z   ...
2026-10-08T22:14:29.6850966Z # Subtest: PHP-Wasm corpus rejects unbound browser request
2026-10-08T22:14:29.6851334Z ok 359 - PHP-Wasm corpus rejects unbound browser request
2026-10-08T22:14:29.6851487Z   ---
2026-10-08T22:14:29.6851651Z   duration_ms: 14.620709
2026-10-08T22:14:29.6851804Z   type: 'test'
2026-10-08T22:14:29.6851941Z   ...
2026-10-08T22:14:29.6852313Z # Subtest: PHP-Wasm corpus rejects external browser asset
2026-10-08T22:14:29.6852658Z ok 360 - PHP-Wasm corpus rejects external browser asset
2026-10-08T22:14:29.6852803Z   ---
2026-10-08T22:14:29.6852978Z   duration_ms: 12.629835
2026-10-08T22:14:29.6853144Z   type: 'test'
2026-10-08T22:14:29.6853272Z   ...
2026-10-08T22:14:29.6853679Z # Subtest: PHP-Wasm corpus rejects missing supplemental error
2026-10-08T22:14:29.6854047Z ok 361 - PHP-Wasm corpus rejects missing supplemental error
2026-10-08T22:14:29.6854180Z   ---
2026-10-08T22:14:29.6854342Z   duration_ms: 14.102618
2026-10-08T22:14:29.6854475Z   type: 'test'
2026-10-08T22:14:29.6854821Z   ...
2026-10-08T22:14:29.6855228Z # Subtest: PHP-Wasm corpus rejects wrong supplemental recovery
2026-10-08T22:14:29.6855607Z ok 362 - PHP-Wasm corpus rejects wrong supplemental recovery
2026-10-08T22:14:29.6855722Z   ---
2026-10-08T22:14:29.6870609Z   duration_ms: 10.531852
2026-10-08T22:14:29.6870980Z   type: 'test'
2026-10-08T22:14:29.6871149Z   ...
2026-10-08T22:14:29.6871615Z # Subtest: PHP-Wasm corpus rejects wrong primary recovery
2026-10-08T22:14:29.6872001Z ok 363 - PHP-Wasm corpus rejects wrong primary recovery
2026-10-08T22:14:29.6872162Z   ---
2026-10-08T22:14:29.6872344Z   duration_ms: 5.714027
2026-10-08T22:14:29.6872513Z   type: 'test'
2026-10-08T22:14:29.6872664Z   ...
2026-10-08T22:14:29.6873078Z # Subtest: PHP-Wasm corpus rejects wrong rejection stage
2026-10-08T22:14:29.6873468Z ok 364 - PHP-Wasm corpus rejects wrong rejection stage
2026-10-08T22:14:29.6873628Z   ---
2026-10-08T22:14:29.6873804Z   duration_ms: 9.613692
2026-10-08T22:14:29.6873974Z   type: 'test'
2026-10-08T22:14:29.6874146Z   ...
2026-10-08T22:14:29.6874523Z # Subtest: PHP-Wasm corpus rejects unbound npm lock
2026-10-08T22:14:29.6874882Z ok 365 - PHP-Wasm corpus rejects unbound npm lock
2026-10-08T22:14:29.6875038Z   ---
2026-10-08T22:14:29.6875229Z   duration_ms: 12.794309
2026-10-08T22:14:29.6875409Z   type: 'test'
2026-10-08T22:14:29.6875573Z   ...
2026-10-08T22:14:29.6876124Z # Subtest: PHP-Wasm corpus rejects unbound Composer lock
2026-10-08T22:14:29.6876439Z ok 366 - PHP-Wasm corpus rejects unbound Composer lock
2026-10-08T22:14:29.6876608Z   ---
2026-10-08T22:14:29.6876799Z   duration_ms: 11.331181
2026-10-08T22:14:29.6876924Z   type: 'test'
2026-10-08T22:14:29.6877055Z   ...
2026-10-08T22:14:29.6877435Z # Subtest: PHP-Wasm corpus rejects changed integer dependency
2026-10-08T22:14:29.6877787Z ok 367 - PHP-Wasm corpus rejects changed integer dependency
2026-10-08T22:14:29.6877933Z   ---
2026-10-08T22:14:29.6878066Z   duration_ms: 8.667722
2026-10-08T22:14:29.6878193Z   type: 'test'
2026-10-08T22:14:29.6878318Z   ...
2026-10-08T22:14:29.6878686Z # Subtest: PHP-Wasm corpus rejects missing integer source
2026-10-08T22:14:29.6879003Z ok 368 - PHP-Wasm corpus rejects missing integer source
2026-10-08T22:14:29.6879148Z   ---
2026-10-08T22:14:29.6879285Z   duration_ms: 9.70929
2026-10-08T22:14:29.6879427Z   type: 'test'
2026-10-08T22:14:29.6879550Z   ...
2026-10-08T22:14:29.6880007Z # Subtest: PHP-Wasm corpus rejects changed bundled integer source
2026-10-08T22:14:29.6880445Z ok 369 - PHP-Wasm corpus rejects changed bundled integer source
2026-10-08T22:14:29.6880599Z   ---
2026-10-08T22:14:29.6880775Z   duration_ms: 6.669463
2026-10-08T22:14:29.6880933Z   type: 'test'
2026-10-08T22:14:29.6881083Z   ...
2026-10-08T22:14:29.6881509Z # Subtest: PHP-Wasm corpus rejects missing bundled bootstrap
2026-10-08T22:14:29.6881913Z ok 370 - PHP-Wasm corpus rejects missing bundled bootstrap
2026-10-08T22:14:29.6882059Z   ---
2026-10-08T22:14:29.6882239Z   duration_ms: 15.136063
2026-10-08T22:14:29.6882403Z   type: 'test'
2026-10-08T22:14:29.6882559Z   ...
2026-10-08T22:14:29.6882992Z # Subtest: PHP-Wasm corpus rejects missing loaded integer class
2026-10-08T22:14:29.6883409Z ok 371 - PHP-Wasm corpus rejects missing loaded integer class
2026-10-08T22:14:29.6883564Z   ---
2026-10-08T22:14:29.6883747Z   duration_ms: 12.942232
2026-10-08T22:14:29.6883910Z   type: 'test'
2026-10-08T22:14:29.6884056Z   ...
2026-10-08T22:14:29.6884415Z # Subtest: PHP-Wasm corpus rejects unidentified Composer
2026-10-08T22:14:29.6884760Z ok 372 - PHP-Wasm corpus rejects unidentified Composer
2026-10-08T22:14:29.6884914Z   ---
2026-10-08T22:14:29.6885080Z   duration_ms: 10.927087
2026-10-08T22:14:29.6885246Z   type: 'test'
2026-10-08T22:14:29.6885395Z   ...
2026-10-08T22:14:29.6885803Z # Subtest: PHP-Wasm corpus rejects ambient Composer plugin
2026-10-08T22:14:29.6886378Z ok 373 - PHP-Wasm corpus rejects ambient Composer plugin
2026-10-08T22:14:29.6886533Z   ---
2026-10-08T22:14:29.6886712Z   duration_ms: 8.569315
2026-10-08T22:14:29.6887073Z   type: 'test'
2026-10-08T22:14:29.6887228Z   ...
2026-10-08T22:14:29.6887628Z # Subtest: PHP-Wasm corpus rejects ambient PHP extension
2026-10-08T22:14:29.6888067Z ok 374 - PHP-Wasm corpus rejects ambient PHP extension
2026-10-08T22:14:29.6888222Z   ---
2026-10-08T22:14:29.6888496Z   duration_ms: 10.557858
2026-10-08T22:14:29.6888657Z   type: 'test'
2026-10-08T22:14:29.6888810Z   ...
2026-10-08T22:14:29.6889268Z # Subtest: PHP-Wasm corpus rejects unbound compiled receipt
2026-10-08T22:14:29.6889667Z ok 375 - PHP-Wasm corpus rejects unbound compiled receipt
2026-10-08T22:14:29.6889822Z   ---
2026-10-08T22:14:29.6889993Z   duration_ms: 6.832214
2026-10-08T22:14:29.6890168Z   type: 'test'
2026-10-08T22:14:29.6890324Z   ...
2026-10-08T22:14:29.6890715Z # Subtest: PHP-Wasm corpus rejects unbound declarations
2026-10-08T22:14:29.6891073Z ok 376 - PHP-Wasm corpus rejects unbound declarations
2026-10-08T22:14:29.6891231Z   ---
2026-10-08T22:14:29.6891412Z   duration_ms: 10.373146
2026-10-08T22:14:29.6891582Z   type: 'test'
2026-10-08T22:14:29.6891771Z   ...
2026-10-08T22:14:29.6892208Z # Subtest: PHP-Wasm corpus rejects wrong pending type rejection
2026-10-08T22:14:29.6892678Z ok 377 - PHP-Wasm corpus rejects wrong pending type rejection
2026-10-08T22:14:29.6892835Z   ---
2026-10-08T22:14:29.6893018Z   duration_ms: 19.832504
2026-10-08T22:14:29.6893180Z   type: 'test'
2026-10-08T22:14:29.6893334Z   ...
2026-10-08T22:14:29.6893677Z # Subtest: PHP-Wasm corpus rejects missing offlineInstall
2026-10-08T22:14:29.6893987Z ok 378 - PHP-Wasm corpus rejects missing offlineInstall
2026-10-08T22:14:29.6894102Z   ---
2026-10-08T22:14:29.6894264Z   duration_ms: 5.943993
2026-10-08T22:14:29.6894421Z   type: 'test'
2026-10-08T22:14:29.6894568Z   ...
2026-10-08T22:14:29.6894916Z # Subtest: PHP-Wasm corpus rejects missing emptyCaches
2026-10-08T22:14:29.6895266Z ok 379 - PHP-Wasm corpus rejects missing emptyCaches
2026-10-08T22:14:29.6895422Z   ---
2026-10-08T22:14:29.6895595Z   duration_ms: 5.78157
2026-10-08T22:14:29.6895755Z   type: 'test'
2026-10-08T22:14:29.6895902Z   ...
2026-10-08T22:14:29.6898058Z # Subtest: PHP-Wasm corpus rejects missing lockedInstall
2026-10-08T22:14:29.6898470Z ok 380 - PHP-Wasm corpus rejects missing lockedInstall
2026-10-08T22:14:29.6898613Z   ---
2026-10-08T22:14:29.6898794Z   duration_ms: 9.351663
2026-10-08T22:14:29.6898951Z   type: 'test'
2026-10-08T22:14:29.6899096Z   ...
2026-10-08T22:14:29.6899445Z # Subtest: PHP-Wasm corpus rejects missing relocated
2026-10-08T22:14:29.6899780Z ok 381 - PHP-Wasm corpus rejects missing relocated
2026-10-08T22:14:29.6899916Z   ---
2026-10-08T22:14:29.6900078Z   duration_ms: 5.839338
2026-10-08T22:14:29.6900230Z   type: 'test'
2026-10-08T22:14:29.6900378Z   ...
2026-10-08T22:14:29.6900756Z # Subtest: PHP-Wasm corpus rejects missing publicApiOnly
2026-10-08T22:14:29.6901103Z ok 382 - PHP-Wasm corpus rejects missing publicApiOnly
2026-10-08T22:14:29.6901241Z   ---
2026-10-08T22:14:29.6901413Z   duration_ms: 5.639417
2026-10-08T22:14:29.6901562Z   type: 'test'
2026-10-08T22:14:29.6901699Z   ...
2026-10-08T22:14:29.6902094Z # Subtest: PHP-Wasm corpus rejects missing repeatExecution
2026-10-08T22:14:29.6902457Z ok 383 - PHP-Wasm corpus rejects missing repeatExecution
2026-10-08T22:14:29.6902605Z   ---
2026-10-08T22:14:29.6902758Z   duration_ms: 5.805391
2026-10-08T22:14:29.6902923Z   type: 'test'
2026-10-08T22:14:29.6903061Z   ...
2026-10-08T22:14:29.6903488Z # Subtest: PHP-Wasm corpus rejects missing unchangedDeployment
2026-10-08T22:14:29.6903882Z ok 384 - PHP-Wasm corpus rejects missing unchangedDeployment
2026-10-08T22:14:29.6904025Z   ---
2026-10-08T22:14:29.6904206Z   duration_ms: 5.697587
2026-10-08T22:14:29.6904385Z   type: 'test'
2026-10-08T22:14:29.6904517Z   ...
2026-10-08T22:14:29.6904941Z # Subtest: PHP-Wasm corpus rejects missing compilerFreeExecution
2026-10-08T22:14:29.6905368Z ok 385 - PHP-Wasm corpus rejects missing compilerFreeExecution
2026-10-08T22:14:29.6905510Z   ---
2026-10-08T22:14:29.6905670Z   duration_ms: 5.778236
2026-10-08T22:14:29.6905826Z   type: 'test'
2026-10-08T22:14:29.6906353Z   ...
2026-10-08T22:14:29.6907018Z # Subtest: WIT corpus distinguishes public calls, typed-field range failures and recovery
2026-10-08T22:14:29.6907611Z ok 386 - WIT corpus distinguishes public calls, typed-field range failures and recovery
2026-10-08T22:14:29.6907858Z   ---
2026-10-08T22:14:29.6908035Z   duration_ms: 139.410461
2026-10-08T22:14:29.6908182Z   type: 'test'
2026-10-08T22:14:29.6908329Z   ...
2026-10-08T22:14:29.6908651Z # Subtest: WIT corpus rejects missing evidence
2026-10-08T22:14:29.6908947Z ok 387 - WIT corpus rejects missing evidence
2026-10-08T22:14:29.6909084Z   ---
2026-10-08T22:14:29.6909248Z   duration_ms: 4.390205
2026-10-08T22:14:29.6909406Z   type: 'test'
2026-10-08T22:14:29.6909550Z   ...
2026-10-08T22:14:29.6909886Z # Subtest: WIT corpus rejects wrong Wasmtime version
2026-10-08T22:14:29.6910219Z ok 388 - WIT corpus rejects wrong Wasmtime version
2026-10-08T22:14:29.6910368Z   ---
2026-10-08T22:14:29.6910541Z   duration_ms: 2.706392
2026-10-08T22:14:29.6910704Z   type: 'test'
2026-10-08T22:14:29.6910835Z   ...
2026-10-08T22:14:29.6911191Z # Subtest: WIT corpus rejects missing package receipt
2026-10-08T22:14:29.6911526Z ok 389 - WIT corpus rejects missing package receipt
2026-10-08T22:14:29.6911669Z   ---
2026-10-08T22:14:29.6911832Z   duration_ms: 10.397798
2026-10-08T22:14:29.6911995Z   type: 'test'
2026-10-08T22:14:29.6912138Z   ...
2026-10-08T22:14:29.6912501Z # Subtest: WIT corpus rejects different package receipt
2026-10-08T22:14:29.6912843Z ok 390 - WIT corpus rejects different package receipt
2026-10-08T22:14:29.6912988Z   ---
2026-10-08T22:14:29.6913153Z   duration_ms: 10.073872
2026-10-08T22:14:29.6913297Z   type: 'test'
2026-10-08T22:14:29.6913457Z   ...
2026-10-08T22:14:29.6913758Z # Subtest: WIT corpus rejects different archive
2026-10-08T22:14:29.6914048Z ok 391 - WIT corpus rejects different archive
2026-10-08T22:14:29.6914194Z   ---
2026-10-08T22:14:29.6914361Z   duration_ms: 10.289869
2026-10-08T22:14:29.6914510Z   type: 'test'
2026-10-08T22:14:29.6914655Z   ...
2026-10-08T22:14:29.6914976Z # Subtest: WIT corpus rejects different compiler
2026-10-08T22:14:29.6915280Z ok 392 - WIT corpus rejects different compiler
2026-10-08T22:14:29.6915417Z   ---
2026-10-08T22:14:29.6915586Z   duration_ms: 6.411911
2026-10-08T22:14:29.6915750Z   type: 'test'
2026-10-08T22:14:29.6915891Z   ...
2026-10-08T22:14:29.6916428Z # Subtest: WIT corpus rejects disabled conversion diagnostics
2026-10-08T22:14:29.6916803Z ok 393 - WIT corpus rejects disabled conversion diagnostics
2026-10-08T22:14:29.6916941Z   ---
2026-10-08T22:14:29.6917104Z   duration_ms: 17.238309
2026-10-08T22:14:29.6917257Z   type: 'test'
2026-10-08T22:14:29.6917391Z   ...
2026-10-08T22:14:29.6917714Z # Subtest: WIT corpus rejects disabled assertions
2026-10-08T22:14:29.6918023Z ok 394 - WIT corpus rejects disabled assertions
2026-10-08T22:14:29.6918165Z   ---
2026-10-08T22:14:29.6918324Z   duration_ms: 6.565168
2026-10-08T22:14:29.6918531Z   type: 'test'
2026-10-08T22:14:29.6918690Z   ...
2026-10-08T22:14:29.6919018Z # Subtest: WIT corpus rejects different caller
2026-10-08T22:14:29.6919309Z ok 395 - WIT corpus rejects different caller
2026-10-08T22:14:29.6919445Z   ---
2026-10-08T22:14:29.6919610Z   duration_ms: 4.401306
2026-10-08T22:14:29.6919766Z   type: 'test'
2026-10-08T22:14:29.6919911Z   ...
2026-10-08T22:14:29.6920285Z # Subtest: WIT corpus rejects missing executable identity
2026-10-08T22:14:29.6920683Z ok 396 - WIT corpus rejects missing executable identity
2026-10-08T22:14:29.6920838Z   ---
2026-10-08T22:14:29.6921006Z   duration_ms: 2.885616
2026-10-08T22:14:29.6921168Z   type: 'test'
2026-10-08T22:14:29.6921310Z   ...
2026-10-08T22:14:29.6921639Z # Subtest: WIT corpus rejects different wasm-tools
2026-10-08T22:14:29.6921953Z ok 397 - WIT corpus rejects different wasm-tools
2026-10-08T22:14:29.6922092Z   ---
2026-10-08T22:14:29.6922266Z   duration_ms: 5.096323
2026-10-08T22:14:29.6922410Z   type: 'test'
2026-10-08T22:14:29.6922551Z   ...
2026-10-08T22:14:29.6922900Z # Subtest: WIT corpus rejects missing parser identity
2026-10-08T22:14:29.6923392Z ok 398 - WIT corpus rejects missing parser identity
2026-10-08T22:14:29.6923527Z   ---
2026-10-08T22:14:29.6923693Z   duration_ms: 2.756408
2026-10-08T22:14:29.6923850Z   type: 'test'
2026-10-08T22:14:29.6923993Z   ...
2026-10-08T22:14:29.6924459Z # Subtest: WIT corpus rejects different component receipt
2026-10-08T22:14:29.6924809Z ok 399 - WIT corpus rejects different component receipt
2026-10-08T22:14:29.6924947Z   ---
2026-10-08T22:14:29.6925110Z   duration_ms: 4.529782
2026-10-08T22:14:29.6925273Z   type: 'test'
2026-10-08T22:14:29.6925405Z   ...
2026-10-08T22:14:29.6925767Z # Subtest: WIT corpus rejects different native adapter
2026-10-08T22:14:29.6926669Z ok 400 - WIT corpus rejects different native adapter
2026-10-08T22:14:29.6926818Z   ---
2026-10-08T22:14:29.6926979Z   duration_ms: 6.459422
2026-10-08T22:14:29.6927134Z   type: 'test'
2026-10-08T22:14:29.6927279Z   ...
2026-10-08T22:14:29.6927592Z # Subtest: WIT corpus rejects different runtime
2026-10-08T22:14:29.6927916Z ok 401 - WIT corpus rejects different runtime
2026-10-08T22:14:29.6928034Z   ---
2026-10-08T22:14:29.6928196Z   duration_ms: 3.890632
2026-10-08T22:14:29.6928349Z   type: 'test'
2026-10-08T22:14:29.6928494Z   ...
2026-10-08T22:14:29.6928824Z # Subtest: WIT corpus rejects changed public header
2026-10-08T22:14:29.6929137Z ok 402 - WIT corpus rejects changed public header
2026-10-08T22:14:29.6929287Z   ---
2026-10-08T22:14:29.6929453Z   duration_ms: 3.932193
2026-10-08T22:14:29.6929608Z   type: 'test'
2026-10-08T22:14:29.6929749Z   ...
2026-10-08T22:14:29.6930084Z # Subtest: WIT corpus rejects changed engine payload
2026-10-08T22:14:29.6930413Z ok 403 - WIT corpus rejects changed engine payload
2026-10-08T22:14:29.6930560Z   ---
2026-10-08T22:14:29.6930716Z   duration_ms: 5.503308
2026-10-08T22:14:29.6930875Z   type: 'test'
2026-10-08T22:14:29.6931011Z   ...
2026-10-08T22:14:29.6931343Z # Subtest: WIT corpus rejects different engine pin
2026-10-08T22:14:29.6931651Z ok 404 - WIT corpus rejects different engine pin
2026-10-08T22:14:29.6931801Z   ---
2026-10-08T22:14:29.6931963Z   duration_ms: 4.331467
2026-10-08T22:14:29.6932109Z   type: 'test'
2026-10-08T22:14:29.6932236Z   ...
2026-10-08T22:14:29.6932618Z # Subtest: WIT corpus rejects different component binary
2026-10-08T22:14:29.6932955Z ok 405 - WIT corpus rejects different component binary
2026-10-08T22:14:29.6933098Z   ---
2026-10-08T22:14:29.6933261Z   duration_ms: 4.985133
2026-10-08T22:14:29.6933407Z   type: 'test'
2026-10-08T22:14:29.6933543Z   ...
2026-10-08T22:14:29.6933879Z # Subtest: WIT corpus rejects different WIT source
2026-10-08T22:14:29.6934196Z ok 406 - WIT corpus rejects different WIT source
2026-10-08T22:14:29.6934328Z   ---
2026-10-08T22:14:29.6934473Z   duration_ms: 6.272173
2026-10-08T22:14:29.6934590Z   type: 'test'
2026-10-08T22:14:29.6934707Z   ...
2026-10-08T22:14:29.6935012Z # Subtest: WIT corpus rejects missing binary declarations
2026-10-08T22:14:29.6935392Z ok 407 - WIT corpus rejects missing binary declarations
2026-10-08T22:14:29.6935557Z   ---
2026-10-08T22:14:29.6935742Z   duration_ms: 4.553928
2026-10-08T22:14:29.6935914Z   type: 'test'
2026-10-08T22:14:29.6936166Z   ...
2026-10-08T22:14:29.6936452Z # Subtest: WIT corpus rejects missing WIT declarations
2026-10-08T22:14:29.6936810Z ok 408 - WIT corpus rejects missing WIT declarations
2026-10-08T22:14:29.6936965Z   ---
2026-10-08T22:14:29.6937100Z   duration_ms: 4.543881
2026-10-08T22:14:29.6937231Z   type: 'test'
2026-10-08T22:14:29.6937354Z   ...
2026-10-08T22:14:29.6937712Z # Subtest: WIT corpus rejects different binary signature
2026-10-08T22:14:29.6937994Z ok 409 - WIT corpus rejects different binary signature
2026-10-08T22:14:29.6938121Z   ---
2026-10-08T22:14:29.6938297Z   duration_ms: 6.37863
2026-10-08T22:14:29.6938449Z   type: 'test'
2026-10-08T22:14:29.6938591Z   ...
2026-10-08T22:14:29.6938909Z # Subtest: WIT corpus rejects different WIT signature
2026-10-08T22:14:29.6939176Z ok 410 - WIT corpus rejects different WIT signature
2026-10-08T22:14:29.6939479Z   ---
2026-10-08T22:14:29.6939609Z   duration_ms: 7.78208
2026-10-08T22:14:29.6939722Z   type: 'test'
2026-10-08T22:14:29.6939871Z   ...
2026-10-08T22:14:29.6940177Z # Subtest: WIT corpus rejects different nested field type
2026-10-08T22:14:29.6940598Z ok 411 - WIT corpus rejects different nested field type
2026-10-08T22:14:29.6940729Z   ---
2026-10-08T22:14:29.6940885Z   duration_ms: 7.195248
2026-10-08T22:14:29.6941027Z   type: 'test'
2026-10-08T22:14:29.6941161Z   ...
2026-10-08T22:14:29.6941485Z # Subtest: WIT corpus rejects reordered record fields
2026-10-08T22:14:29.6941827Z ok 412 - WIT corpus rejects reordered record fields
2026-10-08T22:14:29.6941980Z   ---
2026-10-08T22:14:29.6942152Z   duration_ms: 6.899163
2026-10-08T22:14:29.6942319Z   type: 'test'
2026-10-08T22:14:29.6942461Z   ...
2026-10-08T22:14:29.6942779Z # Subtest: WIT corpus rejects changed Unit enum
2026-10-08T22:14:29.6943089Z ok 413 - WIT corpus rejects changed Unit enum
2026-10-08T22:14:29.6943242Z   ---
2026-10-08T22:14:29.6943412Z   duration_ms: 5.0893
2026-10-08T22:14:29.6943573Z   type: 'test'
2026-10-08T22:14:29.6943728Z   ...
2026-10-08T22:14:29.6944141Z # Subtest: WIT corpus rejects missing public interface export
2026-10-08T22:14:29.6944504Z ok 414 - WIT corpus rejects missing public interface export
2026-10-08T22:14:29.6944651Z   ---
2026-10-08T22:14:29.6944814Z   duration_ms: 6.022206
2026-10-08T22:14:29.6944983Z   type: 'test'
2026-10-08T22:14:29.6945141Z   ...
2026-10-08T22:14:29.6945526Z # Subtest: WIT corpus rejects unexpected world import
2026-10-08T22:14:29.6945893Z ok 415 - WIT corpus rejects unexpected world import
2026-10-08T22:14:29.6946224Z   ---
2026-10-08T22:14:29.6946408Z   duration_ms: 4.609335
2026-10-08T22:14:29.6946582Z   type: 'test'
2026-10-08T22:14:29.6946732Z   ...
2026-10-08T22:14:29.6947163Z # Subtest: WIT corpus rejects changed WIT package identity
2026-10-08T22:14:29.6947566Z ok 416 - WIT corpus rejects changed WIT package identity
2026-10-08T22:14:29.6947729Z   ---
2026-10-08T22:14:29.6947916Z   duration_ms: 5.01802
2026-10-08T22:14:29.6948079Z   type: 'test'
2026-10-08T22:14:29.6948248Z   ...
2026-10-08T22:14:29.6948592Z # Subtest: WIT corpus rejects cyclic type alias
2026-10-08T22:14:29.6948923Z ok 417 - WIT corpus rejects cyclic type alias
2026-10-08T22:14:29.6949080Z   ---
2026-10-08T22:14:29.6949263Z   duration_ms: 6.069823
2026-10-08T22:14:29.6949448Z   type: 'test'
2026-10-08T22:14:29.6949609Z   ...
2026-10-08T22:14:29.6949984Z # Subtest: WIT corpus rejects missing loaded engine
2026-10-08T22:14:29.6950321Z ok 418 - WIT corpus rejects missing loaded engine
2026-10-08T22:14:29.6950450Z   ---
2026-10-08T22:14:29.6950586Z   duration_ms: 5.281566
2026-10-08T22:14:29.6950708Z   type: 'test'
2026-10-08T22:14:29.6950811Z   ...
2026-10-08T22:14:29.6951116Z # Subtest: WIT corpus rejects unexpected local library
2026-10-08T22:14:29.6951450Z ok 419 - WIT corpus rejects unexpected local library
2026-10-08T22:14:29.6951601Z   ---
2026-10-08T22:14:29.6951769Z   duration_ms: 7.586098
2026-10-08T22:14:29.6951942Z   type: 'test'
2026-10-08T22:14:29.6952091Z   ...
2026-10-08T22:14:29.6952466Z # Subtest: WIT corpus rejects external engine override
2026-10-08T22:14:29.6952814Z ok 420 - WIT corpus rejects external engine override
2026-10-08T22:14:29.6952968Z   ---
2026-10-08T22:14:29.6953147Z   duration_ms: 7.714757
2026-10-08T22:14:29.6953310Z   type: 'test'
2026-10-08T22:14:29.6953459Z   ...
2026-10-08T22:14:29.6953775Z # Subtest: WIT corpus rejects changed loaded engine
2026-10-08T22:14:29.6954082Z ok 421 - WIT corpus rejects changed loaded engine
2026-10-08T22:14:29.6954202Z   ---
2026-10-08T22:14:29.6954369Z   duration_ms: 5.130152
2026-10-08T22:14:29.6954492Z   type: 'test'
2026-10-08T22:14:29.6954626Z   ...
2026-10-08T22:14:29.6955010Z # Subtest: WIT corpus rejects missing pkg-config identity
2026-10-08T22:14:29.6955371Z ok 422 - WIT corpus rejects missing pkg-config identity
2026-10-08T22:14:29.6955515Z   ---
2026-10-08T22:14:29.6955688Z   duration_ms: 4.992596
2026-10-08T22:14:29.6956659Z   type: 'test'
2026-10-08T22:14:29.6956830Z   ...
2026-10-08T22:14:29.6957199Z # Subtest: WIT corpus rejects external pkg-config flags
2026-10-08T22:14:29.6957538Z ok 423 - WIT corpus rejects external pkg-config flags
2026-10-08T22:14:29.6957677Z   ---
2026-10-08T22:14:29.6957970Z   duration_ms: 6.166783
2026-10-08T22:14:29.6958137Z   type: 'test'
2026-10-08T22:14:29.6958277Z   ...
2026-10-08T22:14:29.6958605Z # Subtest: WIT corpus rejects missing repeat run
2026-10-08T22:14:29.6958911Z ok 424 - WIT corpus rejects missing repeat run
2026-10-08T22:14:29.6959063Z   ---
2026-10-08T22:14:29.6959220Z   duration_ms: 2.73297
2026-10-08T22:14:29.6959375Z   type: 'test'
2026-10-08T22:14:29.6959516Z   ...
2026-10-08T22:14:29.6959903Z # Subtest: WIT corpus rejects unproved session ownership
2026-10-08T22:14:29.6960254Z ok 425 - WIT corpus rejects unproved session ownership
2026-10-08T22:14:29.6960397Z   ---
2026-10-08T22:14:29.6960569Z   duration_ms: 4.842285
2026-10-08T22:14:29.6960726Z   type: 'test'
2026-10-08T22:14:29.6960881Z   ...
2026-10-08T22:14:29.6961203Z # Subtest: WIT corpus rejects changed failed output
2026-10-08T22:14:29.6961531Z ok 426 - WIT corpus rejects changed failed output
2026-10-08T22:14:29.6961681Z   ---
2026-10-08T22:14:29.6961849Z   duration_ms: 2.484512
2026-10-08T22:14:29.6962000Z   type: 'test'
2026-10-08T22:14:29.6962135Z   ...
2026-10-08T22:14:29.6962471Z # Subtest: WIT corpus rejects wrong rejection stage
2026-10-08T22:14:29.6962699Z ok 427 - WIT corpus rejects wrong rejection stage
2026-10-08T22:14:29.6962786Z   ---
2026-10-08T22:14:29.6962872Z   duration_ms: 3.602546
2026-10-08T22:14:29.6962963Z   type: 'test'
2026-10-08T22:14:29.6963044Z   ...
2026-10-08T22:14:29.6963227Z # Subtest: WIT corpus rejects wrong rejection message
2026-10-08T22:14:29.6963394Z ok 428 - WIT corpus rejects wrong rejection message
2026-10-08T22:14:29.6963478Z   ---
2026-10-08T22:14:29.6963573Z   duration_ms: 2.43067
2026-10-08T22:14:29.6963660Z   type: 'test'
2026-10-08T22:14:29.6963737Z   ...
2026-10-08T22:14:29.6963936Z # Subtest: WIT corpus rejects different negative caller
2026-10-08T22:14:29.6964116Z ok 429 - WIT corpus rejects different negative caller
2026-10-08T22:14:29.6964199Z   ---
2026-10-08T22:14:29.6964293Z   duration_ms: 2.464269
2026-10-08T22:14:29.6964375Z   type: 'test'
2026-10-08T22:14:29.6964459Z   ...
2026-10-08T22:14:29.6964643Z # Subtest: WIT corpus rejects unrelated compiler error
2026-10-08T22:14:29.6964821Z ok 430 - WIT corpus rejects unrelated compiler error
2026-10-08T22:14:29.6964895Z   ---
2026-10-08T22:14:29.6964987Z   duration_ms: 2.489693
2026-10-08T22:14:29.6965073Z   type: 'test'
2026-10-08T22:14:29.6965153Z   ...
2026-10-08T22:14:29.6965323Z # Subtest: WIT corpus rejects missing runtime error
2026-10-08T22:14:29.6965489Z ok 431 - WIT corpus rejects missing runtime error
2026-10-08T22:14:29.6965571Z   ---
2026-10-08T22:14:29.6965664Z   duration_ms: 6.152353
2026-10-08T22:14:29.6965750Z   type: 'test'
2026-10-08T22:14:29.6965822Z   ...
2026-10-08T22:14:29.6966252Z # Subtest: WIT corpus rejects duplicated runtime error
2026-10-08T22:14:29.6966562Z ok 432 - WIT corpus rejects duplicated runtime error
2026-10-08T22:14:29.6966702Z   ---
2026-10-08T22:14:29.6966856Z   duration_ms: 5.307224
2026-10-08T22:14:29.6966990Z   type: 'test'
2026-10-08T22:14:29.6967100Z   ...
2026-10-08T22:14:29.6967335Z # Subtest: WIT corpus rejects wrong supplemental message
2026-10-08T22:14:29.6967522Z ok 433 - WIT corpus rejects wrong supplemental message
2026-10-08T22:14:29.6967598Z   ---
2026-10-08T22:14:29.6967696Z   duration_ms: 5.664707
2026-10-08T22:14:29.6967788Z   type: 'test'
2026-10-08T22:14:29.6967872Z   ...
2026-10-08T22:14:29.6968040Z # Subtest: WIT corpus rejects failed trap recovery
2026-10-08T22:14:29.6968209Z ok 434 - WIT corpus rejects failed trap recovery
2026-10-08T22:14:29.6968290Z   ---
2026-10-08T22:14:29.6968383Z   duration_ms: 9.902411
2026-10-08T22:14:29.6968474Z   type: 'test'
2026-10-08T22:14:29.6968552Z   ...
2026-10-08T22:14:29.6968813Z # Subtest: WIT corpus rejects failed supplemental output preservation
2026-10-08T22:14:29.6969188Z ok 435 - WIT corpus rejects failed supplemental output preservation
2026-10-08T22:14:29.6969277Z   ---
2026-10-08T22:14:29.6969364Z   duration_ms: 6.482686
2026-10-08T22:14:29.6969455Z   type: 'test'
2026-10-08T22:14:29.6969538Z   ...
2026-10-08T22:14:29.6969837Z # Subtest: WIT corpus rejects missing sourcesRemovedBeforeInstall
2026-10-08T22:14:29.6970070Z ok 436 - WIT corpus rejects missing sourcesRemovedBeforeInstall
2026-10-08T22:14:29.6970147Z   ---
2026-10-08T22:14:29.6970242Z   duration_ms: 2.664316
2026-10-08T22:14:29.6970334Z   type: 'test'
2026-10-08T22:14:29.6970417Z   ...
2026-10-08T22:14:29.6970636Z # Subtest: WIT corpus rejects missing installedSourcesRemoved
2026-10-08T22:14:29.6970845Z ok 437 - WIT corpus rejects missing installedSourcesRemoved
2026-10-08T22:14:29.6970928Z   ---
2026-10-08T22:14:29.6971025Z   duration_ms: 2.596593
2026-10-08T22:14:29.6971107Z   type: 'test'
2026-10-08T22:14:29.6971189Z   ...
2026-10-08T22:14:29.6971362Z # Subtest: WIT corpus rejects missing offline
2026-10-08T22:14:29.6971521Z ok 438 - WIT corpus rejects missing offline
2026-10-08T22:14:29.6971607Z   ---
2026-10-08T22:14:29.6971713Z   duration_ms: 3.68492
2026-10-08T22:14:29.6971803Z   type: 'test'
2026-10-08T22:14:29.6971891Z   ...
2026-10-08T22:14:29.6972123Z # Subtest: WIT corpus rejects missing runtimeOverridesDisabled
2026-10-08T22:14:29.6972329Z ok 439 - WIT corpus rejects missing runtimeOverridesDisabled
2026-10-08T22:14:29.6972417Z   ---
2026-10-08T22:14:29.6972516Z   duration_ms: 3.274111
2026-10-08T22:14:29.6972605Z   type: 'test'
2026-10-08T22:14:29.6972678Z   ...
2026-10-08T22:14:29.6972874Z # Subtest: WIT corpus rejects missing publicHeadersOnly
2026-10-08T22:14:29.6973059Z ok 440 - WIT corpus rejects missing publicHeadersOnly
2026-10-08T22:14:29.6973142Z   ---
2026-10-08T22:14:29.6973234Z   duration_ms: 2.588411
2026-10-08T22:14:29.6973314Z   type: 'test'
2026-10-08T22:14:29.6973396Z   ...
2026-10-08T22:14:29.6973610Z # Subtest: WIT corpus rejects missing compilerFreeExecution
2026-10-08T22:14:29.6973820Z ok 441 - WIT corpus rejects missing compilerFreeExecution
2026-10-08T22:14:29.6973893Z   ---
2026-10-08T22:14:29.6973988Z   duration_ms: 2.583843
2026-10-08T22:14:29.6974076Z   type: 'test'
2026-10-08T22:14:29.6974158Z   ...
2026-10-08T22:14:29.6974336Z # Subtest: WIT corpus rejects missing localLibraries
2026-10-08T22:14:29.6974510Z ok 442 - WIT corpus rejects missing localLibraries
2026-10-08T22:14:29.6974591Z   ---
2026-10-08T22:14:29.6974772Z   duration_ms: 2.564393
2026-10-08T22:14:29.6974915Z   type: 'test'
2026-10-08T22:14:29.6975016Z   ...
2026-10-08T22:18:26.6038185Z # Subtest: real Lean corpus matches independently rebuilt archives in source-free consumers
2026-10-08T22:18:26.6039500Z ok 443 - real Lean corpus matches independently rebuilt archives in source-free consumers
2026-10-08T22:18:26.6040235Z   ---
2026-10-08T22:18:26.6040553Z   duration_ms: 236998.02015
2026-10-08T22:18:26.6040954Z   type: 'test'
2026-10-08T22:18:26.6041293Z   ...
2026-10-08T22:18:26.6041711Z # shop: compiling Lean oracle
2026-10-08T22:18:26.6042246Z # shop: building cpan archives 1/2
2026-10-08T22:18:26.6042784Z # shop: building cpan archives 2/2
2026-10-08T22:18:26.6043212Z # shop: installing and executing perl without Lean sources or compilers
2026-10-08T22:18:26.6043650Z # telemetry: compiling Lean oracle
2026-10-08T22:18:26.6043963Z # telemetry: building cpan archives 1/2
2026-10-08T22:18:26.6044282Z # telemetry: building cpan archives 2/2
2026-10-08T22:18:26.6044727Z # telemetry: installing and executing perl without Lean sources or compilers
2026-10-08T22:18:26.6045336Z # Corpus report: build/type-corpus/perl.json (124 cases, 41 scoped cells, 6691 gaps)
2026-10-08T22:18:26.6309060Z 1..443
2026-10-08T22:18:26.6309504Z # tests 443
2026-10-08T22:18:26.6309810Z # suites 0
2026-10-08T22:18:26.6310099Z # pass 443
2026-10-08T22:18:26.6310415Z # fail 0
2026-10-08T22:18:26.6310755Z # cancelled 0
2026-10-08T22:18:26.6311087Z # skipped 0
2026-10-08T22:18:26.6311363Z # todo 0
2026-10-08T22:18:26.6327090Z # duration_ms 243915.349794
2026-10-08T22:18:26.6820771Z TAP version 13
2026-10-08T22:22:21.4919443Z # Subtest: reviewed native corpus executes installed public APIs after compiler reconciliation
2026-10-08T22:22:21.4930559Z ok 1 - reviewed native corpus executes installed public APIs after compiler reconciliation
2026-10-08T22:22:21.4931371Z   ---
2026-10-08T22:22:21.4932119Z   duration_ms: 234452.918878
2026-10-08T22:22:21.4932765Z   type: 'test'
2026-10-08T22:22:21.4933118Z   ...
2026-10-08T22:22:21.4933505Z # shop: compiling Lean oracle
2026-10-08T22:22:21.4934013Z # shop: building cpan archives 1/2
2026-10-08T22:22:21.4939378Z # shop: building cpan archives 2/2
2026-10-08T22:22:21.4941739Z # shop: installing and executing perl without Lean sources or compilers
2026-10-08T22:22:21.4942647Z # telemetry: compiling Lean oracle
2026-10-08T22:22:21.4944864Z # telemetry: building cpan archives 1/2
2026-10-08T22:22:21.4945522Z # telemetry: building cpan archives 2/2
2026-10-08T22:22:21.4946681Z # telemetry: installing and executing perl without Lean sources or compilers
2026-10-08T22:22:21.4948684Z # Compiler-checked reviewed native report: {"libraries":2,"profiles":1,"installedRuns":2,"catalogCases":124,"executedCases":124,"compileRejectedCases":0,"observedCells":41,"gapCells":6691}
2026-10-08T22:22:21.5091458Z 1..1
2026-10-08T22:22:21.5091792Z # tests 1
2026-10-08T22:22:21.5091995Z # suites 0
2026-10-08T22:22:21.5092442Z # pass 1
2026-10-08T22:22:21.5106835Z # fail 0
2026-10-08T22:22:21.5107231Z # cancelled 0
2026-10-08T22:22:21.5107613Z # skipped 0
2026-10-08T22:22:21.5107816Z # todo 0
2026-10-08T22:22:21.5108094Z # duration_ms 234837.727492
2026-10-08T22:22:21.5571517Z TAP version 13
2026-10-08T22:24:02.9053276Z # Subtest: ordinary and reviewed Char packages preserve Unicode scalars in installed native consumers
2026-10-08T22:24:02.9059361Z ok 1 - ordinary and reviewed Char packages preserve Unicode scalars in installed native consumers
2026-10-08T22:24:02.9060431Z   ---
2026-10-08T22:24:02.9060917Z   duration_ms: 101054.36663
2026-10-08T22:24:02.9061432Z   type: 'test'
2026-10-08T22:24:02.9061851Z   ...
2026-10-08T22:24:02.9062357Z # ordinary-source: building perl
2026-10-08T22:24:02.9067627Z # ordinary-source: installing and checking perl
2026-10-08T22:24:02.9068299Z # reviewed-ir: building perl
2026-10-08T22:24:02.9073047Z # reviewed-ir: installing and checking perl
2026-10-08T22:24:02.9159278Z 1..1
2026-10-08T22:24:02.9159658Z # tests 1
2026-10-08T22:24:02.9160009Z # suites 0
2026-10-08T22:24:02.9161340Z # pass 1
2026-10-08T22:24:02.9161866Z # fail 0
2026-10-08T22:24:02.9162335Z # cancelled 0
2026-10-08T22:24:02.9162735Z # skipped 0
2026-10-08T22:24:02.9163085Z # todo 0
2026-10-08T22:24:02.9163549Z # duration_ms 101375.35153
2026-10-08T22:24:02.9567709Z TAP version 13
2026-10-08T22:25:44.1921539Z # Subtest: ordinary and reviewed Word packages preserve compiled platform integers in installed native consumers
2026-10-08T22:25:44.1929992Z ok 1 - ordinary and reviewed Word packages preserve compiled platform integers in installed native consumers
2026-10-08T22:25:44.1931042Z   ---
2026-10-08T22:25:44.1931396Z   duration_ms: 100990.174527
2026-10-08T22:25:44.1931806Z   type: 'test'
2026-10-08T22:25:44.1932022Z   ...
2026-10-08T22:25:44.1932484Z # ordinary-source: building perl
2026-10-08T22:25:44.1938908Z # ordinary-source: installing and checking perl
2026-10-08T22:25:44.1940141Z # reviewed-ir: building perl
2026-10-08T22:25:44.1943006Z # reviewed-ir: installing and checking perl
2026-10-08T22:25:44.2042196Z 1..1
2026-10-08T22:25:44.2042407Z # tests 1
2026-10-08T22:25:44.2043154Z # suites 0
2026-10-08T22:25:44.2043971Z # pass 1
2026-10-08T22:25:44.2044369Z # fail 0
2026-10-08T22:25:44.2045002Z # cancelled 0
2026-10-08T22:25:44.2045487Z # skipped 0
2026-10-08T22:25:44.2047953Z # todo 0
2026-10-08T22:25:44.2048412Z # duration_ms 101258.043952
2026-10-08T22:25:44.2460016Z TAP version 13
2026-10-08T22:27:33.5317781Z # Subtest: installed Perl callbacks and returned closures preserve all nineteen primitives on both source paths
2026-10-08T22:27:33.5322352Z ok 1 - installed Perl callbacks and returned closures preserve all nineteen primitives on both source paths
2026-10-08T22:27:33.5325295Z   ---
2026-10-08T22:27:33.5326167Z   duration_ms: 109041.220725
2026-10-08T22:27:33.5327406Z   type: 'test'
2026-10-08T22:27:33.5327943Z   ...
2026-10-08T22:27:33.5329096Z # ordinary-source: compiling the 58-export callable library
2026-10-08T22:27:33.5330578Z # ordinary-source: offline installation and execution without author compilers
2026-10-08T22:27:33.5334458Z # reviewed-ir: compiling the 58-export callable library
2026-10-08T22:27:33.5335372Z # reviewed-ir: offline installation and execution without author compilers
2026-10-08T22:28:17.1767906Z # Subtest: fresh Lean rejects changed reviewed callback and returned-closure signatures before linking
2026-10-08T22:28:17.1769430Z ok 2 - fresh Lean rejects changed reviewed callback and returned-closure signatures before linking
2026-10-08T22:28:17.1770323Z   ---
2026-10-08T22:28:17.1770772Z   duration_ms: 43646.093216
2026-10-08T22:28:17.1771272Z   type: 'test'
2026-10-08T22:28:17.1771680Z   ...
2026-10-08T22:28:17.1869399Z 1..2
2026-10-08T22:28:17.1869768Z # tests 2
2026-10-08T22:28:17.1870093Z # suites 0
2026-10-08T22:28:17.1870429Z # pass 2
2026-10-08T22:28:17.1870871Z # fail 0
2026-10-08T22:28:17.1871227Z # cancelled 0
2026-10-08T22:28:17.1871615Z # skipped 0
2026-10-08T22:28:17.1872026Z # todo 0
2026-10-08T22:28:17.1872481Z # duration_ms 152951.235093
2026-10-08T22:28:17.2292617Z TAP version 13
2026-10-08T22:30:44.5240961Z # Subtest: Perl original CPAN archives execute structured callbacks and closures on both source paths
2026-10-08T22:30:44.5246868Z ok 1 - Perl original CPAN archives execute structured callbacks and closures on both source paths
2026-10-08T22:30:44.5247756Z   ---
2026-10-08T22:30:44.5251786Z   duration_ms: 147040.209043
2026-10-08T22:30:44.5252240Z   type: 'test'
2026-10-08T22:30:44.5252543Z   ...
2026-10-08T22:30:44.5253159Z # ordinary-source: compiling structured callbacks for 1 Perl ABIs
2026-10-08T22:30:44.5254912Z # ordinary-source: offline install, relocation and isolated probe for /home/runner/work/lean-bridge/lean-bridge/.toolchains/perl/5.38.2-unthreaded/bin/perl
2026-10-08T22:30:44.5256518Z # ordinary-source/5.38.2: 64983 public checks, 22362 injected failures
2026-10-08T22:30:44.5257617Z # reviewed-ir: compiling structured callbacks for 1 Perl ABIs
2026-10-08T22:30:44.5259194Z # reviewed-ir: offline install, relocation and isolated probe for /home/runner/work/lean-bridge/lean-bridge/.toolchains/perl/5.38.2-unthreaded/bin/perl
2026-10-08T22:30:44.5260567Z # reviewed-ir/5.38.2: 64983 public checks, 22362 injected failures
2026-10-08T22:30:44.5366727Z 1..1
2026-10-08T22:30:44.5367076Z # tests 1
2026-10-08T22:30:44.5367410Z # suites 0
2026-10-08T22:30:44.5368962Z # pass 1
2026-10-08T22:30:44.5369315Z # fail 0
2026-10-08T22:30:44.5369923Z # cancelled 0
2026-10-08T22:30:44.5370310Z # skipped 0
2026-10-08T22:30:44.5370738Z # todo 0
2026-10-08T22:30:44.5371338Z # duration_ms 147317.953808
2026-10-08T22:30:44.5795692Z TAP version 13
2026-10-08T22:30:48.2045254Z # Subtest: CPAN recursive callbacks validate their namespace and agree with every supported native target
2026-10-08T22:30:48.2050841Z ok 1 - CPAN recursive callbacks validate their namespace and agree with every supported native target
2026-10-08T22:30:48.2051714Z   ---
2026-10-08T22:30:48.2077129Z   duration_ms: 1930.426738
2026-10-08T22:30:48.2080750Z   type: 'test'
2026-10-08T22:30:48.2081404Z   ...
2026-10-08T22:30:48.2082494Z # Subtest: Perl recursive callbacks preserve the checked native graph without changing the IR
2026-10-08T22:30:48.2083735Z ok 2 - Perl recursive callbacks preserve the checked native graph without changing the IR
2026-10-08T22:30:48.2084489Z   ---
2026-10-08T22:30:48.2084834Z   duration_ms: 147.449401
2026-10-08T22:30:48.2085253Z   type: 'test'
2026-10-08T22:30:48.2085589Z   ...
2026-10-08T22:30:48.2086603Z # Subtest: Perl recursive packages hide native handles and retain callback replies in the initiating scope
2026-10-08T22:30:48.2088422Z ok 3 - Perl recursive packages hide native handles and retain callback replies in the initiating scope
2026-10-08T22:30:48.2089240Z   ---
2026-10-08T22:30:48.2089588Z   duration_ms: 250.718268
2026-10-08T22:30:48.2090144Z   type: 'test'
2026-10-08T22:30:48.2090503Z   ...
2026-10-08T22:30:48.2091305Z # Subtest: Perl recursive callables reject hidden identity fields and asynchronous signatures
2026-10-08T22:30:48.2092562Z ok 4 - Perl recursive callables reject hidden identity fields and asynchronous signatures
2026-10-08T22:30:48.2093267Z   ---
2026-10-08T22:30:48.2093619Z   duration_ms: 4.429164
2026-10-08T22:30:48.2094027Z   type: 'test'
2026-10-08T22:30:48.2094370Z   ...
2026-10-08T22:30:48.2095218Z # Subtest: Perl recursive callables reserve closure names for records, variants and transparent aliases
2026-10-08T22:30:48.2096715Z ok 5 - Perl recursive callables reserve closure names for records, variants and transparent aliases
2026-10-08T22:30:48.2097506Z   ---
2026-10-08T22:30:48.2097865Z   duration_ms: 503.422313
2026-10-08T22:30:48.2098273Z   type: 'test'
2026-10-08T22:30:48.2098585Z   ...
2026-10-08T22:30:48.2099388Z # Subtest: Perl recursive callables validate module namespaces and projected export names
2026-10-08T22:30:48.2100576Z ok 6 - Perl recursive callables validate module namespaces and projected export names
2026-10-08T22:30:48.2101300Z   ---
2026-10-08T22:30:48.2101634Z   duration_ms: 691.2366
2026-10-08T22:30:48.2102054Z   type: 'test'
2026-10-08T22:30:48.2102418Z   ...
2026-10-08T22:35:09.0929113Z # Subtest: original recursive CPAN archives preserve callbacks and closures after producer removal
2026-10-08T22:35:09.0930682Z ok 7 - original recursive CPAN archives preserve callbacks and closures after producer removal
2026-10-08T22:35:09.0931579Z   ---
2026-10-08T22:35:09.0932033Z   duration_ms: 260622.057301
2026-10-08T22:35:09.0932538Z   type: 'test'
2026-10-08T22:35:09.0932981Z   ...
2026-10-08T22:35:09.0933705Z # ordinary-source: build CPAN-only recursive callbacks for 1 ABIs
2026-10-08T22:35:09.0934604Z # Compiling checked native Lean exports
2026-10-08T22:35:09.0935848Z # Compiling XS for /home/runner/work/lean-bridge/lean-bridge/.toolchains/perl/5.38.2-unthreaded/bin/perl
2026-10-08T22:35:09.0937931Z # ordinary-source: install /home/runner/work/lean-bridge/lean-bridge/.toolchains/perl/5.38.2-unthreaded/bin/perl, prebuilt-only, without author sources
2026-10-08T22:35:09.0940111Z # ordinary-source: install /home/runner/work/lean-bridge/lean-bridge/.toolchains/perl/5.38.2-unthreaded/bin/perl, build-xs, without author sources
2026-10-08T22:35:09.0941943Z # ordinary-source/prebuilt-only/v5.38.2: 204 recursive checks, 64983 acyclic checks, 39045 injected failures
2026-10-08T22:35:09.0943473Z # ordinary-source/build-xs/v5.38.2: 204 recursive checks, 64983 acyclic checks, 39045 injected failures
2026-10-08T22:35:09.0944614Z # reviewed-ir: build CPAN-only recursive callbacks for 1 ABIs
2026-10-08T22:35:09.0945343Z # Compiling checked native Lean exports
2026-10-08T22:35:09.0947085Z # Compiling XS for /home/runner/work/lean-bridge/lean-bridge/.toolchains/perl/5.38.2-unthreaded/bin/perl
2026-10-08T22:35:09.0949201Z # reviewed-ir: install /home/runner/work/lean-bridge/lean-bridge/.toolchains/perl/5.38.2-unthreaded/bin/perl, prebuilt-only, without author sources
2026-10-08T22:35:09.0951272Z # reviewed-ir: install /home/runner/work/lean-bridge/lean-bridge/.toolchains/perl/5.38.2-unthreaded/bin/perl, build-xs, without author sources
2026-10-08T22:35:09.0953129Z # reviewed-ir/prebuilt-only/v5.38.2: 204 recursive checks, 64983 acyclic checks, 39045 injected failures
2026-10-08T22:35:09.0954528Z # reviewed-ir/build-xs/v5.38.2: 204 recursive checks, 64983 acyclic checks, 39045 injected failures
2026-10-08T22:35:09.1055356Z 1..7
2026-10-08T22:35:09.1055720Z # tests 7
2026-10-08T22:35:09.1056506Z # suites 0
2026-10-08T22:35:09.1056737Z # pass 7
2026-10-08T22:35:09.1058988Z # fail 0
2026-10-08T22:35:09.1059336Z # cancelled 0
2026-10-08T22:35:09.1059999Z # skipped 0
2026-10-08T22:35:09.1060335Z # todo 0
2026-10-08T22:35:09.1060702Z # duration_ms 264537.89121
2026-10-08T22:35:09.1470582Z TAP version 13
2026-10-08T22:37:25.3730456Z # Subtest: installed Perl compounds preserve copied values on both source paths
2026-10-08T22:37:25.3737227Z ok 1 - installed Perl compounds preserve copied values on both source paths
2026-10-08T22:37:25.3738187Z   ---
2026-10-08T22:37:25.3738541Z   duration_ms: 135988.781846
2026-10-08T22:37:25.3738971Z   type: 'test'
2026-10-08T22:37:25.3739304Z   ...
2026-10-08T22:37:25.3739918Z # ordinary-source: compiling Perl compounds for 1 ABIs
2026-10-08T22:37:25.3746412Z # ordinary-source: installing offline and relocating /home/runner/work/lean-bridge/lean-bridge/.toolchains/perl/5.38.2-unthreaded/bin/perl
2026-10-08T22:37:25.3747370Z # ordinary-source: 78980 public assertions and 268 cleanup checks passed
2026-10-08T22:37:25.3750310Z # reviewed-ir: compiling Perl compounds for 1 ABIs
2026-10-08T22:37:25.3751739Z # reviewed-ir: installing offline and relocating /home/runner/work/lean-bridge/lean-bridge/.toolchains/perl/5.38.2-unthreaded/bin/perl
2026-10-08T22:37:25.3753668Z # reviewed-ir: 78980 public assertions and 268 cleanup checks passed
2026-10-08T22:37:25.3858093Z 1..1
2026-10-08T22:37:25.3858727Z # tests 1
2026-10-08T22:37:25.3859654Z # suites 0
2026-10-08T22:37:25.3860046Z # pass 1
2026-10-08T22:37:25.3860397Z # fail 0
2026-10-08T22:37:25.3860774Z # cancelled 0
2026-10-08T22:37:25.3861308Z # skipped 0
2026-10-08T22:37:25.3861717Z # todo 0
2026-10-08T22:37:25.3862268Z # duration_ms 136249.340827
2026-10-08T22:37:25.4303375Z TAP version 13
2026-10-08T22:37:25.5630967Z # Subtest: Perl List evidence binds eight executions to unchanged relocated installations
2026-10-08T22:37:25.5635066Z ok 1 - Perl List evidence binds eight executions to unchanged relocated installations
2026-10-08T22:37:25.5635706Z   ---
2026-10-08T22:37:25.5636154Z   duration_ms: 8.701126
2026-10-08T22:37:25.5636533Z   type: 'test'
2026-10-08T22:37:25.5636942Z   ...
2026-10-08T22:37:25.5642438Z # Subtest: Perl Lists use typed bounded Lean helpers and preserve native List/Array identity
2026-10-08T22:37:25.5644071Z ok 2 - Perl Lists use typed bounded Lean helpers and preserve native List/Array identity
2026-10-08T22:37:25.5644848Z   ---
2026-10-08T22:37:25.5645060Z   duration_ms: 19.547483
2026-10-08T22:37:25.5645297Z   type: 'test'
2026-10-08T22:37:25.5645493Z   ...
2026-10-08T22:37:25.5647572Z # Subtest: Perl List input checks precede host calls and ownership registration sees initialized arrays
2026-10-08T22:37:25.5670891Z ok 3 - Perl List input checks precede host calls and ownership registration sees initialized arrays
2026-10-08T22:37:25.5672097Z   ---
2026-10-08T22:37:25.5672594Z   duration_ms: 4.046468
2026-10-08T22:37:25.5673129Z   type: 'test'
2026-10-08T22:37:25.5673621Z   ...
2026-10-08T22:37:25.5674493Z # Subtest: Perl List callback payloads retain copied identity and depth checks
2026-10-08T22:37:25.5675576Z ok 4 - Perl List callback payloads retain copied identity and depth checks
2026-10-08T22:37:25.5676488Z   ---
2026-10-08T22:37:25.5676944Z   duration_ms: 23.524204
2026-10-08T22:37:25.5677457Z   type: 'test'
2026-10-08T22:37:25.5678200Z   ...
2026-10-08T22:37:25.5832953Z # Subtest: Perl List consumer assertions cannot mistake a regex failure's message for success
2026-10-08T22:37:25.5837610Z ok 5 - Perl List consumer assertions cannot mistake a regex failure's message for success
2026-10-08T22:37:25.5838315Z   ---
2026-10-08T22:37:25.5838619Z   duration_ms: 19.592657
2026-10-08T22:37:25.5838968Z   type: 'test'
2026-10-08T22:37:25.5839270Z   ...
2026-10-08T22:39:39.0403685Z # Subtest: installed Perl Lists preserve copied values on both source paths
2026-10-08T22:39:39.0405200Z ok 6 - installed Perl Lists preserve copied values on both source paths
2026-10-08T22:39:39.0406285Z   ---
2026-10-08T22:39:39.0406921Z   duration_ms: 133348.992354
2026-10-08T22:39:39.0407357Z   type: 'test'
2026-10-08T22:39:39.0407701Z   ...
2026-10-08T22:39:39.0408214Z # ordinary-source: compiling Perl Lists for 1 ABIs
2026-10-08T22:39:39.0409844Z # ordinary-source: installing offline and relocating /home/runner/work/lean-bridge/lean-bridge/.toolchains/perl/5.38.2-unthreaded/bin/perl
2026-10-08T22:39:39.0411451Z # ordinary-source: 112738 public assertions and 717 cleanup checks passed
2026-10-08T22:39:39.0412258Z # reviewed-ir: compiling Perl Lists for 1 ABIs
2026-10-08T22:39:39.0413532Z # reviewed-ir: installing offline and relocating /home/runner/work/lean-bridge/lean-bridge/.toolchains/perl/5.38.2-unthreaded/bin/perl
2026-10-08T22:39:39.0414796Z # reviewed-ir: 112738 public assertions and 717 cleanup checks passed
2026-10-08T22:39:39.0530440Z 1..6
2026-10-08T22:39:39.0530846Z # tests 6
2026-10-08T22:39:39.0531190Z # suites 0
2026-10-08T22:39:39.0531535Z # pass 6
2026-10-08T22:39:39.0531875Z # fail 0
2026-10-08T22:39:39.0532219Z # cancelled 0
2026-10-08T22:39:39.0532580Z # skipped 0
2026-10-08T22:39:39.0532925Z # todo 0
2026-10-08T22:39:39.0533271Z # duration_ms 133636.614366
2026-10-08T22:39:39.0997265Z TAP version 13
2026-10-08T22:39:39.2627784Z # Subtest: the independent collection contract covers every primitive, seven records and 24 nested arrays
2026-10-08T22:39:39.2647752Z ok 1 - the independent collection contract covers every primitive, seven records and 24 nested arrays
2026-10-08T22:39:39.2673784Z   ---
2026-10-08T22:39:39.2674282Z   duration_ms: 4.93902
2026-10-08T22:39:39.2674739Z   type: 'test'
2026-10-08T22:39:39.2675240Z   ...
2026-10-08T22:39:39.2675946Z # Subtest: Perl Arrays pin dense plain input slots before allocating or converting Lean elements
2026-10-08T22:39:39.2677167Z ok 2 - Perl Arrays pin dense plain input slots before allocating or converting Lean elements
2026-10-08T22:39:39.2677798Z   ---
2026-10-08T22:39:39.2678098Z   duration_ms: 16.062539
2026-10-08T22:39:39.2678465Z   type: 'test'
2026-10-08T22:39:39.2678775Z   ...
2026-10-08T22:39:39.2679530Z # Subtest: Perl records validate exact nominal types and pin every field before any conversion
2026-10-08T22:39:39.2680747Z ok 3 - Perl records validate exact nominal types and pin every field before any conversion
2026-10-08T22:39:39.2681451Z   ---
2026-10-08T22:39:39.2681798Z   duration_ms: 5.82045
2026-10-08T22:39:39.2682165Z   type: 'test'
2026-10-08T22:39:39.2682442Z   ...
2026-10-08T22:39:39.2683141Z # Subtest: Perl record fields cannot replace constructors, object methods or phase hooks
2026-10-08T22:39:39.2684153Z ok 4 - Perl record fields cannot replace constructors, object methods or phase hooks
2026-10-08T22:39:39.2684794Z   ---
2026-10-08T22:39:39.2685122Z   duration_ms: 45.939394
2026-10-08T22:39:39.2685493Z   type: 'test'
2026-10-08T22:39:39.2685833Z   ...
2026-10-08T22:39:39.2686886Z # Subtest: generated Perl record constructors reject malformed named fields without warnings
2026-10-08T22:39:39.2688010Z ok 5 - generated Perl record constructors reject malformed named fields without warnings
2026-10-08T22:39:39.2688680Z   ---
2026-10-08T22:39:39.2689013Z   duration_ms: 11.310336
2026-10-08T22:39:39.2689419Z   type: 'test'
2026-10-08T22:39:39.2689760Z   ...
2026-10-08T22:42:16.0075699Z # Subtest: installed Perl arrays and records preserve copied values on both source paths
2026-10-08T22:42:16.0077795Z ok 6 - installed Perl arrays and records preserve copied values on both source paths
2026-10-08T22:42:16.0078442Z   ---
2026-10-08T22:42:16.0086495Z   duration_ms: 156646.321593
2026-10-08T22:42:16.0086927Z   type: 'test'
2026-10-08T22:42:16.0087271Z   ...
2026-10-08T22:42:16.0087694Z # ordinary-source: compiling Perl arrays and records for 1 ABIs
2026-10-08T22:42:16.0089150Z # ordinary-source: installing offline and relocating /home/runner/work/lean-bridge/lean-bridge/.toolchains/perl/5.38.2-unthreaded/bin/perl
2026-10-08T22:42:16.0090634Z # ordinary-source: 239954 public assertions and 1205 cleanup checks passed
2026-10-08T22:42:16.0091394Z # reviewed-ir: compiling Perl arrays and records for 1 ABIs
2026-10-08T22:42:16.0092141Z # reviewed-ir: installing offline and relocating /home/runner/work/lean-bridge/lean-bridge/.toolchains/perl/5.38.2-unthreaded/bin/perl
2026-10-08T22:42:16.0093101Z # reviewed-ir: 239954 public assertions and 1205 cleanup checks passed
2026-10-08T22:42:16.0202387Z 1..6
2026-10-08T22:42:16.0202766Z # tests 6
2026-10-08T22:42:16.0203108Z # suites 0
2026-10-08T22:42:16.0203750Z # pass 6
2026-10-08T22:42:16.0204098Z # fail 0
2026-10-08T22:42:16.0204462Z # cancelled 0
2026-10-08T22:42:16.0204829Z # skipped 0
2026-10-08T22:42:16.0205169Z # todo 0
2026-10-08T22:42:16.0205516Z # duration_ms 156935.376165
2026-10-08T22:42:16.0663223Z TAP version 13
2026-10-08T22:42:16.6018266Z # Subtest: Perl alias evidence binds all eight executions to unchanged relocated installations
2026-10-08T22:42:16.6019960Z ok 1 - Perl alias evidence binds all eight executions to unchanged relocated installations
2026-10-08T22:42:16.6020902Z   ---
2026-10-08T22:42:16.6023022Z   duration_ms: 175.540711
2026-10-08T22:42:16.6023500Z   type: 'test'
2026-10-08T22:42:16.6023842Z   ...
2026-10-08T22:42:18.9837723Z # Subtest: Perl alias installed evidence promotes exactly six copied cells and runs in CI
2026-10-08T22:42:18.9897467Z ok 2 - Perl alias installed evidence promotes exactly six copied cells and runs in CI
2026-10-08T22:42:18.9946860Z   ---
2026-10-08T22:42:18.9947790Z   duration_ms: 2347.222855
2026-10-08T22:42:18.9948438Z   type: 'test'
2026-10-08T22:42:18.9949413Z   ...
2026-10-08T22:42:18.9950473Z # Subtest: Perl aliases keep source names and chains while native converters use target types
2026-10-08T22:42:18.9957228Z ok 3 - Perl aliases keep source names and chains while native converters use target types
2026-10-08T22:42:18.9958169Z   ---
2026-10-08T22:42:18.9958654Z   duration_ms: 17.922683
2026-10-08T22:42:18.9959201Z   type: 'test'
2026-10-08T22:42:18.9959650Z   ...
2026-10-08T22:42:18.9960532Z # Subtest: Perl alias host catalog preserves all 27 independently specified targets
2026-10-08T22:42:18.9961768Z ok 4 - Perl alias host catalog preserves all 27 independently specified targets
2026-10-08T22:42:18.9962571Z   ---
2026-10-08T22:42:18.9963073Z   duration_ms: 2.165253
2026-10-08T22:42:18.9963573Z   type: 'test'
2026-10-08T22:42:18.9964008Z   ...
2026-10-08T22:42:18.9964829Z # Subtest: Perl alias admission retains ownership, representation and nesting checks
2026-10-08T22:42:18.9966190Z ok 5 - Perl alias admission retains ownership, representation and nesting checks
2026-10-08T22:42:18.9966980Z   ---
2026-10-08T22:42:18.9967421Z   duration_ms: 8.353814
2026-10-08T22:42:18.9967899Z   type: 'test'
2026-10-08T22:42:18.9968337Z   ...
2026-10-08T22:42:18.9969102Z # Subtest: Perl alias POD escapes formatting and never adds executable declarations
2026-10-08T22:42:18.9970301Z ok 6 - Perl alias POD escapes formatting and never adds executable declarations
2026-10-08T22:42:18.9971085Z   ---
2026-10-08T22:42:18.9971525Z   duration_ms: 4.826215
2026-10-08T22:42:18.9972015Z   type: 'test'
2026-10-08T22:42:18.9972479Z   ...
2026-10-08T22:42:19.0697993Z # Subtest: Perl alias POD parses and consumer assertions reject failed regex checks
2026-10-08T22:42:19.0703040Z ok 7 - Perl alias POD parses and consumer assertions reject failed regex checks
2026-10-08T22:42:19.0708554Z   ---
2026-10-08T22:42:19.0709081Z   duration_ms: 88.346209
2026-10-08T22:42:19.0709646Z   type: 'test'
2026-10-08T22:42:19.0710117Z   ...
2026-10-08T22:44:21.4048684Z # Subtest: installed Perl aliases preserve named contracts and target semantics on both source paths
2026-10-08T22:44:21.4050121Z ok 8 - installed Perl aliases preserve named contracts and target semantics on both source paths
2026-10-08T22:44:21.4050689Z   ---
2026-10-08T22:44:21.4051171Z   duration_ms: 125071.919684
2026-10-08T22:44:21.4051747Z   type: 'test'
2026-10-08T22:44:21.4052044Z   ...
2026-10-08T22:44:21.4052446Z # ordinary-source: compiling aliases for 1 Perl ABIs
2026-10-08T22:44:21.4053297Z # ordinary-source: installing offline and relocating /home/runner/work/lean-bridge/lean-bridge/.toolchains/perl/5.38.2-unthreaded/bin/perl
2026-10-08T22:44:21.4054238Z # ordinary-source/v5.38.2/unthreaded: 11732 public assertions and 596 cleanup checks passed
2026-10-08T22:44:21.4055045Z # reviewed-ir: compiling aliases for 1 Perl ABIs
2026-10-08T22:44:21.4056073Z # reviewed-ir: installing offline and relocating /home/runner/work/lean-bridge/lean-bridge/.toolchains/perl/5.38.2-unthreaded/bin/perl
2026-10-08T22:44:21.4057731Z # reviewed-ir/v5.38.2/unthreaded: 11732 public assertions and 596 cleanup checks passed
2026-10-08T22:44:21.4174512Z 1..8
2026-10-08T22:44:21.4174775Z # tests 8
2026-10-08T22:44:21.4175048Z # suites 0
2026-10-08T22:44:21.4175298Z # pass 8
2026-10-08T22:44:21.4175544Z # fail 0
2026-10-08T22:44:21.4175922Z # cancelled 0
2026-10-08T22:44:21.4176634Z # skipped 0
2026-10-08T22:44:21.4176959Z # todo 0
2026-10-08T22:44:21.4177891Z # duration_ms 125365.041806
2026-10-08T22:44:21.4601892Z TAP version 13
2026-10-08T22:44:21.7246636Z # Subtest: CPAN packages are checked Fin consumers with every other native projection
2026-10-08T22:44:21.7252251Z ok 1 - CPAN packages are checked Fin consumers with every other native projection
2026-10-08T22:44:21.7253074Z   ---
2026-10-08T22:44:21.7253443Z   duration_ms: 0.795828
2026-10-08T22:44:21.7253841Z   type: 'test'
2026-10-08T22:44:21.7254173Z   ...
2026-10-08T22:44:21.7258575Z # Subtest: generated XS checks each exact bound before dispatch and unwraps the checked adapter result
2026-10-08T22:44:21.7260426Z ok 2 - generated XS checks each exact bound before dispatch and unwraps the checked adapter result
2026-10-08T22:44:21.7261064Z   ---
2026-10-08T22:44:21.7261410Z   duration_ms: 19.270461
2026-10-08T22:44:21.7261773Z   type: 'test'
2026-10-08T22:44:21.7262094Z   ...
2026-10-08T22:45:58.7131845Z # Subtest: relocated source-free CPAN packages check Fin bounds before Lean dispatch on every selected ABI
2026-10-08T22:45:58.7133359Z ok 3 - relocated source-free CPAN packages check Fin bounds before Lean dispatch on every selected ABI
2026-10-08T22:45:58.7134173Z   ---
2026-10-08T22:45:58.7134499Z   duration_ms: 96991.069884
2026-10-08T22:45:58.7134913Z   type: 'test'
2026-10-08T22:45:58.7135287Z   ...
2026-10-08T22:45:58.7135727Z # build 0: compiling XS for 1 Perl ABIs
2026-10-08T22:45:58.7140149Z # offline prebuilt installation on /home/runner/work/lean-bridge/lean-bridge/.toolchains/perl/5.38.2-unthreaded/bin/perl
2026-10-08T22:45:58.7141223Z # build 1: compiling XS for 1 Perl ABIs
2026-10-08T22:47:35.4521347Z # Subtest: independently reviewed Perl packages check scalar Fin through installed consumers
2026-10-08T22:47:35.4524767Z ok 4 - independently reviewed Perl packages check scalar Fin through installed consumers
2026-10-08T22:47:35.4525623Z   ---
2026-10-08T22:47:35.4526582Z   duration_ms: 96739.123902
2026-10-08T22:47:35.4527028Z   type: 'test'
2026-10-08T22:47:35.4527389Z   ...
2026-10-08T22:47:35.4527852Z # build 0: compiling XS for 1 Perl ABIs
2026-10-08T22:47:35.4528970Z # offline prebuilt installation on /home/runner/work/lean-bridge/lean-bridge/.toolchains/perl/5.38.2-unthreaded/bin/perl
2026-10-08T22:47:35.4529987Z # build 1: compiling XS for 1 Perl ABIs
2026-10-08T22:47:35.4645396Z 1..4
2026-10-08T22:47:35.4645770Z # tests 4
2026-10-08T22:47:35.4646459Z # suites 0
2026-10-08T22:47:35.4646820Z # pass 4
2026-10-08T22:47:35.4657147Z # fail 0
2026-10-08T22:47:35.4657505Z # cancelled 0
2026-10-08T22:47:35.4657833Z # skipped 0
2026-10-08T22:47:35.4658155Z # todo 0
2026-10-08T22:47:35.4658551Z # duration_ms 194014.570826
2026-10-08T22:47:35.5050873Z TAP version 13
2026-10-08T22:49:43.6303283Z # Subtest: installed Perl variants preserve named constructors, copied fields and scoped cleanup on both source paths
2026-10-08T22:49:43.6309948Z ok 1 - installed Perl variants preserve named constructors, copied fields and scoped cleanup on both source paths
2026-10-08T22:49:43.6311017Z   ---
2026-10-08T22:49:43.6311475Z   duration_ms: 127875.17054
2026-10-08T22:49:43.6311950Z   type: 'test'
2026-10-08T22:49:43.6312357Z   ...
2026-10-08T22:49:43.6313085Z # ordinary-source: compiling fourteen variant exports for 1 Perl ABIs
2026-10-08T22:49:43.6318963Z # ordinary-source: installing offline and relocating /home/runner/work/lean-bridge/lean-bridge/.toolchains/perl/5.38.2-unthreaded/bin/perl
2026-10-08T22:49:43.6321330Z # ordinary-source/v5.38.2/unthreaded: 53680 public assertions, 116 rejected inputs and 584 cleanup checks passed
2026-10-08T22:49:43.6322999Z # reviewed-ir: compiling fourteen variant exports for 1 Perl ABIs
2026-10-08T22:49:43.6324601Z # reviewed-ir: installing offline and relocating /home/runner/work/lean-bridge/lean-bridge/.toolchains/perl/5.38.2-unthreaded/bin/perl
2026-10-08T22:49:43.6326621Z # reviewed-ir/v5.38.2/unthreaded: 53680 public assertions, 116 rejected inputs and 584 cleanup checks passed
2026-10-08T22:49:43.6424213Z 1..1
2026-10-08T22:49:43.6426344Z # tests 1
2026-10-08T22:49:43.6426755Z # suites 0
2026-10-08T22:49:43.6427117Z # pass 1
2026-10-08T22:49:43.6427460Z # fail 0
2026-10-08T22:49:43.6427807Z # cancelled 0
2026-10-08T22:49:43.6444994Z # skipped 0
2026-10-08T22:49:43.6446538Z # todo 0
2026-10-08T22:49:43.6446904Z # duration_ms 128147.853402
2026-10-08T22:49:43.6873114Z TAP version 13
2026-10-08T22:49:47.8101692Z # Subtest: Perl recursive declarations retain nominal edges and transparent aliases
2026-10-08T22:49:47.8111671Z ok 1 - Perl recursive declarations retain nominal edges and transparent aliases
2026-10-08T22:49:47.8113138Z   ---
2026-10-08T22:49:47.8113691Z   duration_ms: 254.542561
2026-10-08T22:49:47.8114254Z   type: 'test'
2026-10-08T22:49:47.8114739Z   ...
2026-10-08T22:49:47.8115829Z # Subtest: Perl graph declarations reject unsafe namespace, lifecycle and constructor names
2026-10-08T22:49:47.8118213Z ok 2 - Perl graph declarations reject unsafe namespace, lifecycle and constructor names
2026-10-08T22:49:47.8118942Z   ---
2026-10-08T22:49:47.8125596Z   duration_ms: 495.261993
2026-10-08T22:49:47.8125884Z   type: 'test'
2026-10-08T22:49:47.8126366Z   ...
2026-10-08T22:49:47.8127102Z # Subtest: Perl graph declaration size follows finite nodes, not alias expansion
2026-10-08T22:49:47.8128120Z ok 3 - Perl graph declaration size follows finite nodes, not alias expansion
2026-10-08T22:49:47.8128813Z   ---
2026-10-08T22:49:47.8129152Z   duration_ms: 3268.0937
2026-10-08T22:49:47.8129556Z   type: 'test'
2026-10-08T22:49:47.8129897Z   ...
2026-10-08T22:49:51.3199491Z # Subtest: Perl recursive declarations execute on selected pinned interpreter ABIs
2026-10-08T22:49:51.3200823Z ok 4 - Perl recursive declarations execute on selected pinned interpreter ABIs
2026-10-08T22:49:51.3201602Z   ---
2026-10-08T22:49:51.3202043Z   duration_ms: 3513.970743
2026-10-08T22:49:51.3202565Z   type: 'test'
2026-10-08T22:49:51.3203002Z   ...
2026-10-08T22:49:51.3204996Z # Subtest: Perl CI requires declaration execution and retains its per-ABI report
2026-10-08T22:49:51.3206816Z ok 5 - Perl CI requires declaration execution and retains its per-ABI report
2026-10-08T22:49:51.3207599Z   ---
2026-10-08T22:49:51.3208041Z   duration_ms: 0.804919
2026-10-08T22:49:51.3208501Z   type: 'test'
2026-10-08T22:49:51.3208914Z   ...
2026-10-08T22:49:51.3324674Z 1..5
2026-10-08T22:49:51.3325064Z # tests 5
2026-10-08T22:49:51.3325386Z # suites 0
2026-10-08T22:49:51.3325718Z # pass 5
2026-10-08T22:49:51.3342052Z # fail 0
2026-10-08T22:49:51.3342371Z # cancelled 0
2026-10-08T22:49:51.3342679Z # skipped 0
2026-10-08T22:49:51.3342954Z # todo 0
2026-10-08T22:49:51.3343351Z # duration_ms 7655.894212
2026-10-08T22:49:51.3740908Z TAP version 13
2026-10-08T22:50:00.6348626Z # Subtest: recorded Perl conversions bind all four ABIs without claiming installed CPAN support
2026-10-08T22:50:00.6353656Z ok 1 - recorded Perl conversions bind all four ABIs without claiming installed CPAN support
2026-10-08T22:50:00.6354454Z   ---
2026-10-08T22:50:00.6354775Z   duration_ms: 5153.522709
2026-10-08T22:50:00.6355178Z   type: 'test'
2026-10-08T22:50:00.6355520Z   ...
2026-10-08T22:50:00.6357336Z # Subtest: Perl graph converters remain finite, deterministic and nominal
2026-10-08T22:50:00.6359642Z ok 2 - Perl graph converters remain finite, deterministic and nominal
2026-10-08T22:50:00.6360260Z   ---
2026-10-08T22:50:00.6360951Z   duration_ms: 3681.460502
2026-10-08T22:50:00.6361349Z   type: 'test'
2026-10-08T22:50:00.6361722Z   ...
2026-10-08T22:50:00.6362602Z # Subtest: Perl XS calls validate before initialization and register native cleanup before invocation
2026-10-08T22:50:00.6387755Z ok 3 - Perl XS calls validate before initialization and register native cleanup before invocation
2026-10-08T22:50:00.6389581Z   ---
2026-10-08T22:50:00.6390326Z   duration_ms: 136.665445
2026-10-08T22:50:00.6390796Z   type: 'test'
2026-10-08T22:50:00.6391160Z   ...
2026-10-08T22:50:02.1582295Z # Subtest: Perl isolated XS conversions reject malformed values and release failures on selected ABIs
2026-10-08T22:50:02.1583944Z ok 4 - Perl isolated XS conversions reject malformed values and release failures on selected ABIs
2026-10-08T22:50:02.1584661Z   ---
2026-10-08T22:50:02.1584994Z   duration_ms: 1524.465914
2026-10-08T22:50:02.1585357Z   type: 'test'
2026-10-08T22:50:02.1585661Z   ...
2026-10-08T22:55:11.7023611Z # Subtest: Perl XS executes ordinary and reviewed compiled Lean graphs on selected ABIs
2026-10-08T22:55:11.7024776Z ok 5 - Perl XS executes ordinary and reviewed compiled Lean graphs on selected ABIs
2026-10-08T22:55:11.7025294Z   ---
2026-10-08T22:55:11.7025689Z   duration_ms: 309543.646971
2026-10-08T22:55:11.7026948Z   type: 'test'
2026-10-08T22:55:11.7027172Z   ...
2026-10-08T22:55:11.7028189Z # Subtest: Perl CI requires isolated and compiled graph conversions for every ABI
2026-10-08T22:55:11.7031816Z ok 6 - Perl CI requires isolated and compiled graph conversions for every ABI
2026-10-08T22:55:11.7032306Z   ---
2026-10-08T22:55:11.7032733Z   duration_ms: 0.941493
2026-10-08T22:55:11.7033147Z   type: 'test'
2026-10-08T22:55:11.7033492Z   ...
2026-10-08T22:55:11.7330984Z 1..6
2026-10-08T22:55:11.7331319Z # tests 6
2026-10-08T22:55:11.7331529Z # suites 0
2026-10-08T22:55:11.7336542Z # pass 6
2026-10-08T22:55:11.7336854Z # fail 0
2026-10-08T22:55:11.7337052Z # cancelled 0
2026-10-08T22:55:11.7337276Z # skipped 0
2026-10-08T22:55:11.7337500Z # todo 0
2026-10-08T22:55:11.7337713Z # duration_ms 320369.448293
2026-10-08T22:55:11.7749601Z TAP version 13
2026-10-08T22:55:13.8902894Z # Subtest: recursive Perl package generation isolates native symbols and defers initialization
2026-10-08T22:55:13.8927448Z ok 1 - recursive Perl package generation isolates native symbols and defers initialization
2026-10-08T22:55:13.8928283Z   ---
2026-10-08T22:55:13.8928638Z   duration_ms: 32.73212
2026-10-08T22:55:13.8929374Z   type: 'test'
2026-10-08T22:55:13.8929716Z   ...
2026-10-08T22:55:13.8930549Z # Subtest: Perl source literals preserve coordinates, sigils, quotes and backslashes
2026-10-08T22:55:13.8931476Z ok 2 - Perl source literals preserve coordinates, sigils, quotes and backslashes
2026-10-08T22:55:13.8931868Z   ---
2026-10-08T22:55:13.8932061Z   duration_ms: 0.176649
2026-10-08T22:55:13.8932288Z   type: 'test'
2026-10-08T22:55:13.8932481Z   ...
2026-10-08T22:55:13.8932891Z # Subtest: Perl installation comparison normalizes only known installer bookkeeping
2026-10-08T22:55:13.8933517Z ok 3 - Perl installation comparison normalizes only known installer bookkeeping
2026-10-08T22:55:13.8933889Z   ---
2026-10-08T22:55:13.8934094Z   duration_ms: 5.684936
2026-10-08T22:55:13.8934312Z   type: 'test'
2026-10-08T22:55:13.8934516Z   ...
2026-10-08T22:55:13.8934926Z # Subtest: CPAN finite admission validates the Perl namespace without adding a C target
2026-10-08T22:55:13.8935733Z ok 4 - CPAN finite admission validates the Perl namespace without adding a C target
2026-10-08T22:55:13.8936462Z   ---
2026-10-08T22:55:13.8936807Z   duration_ms: 1526.05934
2026-10-08T22:55:13.8937176Z   type: 'test'
2026-10-08T22:55:13.8937412Z   ...
2026-10-08T22:55:13.8971550Z # Subtest: Perl probe lineage permits only the three unchanged instrumentation exports
2026-10-08T22:55:13.8972707Z ok 5 - Perl probe lineage permits only the three unchanged instrumentation exports
2026-10-08T22:55:13.8979944Z   ---
2026-10-08T22:55:13.8980179Z   duration_ms: 10.707801
2026-10-08T22:55:13.8980985Z   type: 'test'
2026-10-08T22:55:13.8981311Z   ...
2026-10-08T22:55:13.9051757Z # Subtest: Perl regression signatures preserve parameter order and reconstruct the named compound review
2026-10-08T22:55:13.9053588Z ok 6 - Perl regression signatures preserve parameter order and reconstruct the named compound review
2026-10-08T22:55:13.9054399Z   ---
2026-10-08T22:55:13.9054721Z   duration_ms: 8.804746
2026-10-08T22:55:13.9055107Z   type: 'test'
2026-10-08T22:55:13.9055308Z   ...
2026-10-08T22:55:27.0995914Z # Subtest: recursive CPAN acceptance binds every ABI, original archive, lifecycle probe and documented call
2026-10-08T22:55:27.0997421Z ok 7 - recursive CPAN acceptance binds every ABI, original archive, lifecycle probe and documented call
2026-10-08T22:55:27.0998212Z   ---
2026-10-08T22:55:27.0998587Z   duration_ms: 13193.498394
2026-10-08T22:55:27.0999022Z   type: 'test'
2026-10-08T22:55:27.0999370Z   ...
2026-10-08T23:10:40.5020227Z # Subtest: ordinary and reviewed CPAN graphs install source-free on selected Perl ABIs
2026-10-08T23:10:40.5021667Z ok 8 - ordinary and reviewed CPAN graphs install source-free on selected Perl ABIs
2026-10-08T23:10:40.5022479Z   ---
2026-10-08T23:10:40.5022867Z   duration_ms: 913402.567543
2026-10-08T23:10:40.5023311Z   type: 'test'
2026-10-08T23:10:40.5023697Z   ...
2026-10-08T23:10:40.5024239Z # ordinary: independent build 1, CPAN-only archives
2026-10-08T23:10:40.5025363Z # ordinary: /home/runner/work/lean-bridge/lean-bridge/.toolchains/perl/5.38.2-unthreaded/bin/perl, prebuilt-only
2026-10-08T23:10:40.5027190Z # ordinary: /home/runner/work/lean-bridge/lean-bridge/.toolchains/perl/5.38.2-unthreaded/bin/perl, build-xs
2026-10-08T23:10:40.5028298Z # ordinary: 2 source-free installations passed
2026-10-08T23:10:40.5029001Z # reviewed: independent build 1, CPAN-only archives
2026-10-08T23:10:40.5030197Z # reviewed: /home/runner/work/lean-bridge/lean-bridge/.toolchains/perl/5.38.2-unthreaded/bin/perl, prebuilt-only
2026-10-08T23:10:40.5031791Z # reviewed: /home/runner/work/lean-bridge/lean-bridge/.toolchains/perl/5.38.2-unthreaded/bin/perl, build-xs
2026-10-08T23:10:40.5032992Z # reviewed: 2 source-free installations passed
2026-10-08T23:10:40.5034021Z # ordinary: independent build 2, CPAN-only archives
2026-10-08T23:10:40.5035380Z # ordinary: /home/runner/work/lean-bridge/lean-bridge/.toolchains/perl/5.38.2-unthreaded/bin/perl, prebuilt-only
2026-10-08T23:10:40.5037260Z # ordinary: /home/runner/work/lean-bridge/lean-bridge/.toolchains/perl/5.38.2-unthreaded/bin/perl, build-xs
2026-10-08T23:10:40.5038364Z # ordinary: 2 source-free installations passed
2026-10-08T23:10:40.5039148Z # reviewed: independent build 2, CPAN-only archives
2026-10-08T23:10:40.5040372Z # reviewed: /home/runner/work/lean-bridge/lean-bridge/.toolchains/perl/5.38.2-unthreaded/bin/perl, prebuilt-only
2026-10-08T23:10:40.5041913Z # reviewed: /home/runner/work/lean-bridge/lean-bridge/.toolchains/perl/5.38.2-unthreaded/bin/perl, build-xs
2026-10-08T23:10:40.5043032Z # reviewed: 2 source-free installations passed
2026-10-08T23:12:19.6420333Z # Subtest: Perl rejects conflicting native component coordinates before loading their code
2026-10-08T23:12:19.6421621Z ok 9 - Perl rejects conflicting native component coordinates before loading their code
2026-10-08T23:12:19.6422368Z   ---
2026-10-08T23:12:19.6422711Z   duration_ms: 99139.883674
2026-10-08T23:12:19.6423101Z   type: 'test'
2026-10-08T23:12:19.6423412Z   ...
2026-10-08T23:14:47.9007284Z # Subtest: installed recursive and acyclic Perl packages share lifecycle without symbol collisions
2026-10-08T23:14:47.9009405Z ok 10 - installed recursive and acyclic Perl packages share lifecycle without symbol collisions
2026-10-08T23:14:47.9010150Z   ---
2026-10-08T23:14:47.9010471Z   duration_ms: 148258.489552
2026-10-08T23:14:47.9010813Z   type: 'test'
2026-10-08T23:14:47.9011109Z   ...
2026-10-08T23:14:47.9011537Z # building GraphAlpha for 1 Perl ABIs
2026-10-08T23:14:47.9012103Z # building GraphBeta for 1 Perl ABIs
2026-10-08T23:14:47.9012643Z # building Peer for 1 Perl ABIs
2026-10-08T23:14:47.9014523Z # installing and checking composition: /home/runner/work/lean-bridge/lean-bridge/.toolchains/perl/5.38.2-unthreaded/bin/perl
2026-10-08T23:16:37.7222913Z # Subtest: recursive Perl documentation builds original archives and rejects installed native tampering
2026-10-08T23:16:37.7224596Z ok 11 - recursive Perl documentation builds original archives and rejects installed native tampering
2026-10-08T23:16:37.7225508Z   ---
2026-10-08T23:16:37.7226182Z   duration_ms: 109821.3784
2026-10-08T23:16:37.7226588Z   type: 'test'
2026-10-08T23:16:37.7226933Z   ...
2026-10-08T23:16:37.7227423Z # ordinary: compiling the documented recursive module
2026-10-08T23:16:37.7228233Z # ordinary: executing documentation and native tamper checks on /home/runner/work/lean-bridge/lean-bridge/.toolchains/perl/5.38.2-unthreaded/bin/perl
2026-10-08T23:16:37.7228946Z # reviewed: compiling the documented recursive module
2026-10-08T23:16:37.7229723Z # reviewed: executing documentation and native tamper checks on /home/runner/work/lean-bridge/lean-bridge/.toolchains/perl/5.38.2-unthreaded/bin/perl
2026-10-08T23:16:37.7584505Z 1..11
2026-10-08T23:16:37.7584890Z # tests 11
2026-10-08T23:16:37.7585215Z # suites 0
2026-10-08T23:16:37.7585540Z # pass 11
2026-10-08T23:16:37.7585873Z # fail 0
2026-10-08T23:16:37.7586324Z # cancelled 0
2026-10-08T23:16:37.7586698Z # skipped 0
2026-10-08T23:16:37.7597014Z # todo 0
2026-10-08T23:16:37.7597328Z # duration_ms 1285994.011642
2026-10-08T23:16:37.7990708Z TAP version 13
2026-10-08T23:16:38.2415813Z # Subtest: Native consumer CI repair integration authenticates each exact source predecessor
2026-10-08T23:16:38.2421998Z ok 1 - Native consumer CI repair integration authenticates each exact source predecessor
2026-10-08T23:16:38.2423111Z   ---
2026-10-08T23:16:38.2423494Z   duration_ms: 173.512095
2026-10-08T23:16:38.2423920Z   type: 'test'
2026-10-08T23:16:38.2424279Z   ...
2026-10-08T23:16:38.3816386Z # Subtest: Native consumer CI repair source pins do not change observations or other inventory claims
2026-10-08T23:16:38.3818274Z ok 2 - Native consumer CI repair source pins do not change observations or other inventory claims
2026-10-08T23:16:38.3819217Z   ---
2026-10-08T23:16:38.3819989Z   duration_ms: 140.157999
2026-10-08T23:16:38.3820491Z   type: 'test'
2026-10-08T23:16:38.3820805Z   ...
2026-10-08T23:16:38.3853148Z # Subtest: every native profile has a specialization consumer for the same concrete exports
2026-10-08T23:16:38.3857300Z ok 3 - every native profile has a specialization consumer for the same concrete exports
2026-10-08T23:16:38.3858358Z   ---
2026-10-08T23:16:38.3859139Z   duration_ms: 2.922684
2026-10-08T23:16:38.3859608Z   type: 'test'
2026-10-08T23:16:38.3859970Z   ...
2026-10-08T23:16:38.3860613Z # Subtest: native builds admit a generic structure instantiation named by an alias, with its provenance
2026-10-08T23:16:38.3861392Z ok 4 - native builds admit a generic structure instantiation named by an alias, with its provenance # SKIP
2026-10-08T23:16:38.3861886Z   ---
2026-10-08T23:16:38.3862126Z   duration_ms: 0.305117
2026-10-08T23:16:38.3862482Z   type: 'test'
2026-10-08T23:16:38.3862688Z   ...
2026-10-08T23:18:11.8133320Z # Subtest: relocated source-free native packages install concrete specializations without the generic declaration
2026-10-08T23:18:11.8134966Z ok 5 - relocated source-free native packages install concrete specializations without the generic declaration
2026-10-08T23:18:11.8135814Z   ---
2026-10-08T23:18:11.8136310Z   duration_ms: 93428.280514
2026-10-08T23:18:11.8136678Z   type: 'test'
2026-10-08T23:18:11.8136994Z   ...
2026-10-08T23:18:11.8137286Z # build 0: perl
2026-10-08T23:18:11.8137702Z # installing and checking perl
2026-10-08T23:18:11.8138149Z # build 1: perl
2026-10-08T23:18:11.8276573Z 1..5
2026-10-08T23:18:11.8276960Z # tests 5
2026-10-08T23:18:11.8277293Z # suites 0
2026-10-08T23:18:11.8277628Z # pass 4
2026-10-08T23:18:11.8277951Z # fail 0
2026-10-08T23:18:11.8278270Z # cancelled 0
2026-10-08T23:18:11.8278633Z # skipped 1
2026-10-08T23:18:11.8279341Z # todo 0
2026-10-08T23:18:11.8279726Z # duration_ms 94039.169326
2026-10-08T23:18:11.8698664Z TAP version 13
2026-10-08T23:19:46.8115227Z # Subtest: relocated source-free native packages construct and project alias-named generic records
2026-10-08T23:19:46.8123362Z ok 1 - relocated source-free native packages construct and project alias-named generic records
2026-10-08T23:19:46.8124185Z   ---
2026-10-08T23:19:46.8124538Z   duration_ms: 94512.543778
2026-10-08T23:19:46.8124965Z   type: 'test'
2026-10-08T23:19:46.8125285Z   ...
2026-10-08T23:19:46.8125722Z # build 0: perl
2026-10-08T23:19:46.8131993Z # installing and checking perl
2026-10-08T23:19:46.8134434Z # build 1: perl
2026-10-08T23:21:21.9412367Z # Subtest: relocated source-free native packages construct specialized generic records in two namespaces and Option/List aliases
2026-10-08T23:21:21.9414513Z ok 2 - relocated source-free native packages construct specialized generic records in two namespaces and Option/List aliases
2026-10-08T23:21:21.9415739Z   ---
2026-10-08T23:21:21.9418788Z   duration_ms: 95130.665573
2026-10-08T23:21:21.9419267Z   type: 'test'
2026-10-08T23:21:21.9419617Z   ...
2026-10-08T23:21:21.9420142Z # build 0: perl
2026-10-08T23:21:21.9420596Z # installing and checking perl
2026-10-08T23:21:21.9421006Z # build 1: perl
2026-10-08T23:21:21.9569094Z 1..2
2026-10-08T23:21:21.9569492Z # tests 2
2026-10-08T23:21:21.9569762Z # suites 0
2026-10-08T23:21:21.9569982Z # pass 2
2026-10-08T23:21:21.9570229Z # fail 0
2026-10-08T23:21:21.9570441Z # cancelled 0
2026-10-08T23:21:21.9570764Z # skipped 0
2026-10-08T23:21:21.9571187Z # todo 0
2026-10-08T23:21:21.9572155Z # duration_ms 190097.346158
2026-10-08T23:21:22.0035738Z TAP version 13
2026-10-08T23:21:22.3072400Z # Subtest: container host dispatch requires every ordered public and raw control
2026-10-08T23:21:22.3081754Z ok 1 - container host dispatch requires every ordered public and raw control
2026-10-08T23:21:22.3082890Z   ---
2026-10-08T23:21:22.3083447Z   duration_ms: 18.759142
2026-10-08T23:21:22.3084093Z   type: 'test'
2026-10-08T23:21:22.3084634Z   ...
2026-10-08T23:21:23.0707114Z # Subtest: container dispatch history authenticates exact predecessors and rejects unknown edits
2026-10-08T23:21:23.0708791Z ok 2 - container dispatch history authenticates exact predecessors and rejects unknown edits
2026-10-08T23:21:23.0709792Z   ---
2026-10-08T23:21:23.0710219Z   duration_ms: 768.079613
2026-10-08T23:21:23.0710679Z   type: 'test'
2026-10-08T23:21:23.0711078Z   ...
2026-10-08T23:21:23.7619412Z # Subtest: container dispatch adds no support claims or rewritten archived observations
2026-10-08T23:21:23.7621337Z ok 3 - container dispatch adds no support claims or rewritten archived observations
2026-10-08T23:21:23.7622194Z   ---
2026-10-08T23:21:23.7622554Z   duration_ms: 691.301106
2026-10-08T23:21:23.7622924Z   type: 'test'
2026-10-08T23:21:23.7623143Z   ...
2026-10-08T23:21:24.3690668Z # Subtest: Perl Fin archive inspection authenticates each exact source predecessor
2026-10-08T23:21:24.3692146Z ok 4 - Perl Fin archive inspection authenticates each exact source predecessor
2026-10-08T23:21:24.3693006Z   ---
2026-10-08T23:21:24.3693486Z   duration_ms: 606.852216
2026-10-08T23:21:24.3693948Z   type: 'test'
2026-10-08T23:21:24.3694346Z   ...
2026-10-08T23:21:24.9576870Z # Subtest: Perl Fin archive inspection changes current source pins without inventing installed evidence
2026-10-08T23:21:24.9578541Z ok 5 - Perl Fin archive inspection changes current source pins without inventing installed evidence
2026-10-08T23:21:24.9579481Z   ---
2026-10-08T23:21:24.9579893Z   duration_ms: 588.377631
2026-10-08T23:21:24.9580348Z   type: 'test'
2026-10-08T23:21:24.9580740Z   ...
2026-10-08T23:21:25.5432727Z # Subtest: Perl Fin XS audit authenticates each exact source predecessor
2026-10-08T23:21:25.5434058Z ok 6 - Perl Fin XS audit authenticates each exact source predecessor
2026-10-08T23:21:25.5435066Z   ---
2026-10-08T23:21:25.5435899Z   duration_ms: 585.77184
2026-10-08T23:21:25.5436550Z   type: 'test'
2026-10-08T23:21:25.5437301Z   ...
2026-10-08T23:21:26.1041339Z # Subtest: Perl Fin XS audit changes current source pins without inventing installed evidence
2026-10-08T23:21:26.1043298Z ok 7 - Perl Fin XS audit changes current source pins without inventing installed evidence
2026-10-08T23:21:26.1044145Z   ---
2026-10-08T23:21:26.1044409Z   duration_ms: 560.409288
2026-10-08T23:21:26.1044712Z   type: 'test'
2026-10-08T23:21:26.1044953Z   ...
2026-10-08T23:21:26.1246321Z # Subtest: Perl Fin archive inspection works with the compiler-free consumer PATH
2026-10-08T23:21:26.1247461Z ok 8 - Perl Fin archive inspection works with the compiler-free consumer PATH
2026-10-08T23:21:26.1248160Z   ---
2026-10-08T23:21:26.1248524Z   duration_ms: 16.184207
2026-10-08T23:21:26.1248921Z   type: 'test'
2026-10-08T23:21:26.1249131Z   ...
2026-10-08T23:21:26.1254818Z # Subtest: native types admit Fin at top level, inside structural containers and in plain record and variant fields
2026-10-08T23:21:26.1256456Z ok 9 - native types admit Fin at top level, inside structural containers and in plain record and variant fields
2026-10-08T23:21:26.1257294Z   ---
2026-10-08T23:21:26.1257586Z   duration_ms: 2.673268
2026-10-08T23:21:26.1257938Z   type: 'test'
2026-10-08T23:21:26.1258248Z   ...
2026-10-08T23:21:26.1259218Z # Subtest: Lean adapters check container elements with typed construction and keep the scalar form byte for byte
2026-10-08T23:21:26.1260592Z ok 10 - Lean adapters check container elements with typed construction and keep the scalar form byte for byte
2026-10-08T23:21:26.1261468Z   ---
2026-10-08T23:21:26.1263175Z   duration_ms: 1.944907
2026-10-08T23:21:26.1263436Z   type: 'test'
2026-10-08T23:21:26.1263699Z   ...
2026-10-08T23:21:26.1283524Z # Subtest: every native profile has a Fin container consumer
2026-10-08T23:21:26.1284445Z ok 11 - every native profile has a Fin container consumer
2026-10-08T23:21:26.1285165Z   ---
2026-10-08T23:21:26.1285626Z   duration_ms: 2.686107
2026-10-08T23:21:26.1286254Z   type: 'test'
2026-10-08T23:21:26.1286735Z   ...
2026-10-08T23:21:26.1287913Z # Subtest: native builds still reject Fin in callbacks and generic record instantiations, including containers there
2026-10-08T23:21:26.1289646Z ok 12 - native builds still reject Fin in callbacks and generic record instantiations, including containers there # SKIP
2026-10-08T23:21:26.1290699Z   ---
2026-10-08T23:21:26.1291262Z   duration_ms: 0.237632
2026-10-08T23:21:26.1291782Z   type: 'test'
2026-10-08T23:21:26.1292332Z   ...
2026-10-08T23:23:04.2659024Z # Subtest: relocated source-free native packages check Fin inside arrays, lists and options
2026-10-08T23:23:04.2660387Z ok 13 - relocated source-free native packages check Fin inside arrays, lists and options
2026-10-08T23:23:04.2660899Z   ---
2026-10-08T23:23:04.2661134Z   duration_ms: 98137.503683
2026-10-08T23:23:04.2661431Z   type: 'test'
2026-10-08T23:23:04.2661714Z   ...
2026-10-08T23:23:04.2662028Z # build 0: perl
2026-10-08T23:23:04.2662436Z # installing and checking perl
2026-10-08T23:23:04.2662726Z # build 1: perl
2026-10-08T23:24:42.5070502Z # Subtest: independently reviewed native packages check container and alias Fin bounds after source-free installation
2026-10-08T23:24:42.5071920Z ok 14 - independently reviewed native packages check container and alias Fin bounds after source-free installation
2026-10-08T23:24:42.5073026Z   ---
2026-10-08T23:24:42.5073514Z   duration_ms: 98241.554689
2026-10-08T23:24:42.5074219Z   type: 'test'
2026-10-08T23:24:42.5074637Z   ...
2026-10-08T23:24:42.5075035Z # build 0: perl
2026-10-08T23:24:42.5075524Z # installing and checking perl
2026-10-08T23:24:42.5075866Z # build 1: perl
2026-10-08T23:24:42.5215427Z # Subtest: generated XS walks every container element against its exact bound before the guarded adapter runs
2026-10-08T23:24:42.5217286Z ok 15 - generated XS walks every container element against its exact bound before the guarded adapter runs
2026-10-08T23:24:42.5217753Z   ---
2026-10-08T23:24:42.5217963Z   duration_ms: 16.579952
2026-10-08T23:24:42.5218549Z   type: 'test'
2026-10-08T23:24:42.5218861Z   ...
2026-10-08T23:24:42.5219749Z # Subtest: a checked constructor beside container bounds runs after every bound, through the exported validator
2026-10-08T23:24:42.5220673Z ok 16 - a checked constructor beside container bounds runs after every bound, through the exported validator
2026-10-08T23:24:42.5221144Z   ---
2026-10-08T23:24:42.5221344Z   duration_ms: 6.564942
2026-10-08T23:24:42.5221580Z   type: 'test'
2026-10-08T23:24:42.5221777Z   ...
2026-10-08T23:24:42.5227031Z # Subtest: the Perl dispatch interposers repeat the exported prototypes they wrap
2026-10-08T23:24:42.5228119Z ok 17 - the Perl dispatch interposers repeat the exported prototypes they wrap
2026-10-08T23:24:42.5228808Z   ---
2026-10-08T23:24:42.5229022Z   duration_ms: 1.039482
2026-10-08T23:24:42.5229244Z   type: 'test'
2026-10-08T23:24:42.5229446Z   ...
2026-10-08T23:24:42.5229626Z 1..17
2026-10-08T23:24:42.5229805Z # tests 17
2026-10-08T23:24:42.5229988Z # suites 0
2026-10-08T23:24:42.5230188Z # pass 16
2026-10-08T23:24:42.5230369Z # fail 0
2026-10-08T23:24:42.5230555Z # cancelled 0
2026-10-08T23:24:42.5230755Z # skipped 1
2026-10-08T23:24:42.5230940Z # todo 0
2026-10-08T23:24:42.5231158Z # duration_ms 200532.700614
2026-10-08T23:24:42.5630680Z TAP version 13
2026-10-08T23:24:42.8971125Z # Subtest: PHP-safe product name authenticates each exact source predecessor
2026-10-08T23:24:42.8977561Z ok 1 - PHP-safe product name authenticates each exact source predecessor
2026-10-08T23:24:42.8978803Z   ---
2026-10-08T23:24:42.8979150Z   duration_ms: 50.812326
2026-10-08T23:24:42.8979542Z   type: 'test'
2026-10-08T23:24:42.8979902Z   ...
2026-10-08T23:24:43.5180889Z # Subtest: Fin products authenticates each exact source predecessor
2026-10-08T23:24:43.5182001Z ok 2 - Fin products authenticates each exact source predecessor
2026-10-08T23:24:43.5182713Z   ---
2026-10-08T23:24:43.5183154Z   duration_ms: 620.487134
2026-10-08T23:24:43.5183685Z   type: 'test'
2026-10-08T23:24:43.5184161Z   ...
2026-10-08T23:24:44.4607539Z # Subtest: Fin products changes current source pins without inventing installed evidence
2026-10-08T23:24:44.4612331Z ok 3 - Fin products changes current source pins without inventing installed evidence
2026-10-08T23:24:44.4613249Z   ---
2026-10-08T23:24:44.4613778Z   duration_ms: 942.447409
2026-10-08T23:24:44.4614295Z   type: 'test'
2026-10-08T23:24:44.4614760Z   ...
2026-10-08T23:24:45.0623341Z # Subtest: Fin products CI authenticates each exact source predecessor
2026-10-08T23:24:45.0624819Z ok 4 - Fin products CI authenticates each exact source predecessor
2026-10-08T23:24:45.0625671Z   ---
2026-10-08T23:24:45.0626738Z   duration_ms: 602.157347
2026-10-08T23:24:45.0627097Z   type: 'test'
2026-10-08T23:24:45.0627348Z   ...
2026-10-08T23:24:46.1338881Z # Subtest: Fin products CI changes current source pins without inventing installed evidence
2026-10-08T23:24:46.1340371Z ok 5 - Fin products CI changes current source pins without inventing installed evidence
2026-10-08T23:24:46.1340935Z   ---
2026-10-08T23:24:46.1341200Z   duration_ms: 1071.317891
2026-10-08T23:24:46.1341487Z   type: 'test'
2026-10-08T23:24:46.1341739Z   ...
2026-10-08T23:24:46.7454288Z # Subtest: Fin products floors authenticates each exact source predecessor
2026-10-08T23:24:46.7455569Z ok 6 - Fin products floors authenticates each exact source predecessor
2026-10-08T23:24:46.7456576Z   ---
2026-10-08T23:24:46.7457007Z   duration_ms: 611.554216
2026-10-08T23:24:46.7457303Z   type: 'test'
2026-10-08T23:24:46.7457546Z   ...
2026-10-08T23:24:47.7822171Z # Subtest: Fin products floors changes current source pins without inventing installed evidence
2026-10-08T23:24:47.7823632Z ok 7 - Fin products floors changes current source pins without inventing installed evidence
2026-10-08T23:24:47.7824422Z   ---
2026-10-08T23:24:47.7824692Z   duration_ms: 1036.686113
2026-10-08T23:24:47.7824980Z   type: 'test'
2026-10-08T23:24:47.7825225Z   ...
2026-10-08T23:24:47.7879516Z # Subtest: Array dispatch archives retain exact installed packages and ten measured C rows
2026-10-08T23:24:47.7881151Z ok 8 - Array dispatch archives retain exact installed packages and ten measured C rows
2026-10-08T23:24:47.7881637Z   ---
2026-10-08T23:24:47.7881885Z   duration_ms: 5.858893
2026-10-08T23:24:47.7882157Z   type: 'test'
2026-10-08T23:24:47.7882510Z   ...
2026-10-08T23:24:47.7944386Z # Subtest: Array dispatch evidence refuses missing positions, false counters and inherited C++ dispatch
2026-10-08T23:24:47.7948132Z ok 9 - Array dispatch evidence refuses missing positions, false counters and inherited C++ dispatch
2026-10-08T23:24:47.7948912Z   ---
2026-10-08T23:24:47.7949148Z   duration_ms: 6.082521
2026-10-08T23:24:47.7949433Z   type: 'test'
2026-10-08T23:24:47.7949670Z   ...
2026-10-08T23:24:47.7984282Z # Subtest: Array product archives retain exact installed C/C++ results and unmeasured dispatch
2026-10-08T23:24:47.7985386Z ok 10 - Array product archives retain exact installed C/C++ results and unmeasured dispatch
2026-10-08T23:24:47.7985896Z   ---
2026-10-08T23:24:47.7986535Z   duration_ms: 4.294814
2026-10-08T23:24:47.7986903Z   type: 'test'
2026-10-08T23:24:47.7987102Z   ...
2026-10-08T23:24:47.7995361Z # Subtest: the product follow-up preserves all five fresh-Lean refusal results
2026-10-08T23:24:47.7996470Z ok 11 - the product follow-up preserves all five fresh-Lean refusal results
2026-10-08T23:24:47.7997382Z   ---
2026-10-08T23:24:47.7997844Z   duration_ms: 1.102921
2026-10-08T23:24:47.7998269Z   type: 'test'
2026-10-08T23:24:47.7998595Z   ...
2026-10-08T23:24:47.8045768Z # Subtest: C/C++ product archives bind both source paths to exact bounds and measured dispatch
2026-10-08T23:24:47.8047229Z ok 12 - C/C++ product archives bind both source paths to exact bounds and measured dispatch
2026-10-08T23:24:47.8047886Z   ---
2026-10-08T23:24:47.8048114Z   duration_ms: 5.05928
2026-10-08T23:24:47.8048345Z   type: 'test'
2026-10-08T23:24:47.8048560Z   ...
2026-10-08T23:24:47.8145132Z # Subtest: PHP-safe product names preserve every original bound and independently reviewed site
2026-10-08T23:24:47.8146521Z ok 13 - PHP-safe product names preserve every original bound and independently reviewed site
2026-10-08T23:24:47.8147172Z   ---
2026-10-08T23:24:47.8147393Z   duration_ms: 9.754934
2026-10-08T23:24:47.8147642Z   type: 'test'
2026-10-08T23:24:47.8147858Z   ...
2026-10-08T23:24:47.9193007Z # Subtest: product logs retain the failed baseline review and the corrected run with four mismatches
2026-10-08T23:24:47.9194055Z ok 14 - product logs retain the failed baseline review and the corrected run with four mismatches
2026-10-08T23:24:47.9194622Z   ---
2026-10-08T23:24:47.9195040Z   duration_ms: 1.533605
2026-10-08T23:24:47.9195451Z   type: 'test'
2026-10-08T23:24:47.9195888Z   ...
2026-10-08T23:24:47.9217606Z # Subtest: native refinement trees keep both product components and both Except branches
2026-10-08T23:24:47.9227680Z ok 15 - native refinement trees keep both product components and both Except branches
2026-10-08T23:24:47.9236482Z   ---
2026-10-08T23:24:47.9236803Z   duration_ms: 30.059569
2026-10-08T23:24:47.9237057Z   type: 'test'
2026-10-08T23:24:47.9237277Z   ...
2026-10-08T23:24:47.9238014Z # Subtest: documentation paths name product components and the active Except branch
2026-10-08T23:24:47.9238956Z ok 16 - documentation paths name product components and the active Except branch
2026-10-08T23:24:47.9239450Z   ---
2026-10-08T23:24:47.9239904Z   duration_ms: 2.977205
2026-10-08T23:24:47.9240280Z   type: 'test'
2026-10-08T23:24:47.9240660Z   ...
2026-10-08T23:24:47.9241353Z # Subtest: the independent product review passes reviewed admission and states every compiled bound
2026-10-08T23:24:47.9242256Z ok 17 - the independent product review passes reviewed admission and states every compiled bound
2026-10-08T23:24:47.9242788Z   ---
2026-10-08T23:24:47.9243173Z   duration_ms: 19.894446
2026-10-08T23:24:47.9243555Z   type: 'test'
2026-10-08T23:24:47.9243956Z   ...
2026-10-08T23:24:47.9244562Z # Subtest: generated host documentation lists product and Except bound paths
2026-10-08T23:24:47.9245613Z ok 18 - generated host documentation lists product and Except bound paths
2026-10-08T23:24:47.9246505Z   ---
2026-10-08T23:24:47.9246873Z   duration_ms: 13.113183
2026-10-08T23:24:47.9247269Z   type: 'test'
2026-10-08T23:24:47.9247610Z   ...
2026-10-08T23:24:47.9248584Z # Subtest: the installed WIT patterns match the WIT generated from the fixture's compiler model
2026-10-08T23:24:47.9249549Z ok 19 - the installed WIT patterns match the WIT generated from the fixture's compiler model
2026-10-08T23:24:47.9250169Z   ---
2026-10-08T23:24:47.9250457Z   duration_ms: 19.033583
2026-10-08T23:24:47.9250681Z   type: 'test'
2026-10-08T23:24:47.9250876Z   ...
2026-10-08T23:24:47.9251780Z # Subtest: C adapters compare both components and only the active branch on caller limbs before Lean runs
2026-10-08T23:24:47.9252992Z ok 20 - C adapters compare both components and only the active branch on caller limbs before Lean runs
2026-10-08T23:24:47.9253547Z   ---
2026-10-08T23:24:47.9253752Z   duration_ms: 6.318401
2026-10-08T23:24:47.9253985Z   type: 'test'
2026-10-08T23:24:47.9254173Z   ...
2026-10-08T23:24:47.9254679Z # Subtest: Lean adapters construct every Fin of both components and the active branch before one source call
2026-10-08T23:24:47.9255429Z ok 21 - Lean adapters construct every Fin of both components and the active branch before one source call
2026-10-08T23:24:47.9255878Z   ---
2026-10-08T23:24:47.9256244Z   duration_ms: 3.7428
2026-10-08T23:24:47.9256473Z   type: 'test'
2026-10-08T23:24:47.9256664Z   ...
2026-10-08T23:24:47.9257053Z # Subtest: Perl XS walks both components and the active branch, naming each path
2026-10-08T23:24:47.9257626Z ok 22 - Perl XS walks both components and the active branch, naming each path
2026-10-08T23:24:47.9257978Z   ---
2026-10-08T23:24:47.9258174Z   duration_ms: 3.722925
2026-10-08T23:24:47.9258396Z   type: 'test'
2026-10-08T23:24:47.9258592Z   ...
2026-10-08T23:24:47.9258984Z # Subtest: reviewed product and Except bounds must equal the freshly compiled tree
2026-10-08T23:24:47.9259572Z ok 23 - reviewed product and Except bounds must equal the freshly compiled tree
2026-10-08T23:24:47.9259935Z   ---
2026-10-08T23:24:47.9260122Z   duration_ms: 3.925797
2026-10-08T23:24:47.9260347Z   type: 'test'
2026-10-08T23:24:47.9260546Z   ...
2026-10-08T23:24:47.9260925Z # Subtest: every native profile has a Fin product consumer and a target
2026-10-08T23:24:47.9261428Z ok 24 - every native profile has a Fin product consumer and a target
2026-10-08T23:24:47.9261767Z   ---
2026-10-08T23:24:47.9261955Z   duration_ms: 3.773716
2026-10-08T23:24:47.9262184Z   type: 'test'
2026-10-08T23:24:47.9262374Z   ...
2026-10-08T23:26:24.3982761Z # Subtest: relocated source-free native packages check Fin inside products and the active Except branch
2026-10-08T23:26:24.3984359Z ok 25 - relocated source-free native packages check Fin inside products and the active Except branch
2026-10-08T23:26:24.3985268Z   ---
2026-10-08T23:26:24.3985633Z   duration_ms: 96474.455014
2026-10-08T23:26:24.3986219Z   type: 'test'
2026-10-08T23:26:24.3986552Z   ...
2026-10-08T23:26:24.3986867Z # build 0: perl
2026-10-08T23:26:24.3987303Z # installing and checking perl
2026-10-08T23:26:24.3987722Z # build 1: perl
2026-10-08T23:28:00.5587170Z # Subtest: independently reviewed native packages check product and Except bounds after source-free installation
2026-10-08T23:28:00.5602556Z ok 26 - independently reviewed native packages check product and Except bounds after source-free installation
2026-10-08T23:28:00.5603866Z   ---
2026-10-08T23:28:00.5604608Z   duration_ms: 96160.867101
2026-10-08T23:28:00.5605089Z   type: 'test'
2026-10-08T23:28:00.5605423Z   ...
2026-10-08T23:28:00.5605723Z # build 0: perl
2026-10-08T23:28:00.5606322Z # installing and checking perl
2026-10-08T23:28:00.5606763Z # build 1: perl
2026-10-08T23:28:00.5607766Z # Subtest: the independent product review passes reviewed admission, and changed bounds are refused against fresh Lean
2026-10-08T23:28:00.5609346Z ok 27 - the independent product review passes reviewed admission, and changed bounds are refused against fresh Lean # SKIP
2026-10-08T23:28:00.5610607Z   ---
2026-10-08T23:28:00.5610945Z   duration_ms: 0.152218
2026-10-08T23:28:00.5611323Z   type: 'test'
2026-10-08T23:28:00.5611665Z   ...
2026-10-08T23:28:00.5740503Z 1..27
2026-10-08T23:28:00.5740851Z # tests 27
2026-10-08T23:28:00.5741121Z # suites 0
2026-10-08T23:28:00.5741320Z # pass 26
2026-10-08T23:28:00.5741600Z # fail 0
2026-10-08T23:28:00.5741789Z # cancelled 0
2026-10-08T23:28:00.5742078Z # skipped 1
2026-10-08T23:28:00.5742466Z # todo 0
2026-10-08T23:28:00.5742960Z # duration_ms 198021.293104
2026-10-08T23:28:00.6195548Z TAP version 13
2026-10-08T23:28:01.5232767Z # Subtest: Fin product arrays authenticates each exact source predecessor
2026-10-08T23:28:01.5238227Z ok 1 - Fin product arrays authenticates each exact source predecessor
2026-10-08T23:28:01.5238897Z   ---
2026-10-08T23:28:01.5239275Z   duration_ms: 617.833741
2026-10-08T23:28:01.5239698Z   type: 'test'
2026-10-08T23:28:01.5240095Z   ...
2026-10-08T23:28:02.7059578Z # Subtest: Fin product arrays changes current source pins without inventing installed evidence
2026-10-08T23:28:02.7061374Z ok 2 - Fin product arrays changes current source pins without inventing installed evidence
2026-10-08T23:28:02.7062432Z   ---
2026-10-08T23:28:02.7063224Z   duration_ms: 1108.360971
2026-10-08T23:28:02.7063663Z   type: 'test'
2026-10-08T23:28:02.7064012Z   ...
2026-10-08T23:28:02.7064838Z # Subtest: an array directly over a product keeps the component bound and only the error-branch bound
2026-10-08T23:28:02.7066296Z ok 3 - an array directly over a product keeps the component bound and only the error-branch bound
2026-10-08T23:28:02.7068040Z   ---
2026-10-08T23:28:02.7068420Z   duration_ms: 35.006926
2026-10-08T23:28:02.7068818Z   type: 'test'
2026-10-08T23:28:02.7069157Z   ...
2026-10-08T23:28:02.7071951Z # Subtest: C adapters compare every element's component and active error branch on caller limbs before Lean runs
2026-10-08T23:28:02.7077482Z ok 4 - C adapters compare every element's component and active error branch on caller limbs before Lean runs
2026-10-08T23:28:02.7078432Z   ---
2026-10-08T23:28:02.7078901Z   duration_ms: 10.183482
2026-10-08T23:28:02.7079378Z   type: 'test'
2026-10-08T23:28:02.7079776Z   ...
2026-10-08T23:28:02.7080345Z # Subtest: Lean adapters construct Fin for every element before one source call
2026-10-08T23:28:02.7080985Z ok 5 - Lean adapters construct Fin for every element before one source call
2026-10-08T23:28:02.7081400Z   ---
2026-10-08T23:28:02.7081624Z   duration_ms: 9.249076
2026-10-08T23:28:02.7081903Z   type: 'test'
2026-10-08T23:28:02.7082119Z   ...
2026-10-08T23:28:02.7082545Z # Subtest: Perl XS names the element index, the component and the active branch
2026-10-08T23:28:02.7083144Z ok 6 - Perl XS names the element index, the component and the active branch
2026-10-08T23:28:02.7083536Z   ---
2026-10-08T23:28:02.7083749Z   duration_ms: 7.903367
2026-10-08T23:28:02.7084023Z   type: 'test'
2026-10-08T23:28:02.7084303Z   ...
2026-10-08T23:28:02.7084803Z # Subtest: the independent array review passes reviewed admission and equals the compiled trees
2026-10-08T23:28:02.7085541Z ok 7 - the independent array review passes reviewed admission and equals the compiled trees
2026-10-08T23:28:02.7086177Z   ---
2026-10-08T23:28:02.7086446Z   duration_ms: 3.556023
2026-10-08T23:28:02.7086835Z   type: 'test'
2026-10-08T23:28:02.7087222Z   ...
2026-10-08T23:28:02.7087991Z # Subtest: reviewed array bounds and positions must equal the freshly compiled tree
2026-10-08T23:28:02.7089083Z ok 8 - reviewed array bounds and positions must equal the freshly compiled tree
2026-10-08T23:28:02.7094927Z   ---
2026-10-08T23:28:02.7095301Z   duration_ms: 8.273702
2026-10-08T23:28:02.7095701Z   type: 'test'
2026-10-08T23:28:02.7096174Z   ...
2026-10-08T23:28:02.7109543Z # Subtest: every native profile has a Fin product array consumer and a target
2026-10-08T23:28:02.7110557Z ok 9 - every native profile has a Fin product array consumer and a target
2026-10-08T23:28:02.7111688Z   ---
2026-10-08T23:28:02.7112057Z   duration_ms: 5.078893
2026-10-08T23:28:02.7112453Z   type: 'test'
2026-10-08T23:28:02.7112764Z   ...
2026-10-08T23:28:02.9686409Z # Subtest: the C consumer passes a faithful stand-in and fails one that rewrites the rejected leaf
2026-10-08T23:28:02.9688060Z ok 10 - the C consumer passes a faithful stand-in and fails one that rewrites the rejected leaf
2026-10-08T23:28:02.9688896Z   ---
2026-10-08T23:28:02.9689330Z   duration_ms: 256.607806
2026-10-08T23:28:02.9689816Z   type: 'test'
2026-10-08T23:28:02.9690244Z   ...
2026-10-08T23:29:37.3813736Z # Subtest: relocated source-free native packages check Fin inside every element of an array of products
2026-10-08T23:29:37.3814976Z ok 11 - relocated source-free native packages check Fin inside every element of an array of products
2026-10-08T23:29:37.3815660Z   ---
2026-10-08T23:29:37.3816239Z   duration_ms: 94413.031332
2026-10-08T23:29:37.3816628Z   type: 'test'
2026-10-08T23:29:37.3817007Z   ...
2026-10-08T23:29:37.3817366Z # build 0: perl
2026-10-08T23:29:37.3820608Z # installing and checking perl
2026-10-08T23:29:37.3821186Z # build 1: perl
2026-10-08T23:31:11.4120916Z # Subtest: independently reviewed native packages check array-of-product bounds after source-free installation
2026-10-08T23:31:11.4122288Z ok 12 - independently reviewed native packages check array-of-product bounds after source-free installation
2026-10-08T23:31:11.4123075Z   ---
2026-10-08T23:31:11.4123574Z   duration_ms: 94030.978421
2026-10-08T23:31:11.4123969Z   type: 'test'
2026-10-08T23:31:11.4124314Z   ...
2026-10-08T23:31:11.4124673Z # build 0: perl
2026-10-08T23:31:11.4125112Z # installing and checking perl
2026-10-08T23:31:11.4125505Z # build 1: perl
2026-10-08T23:31:11.4126601Z # Subtest: changed array-of-product reviews are refused against fresh Lean before any output
2026-10-08T23:31:11.4128094Z ok 13 - changed array-of-product reviews are refused against fresh Lean before any output # SKIP
2026-10-08T23:31:11.4128724Z   ---
2026-10-08T23:31:11.4128949Z   duration_ms: 0.175779
2026-10-08T23:31:11.4129176Z   type: 'test'
2026-10-08T23:31:11.4129418Z   ...
2026-10-08T23:31:11.4293155Z 1..13
2026-10-08T23:31:11.4293566Z # tests 13
2026-10-08T23:31:11.4293902Z # suites 0
2026-10-08T23:31:11.4294322Z # pass 12
2026-10-08T23:31:11.4294795Z # fail 0
2026-10-08T23:31:11.4295253Z # cancelled 0
2026-10-08T23:31:11.4296442Z # skipped 1
2026-10-08T23:31:11.4296802Z # todo 0
2026-10-08T23:31:11.4297420Z # duration_ms 190820.632439
2026-10-08T23:31:11.4717457Z TAP version 13
2026-10-08T23:31:12.4587089Z # Subtest: Native Fin records authenticates each exact source predecessor
2026-10-08T23:31:12.4592848Z ok 1 - Native Fin records authenticates each exact source predecessor
2026-10-08T23:31:12.4593689Z   ---
2026-10-08T23:31:12.4604745Z   duration_ms: 598.532492
2026-10-08T23:31:12.4605216Z   type: 'test'
2026-10-08T23:31:12.4605561Z   ...
2026-10-08T23:31:13.9101256Z # Subtest: Native Fin records changes current source pins without inventing installed evidence
2026-10-08T23:31:13.9102490Z ok 2 - Native Fin records changes current source pins without inventing installed evidence
2026-10-08T23:31:13.9102965Z   ---
2026-10-08T23:31:13.9103208Z   duration_ms: 1451.814696
2026-10-08T23:31:13.9103472Z   type: 'test'
2026-10-08T23:31:13.9103734Z   ...
2026-10-08T23:31:14.4198460Z # Subtest: native Fin promotion authenticates each exact source predecessor
2026-10-08T23:31:14.4200194Z ok 3 - native Fin promotion authenticates each exact source predecessor
2026-10-08T23:31:14.4206644Z   ---
2026-10-08T23:31:14.4207042Z   duration_ms: 509.644977
2026-10-08T23:31:14.4207465Z   type: 'test'
2026-10-08T23:31:14.4207812Z   ...
2026-10-08T23:31:14.4387431Z # Subtest: PHP-safe product name authenticates each exact source predecessor
2026-10-08T23:31:14.4390634Z ok 4 - PHP-safe product name authenticates each exact source predecessor
2026-10-08T23:31:14.4391178Z   ---
2026-10-08T23:31:14.4391389Z   duration_ms: 18.847819
2026-10-08T23:31:14.4391960Z   type: 'test'
2026-10-08T23:31:14.4392169Z   ...
2026-10-08T23:31:14.7256423Z # Subtest: Fin record WIT formatting authenticates each exact source predecessor
2026-10-08T23:31:14.7257681Z ok 5 - Fin record WIT formatting authenticates each exact source predecessor
2026-10-08T23:31:14.7258520Z   ---
2026-10-08T23:31:14.7258784Z   duration_ms: 286.485133
2026-10-08T23:31:14.7259096Z   type: 'test'
2026-10-08T23:31:14.7259345Z   ...
2026-10-08T23:31:14.7293425Z # Subtest: WIT record evidence archive authenticates each exact source predecessor
2026-10-08T23:31:14.7294740Z ok 6 - WIT record evidence archive authenticates each exact source predecessor
2026-10-08T23:31:14.7295630Z   ---
2026-10-08T23:31:14.7296499Z   duration_ms: 3.972514
2026-10-08T23:31:14.7296925Z   type: 'test'
2026-10-08T23:31:14.7297140Z   ...
2026-10-08T23:31:14.7364416Z # Subtest: record archives bind the expanded frozen fixture, original packages and C dispatch
2026-10-08T23:31:14.7365826Z ok 7 - record archives bind the expanded frozen fixture, original packages and C dispatch
2026-10-08T23:31:14.7366943Z   ---
2026-10-08T23:31:14.7367305Z   duration_ms: 6.982105
2026-10-08T23:31:14.7367587Z   type: 'test'
2026-10-08T23:31:14.7496732Z   ...
2026-10-08T23:31:14.7497675Z # Subtest: record evidence refuses lost compositions, false counters and inherited C++ dispatch
2026-10-08T23:31:14.7499212Z ok 8 - record evidence refuses lost compositions, false counters and inherited C++ dispatch
2026-10-08T23:31:14.7499931Z   ---
2026-10-08T23:31:14.7500257Z   duration_ms: 12.827554
2026-10-08T23:31:14.7500542Z   type: 'test'
2026-10-08T23:31:14.7500786Z   ...
2026-10-08T23:31:14.7543686Z # Subtest: Array dispatch archives retain exact installed packages and ten measured C rows
2026-10-08T23:31:14.7545404Z ok 9 - Array dispatch archives retain exact installed packages and ten measured C rows
2026-10-08T23:31:14.7546430Z   ---
2026-10-08T23:31:14.7546772Z   duration_ms: 4.768666
2026-10-08T23:31:14.7547142Z   type: 'test'
2026-10-08T23:31:14.7547500Z   ...
2026-10-08T23:31:14.7581234Z # Subtest: Array dispatch evidence refuses missing positions, false counters and inherited C++ dispatch
2026-10-08T23:31:14.7582591Z ok 10 - Array dispatch evidence refuses missing positions, false counters and inherited C++ dispatch
2026-10-08T23:31:14.7583333Z   ---
2026-10-08T23:31:14.7583537Z   duration_ms: 3.919367
2026-10-08T23:31:14.7583771Z   type: 'test'
2026-10-08T23:31:14.7583964Z   ...
2026-10-08T23:31:14.7628168Z # Subtest: Array product archives retain exact installed C/C++ results and unmeasured dispatch
2026-10-08T23:31:14.7629760Z ok 11 - Array product archives retain exact installed C/C++ results and unmeasured dispatch
2026-10-08T23:31:14.7630909Z   ---
2026-10-08T23:31:14.7631736Z   duration_ms: 4.72257
2026-10-08T23:31:14.7632166Z   type: 'test'
2026-10-08T23:31:14.7632476Z   ...
2026-10-08T23:31:14.7642607Z # Subtest: the product follow-up preserves all five fresh-Lean refusal results
2026-10-08T23:31:14.7645239Z ok 12 - the product follow-up preserves all five fresh-Lean refusal results
2026-10-08T23:31:14.7646132Z   ---
2026-10-08T23:31:14.7646496Z   duration_ms: 1.234904
2026-10-08T23:31:14.7646903Z   type: 'test'
2026-10-08T23:31:14.7647227Z   ...
2026-10-08T23:31:14.7690843Z # Subtest: C/C++ product archives bind both source paths to exact bounds and measured dispatch
2026-10-08T23:31:14.7692089Z ok 13 - C/C++ product archives bind both source paths to exact bounds and measured dispatch
2026-10-08T23:31:14.7692819Z   ---
2026-10-08T23:31:14.7693134Z   duration_ms: 4.945574
2026-10-08T23:31:14.7693364Z   type: 'test'
2026-10-08T23:31:14.7693564Z   ...
2026-10-08T23:31:14.7802453Z # Subtest: PHP-safe product names preserve every original bound and independently reviewed site
2026-10-08T23:31:14.7803278Z ok 14 - PHP-safe product names preserve every original bound and independently reviewed site
2026-10-08T23:31:14.7803704Z   ---
2026-10-08T23:31:14.7803908Z   duration_ms: 10.868994
2026-10-08T23:31:14.7804146Z   type: 'test'
2026-10-08T23:31:14.7804755Z   ...
2026-10-08T23:31:14.7816393Z # Subtest: product logs retain the failed baseline review and the corrected run with four mismatches
2026-10-08T23:31:14.7818218Z ok 15 - product logs retain the failed baseline review and the corrected run with four mismatches
2026-10-08T23:31:14.7819393Z   ---
2026-10-08T23:31:14.7820011Z   duration_ms: 1.445403
2026-10-08T23:31:14.7820624Z   type: 'test'
2026-10-08T23:31:14.7821046Z   ...
2026-10-08T23:31:17.4360769Z # Subtest: native Fin promotion retains all eight original reports and artifact identities
2026-10-08T23:31:17.4361940Z ok 16 - native Fin promotion retains all eight original reports and artifact identities
2026-10-08T23:31:17.4362748Z   ---
2026-10-08T23:31:17.4363061Z   duration_ms: 2654.015943
2026-10-08T23:31:17.4363475Z   type: 'test'
2026-10-08T23:31:17.4363764Z   ...
2026-10-08T23:31:20.4700412Z # Subtest: native Fin promotion changes four field cells and supplements eight structural cells only
2026-10-08T23:31:20.4701630Z ok 17 - native Fin promotion changes four field cells and supplements eight structural cells only
2026-10-08T23:31:20.4702231Z   ---
2026-10-08T23:31:20.4702632Z   duration_ms: 2984.697486
2026-10-08T23:31:20.4703069Z   type: 'test'
2026-10-08T23:31:20.4703445Z   ...
2026-10-08T23:31:20.4704372Z # Subtest: Fin record WIT assertions accept compact and multiline trailing-comma layouts
2026-10-08T23:31:20.4705252Z ok 18 - Fin record WIT assertions accept compact and multiline trailing-comma layouts
2026-10-08T23:31:20.4705760Z   ---
2026-10-08T23:31:20.4706307Z   duration_ms: 48.583387
2026-10-08T23:31:20.4706768Z   type: 'test'
2026-10-08T23:31:20.4707140Z   ...
2026-10-08T23:31:20.4707858Z # Subtest: actual wasm-tools Fin record round trip preserves strict signature assertions
2026-10-08T23:31:20.4708707Z ok 19 - actual wasm-tools Fin record round trip preserves strict signature assertions # SKIP
2026-10-08T23:31:20.4709235Z   ---
2026-10-08T23:31:20.4709665Z   duration_ms: 0.583631
2026-10-08T23:31:20.4710065Z   type: 'test'
2026-10-08T23:31:20.4710512Z   ...
2026-10-08T23:31:20.4823317Z # Subtest: WIT record evidence authenticates both source routes, exact fixture trees and seven original artifacts
2026-10-08T23:31:20.4824628Z ok 20 - WIT record evidence authenticates both source routes, exact fixture trees and seven original artifacts
2026-10-08T23:31:20.4825212Z   ---
2026-10-08T23:31:20.4825616Z   duration_ms: 12.428359
2026-10-08T23:31:20.4826118Z   type: 'test'
2026-10-08T23:31:20.4826556Z   ...
2026-10-08T23:31:20.4891731Z # Subtest: WIT record execution retains measured tools and separates failed hosted acceptance
2026-10-08T23:31:20.4892761Z ok 21 - WIT record execution retains measured tools and separates failed hosted acceptance
2026-10-08T23:31:20.4893516Z   ---
2026-10-08T23:31:20.4896789Z   duration_ms: 6.850374
2026-10-08T23:31:20.4897175Z   type: 'test'
2026-10-08T23:31:20.4897483Z   ...
2026-10-08T23:31:20.5322576Z # Subtest: WIT record report checks reject changed bounds, provenance, isolation and invented dispatch
2026-10-08T23:31:20.5323916Z ok 22 - WIT record report checks reject changed bounds, provenance, isolation and invented dispatch
2026-10-08T23:31:20.5324671Z   ---
2026-10-08T23:31:20.5325138Z   duration_ms: 42.867471
2026-10-08T23:31:20.5325567Z   type: 'test'
2026-10-08T23:31:20.5325934Z   ...
2026-10-08T23:31:20.6718202Z # Subtest: WIT execution validation rejects missing, skipped, cancelled or misidentified runs
2026-10-08T23:31:20.6727385Z ok 23 - WIT execution validation rejects missing, skipped, cancelled or misidentified runs
2026-10-08T23:31:20.6756773Z   ---
2026-10-08T23:31:20.6786637Z   duration_ms: 6.981043
2026-10-08T23:31:20.6796514Z   type: 'test'
2026-10-08T23:31:20.6816577Z   ...
2026-10-08T23:31:20.6833198Z # Subtest: record and variant fields carry their bounds in site trees and per-definition Binding IR
2026-10-08T23:31:20.6834818Z ok 24 - record and variant fields carry their bounds in site trees and per-definition Binding IR
2026-10-08T23:31:20.6836101Z   ---
2026-10-08T23:31:20.6836972Z   duration_ms: 27.150251
2026-10-08T23:31:20.6837539Z   type: 'test'
2026-10-08T23:31:20.6838023Z   ...
2026-10-08T23:31:20.6839138Z # Subtest: C adapters check record fields and only the active variant case on caller limbs before Lean runs
2026-10-08T23:31:20.6841057Z ok 25 - C adapters check record fields and only the active variant case on caller limbs before Lean runs
2026-10-08T23:31:20.6842060Z   ---
2026-10-08T23:31:20.6842598Z   duration_ms: 15.868965
2026-10-08T23:31:20.6843074Z   type: 'test'
2026-10-08T23:31:20.6843579Z   ...
2026-10-08T23:31:20.6844644Z # Subtest: Lean adapters pass refined records and variants as erased mirrors checked once before one source call
2026-10-08T23:31:20.6846521Z ok 26 - Lean adapters pass refined records and variants as erased mirrors checked once before one source call
2026-10-08T23:31:20.6847722Z   ---
2026-10-08T23:31:20.6848201Z   duration_ms: 12.259011
2026-10-08T23:31:20.6848736Z   type: 'test'
2026-10-08T23:31:20.6849213Z   ...
2026-10-08T23:31:20.6850081Z # Subtest: records and variants without bounds keep their helpers byte for byte
2026-10-08T23:31:20.6851331Z ok 27 - records and variants without bounds keep their helpers byte for byte
2026-10-08T23:31:20.6852116Z   ---
2026-10-08T23:31:20.6852581Z   duration_ms: 1.467781
2026-10-08T23:31:20.6853112Z   type: 'test'
2026-10-08T23:31:20.6853588Z   ...
2026-10-08T23:31:20.6854413Z # Subtest: Perl XS walks record fields and the active case, naming each path
2026-10-08T23:31:20.6855543Z ok 28 - Perl XS walks record fields and the active case, naming each path
2026-10-08T23:31:20.6856464Z   ---
2026-10-08T23:31:20.6856936Z   duration_ms: 15.30783
2026-10-08T23:31:20.6857461Z   type: 'test'
2026-10-08T23:31:20.6857927Z   ...
2026-10-08T23:31:20.6858891Z # Subtest: hosts reading only the Binding IR document record and variant bounds from their definitions
2026-10-08T23:31:20.6860006Z ok 29 - hosts reading only the Binding IR document record and variant bounds from their definitions
2026-10-08T23:31:20.6860671Z   ---
2026-10-08T23:31:20.6861185Z   duration_ms: 16.552494
2026-10-08T23:31:20.6861607Z   type: 'test'
2026-10-08T23:31:20.6861958Z   ...
2026-10-08T23:31:20.6862817Z # Subtest: the independent record review passes reviewed admission and equals the compiled contract
2026-10-08T23:31:20.6863894Z ok 30 - the independent record review passes reviewed admission and equals the compiled contract
2026-10-08T23:31:20.6864313Z   ---
2026-10-08T23:31:20.6864511Z   duration_ms: 14.949489
2026-10-08T23:31:20.6864733Z   type: 'test'
2026-10-08T23:31:20.6864928Z   ...
2026-10-08T23:31:20.6865368Z # Subtest: reviewed record and variant field bounds must equal the freshly compiled definitions
2026-10-08T23:31:20.6866416Z ok 31 - reviewed record and variant field bounds must equal the freshly compiled definitions
2026-10-08T23:31:20.6866860Z   ---
2026-10-08T23:31:20.6867068Z   duration_ms: 26.115234
2026-10-08T23:31:20.6867293Z   type: 'test'
2026-10-08T23:31:20.6867486Z   ...
2026-10-08T23:31:20.6867853Z # Subtest: every native profile has a Fin record consumer and a target
2026-10-08T23:31:20.6868358Z ok 32 - every native profile has a Fin record consumer and a target
2026-10-08T23:31:20.6868685Z   ---
2026-10-08T23:31:20.6868876Z   duration_ms: 8.321154
2026-10-08T23:31:20.6869104Z   type: 'test'
2026-10-08T23:31:20.6869302Z   ...
2026-10-08T23:33:00.5411239Z # Subtest: relocated source-free native packages check Fin inside record fields and the active variant case
2026-10-08T23:33:00.5415433Z ok 33 - relocated source-free native packages check Fin inside record fields and the active variant case
2026-10-08T23:33:00.5417053Z   ---
2026-10-08T23:33:00.5417420Z   duration_ms: 99862.868084
2026-10-08T23:33:00.5417845Z   type: 'test'
2026-10-08T23:33:00.5418191Z   ...
2026-10-08T23:33:00.5418509Z # build 0: perl
2026-10-08T23:33:00.5418952Z # installing and checking perl
2026-10-08T23:33:00.5419273Z # build 1: perl
2026-10-08T23:34:40.4483876Z # Subtest: independently reviewed native packages check record and variant field bounds after source-free installation
2026-10-08T23:34:40.4486346Z ok 34 - independently reviewed native packages check record and variant field bounds after source-free installation
2026-10-08T23:34:40.4487386Z   ---
2026-10-08T23:34:40.4487867Z   duration_ms: 99907.552875
2026-10-08T23:34:40.4488594Z   type: 'test'
2026-10-08T23:34:40.4489031Z   ...
2026-10-08T23:34:40.4489456Z # build 0: perl
2026-10-08T23:34:40.4489980Z # installing and checking perl
2026-10-08T23:34:40.4490469Z # build 1: perl
2026-10-08T23:34:40.4491342Z # Subtest: changed record and variant reviews are refused against fresh Lean before any output
2026-10-08T23:34:40.4492613Z ok 35 - changed record and variant reviews are refused against fresh Lean before any output # SKIP
2026-10-08T23:34:40.4493521Z   ---
2026-10-08T23:34:40.4494234Z   duration_ms: 0.166974
2026-10-08T23:34:40.4494870Z   type: 'test'
2026-10-08T23:34:40.4495553Z   ...
2026-10-08T23:34:40.4657676Z 1..35
2026-10-08T23:34:40.4658053Z # tests 35
2026-10-08T23:34:40.4658381Z # suites 0
2026-10-08T23:34:40.4658730Z # pass 33
2026-10-08T23:34:40.4659052Z # fail 0
2026-10-08T23:34:40.4659382Z # cancelled 0
2026-10-08T23:34:40.4659735Z # skipped 2
2026-10-08T23:34:40.4660065Z # todo 0
2026-10-08T23:34:40.4660439Z # duration_ms 209004.8449
2026-10-08T23:34:40.5075883Z TAP version 13
2026-10-08T23:34:41.1288218Z # Subtest: Subtype alias position authenticates each exact source predecessor
2026-10-08T23:34:41.1294547Z ok 1 - Subtype alias position authenticates each exact source predecessor
2026-10-08T23:34:41.1295352Z   ---
2026-10-08T23:34:41.1295728Z   duration_ms: 342.916738
2026-10-08T23:34:41.1296229Z   type: 'test'
2026-10-08T23:34:41.1296509Z   ...
2026-10-08T23:34:41.4241581Z # Subtest: Subtype XS archive authenticates each exact source predecessor
2026-10-08T23:34:41.4243399Z ok 2 - Subtype XS archive authenticates each exact source predecessor
2026-10-08T23:34:41.4256413Z   ---
2026-10-08T23:34:41.4257351Z   duration_ms: 295.253457
2026-10-08T23:34:41.4257823Z   type: 'test'
2026-10-08T23:34:41.4258595Z   ...
2026-10-08T23:34:41.7530769Z # Subtest: Checked-record admission authenticates each exact source predecessor
2026-10-08T23:34:41.7532241Z ok 3 - Checked-record admission authenticates each exact source predecessor
2026-10-08T23:34:41.7533358Z   ---
2026-10-08T23:34:41.7533910Z   duration_ms: 328.984406
2026-10-08T23:34:41.7534258Z   type: 'test'
2026-10-08T23:34:41.7534553Z   ...
2026-10-08T23:34:41.7720028Z # Subtest: archived Subtype XS remains readable without a PATH-provided decompressor
2026-10-08T23:34:41.7722776Z ok 4 - archived Subtype XS remains readable without a PATH-provided decompressor
2026-10-08T23:34:41.7723330Z   ---
2026-10-08T23:34:41.7723649Z   duration_ms: 15.501931
2026-10-08T23:34:41.7724013Z   type: 'test'
2026-10-08T23:34:41.7724473Z   ...
2026-10-08T23:34:41.7725202Z # Subtest: native types admit Subtype only at a top-level site over a primitive base
2026-10-08T23:34:41.7726933Z ok 5 - native types admit Subtype only at a top-level site over a primitive base
2026-10-08T23:34:41.7727629Z   ---
2026-10-08T23:34:41.7727993Z   duration_ms: 1.637049
2026-10-08T23:34:41.7728348Z   type: 'test'
2026-10-08T23:34:41.7728713Z   ...
2026-10-08T23:34:41.7729771Z # Subtest: Lean adapters construct each Subtype through its checked constructor and export one validator per checked parameter
2026-10-08T23:34:41.7731408Z ok 6 - Lean adapters construct each Subtype through its checked constructor and export one validator per checked parameter
2026-10-08T23:34:41.7732262Z   ---
2026-10-08T23:34:41.7732596Z   duration_ms: 1.979822
2026-10-08T23:34:41.7732992Z   type: 'test'
2026-10-08T23:34:41.7733302Z   ...
2026-10-08T23:34:41.7748318Z # Subtest: every native profile has a Subtype consumer
2026-10-08T23:34:41.7749138Z ok 7 - every native profile has a Subtype consumer
2026-10-08T23:34:41.7753871Z   ---
2026-10-08T23:34:41.7754191Z   duration_ms: 1.527675
2026-10-08T23:34:41.7754461Z   type: 'test'
2026-10-08T23:34:41.7754666Z   ...
2026-10-08T23:34:41.7755134Z # Subtest: native builds reject Subtype outside top-level sites and without a constructor
2026-10-08T23:34:41.7756442Z ok 8 - native builds reject Subtype outside top-level sites and without a constructor # SKIP
2026-10-08T23:34:41.7756892Z   ---
2026-10-08T23:34:41.7757096Z   duration_ms: 0.460519
2026-10-08T23:34:41.7757437Z   type: 'test'
2026-10-08T23:34:41.7757646Z   ...
2026-10-08T23:36:21.0513355Z # Subtest: relocated source-free native packages run author-checked constructors at every refined site
2026-10-08T23:36:21.0514825Z ok 9 - relocated source-free native packages run author-checked constructors at every refined site
2026-10-08T23:36:21.0515677Z   ---
2026-10-08T23:36:21.0516264Z   duration_ms: 99276.674555
2026-10-08T23:36:21.0516578Z   type: 'test'
2026-10-08T23:36:21.0516785Z   ...
2026-10-08T23:36:21.0516987Z # build 0: perl
2026-10-08T23:36:21.0517311Z # installing and checking perl
2026-10-08T23:36:21.0517680Z # build 1: perl
2026-10-08T23:36:21.0666248Z 1..9
2026-10-08T23:36:21.0666631Z # tests 9
2026-10-08T23:36:21.0667006Z # suites 0
2026-10-08T23:36:21.0669307Z # pass 8
2026-10-08T23:36:21.0669694Z # fail 0
2026-10-08T23:36:21.0670061Z # cancelled 0
2026-10-08T23:36:21.0670468Z # skipped 1
2026-10-08T23:36:21.0670851Z # todo 0
2026-10-08T23:36:21.0671311Z # duration_ms 100569.658535
2026-10-08T23:36:21.1084945Z TAP version 13
2026-10-08T23:36:21.3697077Z # Subtest: an array below an option reports the array's own index at its Fin 0 leaf
2026-10-08T23:36:21.3703575Z ok 1 - an array below an option reports the array's own index at its Fin 0 leaf
2026-10-08T23:36:21.3704315Z   ---
2026-10-08T23:36:21.3704584Z   duration_ms: 13.580796
2026-10-08T23:36:21.3704849Z   type: 'test'
2026-10-08T23:36:21.3705068Z   ...
2026-10-08T23:36:21.3859168Z # Subtest: Perl refinement XS inspection preserves the compiler-free consumer PATH
2026-10-08T23:36:21.3859886Z ok 2 - Perl refinement XS inspection preserves the compiler-free consumer PATH
2026-10-08T23:36:21.3860276Z   ---
2026-10-08T23:36:21.3860492Z   duration_ms: 16.446296
2026-10-08T23:36:21.3860755Z   type: 'test'
2026-10-08T23:36:21.3860957Z   ...
2026-10-08T23:37:56.9500281Z # Subtest: relocated source-free CPAN packages check an unboxed word subtype and nested Fin 0 shapes
2026-10-08T23:37:56.9501751Z ok 3 - relocated source-free CPAN packages check an unboxed word subtype and nested Fin 0 shapes
2026-10-08T23:37:56.9502508Z   ---
2026-10-08T23:37:56.9502823Z   duration_ms: 95565.669727
2026-10-08T23:37:56.9503219Z   type: 'test'
2026-10-08T23:37:56.9503548Z   ...
2026-10-08T23:37:56.9503993Z # build 0: compiling XS for 1 Perl ABIs
2026-10-08T23:37:56.9505164Z # offline prebuilt installation on /home/runner/work/lean-bridge/lean-bridge/.toolchains/perl/5.38.2-unthreaded/bin/perl
2026-10-08T23:37:56.9506353Z # build 1: compiling XS for 1 Perl ABIs
2026-10-08T23:37:56.9627463Z 1..3
2026-10-08T23:37:56.9627700Z # tests 3
2026-10-08T23:37:56.9628012Z # suites 0
2026-10-08T23:37:56.9628199Z # pass 3
2026-10-08T23:37:56.9628459Z # fail 0
2026-10-08T23:37:56.9628645Z # cancelled 0
2026-10-08T23:37:56.9628976Z # skipped 0
2026-10-08T23:37:56.9629413Z # todo 0
2026-10-08T23:37:56.9629956Z # duration_ms 95864.674639
2026-10-08T23:37:56.9699441Z ##[group]Run export LEAN_BRIDGE_CORPUS_PERL="$PWD/.toolchains/perl/$CORPUS_PERL_CONFIGURATION/bin/perl"
2026-10-08T23:37:56.9700174Z [36;1mexport LEAN_BRIDGE_CORPUS_PERL="$PWD/.toolchains/perl/$CORPUS_PERL_CONFIGURATION/bin/perl"[0m
2026-10-08T23:37:56.9700631Z [36;1msource scripts/env.sh[0m
2026-10-08T23:37:56.9700913Z [36;1mexport LEAN_BRIDGE_OWNED_NATIVE_TEST=1[0m
2026-10-08T23:37:56.9701565Z [36;1mnode --test --test-concurrency=1 tests/owned-perl-runtime.test.mjs tests/owned-perl-values.test.mjs tests/owned-perl-conversions.test.mjs[0m
2026-10-08T23:37:56.9702501Z [36;1mnode --test --test-concurrency=1 tests/owned-perl-xs.test.mjs tests/owned-perl-scalars.test.mjs tests/owned-perl-loader.test.mjs[0m
2026-10-08T23:37:56.9703321Z [36;1mnode --test --test-concurrency=1 tests/owned-perl-package.test.mjs tests/owned-perl-coexistence.test.mjs[0m
2026-10-08T23:37:56.9703990Z [36;1mnpm run test:owned-perl-transfers[0m
2026-10-08T23:37:56.9704347Z [36;1mnpm run test:owned-perl-borrows[0m
2026-10-08T23:37:56.9704756Z [36;1mfor report in ordinary reviewed complete-ordinary complete-reviewed; do[0m
2026-10-08T23:37:56.9705210Z [36;1m  test -s "build/owned-perl-runtime/$report.json"[0m
2026-10-08T23:37:56.9705590Z [36;1m  test -s "build/owned-perl-conversions/$report.json"[0m
2026-10-08T23:37:56.9706119Z [36;1m  test -s "build/owned-perl-calls/$report.json"[0m
2026-10-08T23:37:56.9706464Z [36;1mdone[0m
2026-10-08T23:37:56.9706719Z [36;1mtest -s build/owned-perl-scalars/ordinary.json[0m
2026-10-08T23:37:56.9707082Z [36;1mtest -s build/owned-perl-scalars/reviewed.json[0m
2026-10-08T23:37:56.9707434Z [36;1mtest -s build/owned-perl-loader/installed.json[0m
2026-10-08T23:37:56.9707785Z [36;1mtest -s build/owned-perl-package/ordinary.json[0m
2026-10-08T23:37:56.9708142Z [36;1mtest -s build/owned-perl-package/reviewed.json[0m
2026-10-08T23:37:56.9708535Z [36;1mtest -s build/owned-perl-package/callbacks-ordinary.json[0m
2026-10-08T23:37:56.9708965Z [36;1mtest -s build/owned-perl-package/callbacks-reviewed.json[0m
2026-10-08T23:37:56.9709360Z [36;1mtest -s build/owned-perl-package/coexistence.json[0m
2026-10-08T23:37:56.9709745Z [36;1mtest -s build/owned-perl-package/documentation.json[0m
2026-10-08T23:37:56.9710135Z [36;1mtest -s build/owned-perl-transfers/ordinary.json[0m
2026-10-08T23:37:56.9710500Z [36;1mtest -s build/owned-perl-transfers/reviewed.json[0m
2026-10-08T23:37:56.9710910Z [36;1mtest -s build/owned-perl-transfer-packaging/ordinary.json[0m
2026-10-08T23:37:56.9711347Z [36;1mtest -s build/owned-perl-transfer-packaging/reviewed.json[0m
2026-10-08T23:37:56.9711783Z [36;1mtest -s build/owned-perl-transfer-packaging/documentation.json[0m
2026-10-08T23:37:56.9712187Z [36;1mtest -s build/owned-perl-borrows/ordinary.json[0m
2026-10-08T23:37:56.9712541Z [36;1mtest -s build/owned-perl-borrows/reviewed.json[0m
2026-10-08T23:37:56.9712905Z [36;1mtest -s build/owned-perl-borrows/borrow-only.json[0m
2026-10-08T23:37:56.9713314Z [36;1mtest -s build/owned-perl-borrow-packaging/ordinary.json[0m
2026-10-08T23:37:56.9713728Z [36;1mtest -s build/owned-perl-borrow-packaging/reviewed.json[0m
2026-10-08T23:37:56.9714149Z [36;1mtest -s build/owned-perl-borrow-packaging/documentation.json[0m
2026-10-08T23:37:56.9750630Z shell: /usr/bin/bash -e {0}
2026-10-08T23:37:56.9750921Z env:
2026-10-08T23:37:56.9751171Z   CORPUS_PERL_CONFIGURATION: 5.38.2-unthreaded
2026-10-08T23:37:56.9751488Z ##[endgroup]
2026-10-08T23:37:57.0219806Z TAP version 13
2026-10-08T23:37:57.1631780Z # Subtest: Perl owned converters preserve finite schemas, C field types and identity ownership
2026-10-08T23:37:57.1639048Z ok 1 - Perl owned converters preserve finite schemas, C field types and identity ownership
2026-10-08T23:37:57.1640172Z   ---
2026-10-08T23:37:57.1640978Z   duration_ms: 62.874613
2026-10-08T23:37:57.1641445Z   type: 'test'
2026-10-08T23:37:57.1641799Z   ...
2026-10-08T23:37:57.5617856Z # Subtest: owned converters compile against all selected real Perl ABIs and generated public C headers
2026-10-08T23:37:57.5619534Z ok 2 - owned converters compile against all selected real Perl ABIs and generated public C headers
2026-10-08T23:37:57.5620451Z   ---
2026-10-08T23:37:57.5620945Z   duration_ms: 400.837436
2026-10-08T23:37:57.5621472Z   type: 'test'
2026-10-08T23:37:57.5621923Z   ...
2026-10-08T23:37:57.5624395Z # 2 ABI/header compile checks; public XS calls and native round-trips are separate.
2026-10-08T23:37:57.6731767Z # Subtest: Perl ownership support rejects injected component prefixes
2026-10-08T23:37:57.6734056Z ok 3 - Perl ownership support rejects injected component prefixes
2026-10-08T23:37:57.6734706Z   ---
2026-10-08T23:37:57.6735041Z   duration_ms: 1.122531
2026-10-08T23:37:57.6735390Z   type: 'test'
2026-10-08T23:37:57.6735717Z   ...
2026-10-08T23:38:16.7834553Z # Subtest: Perl leases clean real Lean results on all selected ABIs (ordinary)
2026-10-08T23:38:16.7836674Z ok 4 - Perl leases clean real Lean results on all selected ABIs (ordinary)
2026-10-08T23:38:16.7837590Z   ---
2026-10-08T23:38:16.7838095Z   duration_ms: 19111.312786
2026-10-08T23:38:16.7838666Z   type: 'test'
2026-10-08T23:38:16.7839569Z   ...
2026-10-08T23:38:16.7840312Z # {"perl":"v5.38.2","identities":0,"exceptions":33,"threaded":0,"checks":162,"live":0,"perlFailures":13,"nativeFailures":14}
2026-10-08T23:38:16.7841138Z # conversions {"exceptions":101,"identities":0,"live":0,"checks":347,"nativeFailures":33,"allocatorFailures":24}
2026-10-08T23:38:16.7841941Z # public calls {"identities":0,"allocatorFailures":51,"live":0,"exceptions":206,"checks":758,"nativeFailures":101}
2026-10-08T23:38:36.0654881Z # Subtest: Perl leases clean real Lean results on all selected ABIs (reviewed)
2026-10-08T23:38:36.0656453Z ok 5 - Perl leases clean real Lean results on all selected ABIs (reviewed)
2026-10-08T23:38:36.0657140Z   ---
2026-10-08T23:38:36.0657481Z   duration_ms: 19283.535068
2026-10-08T23:38:36.0657968Z   type: 'test'
2026-10-08T23:38:36.0658346Z   ...
2026-10-08T23:38:36.0659464Z # {"threaded":0,"live":0,"perl":"v5.38.2","checks":162,"identities":0,"nativeFailures":14,"perlFailures":13,"exceptions":33}
2026-10-08T23:38:36.0660963Z # conversions {"checks":347,"nativeFailures":33,"allocatorFailures":24,"exceptions":101,"identities":0,"live":0}
2026-10-08T23:38:36.0662416Z # public calls {"live":0,"identities":0,"exceptions":206,"checks":758,"allocatorFailures":51,"nativeFailures":101}
2026-10-08T23:39:08.6844664Z # Subtest: Perl leases clean real Lean results on all selected ABIs (ordinary, complete signatures)
2026-10-08T23:39:08.6846707Z ok 6 - Perl leases clean real Lean results on all selected ABIs (ordinary, complete signatures)
2026-10-08T23:39:08.6847494Z   ---
2026-10-08T23:39:08.6847882Z   duration_ms: 32616.938016
2026-10-08T23:39:08.6848311Z   type: 'test'
2026-10-08T23:39:08.6848696Z   ...
2026-10-08T23:39:08.6854030Z # {"threaded":0,"perlFailures":13,"live":0,"nativeFailures":14,"perl":"v5.38.2","identities":0,"checks":162,"exceptions":33}
2026-10-08T23:39:08.6855787Z # conversions {"nativeFailures":33,"checks":347,"live":0,"exceptions":101,"allocatorFailures":24,"identities":0}
2026-10-08T23:39:08.6857353Z # public calls {"live":0,"identities":0,"checks":758,"nativeFailures":101,"exceptions":206,"allocatorFailures":51}
2026-10-08T23:39:08.6863593Z # complete signatures {"live":0,"exports":["bundle","callback_record","callback_recursive","construct","dispatch","echo_alias","echo_array","echo_chain","echo_list","echo_mixed","echo_nested","echo_option","echo_record","echo_recursive","echo_result","echo_row","echo_tuple","echo_variant","factory","identity_closure","label","make_record","make_recursive","new_ticket","payload","primary","repeatedly","retain_callback","retain_ticket","serial","twice","via_bool","via_bytes","via_char","via_f32","via_f64","via_i16","via_i32","via_i64","via_i8","via_int","via_isize","via_nat","via_string","via_u16","via_u32","via_u64","via_u8","via_unit","via_usize","with_function"],"checks":114,"primitives":19,"identities":0}
2026-10-08T23:39:41.4318622Z # Subtest: Perl leases clean real Lean results on all selected ABIs (reviewed, complete signatures)
2026-10-08T23:39:41.4320235Z ok 7 - Perl leases clean real Lean results on all selected ABIs (reviewed, complete signatures)
2026-10-08T23:39:41.4321217Z   ---
2026-10-08T23:39:41.4321696Z   duration_ms: 32748.969527
2026-10-08T23:39:41.4322251Z   type: 'test'
2026-10-08T23:39:41.4322734Z   ...
2026-10-08T23:39:41.4323953Z # {"nativeFailures":14,"perlFailures":13,"exceptions":33,"threaded":0,"perl":"v5.38.2","live":0,"identities":0,"checks":162}
2026-10-08T23:39:41.4325614Z # conversions {"checks":347,"exceptions":101,"allocatorFailures":24,"identities":0,"live":0,"nativeFailures":33}
2026-10-08T23:39:41.4327413Z # public calls {"nativeFailures":101,"allocatorFailures":51,"identities":0,"live":0,"exceptions":206,"checks":758}
2026-10-08T23:39:41.4332957Z # complete signatures {"live":0,"exports":["bundle","callback_record","callback_recursive","construct","dispatch","echo_alias","echo_array","echo_chain","echo_list","echo_mixed","echo_nested","echo_option","echo_record","echo_recursive","echo_result","echo_row","echo_tuple","echo_variant","factory","identity_closure","label","make_record","make_recursive","new_ticket","payload","primary","repeatedly","retain_callback","retain_ticket","serial","twice","via_bool","via_bytes","via_char","via_f32","via_f64","via_i16","via_i32","via_i64","via_i8","via_int","via_isize","via_nat","via_string","via_u16","via_u32","via_u64","via_u8","via_unit","via_usize","with_function"],"primitives":19,"checks":114,"identities":0}
2026-10-08T23:39:42.1990154Z # Subtest: Perl callback-result anchors require their own explicit capability
2026-10-08T23:39:42.2007458Z ok 8 - Perl callback-result anchors require their own explicit capability
2026-10-08T23:39:42.2017031Z   ---
2026-10-08T23:39:42.2017612Z   duration_ms: 132.170488
2026-10-08T23:39:42.2018300Z   type: 'test'
2026-10-08T23:39:42.2019054Z   ...
2026-10-08T23:39:42.2020034Z # Subtest: Perl callback-result C owners select the last argument after the private closure
2026-10-08T23:39:42.2021356Z ok 9 - Perl callback-result C owners select the last argument after the private closure
2026-10-08T23:39:42.2022146Z   ---
2026-10-08T23:39:42.2022457Z   duration_ms: 19.624421
2026-10-08T23:39:42.2022835Z   type: 'test'
2026-10-08T23:39:42.2023185Z   ...
2026-10-08T23:39:42.2024051Z # Subtest: Perl callback-only anchors enable whole owners and copies without host descriptors
2026-10-08T23:39:42.2025206Z ok 10 - Perl callback-only anchors enable whole owners and copies without host descriptors
2026-10-08T23:39:42.2025933Z   ---
2026-10-08T23:39:42.2026460Z   duration_ms: 15.897804
2026-10-08T23:39:42.2026889Z   type: 'test'
2026-10-08T23:39:42.2027283Z   ...
2026-10-08T23:39:42.2028105Z # Subtest: Perl callback anchors compose with original-owner receivers and consuming inputs
2026-10-08T23:39:42.2029417Z ok 11 - Perl callback anchors compose with original-owner receivers and consuming inputs
2026-10-08T23:39:42.2030218Z   ---
2026-10-08T23:39:42.2030602Z   duration_ms: 51.696285
2026-10-08T23:39:42.2031021Z   type: 'test'
2026-10-08T23:39:42.2031380Z   ...
2026-10-08T23:39:42.2032181Z # Subtest: Perl callback ownership projection is immutable and stable under type reordering
2026-10-08T23:39:42.2033382Z ok 12 - Perl callback ownership projection is immutable and stable under type reordering
2026-10-08T23:39:42.2034029Z   ---
2026-10-08T23:39:42.2034374Z   duration_ms: 106.190432
2026-10-08T23:39:42.2034740Z   type: 'test'
2026-10-08T23:39:42.2035040Z   ...
2026-10-08T23:39:42.2035822Z # Subtest: Perl callback capability leaves legacy generated bytes unchanged without actual anchors
2026-10-08T23:39:42.2037245Z ok 13 - Perl callback capability leaves legacy generated bytes unchanged without actual anchors
2026-10-08T23:39:42.2037972Z   ---
2026-10-08T23:39:42.2038270Z   duration_ms: 217.122689
2026-10-08T23:39:42.2038618Z   type: 'test'
2026-10-08T23:39:42.2038947Z   ...
2026-10-08T23:39:42.2040182Z # Subtest: owned Perl declarations retain finite types, identity leaves and transparent aliases
2026-10-08T23:39:42.2041202Z ok 14 - owned Perl declarations retain finite types, identity leaves and transparent aliases
2026-10-08T23:39:42.2041620Z   ---
2026-10-08T23:39:42.2041831Z   duration_ms: 19.843097
2026-10-08T23:39:42.2042061Z   type: 'test'
2026-10-08T23:39:42.2042263Z   ...
2026-10-08T23:39:42.2042694Z # Subtest: owned Perl names cannot overwrite helpers, lifecycle methods or constructor fields
2026-10-08T23:39:42.2043360Z ok 15 - owned Perl names cannot overwrite helpers, lifecycle methods or constructor fields
2026-10-08T23:39:42.2043764Z   ---
2026-10-08T23:39:42.2043970Z   duration_ms: 104.88245
2026-10-08T23:39:42.2044197Z   type: 'test'
2026-10-08T23:39:42.2044389Z   ...
2026-10-08T23:39:42.3697328Z # Subtest: real Perl constructors preserve branches, field names and nested optional payloads
2026-10-08T23:39:42.3699117Z ok 16 - real Perl constructors preserve branches, field names and nested optional payloads
2026-10-08T23:39:42.3700511Z   ---
2026-10-08T23:39:42.3701416Z   duration_ms: 174.186159
2026-10-08T23:39:42.3701902Z   type: 'test'
2026-10-08T23:39:42.3702253Z   ...
2026-10-08T23:39:42.3702923Z # 57 real Perl declaration checks passed; native transport is not enabled
2026-10-08T23:39:42.3803221Z 1..16
2026-10-08T23:39:42.3803640Z # tests 16
2026-10-08T23:39:42.3803989Z # suites 0
2026-10-08T23:39:42.3804331Z # pass 16
2026-10-08T23:39:42.3804665Z # fail 0
2026-10-08T23:39:42.3805015Z # cancelled 0
2026-10-08T23:39:42.3805397Z # skipped 0
2026-10-08T23:39:42.3805726Z # todo 0
2026-10-08T23:39:42.3806239Z # duration_ms 105370.348254
2026-10-08T23:39:42.4239264Z TAP version 13
2026-10-08T23:40:06.8892490Z # Subtest: installed Perl loaders prefer private dependencies and balance mapped-library probes
2026-10-08T23:40:06.8899574Z ok 1 - installed Perl loaders prefer private dependencies and balance mapped-library probes
2026-10-08T23:40:06.8901874Z   ---
2026-10-08T23:40:06.8902582Z   duration_ms: 24367.723784
2026-10-08T23:40:06.8903423Z   type: 'test'
2026-10-08T23:40:06.8903831Z   ...
2026-10-08T23:40:06.8905096Z # {"perl":"/home/runner/work/lean-bridge/lean-bridge/.toolchains/perl/5.38.2-unthreaded/bin/perl","mode":"global","observed":{"checks":3,"global":11,"value":11}}
2026-10-08T23:40:06.8912428Z # {"perl":"/home/runner/work/lean-bridge/lean-bridge/.toolchains/perl/5.38.2-unthreaded/bin/perl","mode":"private","observed":{"checks":133,"global":11,"value":29}}
2026-10-08T23:40:06.8919066Z # {"perl":"/home/runner/work/lean-bridge/lean-bridge/.toolchains/perl/5.38.2-unthreaded/bin/perl","mode":"cold","observed":{"checks":47,"mode":"cold"}}
2026-10-08T23:40:06.8920176Z # {"perl":"/home/runner/work/lean-bridge/lean-bridge/.toolchains/perl/5.38.2-unthreaded/bin/perl","mode":"preloaded","observed":{"checks":2,"mode":"preloaded"}}
2026-10-08T23:40:06.8921367Z # {"perl":"/home/runner/work/lean-bridge/lean-bridge/.toolchains/perl/5.38.2-unthreaded/bin/perl","mode":"conflict","observed":{"checks":2,"mode":"conflict"}}
2026-10-08T23:40:06.8922547Z # {"perl":"/home/runner/work/lean-bridge/lean-bridge/.toolchains/perl/5.38.2-unthreaded/bin/perl","mode":"warm","observed":{"checks":15,"mode":"warm"}}
2026-10-08T23:40:24.6959432Z # Subtest: Perl scalar records preserve exact native fields and reject malformed values (ordinary)
2026-10-08T23:40:24.6963021Z ok 2 - Perl scalar records preserve exact native fields and reject malformed values (ordinary)
2026-10-08T23:40:24.6963697Z   ---
2026-10-08T23:40:24.6964171Z   duration_ms: 17701.143964
2026-10-08T23:40:24.6964610Z   type: 'test'
2026-10-08T23:40:24.6964875Z   ...
2026-10-08T23:40:24.6965910Z # {"allocatorFailures":39,"checks":667,"nativeFailures":31,"scalarFields":19,"live":0,"exports":["bits32","bits64","echo","inspect","make_packet","new_ticket","option_case","units"],"exceptions":168,"identities":0}
2026-10-08T23:40:42.2824152Z # Subtest: Perl scalar records preserve exact native fields and reject malformed values (reviewed)
2026-10-08T23:40:42.2825863Z ok 3 - Perl scalar records preserve exact native fields and reject malformed values (reviewed)
2026-10-08T23:40:42.2827084Z   ---
2026-10-08T23:40:42.2827458Z   duration_ms: 17587.294214
2026-10-08T23:40:42.2827868Z   type: 'test'
2026-10-08T23:40:42.2828201Z   ...
2026-10-08T23:40:42.2829754Z # {"scalarFields":19,"allocatorFailures":39,"nativeFailures":31,"exceptions":168,"live":0,"exports":["bits32","bits64","echo","inspect","make_packet","new_ticket","option_case","units"],"checks":667,"identities":0}
2026-10-08T23:40:43.1020409Z # Subtest: CI requires four-ABI Perl callback execution and reconstructed reports
2026-10-08T23:40:43.1021700Z ok 4 - CI requires four-ABI Perl callback execution and reconstructed reports
2026-10-08T23:40:43.1022339Z   ---
2026-10-08T23:40:43.1022663Z   duration_ms: 81.080554
2026-10-08T23:40:43.1022906Z   type: 'test'
2026-10-08T23:40:43.1023117Z   ...
2026-10-08T23:40:44.3023915Z # Subtest: Perl optional history rejects altered chronology, open schemas and forged transitions
2026-10-08T23:40:44.3025254Z ok 5 - Perl optional history rejects altered chronology, open schemas and forged transitions
2026-10-08T23:40:44.3025771Z   ---
2026-10-08T23:40:44.3026174Z   duration_ms: 1233.38385
2026-10-08T23:40:44.3026435Z   type: 'test'
2026-10-08T23:40:44.3026644Z   ...
2026-10-08T23:40:44.3026918Z # 46 closed history mutations rejected.
2026-10-08T23:40:46.3967650Z # Subtest: Perl optional history closes former exclusions and preserves exact stopping bytes
2026-10-08T23:40:46.3970324Z ok 6 - Perl optional history closes former exclusions and preserves exact stopping bytes
2026-10-08T23:40:46.3971042Z   ---
2026-10-08T23:40:46.3983648Z   duration_ms: 1985.955929
2026-10-08T23:40:46.3984114Z   type: 'test'
2026-10-08T23:40:46.3984470Z   ...
2026-10-08T23:40:46.3985252Z # 19 exact transitions, 3 introduced readers and 212 rejected byte/transition forgeries.
2026-10-08T23:40:46.3986365Z # Subtest: Perl callback-result conversions authenticate whole replies before native copying
2026-10-08T23:40:46.3987094Z ok 7 - Perl callback-result conversions authenticate whole replies before native copying
2026-10-08T23:40:46.3987510Z   ---
2026-10-08T23:40:46.3987723Z   duration_ms: 73.407694
2026-10-08T23:40:46.3987958Z   type: 'test'
2026-10-08T23:40:46.3988164Z   ...
2026-10-08T23:40:46.3988599Z # Subtest: Perl callback-result opt-in preserves legacy XS bytes without anchored callbacks
2026-10-08T23:40:46.3989245Z ok 8 - Perl callback-result opt-in preserves legacy XS bytes without anchored callbacks
2026-10-08T23:40:46.3989640Z   ---
2026-10-08T23:40:46.3989833Z   duration_ms: 34.753828
2026-10-08T23:40:46.3990052Z   type: 'test'
2026-10-08T23:40:46.3990243Z   ...
2026-10-08T23:40:47.5130963Z # Subtest: Perl callback-result native and host signatures compile on every selected XS ABI
2026-10-08T23:40:47.5132419Z ok 9 - Perl callback-result native and host signatures compile on every selected XS ABI
2026-10-08T23:40:47.5133257Z   ---
2026-10-08T23:40:47.5134402Z   duration_ms: 1114.100805
2026-10-08T23:40:47.5134828Z   type: 'test'
2026-10-08T23:40:47.5135195Z   ...
2026-10-08T23:40:47.5136209Z # 4 callback-result XS/header compilations; no native execution claim.
2026-10-08T23:40:47.5137253Z # Subtest: Perl callback-result owners execute real Lean (ordinary, no-host)
2026-10-08T23:40:47.5142537Z ok 10 - Perl callback-result owners execute real Lean (ordinary, no-host) # SKIP
2026-10-08T23:40:47.5143256Z   ---
2026-10-08T23:40:47.5143620Z   duration_ms: 0.166143
2026-10-08T23:40:47.5144054Z   type: 'test'
2026-10-08T23:40:47.5144405Z   ...
2026-10-08T23:40:47.5167255Z # Subtest: Perl callback-result owners execute real Lean (ordinary, host)
2026-10-08T23:40:47.5168298Z ok 11 - Perl callback-result owners execute real Lean (ordinary, host) # SKIP
2026-10-08T23:40:47.5168944Z   ---
2026-10-08T23:40:47.5169284Z   duration_ms: 0.219531
2026-10-08T23:40:47.5169670Z   type: 'test'
2026-10-08T23:40:47.5170027Z   ...
2026-10-08T23:40:47.5170799Z # Subtest: Perl callback-result owners execute real Lean (ordinary, combined)
2026-10-08T23:40:47.5172305Z ok 12 - Perl callback-result owners execute real Lean (ordinary, combined) # SKIP
2026-10-08T23:40:47.5173007Z   ---
2026-10-08T23:40:47.5173357Z   duration_ms: 0.287658
2026-10-08T23:40:47.5173750Z   type: 'test'
2026-10-08T23:40:47.5174095Z   ...
2026-10-08T23:40:47.5174807Z # Subtest: Perl callback-result owners execute real Lean (reviewed, no-host)
2026-10-08T23:40:47.5175882Z ok 13 - Perl callback-result owners execute real Lean (reviewed, no-host) # SKIP
2026-10-08T23:40:47.5176749Z   ---
2026-10-08T23:40:47.5177105Z   duration_ms: 0.250085
2026-10-08T23:40:47.5177517Z   type: 'test'
2026-10-08T23:40:47.5177856Z   ...
2026-10-08T23:40:47.5178529Z # Subtest: Perl callback-result owners execute real Lean (reviewed, host)
2026-10-08T23:40:47.5179491Z ok 14 - Perl callback-result owners execute real Lean (reviewed, host) # SKIP
2026-10-08T23:40:47.5180181Z   ---
2026-10-08T23:40:47.5180516Z   duration_ms: 0.056021
2026-10-08T23:40:47.5181130Z   type: 'test'
2026-10-08T23:40:47.5181489Z   ...
2026-10-08T23:40:47.5182212Z # Subtest: Perl callback-result owners execute real Lean (reviewed, combined)
2026-10-08T23:40:47.5183297Z ok 15 - Perl callback-result owners execute real Lean (reviewed, combined) # SKIP
2026-10-08T23:40:47.5183894Z   ---
2026-10-08T23:40:47.5184175Z   duration_ms: 0.036686
2026-10-08T23:40:47.5184515Z   type: 'test'
2026-10-08T23:40:47.5184779Z   ...
2026-10-08T23:40:47.5185151Z # Subtest: Perl callback-result faults preserve handoff ownership (ordinary)
2026-10-08T23:40:47.5185715Z ok 16 - Perl callback-result faults preserve handoff ownership (ordinary) # SKIP
2026-10-08T23:40:47.5186339Z   ---
2026-10-08T23:40:47.5186606Z   duration_ms: 0.031026
2026-10-08T23:40:47.5186937Z   type: 'test'
2026-10-08T23:40:47.5187177Z   ...
2026-10-08T23:40:47.5187552Z # Subtest: Perl callback-result faults preserve handoff ownership (reviewed)
2026-10-08T23:40:47.5188115Z ok 17 - Perl callback-result faults preserve handoff ownership (reviewed) # SKIP
2026-10-08T23:40:47.5188639Z   ---
2026-10-08T23:40:47.5188830Z   duration_ms: 0.033313
2026-10-08T23:40:47.5189055Z   type: 'test'
2026-10-08T23:40:47.5189377Z   ...
2026-10-08T23:40:47.5189892Z # Subtest: Perl callback-result lifetime and process guards execute real Lean (ordinary)
2026-10-08T23:40:47.5190559Z ok 18 - Perl callback-result lifetime and process guards execute real Lean (ordinary) # SKIP
2026-10-08T23:40:47.5190962Z   ---
2026-10-08T23:40:47.5191250Z   duration_ms: 0.033037
2026-10-08T23:40:47.5191471Z   type: 'test'
2026-10-08T23:40:47.5191664Z   ...
2026-10-08T23:40:47.5192241Z # Subtest: Perl callback-result lifetime and process guards execute real Lean (reviewed)
2026-10-08T23:40:47.5193117Z ok 19 - Perl callback-result lifetime and process guards execute real Lean (reviewed) # SKIP
2026-10-08T23:40:47.5193528Z   ---
2026-10-08T23:40:47.5193724Z   duration_ms: 0.034892
2026-10-08T23:40:47.5193938Z   type: 'test'
2026-10-08T23:40:47.5194127Z   ...
2026-10-08T23:40:47.5194549Z # Subtest: Perl callback-result compiled semantic mutants reject (ordinary, combined)
2026-10-08T23:40:47.5195182Z ok 20 - Perl callback-result compiled semantic mutants reject (ordinary, combined) # SKIP
2026-10-08T23:40:47.5195587Z   ---
2026-10-08T23:40:47.5195773Z   duration_ms: 0.036724
2026-10-08T23:40:47.5196163Z   type: 'test'
2026-10-08T23:40:47.5196512Z   ...
2026-10-08T23:40:47.5197135Z # Subtest: Perl callback-result compiled semantic mutants reject (reviewed, combined)
2026-10-08T23:40:47.5198136Z ok 21 - Perl callback-result compiled semantic mutants reject (reviewed, combined) # SKIP
2026-10-08T23:40:47.5198619Z   ---
2026-10-08T23:40:47.5198829Z   duration_ms: 0.030005
2026-10-08T23:40:47.5199046Z   type: 'test'
2026-10-08T23:40:47.5199243Z   ...
2026-10-08T23:40:47.5199646Z # Subtest: Perl callback-result ASan and UBSan instrument actual C and XS (ordinary)
2026-10-08T23:40:47.5200265Z ok 22 - Perl callback-result ASan and UBSan instrument actual C and XS (ordinary) # SKIP
2026-10-08T23:40:47.5200666Z   ---
2026-10-08T23:40:47.5200861Z   duration_ms: 0.030912
2026-10-08T23:40:47.5201083Z   type: 'test'
2026-10-08T23:40:47.5201447Z   ...
2026-10-08T23:40:47.5201866Z # Subtest: Perl callback-result ASan and UBSan instrument actual C and XS (reviewed)
2026-10-08T23:40:47.5202493Z ok 23 - Perl callback-result ASan and UBSan instrument actual C and XS (reviewed) # SKIP
2026-10-08T23:40:47.5202907Z   ---
2026-10-08T23:40:47.5203150Z   duration_ms: 0.028249
2026-10-08T23:40:47.5203473Z   type: 'test'
2026-10-08T23:40:47.5203733Z   ...
2026-10-08T23:40:47.5204350Z # Subtest: Perl callback evidence reconstructs all six original direct-runtime reports
2026-10-08T23:40:47.5205426Z ok 24 - Perl callback evidence reconstructs all six original direct-runtime reports # SKIP
2026-10-08T23:40:47.5206324Z   ---
2026-10-08T23:40:47.5206606Z   duration_ms: 0.024462
2026-10-08T23:40:47.5206980Z   type: 'test'
2026-10-08T23:40:47.5207340Z   ...
2026-10-08T23:40:47.5208106Z # Subtest: Perl callback evidence rejects changed source, scope, ABI and raw execution
2026-10-08T23:40:47.5209350Z ok 25 - Perl callback evidence rejects changed source, scope, ABI and raw execution # SKIP
2026-10-08T23:40:47.5210037Z   ---
2026-10-08T23:40:47.5210375Z   duration_ms: 0.02311
2026-10-08T23:40:47.5210737Z   type: 'test'
2026-10-08T23:40:47.5211075Z   ...
2026-10-08T23:40:47.5211783Z # Subtest: Perl callback fault evidence reconstructs both original four-ABI sweeps
2026-10-08T23:40:47.5212940Z ok 26 - Perl callback fault evidence reconstructs both original four-ABI sweeps # SKIP
2026-10-08T23:40:47.5213637Z   ---
2026-10-08T23:40:47.5213975Z   duration_ms: 0.023
2026-10-08T23:40:47.5214354Z   type: 'test'
2026-10-08T23:40:47.5214679Z   ...
2026-10-08T23:40:47.5217303Z # Subtest: Perl callback fault evidence rejects forged transfer, cleanup and exception traces
2026-10-08T23:40:47.5218790Z ok 27 - Perl callback fault evidence rejects forged transfer, cleanup and exception traces # SKIP
2026-10-08T23:40:47.5219828Z   ---
2026-10-08T23:40:47.5220595Z   duration_ms: 0.022895
2026-10-08T23:40:47.5221052Z   type: 'test'
2026-10-08T23:40:47.5222765Z   ...
2026-10-08T23:40:47.5224167Z # Subtest: Perl callback lifetime evidence reconstructs both four-ABI scenario matrices
2026-10-08T23:40:47.5238155Z ok 28 - Perl callback lifetime evidence reconstructs both four-ABI scenario matrices # SKIP
2026-10-08T23:40:47.5238886Z   ---
2026-10-08T23:40:47.5239237Z   duration_ms: 0.022094
2026-10-08T23:40:47.5239649Z   type: 'test'
2026-10-08T23:40:47.5239991Z   ...
2026-10-08T23:40:47.5241121Z # Subtest: Perl callback lifetime evidence rejects coordinated source, process, reentry and retirement changes
2026-10-08T23:40:47.5242706Z ok 29 - Perl callback lifetime evidence rejects coordinated source, process, reentry and retirement changes # SKIP
2026-10-08T23:40:47.5243627Z   ---
2026-10-08T23:40:47.5243976Z   duration_ms: 0.023752
2026-10-08T23:40:47.5244931Z   type: 'test'
2026-10-08T23:40:47.5245276Z   ...
2026-10-08T23:40:47.5246106Z # Subtest: Perl callback mutant evidence reconstructs all 32 compiled negative controls
2026-10-08T23:40:47.5247192Z ok 30 - Perl callback mutant evidence reconstructs all 32 compiled negative controls # SKIP
2026-10-08T23:40:47.5247910Z   ---
2026-10-08T23:40:47.5248856Z   duration_ms: 0.048842
2026-10-08T23:40:47.5249287Z   type: 'test'
2026-10-08T23:40:47.5249598Z   ...
2026-10-08T23:40:47.5250875Z # Subtest: Perl callback mutant evidence rejects relabelled defects, crashes and missing restoration
2026-10-08T23:40:47.5252326Z ok 31 - Perl callback mutant evidence rejects relabelled defects, crashes and missing restoration # SKIP
2026-10-08T23:40:47.5253168Z   ---
2026-10-08T23:40:47.5253462Z   duration_ms: 0.024673
2026-10-08T23:40:47.5253800Z   type: 'test'
2026-10-08T23:40:47.5254107Z   ...
2026-10-08T23:40:47.5254889Z # Subtest: Perl callback sanitizer evidence reconstructs scoped address/UB and separate strict LSan matrices
2026-10-08T23:40:47.5258434Z ok 32 - Perl callback sanitizer evidence reconstructs scoped address/UB and separate strict LSan matrices # SKIP
2026-10-08T23:40:47.5259255Z   ---
2026-10-08T23:40:47.5259791Z   duration_ms: 0.022314
2026-10-08T23:40:47.5260134Z   type: 'test'
2026-10-08T23:40:47.5260434Z   ...
2026-10-08T23:40:47.5261174Z # Subtest: Perl callback sanitizer evidence rejects forged source, execution, cleanup and leak claims
2026-10-08T23:40:47.5262568Z ok 33 - Perl callback sanitizer evidence rejects forged source, execution, cleanup and leak claims # SKIP
2026-10-08T23:40:47.5263316Z   ---
2026-10-08T23:40:47.5268525Z   duration_ms: 0.022311
2026-10-08T23:40:47.5268982Z   type: 'test'
2026-10-08T23:40:47.5269370Z   ...
2026-10-08T23:40:47.5270076Z # Subtest: Perl callback package evidence reconstructs four producers and 32 installed public runs
2026-10-08T23:40:47.5270826Z ok 34 - Perl callback package evidence reconstructs four producers and 32 installed public runs # SKIP
2026-10-08T23:40:47.5271304Z   ---
2026-10-08T23:40:47.5271507Z   duration_ms: 0.026917
2026-10-08T23:40:47.5271940Z   type: 'test'
2026-10-08T23:40:47.5272135Z   ...
2026-10-08T23:40:47.5272644Z # Subtest: Perl callback package evidence rejects coordinated producer, receipt and installed claims
2026-10-08T23:40:47.5273381Z ok 35 - Perl callback package evidence rejects coordinated producer, receipt and installed claims # SKIP
2026-10-08T23:40:47.5273850Z   ---
2026-10-08T23:40:47.5274053Z   duration_ms: 0.022562
2026-10-08T23:40:47.5274281Z   type: 'test'
2026-10-08T23:40:47.5274472Z   ...
2026-10-08T23:40:47.5274887Z # Subtest: nine-target Perl callback release reconstructs ordinary inputs and execution
2026-10-08T23:40:47.5275535Z ok 36 - nine-target Perl callback release reconstructs ordinary inputs and execution # SKIP
2026-10-08T23:40:47.5275944Z   ---
2026-10-08T23:40:47.5276400Z   duration_ms: 0.035514
2026-10-08T23:40:47.5276676Z   type: 'test'
2026-10-08T23:40:47.5276873Z   ...
2026-10-08T23:40:47.5277275Z # Subtest: nine-target Perl callback release reconstructs reviewed inputs and execution
2026-10-08T23:40:47.5277922Z ok 37 - nine-target Perl callback release reconstructs reviewed inputs and execution # SKIP
2026-10-08T23:40:47.5278330Z   ---
2026-10-08T23:40:47.5278519Z   duration_ms: 0.028537
2026-10-08T23:40:47.5278732Z   type: 'test'
2026-10-08T23:40:47.5278922Z   ...
2026-10-08T23:40:47.5279336Z # Subtest: installed CPAN callback-result smoke preserves combined owners (ordinary)
2026-10-08T23:40:47.5279959Z ok 38 - installed CPAN callback-result smoke preserves combined owners (ordinary) # SKIP
2026-10-08T23:40:47.5280361Z   ---
2026-10-08T23:40:47.5280544Z   duration_ms: 0.09218
2026-10-08T23:40:47.5280766Z   type: 'test'
2026-10-08T23:40:47.5280956Z   ...
2026-10-08T23:40:49.2138457Z # Subtest: Perl callback source history authenticates complete transitions and rejects drift
2026-10-08T23:40:49.2140231Z ok 39 - Perl callback source history authenticates complete transitions and rejects drift
2026-10-08T23:40:49.2141361Z   ---
2026-10-08T23:40:49.2142280Z   duration_ms: 1700.448792
2026-10-08T23:40:49.2142901Z   type: 'test'
2026-10-08T23:40:49.2143335Z   ...
2026-10-08T23:40:55.3170318Z # Subtest: staged Perl source identities do not promote type-surface support
2026-10-08T23:40:55.3174700Z ok 40 - staged Perl source identities do not promote type-surface support
2026-10-08T23:40:55.3175476Z   ---
2026-10-08T23:40:55.3175891Z   duration_ms: 6103.331083
2026-10-08T23:40:55.3176582Z   type: 'test'
2026-10-08T23:40:55.3176994Z   ...
2026-10-08T23:40:56.2721564Z # Subtest: frozen JVM CLI reports reject current Perl source inventories without rewriting originals
2026-10-08T23:40:56.2723567Z ok 41 - frozen JVM CLI reports reject current Perl source inventories without rewriting originals
2026-10-08T23:40:56.2724731Z   ---
2026-10-08T23:40:56.2725314Z   duration_ms: 954.596466
2026-10-08T23:40:56.2726090Z   type: 'test'
2026-10-08T23:40:56.2726628Z   ...
2026-10-08T23:40:57.3842823Z # Subtest: Perl acceptance covers the execution and verifier import closure
2026-10-08T23:40:57.3844060Z ok 42 - Perl acceptance covers the execution and verifier import closure
2026-10-08T23:40:57.3844793Z   ---
2026-10-08T23:40:57.3845539Z   duration_ms: 1112.613375
2026-10-08T23:40:57.3846195Z   type: 'test'
2026-10-08T23:40:57.3846630Z   ...
2026-10-08T23:41:12.7567692Z # Subtest: Perl acceptance reconstructs all 18 reports and complete executed probes
2026-10-08T23:41:12.7569033Z ok 43 - Perl acceptance reconstructs all 18 reports and complete executed probes
2026-10-08T23:41:12.7569789Z   ---
2026-10-08T23:41:12.7570354Z   duration_ms: 15372.315526
2026-10-08T23:41:12.7571083Z   type: 'test'
2026-10-08T23:41:12.7571525Z   ...
2026-10-08T23:42:54.5356795Z # Subtest: Perl acceptance rejects skipped runs, changed sources and inflated guarantees
2026-10-08T23:42:54.5357902Z ok 44 - Perl acceptance rejects skipped runs, changed sources and inflated guarantees
2026-10-08T23:42:54.5358324Z   ---
2026-10-08T23:42:54.5358539Z   duration_ms: 101778.815949
2026-10-08T23:42:54.5358796Z   type: 'test'
2026-10-08T23:42:54.5359001Z   ...
2026-10-08T23:42:54.5360094Z # 58 altered acceptance claims rejected
2026-10-08T23:42:55.4331193Z # Subtest: Perl acceptance binds every report slot to its mode and execution boundary
2026-10-08T23:42:55.4332353Z ok 45 - Perl acceptance binds every report slot to its mode and execution boundary
2026-10-08T23:42:55.4333068Z   ---
2026-10-08T23:42:55.4333389Z   duration_ms: 893.875932
2026-10-08T23:42:55.4333769Z   type: 'test'
2026-10-08T23:42:55.4334112Z   ...
2026-10-08T23:42:55.4334573Z # 40 false report-slot claims rejected
2026-10-08T23:42:55.4335610Z # Subtest: Perl optional CPAN evidence reconstructs eight producers, exact archives and 64 public runs
2026-10-08T23:42:55.4342231Z ok 46 - Perl optional CPAN evidence reconstructs eight producers, exact archives and 64 public runs # SKIP
2026-10-08T23:42:55.4343227Z   ---
2026-10-08T23:42:55.4343614Z   duration_ms: 0.121054
2026-10-08T23:42:55.4344061Z   type: 'test'
2026-10-08T23:42:55.4344432Z   ...
2026-10-08T23:42:55.4345506Z # Subtest: Perl optional CPAN evidence rejects partial matrices, false capabilities and coordinated raw claims
2026-10-08T23:42:55.4347383Z ok 47 - Perl optional CPAN evidence rejects partial matrices, false capabilities and coordinated raw claims # SKIP
2026-10-08T23:42:55.4348390Z   ---
2026-10-08T23:42:55.4348781Z   duration_ms: 0.039476
2026-10-08T23:42:55.4349195Z   type: 'test'
2026-10-08T23:42:55.4349500Z   ...
2026-10-08T23:42:55.4350260Z # Subtest: Perl optional TAP grammar rejects incomplete and reordered synthetic parser fixtures
2026-10-08T23:42:55.4351535Z ok 48 - Perl optional TAP grammar rejects incomplete and reordered synthetic parser fixtures
2026-10-08T23:42:55.4352384Z   ---
2026-10-08T23:42:55.4352758Z   duration_ms: 3.333714
2026-10-08T23:42:55.4353190Z   type: 'test'
2026-10-08T23:42:55.4353562Z   ...
2026-10-08T23:42:55.4354121Z # 25 malformed parser-only TAP fixtures rejected.
2026-10-08T23:43:03.4641597Z # Subtest: Perl optional acceptance closes exact installed evidence and preserves the combined predecessor
2026-10-08T23:43:03.4642757Z ok 49 - Perl optional acceptance closes exact installed evidence and preserves the combined predecessor
2026-10-08T23:43:03.4643732Z   ---
2026-10-08T23:43:03.4644030Z   duration_ms: 8030.571993
2026-10-08T23:43:03.4644277Z   type: 'test'
2026-10-08T23:43:03.4644476Z   ...
2026-10-08T23:44:20.7627424Z # Subtest: Perl optional acceptance rejects forged logs, archives, exclusions and scope
2026-10-08T23:44:20.7628432Z ok 50 - Perl optional acceptance rejects forged logs, archives, exclusions and scope
2026-10-08T23:44:20.7641343Z   ---
2026-10-08T23:44:20.7643037Z   duration_ms: 77227.564127
2026-10-08T23:44:20.7651133Z   type: 'test'
2026-10-08T23:44:20.7651446Z   ...
2026-10-08T23:44:20.7652099Z # 167 receipt/log/archive claims and 6 coordinated report forgeries rejected.
2026-10-08T23:44:20.7653140Z # Subtest: owned CPAN namespaces remain a validated host projection
2026-10-08T23:44:20.7654053Z ok 51 - owned CPAN namespaces remain a validated host projection
2026-10-08T23:44:20.7654700Z   ---
2026-10-08T23:44:20.7655047Z   duration_ms: 0.634261
2026-10-08T23:44:20.7655452Z   type: 'test'
2026-10-08T23:44:20.7656286Z   ...
2026-10-08T23:44:20.7656768Z # Subtest: owned Perl emits every function, identity method and scoped callback boundary
2026-10-08T23:44:20.7657399Z ok 52 - owned Perl emits every function, identity method and scoped callback boundary
2026-10-08T23:44:20.7657882Z   ---
2026-10-08T23:44:20.7658133Z   duration_ms: 70.338449
2026-10-08T23:44:20.7658429Z   type: 'test'
2026-10-08T23:44:20.7658633Z   ...
2026-10-08T23:44:21.8360277Z # Subtest: all owned Perl call and callback signatures compile on each supported XS ABI
2026-10-08T23:44:21.8361189Z ok 53 - all owned Perl call and callback signatures compile on each supported XS ABI
2026-10-08T23:44:21.8361706Z   ---
2026-10-08T23:44:21.8362094Z   duration_ms: 1073.55856
2026-10-08T23:44:21.8362496Z   type: 'test'
2026-10-08T23:44:21.8362950Z   ...
2026-10-08T23:44:21.8363783Z # 4 full XS API/header checks; native execution is tested separately.
2026-10-08T23:44:21.8698544Z 1..53
2026-10-08T23:44:21.8698790Z # tests 53
2026-10-08T23:44:21.8699157Z # suites 0
2026-10-08T23:44:21.8699575Z # pass 22
2026-10-08T23:44:21.8699908Z # fail 0
2026-10-08T23:44:21.8700325Z # cancelled 0
2026-10-08T23:44:21.8700691Z # skipped 31
2026-10-08T23:44:21.8701093Z # todo 0
2026-10-08T23:44:21.8701479Z # duration_ms 279458.510532
2026-10-08T23:44:21.9148021Z TAP version 13
2026-10-08T23:51:33.8776373Z # Subtest: installed owned Perl components coexist, reject foreign owners and reproduce independently
2026-10-08T23:51:33.8783607Z ok 1 - installed owned Perl components coexist, reject foreign owners and reproduce independently
2026-10-08T23:51:33.8784631Z   ---
2026-10-08T23:51:33.8785257Z   duration_ms: 431858.006492
2026-10-08T23:51:33.8786860Z   type: 'test'
2026-10-08T23:51:33.8787250Z   ...
2026-10-08T23:51:33.8787668Z # building OwnedOne, independent producer 1
2026-10-08T23:51:33.8792315Z # building OwnedOne, independent producer 2
2026-10-08T23:51:33.8794160Z # building OwnedTwo, independent producer 1
2026-10-08T23:51:33.8795056Z # building CopiedGraph, independent producer 1
2026-10-08T23:51:33.8797093Z # building Peer, independent producer 1
2026-10-08T23:51:33.8798988Z # {"perl":"/home/runner/work/lean-bridge/lean-bridge/.toolchains/perl/5.38.2-unthreaded/bin/perl","order":"owned-first","checks":323}
2026-10-08T23:51:33.8801000Z # {"perl":"/home/runner/work/lean-bridge/lean-bridge/.toolchains/perl/5.38.2-unthreaded/bin/perl","order":"second-owned-first","checks":323}
2026-10-08T23:51:33.8802427Z # {"perl":"/home/runner/work/lean-bridge/lean-bridge/.toolchains/perl/5.38.2-unthreaded/bin/perl","order":"graph-first","checks":323}
2026-10-08T23:51:33.8803556Z # {"perl":"/home/runner/work/lean-bridge/lean-bridge/.toolchains/perl/5.38.2-unthreaded/bin/perl","order":"peer-first","checks":323}
2026-10-08T23:53:54.7342770Z # Subtest: installed owned Perl scalars preserve private GMP and source-free loading (ordinary)
2026-10-08T23:53:54.7346252Z ok 2 - installed owned Perl scalars preserve private GMP and source-free loading (ordinary)
2026-10-08T23:53:54.7351446Z   ---
2026-10-08T23:53:54.7351823Z   duration_ms: 140753.441725
2026-10-08T23:53:54.7352233Z   type: 'test'
2026-10-08T23:53:54.7352434Z   ...
2026-10-08T23:53:54.7352795Z # CLI builds the Lean component, shared runtime and owned CPAN package
2026-10-08T23:53:54.7354083Z # {"perl":"/home/runner/work/lean-bridge/lean-bridge/.toolchains/perl/5.38.2-unthreaded/bin/perl","mode":"prebuilt-only","observed":{"checks":134,"exports":["bits32","bits64","echo","inspect","make_packet","new_ticket","option_case","units"],"live":0},"assetChecks":6}
2026-10-08T23:53:54.7355887Z # {"perl":"/home/runner/work/lean-bridge/lean-bridge/.toolchains/perl/5.38.2-unthreaded/bin/perl","mode":"build-xs","observed":{"checks":134,"exports":["bits32","bits64","echo","inspect","make_packet","new_ticket","option_case","units"],"live":0},"assetChecks":6}
2026-10-08T23:56:15.7893998Z # Subtest: installed owned Perl scalars preserve private GMP and source-free loading (reviewed)
2026-10-08T23:56:15.7895790Z ok 3 - installed owned Perl scalars preserve private GMP and source-free loading (reviewed)
2026-10-08T23:56:15.7896749Z   ---
2026-10-08T23:56:15.7897117Z   duration_ms: 141054.989436
2026-10-08T23:56:15.7897552Z   type: 'test'
2026-10-08T23:56:15.7897886Z   ...
2026-10-08T23:56:15.7898552Z # CLI builds the Lean component, shared runtime and owned CPAN package
2026-10-08T23:56:15.7900671Z # {"perl":"/home/runner/work/lean-bridge/lean-bridge/.toolchains/perl/5.38.2-unthreaded/bin/perl","mode":"prebuilt-only","observed":{"checks":134,"exports":["bits32","bits64","echo","inspect","make_packet","new_ticket","option_case","units"],"live":0},"assetChecks":6}
2026-10-08T23:56:15.7902947Z # {"perl":"/home/runner/work/lean-bridge/lean-bridge/.toolchains/perl/5.38.2-unthreaded/bin/perl","mode":"build-xs","observed":{"checks":134,"exports":["bits32","bits64","echo","inspect","make_packet","new_ticket","option_case","units"],"live":0},"assetChecks":6}
2026-10-08T23:58:58.5385207Z # Subtest: installed owned Perl callbacks preserve private GMP and source-free loading (ordinary)
2026-10-08T23:58:58.5386729Z ok 4 - installed owned Perl callbacks preserve private GMP and source-free loading (ordinary)
2026-10-08T23:58:58.5387711Z   ---
2026-10-08T23:58:58.5388074Z   duration_ms: 162749.151614
2026-10-08T23:58:58.5388395Z   type: 'test'
2026-10-08T23:58:58.5388698Z   ...
2026-10-08T23:58:58.5389316Z # CLI builds the Lean component, shared runtime and owned CPAN package
2026-10-08T23:58:58.5393530Z # {"perl":"/home/runner/work/lean-bridge/lean-bridge/.toolchains/perl/5.38.2-unthreaded/bin/perl","mode":"prebuilt-only","observed":{"primitives":19,"exports":["bundle","callback_record","callback_recursive","construct","dispatch","echo_alias","echo_array","echo_chain","echo_list","echo_mixed","echo_nested","echo_option","echo_record","echo_recursive","echo_result","echo_row","echo_tuple","echo_variant","factory","identity_closure","label","make_record","make_recursive","new_ticket","payload","primary","repeatedly","retain_callback","retain_ticket","serial","twice","via_bool","via_bytes","via_char","via_f32","via_f64","via_i16","via_i32","via_i64","via_i8","via_int","via_isize","via_nat","via_string","via_u16","via_u32","via_u64","via_u8","via_unit","via_usize","with_function"],"brokerIdentities":0,"checks":115},"assetChecks":6}
2026-10-08T23:58:58.5400550Z # {"perl":"/home/runner/work/lean-bridge/lean-bridge/.toolchains/perl/5.38.2-unthreaded/bin/perl","mode":"build-xs","observed":{"checks":115,"primitives":19,"brokerIdentities":0,"exports":["bundle","callback_record","callback_recursive","construct","dispatch","echo_alias","echo_array","echo_chain","echo_list","echo_mixed","echo_nested","echo_option","echo_record","echo_recursive","echo_result","echo_row","echo_tuple","echo_variant","factory","identity_closure","label","make_record","make_recursive","new_ticket","payload","primary","repeatedly","retain_callback","retain_ticket","serial","twice","via_bool","via_bytes","via_char","via_f32","via_f64","via_i16","via_i32","via_i64","via_i8","via_int","via_isize","via_nat","via_string","via_u16","via_u32","via_u64","via_u8","via_unit","via_usize","with_function"]},"assetChecks":6}
2026-10-09T00:01:41.9489264Z # Subtest: installed owned Perl callbacks preserve private GMP and source-free loading (reviewed)
2026-10-09T00:01:41.9490658Z ok 5 - installed owned Perl callbacks preserve private GMP and source-free loading (reviewed)
2026-10-09T00:01:41.9506858Z   ---
2026-10-09T00:01:41.9507124Z   duration_ms: 163410.103057
2026-10-09T00:01:41.9507406Z   type: 'test'
2026-10-09T00:01:41.9507617Z   ...
2026-10-09T00:01:41.9507985Z # CLI builds the Lean component, shared runtime and owned CPAN package
2026-10-09T00:01:41.9511589Z # {"perl":"/home/runner/work/lean-bridge/lean-bridge/.toolchains/perl/5.38.2-unthreaded/bin/perl","mode":"prebuilt-only","observed":{"checks":115,"exports":["bundle","callback_record","callback_recursive","construct","dispatch","echo_alias","echo_array","echo_chain","echo_list","echo_mixed","echo_nested","echo_option","echo_record","echo_recursive","echo_result","echo_row","echo_tuple","echo_variant","factory","identity_closure","label","make_record","make_recursive","new_ticket","payload","primary","repeatedly","retain_callback","retain_ticket","serial","twice","via_bool","via_bytes","via_char","via_f32","via_f64","via_i16","via_i32","via_i64","via_i8","via_int","via_isize","via_nat","via_string","via_u16","via_u32","via_u64","via_u8","via_unit","via_usize","with_function"],"brokerIdentities":0,"primitives":19},"assetChecks":6}
2026-10-09T00:01:41.9517787Z # {"perl":"/home/runner/work/lean-bridge/lean-bridge/.toolchains/perl/5.38.2-unthreaded/bin/perl","mode":"build-xs","observed":{"exports":["bundle","callback_record","callback_recursive","construct","dispatch","echo_alias","echo_array","echo_chain","echo_list","echo_mixed","echo_nested","echo_option","echo_record","echo_recursive","echo_result","echo_row","echo_tuple","echo_variant","factory","identity_closure","label","make_record","make_recursive","new_ticket","payload","primary","repeatedly","retain_callback","retain_ticket","serial","twice","via_bool","via_bytes","via_char","via_f32","via_f64","via_i16","via_i32","via_i64","via_i8","via_int","via_isize","via_nat","via_string","via_u16","via_u32","via_u64","via_u8","via_unit","via_usize","with_function"],"primitives":19,"checks":115,"brokerIdentities":0},"assetChecks":6}
2026-10-09T00:01:41.9577360Z 1..5
2026-10-09T00:01:41.9577672Z # tests 5
2026-10-09T00:01:41.9577862Z # suites 0
2026-10-09T00:01:41.9578147Z # pass 5
2026-10-09T00:01:41.9578554Z # fail 0
2026-10-09T00:01:41.9579042Z # cancelled 0
2026-10-09T00:01:41.9581175Z # skipped 0
2026-10-09T00:01:41.9581520Z # todo 0
2026-10-09T00:01:41.9581893Z # duration_ms 1040054.982374
2026-10-09T00:01:42.0455786Z 
2026-10-09T00:01:42.0456596Z > @lean-wasm/bridge-poc@0.0.0-poc test:owned-perl-transfers
2026-10-09T00:01:42.0458043Z > LEAN_BRIDGE_OWNED_PERL_TRANSFER_TEST=1 LEAN_BRIDGE_OWNED_NATIVE_TEST=1 node --test --test-concurrency=1 tests/owned-perl-transfers.test.mjs tests/owned-perl-transfer-packaging.test.mjs tests/owned-perl-documentation.test.mjs
2026-10-09T00:01:42.0458891Z 
2026-10-09T00:01:42.0880594Z TAP version 13
2026-10-09T00:01:53.0854478Z ##[error]The operation was canceled.
2026-10-09T00:01:53.0952622Z ##[group]Run actions/upload-artifact@v7
2026-10-09T00:01:53.0953108Z with:
2026-10-09T00:01:53.0953720Z   name: type-corpus-perl-5.38.2-unthreaded-bf89effc3735069b1f069482c26ccf296026e7db
2026-10-09T00:01:53.0963432Z   path: build/type-corpus/perl.json
build/type-corpus/reviewed-native-perl.json
build/char-native/perl.json
build/word-native/perl.json
build/callables/perl.json
build/structured-callables/perl.json
build/recursive-callables/perl.json
build/compounds/perl.json
build/lists/perl.json
build/collections/perl.json
build/aliases/perl.json
build/native-fin/perl.json
build/native-fin/perl-reviewed.json
build/native-specializations/perl.json
build/generic-records/perl.json
build/generic-records/specialized-perl.json
build/native-fin-containers/perl.json
build/native-fin-containers/reviewed-perl.json
build/native-fin-products/perl.json
build/native-fin-products/reviewed-perl.json
build/native-fin-product-arrays/perl.json
build/native-fin-product-arrays/reviewed-perl.json
build/native-fin-records/perl.json
build/native-fin-records/reviewed-perl.json
build/native-subtype/perl.json
build/perl-refinements/perl.json
build/variants/perl.json
build/recursive/perl-values.json
build/recursive/perl-conversions.json
build/recursive/perl-native.json
build/recursive/perl-packages.json
build/recursive/perl-component-collision.json
build/recursive/perl-composition.json
build/recursive/perl-documentation.json
build/owned-perl-runtime/
build/owned-perl-conversions/
build/owned-perl-calls/
build/owned-perl-scalars/
build/owned-perl-loader/
build/owned-perl-package/
build/owned-perl-transfers/
build/owned-perl-transfer-packaging/
build/owned-perl-borrows/
build/owned-perl-borrow-packaging/

2026-10-09T00:01:53.0974159Z   if-no-files-found: error
2026-10-09T00:01:53.0974599Z   overwrite: true
2026-10-09T00:01:53.0974982Z   retention-days: 30
2026-10-09T00:01:53.0975372Z   compression-level: 6
2026-10-09T00:01:53.0975793Z   include-hidden-files: false
2026-10-09T00:01:53.0976383Z   archive: true
2026-10-09T00:01:53.0976729Z ##[endgroup]
2026-10-09T00:01:53.3152461Z Multiple search paths detected. Calculating the least common ancestor of all paths
2026-10-09T00:01:53.3166246Z The least common ancestor is /home/runner/work/lean-bridge/lean-bridge/build. This will be the root directory of the artifact
2026-10-09T00:01:53.3167125Z With the provided path, there will be 54 files uploaded
2026-10-09T00:01:53.5316441Z Artifact name is valid!
2026-10-09T00:01:53.5317126Z Root directory input is valid!
2026-10-09T00:01:53.8760266Z Uploading artifact: type-corpus-perl-5.38.2-unthreaded-bf89effc3735069b1f069482c26ccf296026e7db.zip
2026-10-09T00:01:53.8796975Z Beginning upload of artifact content to blob storage
2026-10-09T00:01:54.4533928Z Uploaded bytes 313840
2026-10-09T00:01:54.5222477Z Finished uploading artifact content to blob storage!
2026-10-09T00:01:54.5223682Z SHA256 digest of uploaded artifact is d0246e51c4cf2019294f0bf16527e3e24d784c3960ece8fac5641aa8e46823e6
2026-10-09T00:01:54.5224663Z Finalizing artifact upload
2026-10-09T00:01:54.8920438Z Artifact type-corpus-perl-5.38.2-unthreaded-bf89effc3735069b1f069482c26ccf296026e7db successfully finalized. Artifact ID 11586428535
2026-10-09T00:01:54.8922902Z Artifact type-corpus-perl-5.38.2-unthreaded-bf89effc3735069b1f069482c26ccf296026e7db has been successfully uploaded! Final size is 313840 bytes. Artifact ID is 11586428535
2026-10-09T00:01:54.8925014Z Artifact download URL: https://github.com/seanmorris/lean-bridge/actions/runs/37847248418/artifacts/11586428535
2026-10-09T00:01:54.9077344Z ##[group]Run actions/upload-artifact@v7
2026-10-09T00:01:54.9077832Z with:
2026-10-09T00:01:54.9078377Z   name: perl-abi-5.38.2-unthreaded-bf89effc3735069b1f069482c26ccf296026e7db
2026-10-09T00:01:54.9079480Z   path: build/consumer-ci/perl/*/benchmark.json
build/consumer-ci/perl/*/acceptance.json
build/consumer-ci/perl/*/perl.json

2026-10-09T00:01:54.9080392Z   if-no-files-found: error
2026-10-09T00:01:54.9080774Z   overwrite: true
2026-10-09T00:01:54.9081127Z   compression-level: 6
2026-10-09T00:01:54.9081528Z   include-hidden-files: false
2026-10-09T00:01:54.9081940Z   archive: true
2026-10-09T00:01:54.9082278Z ##[endgroup]
2026-10-09T00:01:55.0637093Z With the provided path, there will be 3 files uploaded
2026-10-09T00:01:55.3139749Z Artifact name is valid!
2026-10-09T00:01:55.3141391Z Root directory input is valid!
2026-10-09T00:01:55.6373644Z Uploading artifact: perl-abi-5.38.2-unthreaded-bf89effc3735069b1f069482c26ccf296026e7db.zip
2026-10-09T00:01:55.6445141Z Beginning upload of artifact content to blob storage
2026-10-09T00:01:55.9130232Z Uploaded bytes 2139
2026-10-09T00:01:55.9757042Z Finished uploading artifact content to blob storage!
2026-10-09T00:01:55.9758490Z SHA256 digest of uploaded artifact is d26afced9a27f8f528495195bd6b47400777917016843dcf55f47e62a8dfb216
2026-10-09T00:01:55.9759610Z Finalizing artifact upload
2026-10-09T00:01:56.4056409Z Artifact perl-abi-5.38.2-unthreaded-bf89effc3735069b1f069482c26ccf296026e7db successfully finalized. Artifact ID 11586059285
2026-10-09T00:01:56.4058979Z Artifact perl-abi-5.38.2-unthreaded-bf89effc3735069b1f069482c26ccf296026e7db has been successfully uploaded! Final size is 2139 bytes. Artifact ID is 11586059285
2026-10-09T00:01:56.4061059Z Artifact download URL: https://github.com/seanmorris/lean-bridge/actions/runs/37847248418/artifacts/11586059285
2026-10-09T00:01:56.4286981Z Post job cleanup.
2026-10-09T00:01:56.5166900Z [command]/usr/bin/git version
2026-10-09T00:01:56.5230666Z git version 2.55.0
2026-10-09T00:01:56.5297919Z Temporarily overriding HOME='/home/runner/work/_temp/d5318934-cdcd-4974-b34a-b7fd5aa3f00d' before making global git config changes
2026-10-09T00:01:56.5327405Z Adding repository directory to the temporary git global config as a safe directory
2026-10-09T00:01:56.5337471Z [command]/usr/bin/git config --global --add safe.directory /home/runner/work/lean-bridge/lean-bridge
2026-10-09T00:01:56.5339734Z Removing SSH command configuration
2026-10-09T00:01:56.5340688Z [command]/usr/bin/git config --local --name-only --get-regexp core\.sshCommand
2026-10-09T00:01:56.5381923Z [command]/usr/bin/git submodule foreach --recursive sh -c "git config --local --name-only --get-regexp 'core\.sshCommand' && git config --local --unset-all 'core.sshCommand' || :"
2026-10-09T00:01:56.5692401Z Removing HTTP extra header
2026-10-09T00:01:56.5701562Z [command]/usr/bin/git config --local --name-only --get-regexp http\.https\:\/\/github\.com\/\.extraheader
2026-10-09T00:01:56.5747247Z [command]/usr/bin/git submodule foreach --recursive sh -c "git config --local --name-only --get-regexp 'http\.https\:\/\/github\.com\/\.extraheader' && git config --local --unset-all 'http.https://github.com/.extraheader' || :"
2026-10-09T00:01:56.6013853Z Removing includeIf entries pointing to credentials config files
2026-10-09T00:01:56.6024345Z [command]/usr/bin/git config --local --name-only --get-regexp ^includeIf\.gitdir:
2026-10-09T00:01:56.6083375Z [command]/usr/bin/git submodule foreach --recursive git config --local --show-origin --name-only --get-regexp remote.origin.url
2026-10-09T00:01:56.6569678Z Cleaning up orphan processes
2026-10-09T00:01:56.6780406Z Terminate orphan process: pid (312765) (npm run test:owned-perl-transfers)
2026-10-09T00:01:56.6837138Z Terminate orphan process: pid (312776) (sh)
2026-10-09T00:01:56.6884377Z Terminate orphan process: pid (312777) (node)
2026-10-09T00:01:56.6934925Z Terminate orphan process: pid (312783) (node)
2026-10-09T00:01:56.7008034Z Terminate orphan process: pid (312794) (node)
2026-10-09T00:01:56.7063992Z Terminate orphan process: pid (312856) (lean)
2026-10-09T00:01:56.7080607Z ##[warning]Node.js 20 is deprecated. The following actions target Node.js 20 but are being forced to run on Node.js 24: actions/cache@v4. For more information see: https://github.blog/changelog/2025-09-19-deprecation-of-node-20-on-github-actions-runners/
