2026-10-09T19:42:45.9289124Z Current runner version: '2.337.0'
2026-10-09T19:42:45.9314624Z ##[group]Runner Image Provisioner
2026-10-09T19:42:45.9315484Z Hosted Compute Agent
2026-10-09T19:42:45.9316241Z Version: 20261002.596
2026-10-09T19:42:45.9316867Z Commit: c3d12f3313a95f25162a1503be624f3b0617f8c0
2026-10-09T19:42:45.9317597Z Build Date: 2026-10-02T22:28:27Z
2026-10-09T19:42:45.9318272Z Worker ID: {43cbd10c-0cac-4e34-bcf9-257a0088c7b1}
2026-10-09T19:42:45.9318967Z Region: centralus
2026-10-09T19:42:45.9319551Z Cloud: Azure
2026-10-09T19:42:45.9320086Z ##[endgroup]
2026-10-09T19:42:45.9321405Z ##[group]Operating System
2026-10-09T19:42:45.9322019Z Ubuntu
2026-10-09T19:42:45.9322532Z 24.04.5
2026-10-09T19:42:45.9323081Z LTS
2026-10-09T19:42:45.9324012Z ##[endgroup]
2026-10-09T19:42:45.9324554Z ##[group]Runner Image
2026-10-09T19:42:45.9325187Z Image: ubuntu-24.04
2026-10-09T19:42:45.9325844Z Version: 20261004.327.1
2026-10-09T19:42:45.9327334Z Included Software: https://github.com/actions/runner-images/blob/ubuntu24/20261004.327/images/ubuntu/Ubuntu2404-Readme.md
2026-10-09T19:42:45.9328828Z Image Release: https://github.com/actions/runner-images/releases/tag/ubuntu24%2F20261004.327
2026-10-09T19:42:45.9329775Z ##[endgroup]
2026-10-09T19:42:45.9330853Z ##[group]GITHUB_TOKEN Permissions
2026-10-09T19:42:45.9333104Z Contents: read
2026-10-09T19:42:45.9333855Z Metadata: read
2026-10-09T19:42:45.9334488Z ##[endgroup]
2026-10-09T19:42:45.9336504Z Secret source: Actions
2026-10-09T19:42:45.9337452Z Cache mode: write
2026-10-09T19:42:45.9338167Z Prepare workflow directory
2026-10-09T19:42:45.9716885Z Prepare all required actions
2026-10-09T19:42:45.9767181Z Getting action download info
2026-10-09T19:42:46.3169970Z Download action repository 'actions/checkout@v6' (SHA:d23441a48e516b6c34aea4fa41551a30e30af803)
2026-10-09T19:42:46.4418655Z Download action repository 'actions/setup-node@v6' (SHA:249970729cb0ef3589644e2896645e5dc5ba9c38)
2026-10-09T19:42:46.5687067Z Download action repository 'cachix/install-nix-action@v31' (SHA:13d8dd58da0234aa297dedd986986ccb8e7f3e24)
2026-10-09T19:42:46.7737211Z Download action repository 'actions/setup-dotnet@v6' (SHA:a98b56852c35b8e3190ac28c8c2271da59106c68)
2026-10-09T19:42:47.3737481Z Download action repository 'ruby/setup-ruby@v1' (SHA:e81a8fa391b11a595c1b7ed84177cc0fe02faf83)
2026-10-09T19:42:47.7567385Z Download action repository 'actions/upload-artifact@v7' (SHA:cf430e030ddbb5b0abf93d22962f4752f3646cd9)
2026-10-09T19:42:48.3747483Z Download action repository 'actions/setup-java@v4' (SHA:cf277c60eb25467037889841efdb72551f06f6c3)
2026-10-09T19:42:49.1534254Z Complete job name: Managed consumer (ruby)
2026-10-09T19:42:49.2336217Z ##[group]Run actions/checkout@v6
2026-10-09T19:42:49.2336844Z with:
2026-10-09T19:42:49.2337259Z   fetch-depth: 0
2026-10-09T19:42:49.2337594Z   persist-credentials: false
2026-10-09T19:42:49.2337964Z   repository: seanmorris/lean-bridge
2026-10-09T19:42:49.2340841Z   token: ***
2026-10-09T19:42:49.2341171Z   ssh-strict: true
2026-10-09T19:42:49.2341495Z   ssh-user: git
2026-10-09T19:42:49.2341853Z   clean: true
2026-10-09T19:42:49.2342192Z   sparse-checkout-cone-mode: true
2026-10-09T19:42:49.2342564Z   fetch-tags: false
2026-10-09T19:42:49.2342923Z   show-progress: true
2026-10-09T19:42:49.2343243Z   lfs: false
2026-10-09T19:42:49.2343846Z   submodules: false
2026-10-09T19:42:49.2344153Z   set-safe-directory: true
2026-10-09T19:42:49.2344535Z   allow-unsafe-pr-checkout: false
2026-10-09T19:42:49.2345107Z env:
2026-10-09T19:42:49.2345400Z   NODE_VERSION: 22
2026-10-09T19:42:49.2345897Z   LEAN_BRIDGE_CONSUMER_PERFORMANCE_DIR: build/consumer-ci/performance
2026-10-09T19:42:49.2346444Z ##[endgroup]
2026-10-09T19:42:49.3391877Z Syncing repository: seanmorris/lean-bridge
2026-10-09T19:42:49.3394539Z ##[group]Getting Git version info
2026-10-09T19:42:49.3395372Z Working directory is '/home/runner/work/lean-bridge/lean-bridge'
2026-10-09T19:42:49.3396594Z [command]/usr/bin/git version
2026-10-09T19:42:49.3426367Z git version 2.55.0
2026-10-09T19:42:49.3449019Z ##[endgroup]
2026-10-09T19:42:49.3470894Z Temporarily overriding HOME='/home/runner/work/_temp/d54bf97a-bf5d-482e-a058-f85377a393e2' before making global git config changes
2026-10-09T19:42:49.3480406Z Adding repository directory to the temporary git global config as a safe directory
2026-10-09T19:42:49.3482175Z [command]/usr/bin/git config --global --add safe.directory /home/runner/work/lean-bridge/lean-bridge
2026-10-09T19:42:49.3534307Z Deleting the contents of '/home/runner/work/lean-bridge/lean-bridge'
2026-10-09T19:42:49.3540143Z ##[group]Determining repository object format
2026-10-09T19:42:49.3541831Z ##[endgroup]
2026-10-09T19:42:49.3543442Z ##[group]Initializing the repository
2026-10-09T19:42:49.3546310Z [command]/usr/bin/git init /home/runner/work/lean-bridge/lean-bridge
2026-10-09T19:42:49.3649414Z hint: Using 'master' as the name for the initial branch. This default branch name
2026-10-09T19:42:49.3652862Z hint: will change to "main" in Git 3.0. To configure the initial branch name
2026-10-09T19:42:49.3653870Z hint: to use in all of your new repositories, which will suppress this warning,
2026-10-09T19:42:49.3654595Z hint: call:
2026-10-09T19:42:49.3655346Z hint:
2026-10-09T19:42:49.3655929Z hint: 	git config --global init.defaultBranch <name>
2026-10-09T19:42:49.3656722Z hint:
2026-10-09T19:42:49.3657444Z hint: Names commonly chosen instead of 'master' are 'main', 'trunk' and
2026-10-09T19:42:49.3658619Z hint: 'development'. The just-created branch can be renamed via this command:
2026-10-09T19:42:49.3659484Z hint:
2026-10-09T19:42:49.3660038Z hint: 	git branch -m <name>
2026-10-09T19:42:49.3660929Z hint:
2026-10-09T19:42:49.3661811Z hint: Disable this message with "git config set advice.defaultBranchName false"
2026-10-09T19:42:49.3663111Z Initialized empty Git repository in /home/runner/work/lean-bridge/lean-bridge/.git/
2026-10-09T19:42:49.3665821Z [command]/usr/bin/git remote add origin https://github.com/seanmorris/lean-bridge
2026-10-09T19:42:49.3844182Z ##[endgroup]
2026-10-09T19:42:49.3844788Z ##[group]Disabling automatic garbage collection
2026-10-09T19:42:49.3847548Z [command]/usr/bin/git config --local gc.auto 0
2026-10-09T19:42:49.3885696Z ##[endgroup]
2026-10-09T19:42:49.3886675Z ##[group]Setting up auth
2026-10-09T19:42:49.3891101Z Removing SSH command configuration
2026-10-09T19:42:49.3892008Z [command]/usr/bin/git config --local --name-only --get-regexp core\.sshCommand
2026-10-09T19:42:49.3956221Z [command]/usr/bin/git submodule foreach --recursive sh -c "git config --local --name-only --get-regexp 'core\.sshCommand' && git config --local --unset-all 'core.sshCommand' || :"
2026-10-09T19:42:49.4439390Z Removing HTTP extra header
2026-10-09T19:42:49.4445998Z [command]/usr/bin/git config --local --name-only --get-regexp http\.https\:\/\/github\.com\/\.extraheader
2026-10-09T19:42:49.4478200Z [command]/usr/bin/git submodule foreach --recursive sh -c "git config --local --name-only --get-regexp 'http\.https\:\/\/github\.com\/\.extraheader' && git config --local --unset-all 'http.https://github.com/.extraheader' || :"
2026-10-09T19:42:49.4662512Z Removing includeIf entries pointing to credentials config files
2026-10-09T19:42:49.4670819Z [command]/usr/bin/git config --local --name-only --get-regexp ^includeIf\.gitdir:
2026-10-09T19:42:49.4700741Z [command]/usr/bin/git submodule foreach --recursive git config --local --show-origin --name-only --get-regexp remote.origin.url
2026-10-09T19:42:49.4895883Z [command]/usr/bin/git config --file /home/runner/work/_temp/git-credentials-04f79c9c-bdc7-4ab9-9b7d-d9911e68f593.config http.https://github.com/.extraheader AUTHORIZATION: basic ***
2026-10-09T19:42:49.4932315Z [command]/usr/bin/git config --local includeIf.gitdir:/home/runner/work/lean-bridge/lean-bridge/.git.path /home/runner/work/_temp/git-credentials-04f79c9c-bdc7-4ab9-9b7d-d9911e68f593.config
2026-10-09T19:42:49.5040216Z [command]/usr/bin/git config --local includeIf.gitdir:/home/runner/work/lean-bridge/lean-bridge/.git/worktrees/*.path /home/runner/work/_temp/git-credentials-04f79c9c-bdc7-4ab9-9b7d-d9911e68f593.config
2026-10-09T19:42:49.5076357Z [command]/usr/bin/git config --local includeIf.gitdir:/github/workspace/.git.path /github/runner_temp/git-credentials-04f79c9c-bdc7-4ab9-9b7d-d9911e68f593.config
2026-10-09T19:42:49.5109014Z [command]/usr/bin/git config --local includeIf.gitdir:/github/workspace/.git/worktrees/*.path /github/runner_temp/git-credentials-04f79c9c-bdc7-4ab9-9b7d-d9911e68f593.config
2026-10-09T19:42:49.5146173Z ##[endgroup]
2026-10-09T19:42:49.5146707Z ##[group]Fetching the repository
2026-10-09T19:42:49.5154329Z [command]/usr/bin/git -c protocol.version=2 fetch --no-tags --prune --no-recurse-submodules origin +refs/heads/*:refs/remotes/origin/* +refs/tags/*:refs/tags/*
2026-10-09T19:42:56.4883168Z From https://github.com/seanmorris/lean-bridge
2026-10-09T19:42:56.4884611Z  * [new branch]        agent/authenticate-release-archives -> origin/agent/authenticate-release-archives
2026-10-09T19:42:56.4885388Z  * [new branch]        agent/callback-fin-vo1220 -> origin/agent/callback-fin-vo1220
2026-10-09T19:42:56.4886137Z  * [new branch]        agent/generic-record-arrays-integration-vo1439 -> origin/agent/generic-record-arrays-integration-vo1439
2026-10-09T19:42:56.4886885Z  * [new branch]        agent/generic-refinements-vo1220 -> origin/agent/generic-refinements-vo1220
2026-10-09T19:42:56.4887524Z  * [new branch]        agent/nominal-fin-vo1220 -> origin/agent/nominal-fin-vo1220
2026-10-09T19:42:56.4888066Z  * [new branch]        agent/wp14-target-expansion -> origin/agent/wp14-target-expansion
2026-10-09T19:42:56.4888735Z  * [new branch]        backup/20261002-dotnet-callback-results -> origin/backup/20261002-dotnet-callback-results
2026-10-09T19:42:56.4889437Z  * [new branch]        backup/20261002-historical-closure-fix -> origin/backup/20261002-historical-closure-fix
2026-10-09T19:42:56.4890124Z  * [new branch]        backup/20261002-historical-jvm-repair -> origin/backup/20261002-historical-jvm-repair
2026-10-09T19:42:56.4890841Z  * [new branch]        backup/20261002-historical-jvm-worktree -> origin/backup/20261002-historical-jvm-worktree
2026-10-09T19:42:56.4891520Z  * [new branch]        backup/20261002-jvm-callback-results -> origin/backup/20261002-jvm-callback-results
2026-10-09T19:42:56.4892196Z  * [new branch]        backup/20261002-ruby-callback-results -> origin/backup/20261002-ruby-callback-results
2026-10-09T19:42:56.4893197Z  * [new branch]        backup/20261003-perl-callback-acceptance -> origin/backup/20261003-perl-callback-acceptance
2026-10-09T19:42:56.4894291Z  * [new branch]        backup/20261003-perl-callback-results -> origin/backup/20261003-perl-callback-results
2026-10-09T19:42:56.4895240Z  * [new branch]        backup/20261003-perl-callback-runtime -> origin/backup/20261003-perl-callback-runtime
2026-10-09T19:42:56.4895908Z  * [new branch]        backup/20261003-perl-callback-safety -> origin/backup/20261003-perl-callback-safety
2026-10-09T19:42:56.4896641Z  * [new branch]        backup/20261003-perl-callback-variant-freeze -> origin/backup/20261003-perl-callback-variant-freeze
2026-10-09T19:42:56.4897384Z  * [new branch]        backup/20261003-perl-callback-variants -> origin/backup/20261003-perl-callback-variants
2026-10-09T19:42:56.4898151Z  * [new branch]        backup/20261003-php-callback-acceptance-history -> origin/backup/20261003-php-callback-acceptance-history
2026-10-09T19:42:56.4898902Z  * [new branch]        backup/20261003-php-callback-generator -> origin/backup/20261003-php-callback-generator
2026-10-09T19:42:56.4899657Z  * [new branch]        backup/20261003-php-callback-installed-staging -> origin/backup/20261003-php-callback-installed-staging
2026-10-09T19:42:56.4900432Z  * [new branch]        backup/20261003-php-callback-runtime -> origin/backup/20261003-php-callback-runtime
2026-10-09T19:42:56.4901701Z  * [new branch]        backup/20261003-php-wasm-callback-results -> origin/backup/20261003-php-wasm-callback-results
2026-10-09T19:42:56.4902782Z  * [new branch]        backup/20261003-wit-callback-acceptance -> origin/backup/20261003-wit-callback-acceptance
2026-10-09T19:42:56.4904018Z  * [new branch]        backup/20261003-wit-callback-generator -> origin/backup/20261003-wit-callback-generator
2026-10-09T19:42:56.4904980Z  * [new branch]        backup/20261003-wit-callback-installed -> origin/backup/20261003-wit-callback-installed
2026-10-09T19:42:56.4906034Z  * [new branch]        backup/20261003-wit-callback-installed-acceptance -> origin/backup/20261003-wit-callback-installed-acceptance
2026-10-09T19:42:56.4907195Z  * [new branch]        backup/20261003-wit-callback-runtime -> origin/backup/20261003-wit-callback-runtime
2026-10-09T19:42:56.4908225Z  * [new branch]        chore/enforce-js-style -> origin/chore/enforce-js-style
2026-10-09T19:42:56.4908937Z  * [new branch]        master                 -> origin/master
2026-10-09T19:42:56.4910846Z [command]/usr/bin/git branch --list --remote origin/agent/generic-record-arrays-integration-vo1439
2026-10-09T19:42:56.4926381Z   origin/agent/generic-record-arrays-integration-vo1439
2026-10-09T19:42:56.4937653Z [command]/usr/bin/git rev-parse refs/remotes/origin/agent/generic-record-arrays-integration-vo1439
2026-10-09T19:42:56.4963962Z ff71335c762628da47887bfd4f208e62c39b94b7
2026-10-09T19:42:56.4967131Z ##[endgroup]
2026-10-09T19:42:56.4967688Z ##[group]Determining the checkout info
2026-10-09T19:42:56.4969416Z ##[endgroup]
2026-10-09T19:42:56.4975578Z [command]/usr/bin/git sparse-checkout disable
2026-10-09T19:42:56.5029879Z [command]/usr/bin/git config --local --unset-all extensions.worktreeConfig
2026-10-09T19:42:56.5065053Z ##[group]Checking out the ref
2026-10-09T19:42:56.5069200Z [command]/usr/bin/git checkout --progress --force -B agent/generic-record-arrays-integration-vo1439 refs/remotes/origin/agent/generic-record-arrays-integration-vo1439
2026-10-09T19:42:57.5497585Z Updating files:  22% (1686/7521)
2026-10-09T19:42:57.5710968Z Updating files:  23% (1730/7521)
2026-10-09T19:42:57.5831115Z Updating files:  24% (1806/7521)
2026-10-09T19:42:57.6119594Z Updating files:  25% (1881/7521)
2026-10-09T19:42:57.6609613Z Updating files:  26% (1956/7521)
2026-10-09T19:42:57.7192954Z Updating files:  27% (2031/7521)
2026-10-09T19:42:57.7508647Z Updating files:  28% (2106/7521)
2026-10-09T19:42:57.7599962Z Updating files:  29% (2182/7521)
2026-10-09T19:42:57.7645492Z Updating files:  30% (2257/7521)
2026-10-09T19:42:57.7741314Z Updating files:  31% (2332/7521)
2026-10-09T19:42:57.7866411Z Updating files:  32% (2407/7521)
2026-10-09T19:42:57.8005912Z Updating files:  33% (2482/7521)
2026-10-09T19:42:57.8050559Z Updating files:  34% (2558/7521)
2026-10-09T19:42:57.8758688Z Updating files:  35% (2633/7521)
2026-10-09T19:42:57.9178717Z Updating files:  36% (2708/7521)
2026-10-09T19:42:57.9225080Z Updating files:  37% (2783/7521)
2026-10-09T19:42:57.9253664Z Updating files:  38% (2858/7521)
2026-10-09T19:42:57.9286413Z Updating files:  39% (2934/7521)
2026-10-09T19:42:57.9323933Z Updating files:  40% (3009/7521)
2026-10-09T19:42:57.9345390Z Updating files:  41% (3084/7521)
2026-10-09T19:42:57.9363071Z Updating files:  42% (3159/7521)
2026-10-09T19:42:57.9401406Z Updating files:  43% (3235/7521)
2026-10-09T19:42:57.9415966Z Updating files:  44% (3310/7521)
2026-10-09T19:42:57.9462991Z Updating files:  45% (3385/7521)
2026-10-09T19:42:57.9564445Z Updating files:  46% (3460/7521)
2026-10-09T19:42:57.9617258Z Updating files:  47% (3535/7521)
2026-10-09T19:42:57.9668707Z Updating files:  48% (3611/7521)
2026-10-09T19:42:57.9725521Z Updating files:  49% (3686/7521)
2026-10-09T19:42:57.9775921Z Updating files:  50% (3761/7521)
2026-10-09T19:42:57.9825434Z Updating files:  51% (3836/7521)
2026-10-09T19:42:57.9878700Z Updating files:  52% (3911/7521)
2026-10-09T19:42:57.9934220Z Updating files:  53% (3987/7521)
2026-10-09T19:42:57.9986698Z Updating files:  54% (4062/7521)
2026-10-09T19:42:58.0043601Z Updating files:  55% (4137/7521)
2026-10-09T19:42:58.0080941Z Updating files:  56% (4212/7521)
2026-10-09T19:42:58.0121607Z Updating files:  57% (4287/7521)
2026-10-09T19:42:58.0145239Z Updating files:  58% (4363/7521)
2026-10-09T19:42:58.0178865Z Updating files:  59% (4438/7521)
2026-10-09T19:42:58.0203232Z Updating files:  60% (4513/7521)
2026-10-09T19:42:58.0219025Z Updating files:  61% (4588/7521)
2026-10-09T19:42:58.0234891Z Updating files:  62% (4664/7521)
2026-10-09T19:42:58.0258655Z Updating files:  63% (4739/7521)
2026-10-09T19:42:58.0290298Z Updating files:  64% (4814/7521)
2026-10-09T19:42:58.0334763Z Updating files:  65% (4889/7521)
2026-10-09T19:42:58.0377722Z Updating files:  66% (4964/7521)
2026-10-09T19:42:58.0416539Z Updating files:  67% (5040/7521)
2026-10-09T19:42:58.0452778Z Updating files:  68% (5115/7521)
2026-10-09T19:42:58.0489657Z Updating files:  69% (5190/7521)
2026-10-09T19:42:58.0531158Z Updating files:  70% (5265/7521)
2026-10-09T19:42:58.0571197Z Updating files:  71% (5340/7521)
2026-10-09T19:42:58.0612040Z Updating files:  72% (5416/7521)
2026-10-09T19:42:58.0649728Z Updating files:  73% (5491/7521)
2026-10-09T19:42:58.0687558Z Updating files:  74% (5566/7521)
2026-10-09T19:42:58.0729065Z Updating files:  75% (5641/7521)
2026-10-09T19:42:58.0785662Z Updating files:  76% (5716/7521)
2026-10-09T19:42:58.0826800Z Updating files:  77% (5792/7521)
2026-10-09T19:42:58.0876826Z Updating files:  78% (5867/7521)
2026-10-09T19:42:58.0918327Z Updating files:  79% (5942/7521)
2026-10-09T19:42:58.0947724Z Updating files:  80% (6017/7521)
2026-10-09T19:42:58.0983499Z Updating files:  81% (6093/7521)
2026-10-09T19:42:58.1018542Z Updating files:  82% (6168/7521)
2026-10-09T19:42:58.1055216Z Updating files:  83% (6243/7521)
2026-10-09T19:42:58.1084877Z Updating files:  84% (6318/7521)
2026-10-09T19:42:58.1114391Z Updating files:  85% (6393/7521)
2026-10-09T19:42:58.1153934Z Updating files:  86% (6469/7521)
2026-10-09T19:42:58.1192193Z Updating files:  87% (6544/7521)
2026-10-09T19:42:58.1232335Z Updating files:  88% (6619/7521)
2026-10-09T19:42:58.1285096Z Updating files:  89% (6694/7521)
2026-10-09T19:42:58.1338637Z Updating files:  90% (6769/7521)
2026-10-09T19:42:58.1382189Z Updating files:  91% (6845/7521)
2026-10-09T19:42:58.1421113Z Updating files:  92% (6920/7521)
2026-10-09T19:42:58.1458738Z Updating files:  93% (6995/7521)
2026-10-09T19:42:58.1492252Z Updating files:  94% (7070/7521)
2026-10-09T19:42:58.1540923Z Updating files:  95% (7145/7521)
2026-10-09T19:42:58.1582290Z Updating files:  96% (7221/7521)
2026-10-09T19:42:58.1628485Z Updating files:  97% (7296/7521)
2026-10-09T19:42:58.1672568Z Updating files:  98% (7371/7521)
2026-10-09T19:42:58.1711199Z Updating files:  99% (7446/7521)
2026-10-09T19:42:58.1711656Z Updating files: 100% (7521/7521)
2026-10-09T19:42:58.1712098Z Updating files: 100% (7521/7521), done.
2026-10-09T19:42:58.2749635Z Switched to a new branch 'agent/generic-record-arrays-integration-vo1439'
2026-10-09T19:42:58.3149753Z branch 'agent/generic-record-arrays-integration-vo1439' set up to track 'origin/agent/generic-record-arrays-integration-vo1439'.
2026-10-09T19:42:58.3187330Z ##[endgroup]
2026-10-09T19:42:58.3232736Z [command]/usr/bin/git log -1 --format=%H
2026-10-09T19:42:58.3258308Z ff71335c762628da47887bfd4f208e62c39b94b7
2026-10-09T19:42:58.3269344Z ##[group]Removing auth
2026-10-09T19:42:58.3269880Z Removing SSH command configuration
2026-10-09T19:42:58.3275476Z [command]/usr/bin/git config --local --name-only --get-regexp core\.sshCommand
2026-10-09T19:42:58.3306685Z [command]/usr/bin/git submodule foreach --recursive sh -c "git config --local --name-only --get-regexp 'core\.sshCommand' && git config --local --unset-all 'core.sshCommand' || :"
2026-10-09T19:42:58.3507712Z Removing HTTP extra header
2026-10-09T19:42:58.3512152Z [command]/usr/bin/git config --local --name-only --get-regexp http\.https\:\/\/github\.com\/\.extraheader
2026-10-09T19:42:58.3542378Z [command]/usr/bin/git submodule foreach --recursive sh -c "git config --local --name-only --get-regexp 'http\.https\:\/\/github\.com\/\.extraheader' && git config --local --unset-all 'http.https://github.com/.extraheader' || :"
2026-10-09T19:42:58.3733465Z Removing includeIf entries pointing to credentials config files
2026-10-09T19:42:58.3737798Z [command]/usr/bin/git config --local --name-only --get-regexp ^includeIf\.gitdir:
2026-10-09T19:42:58.4059779Z includeif.gitdir:/home/runner/work/lean-bridge/lean-bridge/.git.path
2026-10-09T19:42:58.4060726Z includeif.gitdir:/home/runner/work/lean-bridge/lean-bridge/.git/worktrees/*.path
2026-10-09T19:42:58.4062098Z includeif.gitdir:/github/workspace/.git.path
2026-10-09T19:42:58.4062769Z includeif.gitdir:/github/workspace/.git/worktrees/*.path
2026-10-09T19:42:58.4071155Z [command]/usr/bin/git config --local --get-all includeif.gitdir:/home/runner/work/lean-bridge/lean-bridge/.git.path
2026-10-09T19:42:58.4094390Z /home/runner/work/_temp/git-credentials-04f79c9c-bdc7-4ab9-9b7d-d9911e68f593.config
2026-10-09T19:42:58.4105117Z [command]/usr/bin/git config --local --unset includeif.gitdir:/home/runner/work/lean-bridge/lean-bridge/.git.path /home/runner/work/_temp/git-credentials-04f79c9c-bdc7-4ab9-9b7d-d9911e68f593.config
2026-10-09T19:42:58.4550942Z [command]/usr/bin/git config --local --get-all includeif.gitdir:/home/runner/work/lean-bridge/lean-bridge/.git/worktrees/*.path
2026-10-09T19:42:58.4585701Z /home/runner/work/_temp/git-credentials-04f79c9c-bdc7-4ab9-9b7d-d9911e68f593.config
2026-10-09T19:42:58.4594663Z [command]/usr/bin/git config --local --unset includeif.gitdir:/home/runner/work/lean-bridge/lean-bridge/.git/worktrees/*.path /home/runner/work/_temp/git-credentials-04f79c9c-bdc7-4ab9-9b7d-d9911e68f593.config
2026-10-09T19:42:58.4953105Z [command]/usr/bin/git config --local --get-all includeif.gitdir:/github/workspace/.git.path
2026-10-09T19:42:58.4977887Z /github/runner_temp/git-credentials-04f79c9c-bdc7-4ab9-9b7d-d9911e68f593.config
2026-10-09T19:42:58.4984228Z [command]/usr/bin/git config --local --unset includeif.gitdir:/github/workspace/.git.path /github/runner_temp/git-credentials-04f79c9c-bdc7-4ab9-9b7d-d9911e68f593.config
2026-10-09T19:42:58.5149224Z [command]/usr/bin/git config --local --get-all includeif.gitdir:/github/workspace/.git/worktrees/*.path
2026-10-09T19:42:58.5171270Z /github/runner_temp/git-credentials-04f79c9c-bdc7-4ab9-9b7d-d9911e68f593.config
2026-10-09T19:42:58.5179327Z [command]/usr/bin/git config --local --unset includeif.gitdir:/github/workspace/.git/worktrees/*.path /github/runner_temp/git-credentials-04f79c9c-bdc7-4ab9-9b7d-d9911e68f593.config
2026-10-09T19:42:58.5447414Z [command]/usr/bin/git submodule foreach --recursive git config --local --show-origin --name-only --get-regexp remote.origin.url
2026-10-09T19:42:58.5652220Z Removing credentials config '/home/runner/work/_temp/git-credentials-04f79c9c-bdc7-4ab9-9b7d-d9911e68f593.config'
2026-10-09T19:42:58.5661021Z ##[endgroup]
2026-10-09T19:42:58.6076844Z ##[group]Run actions/setup-node@v6
2026-10-09T19:42:58.6077139Z with:
2026-10-09T19:42:58.6077351Z   node-version: 22
2026-10-09T19:42:58.6077573Z   cache: npm
2026-10-09T19:42:58.6077787Z   check-latest: false
2026-10-09T19:42:58.6080502Z   token: ***
2026-10-09T19:42:58.6080753Z   package-manager-cache: true
2026-10-09T19:42:58.6081007Z env:
2026-10-09T19:42:58.6081211Z   NODE_VERSION: 22
2026-10-09T19:42:58.6081538Z   LEAN_BRIDGE_CONSUMER_PERFORMANCE_DIR: build/consumer-ci/performance
2026-10-09T19:42:58.6081901Z ##[endgroup]
2026-10-09T19:42:58.7511586Z Found in cache @ /opt/hostedtoolcache/node/22.23.3/x64
2026-10-09T19:42:58.7514676Z ##[group]Environment details
2026-10-09T19:42:59.5589125Z node: v22.23.3
2026-10-09T19:42:59.5589489Z npm: 10.9.9
2026-10-09T19:42:59.5589717Z yarn: 1.22.22
2026-10-09T19:42:59.5590730Z ##[endgroup]
2026-10-09T19:42:59.5607580Z [command]/opt/hostedtoolcache/node/22.23.3/x64/bin/npm config get cache
2026-10-09T19:42:59.6681307Z /home/runner/.npm
2026-10-09T19:42:59.8436992Z Cache hit for: node-cache-Linux-x64-npm-26a2ea32ff9fbdbc806907cf3b846fc9f2d906ee6b040e7c2c0e2b49f755b41e
2026-10-09T19:43:00.7818182Z Received 55090959 of 55090959 (100.0%), 67.6 MBs/sec
2026-10-09T19:43:00.7819363Z Cache Size: ~53 MB (55090959 B)
2026-10-09T19:43:00.7895342Z [command]/usr/bin/tar -xf /home/runner/work/_temp/af4b6ff1-190e-4e55-91a6-3733daa14d61/cache.tzst -P -C /home/runner/work/lean-bridge/lean-bridge --use-compress-program unzstd
2026-10-09T19:43:00.8834226Z Cache restored successfully
2026-10-09T19:43:00.8864933Z Cache restored from key: node-cache-Linux-x64-npm-26a2ea32ff9fbdbc806907cf3b846fc9f2d906ee6b040e7c2c0e2b49f755b41e
2026-10-09T19:43:00.9564020Z ##[group]Run cachix/install-nix-action@v31
2026-10-09T19:43:00.9564349Z with:
2026-10-09T19:43:00.9564573Z   enable_kvm: true
2026-10-09T19:43:00.9564803Z   set_as_trusted_user: true
2026-10-09T19:43:00.9565055Z env:
2026-10-09T19:43:00.9565258Z   NODE_VERSION: 22
2026-10-09T19:43:00.9565579Z   LEAN_BRIDGE_CONSUMER_PERFORMANCE_DIR: build/consumer-ci/performance
2026-10-09T19:43:00.9565947Z ##[endgroup]
2026-10-09T19:43:00.9628952Z ##[start-action display=Run ${GITHUB_ACTION_PATH}/install-nix.sh;id=__cachix_install-nix-action.__run]
2026-10-09T19:43:01.0161333Z ##[group]Run ${GITHUB_ACTION_PATH}/install-nix.sh
2026-10-09T19:43:01.0161794Z [36;1m${GITHUB_ACTION_PATH}/install-nix.sh[0m
2026-10-09T19:43:01.0796808Z shell: /usr/bin/bash --noprofile --norc -e -o pipefail {0}
2026-10-09T19:43:01.0797238Z env:
2026-10-09T19:43:01.0797470Z   NODE_VERSION: 22
2026-10-09T19:43:01.0797815Z   LEAN_BRIDGE_CONSUMER_PERFORMANCE_DIR: build/consumer-ci/performance
2026-10-09T19:43:01.0798283Z   INPUT_EXTRA_NIX_CONFIG: 
2026-10-09T19:43:01.0798553Z   INPUT_GITHUB_ACCESS_TOKEN: 
2026-10-09T19:43:01.0798826Z   INPUT_INSTALL_OPTIONS: 
2026-10-09T19:43:01.0799075Z   INPUT_INSTALL_URL: 
2026-10-09T19:43:01.0799323Z   INPUT_NIX_PATH: 
2026-10-09T19:43:01.0799557Z   INPUT_ENABLE_KVM: true
2026-10-09T19:43:01.0799819Z   INPUT_SET_AS_TRUSTED_USER: true
2026-10-09T19:43:01.0802845Z   GITHUB_TOKEN: ***
2026-10-09T19:43:01.0803083Z ##[endgroup]
2026-10-09T19:43:01.1101339Z ##[group]Enabling KVM support
2026-10-09T19:43:01.1166981Z KERNEL=="kvm", GROUP="kvm", MODE="0666", OPTIONS+="static_node=kvm"
2026-10-09T19:43:01.1418163Z Enabled KVM
2026-10-09T19:43:01.1418934Z ##[endgroup]
2026-10-09T19:43:01.1432718Z ##[group]Installing Nix
2026-10-09T19:43:01.1705718Z installer options: --no-channel-add --nix-extra-conf-file /tmp/tmp.sVNxbCipyi/nix.conf --daemon --daemon-user-count 8
2026-10-09T19:43:01.2542599Z * Host releases.nixos.org:443 was resolved.
2026-10-09T19:43:01.2543037Z * IPv6: 2a04:4e42:26::347
2026-10-09T19:43:01.2543535Z * IPv4: 151.101.161.91
2026-10-09T19:43:01.2543871Z *   Trying 151.101.161.91:443...
2026-10-09T19:43:01.2734953Z * Connected to releases.nixos.org (151.101.161.91) port 443
2026-10-09T19:43:01.2750937Z * ALPN: curl offers h2,http/1.1
2026-10-09T19:43:01.2752300Z } [5 bytes data]
2026-10-09T19:43:01.2752754Z * TLSv1.3 (OUT), TLS handshake, Client hello (1):
2026-10-09T19:43:01.2753241Z } [512 bytes data]
2026-10-09T19:43:01.2928818Z *  CAfile: /etc/ssl/certs/ca-certificates.crt
2026-10-09T19:43:01.2929378Z *  CApath: /etc/ssl/certs
2026-10-09T19:43:01.2929722Z { [5 bytes data]
2026-10-09T19:43:01.2930167Z * TLSv1.3 (IN), TLS handshake, Server hello (2):
2026-10-09T19:43:01.2930682Z { [122 bytes data]
2026-10-09T19:43:01.2934939Z * TLSv1.3 (IN), TLS handshake, Encrypted Extensions (8):
2026-10-09T19:43:01.2935769Z { [19 bytes data]
2026-10-09T19:43:01.2936383Z * TLSv1.3 (IN), TLS handshake, Certificate (11):
2026-10-09T19:43:01.2937006Z { [4081 bytes data]
2026-10-09T19:43:01.2944512Z * TLSv1.3 (IN), TLS handshake, CERT verify (15):
2026-10-09T19:43:01.2948255Z { [264 bytes data]
2026-10-09T19:43:01.2948800Z * TLSv1.3 (IN), TLS handshake, Finished (20):
2026-10-09T19:43:01.2949300Z { [36 bytes data]
2026-10-09T19:43:01.2949836Z * TLSv1.3 (OUT), TLS change cipher, Change cipher spec (1):
2026-10-09T19:43:01.2950351Z } [1 bytes data]
2026-10-09T19:43:01.2950810Z * TLSv1.3 (OUT), TLS handshake, Finished (20):
2026-10-09T19:43:01.2951290Z } [36 bytes data]
2026-10-09T19:43:01.2951967Z * SSL connection using TLSv1.3 / TLS_AES_128_GCM_SHA256 / X25519 / RSASSA-PSS
2026-10-09T19:43:01.2952642Z * ALPN: server accepted h2
2026-10-09T19:43:01.2953046Z * Server certificate:
2026-10-09T19:43:01.2953688Z *  subject: CN=releases.nixos.org
2026-10-09T19:43:01.2954566Z *  start date: Sep  9 22:18:06 2026 GMT
2026-10-09T19:43:01.2955091Z *  expire date: Dec  8 22:18:05 2026 GMT
2026-10-09T19:43:01.2955885Z *  subjectAltName: host "releases.nixos.org" matched cert's "releases.nixos.org"
2026-10-09T19:43:01.2956870Z *  issuer: C=US; O=Let's Encrypt; CN=YR1
2026-10-09T19:43:01.2957348Z *  SSL certificate verify ok.
2026-10-09T19:43:01.2958247Z *   Certificate level 0: Public key type RSA (2048/112 Bits/secBits), signed using sha256WithRSAEncryption
2026-10-09T19:43:01.2959512Z *   Certificate level 1: Public key type RSA (2048/112 Bits/secBits), signed using sha256WithRSAEncryption
2026-10-09T19:43:01.2960737Z *   Certificate level 2: Public key type RSA (4096/152 Bits/secBits), signed using sha256WithRSAEncryption
2026-10-09T19:43:01.2962002Z *   Certificate level 3: Public key type RSA (4096/152 Bits/secBits), signed using sha256WithRSAEncryption
2026-10-09T19:43:01.2962725Z { [5 bytes data]
2026-10-09T19:43:01.2963242Z * TLSv1.3 (IN), TLS handshake, Newsession Ticket (4):
2026-10-09T19:43:01.2963996Z { [201 bytes data]
2026-10-09T19:43:01.2964395Z * using HTTP/2
2026-10-09T19:43:01.2965187Z * [HTTP/2] [1] OPENED stream for https://releases.nixos.org/nix/nix-2.35.2/install
2026-10-09T19:43:01.2965937Z * [HTTP/2] [1] [:method: GET]
2026-10-09T19:43:01.2966439Z * [HTTP/2] [1] [:scheme: https]
2026-10-09T19:43:01.2966959Z * [HTTP/2] [1] [:authority: releases.nixos.org]
2026-10-09T19:43:01.2967529Z * [HTTP/2] [1] [:path: /nix/nix-2.35.2/install]
2026-10-09T19:43:01.2968093Z * [HTTP/2] [1] [user-agent: curl/8.5.0]
2026-10-09T19:43:01.2968575Z * [HTTP/2] [1] [accept: */*]
2026-10-09T19:43:01.2969018Z } [5 bytes data]
2026-10-09T19:43:01.2969458Z > GET /nix/nix-2.35.2/install HTTP/2
2026-10-09T19:43:01.2969906Z > Host: releases.nixos.org
2026-10-09T19:43:01.2970276Z > User-Agent: curl/8.5.0
2026-10-09T19:43:01.2970614Z > Accept: */*
2026-10-09T19:43:01.2970925Z > 
2026-10-09T19:43:01.3082466Z { [5 bytes data]
2026-10-09T19:43:01.3085449Z < HTTP/2 200 
2026-10-09T19:43:01.3086116Z < last-modified: Wed, 12 Aug 2026 22:06:45 GMT
2026-10-09T19:43:01.3086761Z < etag: "9f08ad80caddcb58f53e8551ff155b13"
2026-10-09T19:43:01.3087404Z < x-amz-server-side-encryption: AES256
2026-10-09T19:43:01.3087980Z < content-type: text/plain
2026-10-09T19:43:01.3088447Z < server: AmazonS3
2026-10-09T19:43:01.3088901Z < via: 1.1 varnish, 1.1 varnish
2026-10-09T19:43:01.3089434Z < access-control-allow-origin: *
2026-10-09T19:43:01.3090120Z < accept-ranges: bytes
2026-10-09T19:43:01.3090660Z < date: Fri, 09 Oct 2026 19:43:01 GMT
2026-10-09T19:43:01.3091127Z < age: 56785
2026-10-09T19:43:01.3091673Z < x-served-by: cache-dub4323-DUB, cache-dfw-kdal2120062-DFW
2026-10-09T19:43:01.3092294Z < x-cache: MISS, HIT
2026-10-09T19:43:01.3092744Z < x-cache-hits: 0, 29
2026-10-09T19:43:01.3093189Z < content-length: 4499
2026-10-09T19:43:01.3093807Z < 
2026-10-09T19:43:01.3094182Z { [5 bytes data]
2026-10-09T19:43:01.3094770Z * Connection #0 to host releases.nixos.org left intact
2026-10-09T19:43:01.3157828Z downloading Nix 2.35.2 binary tarball for x86_64-linux from 'https://releases.nixos.org/nix/nix-2.35.2/nix-2.35.2-x86_64-linux.tar.xz' to '/tmp/nix-binary-tarball-unpack.CeDTm7dTTh'...
2026-10-09T19:43:01.3214896Z   % Total    % Received % Xferd  Average Speed   Time    Time     Time  Current
2026-10-09T19:43:01.3215742Z                                  Dload  Upload   Total   Spent    Left  Speed
2026-10-09T19:43:01.3216210Z 
2026-10-09T19:43:01.5993652Z   0     0    0     0    0     0      0      0 --:--:-- --:--:-- --:--:--     0
2026-10-09T19:43:01.5994444Z 100 25.8M  100 25.8M    0     0  93.0M      0 --:--:-- --:--:-- --:--:-- 93.4M
2026-10-09T19:43:03.6047435Z Note: a multi-user installation is possible. See https://nix.dev/manual/nix/stable/installation/installing-binary.html#multi-user-installation
2026-10-09T19:43:03.6057289Z [1;31mSwitching to the Multi-user Installer[0m
2026-10-09T19:43:03.6147094Z [32mWelcome to the Multi-User Nix Installation
2026-10-09T19:43:03.6160589Z [0m
2026-10-09T19:43:03.6162389Z This installation tool will set up your computer with the Nix package
2026-10-09T19:43:03.6163835Z manager. This will happen in a few stages:
2026-10-09T19:43:03.6169713Z 
2026-10-09T19:43:03.6170774Z 1. Make sure your computer doesn't already have Nix. If it does, I
2026-10-09T19:43:03.6171747Z    will show you instructions on how to clean up your old install.
2026-10-09T19:43:03.6172335Z 
2026-10-09T19:43:03.6172743Z 2. Show you what I am going to install and where. Then I will ask
2026-10-09T19:43:03.6173609Z    if you are ready to continue.
2026-10-09T19:43:03.6173969Z 
2026-10-09T19:43:03.6174598Z 3. Create the system users [34m(uids [30001..30008])[0m and groups [34m(gid 30000)[0m
2026-10-09T19:43:03.6175455Z    that the Nix daemon uses to run builds. To create system users
2026-10-09T19:43:03.6176135Z    in a different range, exit and run this tool again with
2026-10-09T19:43:03.6176713Z    NIX_FIRST_BUILD_UID set.
2026-10-09T19:43:03.6177296Z 
2026-10-09T19:43:03.6177711Z 4. Perform the basic installation of the Nix files daemon.
2026-10-09T19:43:03.6178190Z 
2026-10-09T19:43:03.6178649Z 5. Configure your shell to import special Nix Profile files, so you
2026-10-09T19:43:03.6179283Z    can use Nix.
2026-10-09T19:43:03.6179581Z 
2026-10-09T19:43:03.6179907Z 6. Start the Nix daemon.
2026-10-09T19:43:03.6180260Z 
2026-10-09T19:43:03.6181008Z [32m[4;32mWould you like to see a more detailed list of what I will do?
2026-10-09T19:43:03.6181858Z [0mNo TTY, assuming you would say yes :)
2026-10-09T19:43:03.6182301Z 
2026-10-09T19:43:03.6182566Z I will:
2026-10-09T19:43:03.6182870Z 
2026-10-09T19:43:03.6184249Z  - make sure your computer doesn't already have Nix files
2026-10-09T19:43:03.6185147Z    (if it does, I will tell you how to clean them up.)
2026-10-09T19:43:03.6185963Z  - create local users (see the list above for the users I'll make)
2026-10-09T19:43:03.6186676Z  - create a local group (nixbld)
2026-10-09T19:43:03.6187098Z  - install Nix in /nix
2026-10-09T19:43:03.6187499Z  - create a configuration file in /etc/nix
2026-10-09T19:43:03.6188312Z  - set up the "default profile" by creating some Nix-related files in
2026-10-09T19:43:03.6188992Z    /root
2026-10-09T19:43:03.6189748Z  - back up /etc/bash.bashrc to /etc/bash.bashrc.backup-before-nix
2026-10-09T19:43:03.6190568Z  - update /etc/bash.bashrc to include some Nix configuration
2026-10-09T19:43:03.6193153Z  - load and start a service (at /etc/systemd/system/nix-daemon.service
2026-10-09T19:43:03.6194783Z    and /etc/systemd/system/nix-daemon.socket) for nix-daemon
2026-10-09T19:43:03.6195167Z 
2026-10-09T19:43:03.6195631Z [32m[4;32mReady to continue?
2026-10-09T19:43:03.6196355Z [0mNo TTY, assuming you would say yes :)
2026-10-09T19:43:03.6214101Z 
2026-10-09T19:43:03.6214854Z [34m---- let's talk about sudo -----------------------------------------------------
2026-10-09T19:43:03.6224730Z [0mThis script is going to call sudo a lot. Normally, it would show you
2026-10-09T19:43:03.6225683Z exactly what commands it is running and why. However, the script is
2026-10-09T19:43:03.6226154Z run in a headless fashion, like this:
2026-10-09T19:43:03.6226347Z 
2026-10-09T19:43:03.6226541Z   $ curl -L https://nixos.org/nix/install | sh
2026-10-09T19:43:03.6226767Z 
2026-10-09T19:43:03.6227031Z or maybe in a CI pipeline. Because of that, I'm going to skip the
2026-10-09T19:43:03.6227454Z verbose output in the interest of brevity.
2026-10-09T19:43:03.6227661Z 
2026-10-09T19:43:03.6227777Z If you would like to
2026-10-09T19:43:03.6228076Z see the output, try like this:
2026-10-09T19:43:03.6228252Z 
2026-10-09T19:43:03.6228445Z   $ curl -L -o install-nix https://nixos.org/nix/install
2026-10-09T19:43:03.6228804Z   $ sh ./install-nix
2026-10-09T19:43:03.6228946Z 
2026-10-09T19:43:03.6232787Z 
2026-10-09T19:43:03.6233665Z [32m~~> Checking for artifacts of previous installs
2026-10-09T19:43:03.6239817Z [0mBefore I try to install, I'll check for signs Nix already is or has
2026-10-09T19:43:03.6240451Z been installed on this system.
2026-10-09T19:43:03.6280519Z 
2026-10-09T19:43:03.6281634Z [34m---- Nix config report ---------------------------------------------------------
2026-10-09T19:43:03.6282518Z [0m[1m        Temp Dir[0m:	/tmp/tmp.mVS0ip7rJ1
2026-10-09T19:43:03.6283510Z [1m        Nix Root[0m:	/nix
2026-10-09T19:43:03.6284183Z [1m     Build Users[0m:	8
2026-10-09T19:43:03.6284539Z [1m  Build Group ID[0m:	30000
2026-10-09T19:43:03.6284879Z [1mBuild Group Name[0m:	nixbld
2026-10-09T19:43:03.6285059Z 
2026-10-09T19:43:03.6285194Z [4;34mbuild users:
2026-10-09T19:43:03.6285492Z [0m[1m    Username[0m:	UID
2026-10-09T19:43:03.6474630Z [1m     nixbld1[0m:	30001
2026-10-09T19:43:03.6483924Z [1m     nixbld2[0m:	30002
2026-10-09T19:43:03.6492903Z [1m     nixbld3[0m:	30003
2026-10-09T19:43:03.6501502Z [1m     nixbld4[0m:	30004
2026-10-09T19:43:03.6510986Z [1m     nixbld5[0m:	30005
2026-10-09T19:43:03.6521387Z [1m     nixbld6[0m:	30006
2026-10-09T19:43:03.6531622Z [1m     nixbld7[0m:	30007
2026-10-09T19:43:03.6540931Z [1m     nixbld8[0m:	30008
2026-10-09T19:43:03.6541204Z 
2026-10-09T19:43:03.6541487Z [32m[4;32mReady to continue?
2026-10-09T19:43:03.6542033Z [0mNo TTY, assuming you would say yes :)
2026-10-09T19:43:03.6542351Z 
2026-10-09T19:43:03.6542696Z [32m~~> Setting up the build group nixbld
2026-10-09T19:43:03.7887522Z [0m[1m            Created[0m:	Yes
2026-10-09T19:43:03.7910930Z 
2026-10-09T19:43:03.7911650Z [32m~~> Setting up the build user nixbld1
2026-10-09T19:43:04.0059154Z useradd warning: nixbld1's uid 30001 is greater than SYS_UID_MAX 999
2026-10-09T19:43:05.0710845Z [0m[1m           Created[0m:	Yes
2026-10-09T19:43:05.0715379Z [1m            Hidden[0m:	Yes
2026-10-09T19:43:05.0733995Z [1m    Home Directory[0m:	/var/empty
2026-10-09T19:43:05.0753584Z [1m              Note[0m:	Nix build user 1
2026-10-09T19:43:05.0770486Z [1m   Logins Disabled[0m:	Yes
2026-10-09T19:43:05.2088128Z [1m  Member of nixbld[0m:	Yes
2026-10-09T19:43:05.2106102Z [1m    PrimaryGroupID[0m:	30000
2026-10-09T19:43:05.2116466Z 
2026-10-09T19:43:05.2117462Z [32m~~> Setting up the build user nixbld2
2026-10-09T19:43:05.5057519Z useradd warning: nixbld2's uid 30002 is greater than SYS_UID_MAX 999
2026-10-09T19:43:06.1707628Z [0m[1m           Created[0m:	Yes
2026-10-09T19:43:06.1711989Z [1m            Hidden[0m:	Yes
2026-10-09T19:43:06.1731122Z [1m    Home Directory[0m:	/var/empty
2026-10-09T19:43:06.1748987Z [1m              Note[0m:	Nix build user 2
2026-10-09T19:43:06.1765811Z [1m   Logins Disabled[0m:	Yes
2026-10-09T19:43:06.1783972Z [1m  Member of nixbld[0m:	Yes
2026-10-09T19:43:06.1801375Z [1m    PrimaryGroupID[0m:	30000
2026-10-09T19:43:06.1812524Z 
2026-10-09T19:43:06.1813706Z [32m~~> Setting up the build user nixbld3
2026-10-09T19:43:06.3354725Z useradd warning: nixbld3's uid 30003 is greater than SYS_UID_MAX 999
2026-10-09T19:43:06.7096608Z [0m[1m           Created[0m:	Yes
2026-10-09T19:43:06.7101240Z [1m            Hidden[0m:	Yes
2026-10-09T19:43:06.7120707Z [1m    Home Directory[0m:	/var/empty
2026-10-09T19:43:06.7138575Z [1m              Note[0m:	Nix build user 3
2026-10-09T19:43:06.7158362Z [1m   Logins Disabled[0m:	Yes
2026-10-09T19:43:06.7176947Z [1m  Member of nixbld[0m:	Yes
2026-10-09T19:43:06.7192971Z [1m    PrimaryGroupID[0m:	30000
2026-10-09T19:43:06.7204330Z 
2026-10-09T19:43:06.7205339Z [32m~~> Setting up the build user nixbld4
2026-10-09T19:43:06.7854781Z useradd warning: nixbld4's uid 30004 is greater than SYS_UID_MAX 999
2026-10-09T19:43:06.8608256Z [0m[1m           Created[0m:	Yes
2026-10-09T19:43:06.8612805Z [1m            Hidden[0m:	Yes
2026-10-09T19:43:06.8632168Z [1m    Home Directory[0m:	/var/empty
2026-10-09T19:43:06.8653772Z [1m              Note[0m:	Nix build user 4
2026-10-09T19:43:06.8669008Z [1m   Logins Disabled[0m:	Yes
2026-10-09T19:43:06.8690038Z [1m  Member of nixbld[0m:	Yes
2026-10-09T19:43:06.8706976Z [1m    PrimaryGroupID[0m:	30000
2026-10-09T19:43:06.8717386Z 
2026-10-09T19:43:06.8718084Z [32m~~> Setting up the build user nixbld5
2026-10-09T19:43:06.9157575Z useradd warning: nixbld5's uid 30005 is greater than SYS_UID_MAX 999
2026-10-09T19:43:07.0394293Z [0m[1m           Created[0m:	Yes
2026-10-09T19:43:07.0399083Z [1m            Hidden[0m:	Yes
2026-10-09T19:43:07.0419411Z [1m    Home Directory[0m:	/var/empty
2026-10-09T19:43:07.0437743Z [1m              Note[0m:	Nix build user 5
2026-10-09T19:43:07.0454405Z [1m   Logins Disabled[0m:	Yes
2026-10-09T19:43:07.0472641Z [1m  Member of nixbld[0m:	Yes
2026-10-09T19:43:07.0489291Z [1m    PrimaryGroupID[0m:	30000
2026-10-09T19:43:07.0499642Z 
2026-10-09T19:43:07.0500257Z [32m~~> Setting up the build user nixbld6
2026-10-09T19:43:07.3155526Z useradd warning: nixbld6's uid 30006 is greater than SYS_UID_MAX 999
2026-10-09T19:43:07.9805193Z [0m[1m           Created[0m:	Yes
2026-10-09T19:43:07.9809943Z [1m            Hidden[0m:	Yes
2026-10-09T19:43:07.9829224Z [1m    Home Directory[0m:	/var/empty
2026-10-09T19:43:07.9847530Z [1m              Note[0m:	Nix build user 6
2026-10-09T19:43:07.9864796Z [1m   Logins Disabled[0m:	Yes
2026-10-09T19:43:07.9882185Z [1m  Member of nixbld[0m:	Yes
2026-10-09T19:43:07.9899901Z [1m    PrimaryGroupID[0m:	30000
2026-10-09T19:43:07.9910847Z 
2026-10-09T19:43:07.9911464Z [32m~~> Setting up the build user nixbld7
2026-10-09T19:43:08.0465145Z useradd warning: nixbld7's uid 30007 is greater than SYS_UID_MAX 999
2026-10-09T19:43:08.0570252Z [0m[1m           Created[0m:	Yes
2026-10-09T19:43:08.0575617Z [1m            Hidden[0m:	Yes
2026-10-09T19:43:08.0594684Z [1m    Home Directory[0m:	/var/empty
2026-10-09T19:43:08.0613055Z [1m              Note[0m:	Nix build user 7
2026-10-09T19:43:08.0629083Z [1m   Logins Disabled[0m:	Yes
2026-10-09T19:43:08.0646495Z [1m  Member of nixbld[0m:	Yes
2026-10-09T19:43:08.0663398Z [1m    PrimaryGroupID[0m:	30000
2026-10-09T19:43:08.0674080Z 
2026-10-09T19:43:08.0674640Z [32m~~> Setting up the build user nixbld8
2026-10-09T19:43:08.0801824Z useradd warning: nixbld8's uid 30008 is greater than SYS_UID_MAX 999
2026-10-09T19:43:08.0899103Z [0m[1m           Created[0m:	Yes
2026-10-09T19:43:08.0904420Z [1m            Hidden[0m:	Yes
2026-10-09T19:43:08.0921519Z [1m    Home Directory[0m:	/var/empty
2026-10-09T19:43:08.0939770Z [1m              Note[0m:	Nix build user 8
2026-10-09T19:43:08.0956498Z [1m   Logins Disabled[0m:	Yes
2026-10-09T19:43:08.0974370Z [1m  Member of nixbld[0m:	Yes
2026-10-09T19:43:08.0990323Z [1m    PrimaryGroupID[0m:	30000
2026-10-09T19:43:08.0990664Z 
2026-10-09T19:43:08.0991045Z [32m~~> Setting up the basic directory structure
2026-10-09T19:43:08.1064576Z [0minstall: creating directory '/nix'
2026-10-09T19:43:08.1065150Z install: creating directory '/nix/var'
2026-10-09T19:43:08.1065661Z install: creating directory '/nix/var/log'
2026-10-09T19:43:08.1066220Z install: creating directory '/nix/var/log/nix'
2026-10-09T19:43:08.1066885Z install: creating directory '/nix/var/log/nix/drvs'
2026-10-09T19:43:08.1067590Z install: creating directory '/nix/var/nix'
2026-10-09T19:43:08.1068236Z install: creating directory '/nix/var/nix/db'
2026-10-09T19:43:08.1068933Z install: creating directory '/nix/var/nix/gcroots'
2026-10-09T19:43:08.1069551Z install: creating directory '/nix/var/nix/profiles'
2026-10-09T19:43:08.1070162Z install: creating directory '/nix/var/nix/temproots'
2026-10-09T19:43:08.1070763Z install: creating directory '/nix/var/nix/userpool'
2026-10-09T19:43:08.1071449Z install: creating directory '/nix/var/nix/daemon-socket'
2026-10-09T19:43:08.1072075Z install: creating directory '/nix/var/nix/gcroots/per-user'
2026-10-09T19:43:08.1072640Z install: creating directory '/nix/var/nix/profiles/per-user'
2026-10-09T19:43:08.1133803Z install: creating directory '/nix/store'
2026-10-09T19:43:08.1199867Z install: creating directory '/etc/nix'
2026-10-09T19:43:08.1207454Z 
2026-10-09T19:43:08.1208540Z [32m~~> Installing Nix
2026-10-09T19:43:08.2320676Z [0m      Alright! We have our first nix at /nix/store/irfrbndi76zhkvqsfhmsn4a99iafck29-nix-2.35.2
2026-10-09T19:43:08.2820848Z       Just finished getting the nix database ready.
2026-10-09T19:43:08.2830214Z 
2026-10-09T19:43:08.2835977Z [32m~~> Setting up shell profiles: /etc/bashrc /etc/profile.d/nix.sh /etc/zshrc /etc/bash.bashrc /etc/zsh/zshrc
2026-10-09T19:43:08.2980663Z [0m
2026-10-09T19:43:08.2981312Z # Nix
2026-10-09T19:43:08.2982008Z if [ -e '/nix/var/nix/profiles/default/etc/profile.d/nix-daemon.sh' ]; then
2026-10-09T19:43:08.2982737Z   . '/nix/var/nix/profiles/default/etc/profile.d/nix-daemon.sh'
2026-10-09T19:43:08.2983187Z fi
2026-10-09T19:43:08.2984097Z # End Nix
2026-10-09T19:43:08.2984233Z 
2026-10-09T19:43:08.3123208Z 
2026-10-09T19:43:08.3123813Z # Nix
2026-10-09T19:43:08.3124636Z if [ -e '/nix/var/nix/profiles/default/etc/profile.d/nix-daemon.sh' ]; then
2026-10-09T19:43:08.3125300Z   . '/nix/var/nix/profiles/default/etc/profile.d/nix-daemon.sh'
2026-10-09T19:43:08.3125813Z fi
2026-10-09T19:43:08.3126084Z # End Nix
2026-10-09T19:43:08.3126248Z 
2026-10-09T19:43:08.3264694Z 
2026-10-09T19:43:08.3265036Z # Nix
2026-10-09T19:43:08.3265559Z if [ -e '/nix/var/nix/profiles/default/etc/profile.d/nix-daemon.sh' ]; then
2026-10-09T19:43:08.3266304Z   . '/nix/var/nix/profiles/default/etc/profile.d/nix-daemon.sh'
2026-10-09T19:43:08.3266846Z fi
2026-10-09T19:43:08.3267153Z # End Nix
2026-10-09T19:43:08.3267348Z 
2026-10-09T19:43:08.3404910Z 
2026-10-09T19:43:08.3405678Z # Nix
2026-10-09T19:43:08.3406490Z if [ -e '/nix/var/nix/profiles/default/etc/profile.d/nix-daemon.sh' ]; then
2026-10-09T19:43:08.3407512Z   . '/nix/var/nix/profiles/default/etc/profile.d/nix-daemon.sh'
2026-10-09T19:43:08.3408022Z fi
2026-10-09T19:43:08.3408671Z # End Nix
2026-10-09T19:43:08.3408989Z 
2026-10-09T19:43:08.3409435Z # System-wide .bashrc file for interactive bash(1) shells.
2026-10-09T19:43:08.3409901Z 
2026-10-09T19:43:08.3410411Z # To enable the settings / commands in this file for login shells as well,
2026-10-09T19:43:08.3411163Z # this file has to be sourced in /etc/profile.
2026-10-09T19:43:08.3411488Z 
2026-10-09T19:43:08.3411792Z # If not running interactively, don't do anything
2026-10-09T19:43:08.3412340Z [ -z "$PS1" ] && return
2026-10-09T19:43:08.3412570Z 
2026-10-09T19:43:08.3412831Z # check the window size after each command and, if necessary,
2026-10-09T19:43:08.3413527Z # update the values of LINES and COLUMNS.
2026-10-09T19:43:08.3413961Z shopt -s checkwinsize
2026-10-09T19:43:08.3414112Z 
2026-10-09T19:43:08.3414561Z # set variable identifying the chroot you work in (used in the prompt below)
2026-10-09T19:43:08.3415359Z if [ -z "${debian_chroot:-}" ] && [ -r /etc/debian_chroot ]; then
2026-10-09T19:43:08.3415942Z     debian_chroot=$(cat /etc/debian_chroot)
2026-10-09T19:43:08.3416504Z fi
2026-10-09T19:43:08.3416710Z 
2026-10-09T19:43:08.3417107Z # set a fancy prompt (non-color, overwrite the one in /etc/profile)
2026-10-09T19:43:08.3417639Z # but only if not SUDOing and have SUDO_PS1 set; then assume smart user.
2026-10-09T19:43:08.3418093Z if ! [ -n "${SUDO_USER}" -a -n "${SUDO_PS1}" ]; then
2026-10-09T19:43:08.3418479Z   PS1='${debian_chroot:+($debian_chroot)}\u@\h:\w\$ '
2026-10-09T19:43:08.3418795Z fi
2026-10-09T19:43:08.3418916Z 
2026-10-09T19:43:08.3419206Z # Commented out, don't overwrite xterm -T "title" -n "icontitle" by default.
2026-10-09T19:43:08.3419697Z # If this is an xterm set the title to user@host:dir
2026-10-09T19:43:08.3420020Z #case "$TERM" in
2026-10-09T19:43:08.3420281Z #xterm*|rxvt*)
2026-10-09T19:43:08.3420664Z #    PROMPT_COMMAND='echo -ne "\033]0;${USER}@${HOSTNAME}: ${PWD}\007"'
2026-10-09T19:43:08.3421025Z #    ;;
2026-10-09T19:43:08.3421223Z #*)
2026-10-09T19:43:08.3421416Z #    ;;
2026-10-09T19:43:08.3421619Z #esac
2026-10-09T19:43:08.3421735Z 
2026-10-09T19:43:08.3421922Z # enable bash completion in interactive shells
2026-10-09T19:43:08.3422269Z #if ! shopt -oq posix; then
2026-10-09T19:43:08.3422657Z #  if [ -f /usr/share/bash-completion/bash_completion ]; then
2026-10-09T19:43:08.3423068Z #    . /usr/share/bash-completion/bash_completion
2026-10-09T19:43:08.3423710Z #  elif [ -f /etc/bash_completion ]; then
2026-10-09T19:43:08.3424276Z #    . /etc/bash_completion
2026-10-09T19:43:08.3424529Z #  fi
2026-10-09T19:43:08.3424738Z #fi
2026-10-09T19:43:08.3424856Z 
2026-10-09T19:43:08.3424949Z # sudo hint
2026-10-09T19:43:08.3425469Z if [ ! -e "$HOME/.sudo_as_admin_successful" ] && [ ! -e "$HOME/.hushlogin" ] ; then
2026-10-09T19:43:08.3425979Z     case " $(groups) " in *\ admin\ *|*\ sudo\ *)
2026-10-09T19:43:08.3426450Z     if [ -x /usr/bin/sudo ]; then
2026-10-09T19:43:08.3426850Z 	cat <<-EOF
2026-10-09T19:43:08.3427358Z 	To run a command as administrator (user "root"), use "sudo <command>".
2026-10-09T19:43:08.3427948Z 	See "man sudo_root" for details.
2026-10-09T19:43:08.3428306Z 	
2026-10-09T19:43:08.3428572Z 	EOF
2026-10-09T19:43:08.3428845Z     fi
2026-10-09T19:43:08.3429122Z     esac
2026-10-09T19:43:08.3429386Z fi
2026-10-09T19:43:08.3429533Z 
2026-10-09T19:43:08.3429805Z # if the command-not-found package is installed, use it
2026-10-09T19:43:08.3430624Z if [ -x /usr/lib/command-not-found -o -x /usr/share/command-not-found/command-not-found ]; then
2026-10-09T19:43:08.3431116Z 	function command_not_found_handle {
2026-10-09T19:43:08.3431527Z 	        # check because c-n-f could've been removed in the meantime
2026-10-09T19:43:08.3431960Z                 if [ -x /usr/lib/command-not-found ]; then
2026-10-09T19:43:08.3432387Z 		   /usr/lib/command-not-found -- "$1"
2026-10-09T19:43:08.3432845Z                    return $?
2026-10-09T19:43:08.3433562Z                 elif [ -x /usr/share/command-not-found/command-not-found ]; then
2026-10-09T19:43:08.3434254Z 		   /usr/share/command-not-found/command-not-found -- "$1"
2026-10-09T19:43:08.3434776Z                    return $?
2026-10-09T19:43:08.3435138Z 		else
2026-10-09T19:43:08.3435419Z 		   printf "%s: command not found\n" "$1" >&2
2026-10-09T19:43:08.3435717Z 		   return 127
2026-10-09T19:43:08.3435942Z 		fi
2026-10-09T19:43:08.3436144Z 	}
2026-10-09T19:43:08.3436342Z fi
2026-10-09T19:43:08.3436471Z 
2026-10-09T19:43:08.3437414Z [32m~~> Setting up shell profiles for Fish with conf.d/nix.fish inside /etc/fish /usr/local/etc/fish /opt/homebrew/etc/fish /opt/local/etc/fish
2026-10-09T19:43:08.3503113Z [0m
2026-10-09T19:43:08.3503838Z [32m~~> Setting up the default profile
2026-10-09T19:43:08.3780662Z installing 'nix-2.35.2'
2026-10-09T19:43:08.3911850Z building '/nix/store/3v9waf1zcy52sd2xf30ndbwssp7d4sza-user-environment.drv'...
2026-10-09T19:43:08.4309581Z installing 'nix-manual-2.35.2-man'
2026-10-09T19:43:08.4448067Z building '/nix/store/87kv2ra7c0a549l86df0y18w8w3ir6qk-user-environment.drv'...
2026-10-09T19:43:08.4825221Z installing 'nss-cacert-3.123'
2026-10-09T19:43:08.4954788Z building '/nix/store/aq6vipp55pqkyy4i7v7sxjrfdibk3a8s-user-environment.drv'...
2026-10-09T19:43:08.5143738Z [0m
2026-10-09T19:43:08.5144458Z [32m~~> Setting up the nix-daemon systemd service
2026-10-09T19:43:08.5458449Z Created symlink /etc/systemd/system/nix-daemon.service → /nix/var/nix/profiles/default/lib/systemd/system/nix-daemon.service.
2026-10-09T19:43:08.7609194Z Created symlink /etc/systemd/system/nix-daemon.socket → /nix/var/nix/profiles/default/lib/systemd/system/nix-daemon.socket.
2026-10-09T19:43:08.7611093Z Created symlink /etc/systemd/system/sockets.target.wants/nix-daemon.socket → /nix/var/nix/profiles/default/lib/systemd/system/nix-daemon.socket.
2026-10-09T19:43:09.2156294Z [0m[32mAlright! We're done!
2026-10-09T19:43:09.2175961Z [0mTry it! Open a new terminal, and type:
2026-10-09T19:43:09.2176387Z 
2026-10-09T19:43:09.2176679Z   $ nix-shell -p nix-info --run "nix-info -m"
2026-10-09T19:43:09.2177063Z 
2026-10-09T19:43:09.2177568Z Thank you for using this installer. If you have any feedback or need
2026-10-09T19:43:09.2178475Z help, don't hesitate:
2026-10-09T19:43:09.2178746Z 
2026-10-09T19:43:09.2178934Z You can open an issue at
2026-10-09T19:43:09.2179784Z https://github.com/NixOS/nix/issues/new?labels=installer&template=installer.md
2026-10-09T19:43:09.2180342Z 
2026-10-09T19:43:09.2180765Z Or get in touch with the community: https://nixos.org/community
2026-10-09T19:43:09.2195206Z 
2026-10-09T19:43:09.2196294Z [34m---- Reminders -----------------------------------------------------------------
2026-10-09T19:43:09.2197159Z [0m[34m[ 1 ][0m
2026-10-09T19:43:09.2198340Z Nix won't work in active shell sessions until you restart them.
2026-10-09T19:43:09.2199180Z 
2026-10-09T19:43:09.2638022Z ##[endgroup]
2026-10-09T19:43:09.2680906Z ##[end-action id=__cachix_install-nix-action.__run;outcome=success;conclusion=success;duration_ms=8305]
2026-10-09T19:43:09.2729433Z ##[group]Run npm ci --ignore-scripts
2026-10-09T19:43:09.2729793Z [36;1mnpm ci --ignore-scripts[0m
2026-10-09T19:43:09.2771541Z shell: /usr/bin/bash -e {0}
2026-10-09T19:43:09.2771844Z env:
2026-10-09T19:43:09.2772070Z   NODE_VERSION: 22
2026-10-09T19:43:09.2772430Z   LEAN_BRIDGE_CONSUMER_PERFORMANCE_DIR: build/consumer-ci/performance
2026-10-09T19:43:09.2772837Z   TMPDIR: /home/runner/work/_temp
2026-10-09T19:43:09.2773209Z   NIX_PROFILES: /nix/var/nix/profiles/default /home/runner/.nix-profile
2026-10-09T19:43:09.2773876Z   NIX_SSL_CERT_FILE: /etc/ssl/certs/ca-certificates.crt
2026-10-09T19:43:09.2774206Z ##[endgroup]
2026-10-09T19:43:13.1725075Z 
2026-10-09T19:43:13.1725919Z added 422 packages, and audited 423 packages in 4s
2026-10-09T19:43:13.1726437Z 
2026-10-09T19:43:13.1726904Z 175 packages are looking for funding
2026-10-09T19:43:13.1727372Z   run `npm fund` for details
2026-10-09T19:43:13.1807472Z 
2026-10-09T19:43:13.1814254Z 9 high severity vulnerabilities
2026-10-09T19:43:13.1815038Z 
2026-10-09T19:43:13.1815794Z To address issues that do not require attention, run:
2026-10-09T19:43:13.1816504Z   npm audit fix
2026-10-09T19:43:13.1816873Z 
2026-10-09T19:43:13.1817342Z To address all issues (including breaking changes), run:
2026-10-09T19:43:13.1818040Z   npm audit fix --force
2026-10-09T19:43:13.1818404Z 
2026-10-09T19:43:13.1818692Z Run `npm audit` for details.
2026-10-09T19:43:13.2233869Z ##[group]Run npm run test:consumer:managed
2026-10-09T19:43:13.2234253Z [36;1mnpm run test:consumer:managed[0m
2026-10-09T19:43:13.2275948Z shell: /usr/bin/bash -e {0}
2026-10-09T19:43:13.2276269Z env:
2026-10-09T19:43:13.2276488Z   NODE_VERSION: 22
2026-10-09T19:43:13.2276832Z   LEAN_BRIDGE_CONSUMER_PERFORMANCE_DIR: build/consumer-ci/performance
2026-10-09T19:43:13.2277249Z   TMPDIR: /home/runner/work/_temp
2026-10-09T19:43:13.2277622Z   NIX_PROFILES: /nix/var/nix/profiles/default /home/runner/.nix-profile
2026-10-09T19:43:13.2278045Z   NIX_SSL_CERT_FILE: /etc/ssl/certs/ca-certificates.crt
2026-10-09T19:43:13.2278369Z ##[endgroup]
2026-10-09T19:43:13.3208523Z 
2026-10-09T19:43:13.3209385Z > @lean-wasm/bridge-poc@0.0.0-poc test:consumer:managed
2026-10-09T19:43:13.3214649Z > nix --extra-experimental-features 'nix-command flakes' build .#nuget-package --out-link build/consumer-managed-nuget && nix --extra-experimental-features 'nix-command flakes' build .#maven-package --out-link build/consumer-managed-maven && nix --extra-experimental-features 'nix-command flakes' build .#rubygems-package --out-link build/consumer-managed-rubygems && nix --extra-experimental-features 'nix-command flakes' develop . --command node scripts/test-managed-registry-consumers.mjs --nuget build/consumer-managed-nuget --maven build/consumer-managed-maven --rubygem build/consumer-managed-rubygems/lean_bridge_alpha-0.0.0.gem
2026-10-09T19:43:13.3217110Z 
2026-10-09T19:43:14.0955684Z copying path '/nix/store/lv9bmgm6v1wc3fiz00v29gi4rk13ja6l-source' from 'https://cache.nixos.org'...
2026-10-09T19:43:23.6332319Z these 19 derivations will be built:
2026-10-09T19:43:23.6351206Z   /nix/store/2ybcnzzfr3bdjknz3varn0r8qfy1c5xf-f3b06c705e6c85f5314019d5d3baab0fec5b580c.tar.gz.drv
2026-10-09T19:43:23.6352712Z   /nix/store/3inlh6hn6cbfia2i2a5cw3y4i666rqb8-node-v24.19.0-linux-x64.tar.xz.drv
2026-10-09T19:43:23.6353778Z   /nix/store/m29jv2s8cinaxcy4x0jk5khjqj0hb8ys-emsdk-node-24.19.0.drv
2026-10-09T19:43:23.6354776Z   /nix/store/nhj5xx0k0xj248qdf6pb9pdscw3wja0z-wasm-binaries.tar.xz.drv
2026-10-09T19:43:23.6355839Z   /nix/store/yl9c5g4ppazml4i9gi6iln6znpc3ipli-emscripten-upstream-6.0.6.drv
2026-10-09T19:43:23.6357103Z   /nix/store/355rcf144i12d0fplh3indzy3c1yzzhr-emsdk-6.0.6-immutable.drv
2026-10-09T19:43:23.6358214Z   /nix/store/qxv7zgjbyd40xjls302vk283d4jixzxm-wasmtime-v42.0.1-x86_64-linux-c-api.tar.xz.drv
2026-10-09T19:43:23.6359334Z   /nix/store/5h40czhcd5i6gjkybgc28w8pmdab6yiy-wasmtime-42.0.1-x86_64-linux-c-api.drv
2026-10-09T19:43:23.6360166Z   /nix/store/ha7rp4zbqq9c5j17zcbnmd0jx2jccfqg-lean-source-f3b06c705e6c85f5314019d5d3baab0fec5b580c.drv
2026-10-09T19:43:23.6361058Z   /nix/store/mf14gj5vp344ikb09h9x03qcdb1q3d3l-lean-4.32.2-linux.tar.zst.drv
2026-10-09T19:43:23.6361729Z   /nix/store/s920ynpaayshaba6kk05i5hi8m7hs1vy-lean-host-4.32.2.drv
2026-10-09T19:43:23.6362498Z   /nix/store/61ibg0crs6ackn4v1g2lrl3cadgwxbw4-lean-alpha-native-core-artifacts-0.0.0.drv
2026-10-09T19:43:23.6363918Z   /nix/store/h18wrysd1a2l10nham8ssg03r4k4r1k2-e9f29cb984231524e3931aa0ae2c5dae1a32884e.tar.gz.drv
2026-10-09T19:43:23.6365267Z   /nix/store/alvmygwqln397yw4cxfrs9ff3vkkdvxc-libuv-source-e9f29cb984231524e3931aa0ae2c5dae1a32884e.drv
2026-10-09T19:43:23.6366641Z   /nix/store/896x0r6nw2z64adsp3x7ngl52wg7xyj0-lean-alpha-universal-core-artifacts-0.0.0.drv
2026-10-09T19:43:23.6367857Z   /nix/store/kz9n43s2dfq3667ijs7mfjzpd8f45gjy-lean-alpha-managed-binding-artifacts-0.0.0.drv
2026-10-09T19:43:23.6369275Z   /nix/store/wjd2aavp6xf16d3dm428350z6j70lz0i-lean-alpha-wasi-component-artifacts-0.0.0.drv
2026-10-09T19:43:23.6370652Z   /nix/store/gr780f7svkgfqaqxcijyp79c97s78anl-lean-alpha-universal-release-bundle-0.0.0.drv
2026-10-09T19:43:23.6372182Z   /nix/store/addwdwaqd1wlg7k0amb2b67l4fmcwl50-lean-alpha-nuget-package-0.0.0.drv
2026-10-09T19:43:23.6374892Z these 176 paths will be fetched (902.4 MiB download, 3.4 GiB unpacked):
2026-10-09T19:43:23.6375939Z   /nix/store/80kzdbnl1bmnd8r8hphh1xzmgsvyyf6w-acl-2.3.2
2026-10-09T19:43:23.6377107Z   /nix/store/s894wa8wzbf841myjr7dm4m85177f8rl-attr-2.5.2
2026-10-09T19:43:23.6377948Z   /nix/store/46zq1hcvd2cnl07rjv0ywcgf59p8w9gm-auto-patchelf-hook
2026-10-09T19:43:23.6379021Z   /nix/store/1jzhbwq5rjjaqa75z88ws2b424vh7m53-bash-5.2p32
2026-10-09T19:43:23.6379836Z   /nix/store/9spr3h287vf61j35vh59aqcv7rm0wspb-bash-5.2p32-dev
2026-10-09T19:43:23.6380739Z   /nix/store/z34dss3rj1rnp1g820r64w0na7452jy1-binutils-2.41
2026-10-09T19:43:23.6381589Z   /nix/store/xf9367aw8afx9a8y9r90kdhlaji9bnz8-binutils-2.41-lib
2026-10-09T19:43:23.6382428Z   /nix/store/gq0xyjrkaqvknshf8r6si13ckdv6p7yq-binutils-wrapper-2.41
2026-10-09T19:43:23.6383706Z   /nix/store/rl56awy2w2iwvgdmibv98k0vx7lzyw21-binutils-wrapper-2.41
2026-10-09T19:43:23.6384613Z   /nix/store/nmkjwwbqbsa4nx3ljjxrp746kp53by51-brotli-1.1.0-lib
2026-10-09T19:43:23.6385560Z   /nix/store/0s4k9fh17m2sx8ifj9xdflnjfgxrvbgp-bzip2-1.0.8
2026-10-09T19:43:23.6386376Z   /nix/store/8krchn3igfzz62fnirxj47l2hrz11sj9-bzip2-1.0.8-bin
2026-10-09T19:43:23.6387301Z   /nix/store/jkslyfviqi4n144452p5gdcdv3jg30hs-clang-17.0.6
2026-10-09T19:43:23.6388216Z   /nix/store/sck9m41zz1asdmvbaxjdihxxq7p6qgy7-clang-17.0.6-lib
2026-10-09T19:43:23.6389106Z   /nix/store/9yr64l4j5kghwapqzwd6azk9l57mx87p-clang-wrapper-17.0.6
2026-10-09T19:43:23.6390059Z   /nix/store/z98wicx6x78vlyksv69axn5zqwdah5l8-cmake-3.29.2
2026-10-09T19:43:23.6391023Z   /nix/store/6lwnmjnynb6mvpifwvdx0nx60kfw2vrh-compiler-rt-libc-17.0.6
2026-10-09T19:43:23.6392035Z   /nix/store/412418grw31j2qfi6j6mhic6gfd190n9-compiler-rt-libc-17.0.6-dev
2026-10-09T19:43:23.6392894Z   /nix/store/n9gh8gxx5xx51ihgll2l20ar9b2vmgzy-coreutils-9.5
2026-10-09T19:43:23.6393950Z   /nix/store/fv1plv85qylnw87dlnxaqkgl06drgr1r-curl-8.7.1
2026-10-09T19:43:23.6394795Z   /nix/store/ld1yqvr1db4iv8sk8f4aflgai1b5d2ql-curl-8.7.1
2026-10-09T19:43:23.6395577Z   /nix/store/x6xqf8sk2yb1xb348bc2caiwsms90bp5-curl-8.7.1
2026-10-09T19:43:23.6396474Z   /nix/store/rba8xdxdk082rbppc51vpgxh0z6v11sl-curl-8.7.1-bin
2026-10-09T19:43:23.6397388Z   /nix/store/51jy1xwjbv9a41iwr59h5dfsg624fcij-curl-8.7.1-dev
2026-10-09T19:43:23.6398223Z   /nix/store/1xbn2czqsq3412qs1rk7kwyqxzbqsjjl-curl-8.7.1-man
2026-10-09T19:43:23.6399124Z   /nix/store/k6slgyjf4sv0lpz1pdg6sr3bpvjdr35l-diffutils-3.10
2026-10-09T19:43:23.6400151Z   /nix/store/c67p00lksmyafxl5mhpx8zm67jwk95gr-dotnet-sdk-8.0.300
2026-10-09T19:43:23.6400993Z   /nix/store/bjfycbr15irgfgwqw6bjb5xmrb6jllnq-ed-1.20.2
2026-10-09T19:43:23.6401856Z   /nix/store/13bjf2r63138p99rcdkdb0wr0gbwcc0m-expand-response-params
2026-10-09T19:43:23.6402814Z   /nix/store/sg0xabw675wgc8y1rl6mymmhggqkqmjr-expand-response-params
2026-10-09T19:43:23.6403816Z   /nix/store/nbbg70f6gihj51p65kv19m0fnq8ik5kh-expat-2.6.4
2026-10-09T19:43:23.6404558Z   /nix/store/0vdf5mpd762bw53rgl5nkmhvzq8n4m0d-file-5.45
2026-10-09T19:43:23.6405294Z   /nix/store/1b4si7qr8f04lqpy5m7iis3w8jxhc2vq-file-5.45
2026-10-09T19:43:23.6406111Z   /nix/store/q36rhfg9kml0hf7gmrhvixn17xlbmijm-file-5.45-dev
2026-10-09T19:43:23.6406956Z   /nix/store/qdk6ds72q8xf5fzi16x7736bwz8aydic-findutils-4.9.0
2026-10-09T19:43:23.6407721Z   /nix/store/jziybc6yn78sf0bbh0kmmx50bxjsnr15-gawk-5.2.2
2026-10-09T19:43:23.6408515Z   /nix/store/f2lglcw69yh2yyihxq6kvhpanc3s1n9p-gcc-13.2.0
2026-10-09T19:43:23.6409268Z   /nix/store/90yn7340r8yab8kxpb0p7y0c9j3snjam-gcc-13.2.0-lib
2026-10-09T19:43:23.6410078Z   /nix/store/dd13q38yxm9qppjclsvwn10dscsf0l9w-gcc-13.2.0-libgcc
2026-10-09T19:43:23.6410999Z   /nix/store/rdc1jnyw74mwr2gszqc5zwi433zxs089-gcc-wrapper-13.2.0
2026-10-09T19:43:23.6411781Z   /nix/store/y8fzwmygqh9rl5rc8rvcydcskgszldpn-gdbm-1.23
2026-10-09T19:43:23.6412563Z   /nix/store/6ds32jlmhqjvbkp2pd20dz1wi9anszls-gettext-0.21.1
2026-10-09T19:43:23.6413471Z   /nix/store/lpkn9w3h16wb910g7v2qj9pyd7gvxkld-git-2.44.2
2026-10-09T19:43:23.6414256Z   /nix/store/km0pyarp6b5ppixfgqc03mxsb2m8zxj2-git-2.44.2-doc
2026-10-09T19:43:23.6415066Z   /nix/store/pf5avvvl4ssd6kylcvg2g23hcjp71h19-glibc-2.39-52
2026-10-09T19:43:23.6415912Z   /nix/store/94gaw2ngsnpf3ybxjsg89lf3hf3d55y2-glibc-2.39-52-bin
2026-10-09T19:43:23.6417282Z   /nix/store/jig62nn8174n4dlk05lqwsvs5wd2c64r-glibc-2.39-52-dev
2026-10-09T19:43:23.6418130Z   /nix/store/bz756gkg3lrqjl958d8h7z5qn98z0vn7-gmp-6.3.0
2026-10-09T19:43:23.6419007Z   /nix/store/0pkjhzncyjkvhq8lwmdkzvl4cs4vh0yb-gmp-with-cxx-6.3.0
2026-10-09T19:43:23.6419905Z   /nix/store/d0i8idmbb4jji9ml01xsqgykrbvm7dss-gnu-config-2024-01-01
2026-10-09T19:43:23.6420775Z   /nix/store/8nss7h1yk4jihkmr4xj5ihrbdkv4y1wy-gnugrep-3.11
2026-10-09T19:43:23.6421562Z   /nix/store/0554jm1l1qw1pcfqsliw91hnifn11w8m-gnumake-4.4.1
2026-10-09T19:43:23.6422366Z   /nix/store/vqgpb0anqqfnhb5ww3y8rf1jaxpphqwg-gnumake-4.4.1
2026-10-09T19:43:23.6423181Z   /nix/store/y8br765djcj51ls9lb3kylkrvc2wan3p-gnused-4.9
2026-10-09T19:43:23.6424059Z   /nix/store/llalnjlyrj2zv12q5bjy8cagqv70j73y-gnutar-1.35
2026-10-09T19:43:23.6424821Z   /nix/store/r6apkwli4s0xhzn1bdi9nrkmvqc5arrj-gzip-1.13
2026-10-09T19:43:23.6425637Z   /nix/store/a2qxya11zd3xdn5df34n6axfd6fhgzql-icu4c-73.2
2026-10-09T19:43:23.6426383Z   /nix/store/k6a3db8rpihvjrw27w61vx1wji7mfmq8-icu4c-73.2-dev
2026-10-09T19:43:23.6427163Z   /nix/store/mwa26ixrnf0s1j7923pdzfl9nwwglq4w-isl-0.20
2026-10-09T19:43:23.6427961Z   /nix/store/2b81ihj7pcsr6pkr02vaajprjx9gfpq6-jq-1.7.1
2026-10-09T19:43:23.6428745Z   /nix/store/xylb1pgqnnd2qj9lsy1w2r9p8lmir8qs-jq-1.7.1-bin
2026-10-09T19:43:23.6429607Z   /nix/store/4kvn0yq5dc2gylbwsqbynzxxpkf4b143-jq-1.7.1-dev
2026-10-09T19:43:23.6430483Z   /nix/store/p3ks31bnd9fhvh2cp1wmcalm4bs2bkwq-jq-1.7.1-doc
2026-10-09T19:43:23.6431276Z   /nix/store/bwxp1bkaa4cgz20mrk1hqm8azvv1skif-jq-1.7.1-lib
2026-10-09T19:43:23.6432106Z   /nix/store/xrmh72ajmjxlgnncilm9mg6ww8nsff5m-jq-1.7.1-man
2026-10-09T19:43:23.6433039Z   /nix/store/0b5z0wf3k9y3s3qadnkwsm78avax4jlk-keyutils-1.6.3-lib
2026-10-09T19:43:23.6434014Z   /nix/store/702y72g4yqmylqs1niks1dzm1vh6vaqh-lcms2-2.16
2026-10-09T19:43:23.6434939Z   /nix/store/fbkbkqb1cp46jwgk2lv6g28ik57r764i-libarchive-3.7.7-lib
2026-10-09T19:43:23.6435812Z   /nix/store/gniy4ab9wcijxjpcciddgpzdwq3v3dnb-libffi-3.4.6
2026-10-09T19:43:23.6436609Z   /nix/store/9jivp79yv91fl1i6ayq2107a78q7k43i-libidn2-2.3.7
2026-10-09T19:43:23.6437660Z   /nix/store/rrw0d53ykhyzwbqayrqzx28hm53krb7i-libjpeg-turbo-3.0.3
2026-10-09T19:43:23.6438534Z   /nix/store/2vv5dpcgl9hzcpzf1syjnrld69kfhkfm-libkrb5-1.21.3
2026-10-09T19:43:23.6439610Z   /nix/store/z867fyy7978kh6xf031ghmc6ysmiycq8-libkrb5-1.21.3
2026-10-09T19:43:23.6440565Z   /nix/store/bgh22i946ncj740a3snzlzddc0varib5-libkrb5-1.21.3-dev
2026-10-09T19:43:23.6441429Z   /nix/store/w0gcbzh5w6ds5h2cf1cg7nc2xcpcwxdk-libmpc-1.3.1
2026-10-09T19:43:23.6442334Z   /nix/store/vsq79al9acvxd0nng9h17c9z6a1fgz09-libpfm-4.13.0
2026-10-09T19:43:23.6443185Z   /nix/store/apjs9l6fsvv3d6d5dacinrhy8qj57jgx-libpsl-0.21.5
2026-10-09T19:43:23.6444217Z   /nix/store/8cigxaz31i50m4wrjxdyccb498r24mqb-libssh2-1.11.0
2026-10-09T19:43:23.6445081Z   /nix/store/jcv2dm4lis9g72qh580am3sg1x9vl80b-libssh2-1.11.0
2026-10-09T19:43:23.6446071Z   /nix/store/maifjkmix9nnh5j85s4ndsqad59f31p7-libssh2-1.11.0-dev
2026-10-09T19:43:23.6446982Z   /nix/store/zvwpisszhpkkk8spqyya8n3bpm7wj39p-libunistring-1.1
2026-10-09T19:43:23.6447838Z   /nix/store/1y79passl8570fq00gf4gr7b7ld7pzfl-liburcu-0.14.0
2026-10-09T19:43:23.6448751Z   /nix/store/a4x20x15w3r6iic9pllkzsikdr1ci8zr-libuv-1.48.0
2026-10-09T19:43:23.6449600Z   /nix/store/50bi74rnylylavh7b1ccylfyz0ksw22z-libuv-1.48.0-dev
2026-10-09T19:43:23.6450521Z   /nix/store/bb99dclcsv3r0a8q967bnvga02qicxsf-libxcrypt-4.4.36
2026-10-09T19:43:23.6451401Z   /nix/store/ssy9mnlc9pfkdn6msnirki0yfji4nqjv-libxml2-2.12.9
2026-10-09T19:43:23.6452292Z   /nix/store/d7vji37yjnbji14m4waa5rn35f10jzya-linux-headers-6.7
2026-10-09T19:43:23.6453201Z   /nix/store/jxdn6bj3hq16h1z42zrsz7kj5cjz5ir1-llvm-17.0.6
2026-10-09T19:43:23.6454130Z   /nix/store/hgv9ygk4bq8cscss48qnknmbrjmqvbh5-llvm-17.0.6-dev
2026-10-09T19:43:23.6455074Z   /nix/store/kh8za9c6zmhs2ijsgna5hcqil4j8lsbk-llvm-17.0.6-lib
2026-10-09T19:43:23.6455965Z   /nix/store/ar33fhhpindkrpagrjrjlsv3hj0vndgg-lttng-ust-2.12.2
2026-10-09T19:43:23.6456876Z   /nix/store/v68clh8wa74xxblx0b748vr50gl7xnzc-mailcap-2.1.53
2026-10-09T19:43:23.6457817Z   /nix/store/3214g9h194315pn6fnvl46lyfabwcd36-mirrors-list
2026-10-09T19:43:23.6458792Z   /nix/store/6x0n8ksnajz1kf7n6q0farmyrc6af4mz-mpdecimal-4.0.0
2026-10-09T19:43:23.6459691Z   /nix/store/4dqj8bq01rwapgzgwm0zpr622r6jv8wq-mpfr-4.2.1
2026-10-09T19:43:23.6460515Z   /nix/store/zmi2nlx42h1qrs2v7yn142dq4zjq30im-ncurses-6.4
2026-10-09T19:43:23.6461447Z   /nix/store/wcgzg38c6f5rspj5mp8b865v9c2b9rm7-ncurses-6.4-dev
2026-10-09T19:43:23.6462478Z   /nix/store/y5q23fai4v3rlq1pgw5f8sinhcyk39fq-ncurses-6.4-man
2026-10-09T19:43:23.6463663Z   /nix/store/l5xdryd9mpfmqrz124sqhby8jch87xj4-nghttp2-1.61.0
2026-10-09T19:43:23.6464589Z   /nix/store/v9fw3px4pv25jfqz6ibs0khahhnjxvpx-nghttp2-1.61.0-dev
2026-10-09T19:43:23.6465524Z   /nix/store/j17zmzz6z8fi8rd2yqk36n5jy8whzfhy-nghttp2-1.61.0-lib
2026-10-09T19:43:23.6466562Z   /nix/store/xznnzkxql66sg21aw9xcxfv8d44nna08-nghttp2-1.61.0-lib
2026-10-09T19:43:23.6467449Z   /nix/store/1qkhzhgx9w8rawvy8lvbaxqh4xb0srad-nodejs-22.10.0
2026-10-09T19:43:23.6468298Z   /nix/store/a6prrfmmr6kkbkwk6v3vq4zd96mcc5g4-numactl-2.0.18
2026-10-09T19:43:23.6469160Z   /nix/store/925hihdxx9ybs57cxvh59flm8sxddimh-oniguruma-6.9.9-lib
2026-10-09T19:43:23.6470047Z   /nix/store/4sg2892rfh45fjzz62s7dbsxgnr7kq5h-openjdk-headless-22+36
2026-10-09T19:43:23.6470987Z   /nix/store/nwwm81a4kyx8yhq6xrsyzp5a5b51fnkg-openssl-3.0.14
2026-10-09T19:43:23.6471757Z   /nix/store/p8hw2h465g0byxwpamnk6gv6mp5gnqn2-openssl-3.0.14
2026-10-09T19:43:23.6472821Z   /nix/store/3za4imd3c8r7zm6x62khahdf5dwn2ihq-openssl-3.0.14-bin
2026-10-09T19:43:23.6473808Z   /nix/store/i6phx7d2fzzjrp9cq3y95ysqn85cj1y4-openssl-3.0.14-bin
2026-10-09T19:43:23.6474886Z   /nix/store/75qm0pb8hah3i2wa0mgd3l5fyhknr6p3-openssl-3.0.14-dev
2026-10-09T19:43:23.6475796Z   /nix/store/ng1lqlkhf27xg4d3ahi8rl3vi30kpzqn-openssl-3.0.14-dev
2026-10-09T19:43:23.6476598Z   /nix/store/hxhg0hk4g60yjsbiw1hwdzykidswdvaz-patch-2.7.6
2026-10-09T19:43:23.6477501Z   /nix/store/2wp235bg03gykpixd9v2nyxp08w8xq8a-patchelf-0.15.0
2026-10-09T19:43:23.6478261Z   /nix/store/jk99vx5dhv57zldl5j0id3n23igbj269-pcre2-10.43
2026-10-09T19:43:23.6479054Z   /nix/store/mdadnfhlp7m6778zhlmpbn9qy37xkrmh-perl-5.38.2
2026-10-09T19:43:23.6479990Z   /nix/store/lgs9i0988prw414dls42dc5agsvj88wg-perl5.38.2-Authen-SASL-2.1700
2026-10-09T19:43:23.6481155Z   /nix/store/cv05k9nr90lciyxyrpkwmqrq9lhl1rn4-perl5.38.2-CGI-4.59
2026-10-09T19:43:23.6482067Z   /nix/store/fsikhb1i0bf4pz9b819bp33y2vbhfq2f-perl5.38.2-CGI-Fast-2.16
2026-10-09T19:43:23.6483409Z   /nix/store/aa1nmdsivj49bfgkzimi12fjz7wchwbn-perl5.38.2-Clone-0.46
2026-10-09T19:43:23.6484373Z   /nix/store/jvzprd7j5kh2xmmq62v05lchl31dj1d8-perl5.38.2-Digest-HMAC-1.04
2026-10-09T19:43:23.6485306Z   /nix/store/ws540wqk99bs78nj6sf94l58p9q0j206-perl5.38.2-Encode-Locale-1.05
2026-10-09T19:43:23.6486299Z   /nix/store/5x04zrxvdamhi4gbhpb6d8wmrgi5s046-perl5.38.2-FCGI-0.82
2026-10-09T19:43:23.6487219Z   /nix/store/1rs6r53nbr8d3bxgp50c5pj822p2ldgk-perl5.38.2-FCGI-ProcManager-0.28
2026-10-09T19:43:23.6488205Z   /nix/store/8rld2a5k3r7sj12lmymal6hbpks13rkf-perl5.38.2-File-Listing-6.16
2026-10-09T19:43:23.6489255Z   /nix/store/8vnznycxwsghawc0fgxfasfhrfgggjsc-perl5.38.2-HTML-Parser-3.81
2026-10-09T19:43:23.6490210Z   /nix/store/sazs3vywbi6sipfccvih8f88r9v621w7-perl5.38.2-HTML-TagCloud-0.38
2026-10-09T19:43:23.6491226Z   /nix/store/l1r74jzcj016i2zr14l75zfcdx46vpxd-perl5.38.2-HTML-Tagset-3.20
2026-10-09T19:43:23.6492181Z   /nix/store/pdczdajinqqf013h6srx3mvrizr5053w-perl5.38.2-HTTP-CookieJar-0.014
2026-10-09T19:43:23.6493223Z   /nix/store/xwa7k3qirvbi4j1nd6c910i8xcqzq0zc-perl5.38.2-HTTP-Cookies-6.10
2026-10-09T19:43:23.6494360Z   /nix/store/96k4wa4181zg5inxbzkqk81f3pvs1zf6-perl5.38.2-HTTP-Daemon-6.16
2026-10-09T19:43:23.6495292Z   /nix/store/5gxibfsyjvfhkxpnz18r8qqld393d2nn-perl5.38.2-HTTP-Date-6.06
2026-10-09T19:43:23.6496232Z   /nix/store/nmiy52nfg19qh56mpnshy2pi7ms2inga-perl5.38.2-HTTP-Message-6.45
2026-10-09T19:43:23.6497241Z   /nix/store/m22x0xhiqxgswiihn5vxi4cm9rww9fjm-perl5.38.2-HTTP-Negotiate-6.01
2026-10-09T19:43:23.6498257Z   /nix/store/p7aaqwkfbczvw7fkw2yqsz0bhfhsq4zy-perl5.38.2-IO-HTML-1.004
2026-10-09T19:43:23.6499353Z   /nix/store/32si5ivv66qixzs0qgwcwh7ik7qhjcdj-perl5.38.2-IO-Socket-SSL-2.083
2026-10-09T19:43:23.6500384Z   /nix/store/4bd6wmi1x1nk9b8gdnypjrhil19y3jq0-perl5.38.2-LWP-MediaTypes-6.04
2026-10-09T19:43:23.6501411Z   /nix/store/3bpaa568fnrx0jz7lzp2sfhgp2sjbqi0-perl5.38.2-Mozilla-CA-20230821
2026-10-09T19:43:23.6502458Z   /nix/store/s4xiws1ayv3l297k7xdhs6lng8sds08a-perl5.38.2-Net-HTTP-6.23
2026-10-09T19:43:23.6503815Z   /nix/store/6dcc1j2x8gm4vmk4fijb0fmbabqwjscs-perl5.38.2-Net-SMTP-SSL-1.04
2026-10-09T19:43:23.6504869Z   /nix/store/a75jgdhdgbp18ij8r3khdkb9hb1ypykl-perl5.38.2-Net-SSLeay-1.92
2026-10-09T19:43:23.6505946Z   /nix/store/i0wk9fviyymf3vq86w6nc1jikc9209pp-perl5.38.2-TermReadKey-2.38
2026-10-09T19:43:23.6506969Z   /nix/store/gd5gbdkkc21hnyd1i1975lzckg3vyy0q-perl5.38.2-Test-Fatal-0.017
2026-10-09T19:43:23.6508002Z   /nix/store/5yah4mdd0cwfwvjgln32m5v4x73pzyjr-perl5.38.2-Test-Needs-0.002010
2026-10-09T19:43:23.6510015Z   /nix/store/1vhgsh0mvsmd10jy0jf3k1yfjr7vjiqa-perl5.38.2-Test-RequiresInternet-0.05
2026-10-09T19:43:23.6510960Z   /nix/store/za4zp2sff6p86j0mmbd874qipbiads43-perl5.38.2-TimeDate-2.33
2026-10-09T19:43:23.6511966Z   /nix/store/iw3l5vqxajdgyqh32xvh50hgryfs53ih-perl5.38.2-Try-Tiny-0.31
2026-10-09T19:43:23.6512869Z   /nix/store/8p2jwlmgk4vwynqks5di2svvlwg468nw-perl5.38.2-URI-5.21
2026-10-09T19:43:23.6515599Z   /nix/store/4hpxdsfcn9qjyv1c3rb8wp6gg4xalh1g-perl5.38.2-WWW-RobotRules-6.02
2026-10-09T19:43:23.6516657Z   /nix/store/5xcbphhkys4b7nnxbrn37fnm70bncyr7-perl5.38.2-libnet-3.15
2026-10-09T19:43:23.6517675Z   /nix/store/mvnig14jxhfn1qnzmlpy855dxbd0rvf1-perl5.38.2-libwww-perl-6.72
2026-10-09T19:43:23.6518645Z   /nix/store/qhwavx7kpnazsmfdbbvvafs0vsnkn49p-pkg-config-0.29.2
2026-10-09T19:43:23.6519677Z   /nix/store/dr2969ydf41s2i345dg751cabi9wnksn-pkg-config-wrapper-0.29.2
2026-10-09T19:43:23.6520678Z   /nix/store/bmjdb3wc1z2nh78k23p9akgqiabi2way-publicsuffix-list-0-unstable-2024-01-07
2026-10-09T19:43:23.6521650Z   /nix/store/s0p1kr5mvs0j42dq5r08kgqbi0k028f2-python3-3.11.10
2026-10-09T19:43:23.6522455Z   /nix/store/v9zjfpkffznvnlaa28mdkc5kr3ka9y6c-python3-3.11.10-env
2026-10-09T19:43:23.6523120Z   /nix/store/6frx0rrqvrjgc5axzih8ybp6x8i3lnfc-python3.11-pyelftools-0.31
2026-10-09T19:43:23.6524583Z   /nix/store/rafcl7sl3f9757z4m5hl7vaklppi8xkr-readline-8.2p10
2026-10-09T19:43:23.6525340Z   /nix/store/vnhidpihmbp8wr949ri7a457y0hnb6bn-rhash-1.4.4
2026-10-09T19:43:23.6525930Z   /nix/store/18wh4fyaiar3bz1vz041518yg9dj41w3-set-java-classpath-hook
2026-10-09T19:43:23.6526628Z   /nix/store/0pjc3s5k0zlc56xs2z0cmvq885zkij9h-sqlite-3.45.3
2026-10-09T19:43:23.6527301Z   /nix/store/80wijs24wjp619zmrasrh805bax02xjm-stdenv-linux
2026-10-09T19:43:23.6528067Z   /nix/store/zix67r268ihi4c362zw7c0989z12jmy7-stdenv-linux
2026-10-09T19:43:23.6528844Z   /nix/store/vil8wqacfkz8qx09aymahxv48d1zq3g2-tzdata-2024b
2026-10-09T19:43:23.6529723Z   /nix/store/2329271b42wh6b6yhl7jmjyi0cs4428b-update-autotools-gnu-config-scripts-hook
2026-10-09T19:43:23.6530664Z   /nix/store/ai8khzi02bspxjgdxqhx02bdgdnmk1yx-wabt-1.0.35
2026-10-09T19:43:23.6531259Z   /nix/store/zx7p1fa3n2f316p82005j50h87kd2q2b-wasm-tools-1.215.0
2026-10-09T19:43:23.6531871Z   /nix/store/2y852kcvb7shrj8f3z8j22pa0iybcbgj-xgcc-13.2.0-libgcc
2026-10-09T19:43:23.6532432Z   /nix/store/p1m1hbbfyvix5390xgslhq3d30zzhp7f-xz-5.4.7
2026-10-09T19:43:23.6533232Z   /nix/store/1h4vhcpa6nqln9x0w03dy5i1x97z8svc-xz-5.4.7-bin
2026-10-09T19:43:23.6534231Z   /nix/store/qg40mg3yyyazi6phd5vxygk05xcmrkc9-xz-5.4.7-dev
2026-10-09T19:43:23.6534768Z   /nix/store/6ghariqqf33l5xqn7alx58dys7kz2wm5-zlib-1.3.1
2026-10-09T19:43:23.6535591Z   /nix/store/i44dhfrwi3qaz3f8xkxiva6zqkq3f65v-zlib-1.3.1-dev
2026-10-09T19:43:23.6536220Z   /nix/store/c1hff4nzawfkzvjmqn609pfdc3m3dk5z-zstd-1.5.6
2026-10-09T19:43:23.6536841Z   /nix/store/g7kjsdrig65ykzi0056abrb84dxm1mqv-zstd-1.5.6-bin
2026-10-09T19:43:23.6537682Z   /nix/store/m1vwc9blmwijw7ngrxz6rmybhzvamp08-zstd-1.5.6-dev
2026-10-09T19:43:23.6539098Z copying path '/nix/store/dd13q38yxm9qppjclsvwn10dscsf0l9w-gcc-13.2.0-libgcc' from 'https://cache.nixos.org'...
2026-10-09T19:43:23.6540738Z copying path '/nix/store/d0i8idmbb4jji9ml01xsqgykrbvm7dss-gnu-config-2024-01-01' from 'https://cache.nixos.org'...
2026-10-09T19:43:23.6542209Z copying path '/nix/store/2y852kcvb7shrj8f3z8j22pa0iybcbgj-xgcc-13.2.0-libgcc' from 'https://cache.nixos.org'...
2026-10-09T19:43:23.6590706Z copying path '/nix/store/km0pyarp6b5ppixfgqc03mxsb2m8zxj2-git-2.44.2-doc' from 'https://cache.nixos.org'...
2026-10-09T19:43:23.6592873Z copying path '/nix/store/2b81ihj7pcsr6pkr02vaajprjx9gfpq6-jq-1.7.1' from 'https://cache.nixos.org'...
2026-10-09T19:43:23.6605971Z copying path '/nix/store/1rs6r53nbr8d3bxgp50c5pj822p2ldgk-perl5.38.2-FCGI-ProcManager-0.28' from 'https://cache.nixos.org'...
2026-10-09T19:43:23.6607879Z copying path '/nix/store/zvwpisszhpkkk8spqyya8n3bpm7wj39p-libunistring-1.1' from 'https://cache.nixos.org'...
2026-10-09T19:43:23.6609570Z copying path '/nix/store/5xcbphhkys4b7nnxbrn37fnm70bncyr7-perl5.38.2-libnet-3.15' from 'https://cache.nixos.org'...
2026-10-09T19:43:23.6616426Z copying path '/nix/store/18wh4fyaiar3bz1vz041518yg9dj41w3-set-java-classpath-hook' from 'https://cache.nixos.org'...
2026-10-09T19:43:23.6620059Z copying path '/nix/store/vil8wqacfkz8qx09aymahxv48d1zq3g2-tzdata-2024b' from 'https://cache.nixos.org'...
2026-10-09T19:43:23.6622762Z copying path '/nix/store/sazs3vywbi6sipfccvih8f88r9v621w7-perl5.38.2-HTML-TagCloud-0.38' from 'https://cache.nixos.org'...
2026-10-09T19:43:23.6632432Z copying path '/nix/store/8p2jwlmgk4vwynqks5di2svvlwg468nw-perl5.38.2-URI-5.21' from 'https://cache.nixos.org'...
2026-10-09T19:43:23.6635269Z copying path '/nix/store/v68clh8wa74xxblx0b748vr50gl7xnzc-mailcap-2.1.53' from 'https://cache.nixos.org'...
2026-10-09T19:43:23.6636822Z copying path '/nix/store/jvzprd7j5kh2xmmq62v05lchl31dj1d8-perl5.38.2-Digest-HMAC-1.04' from 'https://cache.nixos.org'...
2026-10-09T19:43:23.6686487Z copying path '/nix/store/p3ks31bnd9fhvh2cp1wmcalm4bs2bkwq-jq-1.7.1-doc' from 'https://cache.nixos.org'...
2026-10-09T19:43:23.6688942Z copying path '/nix/store/xrmh72ajmjxlgnncilm9mg6ww8nsff5m-jq-1.7.1-man' from 'https://cache.nixos.org'...
2026-10-09T19:43:23.6732330Z copying path '/nix/store/bmjdb3wc1z2nh78k23p9akgqiabi2way-publicsuffix-list-0-unstable-2024-01-07' from 'https://cache.nixos.org'...
2026-10-09T19:43:23.6756631Z copying path '/nix/store/2329271b42wh6b6yhl7jmjyi0cs4428b-update-autotools-gnu-config-scripts-hook' from 'https://cache.nixos.org'...
2026-10-09T19:43:23.6760259Z copying path '/nix/store/d7vji37yjnbji14m4waa5rn35f10jzya-linux-headers-6.7' from 'https://cache.nixos.org'...
2026-10-09T19:43:23.6773808Z copying path '/nix/store/y5q23fai4v3rlq1pgw5f8sinhcyk39fq-ncurses-6.4-man' from 'https://cache.nixos.org'...
2026-10-09T19:43:23.6805314Z copying path '/nix/store/l1r74jzcj016i2zr14l75zfcdx46vpxd-perl5.38.2-HTML-Tagset-3.20' from 'https://cache.nixos.org'...
2026-10-09T19:43:23.6992322Z copying path '/nix/store/ws540wqk99bs78nj6sf94l58p9q0j206-perl5.38.2-Encode-Locale-1.05' from 'https://cache.nixos.org'...
2026-10-09T19:43:23.7014737Z copying path '/nix/store/5yah4mdd0cwfwvjgln32m5v4x73pzyjr-perl5.38.2-Test-Needs-0.002010' from 'https://cache.nixos.org'...
2026-10-09T19:43:23.7015886Z copying path '/nix/store/1vhgsh0mvsmd10jy0jf3k1yfjr7vjiqa-perl5.38.2-Test-RequiresInternet-0.05' from 'https://cache.nixos.org'...
2026-10-09T19:43:23.7017156Z copying path '/nix/store/iw3l5vqxajdgyqh32xvh50hgryfs53ih-perl5.38.2-Try-Tiny-0.31' from 'https://cache.nixos.org'...
2026-10-09T19:43:23.7018486Z copying path '/nix/store/3bpaa568fnrx0jz7lzp2sfhgp2sjbqi0-perl5.38.2-Mozilla-CA-20230821' from 'https://cache.nixos.org'...
2026-10-09T19:43:23.7019562Z copying path '/nix/store/p7aaqwkfbczvw7fkw2yqsz0bhfhsq4zy-perl5.38.2-IO-HTML-1.004' from 'https://cache.nixos.org'...
2026-10-09T19:43:23.7020811Z copying path '/nix/store/4bd6wmi1x1nk9b8gdnypjrhil19y3jq0-perl5.38.2-LWP-MediaTypes-6.04' from 'https://cache.nixos.org'...
2026-10-09T19:43:23.7048553Z copying path '/nix/store/lgs9i0988prw414dls42dc5agsvj88wg-perl5.38.2-Authen-SASL-2.1700' from 'https://cache.nixos.org'...
2026-10-09T19:43:23.7059378Z copying path '/nix/store/s4xiws1ayv3l297k7xdhs6lng8sds08a-perl5.38.2-Net-HTTP-6.23' from 'https://cache.nixos.org'...
2026-10-09T19:43:23.7067788Z copying path '/nix/store/4hpxdsfcn9qjyv1c3rb8wp6gg4xalh1g-perl5.38.2-WWW-RobotRules-6.02' from 'https://cache.nixos.org'...
2026-10-09T19:43:23.7214737Z copying path '/nix/store/za4zp2sff6p86j0mmbd874qipbiads43-perl5.38.2-TimeDate-2.33' from 'https://cache.nixos.org'...
2026-10-09T19:43:23.7553073Z copying path '/nix/store/3214g9h194315pn6fnvl46lyfabwcd36-mirrors-list' from 'https://cache.nixos.org'...
2026-10-09T19:43:23.7559018Z copying path '/nix/store/1xbn2czqsq3412qs1rk7kwyqxzbqsjjl-curl-8.7.1-man' from 'https://cache.nixos.org'...
2026-10-09T19:43:23.7596875Z copying path '/nix/store/9jivp79yv91fl1i6ayq2107a78q7k43i-libidn2-2.3.7' from 'https://cache.nixos.org'...
2026-10-09T19:43:23.7607003Z copying path '/nix/store/l5xdryd9mpfmqrz124sqhby8jch87xj4-nghttp2-1.61.0' from 'https://cache.nixos.org'...
2026-10-09T19:43:23.7609619Z copying path '/nix/store/gd5gbdkkc21hnyd1i1975lzckg3vyy0q-perl5.38.2-Test-Fatal-0.017' from 'https://cache.nixos.org'...
2026-10-09T19:43:23.7648125Z copying path '/nix/store/5gxibfsyjvfhkxpnz18r8qqld393d2nn-perl5.38.2-HTTP-Date-6.06' from 'https://cache.nixos.org'...
2026-10-09T19:43:23.7845555Z copying path '/nix/store/8rld2a5k3r7sj12lmymal6hbpks13rkf-perl5.38.2-File-Listing-6.16' from 'https://cache.nixos.org'...
2026-10-09T19:43:23.7847400Z copying path '/nix/store/pdczdajinqqf013h6srx3mvrizr5053w-perl5.38.2-HTTP-CookieJar-0.014' from 'https://cache.nixos.org'...
2026-10-09T19:43:23.8023808Z copying path '/nix/store/pf5avvvl4ssd6kylcvg2g23hcjp71h19-glibc-2.39-52' from 'https://cache.nixos.org'...
2026-10-09T19:43:24.2376497Z copying path '/nix/store/s894wa8wzbf841myjr7dm4m85177f8rl-attr-2.5.2' from 'https://cache.nixos.org'...
2026-10-09T19:43:24.2378254Z copying path '/nix/store/1jzhbwq5rjjaqa75z88ws2b424vh7m53-bash-5.2p32' from 'https://cache.nixos.org'...
2026-10-09T19:43:24.2379986Z copying path '/nix/store/nmkjwwbqbsa4nx3ljjxrp746kp53by51-brotli-1.1.0-lib' from 'https://cache.nixos.org'...
2026-10-09T19:43:24.2382356Z copying path '/nix/store/0s4k9fh17m2sx8ifj9xdflnjfgxrvbgp-bzip2-1.0.8' from 'https://cache.nixos.org'...
2026-10-09T19:43:24.2384021Z copying path '/nix/store/bjfycbr15irgfgwqw6bjb5xmrb6jllnq-ed-1.20.2' from 'https://cache.nixos.org'...
2026-10-09T19:43:24.2385276Z copying path '/nix/store/jziybc6yn78sf0bbh0kmmx50bxjsnr15-gawk-5.2.2' from 'https://cache.nixos.org'...
2026-10-09T19:43:24.2386928Z copying path '/nix/store/13bjf2r63138p99rcdkdb0wr0gbwcc0m-expand-response-params' from 'https://cache.nixos.org'...
2026-10-09T19:43:24.2388491Z copying path '/nix/store/y8fzwmygqh9rl5rc8rvcydcskgszldpn-gdbm-1.23' from 'https://cache.nixos.org'...
2026-10-09T19:43:24.2391780Z copying path '/nix/store/94gaw2ngsnpf3ybxjsg89lf3hf3d55y2-glibc-2.39-52-bin' from 'https://cache.nixos.org'...
2026-10-09T19:43:24.2393575Z copying path '/nix/store/sg0xabw675wgc8y1rl6mymmhggqkqmjr-expand-response-params' from 'https://cache.nixos.org'...
2026-10-09T19:43:24.2395120Z copying path '/nix/store/vqgpb0anqqfnhb5ww3y8rf1jaxpphqwg-gnumake-4.4.1' from 'https://cache.nixos.org'...
2026-10-09T19:43:24.2397256Z copying path '/nix/store/90yn7340r8yab8kxpb0p7y0c9j3snjam-gcc-13.2.0-lib' from 'https://cache.nixos.org'...
2026-10-09T19:43:24.2398743Z copying path '/nix/store/0554jm1l1qw1pcfqsliw91hnifn11w8m-gnumake-4.4.1' from 'https://cache.nixos.org'...
2026-10-09T19:43:24.2400198Z copying path '/nix/store/nbbg70f6gihj51p65kv19m0fnq8ik5kh-expat-2.6.4' from 'https://cache.nixos.org'...
2026-10-09T19:43:24.2401706Z copying path '/nix/store/bz756gkg3lrqjl958d8h7z5qn98z0vn7-gmp-6.3.0' from 'https://cache.nixos.org'...
2026-10-09T19:43:24.2402965Z copying path '/nix/store/y8br765djcj51ls9lb3kylkrvc2wan3p-gnused-4.9' from 'https://cache.nixos.org'...
2026-10-09T19:43:24.2610649Z copying path '/nix/store/6ghariqqf33l5xqn7alx58dys7kz2wm5-zlib-1.3.1' from 'https://cache.nixos.org'...
2026-10-09T19:43:24.2747079Z copying path '/nix/store/a4x20x15w3r6iic9pllkzsikdr1ci8zr-libuv-1.48.0' from 'https://cache.nixos.org'...
2026-10-09T19:43:24.2758593Z copying path '/nix/store/p8hw2h465g0byxwpamnk6gv6mp5gnqn2-openssl-3.0.14' from 'https://cache.nixos.org'...
2026-10-09T19:43:24.2780283Z copying path '/nix/store/jk99vx5dhv57zldl5j0id3n23igbj269-pcre2-10.43' from 'https://cache.nixos.org'...
2026-10-09T19:43:24.2801335Z copying path '/nix/store/p1m1hbbfyvix5390xgslhq3d30zzhp7f-xz-5.4.7' from 'https://cache.nixos.org'...
2026-10-09T19:43:24.2808102Z copying path '/nix/store/8krchn3igfzz62fnirxj47l2hrz11sj9-bzip2-1.0.8-bin' from 'https://cache.nixos.org'...
2026-10-09T19:43:24.3157669Z copying path '/nix/store/hxhg0hk4g60yjsbiw1hwdzykidswdvaz-patch-2.7.6' from 'https://cache.nixos.org'...
2026-10-09T19:43:24.3226651Z copying path '/nix/store/80kzdbnl1bmnd8r8hphh1xzmgsvyyf6w-acl-2.3.2' from 'https://cache.nixos.org'...
2026-10-09T19:43:24.3238949Z copying path '/nix/store/vnhidpihmbp8wr949ri7a457y0hnb6bn-rhash-1.4.4' from 'https://cache.nixos.org'...
2026-10-09T19:43:24.3289661Z copying path '/nix/store/r6apkwli4s0xhzn1bdi9nrkmvqc5arrj-gzip-1.13' from 'https://cache.nixos.org'...
2026-10-09T19:43:24.3295795Z copying path '/nix/store/9spr3h287vf61j35vh59aqcv7rm0wspb-bash-5.2p32-dev' from 'https://cache.nixos.org'...
2026-10-09T19:43:24.3308174Z copying path '/nix/store/5x04zrxvdamhi4gbhpb6d8wmrgi5s046-perl5.38.2-FCGI-0.82' from 'https://cache.nixos.org'...
2026-10-09T19:43:24.3397178Z copying path '/nix/store/50bi74rnylylavh7b1ccylfyz0ksw22z-libuv-1.48.0-dev' from 'https://cache.nixos.org'...
2026-10-09T19:43:24.3464744Z copying path '/nix/store/i44dhfrwi3qaz3f8xkxiva6zqkq3f65v-zlib-1.3.1-dev' from 'https://cache.nixos.org'...
2026-10-09T19:43:24.3511459Z copying path '/nix/store/0vdf5mpd762bw53rgl5nkmhvzq8n4m0d-file-5.45' from 'https://cache.nixos.org'...
2026-10-09T19:43:24.3625368Z copying path '/nix/store/1b4si7qr8f04lqpy5m7iis3w8jxhc2vq-file-5.45' from 'https://cache.nixos.org'...
2026-10-09T19:43:24.3678801Z copying path '/nix/store/zmi2nlx42h1qrs2v7yn142dq4zjq30im-ncurses-6.4' from 'https://cache.nixos.org'...
2026-10-09T19:43:24.3680789Z copying path '/nix/store/llalnjlyrj2zv12q5bjy8cagqv70j73y-gnutar-1.35' from 'https://cache.nixos.org'...
2026-10-09T19:43:24.3695774Z copying path '/nix/store/i0wk9fviyymf3vq86w6nc1jikc9209pp-perl5.38.2-TermReadKey-2.38' from 'https://cache.nixos.org'...
2026-10-09T19:43:24.3723994Z copying path '/nix/store/702y72g4yqmylqs1niks1dzm1vh6vaqh-lcms2-2.16' from 'https://cache.nixos.org'...
2026-10-09T19:43:24.3728804Z copying path '/nix/store/1h4vhcpa6nqln9x0w03dy5i1x97z8svc-xz-5.4.7-bin' from 'https://cache.nixos.org'...
2026-10-09T19:43:24.3748070Z copying path '/nix/store/rrw0d53ykhyzwbqayrqzx28hm53krb7i-libjpeg-turbo-3.0.3' from 'https://cache.nixos.org'...
2026-10-09T19:43:24.3792200Z copying path '/nix/store/qhwavx7kpnazsmfdbbvvafs0vsnkn49p-pkg-config-0.29.2' from 'https://cache.nixos.org'...
2026-10-09T19:43:24.3827684Z copying path '/nix/store/0pjc3s5k0zlc56xs2z0cmvq885zkij9h-sqlite-3.45.3' from 'https://cache.nixos.org'...
2026-10-09T19:43:24.3886790Z copying path '/nix/store/bb99dclcsv3r0a8q967bnvga02qicxsf-libxcrypt-4.4.36' from 'https://cache.nixos.org'...
2026-10-09T19:43:24.3888524Z copying path '/nix/store/gniy4ab9wcijxjpcciddgpzdwq3v3dnb-libffi-3.4.6' from 'https://cache.nixos.org'...
2026-10-09T19:43:24.3890236Z copying path '/nix/store/6x0n8ksnajz1kf7n6q0farmyrc6af4mz-mpdecimal-4.0.0' from 'https://cache.nixos.org'...
2026-10-09T19:43:24.3956381Z copying path '/nix/store/jig62nn8174n4dlk05lqwsvs5wd2c64r-glibc-2.39-52-dev' from 'https://cache.nixos.org'...
2026-10-09T19:43:24.3973099Z copying path '/nix/store/8nss7h1yk4jihkmr4xj5ihrbdkv4y1wy-gnugrep-3.11' from 'https://cache.nixos.org'...
2026-10-09T19:43:24.4257448Z copying path '/nix/store/xznnzkxql66sg21aw9xcxfv8d44nna08-nghttp2-1.61.0-lib' from 'https://cache.nixos.org'...
2026-10-09T19:43:24.4264570Z copying path '/nix/store/apjs9l6fsvv3d6d5dacinrhy8qj57jgx-libpsl-0.21.5' from 'https://cache.nixos.org'...
2026-10-09T19:43:24.4266665Z copying path '/nix/store/j17zmzz6z8fi8rd2yqk36n5jy8whzfhy-nghttp2-1.61.0-lib' from 'https://cache.nixos.org'...
2026-10-09T19:43:24.4343988Z copying path '/nix/store/qg40mg3yyyazi6phd5vxygk05xcmrkc9-xz-5.4.7-dev' from 'https://cache.nixos.org'...
2026-10-09T19:43:24.4566469Z copying path '/nix/store/4dqj8bq01rwapgzgwm0zpr622r6jv8wq-mpfr-4.2.1' from 'https://cache.nixos.org'...
2026-10-09T19:43:24.4666423Z copying path '/nix/store/mwa26ixrnf0s1j7923pdzfl9nwwglq4w-isl-0.20' from 'https://cache.nixos.org'...
2026-10-09T19:43:24.4850956Z copying path '/nix/store/dr2969ydf41s2i345dg751cabi9wnksn-pkg-config-wrapper-0.29.2' from 'https://cache.nixos.org'...
2026-10-09T19:43:24.4852625Z copying path '/nix/store/925hihdxx9ybs57cxvh59flm8sxddimh-oniguruma-6.9.9-lib' from 'https://cache.nixos.org'...
2026-10-09T19:43:24.4860113Z copying path '/nix/store/ssy9mnlc9pfkdn6msnirki0yfji4nqjv-libxml2-2.12.9' from 'https://cache.nixos.org'...
2026-10-09T19:43:24.4876969Z copying path '/nix/store/0b5z0wf3k9y3s3qadnkwsm78avax4jlk-keyutils-1.6.3-lib' from 'https://cache.nixos.org'...
2026-10-09T19:43:24.5006274Z copying path '/nix/store/vsq79al9acvxd0nng9h17c9z6a1fgz09-libpfm-4.13.0' from 'https://cache.nixos.org'...
2026-10-09T19:43:24.5277764Z copying path '/nix/store/aa1nmdsivj49bfgkzimi12fjz7wchwbn-perl5.38.2-Clone-0.46' from 'https://cache.nixos.org'...
2026-10-09T19:43:24.5282127Z copying path '/nix/store/1y79passl8570fq00gf4gr7b7ld7pzfl-liburcu-0.14.0' from 'https://cache.nixos.org'...
2026-10-09T19:43:24.5295819Z copying path '/nix/store/v9fw3px4pv25jfqz6ibs0khahhnjxvpx-nghttp2-1.61.0-dev' from 'https://cache.nixos.org'...
2026-10-09T19:43:24.5300906Z copying path '/nix/store/2vv5dpcgl9hzcpzf1syjnrld69kfhkfm-libkrb5-1.21.3' from 'https://cache.nixos.org'...
2026-10-09T19:43:24.5497883Z copying path '/nix/store/xf9367aw8afx9a8y9r90kdhlaji9bnz8-binutils-2.41-lib' from 'https://cache.nixos.org'...
2026-10-09T19:43:24.5514802Z copying path '/nix/store/nwwm81a4kyx8yhq6xrsyzp5a5b51fnkg-openssl-3.0.14' from 'https://cache.nixos.org'...
2026-10-09T19:43:24.5516270Z copying path '/nix/store/z867fyy7978kh6xf031ghmc6ysmiycq8-libkrb5-1.21.3' from 'https://cache.nixos.org'...
2026-10-09T19:43:24.5518129Z copying path '/nix/store/w0gcbzh5w6ds5h2cf1cg7nc2xcpcwxdk-libmpc-1.3.1' from 'https://cache.nixos.org'...
2026-10-09T19:43:24.5625390Z copying path '/nix/store/nmiy52nfg19qh56mpnshy2pi7ms2inga-perl5.38.2-HTTP-Message-6.45' from 'https://cache.nixos.org'...
2026-10-09T19:43:24.6695471Z copying path '/nix/store/bwxp1bkaa4cgz20mrk1hqm8azvv1skif-jq-1.7.1-lib' from 'https://cache.nixos.org'...
2026-10-09T19:43:24.7133687Z copying path '/nix/store/q36rhfg9kml0hf7gmrhvixn17xlbmijm-file-5.45-dev' from 'https://cache.nixos.org'...
2026-10-09T19:43:24.7260228Z copying path '/nix/store/xwa7k3qirvbi4j1nd6c910i8xcqzq0zc-perl5.38.2-HTTP-Cookies-6.10' from 'https://cache.nixos.org'...
2026-10-09T19:43:24.7272382Z copying path '/nix/store/8vnznycxwsghawc0fgxfasfhrfgggjsc-perl5.38.2-HTML-Parser-3.81' from 'https://cache.nixos.org'...
2026-10-09T19:43:24.7277771Z copying path '/nix/store/m22x0xhiqxgswiihn5vxi4cm9rww9fjm-perl5.38.2-HTTP-Negotiate-6.01' from 'https://cache.nixos.org'...
2026-10-09T19:43:24.7282866Z copying path '/nix/store/96k4wa4181zg5inxbzkqk81f3pvs1zf6-perl5.38.2-HTTP-Daemon-6.16' from 'https://cache.nixos.org'...
2026-10-09T19:43:24.7448203Z copying path '/nix/store/xylb1pgqnnd2qj9lsy1w2r9p8lmir8qs-jq-1.7.1-bin' from 'https://cache.nixos.org'...
2026-10-09T19:43:24.7522384Z copying path '/nix/store/6lwnmjnynb6mvpifwvdx0nx60kfw2vrh-compiler-rt-libc-17.0.6' from 'https://cache.nixos.org'...
2026-10-09T19:43:24.7585498Z copying path '/nix/store/f2lglcw69yh2yyihxq6kvhpanc3s1n9p-gcc-13.2.0' from 'https://cache.nixos.org'...
2026-10-09T19:43:24.7615978Z copying path '/nix/store/0pkjhzncyjkvhq8lwmdkzvl4cs4vh0yb-gmp-with-cxx-6.3.0' from 'https://cache.nixos.org'...
2026-10-09T19:43:24.7620661Z copying path '/nix/store/6ds32jlmhqjvbkp2pd20dz1wi9anszls-gettext-0.21.1' from 'https://cache.nixos.org'...
2026-10-09T19:43:24.7661488Z copying path '/nix/store/a2qxya11zd3xdn5df34n6axfd6fhgzql-icu4c-73.2' from 'https://cache.nixos.org'...
2026-10-09T19:43:24.7684925Z copying path '/nix/store/4sg2892rfh45fjzz62s7dbsxgnr7kq5h-openjdk-headless-22+36' from 'https://cache.nixos.org'...
2026-10-09T19:43:24.7728575Z copying path '/nix/store/2wp235bg03gykpixd9v2nyxp08w8xq8a-patchelf-0.15.0' from 'https://cache.nixos.org'...
2026-10-09T19:43:24.7738213Z copying path '/nix/store/zx7p1fa3n2f316p82005j50h87kd2q2b-wasm-tools-1.215.0' from 'https://cache.nixos.org'...
2026-10-09T19:43:24.7758657Z copying path '/nix/store/ai8khzi02bspxjgdxqhx02bdgdnmk1yx-wabt-1.0.35' from 'https://cache.nixos.org'...
2026-10-09T19:43:24.8038928Z copying path '/nix/store/4kvn0yq5dc2gylbwsqbynzxxpkf4b143-jq-1.7.1-dev' from 'https://cache.nixos.org'...
2026-10-09T19:43:24.8041005Z copying path '/nix/store/cv05k9nr90lciyxyrpkwmqrq9lhl1rn4-perl5.38.2-CGI-4.59' from 'https://cache.nixos.org'...
2026-10-09T19:43:24.8136092Z copying path '/nix/store/z34dss3rj1rnp1g820r64w0na7452jy1-binutils-2.41' from 'https://cache.nixos.org'...
2026-10-09T19:43:24.8166100Z copying path '/nix/store/i6phx7d2fzzjrp9cq3y95ysqn85cj1y4-openssl-3.0.14-bin' from 'https://cache.nixos.org'...
2026-10-09T19:43:24.8195198Z copying path '/nix/store/a75jgdhdgbp18ij8r3khdkb9hb1ypykl-perl5.38.2-Net-SSLeay-1.92' from 'https://cache.nixos.org'...
2026-10-09T19:43:24.8487546Z copying path '/nix/store/kh8za9c6zmhs2ijsgna5hcqil4j8lsbk-llvm-17.0.6-lib' from 'https://cache.nixos.org'...
2026-10-09T19:43:24.8531094Z copying path '/nix/store/wcgzg38c6f5rspj5mp8b865v9c2b9rm7-ncurses-6.4-dev' from 'https://cache.nixos.org'...
2026-10-09T19:43:24.8677218Z copying path '/nix/store/n9gh8gxx5xx51ihgll2l20ar9b2vmgzy-coreutils-9.5' from 'https://cache.nixos.org'...
2026-10-09T19:43:24.9283990Z copying path '/nix/store/rafcl7sl3f9757z4m5hl7vaklppi8xkr-readline-8.2p10' from 'https://cache.nixos.org'...
2026-10-09T19:43:24.9556650Z copying path '/nix/store/c1hff4nzawfkzvjmqn609pfdc3m3dk5z-zstd-1.5.6' from 'https://cache.nixos.org'...
2026-10-09T19:43:25.0165368Z copying path '/nix/store/32si5ivv66qixzs0qgwcwh7ik7qhjcdj-perl5.38.2-IO-Socket-SSL-2.083' from 'https://cache.nixos.org'...
2026-10-09T19:43:25.0185865Z copying path '/nix/store/fsikhb1i0bf4pz9b819bp33y2vbhfq2f-perl5.38.2-CGI-Fast-2.16' from 'https://cache.nixos.org'...
2026-10-09T19:43:25.0531377Z copying path '/nix/store/75qm0pb8hah3i2wa0mgd3l5fyhknr6p3-openssl-3.0.14-dev' from 'https://cache.nixos.org'...
2026-10-09T19:43:25.0593468Z copying path '/nix/store/jcv2dm4lis9g72qh580am3sg1x9vl80b-libssh2-1.11.0' from 'https://cache.nixos.org'...
2026-10-09T19:43:25.1885288Z copying path '/nix/store/a6prrfmmr6kkbkwk6v3vq4zd96mcc5g4-numactl-2.0.18' from 'https://cache.nixos.org'...
2026-10-09T19:43:25.1944869Z copying path '/nix/store/bgh22i946ncj740a3snzlzddc0varib5-libkrb5-1.21.3-dev' from 'https://cache.nixos.org'...
2026-10-09T19:43:25.2045714Z copying path '/nix/store/k6slgyjf4sv0lpz1pdg6sr3bpvjdr35l-diffutils-3.10' from 'https://cache.nixos.org'...
2026-10-09T19:43:25.2798257Z copying path '/nix/store/qdk6ds72q8xf5fzi16x7736bwz8aydic-findutils-4.9.0' from 'https://cache.nixos.org'...
2026-10-09T19:43:25.2873174Z copying path '/nix/store/s0p1kr5mvs0j42dq5r08kgqbi0k028f2-python3-3.11.10' from 'https://cache.nixos.org'...
2026-10-09T19:43:25.3095479Z copying path '/nix/store/fbkbkqb1cp46jwgk2lv6g28ik57r764i-libarchive-3.7.7-lib' from 'https://cache.nixos.org'...
2026-10-09T19:43:25.3432172Z copying path '/nix/store/6dcc1j2x8gm4vmk4fijb0fmbabqwjscs-perl5.38.2-Net-SMTP-SSL-1.04' from 'https://cache.nixos.org'...
2026-10-09T19:43:25.3816820Z copying path '/nix/store/ld1yqvr1db4iv8sk8f4aflgai1b5d2ql-curl-8.7.1' from 'https://cache.nixos.org'...
2026-10-09T19:43:25.4202677Z copying path '/nix/store/fv1plv85qylnw87dlnxaqkgl06drgr1r-curl-8.7.1' from 'https://cache.nixos.org'...
2026-10-09T19:43:25.4277067Z copying path '/nix/store/ar33fhhpindkrpagrjrjlsv3hj0vndgg-lttng-ust-2.12.2' from 'https://cache.nixos.org'...
2026-10-09T19:43:25.4585706Z copying path '/nix/store/mdadnfhlp7m6778zhlmpbn9qy37xkrmh-perl-5.38.2' from 'https://cache.nixos.org'...
2026-10-09T19:43:25.4751944Z copying path '/nix/store/g7kjsdrig65ykzi0056abrb84dxm1mqv-zstd-1.5.6-bin' from 'https://cache.nixos.org'...
2026-10-09T19:43:25.4876202Z copying path '/nix/store/8cigxaz31i50m4wrjxdyccb498r24mqb-libssh2-1.11.0' from 'https://cache.nixos.org'...
2026-10-09T19:43:25.5196512Z copying path '/nix/store/3za4imd3c8r7zm6x62khahdf5dwn2ihq-openssl-3.0.14-bin' from 'https://cache.nixos.org'...
2026-10-09T19:43:25.5272806Z copying path '/nix/store/zix67r268ihi4c362zw7c0989z12jmy7-stdenv-linux' from 'https://cache.nixos.org'...
2026-10-09T19:43:25.6916616Z copying path '/nix/store/412418grw31j2qfi6j6mhic6gfd190n9-compiler-rt-libc-17.0.6-dev' from 'https://cache.nixos.org'...
2026-10-09T19:43:25.6956699Z copying path '/nix/store/z98wicx6x78vlyksv69axn5zqwdah5l8-cmake-3.29.2' from 'https://cache.nixos.org'...
2026-10-09T19:43:25.7051107Z copying path '/nix/store/x6xqf8sk2yb1xb348bc2caiwsms90bp5-curl-8.7.1' from 'https://cache.nixos.org'...
2026-10-09T19:43:25.7120579Z copying path '/nix/store/m1vwc9blmwijw7ngrxz6rmybhzvamp08-zstd-1.5.6-dev' from 'https://cache.nixos.org'...
2026-10-09T19:43:25.7341079Z copying path '/nix/store/ng1lqlkhf27xg4d3ahi8rl3vi30kpzqn-openssl-3.0.14-dev' from 'https://cache.nixos.org'...
2026-10-09T19:43:26.0165359Z copying path '/nix/store/gq0xyjrkaqvknshf8r6si13ckdv6p7yq-binutils-wrapper-2.41' from 'https://cache.nixos.org'...
2026-10-09T19:43:26.0175674Z copying path '/nix/store/rl56awy2w2iwvgdmibv98k0vx7lzyw21-binutils-wrapper-2.41' from 'https://cache.nixos.org'...
2026-10-09T19:43:26.0297883Z copying path '/nix/store/rba8xdxdk082rbppc51vpgxh0z6v11sl-curl-8.7.1-bin' from 'https://cache.nixos.org'...
2026-10-09T19:43:26.1072909Z copying path '/nix/store/maifjkmix9nnh5j85s4ndsqad59f31p7-libssh2-1.11.0-dev' from 'https://cache.nixos.org'...
2026-10-09T19:43:26.1952873Z copying path '/nix/store/51jy1xwjbv9a41iwr59h5dfsg624fcij-curl-8.7.1-dev' from 'https://cache.nixos.org'...
2026-10-09T19:43:26.3195751Z building '/nix/store/h18wrysd1a2l10nham8ssg03r4k4r1k2-e9f29cb984231524e3931aa0ae2c5dae1a32884e.tar.gz.drv'...
2026-10-09T19:43:26.3586394Z building '/nix/store/2ybcnzzfr3bdjknz3varn0r8qfy1c5xf-f3b06c705e6c85f5314019d5d3baab0fec5b580c.tar.gz.drv'...
2026-10-09T19:43:26.3982618Z building '/nix/store/mf14gj5vp344ikb09h9x03qcdb1q3d3l-lean-4.32.2-linux.tar.zst.drv'...
2026-10-09T19:43:26.4556432Z building '/nix/store/3inlh6hn6cbfia2i2a5cw3y4i666rqb8-node-v24.19.0-linux-x64.tar.xz.drv'...
2026-10-09T19:43:26.6409828Z copying path '/nix/store/c67p00lksmyafxl5mhpx8zm67jwk95gr-dotnet-sdk-8.0.300' from 'https://cache.nixos.org'...
2026-10-09T19:43:26.6411743Z copying path '/nix/store/k6a3db8rpihvjrw27w61vx1wji7mfmq8-icu4c-73.2-dev' from 'https://cache.nixos.org'...
2026-10-09T19:43:26.9268709Z copying path '/nix/store/1qkhzhgx9w8rawvy8lvbaxqh4xb0srad-nodejs-22.10.0' from 'https://cache.nixos.org'...
2026-10-09T19:43:27.4216756Z copying path '/nix/store/mvnig14jxhfn1qnzmlpy855dxbd0rvf1-perl5.38.2-libwww-perl-6.72' from 'https://cache.nixos.org'...
2026-10-09T19:43:27.8159429Z building '/nix/store/nhj5xx0k0xj248qdf6pb9pdscw3wja0z-wasm-binaries.tar.xz.drv'...
2026-10-09T19:43:27.8778222Z building '/nix/store/qxv7zgjbyd40xjls302vk283d4jixzxm-wasmtime-v42.0.1-x86_64-linux-c-api.tar.xz.drv'...
2026-10-09T19:43:29.1098684Z building '/nix/store/alvmygwqln397yw4cxfrs9ff3vkkdvxc-libuv-source-e9f29cb984231524e3931aa0ae2c5dae1a32884e.drv'...
2026-10-09T19:43:29.7677117Z building '/nix/store/5h40czhcd5i6gjkybgc28w8pmdab6yiy-wasmtime-42.0.1-x86_64-linux-c-api.drv'...
2026-10-09T19:43:30.8115221Z copying path '/nix/store/6frx0rrqvrjgc5axzih8ybp6x8i3lnfc-python3.11-pyelftools-0.31' from 'https://cache.nixos.org'...
2026-10-09T19:43:30.8117503Z copying path '/nix/store/lpkn9w3h16wb910g7v2qj9pyd7gvxkld-git-2.44.2' from 'https://cache.nixos.org'...
2026-10-09T19:43:30.9561485Z copying path '/nix/store/v9zjfpkffznvnlaa28mdkc5kr3ka9y6c-python3-3.11.10-env' from 'https://cache.nixos.org'...
2026-10-09T19:43:31.2638781Z copying path '/nix/store/46zq1hcvd2cnl07rjv0ywcgf59p8w9gm-auto-patchelf-hook' from 'https://cache.nixos.org'...
2026-10-09T19:43:38.8219192Z copying path '/nix/store/sck9m41zz1asdmvbaxjdihxxq7p6qgy7-clang-17.0.6-lib' from 'https://cache.nixos.org'...
2026-10-09T19:43:38.8221312Z copying path '/nix/store/jxdn6bj3hq16h1z42zrsz7kj5cjz5ir1-llvm-17.0.6' from 'https://cache.nixos.org'...
2026-10-09T19:43:38.8223118Z copying path '/nix/store/rdc1jnyw74mwr2gszqc5zwi433zxs089-gcc-wrapper-13.2.0' from 'https://cache.nixos.org'...
2026-10-09T19:43:46.8795157Z copying path '/nix/store/hgv9ygk4bq8cscss48qnknmbrjmqvbh5-llvm-17.0.6-dev' from 'https://cache.nixos.org'...
2026-10-09T19:43:46.8797089Z copying path '/nix/store/80wijs24wjp619zmrasrh805bax02xjm-stdenv-linux' from 'https://cache.nixos.org'...
2026-10-09T19:43:46.8967160Z building '/nix/store/kz9n43s2dfq3667ijs7mfjzpd8f45gjy-lean-alpha-managed-binding-artifacts-0.0.0.drv'...
2026-10-09T19:43:46.9367105Z building '/nix/store/yl9c5g4ppazml4i9gi6iln6znpc3ipli-emscripten-upstream-6.0.6.drv'...
2026-10-09T19:43:46.9633101Z building '/nix/store/m29jv2s8cinaxcy4x0jk5khjqj0hb8ys-emsdk-node-24.19.0.drv'...
2026-10-09T19:43:48.1217298Z building '/nix/store/s920ynpaayshaba6kk05i5hi8m7hs1vy-lean-host-4.32.2.drv'...
2026-10-09T19:43:48.1244957Z copying path '/nix/store/jkslyfviqi4n144452p5gdcdv3jg30hs-clang-17.0.6' from 'https://cache.nixos.org'...
2026-10-09T19:43:49.1000682Z copying path '/nix/store/9yr64l4j5kghwapqzwd6azk9l57mx87p-clang-wrapper-17.0.6' from 'https://cache.nixos.org'...
2026-10-09T19:44:11.6138974Z building '/nix/store/ha7rp4zbqq9c5j17zcbnmd0jx2jccfqg-lean-source-f3b06c705e6c85f5314019d5d3baab0fec5b580c.drv'...
2026-10-09T19:44:50.2238005Z building '/nix/store/61ibg0crs6ackn4v1g2lrl3cadgwxbw4-lean-alpha-native-core-artifacts-0.0.0.drv'...
2026-10-09T19:44:52.4356806Z building '/nix/store/355rcf144i12d0fplh3indzy3c1yzzhr-emsdk-6.0.6-immutable.drv'...
2026-10-09T19:44:52.4877987Z building '/nix/store/896x0r6nw2z64adsp3x7ngl52wg7xyj0-lean-alpha-universal-core-artifacts-0.0.0.drv'...
2026-10-09T19:54:26.6195419Z building '/nix/store/wjd2aavp6xf16d3dm428350z6j70lz0i-lean-alpha-wasi-component-artifacts-0.0.0.drv'...
2026-10-09T19:59:22.6423906Z building '/nix/store/gr780f7svkgfqaqxcijyp79c97s78anl-lean-alpha-universal-release-bundle-0.0.0.drv'...
2026-10-09T19:59:23.8468002Z building '/nix/store/addwdwaqd1wlg7k0amb2b67l4fmcwl50-lean-alpha-nuget-package-0.0.0.drv'...
2026-10-09T19:59:29.5312947Z this derivation will be built:
2026-10-09T19:59:29.5316364Z   /nix/store/sal3wm0ffvjkqg2l110crcpnswzyhp0i-lean-alpha-maven-package-0.0.0.drv
2026-10-09T19:59:29.5944103Z building '/nix/store/sal3wm0ffvjkqg2l110crcpnswzyhp0i-lean-alpha-maven-package-0.0.0.drv'...
2026-10-09T19:59:34.8677489Z this derivation will be built:
2026-10-09T19:59:34.8679271Z   /nix/store/w1mdqllbhm7dz4xf7r06nlbnny8llcnr-lean-alpha-rubygems-package-0.0.0.drv
2026-10-09T19:59:34.8680385Z these 2 paths will be fetched (8.2 MiB download, 34.1 MiB unpacked):
2026-10-09T19:59:34.8681557Z   /nix/store/5pd8825vnd563qbvbv0p5p29hqirvw5c-libyaml-0.2.5
2026-10-09T19:59:34.8682604Z   /nix/store/1k6gl682rx4ypbh7hsvsczn1x4rm1rwq-ruby-3.3.5
2026-10-09T19:59:34.8700052Z copying path '/nix/store/5pd8825vnd563qbvbv0p5p29hqirvw5c-libyaml-0.2.5' from 'https://cache.nixos.org'...
2026-10-09T19:59:34.8962404Z copying path '/nix/store/1k6gl682rx4ypbh7hsvsczn1x4rm1rwq-ruby-3.3.5' from 'https://cache.nixos.org'...
2026-10-09T19:59:35.4175294Z building '/nix/store/w1mdqllbhm7dz4xf7r06nlbnny8llcnr-lean-alpha-rubygems-package-0.0.0.drv'...
2026-10-09T19:59:41.0471516Z copying path '/nix/store/ragzs7i0z740sv0v9apcigm4qdr0l6rb-gperf-3.1' from 'https://cache.nixos.org'...
2026-10-09T19:59:41.0593566Z copying path '/nix/store/751xmj0fqpmg845n72hxkpqaaf71xpjz-ninja-1.11.1' from 'https://cache.nixos.org'...
2026-10-09T19:59:41.0596929Z copying path '/nix/store/w5dzdm57c0228959pcavmjmhjnvvam9m-re2c-3.1' from 'https://cache.nixos.org'...
2026-10-09T19:59:41.0598574Z copying path '/nix/store/jb2mh4asq1klvf3nzj9blr2q6dyhwkrb-nss-cacert-3.107' from 'https://cache.nixos.org'...
2026-10-09T19:59:41.0612344Z copying path '/nix/store/mjab8xmxjgnzfq854s54p0c9gqdfmpsh-zip-3.0' from 'https://cache.nixos.org'...
2026-10-09T19:59:41.0621355Z copying path '/nix/store/az1vlcldx7vaqq533a8x31vvqa6dvqgb-gnum4-1.4.19' from 'https://cache.nixos.org'...
2026-10-09T19:59:41.0641367Z copying path '/nix/store/s8q3rch0wd3shdnznz9bcj8mj6pvz1gr-gmp-with-cxx-6.3.0' from 'https://cache.nixos.org'...
2026-10-09T19:59:41.0642935Z copying path '/nix/store/76a4wzlz2iydzin9w6ag5m7nldjpv3pm-gtest-1.14.0' from 'https://cache.nixos.org'...
2026-10-09T19:59:41.0779070Z copying path '/nix/store/3di38dhhw8vyxkdmwmn1nkb7sz06n57j-system-sendmail-1.0' from 'https://cache.nixos.org'...
2026-10-09T19:59:41.0882304Z copying path '/nix/store/13fpkr1p4z6fbfk8k0x7r3yaj23xhnq5-unzip-6.0' from 'https://cache.nixos.org'...
2026-10-09T19:59:41.0964262Z copying path '/nix/store/fwnm0vr8bylbgwpmzic6xg07kl4prqzc-curl-8.7.1-man' from 'https://cache.nixos.org'...
2026-10-09T19:59:41.0970056Z copying path '/nix/store/khkz2gncg3i5qwma2s89mlkbgwhpqckf-7zz-24.08' from 'https://cache.nixos.org'...
2026-10-09T19:59:41.0971675Z copying path '/nix/store/1qv6fxvi61vjjrgkw7r799kf7b8382k3-libkrb5-1.21.3-dev' from 'https://cache.nixos.org'...
2026-10-09T19:59:41.0981582Z copying path '/nix/store/xq0f47jqw5c804mia8hb5a74c3w389il-rustc-1.77.2' from 'https://cache.nixos.org'...
2026-10-09T19:59:41.1268322Z copying path '/nix/store/czcrq1nad23isbaikj0qi6xyxv0b34vw-libargon2-20190702' from 'https://cache.nixos.org'...
2026-10-09T19:59:41.1271522Z copying path '/nix/store/v0p0p0mf7k2zy6ackxv1qjrm06pkn98r-libssh2-1.11.0-dev' from 'https://cache.nixos.org'...
2026-10-09T19:59:41.1284209Z copying path '/nix/store/kxqn898rczp3yl3bcxxbik0fkyz6jp1d-php-bcmath-8.2.27' from 'https://cache.nixos.org'...
2026-10-09T19:59:41.1286130Z copying path '/nix/store/fv20wfhs3bh97mhrff67lvbdqn8v0k4y-libtool-2.4.7-lib' from 'https://cache.nixos.org'...
2026-10-09T19:59:41.1425719Z copying path '/nix/store/k4jy37njjyw4p4d8p6cnzg5nk0mchf1b-php-readline-8.2.27' from 'https://cache.nixos.org'...
2026-10-09T19:59:41.1546876Z copying path '/nix/store/kvig16f9v2nasmr0k7fiym96ksr9pgs1-php-session-8.2.27' from 'https://cache.nixos.org'...
2026-10-09T19:59:41.1595516Z copying path '/nix/store/j0bkgwhdynvc6fpazg09kmi7jhflnfw2-php-mbstring-8.2.27' from 'https://cache.nixos.org'...
2026-10-09T19:59:41.1760195Z copying path '/nix/store/jaapy8mk67cbflvmj7gjpylgahl0pj69-curl-8.7.1-bin' from 'https://cache.nixos.org'...
2026-10-09T19:59:41.1762188Z copying path '/nix/store/kicssx0z70wnfk4p7cm96ay0na2kzxm1-php-ctype-8.2.27' from 'https://cache.nixos.org'...
2026-10-09T19:59:41.1764308Z copying path '/nix/store/k47nm761i280s2pyl9a5rmv75fd9is19-php-opcache-8.2.27' from 'https://cache.nixos.org'...
2026-10-09T19:59:41.1769275Z copying path '/nix/store/aj6vf0b6b8kbmj7m2lclfkfqj8nyapmb-lld-17.0.6-lib' from 'https://cache.nixos.org'...
2026-10-09T19:59:41.1849095Z copying path '/nix/store/l6asfy7npczfvppniyk5q46gzh6bml16-binaryen-116' from 'https://cache.nixos.org'...
2026-10-09T19:59:41.1851007Z copying path '/nix/store/52li110fvwczbi6997qisxw9py5iymb3-php-zlib-8.2.27' from 'https://cache.nixos.org'...
2026-10-09T19:59:41.1870847Z copying path '/nix/store/3il1kqd5s4ii26x3x5kf2fmc9hdychs7-bison-3.8.2' from 'https://cache.nixos.org'...
2026-10-09T19:59:41.2004186Z copying path '/nix/store/1mjlla0fc468wl9cphnn2ivpfx02mr7j-dejavu-fonts-minimal-2.37' from 'https://cache.nixos.org'...
2026-10-09T19:59:41.2006831Z copying path '/nix/store/21l5snjs8ngip4qysl71dlhvfp2ci63a-flex-2.6.4' from 'https://cache.nixos.org'...
2026-10-09T19:59:41.2016165Z copying path '/nix/store/mwqnsdm4kcx3b4zk23i8196j1y492kn3-gmp-with-cxx-6.3.0-dev' from 'https://cache.nixos.org'...
2026-10-09T19:59:41.2020022Z copying path '/nix/store/j67whcybdcm598p442ja0x5idiknsvyc-libcap-2.69-lib' from 'https://cache.nixos.org'...
2026-10-09T19:59:41.2138501Z copying path '/nix/store/l0v5pkl7cv999ns3jawq1hx53jj3p1qk-libapparmor-3.1.7' from 'https://cache.nixos.org'...
2026-10-09T19:59:41.2155507Z copying path '/nix/store/jsizfglsm40vsjc81xnm3wa0rxshpnz0-elfutils-0.191' from 'https://cache.nixos.org'...
2026-10-09T19:59:41.2331382Z copying path '/nix/store/glaw1jn0m9p1hgm5s681zad1dg4bwq4b-pcre2-10.43' from 'https://cache.nixos.org'...
2026-10-09T19:59:41.2444083Z copying path '/nix/store/2g8xw8syn8jjfxd4cybr8vhcc50lp8wm-php-gettext-8.2.27' from 'https://cache.nixos.org'...
2026-10-09T19:59:41.2486533Z copying path '/nix/store/xz6qa1y8a7nm544iqkh3nx9pgysnpl0j-libpng-apng-1.6.43' from 'https://cache.nixos.org'...
2026-10-09T19:59:41.2567001Z copying path '/nix/store/xzcf7d64zqhpnk9lh3s73804fjvwdijn-giflib-5.2.2' from 'https://cache.nixos.org'...
2026-10-09T19:59:41.2775222Z copying path '/nix/store/zr2gp0yli9vjsqfp28526jcajcivq2ag-dns-root-data-2023-11-27' from 'https://cache.nixos.org'...
2026-10-09T19:59:41.2824288Z copying path '/nix/store/hw4kkx5bzx5srw17x9gkyakis1ipqcl7-npth-1.7' from 'https://cache.nixos.org'...
2026-10-09T19:59:41.2827809Z copying path '/nix/store/9yir03i6l4c3pv54q86k57p50mc3jnh4-nettle-3.9.1' from 'https://cache.nixos.org'...
2026-10-09T19:59:41.2875885Z copying path '/nix/store/23zympjadqd3d0hcrzq9f1g3xnp1ax5n-php-fileinfo-8.2.27' from 'https://cache.nixos.org'...
2026-10-09T19:59:41.3129241Z copying path '/nix/store/03361762s52sdi4rn0y13asdghw207l5-php-ftp-8.2.27' from 'https://cache.nixos.org'...
2026-10-09T19:59:41.3141941Z copying path '/nix/store/592gjj66s8xdhgn86r44fqz3ss0kzccv-php-pdo_sqlite-8.2.27' from 'https://cache.nixos.org'...
2026-10-09T19:59:41.3207861Z copying path '/nix/store/6iqv491s3aac1d2zkqs05c8gsyp41spm-php-sockets-8.2.27' from 'https://cache.nixos.org'...
2026-10-09T19:59:41.3295198Z copying path '/nix/store/28q4r7zcrl59qaxrbrfl65kx1wgkkay5-dav1d-1.4.1' from 'https://cache.nixos.org'...
2026-10-09T19:59:41.3407027Z copying path '/nix/store/i16ggyd7qbfwx0b9vyfjpay990lcjlc7-libnl-3.8.0' from 'https://cache.nixos.org'...
2026-10-09T19:59:41.3445660Z copying path '/nix/store/90nwq55nj0nr3qgrsrk396ziazzyjh06-ncompress-5.0' from 'https://cache.nixos.org'...
2026-10-09T19:59:41.3707576Z copying path '/nix/store/2g8q946s9ngv63ssh93i3p4mc0z5q054-libdatrie-2019-12-20-lib' from 'https://cache.nixos.org'...
2026-10-09T19:59:41.3709806Z copying path '/nix/store/3lanyd7681hn1mg7imzzbk9a3vvbd6w5-libvmaf-3.0.0' from 'https://cache.nixos.org'...
2026-10-09T19:59:41.3818144Z copying path '/nix/store/0npkjmcmq2zjmwfr8n9qiphikhi0h27n-freetype-2.13.2' from 'https://cache.nixos.org'...
2026-10-09T19:59:41.3884828Z copying path '/nix/store/7rl489pr9gv74al5chah4dxw8mllsvjm-php-sysvsem-8.2.27' from 'https://cache.nixos.org'...
2026-10-09T19:59:41.3980584Z copying path '/nix/store/956arzl1877bnphsgzlar6ccgxnidm3l-php-exif-8.2.27' from 'https://cache.nixos.org'...
2026-10-09T19:59:41.4011778Z copying path '/nix/store/9qaa51n0fchydi8csjkg74n3fc94q7di-php-filter-8.2.27' from 'https://cache.nixos.org'...
2026-10-09T19:59:41.4012996Z copying path '/nix/store/9zj1ajq1am0sqlg1z2ibkdmsl9qpnrp9-php-pdo-8.2.27' from 'https://cache.nixos.org'...
2026-10-09T19:59:41.4096115Z copying path '/nix/store/abg8jvr85qsrb88n07chxrx8f9n0ylil-php-posix-8.2.27' from 'https://cache.nixos.org'...
2026-10-09T19:59:41.4126596Z copying path '/nix/store/brqgyn0dplq8lslwp447ndabvc0az8ss-php-pdo_mysql-8.2.27' from 'https://cache.nixos.org'...
2026-10-09T19:59:41.4129454Z copying path '/nix/store/bs252b4mm3bawssz4b9km51ml9clbh9g-php-dom-8.2.27' from 'https://cache.nixos.org'...
2026-10-09T19:59:41.4172134Z copying path '/nix/store/c0smig9qbp5xqv1icyjihp1yw5kwilcm-php-xmlwriter-8.2.27' from 'https://cache.nixos.org'...
2026-10-09T19:59:41.4444375Z copying path '/nix/store/c7q14qaj75bna6rbn0mk6jj90fn0m5gb-php-sqlite3-8.2.27' from 'https://cache.nixos.org'...
2026-10-09T19:59:41.4492740Z copying path '/nix/store/fph4bljbll0h5ahsbl72hd3dgbr8n7lf-php-soap-8.2.27' from 'https://cache.nixos.org'...
2026-10-09T19:59:41.4526381Z copying path '/nix/store/gpz26sz3x7gx8cf649jhyxzzxcfxrgh8-php-mysqli-8.2.27' from 'https://cache.nixos.org'...
2026-10-09T19:59:41.4651447Z copying path '/nix/store/dcdhs0cqc45ryd2836yvjv34z6jxfc3l-libdeflate-1.20' from 'https://cache.nixos.org'...
2026-10-09T19:59:41.4711973Z copying path '/nix/store/y9qvkwvhaqvk5i4h82smlrlml8mkbk7x-libdaemon-0.14' from 'https://cache.nixos.org'...
2026-10-09T19:59:41.4780720Z copying path '/nix/store/4b5w9n7781c99pwa0qvsg25my65i0zq9-libXdmcp-1.1.5' from 'https://cache.nixos.org'...
2026-10-09T19:59:41.4782985Z copying path '/nix/store/hfy39pxmyvs4sjbwqv4si92ixmj2crx5-libXau-1.0.11' from 'https://cache.nixos.org'...
2026-10-09T19:59:41.4788387Z copying path '/nix/store/pm7i9hd073plr28fppi417najx3vx2vv-libevent-2.1.12' from 'https://cache.nixos.org'...
2026-10-09T19:59:41.4792864Z copying path '/nix/store/qks0d4mmbnfvq2dx8hbhdgm8c5q4j3ay-c-ares-1.27.0' from 'https://cache.nixos.org'...
2026-10-09T19:59:41.4887373Z copying path '/nix/store/ak0iy34rfd9r0x62gm7144gp15gisbwh-libossp-uuid-1.6.2' from 'https://cache.nixos.org'...
2026-10-09T19:59:41.4888721Z copying path '/nix/store/wbl8nwdhrcfj3v4m51qlr383sg8a7qn3-libev-4.33' from 'https://cache.nixos.org'...
2026-10-09T19:59:41.4987949Z copying path '/nix/store/bwcshjy7xk875nw3qd0zch639bfc2v3v-libaom-3.9.0' from 'https://cache.nixos.org'...
2026-10-09T19:59:41.5039048Z copying path '/nix/store/crl81hy8cnqs4g5gn68s8sjqd1b3r0ps-libyuv-1787' from 'https://cache.nixos.org'...
2026-10-09T19:59:41.5087630Z copying path '/nix/store/1rr497fk0jmibaj65983i7nipz2knmc8-gsettings-desktop-schemas-46.0' from 'https://cache.nixos.org'...
2026-10-09T19:59:41.5111360Z copying path '/nix/store/w14121h1n3kg8pjaw790mkr7z7cb238y-die-hook' from 'https://cache.nixos.org'...
2026-10-09T19:59:41.5154072Z copying path '/nix/store/rcazl4zhbdvc9w357vlwk95v8gcfjhr2-lerc-4.0.0' from 'https://cache.nixos.org'...
2026-10-09T19:59:41.5195415Z copying path '/nix/store/m2f2412dk3l1kdr160w7w2agdx9c9cc3-php-iconv-8.2.27' from 'https://cache.nixos.org'...
2026-10-09T19:59:41.5236426Z copying path '/nix/store/mkwp52yrg74l5jbdag5zmjl3ylcvvdfc-php-gmp-8.2.27' from 'https://cache.nixos.org'...
2026-10-09T19:59:41.5281382Z copying path '/nix/store/nicjrs3zca8rbkdzggv6gc726gqhpxng-php-xmlreader-8.2.27' from 'https://cache.nixos.org'...
2026-10-09T19:59:41.5327663Z copying path '/nix/store/p9fg3x9zmvyiy0sdhskz2nsh4vj0m3mw-php-pcntl-8.2.27' from 'https://cache.nixos.org'...
2026-10-09T19:59:41.5351912Z copying path '/nix/store/pr466wm1vk392rxv90gzyzf9bsyws3rv-php-calendar-8.2.27' from 'https://cache.nixos.org'...
2026-10-09T19:59:41.5354364Z copying path '/nix/store/s77bsrkpddx1k5kp2iv20xfnlpnhz2vn-php-mysqlnd-8.2.27' from 'https://cache.nixos.org'...
2026-10-09T19:59:41.5406437Z copying path '/nix/store/xh8gy1gn38qlgzsa62w1vja6x0hqf39x-php-openssl-8.2.27' from 'https://cache.nixos.org'...
2026-10-09T19:59:41.5496490Z copying path '/nix/store/y05l6l1il9grw68ds58rwk5zims9dakz-php-tokenizer-8.2.27' from 'https://cache.nixos.org'...
2026-10-09T19:59:41.5565899Z copying path '/nix/store/myr5cqynx2nh0x4f68pprg4jgps9ivcl-unbound-1.20.0-lib' from 'https://cache.nixos.org'...
2026-10-09T19:59:41.5736239Z copying path '/nix/store/iqga1xby2s1l6lx9riqicsqa2f88hnrj-alsa-topology-conf-1.2.5.1' from 'https://cache.nixos.org'...
2026-10-09T19:59:41.5760809Z copying path '/nix/store/mlkzgivx42k092w0icqj2jdlldyni1vk-alsa-ucm-conf-1.2.11' from 'https://cache.nixos.org'...
2026-10-09T19:59:41.5771735Z copying path '/nix/store/37zka02vgfsrjqsbxr1bgwzpwv9g167a-libidn2-2.3.7-bin' from 'https://cache.nixos.org'...
2026-10-09T19:59:41.5773458Z copying path '/nix/store/yxa962ayj287w005rahw1pigyxg5afnx-php-simplexml-8.2.27' from 'https://cache.nixos.org'...
2026-10-09T19:59:41.5801643Z copying path '/nix/store/0isp0ns9ykis59j0hayk6xp0p5gcfdjy-brotli-1.1.0' from 'https://cache.nixos.org'...
2026-10-09T19:59:41.5813396Z copying path '/nix/store/z6axzmnxjkhj1k3yyyqq8qxf55li1qvd-php-curl-8.2.27' from 'https://cache.nixos.org'...
2026-10-09T19:59:41.5905986Z copying path '/nix/store/5vgxahzhcvsxvgq6qjw4f09bnc07mq3c-libselinux-3.6' from 'https://cache.nixos.org'...
2026-10-09T19:59:41.6039765Z copying path '/nix/store/ixlnf1frsa2df5jjm82n0gs8h3wi6lby-util-linux-minimal-2.39.4-lib' from 'https://cache.nixos.org'...
2026-10-09T19:59:41.6047130Z copying path '/nix/store/aqc10czb2whr64agvcpihg96im5i7mi6-wayland-1.22.0' from 'https://cache.nixos.org'...
2026-10-09T19:59:41.6136774Z copying path '/nix/store/7r4nw8z7wrf07mxk3m71rav47xlmj50m-fontconfig-2.15.0' from 'https://cache.nixos.org'...
2026-10-09T19:59:41.6138375Z copying path '/nix/store/fcx7psmgkzdd88i9kydpf8j3476fbrgp-libidn2-2.3.7-dev' from 'https://cache.nixos.org'...
2026-10-09T19:59:41.6139761Z copying path '/nix/store/7bfn2wlkmjp6f1y2i4r2l72gc3xy6d5n-icu4c-64.2' from 'https://cache.nixos.org'...
2026-10-09T19:59:41.6214650Z copying path '/nix/store/12cr0szjhy5zp23nl45wd0ybwm7w7x6a-libzip-1.10.1' from 'https://cache.nixos.org'...
2026-10-09T19:59:41.6241787Z copying path '/nix/store/0rbsn0qisd8hmpzbrh1a9gli5y80fpv0-brotli-1.1.0-dev' from 'https://cache.nixos.org'...
2026-10-09T19:59:41.6347162Z copying path '/nix/store/7ssrf0drpxh2dkg7y6q4l5fnscr9a7hn-libseccomp-2.5.5-lib' from 'https://cache.nixos.org'...
2026-10-09T19:59:41.6412693Z copying path '/nix/store/a47zkhmy1lpql508q65vkxfm3c52hxhs-qrencode-4.1.1' from 'https://cache.nixos.org'...
2026-10-09T19:59:41.6507494Z copying path '/nix/store/a8vav5wzx1fd1zizxxr0vn4knhm8gmhr-audit-3.1.2' from 'https://cache.nixos.org'...
2026-10-09T19:59:41.6547033Z copying path '/nix/store/afmksdmk6b1zvg6i0arpn3q9xkzsnd9v-kexec-tools-2.0.28' from 'https://cache.nixos.org'...
2026-10-09T19:59:41.6635184Z copying path '/nix/store/9r2if8vhzvzqlx6n5knx2ckjfcjpd3yr-alsa-lib-1.2.11' from 'https://cache.nixos.org'...
2026-10-09T19:59:41.6638841Z copying path '/nix/store/fdhg0jq8k59in7ava10qkph9k9j8pzh3-lld-17.0.6' from 'https://cache.nixos.org'...
2026-10-09T19:59:41.6710251Z copying path '/nix/store/gms3c80sldm4r0pyxj987227y49lx1ks-lz4-1.9.4' from 'https://cache.nixos.org'...
2026-10-09T19:59:41.6745697Z copying path '/nix/store/hh2gg2hcslfrgrszc7lxqb43i5lmalxq-util-linux-minimal-2.39.4-login' from 'https://cache.nixos.org'...
2026-10-09T19:59:41.6747746Z copying path '/nix/store/ki12z1h2m3qhnn2jps234x9ls1li30bi-php-zip-8.2.27' from 'https://cache.nixos.org'...
2026-10-09T19:59:41.7013909Z copying path '/nix/store/hix5711xrj6fwg23qs03w8w7zy29whfw-bash-interactive-5.2p32' from 'https://cache.nixos.org'...
2026-10-09T19:59:41.7065634Z copying path '/nix/store/mgrsh2jnmxwv384q810fkgm2bzp3fwvz-kbd-2.6.4' from 'https://cache.nixos.org'...
2026-10-09T19:59:41.7069980Z copying path '/nix/store/35kyrfkzrm1am5l91iz0srdp2wh8j1an-fontconfig-2.15.0-lib' from 'https://cache.nixos.org'...
2026-10-09T19:59:41.7175012Z copying path '/nix/store/n9h67rrlpqq6lk7piw059ddxiydlfzbd-kmod-31-lib' from 'https://cache.nixos.org'...
2026-10-09T19:59:41.7357398Z copying path '/nix/store/3c275grvmby79gqgnjych830sld6bziw-glib-2.80.2' from 'https://cache.nixos.org'...
2026-10-09T19:59:41.7424152Z copying path '/nix/store/g9qxpv2q2bvr4g8ziay97baqniir3ksf-util-linux-minimal-2.39.4-swap' from 'https://cache.nixos.org'...
2026-10-09T19:59:41.7426296Z copying path '/nix/store/gv9sis616azky4gydszlqckiwbpqk5yn-util-linux-minimal-2.39.4-mount' from 'https://cache.nixos.org'...
2026-10-09T19:59:41.7431063Z copying path '/nix/store/p3ls8qj9db0zxqyh1yl1xhza2007ydyg-libgpg-error-1.48' from 'https://cache.nixos.org'...
2026-10-09T19:59:41.7483179Z copying path '/nix/store/w6zi8q7la3f5vpl9gl81b0dvfq4wj8p0-kmod-31' from 'https://cache.nixos.org'...
2026-10-09T19:59:41.7751112Z copying path '/nix/store/xs3gk42g7dlsndzwgx72c71h76clzfsv-libbpf-1.4.2' from 'https://cache.nixos.org'...
2026-10-09T19:59:41.7788449Z copying path '/nix/store/jalq9yqbfprgkfm64g7hm0qdjf1p0vn9-fribidi-1.0.13' from 'https://cache.nixos.org'...
2026-10-09T19:59:41.7990663Z copying path '/nix/store/mq2lm1hbxzsdyjk7admb17kzx3zwqcfv-glibc-2.39-52-getent' from 'https://cache.nixos.org'...
2026-10-09T19:59:41.7994777Z copying path '/nix/store/9dkh8lhl686qjdf364myq9haklz3qpzv-libxcb-1.17.0' from 'https://cache.nixos.org'...
2026-10-09T19:59:41.8011571Z copying path '/nix/store/yg9vibnm03mp77p108ixmdm1i84qfz7d-libpsl-0.21.5-bin' from 'https://cache.nixos.org'...
2026-10-09T19:59:41.8017971Z copying path '/nix/store/zx2wnh4wp39mkc9rx4jlzd3jljnhcwb5-iso-codes-4.16.0' from 'https://cache.nixos.org'...
2026-10-09T19:59:41.8297349Z copying path '/nix/store/6lymlrmrh285vr8cy2gppdbq8a6gi2c0-nghttp2-1.61.0' from 'https://cache.nixos.org'...
2026-10-09T19:59:41.8444854Z copying path '/nix/store/302ncx9jpsj9ip869nx98as9drlbjqpn-libsodium-1.0.19' from 'https://cache.nixos.org'...
2026-10-09T19:59:41.8447108Z copying path '/nix/store/rsxw8yx21701xp3x6n0yfg517k29s2qf-postgresql-15.10-lib' from 'https://cache.nixos.org'...
2026-10-09T19:59:41.8449158Z copying path '/nix/store/1bzgjxzx4c6ni628qhl9v2lj7b7rx1bw-getent-glibc-2.39-52' from 'https://cache.nixos.org'...
2026-10-09T19:59:41.8524791Z copying path '/nix/store/xc1aw6cjm3hj8qdaj8x9g089lm4abrr9-libassuan-2.5.7' from 'https://cache.nixos.org'...
2026-10-09T19:59:41.8996097Z copying path '/nix/store/vp7w0kmm5w9r4iws7xqrfmwsys8af5ps-libpsl-0.21.5-dev' from 'https://cache.nixos.org'...
2026-10-09T19:59:41.9080897Z copying path '/nix/store/5z1p38q7crvid944wrhmiiglvvald0j4-libX11-1.8.9' from 'https://cache.nixos.org'...
2026-10-09T19:59:41.9275727Z copying path '/nix/store/hp6bg5zs7nzcc8al4i99lfbrvqs9f6rs-unixODBC-2.3.12' from 'https://cache.nixos.org'...
2026-10-09T19:59:41.9326697Z copying path '/nix/store/pffh6d501fj27h886lmbj8x3l80y93d3-libgcrypt-1.10.3' from 'https://cache.nixos.org'...
2026-10-09T19:59:41.9376436Z copying path '/nix/store/yjxx5ahf8qyzpazzc60p5sj4gdjjhd6w-builder.pl' from 'https://cache.nixos.org'...
2026-10-09T19:59:41.9377832Z copying path '/nix/store/0nl55z21knp8fq18zcyfkgra0i2hijyv-db-5.3.28' from 'https://cache.nixos.org'...
2026-10-09T19:59:41.9632153Z copying path '/nix/store/74v3nlm7lh9ad4r79dn1mynnainfzilm-php-sodium-8.2.27' from 'https://cache.nixos.org'...
2026-10-09T19:59:41.9884329Z copying path '/nix/store/dszlrj4lkzmcq6pl8r692b95h4xsh3nv-make-binary-wrapper-hook' from 'https://cache.nixos.org'...
2026-10-09T19:59:42.0025845Z copying path '/nix/store/xhhxxvir1nyg8j3ci3da403x966gz13h-python3.11-pip-24.0-man' from 'https://cache.nixos.org'...
2026-10-09T19:59:42.0127308Z copying path '/nix/store/brz6ns6myghnxm27pfqlrig1bw2r8h6k-python3.11-pip-24.0' from 'https://cache.nixos.org'...
2026-10-09T19:59:42.0135466Z copying path '/nix/store/7iny0ax59ib0pgfgkcph49zxg8zym30w-pcsclite-2.1.0-lib' from 'https://cache.nixos.org'...
2026-10-09T19:59:42.0218180Z copying path '/nix/store/dx0m5lpqxsfd6f96nwxb6zj08gq36jqg-libmnl-1.0.5' from 'https://cache.nixos.org'...
2026-10-09T19:59:42.0235499Z copying path '/nix/store/lh0b381npmiyg4x6b7v3q487pz2nzk0y-libpcap-1.10.5' from 'https://cache.nixos.org'...
2026-10-09T19:59:42.0521157Z copying path '/nix/store/mwn21av99yxvf4jhs0xf6hq1dfd4fzky-libnfnetlink-1.0.2' from 'https://cache.nixos.org'...
2026-10-09T19:59:42.0529076Z copying path '/nix/store/44913fk21ikjqkispa7bjkvaqj5hhwvi-nghttp2-1.61.0-dev' from 'https://cache.nixos.org'...
2026-10-09T19:59:42.0531685Z copying path '/nix/store/ggsml34r3iva43lp7pcv6rcgisfl7anx-php-pdo_odbc-8.2.27' from 'https://cache.nixos.org'...
2026-10-09T19:59:42.0585533Z copying path '/nix/store/gv406dcs0265ydgc6nnjzhw8s3yl5bpa-pixman-0.43.4' from 'https://cache.nixos.org'...
2026-10-09T19:59:42.0658352Z copying path '/nix/store/1rg4zjc4zqabzd3wa1l2inzvyj3s441p-libnftnl-1.2.6' from 'https://cache.nixos.org'...
2026-10-09T19:59:42.1155402Z copying path '/nix/store/0filj1ph0ddsc6bnhdhcjrqdvhvjdjiw-gnupg-2.4.5' from 'https://cache.nixos.org'...
2026-10-09T19:59:42.1439964Z copying path '/nix/store/950jxlcd0zi3p0sjifs3v8i8y0nin140-cracklib-2.9.11' from 'https://cache.nixos.org'...
2026-10-09T19:59:42.1448229Z copying path '/nix/store/2ffppfzsjcp1q3bdxn96a2hqdlkijvr8-libXrender-0.9.11' from 'https://cache.nixos.org'...
2026-10-09T19:59:42.1461639Z copying path '/nix/store/j3irb77rvrqsn57y88mjlppwsim5ldx4-libXfixes-6.0.1' from 'https://cache.nixos.org'...
2026-10-09T19:59:42.1527618Z copying path '/nix/store/298lasn37whh7042pbfz0jxp403pai76-libXext-1.3.6' from 'https://cache.nixos.org'...
2026-10-09T19:59:42.1616284Z copying path '/nix/store/hmmi4i6d3q59p5qg534n8wfjhj8jiwsj-curl-8.7.1-dev' from 'https://cache.nixos.org'...
2026-10-09T19:59:42.1994797Z copying path '/nix/store/ibc28k85i5va38ilqn44z9y7a174x9xs-libXcomposite-0.4.6' from 'https://cache.nixos.org'...
2026-10-09T19:59:42.2072339Z copying path '/nix/store/svf1rly63z1wivpzm7q7d1xkb48pm3l2-cyrus-sasl-2.1.28' from 'https://cache.nixos.org'...
2026-10-09T19:59:42.2162181Z copying path '/nix/store/w4rnk5xnvg07jlazglxzn2iikdvclj9m-libnetfilter_conntrack-1.0.9' from 'https://cache.nixos.org'...
2026-10-09T19:59:42.2207961Z copying path '/nix/store/6lzcb4zv3lysq4yjhmgi1dkc6fqrgphy-libglvnd-1.7.0' from 'https://cache.nixos.org'...
2026-10-09T19:59:42.2295970Z copying path '/nix/store/d6w4gyllmnp26i2vjydylbz27x5mrbww-libXinerama-1.1.5' from 'https://cache.nixos.org'...
2026-10-09T19:59:42.2345795Z copying path '/nix/store/r5j717nmw6yg894a885r3a9wb2kj8sk2-libXi-1.8.1' from 'https://cache.nixos.org'...
2026-10-09T19:59:42.2365829Z copying path '/nix/store/3kgrj4cp4fa58fcl1qy0zy2sza7nv74q-php-pdo_pgsql-8.2.27' from 'https://cache.nixos.org'...
2026-10-09T19:59:42.2451720Z copying path '/nix/store/mnd2mjkp7mi9y1a44mijrxv09lap0nfw-php-pgsql-8.2.27' from 'https://cache.nixos.org'...
2026-10-09T19:59:42.2465937Z copying path '/nix/store/acw4dh5a3dwbm5w8fdgiq9hxd7sd6a0v-libXrandr-1.5.4' from 'https://cache.nixos.org'...
2026-10-09T19:59:42.2542731Z copying path '/nix/store/l6cqv0aflnlvlshkxfchik6gnafqm24g-libXcursor-1.2.2' from 'https://cache.nixos.org'...
2026-10-09T19:59:42.2628408Z copying path '/nix/store/8sx26kvcn36kz7b3bimr9pdq2mc4ag0j-openldap-2.6.9' from 'https://cache.nixos.org'...
2026-10-09T19:59:42.2649435Z copying path '/nix/store/wlfigacigim7vsr0j9macqgzga40wi51-libXdamage-1.1.6' from 'https://cache.nixos.org'...
2026-10-09T19:59:42.2669207Z copying path '/nix/store/vl868md5gc199rcrfdc7cl4mi5kb9jq9-libXtst-1.2.4' from 'https://cache.nixos.org'...
2026-10-09T19:59:42.2677239Z copying path '/nix/store/7yqrkq8ff0s9xysk3kj2lf76wvyjk2wn-iptables-1.8.10' from 'https://cache.nixos.org'...
2026-10-09T19:59:42.2719842Z copying path '/nix/store/qa0w8kji1jrkw2a8baxnd49dczci9bf8-libXpm-3.5.17' from 'https://cache.nixos.org'...
2026-10-09T19:59:42.2756802Z copying path '/nix/store/9ll9fqfsdjqwy2ibrnd5sni1mg60lzah-libtasn1-4.19.0' from 'https://cache.nixos.org'...
2026-10-09T19:59:42.2816730Z copying path '/nix/store/f77zp1fs5gblzrhz96mpicrqzb09r555-systemd-minimal-255.9' from 'https://cache.nixos.org'...
2026-10-09T19:59:42.2965431Z copying path '/nix/store/i7190zhkrx6l6iqjqfdcsjblisqi5zn7-duktape-2.7.0' from 'https://cache.nixos.org'...
2026-10-09T19:59:42.3059240Z copying path '/nix/store/9q6wjrav2m5ikwf3yznj96fxmxvdz02v-graphite2-1.3.14' from 'https://cache.nixos.org'...
2026-10-09T19:59:42.3159522Z copying path '/nix/store/azc06066h201z880m78k002cgq02h5a1-systemd-minimal-libs-255.9' from 'https://cache.nixos.org'...
2026-10-09T19:59:42.3164976Z copying path '/nix/store/ass5rpw3li6xxyjp0cykfx5l6yjcj400-libtiff-4.6.0' from 'https://cache.nixos.org'...
2026-10-09T19:59:42.3385956Z copying path '/nix/store/mk838fcw7xqf597q6milpp400fq2wrb5-p11-kit-0.25.3' from 'https://cache.nixos.org'...
2026-10-09T19:59:42.3771477Z copying path '/nix/store/xc9l92rl3ndvhwi8a6yj01icn1d8vfp9-libGL-1.7.0' from 'https://cache.nixos.org'...
2026-10-09T19:59:42.3841882Z copying path '/nix/store/s3w5cr4c4s6ydfgw17l4wgxs0yr0vxwd-libcbor-0.11.0' from 'https://cache.nixos.org'...
2026-10-09T19:59:42.4238466Z copying path '/nix/store/g9h3w8nvry6ciwq6dbfiq4g0y2lmlsdd-libepoxy-1.5.10' from 'https://cache.nixos.org'...
2026-10-09T19:59:42.4246004Z copying path '/nix/store/lr7988lx4zrrcf67dhjd8ckpqw89vsi7-xkeyboard-config-2.41' from 'https://cache.nixos.org'...
2026-10-09T19:59:42.4356638Z copying path '/nix/store/2cbbwpr4awcw7h5zys1vdsv5jyaizkbs-db-4.8.30' from 'https://cache.nixos.org'...
2026-10-09T19:59:42.4377021Z copying path '/nix/store/p4brhgwc11hfk13vwad4ix5xr7vkavhx-libXft-2.3.8' from 'https://cache.nixos.org'...
2026-10-09T19:59:42.4546364Z copying path '/nix/store/z04c92z7f7pp1r3g58fg8wcxjf4pak8w-libthai-0.1.29' from 'https://cache.nixos.org'...
2026-10-09T19:59:42.4592968Z copying path '/nix/store/mdl97z9dp8dhjdim472qiqqwd94bhp0j-libwebp-1.4.0' from 'https://cache.nixos.org'...
2026-10-09T19:59:42.4630057Z copying path '/nix/store/n9zl05kdpgl5pgdrp0fgyg28gbrsrlw3-lld-17.0.6-dev' from 'https://cache.nixos.org'...
2026-10-09T19:59:42.4865298Z copying path '/nix/store/484qnnssg3n2md24vpxw3qk0dspkppsb-gdk-pixbuf-2.42.12' from 'https://cache.nixos.org'...
2026-10-09T19:59:42.5136997Z copying path '/nix/store/d6vlrbn4hqygslpri73cgrjh9gjvx9wk-gamin-0.1.10' from 'https://cache.nixos.org'...
2026-10-09T19:59:42.5155735Z copying path '/nix/store/vwlfmr1i7idc0s32ay6r00wy4b8a4rx7-libsoup-3.4.4' from 'https://cache.nixos.org'...
2026-10-09T19:59:42.5231969Z copying path '/nix/store/i7avvg2mbw505cd6jx9k5admny6v9k8d-json-glib-1.8.0' from 'https://cache.nixos.org'...
2026-10-09T19:59:42.5242128Z copying path '/nix/store/71mk6wddlb93pwc36gw6qwssgf1xp0yn-libfido2-1.14.0' from 'https://cache.nixos.org'...
2026-10-09T19:59:42.5841205Z copying path '/nix/store/9w1bbklppmr4ib3zrzangxc1aigh3nwg-php-ldap-8.2.27' from 'https://cache.nixos.org'...
2026-10-09T19:59:42.5908963Z copying path '/nix/store/an0kn9gd4z0k4qr7mi9975fa2mqs9248-libsoup-2.74.3' from 'https://cache.nixos.org'...
2026-10-09T19:59:42.5982834Z copying path '/nix/store/nb06pbh9j1b44ply234vvkaar1w3gvgi-dconf-0.40.0-lib' from 'https://cache.nixos.org'...
2026-10-09T19:59:42.6044905Z copying path '/nix/store/hqll9vi4g6krj2yfxc4vqndvsfssas7x-gnutls-3.8.5' from 'https://cache.nixos.org'...
2026-10-09T19:59:42.6186687Z copying path '/nix/store/vppn7lhz5ljvydmbdppibfjg6xrfh0vx-cairo-1.18.0' from 'https://cache.nixos.org'...
2026-10-09T19:59:42.6316583Z copying path '/nix/store/wazdn869j9x8g36w1mvpcpicd7p97lpw-harfbuzz-8.4.0' from 'https://cache.nixos.org'...
2026-10-09T19:59:42.6327091Z copying path '/nix/store/w3iakl1f2p0b9rj1kbr7ilh69jhq6jgz-lvm2-2.03.23-lib' from 'https://cache.nixos.org'...
2026-10-09T19:59:42.6341019Z copying path '/nix/store/xl8skgn2spbim1q2rjad1dal9qpi0vwa-libIDL-0.8.14' from 'https://cache.nixos.org'...
2026-10-09T19:59:42.6467381Z copying path '/nix/store/kh4996rfh9sm32l026igm88ipz34ivvb-json-c-0.17' from 'https://cache.nixos.org'...
2026-10-09T19:59:42.6525187Z copying path '/nix/store/falcaavkhml14j79g95mvqbd2ci4g12j-linux-pam-1.6.1' from 'https://cache.nixos.org'...
2026-10-09T19:59:42.7132374Z copying path '/nix/store/hw3hwpk0gmcmhajsjsvhxk2vn9h30bq7-libavif-1.0.4' from 'https://cache.nixos.org'...
2026-10-09T19:59:42.7211391Z copying path '/nix/store/ihjg8v8902jly2i3xnbj3714i135pqf4-tpm2-tss-4.1.1' from 'https://cache.nixos.org'...
2026-10-09T19:59:42.7318652Z copying path '/nix/store/87xgc04881wzdx7wnfn0d05gdx66jw73-cryptsetup-2.7.3' from 'https://cache.nixos.org'...
2026-10-09T19:59:42.7373019Z copying path '/nix/store/zbpdgrh184qyrdyjvxz00pgqhvrcqca1-ORBit2-2.14.19' from 'https://cache.nixos.org'...
2026-10-09T19:59:42.7592204Z copying path '/nix/store/m4r9jmsvgv8k0vsb72vkq91667yjdf9h-libxkbcommon-1.7.0' from 'https://cache.nixos.org'...
2026-10-09T19:59:42.7895392Z copying path '/nix/store/fhfza8gyfnrqn3q605w5cw327gn0hz5s-gobject-introspection-1.80.1' from 'https://cache.nixos.org'...
2026-10-09T19:59:42.7897112Z copying path '/nix/store/z7hrcpmiv2kxcmwmsh430w6kikpgfl3l-gd-2.3.3' from 'https://cache.nixos.org'...
2026-10-09T19:59:42.8121059Z copying path '/nix/store/y2hq2yxrwr3jda2nk8baiyc9i73b66rg-php-imap-8.2.27' from 'https://cache.nixos.org'...
2026-10-09T19:59:42.8125558Z copying path '/nix/store/4gzp3wr5mi1k4fvlynci0y7n6qip0kkv-libmicrohttpd-0.9.77' from 'https://cache.nixos.org'...
2026-10-09T19:59:42.8390920Z copying path '/nix/store/pr90dnz2x5hzq6asld160dim7zh4pm7p-php-gd-8.2.27' from 'https://cache.nixos.org'...
2026-10-09T19:59:42.8808707Z copying path '/nix/store/45alyjrs2xflv0fyy08ng2qy62klrash-pango-1.52.2' from 'https://cache.nixos.org'...
2026-10-09T19:59:42.8926016Z copying path '/nix/store/3jp4h3hmz4bqv3rrj439lpkzkmxqxdwi-libpwquality-1.4.5-lib' from 'https://cache.nixos.org'...
2026-10-09T19:59:42.9221857Z copying path '/nix/store/rhq3rwyghbqq4lnkmdf4vsrazr2aa5a7-systemd-255.9' from 'https://cache.nixos.org'...
2026-10-09T19:59:42.9735135Z building '/nix/store/1qhy7ard0qbrmp7airyf66prcfl0n04w-python3-3.11.10-env.drv'...
2026-10-09T19:59:42.9795852Z copying path '/nix/store/bz42yf9cn89m97n2d7py0yw1cysyd5ir-polkit-124' from 'https://cache.nixos.org'...
2026-10-09T19:59:42.9797390Z copying path '/nix/store/c1pvi36v9d02by7s9fcx204qg3ic9xgh-dbus-1.14.10-lib' from 'https://cache.nixos.org'...
2026-10-09T19:59:43.0361116Z copying path '/nix/store/26s529dd6j0dsl4z360zl5czr7kkf2s6-avahi-0.8' from 'https://cache.nixos.org'...
2026-10-09T19:59:43.0363442Z copying path '/nix/store/0v6km0ak85aa043rr8hw9x5dxc49b3f3-dbus-glib-0.112' from 'https://cache.nixos.org'...
2026-10-09T19:59:43.0611662Z copying path '/nix/store/i06w8344d692yz2fnfkdzn3mgi6fkbas-gconf-3.2.6' from 'https://cache.nixos.org'...
2026-10-09T19:59:43.0932163Z copying path '/nix/store/aykqqwb1xmv2hfmswv7fgmlij28my0q0-cups-2.4.8-lib' from 'https://cache.nixos.org'...
2026-10-09T19:59:43.0935740Z copying path '/nix/store/58n0pnldj7w7szplmgaxjz6ycvff19rh-tracker-3.7.3' from 'https://cache.nixos.org'...
2026-10-09T19:59:43.1882118Z copying path '/nix/store/ir4sims0vzmjc43m80pk9vsra38dwfl7-php-intl-8.2.27' from 'https://cache.nixos.org'...
2026-10-09T19:59:43.2087805Z copying path '/nix/store/bg1y5crvvc98fcnslsnm57w0ldv7jy05-gnome-vfs-2.24.4' from 'https://cache.nixos.org'...
2026-10-09T19:59:43.2261547Z copying path '/nix/store/1kqxlb2jyj6ls4l8l6780w1qafp07380-php-extra-init-8.2.27.ini' from 'https://cache.nixos.org'...
2026-10-09T19:59:43.5384723Z copying path '/nix/store/am54j7wy47l77ssr2q84sr9xzmfi9n5l-at-spi2-core-2.52.0' from 'https://cache.nixos.org'...
2026-10-09T19:59:43.5386456Z copying path '/nix/store/vbid0lnigw2vlk8a1gpk0i9fib1cz27m-php-8.2.27' from 'https://cache.nixos.org'...
2026-10-09T19:59:43.5998267Z copying path '/nix/store/hdn2gb5xa3amcpn4g90hscplwbnk56bz-gtk+3-3.24.43' from 'https://cache.nixos.org'...
2026-10-09T19:59:44.1476918Z copying path '/nix/store/iwmqcnpfjqgb4rnk8mx2p0b2myb4f5hb-php-8.2.27-dev' from 'https://cache.nixos.org'...
2026-10-09T19:59:44.1479431Z copying path '/nix/store/m09gapmazf945n2s252wmyjk1qbqg7si-php-with-extensions-8.2.27' from 'https://cache.nixos.org'...
2026-10-09T19:59:44.2062717Z copying path '/nix/store/5j4c1hk6r8v1jdfz3a6r6bsxblphmhn6-composer-2.7.7' from 'https://cache.nixos.org'...
2026-10-09T19:59:44.2499422Z copying path '/nix/store/vpdmpgah6rzaja7d3c8va1yfdks75bqq-openjdk-21.0.3+9' from 'https://cache.nixos.org'...
2026-10-09T19:59:52.9605769Z copying path '/nix/store/n56wk2kpgq06703g19zhsx9q81bif7s2-rustc-wrapper-1.77.2' from 'https://cache.nixos.org'...
2026-10-09T19:59:53.0828983Z copying path '/nix/store/4wcb3jbxw9mc6vspwx4s625fp2sn003q-cargo-1.77.2' from 'https://cache.nixos.org'...
2026-10-09T19:59:56.8196924Z copying path '/nix/store/6fh7dbvgbbh117xrba68kh4mwvv866qa-apache-maven-3.9.6' from 'https://cache.nixos.org'...
2026-10-09T19:59:56.8197806Z copying path '/nix/store/fc5x9sqr7syp9r385r74mvync4yzcbcq-kotlin-1.9.24' from 'https://cache.nixos.org'...
2026-10-09T19:59:59.7704906Z building '/nix/store/r0yp1q7m1pqva84car7fvqkkjzbs4ivc-nix-shell-env.drv'...
2026-10-09T20:00:00.4241791Z this path will be fetched (97.3 KiB download, 97.3 KiB unpacked):
2026-10-09T20:00:00.4242672Z   /nix/store/71h52hv3lqrr7vsik73hkzd0fbmng830-bash-interactive-5.2p32-man
2026-10-09T20:00:00.4248997Z copying path '/nix/store/71h52hv3lqrr7vsik73hkzd0fbmng830-bash-interactive-5.2p32-man' from 'https://cache.nixos.org'...
2026-10-09T20:00:00.4898247Z Run: npm run bootstrap
2026-10-09T20:00:30.2586194Z {
2026-10-09T20:00:30.2586769Z   "result": "passed",
2026-10-09T20:00:30.2587283Z   "packageInstallation": true,
2026-10-09T20:00:30.2587790Z   "realLeanExecution": true,
2026-10-09T20:00:30.2588245Z   "consumers": [
2026-10-09T20:00:30.2588680Z     "dotnet",
2026-10-09T20:00:30.2589012Z     "jvm",
2026-10-09T20:00:30.2589315Z     "ruby"
2026-10-09T20:00:30.2589695Z   ],
2026-10-09T20:00:30.2590035Z   "documentation": {
2026-10-09T20:00:30.2590452Z     "dotnet": {
2026-10-09T20:00:30.2591277Z       "result": "passed",
2026-10-09T20:00:30.2592149Z       "publicApiOnly": true,
2026-10-09T20:00:30.2593186Z       "stdout": "Box: 42\nPayload count: 42\nCallback: 44\nCallable: 42\nErrors and cleanup: passed"
2026-10-09T20:00:30.2593978Z     },
2026-10-09T20:00:30.2594287Z     "java": {
2026-10-09T20:00:30.2594595Z       "result": "passed",
2026-10-09T20:00:30.2594979Z       "publicApiOnly": true,
2026-10-09T20:00:30.2595620Z       "stdout": "Box: 42\nPayload count: 42\nCallback: 44\nCallable: 42\nErrors and cleanup: passed"
2026-10-09T20:00:30.2596274Z     },
2026-10-09T20:00:30.2596543Z     "kotlin": {
2026-10-09T20:00:30.2596859Z       "result": "passed",
2026-10-09T20:00:30.2597213Z       "publicApiOnly": true,
2026-10-09T20:00:30.2597885Z       "stdout": "Box: 42\nPayload count: 42\nCallback: 44\nCallable: 42\nErrors and cleanup: passed"
2026-10-09T20:00:30.2598500Z     },
2026-10-09T20:00:30.2598759Z     "ruby": {
2026-10-09T20:00:30.2599049Z       "result": "passed",
2026-10-09T20:00:30.2599395Z       "publicApiOnly": true,
2026-10-09T20:00:30.2600063Z       "stdout": "Box: 42\nPayload count: 42\nCallback: 44\nCallable: 42\nErrors and cleanup: passed"
2026-10-09T20:00:30.2600668Z     }
2026-10-09T20:00:30.2600932Z   },
2026-10-09T20:00:30.2601203Z   "measurements": {
2026-10-09T20:00:30.2601555Z     "dotnet": {
2026-10-09T20:00:30.2601901Z       "iterations": 100000,
2026-10-09T20:00:30.2602348Z       "durationNanoseconds": 33810783,
2026-10-09T20:00:30.2602807Z       "checksum": 7300000,
2026-10-09T20:00:30.2603222Z       "initializationNanoseconds": 7823686,
2026-10-09T20:00:30.2603841Z       "operationIterations": 10000,
2026-10-09T20:00:30.2604337Z       "copiedValueNanoseconds": 22650431,
2026-10-09T20:00:30.2604853Z       "callbackNanoseconds": 6296989,
2026-10-09T20:00:30.2605348Z       "callableNanoseconds": 3558404,
2026-10-09T20:00:30.2605839Z       "peakRssBytes": 51236864
2026-10-09T20:00:30.2606225Z     },
2026-10-09T20:00:30.2606520Z     "jvm": {
2026-10-09T20:00:30.2606814Z       "iterations": 100000,
2026-10-09T20:00:30.2607217Z       "durationNanoseconds": 64059468,
2026-10-09T20:00:30.2607613Z       "checksum": 7300000,
2026-10-09T20:00:30.2608033Z       "initializationNanoseconds": 269934782,
2026-10-09T20:00:30.2608512Z       "operationIterations": 10000,
2026-10-09T20:00:30.2608963Z       "copiedValueNanoseconds": 160515434,
2026-10-09T20:00:30.2609585Z       "callbackNanoseconds": 231389599,
2026-10-09T20:00:30.2610042Z       "callableNanoseconds": 13631795,
2026-10-09T20:00:30.2610465Z       "peakRssBytes": 222048256
2026-10-09T20:00:30.2610799Z     },
2026-10-09T20:00:30.2611068Z     "ruby": {
2026-10-09T20:00:30.2611358Z       "iterations": 100000,
2026-10-09T20:00:30.2611754Z       "durationNanoseconds": 289785568,
2026-10-09T20:00:30.2612138Z       "checksum": 7300000,
2026-10-09T20:00:30.2612537Z       "initializationNanoseconds": 121181,
2026-10-09T20:00:30.2612989Z       "operationIterations": 10000,
2026-10-09T20:00:30.2613521Z       "copiedValueNanoseconds": 149314899,
2026-10-09T20:00:30.2613962Z       "callbackNanoseconds": 78335244,
2026-10-09T20:00:30.2614372Z       "callableNanoseconds": 30168874,
2026-10-09T20:00:30.2614794Z       "peakRssBytes": 38354944
2026-10-09T20:00:30.2615119Z     }
2026-10-09T20:00:30.2615350Z   },
2026-10-09T20:00:30.2615612Z   "packageBytes": {
2026-10-09T20:00:30.2615931Z     "dotnet": 4152074,
2026-10-09T20:00:30.2616254Z     "jvm": 4163941,
2026-10-09T20:00:30.2616553Z     "ruby": 4136448
2026-10-09T20:00:30.2616835Z   },
2026-10-09T20:00:30.2617110Z   "receipts": {
2026-10-09T20:00:30.2617403Z     "dotnet": {
2026-10-09T20:00:30.2617707Z       "schemaVersion": 1,
2026-10-09T20:00:30.2618058Z       "ecosystem": "nuget",
2026-10-09T20:00:30.2618462Z       "component": "poc/lean-alpha@0.0.0",
2026-10-09T20:00:30.2619256Z       "canonicalManifestSha256": "289bc900ce41b6df40e3df236824a7597a9e18a80d8cd12cf6646e35ec2a5219"
2026-10-09T20:00:30.2619926Z     },
2026-10-09T20:00:30.2620178Z     "jvm": {
2026-10-09T20:00:30.2620465Z       "schemaVersion": 1,
2026-10-09T20:00:30.2620801Z       "ecosystem": "maven",
2026-10-09T20:00:30.2621201Z       "component": "poc/lean-alpha@0.0.0",
2026-10-09T20:00:30.2622082Z       "canonicalManifestSha256": "289bc900ce41b6df40e3df236824a7597a9e18a80d8cd12cf6646e35ec2a5219"
2026-10-09T20:00:30.2622787Z     },
2026-10-09T20:00:30.2623047Z     "ruby": {
2026-10-09T20:00:30.2623656Z       "schemaVersion": 1,
2026-10-09T20:00:30.2624052Z       "ecosystem": "rubygems",
2026-10-09T20:00:30.2624482Z       "component": "poc/lean-alpha@0.0.0",
2026-10-09T20:00:30.2625270Z       "canonicalManifestSha256": "289bc900ce41b6df40e3df236824a7597a9e18a80d8cd12cf6646e35ec2a5219"
2026-10-09T20:00:30.2625954Z     }
2026-10-09T20:00:30.2626207Z   }
2026-10-09T20:00:30.2626458Z }
2026-10-09T20:00:30.3195080Z Prepare all required actions
2026-10-09T20:00:30.3220725Z ##[group]Run ./.github/actions/bounded-apt
2026-10-09T20:00:30.3221015Z env:
2026-10-09T20:00:30.3221215Z   NODE_VERSION: 22
2026-10-09T20:00:30.3221527Z   LEAN_BRIDGE_CONSUMER_PERFORMANCE_DIR: build/consumer-ci/performance
2026-10-09T20:00:30.3221908Z   TMPDIR: /home/runner/work/_temp
2026-10-09T20:00:30.3222261Z   NIX_PROFILES: /nix/var/nix/profiles/default /home/runner/.nix-profile
2026-10-09T20:00:30.3222670Z   NIX_SSL_CERT_FILE: /etc/ssl/certs/ca-certificates.crt
2026-10-09T20:00:30.3222985Z ##[endgroup]
2026-10-09T20:00:30.3226957Z ##[start-action display=Configure apt network limits;id=__self.__run]
2026-10-09T20:00:30.3261770Z ##[group]Run sudo install -m 0644 "/home/runner/work/lean-bridge/lean-bridge/./.github/actions/bounded-apt/apt-network.conf" /etc/apt/apt.conf.d/99lean-bridge-network
2026-10-09T20:00:30.3262930Z [36;1msudo install -m 0644 "/home/runner/work/lean-bridge/lean-bridge/./.github/actions/bounded-apt/apt-network.conf" /etc/apt/apt.conf.d/99lean-bridge-network[0m
2026-10-09T20:00:30.3263837Z [36;1mapt-config dump[0m
2026-10-09T20:00:30.3364677Z shell: /usr/bin/bash --noprofile --norc -e -o pipefail {0}
2026-10-09T20:00:30.3365021Z env:
2026-10-09T20:00:30.3365226Z   NODE_VERSION: 22
2026-10-09T20:00:30.3365551Z   LEAN_BRIDGE_CONSUMER_PERFORMANCE_DIR: build/consumer-ci/performance
2026-10-09T20:00:30.3365920Z   TMPDIR: /home/runner/work/_temp
2026-10-09T20:00:30.3366279Z   NIX_PROFILES: /nix/var/nix/profiles/default /home/runner/.nix-profile
2026-10-09T20:00:30.3366683Z   NIX_SSL_CERT_FILE: /etc/ssl/certs/ca-certificates.crt
2026-10-09T20:00:30.3367134Z ##[endgroup]
2026-10-09T20:00:30.3723909Z APT "";
2026-10-09T20:00:30.3724479Z APT::Architecture "amd64";
2026-10-09T20:00:30.3724907Z APT::Build-Essential "";
2026-10-09T20:00:30.3725360Z APT::Build-Essential:: "build-essential";
2026-10-09T20:00:30.3725842Z APT::Install-Recommends "1";
2026-10-09T20:00:30.3726226Z APT::Install-Suggests "0";
2026-10-09T20:00:30.3726597Z APT::Key "";
2026-10-09T20:00:30.3727728Z APT::Key::Assert-Pubkey-Algo ">=rsa1024,ed25519,ed448,nistp256,nistp384,nistp512,brainpoolP256r1,brainpoolP320r1,brainpoolP384r1,brainpoolP512r1,secp256k1";
2026-10-09T20:00:30.3729095Z APT::Key::Assert-Pubkey-Algo::Next ">=rsa2048,ed25519,ed448,nistp256,nistp384,nistp512";
2026-10-09T20:00:30.3729819Z APT::Key::Assert-Pubkey-Algo::Future ">=rsa3072,ed25519,ed448";
2026-10-09T20:00:30.3730164Z APT::Sandbox "";
2026-10-09T20:00:30.3730409Z APT::Sandbox::User "_apt";
2026-10-09T20:00:30.3730671Z APT::NeverAutoRemove "";
2026-10-09T20:00:30.3730989Z APT::NeverAutoRemove:: "^firmware-linux.*";
2026-10-09T20:00:30.3731351Z APT::NeverAutoRemove:: "^linux-firmware$";
2026-10-09T20:00:30.3731819Z APT::NeverAutoRemove:: "^linux-image-[a-z0-9]*$";
2026-10-09T20:00:30.3732667Z APT::NeverAutoRemove:: "^linux-image-[a-z0-9]*-[a-z0-9]*$";
2026-10-09T20:00:30.3733234Z APT::NeverAutoRemove:: "^postgresql.*-16";
2026-10-09T20:00:30.3733939Z APT::VersionedKernelPackages "";
2026-10-09T20:00:30.3734293Z APT::VersionedKernelPackages:: "linux-.*";
2026-10-09T20:00:30.3734686Z APT::VersionedKernelPackages:: "kfreebsd-.*";
2026-10-09T20:00:30.3735061Z APT::VersionedKernelPackages:: "gnumach-.*";
2026-10-09T20:00:30.3735426Z APT::VersionedKernelPackages:: ".*-modules";
2026-10-09T20:00:30.3735783Z APT::VersionedKernelPackages:: ".*-kernel";
2026-10-09T20:00:30.3736117Z APT::Never-MarkAuto-Sections "";
2026-10-09T20:00:30.3736458Z APT::Never-MarkAuto-Sections:: "metapackages";
2026-10-09T20:00:30.3736816Z APT::Never-MarkAuto-Sections:: "tasks";
2026-10-09T20:00:30.3737132Z APT::Move-Autobit-Sections "";
2026-10-09T20:00:30.3737759Z APT::Move-Autobit-Sections:: "oldlibs";
2026-10-09T20:00:30.3738034Z APT::Get "";
2026-10-09T20:00:30.3738327Z APT::Get::AutomaticRemove "0";
2026-10-09T20:00:30.3738605Z APT::Get::HideAutoRemove "1";
2026-10-09T20:00:30.3738880Z APT::Get::Assume-Yes "true";
2026-10-09T20:00:30.3739218Z APT::Get::Always-Include-Phased-Updates "true";
2026-10-09T20:00:30.3739735Z APT::Periodic "";
2026-10-09T20:00:30.3740030Z APT::Periodic::Update-Package-Lists "1";
2026-10-09T20:00:30.3740413Z APT::Periodic::Download-Upgradeable-Packages "0";
2026-10-09T20:00:30.3740778Z APT::Periodic::AutocleanInterval "0";
2026-10-09T20:00:30.3741044Z APT::Update "";
2026-10-09T20:00:30.3741317Z APT::Update::Post-Invoke-Success "";
2026-10-09T20:00:30.3741907Z APT::Update::Post-Invoke-Success:: "touch /var/lib/apt/periodic/update-success-stamp 2>/dev/null || true";
2026-10-09T20:00:30.3744068Z APT::Update::Post-Invoke-Success:: "/usr/bin/test -e /usr/share/dbus-1/system-services/org.freedesktop.PackageKit.service && /usr/bin/test -S /var/run/dbus/system_bus_socket && /usr/bin/gdbus call --system --dest org.freedesktop.PackageKit --object-path /org/freedesktop/PackageKit --timeout 4 --method org.freedesktop.PackageKit.StateHasChanged cache-update > /dev/null; /bin/echo > /dev/null";
2026-10-09T20:00:30.3745927Z APT::Update::Post-Invoke-Success:: "if /usr/bin/test -w /var/cache/swcatalog -a -e /usr/bin/appstreamcli; then appstreamcli refresh --source=os > /dev/null || true; fi";
2026-10-09T20:00:30.3747018Z APT::Update::Post-Invoke-Success:: "if /usr/bin/test -w /var/lib/command-not-found/ -a -e /usr/lib/cnf-update-db; then /usr/lib/cnf-update-db > /dev/null; fi";
2026-10-09T20:00:30.3747935Z APT::Update::Post-Invoke-Success:: "/usr/lib/update-notifier/update-motd-updates-available 2>/dev/null || true";
2026-10-09T20:00:30.3748444Z APT::Update::Pre-Invoke "";
2026-10-09T20:00:30.3749185Z APT::Update::Pre-Invoke:: "[ ! -e /run/systemd/system ] || [ $(id -u) -ne 0 ] || systemctl start --no-block apt-news.service esm-cache.service >/dev/null 2>&1 || true";
2026-10-09T20:00:30.3749923Z APT::Update::Error-Mode "any";
2026-10-09T20:00:30.3750188Z APT::Archives "";
2026-10-09T20:00:30.3750424Z APT::Archives::MaxAge "30";
2026-10-09T20:00:30.3750683Z APT::Archives::MinAge "2";
2026-10-09T20:00:30.3750952Z APT::Archives::MaxSize "500";
2026-10-09T20:00:30.3751220Z APT::Architectures "";
2026-10-09T20:00:30.3751476Z APT::Architectures:: "amd64";
2026-10-09T20:00:30.3751742Z APT::Compressor "";
2026-10-09T20:00:30.3751984Z APT::Compressor::. "";
2026-10-09T20:00:30.3752233Z APT::Compressor::.::Name ".";
2026-10-09T20:00:30.3752521Z APT::Compressor::.::Extension "";
2026-10-09T20:00:30.3752823Z APT::Compressor::.::Binary "";
2026-10-09T20:00:30.3753091Z APT::Compressor::.::Cost "0";
2026-10-09T20:00:30.3753623Z APT::Compressor::zstd "";
2026-10-09T20:00:30.3753930Z APT::Compressor::zstd::Name "zstd";
2026-10-09T20:00:30.3754259Z APT::Compressor::zstd::Extension ".zst";
2026-10-09T20:00:30.3754593Z APT::Compressor::zstd::Binary "zstd";
2026-10-09T20:00:30.3754916Z APT::Compressor::zstd::Cost "60";
2026-10-09T20:00:30.3755230Z APT::Compressor::zstd::CompressArg "";
2026-10-09T20:00:30.3755570Z APT::Compressor::zstd::CompressArg:: "-19";
2026-10-09T20:00:30.3755924Z APT::Compressor::zstd::UncompressArg "";
2026-10-09T20:00:30.3756265Z APT::Compressor::zstd::UncompressArg:: "-d";
2026-10-09T20:00:30.3756575Z APT::Compressor::lz4 "";
2026-10-09T20:00:30.3756859Z APT::Compressor::lz4::Name "lz4";
2026-10-09T20:00:30.3757177Z APT::Compressor::lz4::Extension ".lz4";
2026-10-09T20:00:30.3757496Z APT::Compressor::lz4::Binary "lz4";
2026-10-09T20:00:30.3757798Z APT::Compressor::lz4::Cost "50";
2026-10-09T20:00:30.3758110Z APT::Compressor::lz4::CompressArg "";
2026-10-09T20:00:30.3758434Z APT::Compressor::lz4::CompressArg:: "-1";
2026-10-09T20:00:30.3758761Z APT::Compressor::lz4::UncompressArg "";
2026-10-09T20:00:30.3759101Z APT::Compressor::lz4::UncompressArg:: "-d";
2026-10-09T20:00:30.3759402Z APT::Compressor::gzip "";
2026-10-09T20:00:30.3759689Z APT::Compressor::gzip::Name "gzip";
2026-10-09T20:00:30.3760009Z APT::Compressor::gzip::Extension ".gz";
2026-10-09T20:00:30.3760328Z APT::Compressor::gzip::Binary "gzip";
2026-10-09T20:00:30.3760637Z APT::Compressor::gzip::Cost "100";
2026-10-09T20:00:30.3760947Z APT::Compressor::gzip::CompressArg "";
2026-10-09T20:00:30.3761283Z APT::Compressor::gzip::CompressArg:: "-6n";
2026-10-09T20:00:30.3761727Z APT::Compressor::gzip::UncompressArg "";
2026-10-09T20:00:30.3762088Z APT::Compressor::gzip::UncompressArg:: "-d";
2026-10-09T20:00:30.3762406Z APT::Compressor::xz "";
2026-10-09T20:00:30.3762691Z APT::Compressor::xz::Name "xz";
2026-10-09T20:00:30.3763000Z APT::Compressor::xz::Extension ".xz";
2026-10-09T20:00:30.3763448Z APT::Compressor::xz::Binary "xz";
2026-10-09T20:00:30.3763838Z APT::Compressor::xz::Cost "200";
2026-10-09T20:00:30.3764159Z APT::Compressor::xz::CompressArg "";
2026-10-09T20:00:30.3764504Z APT::Compressor::xz::CompressArg:: "-6";
2026-10-09T20:00:30.3764857Z APT::Compressor::xz::UncompressArg "";
2026-10-09T20:00:30.3765208Z APT::Compressor::xz::UncompressArg:: "-d";
2026-10-09T20:00:30.3765527Z APT::Compressor::bzip2 "";
2026-10-09T20:00:30.3765843Z APT::Compressor::bzip2::Name "bzip2";
2026-10-09T20:00:30.3766182Z APT::Compressor::bzip2::Extension ".bz2";
2026-10-09T20:00:30.3766528Z APT::Compressor::bzip2::Binary "bzip2";
2026-10-09T20:00:30.3766878Z APT::Compressor::bzip2::Cost "300";
2026-10-09T20:00:30.3767238Z APT::Compressor::bzip2::CompressArg "";
2026-10-09T20:00:30.3767683Z APT::Compressor::bzip2::CompressArg:: "-6";
2026-10-09T20:00:30.3768067Z APT::Compressor::bzip2::UncompressArg "";
2026-10-09T20:00:30.3768433Z APT::Compressor::bzip2::UncompressArg:: "-d";
2026-10-09T20:00:30.3768786Z APT::Compressor::lzma "";
2026-10-09T20:00:30.3769098Z APT::Compressor::lzma::Name "lzma";
2026-10-09T20:00:30.3769444Z APT::Compressor::lzma::Extension ".lzma";
2026-10-09T20:00:30.3769799Z APT::Compressor::lzma::Binary "xz";
2026-10-09T20:00:30.3770132Z APT::Compressor::lzma::Cost "400";
2026-10-09T20:00:30.3770569Z APT::Compressor::lzma::CompressArg "";
2026-10-09T20:00:30.3770948Z APT::Compressor::lzma::CompressArg:: "--format=lzma";
2026-10-09T20:00:30.3771347Z APT::Compressor::lzma::CompressArg:: "-6";
2026-10-09T20:00:30.3771698Z APT::Compressor::lzma::UncompressArg "";
2026-10-09T20:00:30.3772099Z APT::Compressor::lzma::UncompressArg:: "--format=lzma";
2026-10-09T20:00:30.3772535Z APT::Compressor::lzma::UncompressArg:: "-d";
2026-10-09T20:00:30.3772825Z Dir "/";
2026-10-09T20:00:30.3773051Z Dir::State "var/lib/apt";
2026-10-09T20:00:30.3773551Z Dir::State::lists "lists/";
2026-10-09T20:00:30.3773878Z Dir::State::cdroms "cdroms.list";
2026-10-09T20:00:30.3774241Z Dir::State::extended_states "extended_states";
2026-10-09T20:00:30.3774613Z Dir::State::status "/var/lib/dpkg/status";
2026-10-09T20:00:30.3774939Z Dir::Cache "var/cache/apt";
2026-10-09T20:00:30.3775244Z Dir::Cache::archives "archives/";
2026-10-09T20:00:30.3775583Z Dir::Cache::srcpkgcache "srcpkgcache.bin";
2026-10-09T20:00:30.3775948Z Dir::Cache::pkgcache "pkgcache.bin";
2026-10-09T20:00:30.3776236Z Dir::Etc "etc/apt";
2026-10-09T20:00:30.3776520Z Dir::Etc::sourcelist "sources.list";
2026-10-09T20:00:30.3776861Z Dir::Etc::sourceparts "sources.list.d";
2026-10-09T20:00:30.3777164Z Dir::Etc::main "apt.conf";
2026-10-09T20:00:30.3777439Z Dir::Etc::netrc "auth.conf";
2026-10-09T20:00:30.3777746Z Dir::Etc::netrcparts "auth.conf.d";
2026-10-09T20:00:30.3778057Z Dir::Etc::parts "apt.conf.d";
2026-10-09T20:00:30.3778369Z Dir::Etc::preferences "preferences";
2026-10-09T20:00:30.3778716Z Dir::Etc::preferencesparts "preferences.d";
2026-10-09T20:00:30.3779065Z Dir::Etc::trusted "trusted.gpg";
2026-10-09T20:00:30.3779391Z Dir::Etc::trustedparts "trusted.gpg.d";
2026-10-09T20:00:30.3779674Z Dir::Bin "";
2026-10-09T20:00:30.3779968Z Dir::Bin::methods "/usr/lib/apt/methods";
2026-10-09T20:00:30.3780273Z Dir::Bin::solvers "";
2026-10-09T20:00:30.3780576Z Dir::Bin::solvers:: "/usr/lib/apt/solvers";
2026-10-09T20:00:30.3780880Z Dir::Bin::planners "";
2026-10-09T20:00:30.3781209Z Dir::Bin::planners:: "/usr/lib/apt/planners";
2026-10-09T20:00:30.3781556Z Dir::Bin::dpkg "/usr/bin/dpkg";
2026-10-09T20:00:30.3781937Z Dir::Bin::gzip "/bin/gzip";
2026-10-09T20:00:30.3782227Z Dir::Bin::bzip2 "/bin/bzip2";
2026-10-09T20:00:30.3782509Z Dir::Bin::xz "/usr/bin/xz";
2026-10-09T20:00:30.3782781Z Dir::Bin::lz4 "/usr/bin/lz4";
2026-10-09T20:00:30.3783169Z Dir::Bin::zstd "/usr/bin/zstd";
2026-10-09T20:00:30.3783697Z Dir::Bin::lzma "/usr/bin/xz";
2026-10-09T20:00:30.3783958Z Dir::Media "";
2026-10-09T20:00:30.3784239Z Dir::Media::MountPath "/media/apt";
2026-10-09T20:00:30.3784548Z Dir::Log "var/log/apt";
2026-10-09T20:00:30.3784839Z Dir::Log::Terminal "term.log";
2026-10-09T20:00:30.3785167Z Dir::Log::History "history.log";
2026-10-09T20:00:30.3785489Z Dir::Log::Planner "eipp.log.xz";
2026-10-09T20:00:30.3785799Z Dir::Ignore-Files-Silently "";
2026-10-09T20:00:30.3786119Z Dir::Ignore-Files-Silently:: "~$";
2026-10-09T20:00:30.3786472Z Dir::Ignore-Files-Silently:: "\.disabled$";
2026-10-09T20:00:30.3786837Z Dir::Ignore-Files-Silently:: "\.bak$";
2026-10-09T20:00:30.3787206Z Dir::Ignore-Files-Silently:: "\.dpkg-[a-z]+$";
2026-10-09T20:00:30.3787605Z Dir::Ignore-Files-Silently:: "\.ucf-[a-z]+$";
2026-10-09T20:00:30.3787967Z Dir::Ignore-Files-Silently:: "\.save$";
2026-10-09T20:00:30.3788310Z Dir::Ignore-Files-Silently:: "\.orig$";
2026-10-09T20:00:30.3788679Z Dir::Ignore-Files-Silently:: "\.distUpgrade$";
2026-10-09T20:00:30.3788990Z Acquire "";
2026-10-09T20:00:30.3789266Z Acquire::AllowInsecureRepositories "0";
2026-10-09T20:00:30.3789613Z Acquire::AllowWeakRepositories "0";
2026-10-09T20:00:30.3790008Z Acquire::AllowDowngradeToInsecureRepositories "0";
2026-10-09T20:00:30.3790351Z Acquire::cdrom "";
2026-10-09T20:00:30.3790638Z Acquire::cdrom::mount "/media/cdrom/";
2026-10-09T20:00:30.3790939Z Acquire::IndexTargets "";
2026-10-09T20:00:30.3791231Z Acquire::IndexTargets::deb "";
2026-10-09T20:00:30.3791553Z Acquire::IndexTargets::deb::Packages "";
2026-10-09T20:00:30.3792200Z Acquire::IndexTargets::deb::Packages::MetaKey "$(COMPONENT)/binary-$(ARCHITECTURE)/Packages";
2026-10-09T20:00:30.3792761Z Acquire::IndexTargets::deb::Packages::flatMetaKey "Packages";
2026-10-09T20:00:30.3793240Z Acquire::IndexTargets::deb::Packages::ShortDescription "Packages";
2026-10-09T20:00:30.3794007Z Acquire::IndexTargets::deb::Packages::Description "$(RELEASE)/$(COMPONENT) $(ARCHITECTURE) Packages";
2026-10-09T20:00:30.3794643Z Acquire::IndexTargets::deb::Packages::flatDescription "$(RELEASE) Packages";
2026-10-09T20:00:30.3795109Z Acquire::IndexTargets::deb::Packages::Optional "0";
2026-10-09T20:00:30.3795480Z Acquire::IndexTargets::deb::Translations "";
2026-10-09T20:00:30.3796017Z Acquire::IndexTargets::deb::Translations::MetaKey "$(COMPONENT)/i18n/Translation-$(LANGUAGE)";
2026-10-09T20:00:30.3796601Z Acquire::IndexTargets::deb::Translations::flatMetaKey "$(LANGUAGE)";
2026-10-09T20:00:30.3797164Z Acquire::IndexTargets::deb::Translations::ShortDescription "Translation-$(LANGUAGE)";
2026-10-09T20:00:30.3797858Z Acquire::IndexTargets::deb::Translations::Description "$(RELEASE)/$(COMPONENT) Translation-$(LANGUAGE)";
2026-10-09T20:00:30.3798551Z Acquire::IndexTargets::deb::Translations::flatDescription "$(RELEASE) Translation-$(LANGUAGE)";
2026-10-09T20:00:30.3799036Z Acquire::IndexTargets::deb::DEP-11 "";
2026-10-09T20:00:30.3799589Z Acquire::IndexTargets::deb::DEP-11::MetaKey "$(COMPONENT)/dep11/Components-$(NATIVE_ARCHITECTURE).yml";
2026-10-09T20:00:30.3800310Z Acquire::IndexTargets::deb::DEP-11::ShortDescription "Components-$(NATIVE_ARCHITECTURE)";
2026-10-09T20:00:30.3801023Z Acquire::IndexTargets::deb::DEP-11::Description "$(RELEASE)/$(COMPONENT) $(NATIVE_ARCHITECTURE) Components";
2026-10-09T20:00:30.3801617Z Acquire::IndexTargets::deb::DEP-11::KeepCompressed "true";
2026-10-09T20:00:30.3802068Z Acquire::IndexTargets::deb::DEP-11::KeepCompressedAs "gz";
2026-10-09T20:00:30.3802522Z Acquire::IndexTargets::deb::DEP-11::DefaultEnabled "false";
2026-10-09T20:00:30.3802950Z Acquire::IndexTargets::deb::DEP-11-icons-small "";
2026-10-09T20:00:30.3803685Z Acquire::IndexTargets::deb::DEP-11-icons-small::MetaKey "$(COMPONENT)/dep11/icons-48x48.tar";
2026-10-09T20:00:30.3804429Z Acquire::IndexTargets::deb::DEP-11-icons-small::ShortDescription "icons-48x48";
2026-10-09T20:00:30.3805303Z Acquire::IndexTargets::deb::DEP-11-icons-small::Description "$(RELEASE)/$(COMPONENT) Icons (48x48)";
2026-10-09T20:00:30.3805971Z Acquire::IndexTargets::deb::DEP-11-icons-small::KeepCompressed "true";
2026-10-09T20:00:30.3806506Z Acquire::IndexTargets::deb::DEP-11-icons-small::KeepCompressedAs "gz";
2026-10-09T20:00:30.3807046Z Acquire::IndexTargets::deb::DEP-11-icons-small::DefaultEnabled "false";
2026-10-09T20:00:30.3807515Z Acquire::IndexTargets::deb::DEP-11-icons "";
2026-10-09T20:00:30.3808043Z Acquire::IndexTargets::deb::DEP-11-icons::MetaKey "$(COMPONENT)/dep11/icons-64x64.tar";
2026-10-09T20:00:30.3808656Z Acquire::IndexTargets::deb::DEP-11-icons::ShortDescription "icons-64x64";
2026-10-09T20:00:30.3809305Z Acquire::IndexTargets::deb::DEP-11-icons::Description "$(RELEASE)/$(COMPONENT) Icons (64x64)";
2026-10-09T20:00:30.3809883Z Acquire::IndexTargets::deb::DEP-11-icons::KeepCompressed "true";
2026-10-09T20:00:30.3810389Z Acquire::IndexTargets::deb::DEP-11-icons::KeepCompressedAs "gz";
2026-10-09T20:00:30.3810887Z Acquire::IndexTargets::deb::DEP-11-icons::DefaultEnabled "false";
2026-10-09T20:00:30.3811332Z Acquire::IndexTargets::deb::DEP-11-icons-hidpi "";
2026-10-09T20:00:30.3811913Z Acquire::IndexTargets::deb::DEP-11-icons-hidpi::MetaKey "$(COMPONENT)/dep11/icons-64x64@2.tar";
2026-10-09T20:00:30.3812566Z Acquire::IndexTargets::deb::DEP-11-icons-hidpi::ShortDescription "icons-64x64@2";
2026-10-09T20:00:30.3813254Z Acquire::IndexTargets::deb::DEP-11-icons-hidpi::Description "$(RELEASE)/$(COMPONENT) Icons (64x64@2)";
2026-10-09T20:00:30.3814184Z Acquire::IndexTargets::deb::DEP-11-icons-hidpi::KeepCompressed "true";
2026-10-09T20:00:30.3814745Z Acquire::IndexTargets::deb::DEP-11-icons-hidpi::KeepCompressedAs "gz";
2026-10-09T20:00:30.3815398Z Acquire::IndexTargets::deb::DEP-11-icons-hidpi::DefaultEnabled "false";
2026-10-09T20:00:30.3815888Z Acquire::IndexTargets::deb::DEP-11-icons-large "";
2026-10-09T20:00:30.3816484Z Acquire::IndexTargets::deb::DEP-11-icons-large::MetaKey "$(COMPONENT)/dep11/icons-128x128.tar";
2026-10-09T20:00:30.3817174Z Acquire::IndexTargets::deb::DEP-11-icons-large::ShortDescription "icons-128x128";
2026-10-09T20:00:30.3817919Z Acquire::IndexTargets::deb::DEP-11-icons-large::Description "$(RELEASE)/$(COMPONENT) Icons (128x128)";
2026-10-09T20:00:30.3818557Z Acquire::IndexTargets::deb::DEP-11-icons-large::KeepCompressed "true";
2026-10-09T20:00:30.3819099Z Acquire::IndexTargets::deb::DEP-11-icons-large::KeepCompressedAs "gz";
2026-10-09T20:00:30.3819635Z Acquire::IndexTargets::deb::DEP-11-icons-large::DefaultEnabled "false";
2026-10-09T20:00:30.3820173Z Acquire::IndexTargets::deb::DEP-11-icons-large-hidpi "";
2026-10-09T20:00:30.3820796Z Acquire::IndexTargets::deb::DEP-11-icons-large-hidpi::MetaKey "$(COMPONENT)/dep11/icons-128x128@2.tar";
2026-10-09T20:00:30.3821504Z Acquire::IndexTargets::deb::DEP-11-icons-large-hidpi::ShortDescription "icons-128x128@2";
2026-10-09T20:00:30.3822241Z Acquire::IndexTargets::deb::DEP-11-icons-large-hidpi::Description "$(RELEASE)/$(COMPONENT) Icons (128x128@2)";
2026-10-09T20:00:30.3822913Z Acquire::IndexTargets::deb::DEP-11-icons-large-hidpi::KeepCompressed "true";
2026-10-09T20:00:30.3823700Z Acquire::IndexTargets::deb::DEP-11-icons-large-hidpi::KeepCompressedAs "gz";
2026-10-09T20:00:30.3824293Z Acquire::IndexTargets::deb::DEP-11-icons-large-hidpi::DefaultEnabled "false";
2026-10-09T20:00:30.3824754Z Acquire::IndexTargets::deb::CNF "";
2026-10-09T20:00:30.3825283Z Acquire::IndexTargets::deb::CNF::MetaKey "$(COMPONENT)/cnf/Commands-$(NATIVE_ARCHITECTURE)";
2026-10-09T20:00:30.3825924Z Acquire::IndexTargets::deb::CNF::ShortDescription "Commands-$(NATIVE_ARCHITECTURE)";
2026-10-09T20:00:30.3826647Z Acquire::IndexTargets::deb::CNF::Description "$(RELEASE)/$(COMPONENT) $(NATIVE_ARCHITECTURE) c-n-f Metadata";
2026-10-09T20:00:30.3827194Z Acquire::IndexTargets::deb-src "";
2026-10-09T20:00:30.3827541Z Acquire::IndexTargets::deb-src::Sources "";
2026-10-09T20:00:30.3828037Z Acquire::IndexTargets::deb-src::Sources::MetaKey "$(COMPONENT)/source/Sources";
2026-10-09T20:00:30.3828590Z Acquire::IndexTargets::deb-src::Sources::flatMetaKey "Sources";
2026-10-09T20:00:30.3829154Z Acquire::IndexTargets::deb-src::Sources::ShortDescription "Sources";
2026-10-09T20:00:30.3829729Z Acquire::IndexTargets::deb-src::Sources::Description "$(RELEASE)/$(COMPONENT) Sources";
2026-10-09T20:00:30.3830330Z Acquire::IndexTargets::deb-src::Sources::flatDescription "$(RELEASE) Sources";
2026-10-09T20:00:30.3830818Z Acquire::IndexTargets::deb-src::Sources::Optional "0";
2026-10-09T20:00:30.3831152Z Acquire::Changelogs "";
2026-10-09T20:00:30.3831424Z Acquire::Changelogs::URI "";
2026-10-09T20:00:30.3831730Z Acquire::Changelogs::URI::Origin "";
2026-10-09T20:00:30.3832368Z Acquire::Changelogs::URI::Origin::Debian "https://metadata.ftp-master.debian.org/changelogs/@CHANGEPATH@_changelog";
2026-10-09T20:00:30.3833218Z Acquire::Changelogs::URI::Origin::Ubuntu "https://changelogs.ubuntu.com/changelogs/pool/@CHANGEPATH@/changelog";
2026-10-09T20:00:30.3834008Z Acquire::Changelogs::AlwaysOnline "true";
2026-10-09T20:00:30.3834373Z Acquire::Changelogs::AlwaysOnline::Origin "";
2026-10-09T20:00:30.3834784Z Acquire::Changelogs::AlwaysOnline::Origin::Ubuntu "1";
2026-10-09T20:00:30.3835118Z Acquire::Snapshots "";
2026-10-09T20:00:30.3835377Z Acquire::Snapshots::URI "";
2026-10-09T20:00:30.3835687Z Acquire::Snapshots::URI::Origin "";
2026-10-09T20:00:30.3836230Z Acquire::Snapshots::URI::Origin::Debian "https://snapshot.debian.org/archive/debian/@SNAPSHOTID@/";
2026-10-09T20:00:30.3836920Z Acquire::Snapshots::URI::Origin::Ubuntu "https://snapshot.ubuntu.com/ubuntu/@SNAPSHOTID@/";
2026-10-09T20:00:30.3837639Z Acquire::Snapshots::URI::Override "";
2026-10-09T20:00:30.3838005Z Acquire::Snapshots::URI::Override::Label "";
2026-10-09T20:00:30.3838769Z Acquire::Snapshots::URI::Override::Label::Debian-Security "https://snapshot.debian.org/archive/debian-security/@SNAPSHOTID@/";
2026-10-09T20:00:30.3839357Z Acquire::Snapshots::URI::Host "";
2026-10-09T20:00:30.3839917Z Acquire::Snapshots::URI::Host::archive.ubuntu.com "https://snapshot.ubuntu.com/@PATH@/@SNAPSHOTID@/";
2026-10-09T20:00:30.3840669Z Acquire::Snapshots::URI::Host::deb.debian.org "https://snapshot.debian.org/archive/@PATH@/@SNAPSHOTID@/";
2026-10-09T20:00:30.3841425Z Acquire::Snapshots::URI::Host::.archive.ubuntu.com "https://snapshot.ubuntu.com/@PATH@/@SNAPSHOTID@/";
2026-10-09T20:00:30.3842159Z Acquire::Snapshots::URI::Host::security.ubuntu.com "https://snapshot.ubuntu.com/@PATH@/@SNAPSHOTID@/";
2026-10-09T20:00:30.3842990Z Acquire::Snapshots::URI::Host::ppa.launchpadcontent.net "https://snapshot.ppa.launchpadcontent.net/@PATH@/@SNAPSHOTID@/";
2026-10-09T20:00:30.3844035Z Acquire::Snapshots::URI::Host::ppa.launchpad.net "https://snapshot.ppa.launchpadcontent.net/@PATH@/@SNAPSHOTID@/";
2026-10-09T20:00:30.3844555Z Acquire::http "";
2026-10-09T20:00:30.3844877Z Acquire::http::User-Agent-Non-Interactive "true";
2026-10-09T20:00:30.3845217Z Acquire::http::Timeout "15";
2026-10-09T20:00:30.3845522Z Acquire::http::Pipeline-Depth "0";
2026-10-09T20:00:30.3845842Z Acquire::http::No-Cache "true";
2026-10-09T20:00:30.3846114Z Acquire::Retries "1";
2026-10-09T20:00:30.3846370Z Acquire::https "";
2026-10-09T20:00:30.3846623Z Acquire::https::Timeout "15";
2026-10-09T20:00:30.3846930Z Acquire::https::Pipeline-Depth "0";
2026-10-09T20:00:30.3847256Z Acquire::https::No-Cache "true";
2026-10-09T20:00:30.3847542Z Acquire::BrokenProxy "true";
2026-10-09T20:00:30.3847808Z Acquire::Languages "";
2026-10-09T20:00:30.3848069Z Acquire::Languages:: "en";
2026-10-09T20:00:30.3848335Z Acquire::Languages:: "none";
2026-10-09T20:00:30.3848611Z Acquire::CompressionTypes "";
2026-10-09T20:00:30.3848917Z Acquire::CompressionTypes::xz "xz";
2026-10-09T20:00:30.3849256Z Acquire::CompressionTypes::bz2 "bzip2";
2026-10-09T20:00:30.3849597Z Acquire::CompressionTypes::lzma "lzma";
2026-10-09T20:00:30.3849925Z Acquire::CompressionTypes::gz "gzip";
2026-10-09T20:00:30.3850257Z Acquire::CompressionTypes::lz4 "lz4";
2026-10-09T20:00:30.3850581Z Acquire::CompressionTypes::zst "zstd";
2026-10-09T20:00:30.3850845Z DPkg "";
2026-10-09T20:00:30.3851126Z DPkg::Path "/usr/sbin:/usr/bin:/sbin:/bin";
2026-10-09T20:00:30.3851559Z DPkg::Options "";
2026-10-09T20:00:30.3851841Z DPkg::Options:: "--force-confdef";
2026-10-09T20:00:30.3852153Z DPkg::Options:: "--force-confold";
2026-10-09T20:00:30.3852477Z DPkg::Options:: "--force-unsafe-io";
2026-10-09T20:00:30.3852798Z DPkg::Options:: "--force-confdef";
2026-10-09T20:00:30.3853107Z DPkg::Options:: "--force-confold";
2026-10-09T20:00:30.3853684Z DPkg::Post-Invoke "";
2026-10-09T20:00:30.3855885Z DPkg::Post-Invoke:: "/usr/bin/test -e /usr/share/dbus-1/system-services/org.freedesktop.PackageKit.service && /usr/bin/test -S /var/run/dbus/system_bus_socket && /usr/bin/gdbus call --system --dest org.freedesktop.PackageKit --object-path /org/freedesktop/PackageKit --timeout 4 --method org.freedesktop.PackageKit.StateHasChanged cache-update > /dev/null; /bin/echo > /dev/null";
2026-10-09T20:00:30.3857624Z DPkg::Post-Invoke:: "test -x /usr/lib/needrestart/apt-pinvoke && /usr/lib/needrestart/apt-pinvoke -m u || true";
2026-10-09T20:00:30.3858804Z DPkg::Post-Invoke:: "if [ -d /var/lib/update-notifier ]; then touch /var/lib/update-notifier/dpkg-run-stamp; fi; /usr/lib/update-notifier/update-motd-updates-available 2>/dev/null || true";
2026-10-09T20:00:30.3859543Z DPkg::Pre-Install-Pkgs "";
2026-10-09T20:00:30.3859968Z DPkg::Pre-Install-Pkgs:: "/usr/sbin/dpkg-preconfigure --apt || true";
2026-10-09T20:00:30.3860361Z binary "apt-config";
2026-10-09T20:00:30.3860598Z binary::apt "";
2026-10-09T20:00:30.3860842Z binary::apt::AptCli "";
2026-10-09T20:00:30.3861235Z binary::apt::AptCli::Hooks "";
2026-10-09T20:00:30.3861653Z binary::apt::AptCli::Hooks::Upgrade "";
2026-10-09T20:00:30.3862830Z binary::apt::AptCli::Hooks::Upgrade:: "[ ! -f /usr/lib/ubuntu-advantage/apt-esm-json-hook ] || [ $(id -u) -ne 0 ] || /usr/lib/ubuntu-advantage/apt-esm-json-hook 2>> /var/log/ubuntu-advantage-apt-hook.log || true";
2026-10-09T20:00:30.3863968Z binary::apt::AptCli::Hooks::Install "";
2026-10-09T20:00:30.3864840Z binary::apt::AptCli::Hooks::Install:: "[ ! -f /usr/bin/snap ] || /usr/bin/snap advise-snap --from-apt 2>/dev/null || true";
2026-10-09T20:00:30.3865525Z binary::apt::APT "";
2026-10-09T20:00:30.3865813Z binary::apt::APT::Color "1";
2026-10-09T20:00:30.3866089Z binary::apt::APT::Cache "";
2026-10-09T20:00:30.3866384Z binary::apt::APT::Cache::Show "";
2026-10-09T20:00:30.3866720Z binary::apt::APT::Cache::Show::Version "2";
2026-10-09T20:00:30.3867071Z binary::apt::APT::Cache::AllVersions "0";
2026-10-09T20:00:30.3867416Z binary::apt::APT::Cache::ShowVirtuals "1";
2026-10-09T20:00:30.3867759Z binary::apt::APT::Cache::Search "";
2026-10-09T20:00:30.3868205Z binary::apt::APT::Cache::Search::Version "2";
2026-10-09T20:00:30.3868681Z binary::apt::APT::Cache::ShowDependencyType "1";
2026-10-09T20:00:30.3869138Z binary::apt::APT::Cache::ShowVersion "1";
2026-10-09T20:00:30.3869568Z binary::apt::APT::Get "";
2026-10-09T20:00:30.3869945Z binary::apt::APT::Get::Upgrade-Allow-New "1";
2026-10-09T20:00:30.3870392Z binary::apt::APT::Get::Update "";
2026-10-09T20:00:30.3871110Z binary::apt::APT::Get::Update::InteractiveReleaseInfoChanges "1";
2026-10-09T20:00:30.3871502Z binary::apt::APT::Cmd "";
2026-10-09T20:00:30.3871820Z binary::apt::APT::Cmd::Show-Update-Stats "1";
2026-10-09T20:00:30.3872180Z binary::apt::APT::Cmd::Pattern-Only "1";
2026-10-09T20:00:30.3873042Z binary::apt::APT::Keep-Downloaded-Packages "0";
2026-10-09T20:00:30.3873563Z binary::apt::DPkg "";
2026-10-09T20:00:30.3873988Z binary::apt::DPkg::Progress-Fancy "1";
2026-10-09T20:00:30.3874287Z binary::apt::DPkg::Lock "";
2026-10-09T20:00:30.3874597Z binary::apt::DPkg::Lock::Timeout "120";
2026-10-09T20:00:30.3874883Z CommandLine "";
2026-10-09T20:00:30.3875189Z CommandLine::AsString "apt-config dump";
2026-10-09T20:00:30.3880768Z ##[end-action id=__self.__run;outcome=success;conclusion=success;duration_ms=65]
2026-10-09T20:00:30.3907550Z ##[group]Run sudo apt-get update && sudo apt-get install -y build-essential zstd m4
2026-10-09T20:00:30.3908134Z [36;1msudo apt-get update && sudo apt-get install -y build-essential zstd m4[0m
2026-10-09T20:00:30.3952301Z shell: /usr/bin/bash -e {0}
2026-10-09T20:00:30.3952612Z env:
2026-10-09T20:00:30.3952861Z   NODE_VERSION: 22
2026-10-09T20:00:30.3953236Z   LEAN_BRIDGE_CONSUMER_PERFORMANCE_DIR: build/consumer-ci/performance
2026-10-09T20:00:30.3953792Z   TMPDIR: /home/runner/work/_temp
2026-10-09T20:00:30.3954183Z   NIX_PROFILES: /nix/var/nix/profiles/default /home/runner/.nix-profile
2026-10-09T20:00:30.3954639Z   NIX_SSL_CERT_FILE: /etc/ssl/certs/ca-certificates.crt
2026-10-09T20:00:30.3955105Z ##[endgroup]
2026-10-09T20:00:30.8114931Z Get:1 https://packages.microsoft.com/ubuntu/24.04/prod noble InRelease [3600 B]
2026-10-09T20:00:30.8900314Z Get:2 file:/etc/apt/apt-mirrors.txt Mirrorlist [144 B]
2026-10-09T20:00:30.9408557Z Hit:3 http://azure.archive.ubuntu.com/ubuntu noble InRelease
2026-10-09T20:00:30.9459144Z Get:4 http://azure.archive.ubuntu.com/ubuntu noble-updates InRelease [126 kB]
2026-10-09T20:00:31.0238582Z Get:5 http://azure.archive.ubuntu.com/ubuntu noble-backports InRelease [126 kB]
2026-10-09T20:00:31.0763945Z Get:6 http://azure.archive.ubuntu.com/ubuntu noble-security InRelease [126 kB]
2026-10-09T20:00:31.2188008Z Get:7 https://packages.microsoft.com/ubuntu/24.04/prod noble/main all Packages [640 B]
2026-10-09T20:00:31.3244836Z Get:8 https://packages.microsoft.com/ubuntu/24.04/prod noble/main amd64 Packages [531 kB]
2026-10-09T20:00:31.3578501Z Get:9 https://packages.microsoft.com/ubuntu/24.04/prod noble/main arm64 Packages [475 kB]
2026-10-09T20:00:31.3685489Z Get:10 https://packages.microsoft.com/ubuntu/24.04/prod noble/main armhf Packages [12.3 kB]
2026-10-09T20:00:31.3811137Z Get:11 http://azure.archive.ubuntu.com/ubuntu noble-updates/main amd64 Packages [1375 kB]
2026-10-09T20:00:31.4135550Z Get:12 http://azure.archive.ubuntu.com/ubuntu noble-updates/main Translation-en [306 kB]
2026-10-09T20:00:31.4249423Z Get:13 http://azure.archive.ubuntu.com/ubuntu noble-updates/universe amd64 Packages [1702 kB]
2026-10-09T20:00:31.4544192Z Get:14 http://azure.archive.ubuntu.com/ubuntu noble-updates/universe Translation-en [342 kB]
2026-10-09T20:00:31.4631629Z Get:15 http://azure.archive.ubuntu.com/ubuntu noble-updates/restricted amd64 Packages [1761 kB]
2026-10-09T20:00:31.4731566Z Get:16 http://azure.archive.ubuntu.com/ubuntu noble-updates/restricted Translation-en [401 kB]
2026-10-09T20:00:31.4830207Z Get:17 http://azure.archive.ubuntu.com/ubuntu noble-updates/multiverse amd64 Packages [55.0 kB]
2026-10-09T20:00:31.4930206Z Get:18 http://azure.archive.ubuntu.com/ubuntu noble-updates/multiverse Translation-en [14.3 kB]
2026-10-09T20:00:31.5030244Z Get:19 http://azure.archive.ubuntu.com/ubuntu noble-security/main amd64 Packages [1121 kB]
2026-10-09T20:00:31.5135041Z Get:20 http://azure.archive.ubuntu.com/ubuntu noble-security/main Translation-en [228 kB]
2026-10-09T20:00:31.5652192Z Get:21 http://azure.archive.ubuntu.com/ubuntu noble-security/universe amd64 Packages [1220 kB]
2026-10-09T20:00:31.5735114Z Get:22 http://azure.archive.ubuntu.com/ubuntu noble-security/universe Translation-en [245 kB]
2026-10-09T20:00:31.5830767Z Get:23 http://azure.archive.ubuntu.com/ubuntu noble-security/restricted amd64 Packages [1669 kB]
2026-10-09T20:00:31.6344505Z Get:24 http://azure.archive.ubuntu.com/ubuntu noble-security/restricted Translation-en [383 kB]
2026-10-09T20:00:31.6537753Z Get:25 http://azure.archive.ubuntu.com/ubuntu noble-security/multiverse amd64 Packages [49.8 kB]
2026-10-09T20:00:31.6737801Z Get:26 http://azure.archive.ubuntu.com/ubuntu noble-security/multiverse Translation-en [12.4 kB]
2026-10-09T20:00:34.9915834Z Fetched 12.3 MB in 2s (6496 kB/s)
2026-10-09T20:00:35.8896018Z Reading package lists...
2026-10-09T20:00:35.9234816Z Reading package lists...
2026-10-09T20:00:36.1216066Z Building dependency tree...
2026-10-09T20:00:36.1222134Z Reading state information...
2026-10-09T20:00:36.3135260Z zstd is already the newest version (1.5.5+dfsg2-2build1.1).
2026-10-09T20:00:36.3136058Z zstd set to manually installed.
2026-10-09T20:00:36.3136555Z m4 is already the newest version (1.4.19-4build1).
2026-10-09T20:00:36.3137109Z The following NEW packages will be installed:
2026-10-09T20:00:36.3142685Z   build-essential
2026-10-09T20:00:36.3312154Z 0 upgraded, 1 newly installed, 0 to remove and 23 not upgraded.
2026-10-09T20:00:36.3312623Z Need to get 4928 B of archives.
2026-10-09T20:00:36.3313060Z After this operation, 17.4 kB of additional disk space will be used.
2026-10-09T20:00:36.3313705Z Get:1 file:/etc/apt/apt-mirrors.txt Mirrorlist [144 B]
2026-10-09T20:00:36.3967681Z Get:2 http://azure.archive.ubuntu.com/ubuntu noble/main amd64 build-essential amd64 12.10ubuntu1 [4928 B]
2026-10-09T20:00:36.6987191Z Fetched 4928 B in 0s (66.1 kB/s)
2026-10-09T20:00:36.7221645Z Selecting previously unselected package build-essential.
2026-10-09T20:00:36.7570648Z (Reading database ... 
2026-10-09T20:00:36.7571087Z (Reading database ... 5%
2026-10-09T20:00:36.7571431Z (Reading database ... 10%
2026-10-09T20:00:36.7571738Z (Reading database ... 15%
2026-10-09T20:00:36.7572010Z (Reading database ... 20%
2026-10-09T20:00:36.7572288Z (Reading database ... 25%
2026-10-09T20:00:36.7572568Z (Reading database ... 30%
2026-10-09T20:00:36.7572836Z (Reading database ... 35%
2026-10-09T20:00:36.7573108Z (Reading database ... 40%
2026-10-09T20:00:36.7573674Z (Reading database ... 45%
2026-10-09T20:00:36.7573967Z (Reading database ... 50%
2026-10-09T20:00:36.7612262Z (Reading database ... 55%
2026-10-09T20:00:36.8587538Z (Reading database ... 60%
2026-10-09T20:00:37.0241881Z (Reading database ... 65%
2026-10-09T20:00:37.2098569Z (Reading database ... 70%
2026-10-09T20:00:37.4102801Z (Reading database ... 75%
2026-10-09T20:00:37.5687676Z (Reading database ... 80%
2026-10-09T20:00:37.7149855Z (Reading database ... 85%
2026-10-09T20:00:37.9175110Z (Reading database ... 90%
2026-10-09T20:00:38.0605378Z (Reading database ... 95%
2026-10-09T20:00:38.0605914Z (Reading database ... 100%
2026-10-09T20:00:38.0606599Z (Reading database ... 203191 files and directories currently installed.)
2026-10-09T20:00:38.0650432Z Preparing to unpack .../build-essential_12.10ubuntu1_amd64.deb ...
2026-10-09T20:00:38.0670560Z Unpacking build-essential (12.10ubuntu1) ...
2026-10-09T20:00:38.1011482Z Setting up build-essential (12.10ubuntu1) ...
2026-10-09T20:00:38.6690673Z 
2026-10-09T20:00:38.6691562Z Running kernel seems to be up-to-date.
2026-10-09T20:00:38.6692020Z 
2026-10-09T20:00:38.6692322Z No services need to be restarted.
2026-10-09T20:00:38.6692616Z 
2026-10-09T20:00:38.6693087Z No containers need to be restarted.
2026-10-09T20:00:38.6693600Z 
2026-10-09T20:00:38.6693884Z No user sessions are running outdated binaries.
2026-10-09T20:00:38.6694213Z 
2026-10-09T20:00:38.6694617Z No VM guests are running outdated hypervisor (qemu) binaries on this host.
2026-10-09T20:00:39.6573864Z ##[group]Run bash scripts/bootstrap-toolchains.sh --lean-only
2026-10-09T20:00:39.6574350Z [36;1mbash scripts/bootstrap-toolchains.sh --lean-only[0m
2026-10-09T20:00:39.6615549Z shell: /usr/bin/bash -e {0}
2026-10-09T20:00:39.6615838Z env:
2026-10-09T20:00:39.6616060Z   NODE_VERSION: 22
2026-10-09T20:00:39.6616387Z   LEAN_BRIDGE_CONSUMER_PERFORMANCE_DIR: build/consumer-ci/performance
2026-10-09T20:00:39.6616767Z   TMPDIR: /home/runner/work/_temp
2026-10-09T20:00:39.6617126Z   NIX_PROFILES: /nix/var/nix/profiles/default /home/runner/.nix-profile
2026-10-09T20:00:39.6617540Z   NIX_SSL_CERT_FILE: /etc/ssl/certs/ca-certificates.crt
2026-10-09T20:00:39.6617841Z ##[endgroup]
2026-10-09T20:00:40.0498134Z /home/runner/work/lean-bridge/lean-bridge/.toolchains/downloads/elan-x86_64-unknown-linux-gnu.tar.gz: OK
2026-10-09T20:00:40.3859495Z info: Version 4.2.4 of elan is available! Use `elan self update` to update.
2026-10-09T20:00:40.7593574Z info: downloading https://releases.lean-lang.org/lean4/v4.32.2/lean-4.32.2-linux.tar.zst
2026-10-09T20:00:46.6028243Z info: installing /home/runner/work/lean-bridge/lean-bridge/.toolchains/elan/toolchains/leanprover--lean4---v4.32.2
2026-10-09T20:00:53.0148445Z 
2026-10-09T20:00:53.1658795Z leanprover/lean4:v4.32.2 installed - Lean (version 4.32.2, x86_64-unknown-linux-gnu, commit f3b06c705e6c85f5314019d5d3baab0fec5b580c, Release)
2026-10-09T20:00:53.1659889Z 
2026-10-09T20:00:53.4855308Z info: default toolchain set to 'leanprover/lean4:v4.32.2'
2026-10-09T20:00:53.5561582Z ##[group]Run sudo apt-get install -y ripgrep
2026-10-09T20:00:53.5562146Z [36;1msudo apt-get install -y ripgrep[0m
2026-10-09T20:00:53.5606528Z shell: /usr/bin/bash -e {0}
2026-10-09T20:00:53.5606819Z env:
2026-10-09T20:00:53.5607045Z   NODE_VERSION: 22
2026-10-09T20:00:53.5607381Z   LEAN_BRIDGE_CONSUMER_PERFORMANCE_DIR: build/consumer-ci/performance
2026-10-09T20:00:53.5607778Z   TMPDIR: /home/runner/work/_temp
2026-10-09T20:00:53.5608164Z   NIX_PROFILES: /nix/var/nix/profiles/default /home/runner/.nix-profile
2026-10-09T20:00:53.5608584Z   NIX_SSL_CERT_FILE: /etc/ssl/certs/ca-certificates.crt
2026-10-09T20:00:53.5608894Z ##[endgroup]
2026-10-09T20:00:53.7714717Z Reading package lists...
2026-10-09T20:00:53.9545832Z Building dependency tree...
2026-10-09T20:00:53.9553738Z Reading state information...
2026-10-09T20:00:54.1408577Z The following NEW packages will be installed:
2026-10-09T20:00:54.1409177Z   ripgrep
2026-10-09T20:00:54.1580885Z 0 upgraded, 1 newly installed, 0 to remove and 23 not upgraded.
2026-10-09T20:00:54.1581559Z Need to get 1551 kB of archives.
2026-10-09T20:00:54.1582133Z After this operation, 5335 kB of additional disk space will be used.
2026-10-09T20:00:54.1582779Z Get:1 file:/etc/apt/apt-mirrors.txt Mirrorlist [144 B]
2026-10-09T20:00:54.2274644Z Get:2 http://azure.archive.ubuntu.com/ubuntu noble/universe amd64 ripgrep amd64 14.1.0-1 [1551 kB]
2026-10-09T20:00:54.5417173Z Fetched 1551 kB in 0s (14.5 MB/s)
2026-10-09T20:00:54.6564533Z Selecting previously unselected package ripgrep.
2026-10-09T20:00:54.6599367Z (Reading database ... 
2026-10-09T20:00:54.6599929Z (Reading database ... 5%
2026-10-09T20:00:54.6600563Z (Reading database ... 10%
2026-10-09T20:00:54.6601203Z (Reading database ... 15%
2026-10-09T20:00:54.6601827Z (Reading database ... 20%
2026-10-09T20:00:54.6602438Z (Reading database ... 25%
2026-10-09T20:00:54.6603052Z (Reading database ... 30%
2026-10-09T20:00:54.6603846Z (Reading database ... 35%
2026-10-09T20:00:54.6604488Z (Reading database ... 40%
2026-10-09T20:00:54.6605084Z (Reading database ... 45%
2026-10-09T20:00:54.6605641Z (Reading database ... 50%
2026-10-09T20:00:54.6620991Z (Reading database ... 55%
2026-10-09T20:00:54.6728429Z (Reading database ... 60%
2026-10-09T20:00:54.6753892Z (Reading database ... 65%
2026-10-09T20:00:54.6772121Z (Reading database ... 70%
2026-10-09T20:00:54.6806742Z (Reading database ... 75%
2026-10-09T20:00:54.6829337Z (Reading database ... 80%
2026-10-09T20:00:54.6975172Z (Reading database ... 85%
2026-10-09T20:00:54.7051788Z (Reading database ... 90%
2026-10-09T20:00:54.7306633Z (Reading database ... 95%
2026-10-09T20:00:54.7307048Z (Reading database ... 100%
2026-10-09T20:00:54.7307491Z (Reading database ... 203200 files and directories currently installed.)
2026-10-09T20:00:54.7352464Z Preparing to unpack .../ripgrep_14.1.0-1_amd64.deb ...
2026-10-09T20:00:54.7769312Z Unpacking ripgrep (14.1.0-1) ...
2026-10-09T20:00:55.6243784Z Setting up ripgrep (14.1.0-1) ...
2026-10-09T20:00:55.9260428Z Processing triggers for man-db (2.12.0-4build2) ...
2026-10-09T20:00:56.0357531Z Not building database; man-db/auto-update is not 'true'.
2026-10-09T20:00:56.8870965Z 
2026-10-09T20:00:56.8871653Z Running kernel seems to be up-to-date.
2026-10-09T20:00:56.8872041Z 
2026-10-09T20:00:56.8872265Z No services need to be restarted.
2026-10-09T20:00:56.8872533Z 
2026-10-09T20:00:56.8872730Z No containers need to be restarted.
2026-10-09T20:00:56.8872991Z 
2026-10-09T20:00:56.8873457Z No user sessions are running outdated binaries.
2026-10-09T20:00:56.8873782Z 
2026-10-09T20:00:56.8874165Z No VM guests are running outdated hypervisor (qemu) binaries on this host.
2026-10-09T20:00:58.5096994Z ##[group]Run ruby/setup-ruby@v1
2026-10-09T20:00:58.5097295Z with:
2026-10-09T20:00:58.5097526Z   ruby-version: 3.3.12
2026-10-09T20:00:58.5097781Z   bundler-cache: false
2026-10-09T20:00:58.5100558Z   token: ***
2026-10-09T20:00:58.5100779Z env:
2026-10-09T20:00:58.5100997Z   NODE_VERSION: 22
2026-10-09T20:00:58.5101334Z   LEAN_BRIDGE_CONSUMER_PERFORMANCE_DIR: build/consumer-ci/performance
2026-10-09T20:00:58.5101743Z   TMPDIR: /home/runner/work/_temp
2026-10-09T20:00:58.5102124Z   NIX_PROFILES: /nix/var/nix/profiles/default /home/runner/.nix-profile
2026-10-09T20:00:58.5102579Z   NIX_SSL_CERT_FILE: /etc/ssl/certs/ca-certificates.crt
2026-10-09T20:00:58.5102913Z ##[endgroup]
2026-10-09T20:00:58.8465253Z ##[group]Modifying PATH
2026-10-09T20:00:58.8465940Z Entries added to PATH to use selected Ruby:
2026-10-09T20:00:58.8467071Z   /opt/hostedtoolcache/Ruby/3.3.12/x64/bin
2026-10-09T20:00:58.8471487Z ##[endgroup]
2026-10-09T20:00:58.8484272Z ##[group]Print Ruby version
2026-10-09T20:00:58.8611744Z [command]/opt/hostedtoolcache/Ruby/3.3.12/x64/bin/ruby --version
2026-10-09T20:00:59.3764960Z ruby 3.3.12 (2026-07-16 revision 0581089df9) [x86_64-linux]
2026-10-09T20:00:59.3791949Z Took   0.53 seconds
2026-10-09T20:00:59.3792710Z ##[endgroup]
2026-10-09T20:00:59.3793666Z ##[group]Installing Bundler
2026-10-09T20:00:59.3797610Z Using Bundler shipped with ruby-3.3.12
2026-10-09T20:00:59.3798108Z Took   0.00 seconds
2026-10-09T20:00:59.3798732Z ##[endgroup]
2026-10-09T20:00:59.3888383Z ##[group]Run export LEAN_BRIDGE_RUBY="$(command -v ruby)"
2026-10-09T20:00:59.3888814Z [36;1mexport LEAN_BRIDGE_RUBY="$(command -v ruby)"[0m
2026-10-09T20:00:59.3889152Z [36;1mexport LEAN_BRIDGE_GEM="$(command -v gem)"[0m
2026-10-09T20:00:59.3889458Z [36;1msource scripts/env.sh[0m
2026-10-09T20:00:59.3889887Z [36;1mnode --test tests/native-ruby.test.mjs[0m
2026-10-09T20:00:59.3932789Z shell: /usr/bin/bash -e {0}
2026-10-09T20:00:59.3933073Z env:
2026-10-09T20:00:59.3933611Z   NODE_VERSION: 22
2026-10-09T20:00:59.3933960Z   LEAN_BRIDGE_CONSUMER_PERFORMANCE_DIR: build/consumer-ci/performance
2026-10-09T20:00:59.3934357Z   TMPDIR: /home/runner/work/_temp
2026-10-09T20:00:59.3934719Z   NIX_PROFILES: /nix/var/nix/profiles/default /home/runner/.nix-profile
2026-10-09T20:00:59.3935143Z   NIX_SSL_CERT_FILE: /etc/ssl/certs/ca-certificates.crt
2026-10-09T20:00:59.3935468Z   LEAN_BRIDGE_NATIVE_RUBY_TEST: 1
2026-10-09T20:00:59.3936025Z ##[endgroup]
2026-10-09T20:00:59.4428089Z TAP version 13
2026-10-09T20:00:59.8418108Z # Subtest: ordinary Ruby generation is source-named, deterministic and keeps Fiddle private
2026-10-09T20:00:59.8421901Z ok 1 - ordinary Ruby generation is source-named, deterministic and keeps Fiddle private
2026-10-09T20:00:59.8422633Z   ---
2026-10-09T20:00:59.8422953Z   duration_ms: 23.188228
2026-10-09T20:00:59.8423509Z   type: 'test'
2026-10-09T20:00:59.8423836Z   ...
2026-10-09T20:00:59.8427495Z # Subtest: ordinary Ruby admission rejects reserved names and normalized gem versions
2026-10-09T20:00:59.8430715Z ok 2 - ordinary Ruby admission rejects reserved names and normalized gem versions
2026-10-09T20:00:59.8431143Z   ---
2026-10-09T20:00:59.8431389Z   duration_ms: 12.33565
2026-10-09T20:00:59.8431635Z   type: 'test'
2026-10-09T20:00:59.8431845Z   ...
2026-10-09T20:09:46.4940650Z # Subtest: ordinary gems reproduce and run without Lean or an extension build
2026-10-09T20:09:46.4942864Z ok 3 - ordinary gems reproduce and run without Lean or an extension build
2026-10-09T20:09:46.4943651Z   ---
2026-10-09T20:09:46.4943936Z   duration_ms: 526654.238298
2026-10-09T20:09:46.4944275Z   type: 'test'
2026-10-09T20:09:46.4944904Z   ...
2026-10-09T20:09:46.4946863Z # {\\n  "archives": [\\n    {\\n      "path": "willow-api-2.0.0.rc.1-x86_64-linux.gem",\\n      "sha256": "72e9fb08bd63fe9eb95131ee8a6cf393a5eadae4f8c5510d896318e396c4b64c"\\n    },\\n    {\\n      "path": "willow-0.0.0-local-c.tar.gz",\\n      "sha256": "f2bc8646f7533fd74c4fd8286cd04e5f45538653066c4f87c8da10276ace361b"\\n    }\\n  ],\\n  "project": "Willow"\\n}
2026-10-09T20:09:46.4950041Z # {\\n  "archives": [\\n    {\\n      "path": "aspen-api-2.0.0.rc.1-x86_64-linux.gem",\\n      "sha256": "7f6a0b8f6ecd75edeb755b503caf5a7e887dff68ec3e6283fab3bc7c17b1e917"\\n    },\\n    {\\n      "path": "aspen-0.0.0-local-c.tar.gz",\\n      "sha256": "3c13a44ee7215d4d58e0d4c28467090932249dc212e179375a9561b5634eaf1e"\\n    }\\n  ],\\n  "project": "Aspen"\\n}
2026-10-09T20:11:34.6118009Z # Subtest: ordinary gem packaging failure leaves no partial release
2026-10-09T20:11:34.6119213Z ok 4 - ordinary gem packaging failure leaves no partial release
2026-10-09T20:11:34.6119818Z   ---
2026-10-09T20:11:34.6122709Z   duration_ms: 108117.908846
2026-10-09T20:11:34.6123100Z   type: 'test'
2026-10-09T20:11:34.6123536Z   ...
2026-10-09T20:11:34.6269491Z 1..4
2026-10-09T20:11:34.6269865Z # tests 4
2026-10-09T20:11:34.6270264Z # suites 0
2026-10-09T20:11:34.6270847Z # pass 4
2026-10-09T20:11:34.6271216Z # fail 0
2026-10-09T20:11:34.6271573Z # cancelled 0
2026-10-09T20:11:34.6272065Z # skipped 0
2026-10-09T20:11:34.6272486Z # todo 0
2026-10-09T20:11:34.6272948Z # duration_ms 635195.496111
2026-10-09T20:11:34.6350223Z ##[group]Run sudo apt-get install -y python3-venv pkg-config gdb
2026-10-09T20:11:34.6350809Z [36;1msudo apt-get install -y python3-venv pkg-config gdb[0m
2026-10-09T20:11:34.6351504Z [36;1m# Installed Ruby Fin entry counters run the probe as GDB's own child; record the debugger and ptrace policy.[0m
2026-10-09T20:11:34.6352133Z [36;1mtest -x /usr/bin/gdb[0m
2026-10-09T20:11:34.6352497Z [36;1m/usr/bin/gdb --version[0m
2026-10-09T20:11:34.6352896Z [36;1mcat /proc/sys/kernel/yama/ptrace_scope[0m
2026-10-09T20:11:34.6400059Z shell: /usr/bin/bash -e {0}
2026-10-09T20:11:34.6400447Z env:
2026-10-09T20:11:34.6400776Z   NODE_VERSION: 22
2026-10-09T20:11:34.6401202Z   LEAN_BRIDGE_CONSUMER_PERFORMANCE_DIR: build/consumer-ci/performance
2026-10-09T20:11:34.6401895Z   TMPDIR: /home/runner/work/_temp
2026-10-09T20:11:34.6402365Z   NIX_PROFILES: /nix/var/nix/profiles/default /home/runner/.nix-profile
2026-10-09T20:11:34.6402987Z   NIX_SSL_CERT_FILE: /etc/ssl/certs/ca-certificates.crt
2026-10-09T20:11:34.6403679Z ##[endgroup]
2026-10-09T20:11:34.6683424Z Reading package lists...
2026-10-09T20:11:34.8842887Z Building dependency tree...
2026-10-09T20:11:34.8850013Z Reading state information...
2026-10-09T20:11:35.0760753Z python3-venv is already the newest version (3.12.3-0ubuntu2.1).
2026-10-09T20:11:35.0761396Z pkg-config is already the newest version (1.8.1-2build1).
2026-10-09T20:11:35.0762107Z The following additional packages will be installed:
2026-10-09T20:11:35.0765289Z   libbabeltrace1 libc6-dbg libdebuginfod-common libdebuginfod1t64 libipt2
2026-10-09T20:11:35.0769262Z   libsource-highlight-common libsource-highlight4t64
2026-10-09T20:11:35.0776612Z Suggested packages:
2026-10-09T20:11:35.0777138Z   gdb-doc gdbserver
2026-10-09T20:11:35.0991113Z The following NEW packages will be installed:
2026-10-09T20:11:35.0996261Z   gdb libbabeltrace1 libc6-dbg libdebuginfod-common libdebuginfod1t64 libipt2
2026-10-09T20:11:35.1000185Z   libsource-highlight-common libsource-highlight4t64
2026-10-09T20:11:35.1186729Z 0 upgraded, 8 newly installed, 0 to remove and 23 not upgraded.
2026-10-09T20:11:35.1187451Z Need to get 12.1 MB of archives.
2026-10-09T20:11:35.1188165Z After this operation, 23.8 MB of additional disk space will be used.
2026-10-09T20:11:35.1188965Z Get:1 file:/etc/apt/apt-mirrors.txt Mirrorlist [144 B]
2026-10-09T20:11:35.2766433Z Get:2 http://azure.archive.ubuntu.com/ubuntu noble-updates/main amd64 libdebuginfod-common all 0.190-1.1ubuntu0.1 [14.6 kB]
2026-10-09T20:11:35.3151046Z Get:3 http://azure.archive.ubuntu.com/ubuntu noble/main amd64 libbabeltrace1 amd64 1.5.11-3build3 [164 kB]
2026-10-09T20:11:35.3536046Z Get:4 http://azure.archive.ubuntu.com/ubuntu noble-updates/main amd64 libdebuginfod1t64 amd64 0.190-1.1ubuntu0.1 [17.1 kB]
2026-10-09T20:11:35.3819832Z Get:5 http://azure.archive.ubuntu.com/ubuntu noble/main amd64 libipt2 amd64 2.0.6-1build1 [45.7 kB]
2026-10-09T20:11:35.4109070Z Get:6 http://azure.archive.ubuntu.com/ubuntu noble/main amd64 libsource-highlight-common all 3.1.9-4.3build1 [64.2 kB]
2026-10-09T20:11:35.4396306Z Get:7 http://azure.archive.ubuntu.com/ubuntu noble/main amd64 libsource-highlight4t64 amd64 3.1.9-4.3build1 [258 kB]
2026-10-09T20:11:35.4695304Z Get:8 http://azure.archive.ubuntu.com/ubuntu noble-updates/main amd64 gdb amd64 15.1-1ubuntu1~24.04.1 [4083 kB]
2026-10-09T20:11:35.5397001Z Get:9 http://azure.archive.ubuntu.com/ubuntu noble-updates/main amd64 libc6-dbg amd64 2.39-0ubuntu8.9 [7474 kB]
2026-10-09T20:11:35.8631430Z Preconfiguring packages ...
2026-10-09T20:11:35.9197677Z Fetched 12.1 MB in 1s (23.6 MB/s)
2026-10-09T20:11:35.9408492Z Selecting previously unselected package libdebuginfod-common.
2026-10-09T20:11:35.9444237Z (Reading database ... 
2026-10-09T20:11:35.9444976Z (Reading database ... 5%
2026-10-09T20:11:35.9445529Z (Reading database ... 10%
2026-10-09T20:11:35.9446181Z (Reading database ... 15%
2026-10-09T20:11:35.9446781Z (Reading database ... 20%
2026-10-09T20:11:35.9447350Z (Reading database ... 25%
2026-10-09T20:11:35.9448112Z (Reading database ... 30%
2026-10-09T20:11:35.9448491Z (Reading database ... 35%
2026-10-09T20:11:35.9449046Z (Reading database ... 40%
2026-10-09T20:11:35.9449493Z (Reading database ... 45%
2026-10-09T20:11:35.9449906Z (Reading database ... 50%
2026-10-09T20:11:35.9505453Z (Reading database ... 55%
2026-10-09T20:11:36.0627944Z (Reading database ... 60%
2026-10-09T20:11:36.2247985Z (Reading database ... 65%
2026-10-09T20:11:36.4104216Z (Reading database ... 70%
2026-10-09T20:11:36.6109500Z (Reading database ... 75%
2026-10-09T20:11:36.7128046Z (Reading database ... 80%
2026-10-09T20:11:36.9116653Z (Reading database ... 85%
2026-10-09T20:11:37.0585634Z (Reading database ... 90%
2026-10-09T20:11:37.2137705Z (Reading database ... 95%
2026-10-09T20:11:37.2138960Z (Reading database ... 100%
2026-10-09T20:11:37.2140340Z (Reading database ... 203208 files and directories currently installed.)
2026-10-09T20:11:37.2185523Z Preparing to unpack .../0-libdebuginfod-common_0.190-1.1ubuntu0.1_all.deb ...
2026-10-09T20:11:37.2194703Z Unpacking libdebuginfod-common (0.190-1.1ubuntu0.1) ...
2026-10-09T20:11:37.2419801Z Selecting previously unselected package libbabeltrace1:amd64.
2026-10-09T20:11:37.2545609Z Preparing to unpack .../1-libbabeltrace1_1.5.11-3build3_amd64.deb ...
2026-10-09T20:11:37.2570413Z Unpacking libbabeltrace1:amd64 (1.5.11-3build3) ...
2026-10-09T20:11:37.2787447Z Selecting previously unselected package libdebuginfod1t64:amd64.
2026-10-09T20:11:37.2912828Z Preparing to unpack .../2-libdebuginfod1t64_0.190-1.1ubuntu0.1_amd64.deb ...
2026-10-09T20:11:37.2925182Z Unpacking libdebuginfod1t64:amd64 (0.190-1.1ubuntu0.1) ...
2026-10-09T20:11:37.3111819Z Selecting previously unselected package libipt2.
2026-10-09T20:11:37.3238189Z Preparing to unpack .../3-libipt2_2.0.6-1build1_amd64.deb ...
2026-10-09T20:11:37.3250794Z Unpacking libipt2 (2.0.6-1build1) ...
2026-10-09T20:11:37.3443201Z Selecting previously unselected package libsource-highlight-common.
2026-10-09T20:11:37.3570696Z Preparing to unpack .../4-libsource-highlight-common_3.1.9-4.3build1_all.deb ...
2026-10-09T20:11:37.3580914Z Unpacking libsource-highlight-common (3.1.9-4.3build1) ...
2026-10-09T20:11:37.3927338Z Selecting previously unselected package libsource-highlight4t64:amd64.
2026-10-09T20:11:37.4053511Z Preparing to unpack .../5-libsource-highlight4t64_3.1.9-4.3build1_amd64.deb ...
2026-10-09T20:11:37.4066664Z Unpacking libsource-highlight4t64:amd64 (3.1.9-4.3build1) ...
2026-10-09T20:11:37.4282884Z Selecting previously unselected package gdb.
2026-10-09T20:11:37.4410914Z Preparing to unpack .../6-gdb_15.1-1ubuntu1~24.04.1_amd64.deb ...
2026-10-09T20:11:37.4422044Z Unpacking gdb (15.1-1ubuntu1~24.04.1) ...
2026-10-09T20:11:37.5501198Z Selecting previously unselected package libc6-dbg:amd64.
2026-10-09T20:11:37.5629456Z Preparing to unpack .../7-libc6-dbg_2.39-0ubuntu8.9_amd64.deb ...
2026-10-09T20:11:37.5640570Z Unpacking libc6-dbg:amd64 (2.39-0ubuntu8.9) ...
2026-10-09T20:11:37.6853990Z Setting up libdebuginfod-common (0.190-1.1ubuntu0.1) ...
2026-10-09T20:11:37.7833211Z Setting up libsource-highlight-common (3.1.9-4.3build1) ...
2026-10-09T20:11:37.7852146Z Setting up libc6-dbg:amd64 (2.39-0ubuntu8.9) ...
2026-10-09T20:11:37.7872812Z Setting up libipt2 (2.0.6-1build1) ...
2026-10-09T20:11:37.7894716Z Setting up libbabeltrace1:amd64 (1.5.11-3build3) ...
2026-10-09T20:11:37.7914605Z Setting up libdebuginfod1t64:amd64 (0.190-1.1ubuntu0.1) ...
2026-10-09T20:11:37.7934757Z Setting up libsource-highlight4t64:amd64 (3.1.9-4.3build1) ...
2026-10-09T20:11:37.7953439Z Setting up gdb (15.1-1ubuntu1~24.04.1) ...
2026-10-09T20:11:37.7984760Z Processing triggers for man-db (2.12.0-4build2) ...
2026-10-09T20:11:37.8002063Z Not building database; man-db/auto-update is not 'true'.
2026-10-09T20:11:37.8015981Z Processing triggers for libc-bin (2.39-0ubuntu8.9) ...
2026-10-09T20:11:38.4501556Z 
2026-10-09T20:11:38.4502297Z Running kernel seems to be up-to-date.
2026-10-09T20:11:38.4502720Z 
2026-10-09T20:11:38.4503132Z No services need to be restarted.
2026-10-09T20:11:38.4504074Z 
2026-10-09T20:11:38.4504479Z No containers need to be restarted.
2026-10-09T20:11:38.4504699Z 
2026-10-09T20:11:38.4504930Z No user sessions are running outdated binaries.
2026-10-09T20:11:38.4505246Z 
2026-10-09T20:11:38.4505547Z No VM guests are running outdated hypervisor (qemu) binaries on this host.
2026-10-09T20:11:40.2521500Z GNU gdb (Ubuntu 15.1-1ubuntu1~24.04.1) 15.1
2026-10-09T20:11:40.2522488Z Copyright (C) 2024 Free Software Foundation, Inc.
2026-10-09T20:11:40.2523577Z License GPLv3+: GNU GPL version 3 or later <http://gnu.org/licenses/gpl.html>
2026-10-09T20:11:40.2524469Z This is free software: you are free to change and redistribute it.
2026-10-09T20:11:40.2525266Z There is NO WARRANTY, to the extent permitted by law.
2026-10-09T20:11:40.2551752Z 1
2026-10-09T20:11:40.2593151Z ##[group]Run bash scripts/bootstrap-rust-ci.sh
2026-10-09T20:11:40.2594184Z [36;1mbash scripts/bootstrap-rust-ci.sh[0m
2026-10-09T20:11:40.2594718Z [36;1mexport LEAN_BRIDGE_RUSTC="$PWD/.toolchains/rust-1.90.0/bin/rustc"[0m
2026-10-09T20:11:40.2595271Z [36;1mexport LEAN_BRIDGE_CARGO="$PWD/.toolchains/rust-1.90.0/bin/cargo"[0m
2026-10-09T20:11:40.2595819Z [36;1mexport CARGO_HOME="${CARGO_HOME:-$HOME/.cargo}"[0m
2026-10-09T20:11:40.2596299Z [36;1mexport LEAN_BRIDGE_PYTHON="$(command -v python3)"[0m
2026-10-09T20:11:40.2596780Z [36;1mexport LEAN_BRIDGE_RUBY="$(command -v ruby)"[0m
2026-10-09T20:11:40.2597221Z [36;1mexport LEAN_BRIDGE_GEM="$(command -v gem)"[0m
2026-10-09T20:11:40.2597651Z [36;1msource scripts/env.sh[0m
2026-10-09T20:11:40.2598302Z [36;1mnpm run test:type-corpus:ruby && LEAN_BRIDGE_REVIEWED_NATIVE_PROFILES=ruby node --test tests/type-corpus-reviewed-native.test.mjs[0m
2026-10-09T20:11:40.2599258Z [36;1mLEAN_BRIDGE_CHAR_PROFILES=ruby node --test tests/native-char.test.mjs[0m
2026-10-09T20:11:40.2599850Z [36;1mLEAN_BRIDGE_WORD_PROFILES=ruby node --test tests/native-words.test.mjs[0m
2026-10-09T20:11:40.2600502Z [36;1mLEAN_BRIDGE_RUBY_CALLABLE_TEST=1 node --test tests/ruby-callables.test.mjs[0m
2026-10-09T20:11:40.2601178Z [36;1mLEAN_BRIDGE_RUBY_STRUCTURED_CALLABLE_TEST=1 node --test tests/ruby-structured-callables.test.mjs[0m
2026-10-09T20:11:40.2602191Z [36;1mLEAN_BRIDGE_RUBY_RECURSIVE_CALLABLE_TEST=1 node --test --test-concurrency=1 tests/ruby-recursive-callables.test.mjs tests/ruby-recursive-callable-contract.test.mjs[0m
2026-10-09T20:11:40.2604221Z [36;1mLEAN_BRIDGE_OWNED_NATIVE_TEST=1 node --test --test-concurrency=1 tests/owned-ruby-runtime.test.mjs tests/owned-ruby-values.test.mjs tests/owned-ruby-layout.test.mjs tests/owned-ruby-conversions.test.mjs[0m
2026-10-09T20:11:40.2605676Z [36;1mLEAN_BRIDGE_OWNED_NATIVE_TEST=1 node --test --test-concurrency=1 tests/owned-ruby-gmp.test.mjs tests/owned-ruby-package.test.mjs tests/owned-ruby-packaging.test.mjs tests/owned-ruby-coexistence.test.mjs[0m
2026-10-09T20:11:40.2606686Z [36;1mtest -s build/owned-ruby-packaging/ordinary.json[0m
2026-10-09T20:11:40.2607170Z [36;1mtest -s build/owned-ruby-packaging/reviewed.json[0m
2026-10-09T20:11:40.2607698Z [36;1mtest -s build/owned-ruby-packaging/scalars-ordinary.json[0m
2026-10-09T20:11:40.2608209Z [36;1mtest -s build/owned-ruby-packaging/scalars-reviewed.json[0m
2026-10-09T20:11:40.2608765Z [36;1mtest -s build/owned-ruby-packaging/coexistence.json[0m
2026-10-09T20:11:40.2609670Z [36;1mnpm run test:owned-ruby-transfers[0m
2026-10-09T20:11:40.2610124Z [36;1mtest -s build/owned-ruby-transfers/ordinary.json[0m
2026-10-09T20:11:40.2610659Z [36;1mtest -s build/owned-ruby-transfers/reviewed.json[0m
2026-10-09T20:11:40.2611131Z [36;1mtest -s build/owned-ruby-transfer-packaging/ordinary.json[0m
2026-10-09T20:11:40.2611688Z [36;1mtest -s build/owned-ruby-transfer-packaging/reviewed.json[0m
2026-10-09T20:11:40.2612249Z [36;1mnpm run test:owned-ruby-borrows > build/owned-ruby-borrows.log 2>&1[0m
2026-10-09T20:11:40.2612820Z [36;1mcat build/owned-ruby-borrows.log[0m
2026-10-09T20:11:40.2613234Z [36;1mrg '^# pass 7$' build/owned-ruby-borrows.log[0m
2026-10-09T20:11:40.2613781Z [36;1mrg '^# fail 0$' build/owned-ruby-borrows.log[0m
2026-10-09T20:11:40.2614288Z [36;1mrg '^# skipped 0$' build/owned-ruby-borrows.log[0m
2026-10-09T20:11:40.2614736Z [36;1mtest -s build/owned-ruby-borrows/ordinary.json[0m
2026-10-09T20:11:40.2615340Z [36;1mtest -s build/owned-ruby-borrows/reviewed.json[0m
2026-10-09T20:11:40.2615795Z [36;1mtest -s build/owned-ruby-borrows/borrow-only.json[0m
2026-10-09T20:11:40.2616325Z [36;1mtest -s build/owned-ruby-borrow-packaging/ordinary.json[0m
2026-10-09T20:11:40.2616840Z [36;1mtest -s build/owned-ruby-borrow-packaging/reviewed.json[0m
2026-10-09T20:11:40.2617395Z [36;1mnpm run test:owned-ruby-receivers > build/owned-ruby-receivers.log 2>&1[0m
2026-10-09T20:11:40.2618264Z [36;1mcat build/owned-ruby-receivers.log[0m
2026-10-09T20:11:40.2618699Z [36;1mrg '^# tests 10$' build/owned-ruby-receivers.log[0m
2026-10-09T20:11:40.2619165Z [36;1mrg '^# pass 10$' build/owned-ruby-receivers.log[0m
2026-10-09T20:11:40.2619616Z [36;1mrg '^# fail 0$' build/owned-ruby-receivers.log[0m
2026-10-09T20:11:40.2620115Z [36;1mrg '^# cancelled 0$' build/owned-ruby-receivers.log[0m
2026-10-09T20:11:40.2620613Z [36;1mrg '^# skipped 0$' build/owned-ruby-receivers.log[0m
2026-10-09T20:11:40.2621072Z [36;1mtest -s build/owned-ruby-receivers/ordinary.json[0m
2026-10-09T20:11:40.2621563Z [36;1mtest -s build/owned-ruby-receivers/ordinary-package.json[0m
2026-10-09T20:11:40.2622117Z [36;1mtest -s build/owned-ruby-receivers/ordinary-plain.json[0m
2026-10-09T20:11:40.2622634Z [36;1mtest -s build/owned-ruby-receivers/ordinary-consuming.json[0m
2026-10-09T20:11:40.2623157Z [36;1mtest -s build/owned-ruby-receivers/reviewed.json[0m
2026-10-09T20:11:40.2623801Z [36;1mtest -s build/owned-ruby-receivers/reviewed-package.json[0m
2026-10-09T20:11:40.2624326Z [36;1mtest -s build/owned-ruby-receivers/reviewed-plain.json[0m
2026-10-09T20:11:40.2624828Z [36;1mtest -s build/owned-ruby-receivers/reviewed-consuming.json[0m
2026-10-09T20:11:40.2625589Z [36;1mLEAN_BRIDGE_RUBY_COMPOUND_TEST=1 node --test tests/ruby-compounds.test.mjs tests/ruby-compound-contract.test.mjs[0m
2026-10-09T20:11:40.2626423Z [36;1mLEAN_BRIDGE_RUBY_LIST_TEST=1 node --test tests/ruby-lists.test.mjs tests/ruby-list-contract.test.mjs[0m
2026-10-09T20:11:40.2627093Z [36;1mLEAN_BRIDGE_RUBY_ALIAS_TEST=1 node --test tests/ruby-aliases.test.mjs[0m
2026-10-09T20:11:40.2627759Z [36;1mLEAN_BRIDGE_GDB=/usr/bin/gdb LEAN_BRIDGE_RUBY_FIN_TEST=1 node --test tests/ruby-fin.test.mjs[0m
2026-10-09T20:11:40.2628476Z [36;1mLEAN_BRIDGE_RUBY_VARIANT_TEST=1 node --test tests/ruby-variants.test.mjs[0m
2026-10-09T20:11:40.2629229Z [36;1mLEAN_BRIDGE_RUBY_COLLECTION_TEST=1 node --test tests/ruby-collections.test.mjs tests/ruby-collection-contract.test.mjs[0m
2026-10-09T20:11:40.2630019Z [36;1mLEAN_BRIDGE_RUBY_GRAPH_TEST=1 node --test tests/ruby-copied-graph-values.test.mjs[0m
2026-10-09T20:11:40.2630598Z [36;1mtest -s build/recursive/ruby-values.json[0m
2026-10-09T20:11:40.2631298Z [36;1mLEAN_BRIDGE_RUBY_GRAPH_TEST=1 LEAN_BRIDGE_RUBY_GRAPH_NATIVE_TEST=1 node --test tests/ruby-copied-graph-conversions.test.mjs[0m
2026-10-09T20:11:40.2632004Z [36;1mtest -s build/recursive/ruby-conversions.json[0m
2026-10-09T20:11:40.2632502Z [36;1mtest -s build/recursive/ruby-native.json[0m
2026-10-09T20:11:40.2633042Z [36;1mLEAN_BRIDGE_RUBY_GRAPH_PACKAGE_TEST=1 node --test tests/ruby-graph-package.test.mjs[0m
2026-10-09T20:11:40.2633763Z [36;1mtest -s build/recursive/ruby-packages.json[0m
2026-10-09T20:11:40.2634281Z [36;1mtest -s build/callables/ruby.json[0m
2026-10-09T20:11:40.2634700Z [36;1mtest -s build/structured-callables/ruby.json[0m
2026-10-09T20:11:40.2635155Z [36;1mtest -s build/recursive-callables/ruby.json[0m
2026-10-09T20:11:40.2635572Z [36;1mtest -s build/compounds/ruby.json[0m
2026-10-09T20:11:40.2635996Z [36;1mtest -s build/lists/ruby.json[0m
2026-10-09T20:11:40.2636400Z [36;1mtest -s build/aliases/ruby.json[0m
2026-10-09T20:11:40.2636786Z [36;1mtest -s build/native-fin/ruby.json[0m
2026-10-09T20:11:40.2637216Z [36;1mtest -s build/native-fin/ruby-reviewed.json[0m
2026-10-09T20:11:40.2637823Z [36;1mLEAN_BRIDGE_SPECIALIZATION_PROFILES=ruby node --test tests/native-specializations.test.mjs[0m
2026-10-09T20:11:40.2638424Z [36;1mtest -s build/native-specializations/ruby.json[0m
2026-10-09T20:11:40.2639234Z [36;1mLEAN_BRIDGE_GENERIC_RECORD_PROFILES=ruby node --test --test-name-pattern='relocated source-free native packages construct' tests/generic-records.test.mjs[0m
2026-10-09T20:11:40.2640012Z [36;1mtest -s build/generic-records/ruby.json[0m
2026-10-09T20:11:40.2640490Z [36;1mtest -s build/generic-records/specialized-ruby.json[0m
2026-10-09T20:11:40.2641327Z [36;1mLEAN_BRIDGE_GENERIC_RECORD_ARRAY_PROFILES=ruby node --test --test-concurrency=1 tests/generic-record-arrays.test.mjs[0m
2026-10-09T20:11:40.2642143Z [36;1mtest -s build/generic-records/array-ruby.json[0m
2026-10-09T20:11:40.2643069Z [36;1mLEAN_BRIDGE_FIN_CONTAINER_ENTRY_COUNTERS=1 LEAN_BRIDGE_GDB=/usr/bin/gdb LEAN_BRIDGE_FIN_CONTAINER_PROFILES=ruby LEAN_BRIDGE_REVIEWED_FIN_CONTAINER_PROFILES=ruby node --test tests/native-fin-containers.test.mjs[0m
2026-10-09T20:11:40.2644181Z [36;1mtest -s build/native-fin-containers/ruby.json[0m
2026-10-09T20:11:40.2644726Z [36;1mtest -s build/native-fin-containers/reviewed-ruby.json[0m
2026-10-09T20:11:40.2645513Z [36;1mnode scripts/check-fin-container-entry-reports.mjs ruby build/native-fin-containers/ruby.json build/native-fin-containers/reviewed-ruby.json[0m
2026-10-09T20:11:40.2646582Z [36;1mLEAN_BRIDGE_FIN_PRODUCT_PROFILES=ruby LEAN_BRIDGE_REVIEWED_FIN_PRODUCT_PROFILES=ruby node --test tests/native-fin-products.test.mjs[0m
2026-10-09T20:11:40.2647320Z [36;1mtest -s build/native-fin-products/ruby.json[0m
2026-10-09T20:11:40.2647794Z [36;1mtest -s build/native-fin-products/reviewed-ruby.json[0m
2026-10-09T20:11:40.2648577Z [36;1mLEAN_BRIDGE_FIN_PRODUCT_ARRAY_PROFILES=ruby LEAN_BRIDGE_REVIEWED_FIN_PRODUCT_ARRAY_PROFILES=ruby node --test tests/native-fin-product-arrays.test.mjs[0m
2026-10-09T20:11:40.2649347Z [36;1mtest -s build/native-fin-product-arrays/ruby.json[0m
2026-10-09T20:11:40.2649922Z [36;1mtest -s build/native-fin-product-arrays/reviewed-ruby.json[0m
2026-10-09T20:11:40.2650642Z [36;1mLEAN_BRIDGE_FIN_RECORD_PROFILES=ruby LEAN_BRIDGE_REVIEWED_FIN_RECORD_PROFILES=ruby node --test tests/native-fin-records.test.mjs[0m
2026-10-09T20:11:40.2651328Z [36;1mtest -s build/native-fin-records/ruby.json[0m
2026-10-09T20:11:40.2651822Z [36;1mtest -s build/native-fin-records/reviewed-ruby.json[0m
2026-10-09T20:11:40.2652374Z [36;1mLEAN_BRIDGE_SUBTYPE_PROFILES=ruby node --test tests/native-subtype.test.mjs[0m
2026-10-09T20:11:40.2652936Z [36;1mtest -s build/native-subtype/ruby.json[0m
2026-10-09T20:11:40.2653557Z [36;1mtest -s build/variants/ruby.json[0m
2026-10-09T20:11:40.2653976Z [36;1mtest -s build/collections/ruby.json[0m
2026-10-09T20:11:40.2654380Z [36;1mtest -s build/type-corpus/ruby.json[0m
2026-10-09T20:11:40.2654833Z [36;1mtest -s build/type-corpus/reviewed-native-ruby.json[0m
2026-10-09T20:11:40.2699256Z shell: /usr/bin/bash -e {0}
2026-10-09T20:11:40.2699739Z env:
2026-10-09T20:11:40.2700101Z   NODE_VERSION: 22
2026-10-09T20:11:40.2700516Z   LEAN_BRIDGE_CONSUMER_PERFORMANCE_DIR: build/consumer-ci/performance
2026-10-09T20:11:40.2701045Z   TMPDIR: /home/runner/work/_temp
2026-10-09T20:11:40.2701533Z   NIX_PROFILES: /nix/var/nix/profiles/default /home/runner/.nix-profile
2026-10-09T20:11:40.2702068Z   NIX_SSL_CERT_FILE: /etc/ssl/certs/ca-certificates.crt
2026-10-09T20:11:40.2702501Z ##[endgroup]
2026-10-09T20:11:40.2848649Z   % Total    % Received % Xferd  Average Speed   Time    Time     Time  Current
2026-10-09T20:11:40.2849715Z                                  Dload  Upload   Total   Spent    Left  Speed
2026-10-09T20:11:40.2850258Z 
2026-10-09T20:11:40.7602896Z   0     0    0     0    0     0      0      0 --:--:-- --:--:-- --:--:--     0
2026-10-09T20:11:40.9500654Z  59  193M   59  114M    0     0   240M      0 --:--:-- --:--:-- --:--:--  240M
2026-10-09T20:11:40.9501682Z 100  193M  100  193M    0     0   291M      0 --:--:-- --:--:-- --:--:--  290M
2026-10-09T20:11:55.5442998Z install: creating uninstall script at /home/runner/work/lean-bridge/lean-bridge/.toolchains/rust-1.90.0/lib/rustlib/uninstall.sh
2026-10-09T20:11:55.5466760Z install: installing component 'rustc'
2026-10-09T20:11:56.4773042Z install: installing component 'cargo'
2026-10-09T20:11:57.4281452Z install: installing component 'rust-std-x86_64-unknown-linux-gnu'
2026-10-09T20:11:58.2018066Z 
2026-10-09T20:11:58.2018733Z     rust installed.
2026-10-09T20:11:58.2019066Z 
2026-10-09T20:11:58.2090260Z rustc 1.90.0 (1159e78c4 2025-09-14)
2026-10-09T20:11:58.4234678Z 
2026-10-09T20:11:58.4235633Z > @lean-wasm/bridge-poc@0.0.0-poc test:type-corpus:ruby
2026-10-09T20:11:58.4237205Z > LEAN_BRIDGE_TYPE_CORPUS_PROFILES=ruby node --test tests/type-corpus.test.mjs
2026-10-09T20:11:58.4237958Z 
2026-10-09T20:11:58.4689853Z TAP version 13
2026-10-09T20:12:03.0652175Z # Subtest: corpus cases cover two renamed nested libraries, valid positions and explicit host errors
2026-10-09T20:12:03.0654215Z ok 1 - corpus cases cover two renamed nested libraries, valid positions and explicit host errors
2026-10-09T20:12:03.0655102Z   ---
2026-10-09T20:12:03.0655712Z   duration_ms: 28.664718
2026-10-09T20:12:03.0656328Z   type: 'test'
2026-10-09T20:12:03.0656890Z   ...
2026-10-09T20:12:04.1625107Z # Subtest: corpus identity binds the cases, consumers, Lean sources, oracles and harness
2026-10-09T20:12:04.1704646Z ok 2 - corpus identity binds the cases, consumers, Lean sources, oracles and harness
2026-10-09T20:12:04.1764387Z   ---
2026-10-09T20:12:04.1875019Z   duration_ms: 75.068557
2026-10-09T20:12:04.1914602Z   type: 'test'
2026-10-09T20:12:04.1915547Z   ...
2026-10-09T20:12:04.1916910Z # Subtest: every inventoried profile and position remains a gap without executed cases
2026-10-09T20:12:04.1918246Z ok 3 - every inventoried profile and position remains a gap without executed cases
2026-10-09T20:12:04.1919116Z   ---
2026-10-09T20:12:04.1919649Z   duration_ms: 213.560334
2026-10-09T20:12:04.1920414Z   type: 'test'
2026-10-09T20:12:04.1920916Z   ...
2026-10-09T20:12:04.1921894Z # Subtest: validator-only observations cannot cross source paths, profiles or uncovered positions
2026-10-09T20:12:04.1923233Z ok 4 - validator-only observations cannot cross source paths, profiles or uncovered positions
2026-10-09T20:12:04.1924321Z   ---
2026-10-09T20:12:04.1924860Z   duration_ms: 114.885396
2026-10-09T20:12:04.1925420Z   type: 'test'
2026-10-09T20:12:04.1925860Z   ...
2026-10-09T20:12:04.1926562Z # Subtest: corpus report rejects missing case
2026-10-09T20:12:04.1927315Z ok 5 - corpus report rejects missing case
2026-10-09T20:12:04.1927956Z   ---
2026-10-09T20:12:04.1928467Z   duration_ms: 1.559023
2026-10-09T20:12:04.1929035Z   type: 'test'
2026-10-09T20:12:04.1929503Z   ...
2026-10-09T20:12:04.1930172Z # Subtest: corpus report rejects duplicate case
2026-10-09T20:12:04.1930952Z ok 6 - corpus report rejects duplicate case
2026-10-09T20:12:04.1931609Z   ---
2026-10-09T20:12:04.1932083Z   duration_ms: 1.605211
2026-10-09T20:12:04.1932645Z   type: 'test'
2026-10-09T20:12:04.1933143Z   ...
2026-10-09T20:12:04.1973779Z # Subtest: corpus report rejects extra case
2026-10-09T20:12:04.1975283Z ok 7 - corpus report rejects extra case
2026-10-09T20:12:04.1984650Z   ---
2026-10-09T20:12:04.1985272Z   duration_ms: 0.727802
2026-10-09T20:12:04.1985930Z   type: 'test'
2026-10-09T20:12:04.1986508Z   ...
2026-10-09T20:12:04.1987209Z # Subtest: corpus report rejects wrong value
2026-10-09T20:12:04.1988020Z ok 8 - corpus report rejects wrong value
2026-10-09T20:12:04.1988725Z   ---
2026-10-09T20:12:04.1989274Z   duration_ms: 0.941109
2026-10-09T20:12:04.1989837Z   type: 'test'
2026-10-09T20:12:04.1990330Z   ...
2026-10-09T20:12:04.1991078Z # Subtest: corpus report rejects wrong consumer profile
2026-10-09T20:12:04.1991942Z ok 9 - corpus report rejects wrong consumer profile
2026-10-09T20:12:04.1992630Z   ---
2026-10-09T20:12:04.1993132Z   duration_ms: 0.784644
2026-10-09T20:12:04.1993947Z   type: 'test'
2026-10-09T20:12:04.1994454Z   ...
2026-10-09T20:12:04.1994971Z # Subtest: corpus report rejects wrong module
2026-10-09T20:12:04.1995853Z ok 10 - corpus report rejects wrong module
2026-10-09T20:12:04.1996453Z   ---
2026-10-09T20:12:04.1997027Z   duration_ms: 4.188425
2026-10-09T20:12:04.1997600Z   type: 'test'
2026-10-09T20:12:04.1998131Z   ...
2026-10-09T20:12:04.1998732Z # Subtest: corpus report rejects unverified copy
2026-10-09T20:12:04.1999526Z ok 11 - corpus report rejects unverified copy
2026-10-09T20:12:04.2000344Z   ---
2026-10-09T20:12:04.2000806Z   duration_ms: 0.897248
2026-10-09T20:12:04.2001429Z   type: 'test'
2026-10-09T20:12:04.2001907Z   ...
2026-10-09T20:12:04.2003065Z # Subtest: corpus report rejects wrong host error
2026-10-09T20:12:04.2004058Z ok 12 - corpus report rejects wrong host error
2026-10-09T20:12:04.2004590Z   ---
2026-10-09T20:12:04.2005033Z   duration_ms: 1.483178
2026-10-09T20:12:04.2005457Z   type: 'test'
2026-10-09T20:12:04.2005835Z   ...
2026-10-09T20:12:04.2006404Z # Subtest: corpus report rejects failed recovery
2026-10-09T20:12:04.2007088Z ok 13 - corpus report rejects failed recovery
2026-10-09T20:12:04.2007571Z   ---
2026-10-09T20:12:04.2007994Z   duration_ms: 1.213289
2026-10-09T20:12:04.2008417Z   type: 'test'
2026-10-09T20:12:04.2008780Z   ...
2026-10-09T20:12:04.2009427Z # Subtest: corpus report rejects missing oracle result
2026-10-09T20:12:04.2010257Z ok 14 - corpus report rejects missing oracle result
2026-10-09T20:12:04.2010890Z   ---
2026-10-09T20:12:04.2011446Z   duration_ms: 0.805559
2026-10-09T20:12:04.2011936Z   type: 'test'
2026-10-09T20:12:04.2012451Z   ...
2026-10-09T20:12:04.2013165Z # Subtest: corpus report rejects extra oracle result
2026-10-09T20:12:04.2014213Z ok 15 - corpus report rejects extra oracle result
2026-10-09T20:12:04.2014829Z   ---
2026-10-09T20:12:04.2015350Z   duration_ms: 0.944717
2026-10-09T20:12:04.2015958Z   type: 'test'
2026-10-09T20:12:04.2016539Z   ...
2026-10-09T20:12:04.2017200Z # Subtest: corpus report rejects unknown adapter
2026-10-09T20:12:04.2017978Z ok 16 - corpus report rejects unknown adapter
2026-10-09T20:12:04.2018673Z   ---
2026-10-09T20:12:04.2019212Z   duration_ms: 6.613605
2026-10-09T20:12:04.2019748Z   type: 'test'
2026-10-09T20:12:04.2020288Z   ...
2026-10-09T20:12:04.2020977Z # Subtest: corpus report rejects unimplemented source path
2026-10-09T20:12:04.2021859Z ok 17 - corpus report rejects unimplemented source path
2026-10-09T20:12:04.2022631Z   ---
2026-10-09T20:12:04.2023115Z   duration_ms: 0.776311
2026-10-09T20:12:04.2023904Z   type: 'test'
2026-10-09T20:12:04.2024442Z   ...
2026-10-09T20:12:04.2025104Z # Subtest: corpus report rejects unknown library
2026-10-09T20:12:04.2025942Z ok 18 - corpus report rejects unknown library
2026-10-09T20:12:04.2026611Z   ---
2026-10-09T20:12:04.2027142Z   duration_ms: 0.555378
2026-10-09T20:12:04.2027683Z   type: 'test'
2026-10-09T20:12:04.2028288Z   ...
2026-10-09T20:12:04.2028971Z # Subtest: corpus report rejects missing runtime identity
2026-10-09T20:12:04.2029927Z ok 19 - corpus report rejects missing runtime identity
2026-10-09T20:12:04.2030641Z   ---
2026-10-09T20:12:04.2031231Z   duration_ms: 0.470755
2026-10-09T20:12:04.2032258Z   type: 'test'
2026-10-09T20:12:04.2032764Z   ...
2026-10-09T20:12:04.2033653Z # Subtest: corpus report rejects invalid archive hash
2026-10-09T20:12:04.2034616Z ok 20 - corpus report rejects invalid archive hash
2026-10-09T20:12:04.2035484Z   ---
2026-10-09T20:12:04.2036140Z   duration_ms: 0.536703
2026-10-09T20:12:04.2036881Z   type: 'test'
2026-10-09T20:12:04.2037489Z   ...
2026-10-09T20:12:04.2038283Z # Subtest: corpus report rejects different archive hash
2026-10-09T20:12:04.2039348Z ok 21 - corpus report rejects different archive hash
2026-10-09T20:12:04.2040091Z   ---
2026-10-09T20:12:04.2040602Z   duration_ms: 0.481163
2026-10-09T20:12:04.2041291Z   type: 'test'
2026-10-09T20:12:04.2041779Z   ...
2026-10-09T20:12:04.2042687Z # Subtest: corpus report rejects wrong archive target
2026-10-09T20:12:04.2043883Z ok 22 - corpus report rejects wrong archive target
2026-10-09T20:12:04.2044614Z   ---
2026-10-09T20:12:04.2045115Z   duration_ms: 0.456459
2026-10-09T20:12:04.2045746Z   type: 'test'
2026-10-09T20:12:04.2046247Z   ...
2026-10-09T20:12:04.2046995Z # Subtest: corpus report rejects cross-profile observation
2026-10-09T20:12:04.2047974Z ok 23 - corpus report rejects cross-profile observation
2026-10-09T20:12:04.2048675Z   ---
2026-10-09T20:12:04.2049320Z   duration_ms: 0.865264
2026-10-09T20:12:04.2049887Z   type: 'test'
2026-10-09T20:12:04.2050385Z   ...
2026-10-09T20:12:04.2051243Z # Subtest: corpus report rejects incorrect floating-point bits
2026-10-09T20:12:04.2052245Z ok 24 - corpus report rejects incorrect floating-point bits
2026-10-09T20:12:04.2053247Z   ---
2026-10-09T20:12:04.2054255Z   duration_ms: 1.140834
2026-10-09T20:12:04.2054851Z   type: 'test'
2026-10-09T20:12:04.2055384Z   ...
2026-10-09T20:12:04.2056179Z # Subtest: corpus report rejects missing declaration evidence
2026-10-09T20:12:04.2057163Z ok 25 - corpus report rejects missing declaration evidence
2026-10-09T20:12:04.2057863Z   ---
2026-10-09T20:12:04.2058442Z   duration_ms: 0.800631
2026-10-09T20:12:04.2059026Z   type: 'test'
2026-10-09T20:12:04.2059591Z   ...
2026-10-09T20:12:04.2060273Z # Subtest: corpus report rejects wrong declaration type
2026-10-09T20:12:04.2061164Z ok 26 - corpus report rejects wrong declaration type
2026-10-09T20:12:04.2061902Z   ---
2026-10-09T20:12:04.2062448Z   duration_ms: 1.09354
2026-10-09T20:12:04.2063010Z   type: 'test'
2026-10-09T20:12:04.2063737Z   ...
2026-10-09T20:12:04.2064473Z # Subtest: the corpus rejects duplicate runs and accepts only complete observations
2026-10-09T20:12:04.2065814Z ok 27 - the corpus rejects duplicate runs and accepts only complete observations
2026-10-09T20:12:04.2066826Z   ---
2026-10-09T20:12:04.2067421Z   duration_ms: 2.362656
2026-10-09T20:12:04.2068112Z   type: 'test'
2026-10-09T20:12:04.2068882Z   ...
2026-10-09T20:12:04.2070003Z # Subtest: explicit corpus selections reject absent, misspelled and duplicate adapters
2026-10-09T20:12:04.2071269Z ok 28 - explicit corpus selections reject absent, misspelled and duplicate adapters
2026-10-09T20:12:04.2072185Z   ---
2026-10-09T20:12:04.2072662Z   duration_ms: 0.431857
2026-10-09T20:12:04.2073500Z   type: 'test'
2026-10-09T20:12:04.2073969Z   ...
2026-10-09T20:12:04.2074682Z # Subtest: the shared inputs cover all sixteen primitive parameter/result positions
2026-10-09T20:12:04.2075598Z ok 29 - the shared inputs cover all sixteen primitive parameter/result positions
2026-10-09T20:12:04.2076144Z   ---
2026-10-09T20:12:04.2076571Z   duration_ms: 117.288117
2026-10-09T20:12:04.2077001Z   type: 'test'
2026-10-09T20:12:04.2077394Z   ...
2026-10-09T20:12:04.2078053Z # Subtest: Perl numeric acceptance uses fresh Lean results without weakening other profiles
2026-10-09T20:12:04.2079110Z ok 30 - Perl numeric acceptance uses fresh Lean results without weakening other profiles
2026-10-09T20:12:04.2079727Z   ---
2026-10-09T20:12:04.2080099Z   duration_ms: 4.824143
2026-10-09T20:12:04.2080543Z   type: 'test'
2026-10-09T20:12:04.2080907Z   ...
2026-10-09T20:12:04.2081590Z # Subtest: Perl observations bind the separate runtime archive and compiled interpreter ABI
2026-10-09T20:12:04.2082402Z ok 31 - Perl observations bind the separate runtime archive and compiled interpreter ABI
2026-10-09T20:12:04.2082948Z   ---
2026-10-09T20:12:04.2083604Z   duration_ms: 6.402694
2026-10-09T20:12:04.2084190Z   type: 'test'
2026-10-09T20:12:04.2084644Z   ...
2026-10-09T20:12:04.2085485Z # Subtest: declaration evidence checks names, nested fields and type positions separately
2026-10-09T20:12:04.2086256Z ok 32 - declaration evidence checks names, nested fields and type positions separately
2026-10-09T20:12:04.2086811Z   ---
2026-10-09T20:12:04.2087141Z   duration_ms: 2.85893
2026-10-09T20:12:04.2087447Z   type: 'test'
2026-10-09T20:12:04.2087775Z   ...
2026-10-09T20:12:04.2088284Z # Subtest: profile-specific host errors cannot be borrowed from another adapter
2026-10-09T20:12:04.2088932Z ok 33 - profile-specific host errors cannot be borrowed from another adapter
2026-10-09T20:12:04.2089449Z   ---
2026-10-09T20:12:04.2089733Z   duration_ms: 1.438846
2026-10-09T20:12:04.2090053Z   type: 'test'
2026-10-09T20:12:04.2090390Z   ...
2026-10-09T20:12:04.2090854Z # Subtest: Node profiles keep unsupported array and record cases as gaps
2026-10-09T20:12:04.2091457Z ok 34 - Node profiles keep unsupported array and record cases as gaps
2026-10-09T20:12:04.2091899Z   ---
2026-10-09T20:12:04.2092235Z   duration_ms: 261.823422
2026-10-09T20:12:04.2092553Z   type: 'test'
2026-10-09T20:12:04.2092881Z   ...
2026-10-09T20:12:04.2093591Z # Subtest: strict TypeScript uses the installed public API and independent exact signatures
2026-10-09T20:12:04.2095126Z ok 35 - strict TypeScript uses the installed public API and independent exact signatures
2026-10-09T20:12:04.2096002Z   ---
2026-10-09T20:12:04.2096399Z   duration_ms: 4.867465
2026-10-09T20:12:04.2096847Z   type: 'test'
2026-10-09T20:12:04.2097250Z   ...
2026-10-09T20:12:04.2098035Z # Subtest: browser engine selections are explicit and never silently skipped
2026-10-09T20:12:04.2099031Z ok 36 - browser engine selections are explicit and never silently skipped
2026-10-09T20:12:04.2099666Z   ---
2026-10-09T20:12:04.2100130Z   duration_ms: 0.488008
2026-10-09T20:12:04.2100568Z   type: 'test'
2026-10-09T20:12:04.2101001Z   ...
2026-10-09T20:12:04.2101922Z # Subtest: browser profiles require every selected engine and retain unsupported projections as gaps
2026-10-09T20:12:04.2103170Z ok 37 - browser profiles require every selected engine and retain unsupported projections as gaps
2026-10-09T20:12:04.2104178Z   ---
2026-10-09T20:12:04.2104676Z   duration_ms: 116.517908
2026-10-09T20:12:04.2105164Z   type: 'test'
2026-10-09T20:12:04.2105559Z   ...
2026-10-09T20:12:04.2106594Z # Subtest: browser corpus rejects missing evidence
2026-10-09T20:12:04.2107347Z ok 38 - browser corpus rejects missing evidence
2026-10-09T20:12:04.2107920Z   ---
2026-10-09T20:12:04.2108388Z   duration_ms: 1.561263
2026-10-09T20:12:04.2108831Z   type: 'test'
2026-10-09T20:12:04.2109230Z   ...
2026-10-09T20:12:04.2109792Z # Subtest: browser corpus rejects duplicate engine
2026-10-09T20:12:04.2110573Z ok 39 - browser corpus rejects duplicate engine
2026-10-09T20:12:04.2111178Z   ---
2026-10-09T20:12:04.2111558Z   duration_ms: 4.570836
2026-10-09T20:12:04.2112058Z   type: 'test'
2026-10-09T20:12:04.2112448Z   ...
2026-10-09T20:12:04.2112979Z # Subtest: browser corpus rejects missing engine
2026-10-09T20:12:04.2113813Z ok 40 - browser corpus rejects missing engine
2026-10-09T20:12:04.2114285Z   ---
2026-10-09T20:12:04.2114673Z   duration_ms: 1.793906
2026-10-09T20:12:04.2115148Z   type: 'test'
2026-10-09T20:12:04.2115511Z   ...
2026-10-09T20:12:04.2116033Z # Subtest: browser corpus rejects missing StrictMode
2026-10-09T20:12:04.2116677Z ok 41 - browser corpus rejects missing StrictMode
2026-10-09T20:12:04.2117199Z   ---
2026-10-09T20:12:04.2117583Z   duration_ms: 1.723227
2026-10-09T20:12:04.2118026Z   type: 'test'
2026-10-09T20:12:04.2118456Z   ...
2026-10-09T20:12:04.2118942Z # Subtest: browser corpus rejects duplicate execution
2026-10-09T20:12:04.2119700Z ok 42 - browser corpus rejects duplicate execution
2026-10-09T20:12:04.2120324Z   ---
2026-10-09T20:12:04.2120758Z   duration_ms: 1.585741
2026-10-09T20:12:04.2121200Z   type: 'test'
2026-10-09T20:12:04.2121650Z   ...
2026-10-09T20:12:04.2122192Z # Subtest: browser corpus rejects wrong browser result
2026-10-09T20:12:04.2122832Z ok 43 - browser corpus rejects wrong browser result
2026-10-09T20:12:04.2133855Z   ---
2026-10-09T20:12:04.2134481Z   duration_ms: 2.715234
2026-10-09T20:12:04.2135094Z   type: 'test'
2026-10-09T20:12:04.2135605Z   ...
2026-10-09T20:12:04.2136147Z # Subtest: browser corpus rejects wrong profile
2026-10-09T20:12:04.2136955Z ok 44 - browser corpus rejects wrong profile
2026-10-09T20:12:04.2137504Z   ---
2026-10-09T20:12:04.2137995Z   duration_ms: 2.508943
2026-10-09T20:12:04.2138448Z   type: 'test'
2026-10-09T20:12:04.2138834Z   ...
2026-10-09T20:12:04.2139585Z # Subtest: browser corpus rejects window standing in for worker
2026-10-09T20:12:04.2140461Z ok 45 - browser corpus rejects window standing in for worker
2026-10-09T20:12:04.2141116Z   ---
2026-10-09T20:12:04.2141658Z   duration_ms: 5.216165
2026-10-09T20:12:04.2142140Z   type: 'test'
2026-10-09T20:12:04.2142602Z   ...
2026-10-09T20:12:04.2143248Z # Subtest: browser corpus rejects mismatched primary result
2026-10-09T20:12:04.2144323Z ok 46 - browser corpus rejects mismatched primary result
2026-10-09T20:12:04.2144987Z   ---
2026-10-09T20:12:04.2145506Z   duration_ms: 3.194576
2026-10-09T20:12:04.2145932Z   type: 'test'
2026-10-09T20:12:04.2146615Z   ...
2026-10-09T20:12:04.2147345Z # Subtest: browser corpus rejects wrong WASM digest
2026-10-09T20:12:04.2148137Z ok 47 - browser corpus rejects wrong WASM digest
2026-10-09T20:12:04.2148682Z   ---
2026-10-09T20:12:04.2149083Z   duration_ms: 2.763173
2026-10-09T20:12:04.2149598Z   type: 'test'
2026-10-09T20:12:04.2150023Z   ...
2026-10-09T20:12:04.2150572Z # Subtest: browser corpus rejects wrong WASM MIME
2026-10-09T20:12:04.2151353Z ok 48 - browser corpus rejects wrong WASM MIME
2026-10-09T20:12:04.2151904Z   ---
2026-10-09T20:12:04.2152331Z   duration_ms: 2.46703
2026-10-09T20:12:04.2152850Z   type: 'test'
2026-10-09T20:12:04.2153439Z   ...
2026-10-09T20:12:04.2154085Z # Subtest: browser corpus rejects wrong deployment prefix
2026-10-09T20:12:04.2154898Z ok 49 - browser corpus rejects wrong deployment prefix
2026-10-09T20:12:04.2155492Z   ---
2026-10-09T20:12:04.2155893Z   duration_ms: 2.796048
2026-10-09T20:12:04.2156369Z   type: 'test'
2026-10-09T20:12:04.2156810Z   ...
2026-10-09T20:12:04.2157348Z # Subtest: browser corpus rejects missing runtime fetch
2026-10-09T20:12:04.2158114Z ok 50 - browser corpus rejects missing runtime fetch
2026-10-09T20:12:04.2158717Z   ---
2026-10-09T20:12:04.2159116Z   duration_ms: 1.833126
2026-10-09T20:12:04.2159571Z   type: 'test'
2026-10-09T20:12:04.2159995Z   ...
2026-10-09T20:12:04.2160586Z # Subtest: browser corpus rejects unbound deployment
2026-10-09T20:12:04.2161331Z ok 51 - browser corpus rejects unbound deployment
2026-10-09T20:12:04.2161952Z   ---
2026-10-09T20:12:04.2162348Z   duration_ms: 1.193166
2026-10-09T20:12:04.2162767Z   type: 'test'
2026-10-09T20:12:04.2176421Z   ...
2026-10-09T20:12:04.2177078Z # Subtest: browser corpus rejects source tree present
2026-10-09T20:12:04.2177717Z ok 52 - browser corpus rejects source tree present
2026-10-09T20:12:04.2178181Z   ---
2026-10-09T20:12:04.2178731Z   duration_ms: 1.216919
2026-10-09T20:12:04.2179072Z   type: 'test'
2026-10-09T20:12:04.2179356Z   ...
2026-10-09T20:12:04.2179806Z # Subtest: browser corpus rejects network access
2026-10-09T20:12:04.2180301Z ok 53 - browser corpus rejects network access
2026-10-09T20:12:04.2180716Z   ---
2026-10-09T20:12:04.2181044Z   duration_ms: 1.914323
2026-10-09T20:12:04.2181396Z   type: 'test'
2026-10-09T20:12:04.2181702Z   ...
2026-10-09T20:12:04.2182294Z # Subtest: browser corpus rejects missing React framework
2026-10-09T20:12:04.2182876Z ok 54 - browser corpus rejects missing React framework
2026-10-09T20:12:04.2183393Z   ---
2026-10-09T20:12:04.2183864Z   duration_ms: 1.336385
2026-10-09T20:12:04.2184175Z   type: 'test'
2026-10-09T20:12:04.2184474Z   ...
2026-10-09T20:12:04.2184952Z # Subtest: browser corpus rejects missing public API import
2026-10-09T20:12:04.2185471Z ok 55 - browser corpus rejects missing public API import
2026-10-09T20:12:04.2185872Z   ---
2026-10-09T20:12:04.2186186Z   duration_ms: 1.242576
2026-10-09T20:12:04.2186531Z   type: 'test'
2026-10-09T20:12:04.2186835Z   ...
2026-10-09T20:12:04.2187227Z # Subtest: browser corpus rejects missing asset recovery
2026-10-09T20:12:04.2187781Z ok 56 - browser corpus rejects missing asset recovery
2026-10-09T20:12:04.2188152Z   ---
2026-10-09T20:12:04.2188456Z   duration_ms: 1.562595
2026-10-09T20:12:04.2188806Z   type: 'test'
2026-10-09T20:12:04.2189078Z   ...
2026-10-09T20:12:04.2189496Z # Subtest: browser corpus rejects stale React effect
2026-10-09T20:12:04.2190026Z ok 57 - browser corpus rejects stale React effect
2026-10-09T20:12:04.2190412Z   ---
2026-10-09T20:12:04.2190691Z   duration_ms: 2.141864
2026-10-09T20:12:04.2191026Z   type: 'test'
2026-10-09T20:12:04.2191314Z   ...
2026-10-09T20:12:04.2191718Z # Subtest: browser corpus rejects pending React unmount
2026-10-09T20:12:04.2192239Z ok 58 - browser corpus rejects pending React unmount
2026-10-09T20:12:04.2192611Z   ---
2026-10-09T20:12:04.2192889Z   duration_ms: 1.78648
2026-10-09T20:12:04.2193198Z   type: 'test'
2026-10-09T20:12:04.2193640Z   ...
2026-10-09T20:12:04.2194029Z # Subtest: browser corpus rejects leaked worker
2026-10-09T20:12:04.2194470Z ok 59 - browser corpus rejects leaked worker
2026-10-09T20:12:04.2195072Z   ---
2026-10-09T20:12:04.2195458Z   duration_ms: 1.582639
2026-10-09T20:12:04.2195751Z   type: 'test'
2026-10-09T20:12:04.2196088Z   ...
2026-10-09T20:12:04.2196575Z # Subtest: Rust records compiler rejection separately from executed public calls
2026-10-09T20:12:04.2197267Z ok 60 - Rust records compiler rejection separately from executed public calls
2026-10-09T20:12:04.2197746Z   ---
2026-10-09T20:12:04.2198035Z   duration_ms: 111.517203
2026-10-09T20:12:04.2198357Z   type: 'test'
2026-10-09T20:12:04.2198654Z   ...
2026-10-09T20:12:07.1300831Z # Subtest: Rust compile-rejection evidence retains JSON beyond the display-tail limit
2026-10-09T20:12:07.1302033Z ok 61 - Rust compile-rejection evidence retains JSON beyond the display-tail limit
2026-10-09T20:12:07.1324811Z   ---
2026-10-09T20:12:07.1334202Z   duration_ms: 71.803414
2026-10-09T20:12:07.1354225Z   type: 'test'
2026-10-09T20:12:07.1370631Z   ...
2026-10-09T20:12:07.1371723Z # Subtest: Rust callers use independent typed signatures, borrowed inputs and owned results
2026-10-09T20:12:07.1372913Z ok 62 - Rust callers use independent typed signatures, borrowed inputs and owned results
2026-10-09T20:12:07.1373813Z   ---
2026-10-09T20:12:07.1374319Z   duration_ms: 3.802202
2026-10-09T20:12:07.1374759Z   type: 'test'
2026-10-09T20:12:07.1375063Z   ...
2026-10-09T20:12:07.1375521Z # Subtest: Rust corpus rejects missing compiler evidence
2026-10-09T20:12:07.1376079Z ok 63 - Rust corpus rejects missing compiler evidence
2026-10-09T20:12:07.1376467Z   ---
2026-10-09T20:12:07.1376887Z   duration_ms: 2.697249
2026-10-09T20:12:07.1377233Z   type: 'test'
2026-10-09T20:12:07.1377604Z   ...
2026-10-09T20:12:07.1378046Z # Subtest: Rust corpus rejects wrong compiler version
2026-10-09T20:12:07.1378540Z ok 64 - Rust corpus rejects wrong compiler version
2026-10-09T20:12:07.1379036Z   ---
2026-10-09T20:12:07.1379372Z   duration_ms: 1.986172
2026-10-09T20:12:07.1379765Z   type: 'test'
2026-10-09T20:12:07.1380140Z   ...
2026-10-09T20:12:07.1380562Z # Subtest: Rust corpus rejects unbound consumer source
2026-10-09T20:12:07.1381078Z ok 65 - Rust corpus rejects unbound consumer source
2026-10-09T20:12:07.1381479Z   ---
2026-10-09T20:12:07.1381825Z   duration_ms: 3.943213
2026-10-09T20:12:07.1382143Z   type: 'test'
2026-10-09T20:12:07.1382492Z   ...
2026-10-09T20:12:07.1382865Z # Subtest: Rust corpus rejects unchecked signatures
2026-10-09T20:12:07.1383441Z ok 66 - Rust corpus rejects unchecked signatures
2026-10-09T20:12:07.1383883Z   ---
2026-10-09T20:12:07.1384210Z   duration_ms: 4.546486
2026-10-09T20:12:07.1384536Z   type: 'test'
2026-10-09T20:12:07.1384827Z   ...
2026-10-09T20:12:07.1385254Z # Subtest: Rust corpus rejects wrong binding IR
2026-10-09T20:12:07.1385723Z ok 67 - Rust corpus rejects wrong binding IR
2026-10-09T20:12:07.1386092Z   ---
2026-10-09T20:12:07.1386424Z   duration_ms: 2.212634
2026-10-09T20:12:07.1386734Z   type: 'test'
2026-10-09T20:12:07.1387058Z   ...
2026-10-09T20:12:07.1387476Z # Subtest: Rust corpus rejects warm global cache
2026-10-09T20:12:07.1387926Z ok 68 - Rust corpus rejects warm global cache
2026-10-09T20:12:07.1388496Z   ---
2026-10-09T20:12:07.1388919Z   duration_ms: 3.452182
2026-10-09T20:12:07.1389404Z   type: 'test'
2026-10-09T20:12:07.1389804Z   ...
2026-10-09T20:12:07.1390322Z # Subtest: Rust corpus rejects online installation
2026-10-09T20:12:07.1391119Z ok 69 - Rust corpus rejects online installation
2026-10-09T20:12:07.1391687Z   ---
2026-10-09T20:12:07.1392109Z   duration_ms: 3.745555
2026-10-09T20:12:07.1392584Z   type: 'test'
2026-10-09T20:12:07.1393003Z   ...
2026-10-09T20:12:07.1393925Z # Subtest: Rust corpus rejects remaining source tree
2026-10-09T20:12:07.1394719Z ok 70 - Rust corpus rejects remaining source tree
2026-10-09T20:12:07.1395320Z   ---
2026-10-09T20:12:07.1395720Z   duration_ms: 4.077132
2026-10-09T20:12:07.1396223Z   type: 'test'
2026-10-09T20:12:07.1396623Z   ...
2026-10-09T20:12:07.1397200Z # Subtest: Rust corpus rejects missing exact integers
2026-10-09T20:12:07.1398448Z ok 71 - Rust corpus rejects missing exact integers
2026-10-09T20:12:07.1399127Z   ---
2026-10-09T20:12:07.1399566Z   duration_ms: 3.492958
2026-10-09T20:12:07.1400072Z   type: 'test'
2026-10-09T20:12:07.1400558Z   ...
2026-10-09T20:12:07.1401123Z # Subtest: Rust corpus rejects duplicate dependency
2026-10-09T20:12:07.1424017Z ok 72 - Rust corpus rejects duplicate dependency
2026-10-09T20:12:07.1424827Z   ---
2026-10-09T20:12:07.1425303Z   duration_ms: 3.689473
2026-10-09T20:12:07.1425800Z   type: 'test'
2026-10-09T20:12:07.1426284Z   ...
2026-10-09T20:12:07.1426856Z # Subtest: Rust corpus rejects unhashed executable
2026-10-09T20:12:07.1427650Z ok 73 - Rust corpus rejects unhashed executable
2026-10-09T20:12:07.1428264Z   ---
2026-10-09T20:12:07.1428704Z   duration_ms: 3.908344
2026-10-09T20:12:07.1429151Z   type: 'test'
2026-10-09T20:12:07.1429628Z   ...
2026-10-09T20:12:07.1430200Z # Subtest: Rust corpus rejects missing cleanup
2026-10-09T20:12:07.1430881Z ok 74 - Rust corpus rejects missing cleanup
2026-10-09T20:12:07.1431470Z   ---
2026-10-09T20:12:07.1431934Z   duration_ms: 3.198355
2026-10-09T20:12:07.1432393Z   type: 'test'
2026-10-09T20:12:07.1432848Z   ...
2026-10-09T20:12:07.1433606Z # Subtest: Rust corpus rejects unverified copies
2026-10-09T20:12:07.1434416Z ok 75 - Rust corpus rejects unverified copies
2026-10-09T20:12:07.1434958Z   ---
2026-10-09T20:12:07.1435464Z   duration_ms: 2.248147
2026-10-09T20:12:07.1435915Z   type: 'test'
2026-10-09T20:12:07.1436296Z   ...
2026-10-09T20:12:07.1437024Z # Subtest: Rust corpus rejects compiler failure counted as runtime
2026-10-09T20:12:07.1437916Z ok 76 - Rust corpus rejects compiler failure counted as runtime
2026-10-09T20:12:07.1438610Z   ---
2026-10-09T20:12:07.1439022Z   duration_ms: 2.560557
2026-10-09T20:12:07.1439548Z   type: 'test'
2026-10-09T20:12:07.1439967Z   ...
2026-10-09T20:12:07.1440569Z # Subtest: Rust corpus rejects unrelated compiler failure
2026-10-09T20:12:07.1441573Z ok 77 - Rust corpus rejects unrelated compiler failure
2026-10-09T20:12:07.1442147Z   ---
2026-10-09T20:12:07.1442575Z   duration_ms: 2.723395
2026-10-09T20:12:07.1443072Z   type: 'test'
2026-10-09T20:12:07.1452920Z   ...
2026-10-09T20:12:07.1454025Z # Subtest: Rust corpus rejects dependency compiler failure
2026-10-09T20:12:07.1454930Z ok 78 - Rust corpus rejects dependency compiler failure
2026-10-09T20:12:07.1455551Z   ---
2026-10-09T20:12:07.1455960Z   duration_ms: 2.888678
2026-10-09T20:12:07.1456500Z   type: 'test'
2026-10-09T20:12:07.1456905Z   ...
2026-10-09T20:12:07.1457669Z # Subtest: Rust corpus rejects missing compiler diagnostic
2026-10-09T20:12:07.1458571Z ok 79 - Rust corpus rejects missing compiler diagnostic
2026-10-09T20:12:07.1459152Z   ---
2026-10-09T20:12:07.1459569Z   duration_ms: 2.83974
2026-10-09T20:12:07.1460005Z   type: 'test'
2026-10-09T20:12:07.1460494Z   ...
2026-10-09T20:12:07.1461071Z # Subtest: Rust corpus rejects changed rejected source
2026-10-09T20:12:07.1461794Z ok 80 - Rust corpus rejects changed rejected source
2026-10-09T20:12:07.1462465Z   ---
2026-10-09T20:12:07.1462911Z   duration_ms: 2.145806
2026-10-09T20:12:07.1463528Z   type: 'test'
2026-10-09T20:12:07.1464016Z   ...
2026-10-09T20:12:07.1474123Z # Subtest: Rust corpus rejects wrong runtime error
2026-10-09T20:12:07.1475126Z ok 81 - Rust corpus rejects wrong runtime error
2026-10-09T20:12:07.1475769Z   ---
2026-10-09T20:12:07.1476251Z   duration_ms: 3.114429
2026-10-09T20:12:07.1476730Z   type: 'test'
2026-10-09T20:12:07.1477239Z   ...
2026-10-09T20:12:07.1477836Z # Subtest: Rust corpus rejects missing limit rejection
2026-10-09T20:12:07.1478605Z ok 82 - Rust corpus rejects missing limit rejection
2026-10-09T20:12:07.1479207Z   ---
2026-10-09T20:12:07.1479669Z   duration_ms: 4.060354
2026-10-09T20:12:07.1480174Z   type: 'test'
2026-10-09T20:12:07.1480607Z   ...
2026-10-09T20:12:07.1481202Z # Subtest: Rust corpus rejects failed limit recovery
2026-10-09T20:12:07.1481985Z ok 83 - Rust corpus rejects failed limit recovery
2026-10-09T20:12:07.1482572Z   ---
2026-10-09T20:12:07.1497711Z   duration_ms: 3.729191
2026-10-09T20:12:07.1498599Z   type: 'test'
2026-10-09T20:12:07.1499176Z   ...
2026-10-09T20:12:07.1500054Z # Subtest: c corpus separates native numeric acceptance from compiler rejection
2026-10-09T20:12:07.1501150Z ok 84 - c corpus separates native numeric acceptance from compiler rejection
2026-10-09T20:12:07.1501933Z   ---
2026-10-09T20:12:07.1502406Z   duration_ms: 127.307516
2026-10-09T20:12:07.1502967Z   type: 'test'
2026-10-09T20:12:07.1532548Z   ...
2026-10-09T20:12:07.1533800Z # Subtest: cpp corpus separates native numeric acceptance from compiler rejection
2026-10-09T20:12:07.1534908Z ok 85 - cpp corpus separates native numeric acceptance from compiler rejection
2026-10-09T20:12:07.1535676Z   ---
2026-10-09T20:12:07.1536137Z   duration_ms: 109.734601
2026-10-09T20:12:07.1536690Z   type: 'test'
2026-10-09T20:12:07.1537154Z   ...
2026-10-09T20:12:07.1537747Z # Subtest: c corpus rejects missing compiler evidence
2026-10-09T20:12:07.1538582Z ok 86 - c corpus rejects missing compiler evidence
2026-10-09T20:12:07.1539207Z   ---
2026-10-09T20:12:07.1539625Z   duration_ms: 3.91446
2026-10-09T20:12:07.1540177Z   type: 'test'
2026-10-09T20:12:07.1540583Z   ...
2026-10-09T20:12:07.1541209Z # Subtest: c corpus rejects old compiler
2026-10-09T20:12:07.1541921Z ok 87 - c corpus rejects old compiler
2026-10-09T20:12:07.1542431Z   ---
2026-10-09T20:12:07.1542848Z   duration_ms: 4.162675
2026-10-09T20:12:07.1543512Z   type: 'test'
2026-10-09T20:12:07.1543985Z   ...
2026-10-09T20:12:07.1544533Z # Subtest: c corpus rejects wrong standard
2026-10-09T20:12:07.1545169Z ok 88 - c corpus rejects wrong standard
2026-10-09T20:12:07.1545772Z   ---
2026-10-09T20:12:07.1546155Z   duration_ms: 5.400527
2026-10-09T20:12:07.1546644Z   type: 'test'
2026-10-09T20:12:07.1547119Z   ...
2026-10-09T20:12:07.1547660Z # Subtest: c corpus rejects unbound source
2026-10-09T20:12:07.1548296Z ok 89 - c corpus rejects unbound source
2026-10-09T20:12:07.1548875Z   ---
2026-10-09T20:12:07.1549322Z   duration_ms: 4.644249
2026-10-09T20:12:07.1549762Z   type: 'test'
2026-10-09T20:12:07.1550328Z   ...
2026-10-09T20:12:07.1550859Z # Subtest: c corpus rejects unchecked signatures
2026-10-09T20:12:07.1551567Z ok 90 - c corpus rejects unchecked signatures
2026-10-09T20:12:07.1552159Z   ---
2026-10-09T20:12:07.1552557Z   duration_ms: 4.269161
2026-10-09T20:12:07.1552997Z   type: 'test'
2026-10-09T20:12:07.1563811Z   ...
2026-10-09T20:12:07.1564668Z # Subtest: c corpus rejects wrong binding IR
2026-10-09T20:12:07.1565352Z ok 91 - c corpus rejects wrong binding IR
2026-10-09T20:12:07.1565931Z   ---
2026-10-09T20:12:07.1566405Z   duration_ms: 3.754738
2026-10-09T20:12:07.1566857Z   type: 'test'
2026-10-09T20:12:07.1567347Z   ...
2026-10-09T20:12:07.1567900Z # Subtest: c corpus rejects remaining sources
2026-10-09T20:12:07.1568593Z ok 92 - c corpus rejects remaining sources
2026-10-09T20:12:07.1569116Z   ---
2026-10-09T20:12:07.1569591Z   duration_ms: 4.251901
2026-10-09T20:12:07.1570052Z   type: 'test'
2026-10-09T20:12:07.1570488Z   ...
2026-10-09T20:12:07.1571099Z # Subtest: c corpus rejects compiler during execution
2026-10-09T20:12:07.1571865Z ok 93 - c corpus rejects compiler during execution
2026-10-09T20:12:07.1572459Z   ---
2026-10-09T20:12:07.1572874Z   duration_ms: 5.463544
2026-10-09T20:12:07.1573515Z   type: 'test'
2026-10-09T20:12:07.1573983Z   ...
2026-10-09T20:12:07.1574474Z # Subtest: c corpus rejects runtime override
2026-10-09T20:12:07.1575233Z ok 94 - c corpus rejects runtime override
2026-10-09T20:12:07.1575754Z   ---
2026-10-09T20:12:07.1576133Z   duration_ms: 4.163922
2026-10-09T20:12:07.1576635Z   type: 'test'
2026-10-09T20:12:07.1577069Z   ...
2026-10-09T20:12:07.1577595Z # Subtest: c corpus rejects private headers
2026-10-09T20:12:07.1578338Z ok 95 - c corpus rejects private headers
2026-10-09T20:12:07.1578862Z   ---
2026-10-09T20:12:07.1579322Z   duration_ms: 4.191211
2026-10-09T20:12:07.1579782Z   type: 'test'
2026-10-09T20:12:07.1580255Z   ...
2026-10-09T20:12:07.1580844Z # Subtest: c corpus rejects unchecked narrowing
2026-10-09T20:12:07.1581945Z ok 96 - c corpus rejects unchecked narrowing
2026-10-09T20:12:07.1582522Z   ---
2026-10-09T20:12:07.1582973Z   duration_ms: 5.429639
2026-10-09T20:12:07.1583580Z   type: 'test'
2026-10-09T20:12:07.1583965Z   ...
2026-10-09T20:12:07.1584481Z # Subtest: c corpus rejects missing CMake
2026-10-09T20:12:07.1585112Z ok 97 - c corpus rejects missing CMake
2026-10-09T20:12:07.1585606Z   ---
2026-10-09T20:12:07.1586006Z   duration_ms: 6.63303
2026-10-09T20:12:07.1586479Z   type: 'test'
2026-10-09T20:12:07.1586884Z   ...
2026-10-09T20:12:07.1587382Z # Subtest: c corpus rejects unexecuted integration
2026-10-09T20:12:07.1588133Z ok 98 - c corpus rejects unexecuted integration
2026-10-09T20:12:07.1588653Z   ---
2026-10-09T20:12:07.1589045Z   duration_ms: 7.845797
2026-10-09T20:12:07.1589604Z   type: 'test'
2026-10-09T20:12:07.1589970Z   ...
2026-10-09T20:12:07.1590492Z # Subtest: c corpus rejects nonlocal runtime
2026-10-09T20:12:07.1591103Z ok 99 - c corpus rejects nonlocal runtime
2026-10-09T20:12:07.1591722Z   ---
2026-10-09T20:12:07.1592109Z   duration_ms: 6.628248
2026-10-09T20:12:07.1592513Z   type: 'test'
2026-10-09T20:12:07.1592975Z   ...
2026-10-09T20:12:07.1609703Z # Subtest: c corpus rejects missing runtime library
2026-10-09T20:12:07.1610472Z ok 100 - c corpus rejects missing runtime library
2026-10-09T20:12:07.1611122Z   ---
2026-10-09T20:12:07.1611523Z   duration_ms: 9.544741
2026-10-09T20:12:07.1611945Z   type: 'test'
2026-10-09T20:12:07.1612364Z   ...
2026-10-09T20:12:07.1612855Z # Subtest: c corpus rejects wrong runtime rejection
2026-10-09T20:12:07.1613489Z ok 101 - c corpus rejects wrong runtime rejection
2026-10-09T20:12:07.1614028Z   ---
2026-10-09T20:12:07.1614318Z   duration_ms: 7.560535
2026-10-09T20:12:07.1614656Z   type: 'test'
2026-10-09T20:12:07.1614953Z   ...
2026-10-09T20:12:07.1615325Z # Subtest: c corpus rejects failed recovery
2026-10-09T20:12:07.1615734Z ok 102 - c corpus rejects failed recovery
2026-10-09T20:12:07.1616051Z   ---
2026-10-09T20:12:07.1616406Z   duration_ms: 7.083365
2026-10-09T20:12:07.1616740Z   type: 'test'
2026-10-09T20:12:07.1617035Z   ...
2026-10-09T20:12:07.1617417Z # Subtest: c corpus rejects missing error check
2026-10-09T20:12:07.1617857Z ok 103 - c corpus rejects missing error check
2026-10-09T20:12:07.1618259Z   ---
2026-10-09T20:12:07.1618586Z   duration_ms: 8.144864
2026-10-09T20:12:07.1618931Z   type: 'test'
2026-10-09T20:12:07.1619216Z   ...
2026-10-09T20:12:07.1619561Z # Subtest: c corpus rejects aliased record
2026-10-09T20:12:07.1620048Z ok 104 - c corpus rejects aliased record
2026-10-09T20:12:07.1620710Z   ---
2026-10-09T20:12:07.1684144Z   duration_ms: 3.629329
2026-10-09T20:12:07.1684566Z   type: 'test'
2026-10-09T20:12:07.1684890Z   ...
2026-10-09T20:12:07.1685393Z # Subtest: c corpus rejects unrelated compiler failure
2026-10-09T20:12:07.1686093Z ok 105 - c corpus rejects unrelated compiler failure
2026-10-09T20:12:07.1686548Z   ---
2026-10-09T20:12:07.1686856Z   duration_ms: 3.731355
2026-10-09T20:12:07.1687231Z   type: 'test'
2026-10-09T20:12:07.1687544Z   ...
2026-10-09T20:12:07.1688008Z # Subtest: c corpus rejects header compiler failure
2026-10-09T20:12:07.1688618Z ok 106 - c corpus rejects header compiler failure
2026-10-09T20:12:07.1689073Z   ---
2026-10-09T20:12:07.1689375Z   duration_ms: 2.531846
2026-10-09T20:12:07.1689723Z   type: 'test'
2026-10-09T20:12:07.1690032Z   ...
2026-10-09T20:12:07.1690478Z # Subtest: c corpus rejects changed rejected input
2026-10-09T20:12:07.1691068Z ok 107 - c corpus rejects changed rejected input
2026-10-09T20:12:07.1691499Z   ---
2026-10-09T20:12:07.1691800Z   duration_ms: 4.511267
2026-10-09T20:12:07.1692129Z   type: 'test'
2026-10-09T20:12:07.1692429Z   ...
2026-10-09T20:12:07.1692893Z # Subtest: cpp corpus rejects missing compiler evidence
2026-10-09T20:12:07.1693886Z ok 108 - cpp corpus rejects missing compiler evidence
2026-10-09T20:12:07.1694364Z   ---
2026-10-09T20:12:07.1694674Z   duration_ms: 3.996333
2026-10-09T20:12:07.1695031Z   type: 'test'
2026-10-09T20:12:07.1695611Z   ...
2026-10-09T20:12:07.1696134Z # Subtest: cpp corpus rejects old compiler
2026-10-09T20:12:07.1696693Z ok 109 - cpp corpus rejects old compiler
2026-10-09T20:12:07.1697110Z   ---
2026-10-09T20:12:07.1697420Z   duration_ms: 3.092185
2026-10-09T20:12:07.1697782Z   type: 'test'
2026-10-09T20:12:07.1698087Z   ...
2026-10-09T20:12:07.1698493Z # Subtest: cpp corpus rejects wrong standard
2026-10-09T20:12:07.1699045Z ok 110 - cpp corpus rejects wrong standard
2026-10-09T20:12:07.1699408Z   ---
2026-10-09T20:12:07.1699626Z   duration_ms: 3.562598
2026-10-09T20:12:07.1699864Z   type: 'test'
2026-10-09T20:12:07.1700087Z   ...
2026-10-09T20:12:07.1700365Z # Subtest: cpp corpus rejects unbound source
2026-10-09T20:12:07.1700720Z ok 111 - cpp corpus rejects unbound source
2026-10-09T20:12:07.1701007Z   ---
2026-10-09T20:12:07.1701216Z   duration_ms: 6.465666
2026-10-09T20:12:07.1701453Z   type: 'test'
2026-10-09T20:12:07.1701663Z   ...
2026-10-09T20:12:07.1701969Z # Subtest: cpp corpus rejects unchecked signatures
2026-10-09T20:12:07.1702384Z ok 112 - cpp corpus rejects unchecked signatures
2026-10-09T20:12:07.1702679Z   ---
2026-10-09T20:12:07.1702897Z   duration_ms: 3.520521
2026-10-09T20:12:07.1703134Z   type: 'test'
2026-10-09T20:12:07.1703567Z   ...
2026-10-09T20:12:07.1703995Z # Subtest: cpp corpus rejects wrong binding IR
2026-10-09T20:12:07.1704563Z ok 113 - cpp corpus rejects wrong binding IR
2026-10-09T20:12:07.1704990Z   ---
2026-10-09T20:12:07.1705290Z   duration_ms: 2.341206
2026-10-09T20:12:07.1705647Z   type: 'test'
2026-10-09T20:12:07.1705955Z   ...
2026-10-09T20:12:07.1706383Z # Subtest: cpp corpus rejects remaining sources
2026-10-09T20:12:07.1706982Z ok 114 - cpp corpus rejects remaining sources
2026-10-09T20:12:07.1707421Z   ---
2026-10-09T20:12:07.1707726Z   duration_ms: 4.919124
2026-10-09T20:12:07.1708073Z   type: 'test'
2026-10-09T20:12:07.1708373Z   ...
2026-10-09T20:12:07.1708874Z # Subtest: cpp corpus rejects compiler during execution
2026-10-09T20:12:07.1709538Z ok 115 - cpp corpus rejects compiler during execution
2026-10-09T20:12:07.1710027Z   ---
2026-10-09T20:12:07.1710335Z   duration_ms: 3.500281
2026-10-09T20:12:07.1710743Z   type: 'test'
2026-10-09T20:12:07.1711055Z   ...
2026-10-09T20:12:07.1711460Z # Subtest: cpp corpus rejects runtime override
2026-10-09T20:12:07.1712010Z ok 116 - cpp corpus rejects runtime override
2026-10-09T20:12:07.1712443Z   ---
2026-10-09T20:12:07.1712729Z   duration_ms: 3.428548
2026-10-09T20:12:07.1713066Z   type: 'test'
2026-10-09T20:12:07.1725573Z   ...
2026-10-09T20:12:07.1726116Z # Subtest: cpp corpus rejects private headers
2026-10-09T20:12:07.1726714Z ok 117 - cpp corpus rejects private headers
2026-10-09T20:12:07.1727157Z   ---
2026-10-09T20:12:07.1727480Z   duration_ms: 4.777975
2026-10-09T20:12:07.1727835Z   type: 'test'
2026-10-09T20:12:07.1728145Z   ...
2026-10-09T20:12:07.1728618Z # Subtest: cpp corpus rejects unchecked narrowing
2026-10-09T20:12:07.1729245Z ok 118 - cpp corpus rejects unchecked narrowing
2026-10-09T20:12:07.1729700Z   ---
2026-10-09T20:12:07.1730026Z   duration_ms: 5.245992
2026-10-09T20:12:07.1730391Z   type: 'test'
2026-10-09T20:12:07.1730699Z   ...
2026-10-09T20:12:07.1731119Z # Subtest: cpp corpus rejects missing CMake
2026-10-09T20:12:07.1731656Z ok 119 - cpp corpus rejects missing CMake
2026-10-09T20:12:07.1732073Z   ---
2026-10-09T20:12:07.1732373Z   duration_ms: 5.521788
2026-10-09T20:12:07.1732700Z   type: 'test'
2026-10-09T20:12:07.1733004Z   ...
2026-10-09T20:12:07.1733628Z # Subtest: cpp corpus rejects unexecuted integration
2026-10-09T20:12:07.1734245Z ok 120 - cpp corpus rejects unexecuted integration
2026-10-09T20:12:07.1734720Z   ---
2026-10-09T20:12:07.1735029Z   duration_ms: 5.854614
2026-10-09T20:12:07.1735385Z   type: 'test'
2026-10-09T20:12:07.1735687Z   ...
2026-10-09T20:12:07.1736099Z # Subtest: cpp corpus rejects nonlocal runtime
2026-10-09T20:12:07.1736655Z ok 121 - cpp corpus rejects nonlocal runtime
2026-10-09T20:12:07.1737080Z   ---
2026-10-09T20:12:07.1737380Z   duration_ms: 3.459664
2026-10-09T20:12:07.1737998Z   type: 'test'
2026-10-09T20:12:07.1738294Z   ...
2026-10-09T20:12:07.1738846Z # Subtest: cpp corpus rejects missing runtime library
2026-10-09T20:12:07.1739481Z ok 122 - cpp corpus rejects missing runtime library
2026-10-09T20:12:07.1739935Z   ---
2026-10-09T20:12:07.1740231Z   duration_ms: 3.662561
2026-10-09T20:12:07.1740574Z   type: 'test'
2026-10-09T20:12:07.1740970Z   ...
2026-10-09T20:12:07.1741417Z # Subtest: cpp corpus rejects wrong runtime rejection
2026-10-09T20:12:07.1742049Z ok 123 - cpp corpus rejects wrong runtime rejection
2026-10-09T20:12:07.1742496Z   ---
2026-10-09T20:12:07.1742791Z   duration_ms: 5.050664
2026-10-09T20:12:07.1743143Z   type: 'test'
2026-10-09T20:12:07.1743617Z   ...
2026-10-09T20:12:07.1744072Z # Subtest: cpp corpus rejects failed recovery
2026-10-09T20:12:07.1744652Z ok 124 - cpp corpus rejects failed recovery
2026-10-09T20:12:07.1745094Z   ---
2026-10-09T20:12:07.1745397Z   duration_ms: 3.782668
2026-10-09T20:12:07.1745749Z   type: 'test'
2026-10-09T20:12:07.1746069Z   ...
2026-10-09T20:12:07.1746515Z # Subtest: cpp corpus rejects missing error check
2026-10-09T20:12:07.1747092Z ok 125 - cpp corpus rejects missing error check
2026-10-09T20:12:07.1747525Z   ---
2026-10-09T20:12:07.1747794Z   duration_ms: 3.975956
2026-10-09T20:12:07.1748101Z   type: 'test'
2026-10-09T20:12:07.1748371Z   ...
2026-10-09T20:12:07.1748783Z # Subtest: cpp corpus rejects aliased record
2026-10-09T20:12:07.1749315Z ok 126 - cpp corpus rejects aliased record
2026-10-09T20:12:07.1749720Z   ---
2026-10-09T20:12:07.1750017Z   duration_ms: 3.145931
2026-10-09T20:12:07.1750358Z   type: 'test'
2026-10-09T20:12:07.1750660Z   ...
2026-10-09T20:12:07.1751122Z # Subtest: cpp corpus rejects unrelated compiler failure
2026-10-09T20:12:07.1751787Z ok 127 - cpp corpus rejects unrelated compiler failure
2026-10-09T20:12:07.1752249Z   ---
2026-10-09T20:12:07.1752548Z   duration_ms: 1.97116
2026-10-09T20:12:07.1752881Z   type: 'test'
2026-10-09T20:12:07.1753167Z   ...
2026-10-09T20:12:07.1753891Z # Subtest: cpp corpus rejects header compiler failure
2026-10-09T20:12:07.1754532Z ok 128 - cpp corpus rejects header compiler failure
2026-10-09T20:12:07.1754976Z   ---
2026-10-09T20:12:07.1755271Z   duration_ms: 1.903296
2026-10-09T20:12:07.1755611Z   type: 'test'
2026-10-09T20:12:07.1755904Z   ...
2026-10-09T20:12:07.1756307Z # Subtest: cpp corpus rejects changed rejected input
2026-10-09T20:12:07.1756889Z ok 129 - cpp corpus rejects changed rejected input
2026-10-09T20:12:07.1757298Z   ---
2026-10-09T20:12:07.1757563Z   duration_ms: 1.945615
2026-10-09T20:12:07.1757943Z   type: 'test'
2026-10-09T20:12:07.1758173Z   ...
2026-10-09T20:12:07.1758591Z # Subtest: .NET separates C\# type errors from executed public calls and recovery
2026-10-09T20:12:07.1759176Z ok 130 - .NET separates C\# type errors from executed public calls and recovery
2026-10-09T20:12:07.1759547Z   ---
2026-10-09T20:12:07.1759770Z   duration_ms: 108.513688
2026-10-09T20:12:07.1760013Z   type: 'test'
2026-10-09T20:12:07.1760218Z   ...
2026-10-09T20:12:07.1760670Z # Subtest: .NET requires source-located Roslyn diagnostics for the exact rejected input
2026-10-09T20:12:07.1761301Z ok 131 - .NET requires source-located Roslyn diagnostics for the exact rejected input
2026-10-09T20:12:07.1761816Z   ---
2026-10-09T20:12:07.1762088Z   duration_ms: 1.209953
2026-10-09T20:12:07.1762322Z   type: 'test'
2026-10-09T20:12:07.1762521Z   ...
2026-10-09T20:12:07.1762834Z # Subtest: .NET corpus rejects missing compiler evidence
2026-10-09T20:12:07.1763249Z ok 132 - .NET corpus rejects missing compiler evidence
2026-10-09T20:12:07.1763779Z   ---
2026-10-09T20:12:07.1763992Z   duration_ms: 4.941651
2026-10-09T20:12:07.1764241Z   type: 'test'
2026-10-09T20:12:07.1764452Z   ...
2026-10-09T20:12:07.1764715Z # Subtest: .NET corpus rejects wrong SDK
2026-10-09T20:12:07.1765058Z ok 133 - .NET corpus rejects wrong SDK
2026-10-09T20:12:07.1765322Z   ---
2026-10-09T20:12:07.1765521Z   duration_ms: 1.912213
2026-10-09T20:12:07.1765755Z   type: 'test'
2026-10-09T20:12:07.1766154Z   ...
2026-10-09T20:12:07.1766514Z # Subtest: .NET corpus rejects wrong runtime
2026-10-09T20:12:07.1766871Z ok 134 - .NET corpus rejects wrong runtime
2026-10-09T20:12:07.1767147Z   ---
2026-10-09T20:12:07.1767346Z   duration_ms: 1.954159
2026-10-09T20:12:07.1767568Z   type: 'test'
2026-10-09T20:12:07.1767773Z   ...
2026-10-09T20:12:07.1768040Z # Subtest: .NET corpus rejects wrong compiler
2026-10-09T20:12:07.1768392Z ok 135 - .NET corpus rejects wrong compiler
2026-10-09T20:12:07.1768661Z   ---
2026-10-09T20:12:07.1768868Z   duration_ms: 1.860103
2026-10-09T20:12:07.1769089Z   type: 'test'
2026-10-09T20:12:07.1769289Z   ...
2026-10-09T20:12:07.1769592Z # Subtest: .NET corpus rejects unchecked compiler flags
2026-10-09T20:12:07.1770100Z ok 136 - .NET corpus rejects unchecked compiler flags
2026-10-09T20:12:07.1770388Z   ---
2026-10-09T20:12:07.1770594Z   duration_ms: 4.417934
2026-10-09T20:12:07.1770820Z   type: 'test'
2026-10-09T20:12:07.1771021Z   ...
2026-10-09T20:12:07.1771290Z # Subtest: .NET corpus rejects unbound source
2026-10-09T20:12:07.1771662Z ok 137 - .NET corpus rejects unbound source
2026-10-09T20:12:07.1771935Z   ---
2026-10-09T20:12:07.1772135Z   duration_ms: 2.596595
2026-10-09T20:12:07.1772371Z   type: 'test'
2026-10-09T20:12:07.1772568Z   ...
2026-10-09T20:12:07.1772851Z # Subtest: .NET corpus rejects unchecked signatures
2026-10-09T20:12:07.1773242Z ok 138 - .NET corpus rejects unchecked signatures
2026-10-09T20:12:07.1773796Z   ---
2026-10-09T20:12:07.1774067Z   duration_ms: 2.649254
2026-10-09T20:12:07.1774356Z   type: 'test'
2026-10-09T20:12:07.1774569Z   ...
2026-10-09T20:12:07.1774847Z # Subtest: .NET corpus rejects wrong binding IR
2026-10-09T20:12:07.1775270Z ok 139 - .NET corpus rejects wrong binding IR
2026-10-09T20:12:07.1775629Z   ---
2026-10-09T20:12:07.1775836Z   duration_ms: 2.587445
2026-10-09T20:12:07.1776066Z   type: 'test'
2026-10-09T20:12:07.1776278Z   ...
2026-10-09T20:12:07.1776574Z # Subtest: .NET corpus rejects unhashed declarations
2026-10-09T20:12:07.1776966Z ok 140 - .NET corpus rejects unhashed declarations
2026-10-09T20:12:07.1777268Z   ---
2026-10-09T20:12:07.1777473Z   duration_ms: 1.886801
2026-10-09T20:12:07.1777697Z   type: 'test'
2026-10-09T20:12:07.1777892Z   ...
2026-10-09T20:12:07.1778177Z # Subtest: .NET corpus rejects unhashed package
2026-10-09T20:12:07.1778545Z ok 141 - .NET corpus rejects unhashed package
2026-10-09T20:12:07.1778820Z   ---
2026-10-09T20:12:07.1779026Z   duration_ms: 3.578456
2026-10-09T20:12:07.1779250Z   type: 'test'
2026-10-09T20:12:07.1779448Z   ...
2026-10-09T20:12:07.1779759Z # Subtest: .NET corpus rejects missing reference assembly
2026-10-09T20:12:07.1780187Z ok 142 - .NET corpus rejects missing reference assembly
2026-10-09T20:12:07.1780482Z   ---
2026-10-09T20:12:07.1780676Z   duration_ms: 2.920294
2026-10-09T20:12:07.1780906Z   type: 'test'
2026-10-09T20:12:07.1781107Z   ...
2026-10-09T20:12:07.1781461Z # Subtest: .NET corpus rejects private API
2026-10-09T20:12:07.1781931Z ok 143 - .NET corpus rejects private API
2026-10-09T20:12:07.1782303Z   ---
2026-10-09T20:12:07.1782517Z   duration_ms: 2.63296
2026-10-09T20:12:07.1782744Z   type: 'test'
2026-10-09T20:12:07.1782958Z   ...
2026-10-09T20:12:07.1783239Z # Subtest: .NET corpus rejects remaining sources
2026-10-09T20:12:07.1783707Z ok 144 - .NET corpus rejects remaining sources
2026-10-09T20:12:07.1784065Z   ---
2026-10-09T20:12:07.1784330Z   duration_ms: 2.578056
2026-10-09T20:12:07.1784643Z   type: 'test'
2026-10-09T20:12:07.1784931Z   ...
2026-10-09T20:12:07.1785355Z # Subtest: .NET corpus rejects warm package cache
2026-10-09T20:12:07.1785944Z ok 145 - .NET corpus rejects warm package cache
2026-10-09T20:12:07.1786374Z   ---
2026-10-09T20:12:07.1786681Z   duration_ms: 3.821396
2026-10-09T20:12:07.1787013Z   type: 'test'
2026-10-09T20:12:07.1787313Z   ...
2026-10-09T20:12:07.1787715Z # Subtest: .NET corpus rejects warm CLI home
2026-10-09T20:12:07.1788216Z ok 146 - .NET corpus rejects warm CLI home
2026-10-09T20:12:07.1788600Z   ---
2026-10-09T20:12:07.1788941Z   duration_ms: 2.555296
2026-10-09T20:12:07.1789548Z   type: 'test'
2026-10-09T20:12:07.1789998Z   ...
2026-10-09T20:12:07.1790411Z # Subtest: .NET corpus rejects online restore
2026-10-09T20:12:07.1790970Z ok 147 - .NET corpus rejects online restore
2026-10-09T20:12:07.1791388Z   ---
2026-10-09T20:12:07.1791679Z   duration_ms: 2.46244
2026-10-09T20:12:07.1792025Z   type: 'test'
2026-10-09T20:12:07.1792314Z   ...
2026-10-09T20:12:07.1792708Z # Subtest: .NET corpus rejects unlocked restore
2026-10-09T20:12:07.1793435Z ok 148 - .NET corpus rejects unlocked restore
2026-10-09T20:12:07.1793882Z   ---
2026-10-09T20:12:07.1794159Z   duration_ms: 2.461321
2026-10-09T20:12:07.1794463Z   type: 'test'
2026-10-09T20:12:07.1794683Z   ...
2026-10-09T20:12:07.1794995Z # Subtest: .NET corpus rejects compiler during execution
2026-10-09T20:12:07.1795408Z ok 149 - .NET corpus rejects compiler during execution
2026-10-09T20:12:07.1795707Z   ---
2026-10-09T20:12:07.1795910Z   duration_ms: 3.656792
2026-10-09T20:12:07.1796138Z   type: 'test'
2026-10-09T20:12:07.1796354Z   ...
2026-10-09T20:12:07.1796622Z # Subtest: .NET corpus rejects SDK at runtime
2026-10-09T20:12:07.1796973Z ok 150 - .NET corpus rejects SDK at runtime
2026-10-09T20:12:07.1797241Z   ---
2026-10-09T20:12:07.1797445Z   duration_ms: 2.689922
2026-10-09T20:12:07.1797668Z   type: 'test'
2026-10-09T20:12:07.1797867Z   ...
2026-10-09T20:12:07.1798163Z # Subtest: .NET corpus rejects missing native runtime
2026-10-09T20:12:07.1798553Z ok 151 - .NET corpus rejects missing native runtime
2026-10-09T20:12:07.1798843Z   ---
2026-10-09T20:12:07.1799049Z   duration_ms: 2.69574
2026-10-09T20:12:07.1799274Z   type: 'test'
2026-10-09T20:12:07.1799471Z   ...
2026-10-09T20:12:07.1799741Z # Subtest: .NET corpus rejects changed assembly
2026-10-09T20:12:07.1800107Z ok 152 - .NET corpus rejects changed assembly
2026-10-09T20:12:07.1800378Z   ---
2026-10-09T20:12:07.1800573Z   duration_ms: 2.783588
2026-10-09T20:12:07.1800808Z   type: 'test'
2026-10-09T20:12:07.1801006Z   ...
2026-10-09T20:12:07.1801289Z # Subtest: .NET corpus rejects wrong host binary
2026-10-09T20:12:07.1801661Z ok 153 - .NET corpus rejects wrong host binary
2026-10-09T20:12:07.1801934Z   ---
2026-10-09T20:12:07.1802132Z   duration_ms: 2.628823
2026-10-09T20:12:07.1802358Z   type: 'test'
2026-10-09T20:12:07.1802565Z   ...
2026-10-09T20:12:07.1802852Z # Subtest: .NET corpus rejects wrong loaded library
2026-10-09T20:12:07.1803230Z ok 154 - .NET corpus rejects wrong loaded library
2026-10-09T20:12:07.1803764Z   ---
2026-10-09T20:12:07.1803970Z   duration_ms: 4.271957
2026-10-09T20:12:07.1804197Z   type: 'test'
2026-10-09T20:12:07.1804405Z   ...
2026-10-09T20:12:07.1804691Z # Subtest: .NET corpus rejects wrong assembly path
2026-10-09T20:12:07.1805085Z ok 155 - .NET corpus rejects wrong assembly path
2026-10-09T20:12:07.1805375Z   ---
2026-10-09T20:12:07.1805571Z   duration_ms: 4.296222
2026-10-09T20:12:07.1805793Z   type: 'test'
2026-10-09T20:12:07.1805999Z   ...
2026-10-09T20:12:07.1806289Z # Subtest: .NET corpus rejects retained copied records
2026-10-09T20:12:07.1806697Z ok 156 - .NET corpus rejects retained copied records
2026-10-09T20:12:07.1806986Z   ---
2026-10-09T20:12:07.1807194Z   duration_ms: 3.70683
2026-10-09T20:12:07.1807417Z   type: 'test'
2026-10-09T20:12:07.1807619Z   ...
2026-10-09T20:12:07.1807920Z # Subtest: .NET corpus rejects missing runtime error
2026-10-09T20:12:07.1808302Z ok 157 - .NET corpus rejects missing runtime error
2026-10-09T20:12:07.1808585Z   ---
2026-10-09T20:12:07.1808792Z   duration_ms: 4.547322
2026-10-09T20:12:07.1809017Z   type: 'test'
2026-10-09T20:12:07.1809218Z   ...
2026-10-09T20:12:07.1809497Z # Subtest: .NET corpus rejects wrong runtime error
2026-10-09T20:12:07.1809872Z ok 158 - .NET corpus rejects wrong runtime error
2026-10-09T20:12:07.1810152Z   ---
2026-10-09T20:12:07.1810346Z   duration_ms: 4.950596
2026-10-09T20:12:07.1810577Z   type: 'test'
2026-10-09T20:12:07.1810776Z   ...
2026-10-09T20:12:07.1811061Z # Subtest: .NET corpus rejects failed error recovery
2026-10-09T20:12:07.1811436Z ok 159 - .NET corpus rejects failed error recovery
2026-10-09T20:12:07.1812002Z   ---
2026-10-09T20:12:07.1812206Z   duration_ms: 3.975839
2026-10-09T20:12:07.1812428Z   type: 'test'
2026-10-09T20:12:07.1812634Z   ...
2026-10-09T20:12:07.1812914Z # Subtest: .NET corpus rejects failed Nat recovery
2026-10-09T20:12:07.1813436Z ok 160 - .NET corpus rejects failed Nat recovery
2026-10-09T20:12:07.1813858Z   ---
2026-10-09T20:12:07.1814119Z   duration_ms: 1.608531
2026-10-09T20:12:07.1814423Z   type: 'test'
2026-10-09T20:12:07.1814631Z   ...
2026-10-09T20:12:07.1814946Z # Subtest: .NET corpus rejects unrelated compiler failure
2026-10-09T20:12:07.1815368Z ok 161 - .NET corpus rejects unrelated compiler failure
2026-10-09T20:12:07.1815663Z   ---
2026-10-09T20:12:07.1815872Z   duration_ms: 1.536396
2026-10-09T20:12:07.1816095Z   type: 'test'
2026-10-09T20:12:07.1816293Z   ...
2026-10-09T20:12:07.1816613Z # Subtest: .NET corpus rejects dependency compiler failure
2026-10-09T20:12:07.1817042Z ok 162 - .NET corpus rejects dependency compiler failure
2026-10-09T20:12:07.1817349Z   ---
2026-10-09T20:12:07.1817550Z   duration_ms: 1.578612
2026-10-09T20:12:07.1817784Z   type: 'test'
2026-10-09T20:12:07.1817984Z   ...
2026-10-09T20:12:07.1818260Z # Subtest: .NET corpus rejects missing diagnostic
2026-10-09T20:12:07.1818640Z ok 163 - .NET corpus rejects missing diagnostic
2026-10-09T20:12:07.1818916Z   ---
2026-10-09T20:12:07.1819109Z   duration_ms: 2.766727
2026-10-09T20:12:07.1819338Z   type: 'test'
2026-10-09T20:12:07.1819536Z   ...
2026-10-09T20:12:07.1819824Z # Subtest: .NET corpus rejects changed invalid source
2026-10-09T20:12:07.1820211Z ok 164 - .NET corpus rejects changed invalid source
2026-10-09T20:12:07.1820501Z   ---
2026-10-09T20:12:07.1820698Z   duration_ms: 1.644504
2026-10-09T20:12:07.1820919Z   type: 'test'
2026-10-09T20:12:07.1821122Z   ...
2026-10-09T20:12:07.1821548Z # Subtest: java corpus separates compiler errors, unsigned range checks and Lean results
2026-10-09T20:12:07.1822179Z ok 165 - java corpus separates compiler errors, unsigned range checks and Lean results
2026-10-09T20:12:07.1822585Z   ---
2026-10-09T20:12:07.1822790Z   duration_ms: 108.440228
2026-10-09T20:12:07.1823021Z   type: 'test'
2026-10-09T20:12:07.1823228Z   ...
2026-10-09T20:12:07.1823672Z # Subtest: java diagnostics bind rejection to the exact invalid call
2026-10-09T20:12:07.1824178Z ok 166 - java diagnostics bind rejection to the exact invalid call
2026-10-09T20:12:07.1824510Z   ---
2026-10-09T20:12:07.1824719Z   duration_ms: 1.259162
2026-10-09T20:12:07.1824945Z   type: 'test'
2026-10-09T20:12:07.1825147Z   ...
2026-10-09T20:12:07.1825434Z # Subtest: java corpus rejects missing evidence
2026-10-09T20:12:07.1825802Z ok 167 - java corpus rejects missing evidence
2026-10-09T20:12:07.1826078Z   ---
2026-10-09T20:12:07.1826285Z   duration_ms: 2.163687
2026-10-09T20:12:07.1826511Z   type: 'test'
2026-10-09T20:12:07.1826715Z   ...
2026-10-09T20:12:07.1826980Z # Subtest: java corpus rejects wrong JVM
2026-10-09T20:12:07.1827317Z ok 168 - java corpus rejects wrong JVM
2026-10-09T20:12:07.1827582Z   ---
2026-10-09T20:12:07.1827780Z   duration_ms: 1.924037
2026-10-09T20:12:07.1828009Z   type: 'test'
2026-10-09T20:12:07.1828208Z   ...
2026-10-09T20:12:07.1828475Z # Subtest: java corpus rejects wrong compiler
2026-10-09T20:12:07.1828827Z ok 169 - java corpus rejects wrong compiler
2026-10-09T20:12:07.1829105Z   ---
2026-10-09T20:12:07.1829301Z   duration_ms: 4.286173
2026-10-09T20:12:07.1829525Z   type: 'test'
2026-10-09T20:12:07.1829736Z   ...
2026-10-09T20:12:07.1829997Z # Subtest: java corpus rejects wrong Maven
2026-10-09T20:12:07.1830423Z ok 170 - java corpus rejects wrong Maven
2026-10-09T20:12:07.1830797Z   ---
2026-10-09T20:12:07.1831067Z   duration_ms: 1.826788
2026-10-09T20:12:07.1831387Z   type: 'test'
2026-10-09T20:12:07.1831662Z   ...
2026-10-09T20:12:07.1832072Z # Subtest: java corpus rejects missing compiler hash
2026-10-09T20:12:07.1832622Z ok 171 - java corpus rejects missing compiler hash
2026-10-09T20:12:07.1833028Z   ---
2026-10-09T20:12:07.1833733Z   duration_ms: 1.89135
2026-10-09T20:12:07.1834176Z   type: 'test'
2026-10-09T20:12:07.1834468Z   ...
2026-10-09T20:12:07.1834922Z # Subtest: java corpus rejects wrong consumer source
2026-10-09T20:12:07.1835531Z ok 172 - java corpus rejects wrong consumer source
2026-10-09T20:12:07.1835969Z   ---
2026-10-09T20:12:07.1836263Z   duration_ms: 2.644823
2026-10-09T20:12:07.1836596Z   type: 'test'
2026-10-09T20:12:07.1836871Z   ...
2026-10-09T20:12:07.1837302Z # Subtest: java corpus rejects wrong public signatures
2026-10-09T20:12:07.1837914Z ok 173 - java corpus rejects wrong public signatures
2026-10-09T20:12:07.1838351Z   ---
2026-10-09T20:12:07.1838629Z   duration_ms: 2.618898
2026-10-09T20:12:07.1838951Z   type: 'test'
2026-10-09T20:12:07.1839237Z   ...
2026-10-09T20:12:07.1839659Z # Subtest: java corpus rejects wrong binding IR
2026-10-09T20:12:07.1840223Z ok 174 - java corpus rejects wrong binding IR
2026-10-09T20:12:07.1840664Z   ---
2026-10-09T20:12:07.1841066Z   duration_ms: 3.996287
2026-10-09T20:12:07.1841424Z   type: 'test'
2026-10-09T20:12:07.1841745Z   ...
2026-10-09T20:12:07.1842141Z # Subtest: java corpus rejects wrong POM
2026-10-09T20:12:07.1842645Z ok 175 - java corpus rejects wrong POM
2026-10-09T20:12:07.1843053Z   ---
2026-10-09T20:12:07.1843509Z   duration_ms: 2.598525
2026-10-09T20:12:07.1843870Z   type: 'test'
2026-10-09T20:12:07.1844161Z   ...
2026-10-09T20:12:07.1844560Z # Subtest: java corpus rejects wrong JAR
2026-10-09T20:12:07.1845088Z ok 176 - java corpus rejects wrong JAR
2026-10-09T20:12:07.1845490Z   ---
2026-10-09T20:12:07.1845800Z   duration_ms: 2.719288
2026-10-09T20:12:07.1846148Z   type: 'test'
2026-10-09T20:12:07.1846452Z   ...
2026-10-09T20:12:07.1846880Z # Subtest: java corpus rejects ambient settings
2026-10-09T20:12:07.1847476Z ok 177 - java corpus rejects ambient settings
2026-10-09T20:12:07.1847924Z   ---
2026-10-09T20:12:07.1848201Z   duration_ms: 2.610003
2026-10-09T20:12:07.1848551Z   type: 'test'
2026-10-09T20:12:07.1848850Z   ...
2026-10-09T20:12:07.1849284Z # Subtest: java corpus rejects weakened compiler
2026-10-09T20:12:07.1849876Z ok 178 - java corpus rejects weakened compiler
2026-10-09T20:12:07.1850298Z   ---
2026-10-09T20:12:07.1850595Z   duration_ms: 5.087918
2026-10-09T20:12:07.1850939Z   type: 'test'
2026-10-09T20:12:07.1851240Z   ...
2026-10-09T20:12:07.1851635Z # Subtest: java corpus rejects ambient cache
2026-10-09T20:12:07.1852184Z ok 179 - java corpus rejects ambient cache
2026-10-09T20:12:07.1852605Z   ---
2026-10-09T20:12:07.1852893Z   duration_ms: 3.991115
2026-10-09T20:12:07.1853231Z   type: 'test'
2026-10-09T20:12:07.1853775Z   ...
2026-10-09T20:12:07.1854182Z # Subtest: java corpus rejects ambient home
2026-10-09T20:12:07.1854723Z ok 180 - java corpus rejects ambient home
2026-10-09T20:12:07.1855128Z   ---
2026-10-09T20:12:07.1855431Z   duration_ms: 3.947751
2026-10-09T20:12:07.1855788Z   type: 'test'
2026-10-09T20:12:07.1856093Z   ...
2026-10-09T20:12:07.1856537Z # Subtest: java corpus rejects online resolution
2026-10-09T20:12:07.1857103Z ok 181 - java corpus rejects online resolution
2026-10-09T20:12:07.1857529Z   ---
2026-10-09T20:12:07.1857827Z   duration_ms: 4.060473
2026-10-09T20:12:07.1858161Z   type: 'test'
2026-10-09T20:12:07.1858457Z   ...
2026-10-09T20:12:07.1858871Z # Subtest: java corpus rejects extra classpath
2026-10-09T20:12:07.1859431Z ok 182 - java corpus rejects extra classpath
2026-10-09T20:12:07.1859853Z   ---
2026-10-09T20:12:07.1860144Z   duration_ms: 5.482515
2026-10-09T20:12:07.1860492Z   type: 'test'
2026-10-09T20:12:07.1860770Z   ...
2026-10-09T20:12:07.1861262Z # Subtest: java corpus rejects missing resolved dependencies
2026-10-09T20:12:07.1861978Z ok 183 - java corpus rejects missing resolved dependencies
2026-10-09T20:12:07.1862452Z   ---
2026-10-09T20:12:07.1862743Z   duration_ms: 4.286557
2026-10-09T20:12:07.1863079Z   type: 'test'
2026-10-09T20:12:07.1863643Z   ...
2026-10-09T20:12:07.1864129Z # Subtest: java corpus rejects missing runtime dependency
2026-10-09T20:12:07.1864801Z ok 184 - java corpus rejects missing runtime dependency
2026-10-09T20:12:07.1865557Z   ---
2026-10-09T20:12:07.1865970Z   duration_ms: 3.002133
2026-10-09T20:12:07.1866324Z   type: 'test'
2026-10-09T20:12:07.1866627Z   ...
2026-10-09T20:12:07.1867114Z # Subtest: java corpus rejects duplicate runtime dependency
2026-10-09T20:12:07.1867788Z ok 185 - java corpus rejects duplicate runtime dependency
2026-10-09T20:12:07.1868184Z   ---
2026-10-09T20:12:07.1868402Z   duration_ms: 2.945143
2026-10-09T20:12:07.1868638Z   type: 'test'
2026-10-09T20:12:07.1868850Z   ...
2026-10-09T20:12:07.1869223Z # Subtest: java corpus rejects unlocked runtime dependency
2026-10-09T20:12:07.1869834Z ok 186 - java corpus rejects unlocked runtime dependency
2026-10-09T20:12:07.1870281Z   ---
2026-10-09T20:12:07.1870569Z   duration_ms: 4.174633
2026-10-09T20:12:07.1870917Z   type: 'test'
2026-10-09T20:12:07.1871209Z   ...
2026-10-09T20:12:07.1871671Z # Subtest: java corpus rejects changed resolved dependency
2026-10-09T20:12:07.1872338Z ok 187 - java corpus rejects changed resolved dependency
2026-10-09T20:12:07.1872812Z   ---
2026-10-09T20:12:07.1873101Z   duration_ms: 3.146807
2026-10-09T20:12:07.1873660Z   type: 'test'
2026-10-09T20:12:07.1873966Z   ...
2026-10-09T20:12:07.1874452Z # Subtest: java corpus rejects changed deployed dependency
2026-10-09T20:12:07.1875137Z ok 188 - java corpus rejects changed deployed dependency
2026-10-09T20:12:07.1875623Z   ---
2026-10-09T20:12:07.1875924Z   duration_ms: 3.077999
2026-10-09T20:12:07.1876269Z   type: 'test'
2026-10-09T20:12:07.1876578Z   ...
2026-10-09T20:12:07.1877043Z # Subtest: java corpus rejects wrong dependency size
2026-10-09T20:12:07.1877678Z ok 189 - java corpus rejects wrong dependency size
2026-10-09T20:12:07.1878133Z   ---
2026-10-09T20:12:07.1878428Z   duration_ms: 2.729198
2026-10-09T20:12:07.1878765Z   type: 'test'
2026-10-09T20:12:07.1879060Z   ...
2026-10-09T20:12:07.1879586Z # Subtest: java corpus rejects missing annotations dependency
2026-10-09T20:12:07.1880324Z ok 190 - java corpus rejects missing annotations dependency
2026-10-09T20:12:07.1880830Z   ---
2026-10-09T20:12:07.1881147Z   duration_ms: 3.660826
2026-10-09T20:12:07.1881497Z   type: 'test'
2026-10-09T20:12:07.1881793Z   ...
2026-10-09T20:12:07.1882306Z # Subtest: java corpus rejects undeclared deployed dependency
2026-10-09T20:12:07.1883014Z ok 191 - java corpus rejects undeclared deployed dependency
2026-10-09T20:12:07.1883690Z   ---
2026-10-09T20:12:07.1884004Z   duration_ms: 6.772602
2026-10-09T20:12:07.1884348Z   type: 'test'
2026-10-09T20:12:07.1884643Z   ...
2026-10-09T20:12:07.1885137Z # Subtest: java corpus rejects old standard library location
2026-10-09T20:12:07.1885855Z ok 192 - java corpus rejects old standard library location
2026-10-09T20:12:07.1886328Z   ---
2026-10-09T20:12:07.1886620Z   duration_ms: 2.783486
2026-10-09T20:12:07.1886966Z   type: 'test'
2026-10-09T20:12:07.1887268Z   ...
2026-10-09T20:12:07.1887778Z # Subtest: java corpus rejects compiler as runtime dependency
2026-10-09T20:12:07.1888510Z ok 193 - java corpus rejects compiler as runtime dependency
2026-10-09T20:12:07.1889016Z   ---
2026-10-09T20:12:07.1889319Z   duration_ms: 2.629358
2026-10-09T20:12:07.1889680Z   type: 'test'
2026-10-09T20:12:07.1890001Z   ...
2026-10-09T20:12:07.1890496Z # Subtest: java corpus rejects unsafe runtime dependency path
2026-10-09T20:12:07.1891247Z ok 194 - java corpus rejects unsafe runtime dependency path
2026-10-09T20:12:07.1891753Z   ---
2026-10-09T20:12:07.1892028Z   duration_ms: 2.726215
2026-10-09T20:12:07.1892359Z   type: 'test'
2026-10-09T20:12:07.1892665Z   ...
2026-10-09T20:12:07.1893094Z # Subtest: java corpus rejects runtime override
2026-10-09T20:12:07.1893790Z ok 195 - java corpus rejects runtime override
2026-10-09T20:12:07.1894214Z   ---
2026-10-09T20:12:07.1894520Z   duration_ms: 4.118303
2026-10-09T20:12:07.1894865Z   type: 'test'
2026-10-09T20:12:07.1895156Z   ...
2026-10-09T20:12:07.1895590Z # Subtest: java corpus rejects source tree present
2026-10-09T20:12:07.1896169Z ok 196 - java corpus rejects source tree present
2026-10-09T20:12:07.1896834Z   ---
2026-10-09T20:12:07.1897229Z   duration_ms: 3.603485
2026-10-09T20:12:07.1897552Z   type: 'test'
2026-10-09T20:12:07.1897832Z   ...
2026-10-09T20:12:07.1898275Z # Subtest: java corpus rejects compiler during execution
2026-10-09T20:12:07.1898929Z ok 197 - java corpus rejects compiler during execution
2026-10-09T20:12:07.1899359Z   ---
2026-10-09T20:12:07.1899632Z   duration_ms: 3.64438
2026-10-09T20:12:07.1899956Z   type: 'test'
2026-10-09T20:12:07.1900243Z   ...
2026-10-09T20:12:07.1900718Z # Subtest: java corpus rejects uncleared native extraction
2026-10-09T20:12:07.1901411Z ok 198 - java corpus rejects uncleared native extraction
2026-10-09T20:12:07.1901876Z   ---
2026-10-09T20:12:07.1902182Z   duration_ms: 2.549459
2026-10-09T20:12:07.1902530Z   type: 'test'
2026-10-09T20:12:07.1902843Z   ...
2026-10-09T20:12:07.1903469Z # Subtest: java corpus rejects single execution
2026-10-09T20:12:07.1904064Z ok 199 - java corpus rejects single execution
2026-10-09T20:12:07.1904513Z   ---
2026-10-09T20:12:07.1904812Z   duration_ms: 5.204078
2026-10-09T20:12:07.1905165Z   type: 'test'
2026-10-09T20:12:07.1905467Z   ...
2026-10-09T20:12:07.1905907Z # Subtest: java corpus rejects missing plugin
2026-10-09T20:12:07.1906480Z ok 200 - java corpus rejects missing plugin
2026-10-09T20:12:07.1906903Z   ---
2026-10-09T20:12:07.1907211Z   duration_ms: 4.147182
2026-10-09T20:12:07.1907560Z   type: 'test'
2026-10-09T20:12:07.1907852Z   ...
2026-10-09T20:12:07.1908351Z # Subtest: java corpus rejects mutable plugin
2026-10-09T20:12:07.1908923Z ok 201 - java corpus rejects mutable plugin
2026-10-09T20:12:07.1909351Z   ---
2026-10-09T20:12:07.1909651Z   duration_ms: 4.027753
2026-10-09T20:12:07.1910002Z   type: 'test'
2026-10-09T20:12:07.1910310Z   ...
2026-10-09T20:12:07.1910714Z # Subtest: java corpus rejects unbound plugin
2026-10-09T20:12:07.1911270Z ok 202 - java corpus rejects unbound plugin
2026-10-09T20:12:07.1911683Z   ---
2026-10-09T20:12:07.1911985Z   duration_ms: 4.058662
2026-10-09T20:12:07.1912330Z   type: 'test'
2026-10-09T20:12:07.1912633Z   ...
2026-10-09T20:12:07.1913093Z # Subtest: java corpus rejects unsafe plugin path
2026-10-09T20:12:07.1913929Z ok 203 - java corpus rejects unsafe plugin path
2026-10-09T20:12:07.1914379Z   ---
2026-10-09T20:12:07.1914730Z   duration_ms: 5.876808
2026-10-09T20:12:07.1915104Z   type: 'test'
2026-10-09T20:12:07.1915372Z   ...
2026-10-09T20:12:07.1915780Z # Subtest: java corpus rejects compiler at runtime
2026-10-09T20:12:07.1916394Z ok 204 - java corpus rejects compiler at runtime
2026-10-09T20:12:07.1916837Z   ---
2026-10-09T20:12:07.1917136Z   duration_ms: 4.12864
2026-10-09T20:12:07.1917491Z   type: 'test'
2026-10-09T20:12:07.1917787Z   ...
2026-10-09T20:12:07.1918228Z # Subtest: java corpus rejects extra runtime module
2026-10-09T20:12:07.1918847Z ok 205 - java corpus rejects extra runtime module
2026-10-09T20:12:07.1919274Z   ---
2026-10-09T20:12:07.1919575Z   duration_ms: 2.780936
2026-10-09T20:12:07.1919916Z   type: 'test'
2026-10-09T20:12:07.1920233Z   ...
2026-10-09T20:12:07.1920657Z # Subtest: java corpus rejects author source at runtime
2026-10-09T20:12:07.1921300Z ok 206 - java corpus rejects author source at runtime
2026-10-09T20:12:07.1921773Z   ---
2026-10-09T20:12:07.1922080Z   duration_ms: 2.843637
2026-10-09T20:12:07.1922447Z   type: 'test'
2026-10-09T20:12:07.1922754Z   ...
2026-10-09T20:12:07.1923183Z # Subtest: java corpus rejects wrong native binary
2026-10-09T20:12:07.1923947Z ok 207 - java corpus rejects wrong native binary
2026-10-09T20:12:07.1924400Z   ---
2026-10-09T20:12:07.1924712Z   duration_ms: 3.943588
2026-10-09T20:12:07.1925057Z   type: 'test'
2026-10-09T20:12:07.1925358Z   ...
2026-10-09T20:12:07.1925821Z # Subtest: java corpus rejects missing native runtime
2026-10-09T20:12:07.1926448Z ok 208 - java corpus rejects missing native runtime
2026-10-09T20:12:07.1926892Z   ---
2026-10-09T20:12:07.1927192Z   duration_ms: 2.743078
2026-10-09T20:12:07.1927522Z   type: 'test'
2026-10-09T20:12:07.1927819Z   ...
2026-10-09T20:12:07.1928530Z # Subtest: java corpus rejects multiple native roots
2026-10-09T20:12:07.1929255Z ok 209 - java corpus rejects multiple native roots
2026-10-09T20:12:07.1929705Z   ---
2026-10-09T20:12:07.1929995Z   duration_ms: 2.582454
2026-10-09T20:12:07.1930352Z   type: 'test'
2026-10-09T20:12:07.1930655Z   ...
2026-10-09T20:12:07.1931113Z # Subtest: java corpus rejects wrong public API path
2026-10-09T20:12:07.1931755Z ok 210 - java corpus rejects wrong public API path
2026-10-09T20:12:07.1932198Z   ---
2026-10-09T20:12:07.1932501Z   duration_ms: 2.614409
2026-10-09T20:12:07.1932844Z   type: 'test'
2026-10-09T20:12:07.1933152Z   ...
2026-10-09T20:12:07.1933750Z # Subtest: java corpus rejects missing runtime error
2026-10-09T20:12:07.1934373Z ok 211 - java corpus rejects missing runtime error
2026-10-09T20:12:07.1934841Z   ---
2026-10-09T20:12:07.1935137Z   duration_ms: 3.061915
2026-10-09T20:12:07.1935487Z   type: 'test'
2026-10-09T20:12:07.1935792Z   ...
2026-10-09T20:12:07.1936222Z # Subtest: java corpus rejects wrong runtime error
2026-10-09T20:12:07.1936836Z ok 212 - java corpus rejects wrong runtime error
2026-10-09T20:12:07.1937281Z   ---
2026-10-09T20:12:07.1937588Z   duration_ms: 4.288922
2026-10-09T20:12:07.1937931Z   type: 'test'
2026-10-09T20:12:07.1938222Z   ...
2026-10-09T20:12:07.1938655Z # Subtest: java corpus rejects failed recovery
2026-10-09T20:12:07.1939222Z ok 213 - java corpus rejects failed recovery
2026-10-09T20:12:07.1939647Z   ---
2026-10-09T20:12:07.1939945Z   duration_ms: 3.077798
2026-10-09T20:12:07.1940298Z   type: 'test'
2026-10-09T20:12:07.1940592Z   ...
2026-10-09T20:12:07.1941097Z # Subtest: java corpus rejects failed Nat recovery
2026-10-09T20:12:07.1941719Z ok 214 - java corpus rejects failed Nat recovery
2026-10-09T20:12:07.1942154Z   ---
2026-10-09T20:12:07.1942435Z   duration_ms: 1.581903
2026-10-09T20:12:07.1942780Z   type: 'test'
2026-10-09T20:12:07.1943073Z   ...
2026-10-09T20:12:07.1943643Z # Subtest: java corpus rejects unrelated compiler error
2026-10-09T20:12:07.1944312Z ok 215 - java corpus rejects unrelated compiler error
2026-10-09T20:12:07.1944788Z   ---
2026-10-09T20:12:07.1945088Z   duration_ms: 1.546935
2026-10-09T20:12:07.1945423Z   type: 'test'
2026-10-09T20:12:07.1945731Z   ...
2026-10-09T20:12:07.1946183Z # Subtest: java corpus rejects wrong diagnostic source
2026-10-09T20:12:07.1946827Z ok 216 - java corpus rejects wrong diagnostic source
2026-10-09T20:12:07.1947293Z   ---
2026-10-09T20:12:07.1947591Z   duration_ms: 1.54152
2026-10-09T20:12:07.1947941Z   type: 'test'
2026-10-09T20:12:07.1948238Z   ...
2026-10-09T20:12:07.1948682Z # Subtest: java corpus rejects missing diagnostic
2026-10-09T20:12:07.1949286Z ok 217 - java corpus rejects missing diagnostic
2026-10-09T20:12:07.1949722Z   ---
2026-10-09T20:12:07.1950031Z   duration_ms: 2.720319
2026-10-09T20:12:07.1950378Z   type: 'test'
2026-10-09T20:12:07.1950678Z   ...
2026-10-09T20:12:07.1951107Z # Subtest: java corpus rejects wrong invalid source
2026-10-09T20:12:07.1951714Z ok 218 - java corpus rejects wrong invalid source
2026-10-09T20:12:07.1952166Z   ---
2026-10-09T20:12:07.1952465Z   duration_ms: 1.551063
2026-10-09T20:12:07.1952808Z   type: 'test'
2026-10-09T20:12:07.1953092Z   ...
2026-10-09T20:12:07.1953931Z # Subtest: kotlin corpus separates compiler errors, unsigned range checks and Lean results
2026-10-09T20:12:07.1955034Z ok 219 - kotlin corpus separates compiler errors, unsigned range checks and Lean results
2026-10-09T20:12:07.1955693Z   ---
2026-10-09T20:12:07.1956000Z   duration_ms: 104.50232
2026-10-09T20:12:07.1956371Z   type: 'test'
2026-10-09T20:12:07.1956664Z   ...
2026-10-09T20:12:07.1957225Z # Subtest: kotlin diagnostics bind rejection to the exact invalid call
2026-10-09T20:12:07.1958073Z ok 220 - kotlin diagnostics bind rejection to the exact invalid call
2026-10-09T20:12:07.1958615Z   ---
2026-10-09T20:12:07.1958914Z   duration_ms: 0.976453
2026-10-09T20:12:07.1959261Z   type: 'test'
2026-10-09T20:12:07.1959570Z   ...
2026-10-09T20:12:07.1960000Z # Subtest: kotlin corpus rejects missing evidence
2026-10-09T20:12:07.1960944Z ok 221 - kotlin corpus rejects missing evidence
2026-10-09T20:12:07.1961400Z   ---
2026-10-09T20:12:07.1961697Z   duration_ms: 2.13325
2026-10-09T20:12:07.1962037Z   type: 'test'
2026-10-09T20:12:07.1962341Z   ...
2026-10-09T20:12:07.1962744Z # Subtest: kotlin corpus rejects wrong JVM
2026-10-09T20:12:07.1963399Z ok 222 - kotlin corpus rejects wrong JVM
2026-10-09T20:12:07.1963833Z   ---
2026-10-09T20:12:07.1964150Z   duration_ms: 4.225083
2026-10-09T20:12:07.1964514Z   type: 'test'
2026-10-09T20:12:07.1964824Z   ...
2026-10-09T20:12:07.1965252Z # Subtest: kotlin corpus rejects wrong compiler
2026-10-09T20:12:07.1965844Z ok 223 - kotlin corpus rejects wrong compiler
2026-10-09T20:12:07.1966283Z   ---
2026-10-09T20:12:07.1966583Z   duration_ms: 1.917056
2026-10-09T20:12:07.1966942Z   type: 'test'
2026-10-09T20:12:07.1967241Z   ...
2026-10-09T20:12:07.1967651Z # Subtest: kotlin corpus rejects wrong Maven
2026-10-09T20:12:07.1968176Z ok 224 - kotlin corpus rejects wrong Maven
2026-10-09T20:12:07.1968599Z   ---
2026-10-09T20:12:07.1968900Z   duration_ms: 1.817946
2026-10-09T20:12:07.1969247Z   type: 'test'
2026-10-09T20:12:07.1969518Z   ...
2026-10-09T20:12:07.1969960Z # Subtest: kotlin corpus rejects missing compiler hash
2026-10-09T20:12:07.1970602Z ok 225 - kotlin corpus rejects missing compiler hash
2026-10-09T20:12:07.1971077Z   ---
2026-10-09T20:12:07.1971359Z   duration_ms: 1.850109
2026-10-09T20:12:07.1971701Z   type: 'test'
2026-10-09T20:12:07.1972011Z   ...
2026-10-09T20:12:07.1972487Z # Subtest: kotlin corpus rejects wrong consumer source
2026-10-09T20:12:07.1973128Z ok 226 - kotlin corpus rejects wrong consumer source
2026-10-09T20:12:07.1973704Z   ---
2026-10-09T20:12:07.1973993Z   duration_ms: 2.607509
2026-10-09T20:12:07.1974344Z   type: 'test'
2026-10-09T20:12:07.1974649Z   ...
2026-10-09T20:12:07.1975133Z # Subtest: kotlin corpus rejects wrong public signatures
2026-10-09T20:12:07.1975805Z ok 227 - kotlin corpus rejects wrong public signatures
2026-10-09T20:12:07.1976280Z   ---
2026-10-09T20:12:07.1976581Z   duration_ms: 4.035119
2026-10-09T20:12:07.1976931Z   type: 'test'
2026-10-09T20:12:07.1977228Z   ...
2026-10-09T20:12:07.1977660Z # Subtest: kotlin corpus rejects wrong binding IR
2026-10-09T20:12:07.1978247Z ok 228 - kotlin corpus rejects wrong binding IR
2026-10-09T20:12:07.1978684Z   ---
2026-10-09T20:12:07.1978980Z   duration_ms: 2.676721
2026-10-09T20:12:07.1979329Z   type: 'test'
2026-10-09T20:12:07.1979624Z   ...
2026-10-09T20:12:07.1979994Z # Subtest: kotlin corpus rejects wrong POM
2026-10-09T20:12:07.1980527Z ok 229 - kotlin corpus rejects wrong POM
2026-10-09T20:12:07.1980941Z   ---
2026-10-09T20:12:07.1981229Z   duration_ms: 2.584051
2026-10-09T20:12:07.1981570Z   type: 'test'
2026-10-09T20:12:07.1981864Z   ...
2026-10-09T20:12:07.1982260Z # Subtest: kotlin corpus rejects wrong JAR
2026-10-09T20:12:07.1982742Z ok 230 - kotlin corpus rejects wrong JAR
2026-10-09T20:12:07.1983164Z   ---
2026-10-09T20:12:07.1983624Z   duration_ms: 2.606175
2026-10-09T20:12:07.1983986Z   type: 'test'
2026-10-09T20:12:07.1984298Z   ...
2026-10-09T20:12:07.1984745Z # Subtest: kotlin corpus rejects ambient settings
2026-10-09T20:12:07.1985346Z ok 231 - kotlin corpus rejects ambient settings
2026-10-09T20:12:07.1985800Z   ---
2026-10-09T20:12:07.1986098Z   duration_ms: 4.272179
2026-10-09T20:12:07.1986444Z   type: 'test'
2026-10-09T20:12:07.1986569Z   ...
2026-10-09T20:12:07.1986936Z # Subtest: kotlin corpus rejects weakened compiler
2026-10-09T20:12:07.1987548Z ok 232 - kotlin corpus rejects weakened compiler
2026-10-09T20:12:07.1987674Z   ---
2026-10-09T20:12:07.1987851Z   duration_ms: 4.077755
2026-10-09T20:12:07.1988003Z   type: 'test'
2026-10-09T20:12:07.1988136Z   ...
2026-10-09T20:12:07.1988408Z # Subtest: kotlin corpus rejects ambient cache
2026-10-09T20:12:07.1988675Z ok 233 - kotlin corpus rejects ambient cache
2026-10-09T20:12:07.1988806Z   ---
2026-10-09T20:12:07.1988955Z   duration_ms: 3.894653
2026-10-09T20:12:07.1989100Z   type: 'test'
2026-10-09T20:12:07.1989473Z   ...
2026-10-09T20:12:07.1989830Z # Subtest: kotlin corpus rejects ambient home
2026-10-09T20:12:07.1990095Z ok 234 - kotlin corpus rejects ambient home
2026-10-09T20:12:07.1990224Z   ---
2026-10-09T20:12:07.1990371Z   duration_ms: 4.064514
2026-10-09T20:12:07.1990501Z   type: 'test'
2026-10-09T20:12:07.1990625Z   ...
2026-10-09T20:12:07.1990929Z # Subtest: kotlin corpus rejects online resolution
2026-10-09T20:12:07.1991209Z ok 235 - kotlin corpus rejects online resolution
2026-10-09T20:12:07.1991339Z   ---
2026-10-09T20:12:07.1991491Z   duration_ms: 3.680839
2026-10-09T20:12:07.1991624Z   type: 'test'
2026-10-09T20:12:07.1991753Z   ...
2026-10-09T20:12:07.1992037Z # Subtest: kotlin corpus rejects extra classpath
2026-10-09T20:12:07.1992298Z ok 236 - kotlin corpus rejects extra classpath
2026-10-09T20:12:07.1992424Z   ---
2026-10-09T20:12:07.1992571Z   duration_ms: 4.13975
2026-10-09T20:12:07.1992707Z   type: 'test'
2026-10-09T20:12:07.1992820Z   ...
2026-10-09T20:12:07.1993167Z # Subtest: kotlin corpus rejects missing resolved dependencies
2026-10-09T20:12:07.1993672Z ok 237 - kotlin corpus rejects missing resolved dependencies
2026-10-09T20:12:07.1993794Z   ---
2026-10-09T20:12:07.1993942Z   duration_ms: 3.913034
2026-10-09T20:12:07.1994082Z   type: 'test'
2026-10-09T20:12:07.1994200Z   ...
2026-10-09T20:12:07.1994553Z # Subtest: kotlin corpus rejects missing runtime dependency
2026-10-09T20:12:07.1994875Z ok 238 - kotlin corpus rejects missing runtime dependency
2026-10-09T20:12:07.1995003Z   ---
2026-10-09T20:12:07.1995139Z   duration_ms: 2.574699
2026-10-09T20:12:07.1995270Z   type: 'test'
2026-10-09T20:12:07.1995388Z   ...
2026-10-09T20:12:07.1995689Z # Subtest: kotlin corpus rejects duplicate runtime dependency
2026-10-09T20:12:07.1996017Z ok 239 - kotlin corpus rejects duplicate runtime dependency
2026-10-09T20:12:07.1996144Z   ---
2026-10-09T20:12:07.1996279Z   duration_ms: 2.602189
2026-10-09T20:12:07.1996412Z   type: 'test'
2026-10-09T20:12:07.1996537Z   ...
2026-10-09T20:12:07.1996888Z # Subtest: kotlin corpus rejects unlocked runtime dependency
2026-10-09T20:12:07.1997208Z ok 240 - kotlin corpus rejects unlocked runtime dependency
2026-10-09T20:12:07.1997338Z   ---
2026-10-09T20:12:07.1997489Z   duration_ms: 4.024547
2026-10-09T20:12:07.1997611Z   type: 'test'
2026-10-09T20:12:07.1997738Z   ...
2026-10-09T20:12:07.1998098Z # Subtest: kotlin corpus rejects changed resolved dependency
2026-10-09T20:12:07.1998421Z ok 241 - kotlin corpus rejects changed resolved dependency
2026-10-09T20:12:07.1998556Z   ---
2026-10-09T20:12:07.1998703Z   duration_ms: 2.581603
2026-10-09T20:12:07.1998844Z   type: 'test'
2026-10-09T20:12:07.1998962Z   ...
2026-10-09T20:12:07.1999311Z # Subtest: kotlin corpus rejects changed deployed dependency
2026-10-09T20:12:07.1999619Z ok 242 - kotlin corpus rejects changed deployed dependency
2026-10-09T20:12:07.1999733Z   ---
2026-10-09T20:12:07.1999882Z   duration_ms: 2.614794
2026-10-09T20:12:07.2000021Z   type: 'test'
2026-10-09T20:12:07.2000139Z   ...
2026-10-09T20:12:07.2000459Z # Subtest: kotlin corpus rejects wrong dependency size
2026-10-09T20:12:07.2000776Z ok 243 - kotlin corpus rejects wrong dependency size
2026-10-09T20:12:07.2000903Z   ---
2026-10-09T20:12:07.2001042Z   duration_ms: 2.64689
2026-10-09T20:12:07.2001181Z   type: 'test'
2026-10-09T20:12:07.2001305Z   ...
2026-10-09T20:12:07.2001677Z # Subtest: kotlin corpus rejects missing annotations dependency
2026-10-09T20:12:07.2001979Z ok 244 - kotlin corpus rejects missing annotations dependency
2026-10-09T20:12:07.2002112Z   ---
2026-10-09T20:12:07.2002256Z   duration_ms: 3.966224
2026-10-09T20:12:07.2002389Z   type: 'test'
2026-10-09T20:12:07.2002515Z   ...
2026-10-09T20:12:07.2002886Z # Subtest: kotlin corpus rejects undeclared deployed dependency
2026-10-09T20:12:07.2003226Z ok 245 - kotlin corpus rejects undeclared deployed dependency
2026-10-09T20:12:07.2003564Z   ---
2026-10-09T20:12:07.2003739Z   duration_ms: 3.174668
2026-10-09T20:12:07.2003873Z   type: 'test'
2026-10-09T20:12:07.2004003Z   ...
2026-10-09T20:12:07.2004622Z # Subtest: kotlin corpus rejects old standard library location
2026-10-09T20:12:07.2005042Z ok 246 - kotlin corpus rejects old standard library location
2026-10-09T20:12:07.2005180Z   ---
2026-10-09T20:12:07.2005335Z   duration_ms: 2.825261
2026-10-09T20:12:07.2005476Z   type: 'test'
2026-10-09T20:12:07.2005598Z   ...
2026-10-09T20:12:07.2005981Z # Subtest: kotlin corpus rejects compiler as runtime dependency
2026-10-09T20:12:07.2006343Z ok 247 - kotlin corpus rejects compiler as runtime dependency
2026-10-09T20:12:07.2006467Z   ---
2026-10-09T20:12:07.2006623Z   duration_ms: 2.630823
2026-10-09T20:12:07.2006763Z   type: 'test'
2026-10-09T20:12:07.2006881Z   ...
2026-10-09T20:12:07.2007257Z # Subtest: kotlin corpus rejects unsafe runtime dependency path
2026-10-09T20:12:07.2007613Z ok 248 - kotlin corpus rejects unsafe runtime dependency path
2026-10-09T20:12:07.2007742Z   ---
2026-10-09T20:12:07.2007888Z   duration_ms: 4.190859
2026-10-09T20:12:07.2008027Z   type: 'test'
2026-10-09T20:12:07.2008153Z   ...
2026-10-09T20:12:07.2008443Z # Subtest: kotlin corpus rejects runtime override
2026-10-09T20:12:07.2008718Z ok 249 - kotlin corpus rejects runtime override
2026-10-09T20:12:07.2008845Z   ---
2026-10-09T20:12:07.2008985Z   duration_ms: 2.530934
2026-10-09T20:12:07.2009123Z   type: 'test'
2026-10-09T20:12:07.2009247Z   ...
2026-10-09T20:12:07.2009553Z # Subtest: kotlin corpus rejects source tree present
2026-10-09T20:12:07.2009837Z ok 250 - kotlin corpus rejects source tree present
2026-10-09T20:12:07.2009964Z   ---
2026-10-09T20:12:07.2010114Z   duration_ms: 2.621376
2026-10-09T20:12:07.2010246Z   type: 'test'
2026-10-09T20:12:07.2010372Z   ...
2026-10-09T20:12:07.2010713Z # Subtest: kotlin corpus rejects compiler during execution
2026-10-09T20:12:07.2011027Z ok 251 - kotlin corpus rejects compiler during execution
2026-10-09T20:12:07.2011154Z   ---
2026-10-09T20:12:07.2011310Z   duration_ms: 3.411112
2026-10-09T20:12:07.2011452Z   type: 'test'
2026-10-09T20:12:07.2011568Z   ...
2026-10-09T20:12:07.2011933Z # Subtest: kotlin corpus rejects uncleared native extraction
2026-10-09T20:12:07.2012239Z ok 252 - kotlin corpus rejects uncleared native extraction
2026-10-09T20:12:07.2012358Z   ---
2026-10-09T20:12:07.2012504Z   duration_ms: 5.37191
2026-10-09T20:12:07.2012644Z   type: 'test'
2026-10-09T20:12:07.2012759Z   ...
2026-10-09T20:12:07.2013041Z # Subtest: kotlin corpus rejects single execution
2026-10-09T20:12:07.2013886Z ok 253 - kotlin corpus rejects single execution
2026-10-09T20:12:07.2014027Z   ---
2026-10-09T20:12:07.2014169Z   duration_ms: 4.101999
2026-10-09T20:12:07.2014300Z   type: 'test'
2026-10-09T20:12:07.2014408Z   ...
2026-10-09T20:12:07.2014642Z # Subtest: kotlin corpus rejects missing plugin
2026-10-09T20:12:07.2014875Z ok 254 - kotlin corpus rejects missing plugin
2026-10-09T20:12:07.2014973Z   ---
2026-10-09T20:12:07.2015071Z   duration_ms: 2.989074
2026-10-09T20:12:07.2015169Z   type: 'test'
2026-10-09T20:12:07.2015261Z   ...
2026-10-09T20:12:07.2015440Z # Subtest: kotlin corpus rejects mutable plugin
2026-10-09T20:12:07.2015616Z ok 255 - kotlin corpus rejects mutable plugin
2026-10-09T20:12:07.2015706Z   ---
2026-10-09T20:12:07.2015810Z   duration_ms: 2.725237
2026-10-09T20:12:07.2015899Z   type: 'test'
2026-10-09T20:12:07.2015989Z   ...
2026-10-09T20:12:07.2016167Z # Subtest: kotlin corpus rejects unbound plugin
2026-10-09T20:12:07.2016326Z ok 256 - kotlin corpus rejects unbound plugin
2026-10-09T20:12:07.2016418Z   ---
2026-10-09T20:12:07.2016519Z   duration_ms: 3.992802
2026-10-09T20:12:07.2016613Z   type: 'test'
2026-10-09T20:12:07.2016694Z   ...
2026-10-09T20:12:07.2016886Z # Subtest: kotlin corpus rejects unsafe plugin path
2026-10-09T20:12:07.2017071Z ok 257 - kotlin corpus rejects unsafe plugin path
2026-10-09T20:12:07.2017155Z   ---
2026-10-09T20:12:07.2017255Z   duration_ms: 2.746428
2026-10-09T20:12:07.2017350Z   type: 'test'
2026-10-09T20:12:07.2017432Z   ...
2026-10-09T20:12:07.2017628Z # Subtest: kotlin corpus rejects compiler at runtime
2026-10-09T20:12:07.2017813Z ok 258 - kotlin corpus rejects compiler at runtime
2026-10-09T20:12:07.2018107Z   ---
2026-10-09T20:12:07.2018204Z   duration_ms: 2.859209
2026-10-09T20:12:07.2018300Z   type: 'test'
2026-10-09T20:12:07.2018394Z   ...
2026-10-09T20:12:07.2018586Z # Subtest: kotlin corpus rejects extra runtime module
2026-10-09T20:12:07.2018774Z ok 259 - kotlin corpus rejects extra runtime module
2026-10-09T20:12:07.2018865Z   ---
2026-10-09T20:12:07.2018959Z   duration_ms: 2.620308
2026-10-09T20:12:07.2019059Z   type: 'test'
2026-10-09T20:12:07.2019148Z   ...
2026-10-09T20:12:07.2019353Z # Subtest: kotlin corpus rejects author source at runtime
2026-10-09T20:12:07.2019554Z ok 260 - kotlin corpus rejects author source at runtime
2026-10-09T20:12:07.2019644Z   ---
2026-10-09T20:12:07.2019746Z   duration_ms: 3.102049
2026-10-09T20:12:07.2019833Z   type: 'test'
2026-10-09T20:12:07.2019921Z   ...
2026-10-09T20:12:07.2020113Z # Subtest: kotlin corpus rejects wrong native binary
2026-10-09T20:12:07.2020289Z ok 261 - kotlin corpus rejects wrong native binary
2026-10-09T20:12:07.2020381Z   ---
2026-10-09T20:12:07.2020484Z   duration_ms: 3.917232
2026-10-09T20:12:07.2020570Z   type: 'test'
2026-10-09T20:12:07.2020659Z   ...
2026-10-09T20:12:07.2020864Z # Subtest: kotlin corpus rejects missing native runtime
2026-10-09T20:12:07.2021057Z ok 262 - kotlin corpus rejects missing native runtime
2026-10-09T20:12:07.2021138Z   ---
2026-10-09T20:12:07.2021242Z   duration_ms: 2.703569
2026-10-09T20:12:07.2021333Z   type: 'test'
2026-10-09T20:12:07.2021414Z   ...
2026-10-09T20:12:07.2021616Z # Subtest: kotlin corpus rejects multiple native roots
2026-10-09T20:12:07.2021806Z ok 263 - kotlin corpus rejects multiple native roots
2026-10-09T20:12:07.2021886Z   ---
2026-10-09T20:12:07.2021986Z   duration_ms: 2.603692
2026-10-09T20:12:07.2022082Z   type: 'test'
2026-10-09T20:12:07.2022168Z   ...
2026-10-09T20:12:07.2022360Z # Subtest: kotlin corpus rejects wrong public API path
2026-10-09T20:12:07.2022550Z ok 264 - kotlin corpus rejects wrong public API path
2026-10-09T20:12:07.2022642Z   ---
2026-10-09T20:12:07.2022738Z   duration_ms: 2.626342
2026-10-09T20:12:07.2022835Z   type: 'test'
2026-10-09T20:12:07.2022923Z   ...
2026-10-09T20:12:07.2023111Z # Subtest: kotlin corpus rejects missing runtime error
2026-10-09T20:12:07.2023452Z ok 265 - kotlin corpus rejects missing runtime error
2026-10-09T20:12:07.2023556Z   ---
2026-10-09T20:12:07.2023661Z   duration_ms: 4.272935
2026-10-09T20:12:07.2023750Z   type: 'test'
2026-10-09T20:12:07.2023843Z   ...
2026-10-09T20:12:07.2024034Z # Subtest: kotlin corpus rejects wrong runtime error
2026-10-09T20:12:07.2024209Z ok 266 - kotlin corpus rejects wrong runtime error
2026-10-09T20:12:07.2024303Z   ---
2026-10-09T20:12:07.2024403Z   duration_ms: 3.073084
2026-10-09T20:12:07.2024492Z   type: 'test'
2026-10-09T20:12:07.2024584Z   ...
2026-10-09T20:12:07.2024769Z # Subtest: kotlin corpus rejects failed recovery
2026-10-09T20:12:07.2024943Z ok 267 - kotlin corpus rejects failed recovery
2026-10-09T20:12:07.2025026Z   ---
2026-10-09T20:12:07.2025132Z   duration_ms: 3.03508
2026-10-09T20:12:07.2025233Z   type: 'test'
2026-10-09T20:12:07.2025315Z   ...
2026-10-09T20:12:07.2025514Z # Subtest: kotlin corpus rejects failed Nat recovery
2026-10-09T20:12:07.2025694Z ok 268 - kotlin corpus rejects failed Nat recovery
2026-10-09T20:12:07.2025774Z   ---
2026-10-09T20:12:07.2025875Z   duration_ms: 1.546317
2026-10-09T20:12:07.2025968Z   type: 'test'
2026-10-09T20:12:07.2026054Z   ...
2026-10-09T20:12:07.2026259Z # Subtest: kotlin corpus rejects unrelated compiler error
2026-10-09T20:12:07.2026462Z ok 269 - kotlin corpus rejects unrelated compiler error
2026-10-09T20:12:07.2026551Z   ---
2026-10-09T20:12:07.2026642Z   duration_ms: 2.928805
2026-10-09T20:12:07.2026740Z   type: 'test'
2026-10-09T20:12:07.2026827Z   ...
2026-10-09T20:12:07.2027030Z # Subtest: kotlin corpus rejects wrong diagnostic source
2026-10-09T20:12:07.2027226Z ok 270 - kotlin corpus rejects wrong diagnostic source
2026-10-09T20:12:07.2027315Z   ---
2026-10-09T20:12:07.2027415Z   duration_ms: 2.559951
2026-10-09T20:12:07.2027573Z   type: 'test'
2026-10-09T20:12:07.2027729Z   ...
2026-10-09T20:12:07.2027919Z # Subtest: kotlin corpus rejects missing diagnostic
2026-10-09T20:12:07.2028093Z ok 271 - kotlin corpus rejects missing diagnostic
2026-10-09T20:12:07.2028185Z   ---
2026-10-09T20:12:07.2028285Z   duration_ms: 2.456259
2026-10-09T20:12:07.2028372Z   type: 'test'
2026-10-09T20:12:07.2028461Z   ...
2026-10-09T20:12:07.2028653Z # Subtest: kotlin corpus rejects wrong invalid source
2026-10-09T20:12:07.2028836Z ok 272 - kotlin corpus rejects wrong invalid source
2026-10-09T20:12:07.2028918Z   ---
2026-10-09T20:12:07.2029017Z   duration_ms: 2.324191
2026-10-09T20:12:07.2029110Z   type: 'test'
2026-10-09T20:12:07.2029192Z   ...
2026-10-09T20:12:07.2029449Z # Subtest: Kotlin corpus rejects wrong Kotlin compiler
2026-10-09T20:12:07.2029628Z ok 273 - Kotlin corpus rejects wrong Kotlin compiler
2026-10-09T20:12:07.2029719Z   ---
2026-10-09T20:12:07.2029819Z   duration_ms: 4.478533
2026-10-09T20:12:07.2029908Z   type: 'test'
2026-10-09T20:12:07.2029998Z   ...
2026-10-09T20:12:07.2030206Z # Subtest: Kotlin corpus rejects missing Kotlin compiler
2026-10-09T20:12:07.2030391Z ok 274 - Kotlin corpus rejects missing Kotlin compiler
2026-10-09T20:12:07.2030480Z   ---
2026-10-09T20:12:07.2030579Z   duration_ms: 3.98429
2026-10-09T20:12:07.2030672Z   type: 'test'
2026-10-09T20:12:07.2030754Z   ...
2026-10-09T20:12:07.2031021Z # Subtest: Kotlin corpus rejects changed standard library
2026-10-09T20:12:07.2031303Z ok 275 - Kotlin corpus rejects changed standard library
2026-10-09T20:12:07.2031398Z   ---
2026-10-09T20:12:07.2031505Z   duration_ms: 3.858202
2026-10-09T20:12:07.2031600Z   type: 'test'
2026-10-09T20:12:07.2031683Z   ...
2026-10-09T20:12:07.2031878Z # Subtest: Kotlin corpus rejects wrong Kotlin version
2026-10-09T20:12:07.2032059Z ok 276 - Kotlin corpus rejects wrong Kotlin version
2026-10-09T20:12:07.2032148Z   ---
2026-10-09T20:12:07.2032242Z   duration_ms: 1.430759
2026-10-09T20:12:07.2032339Z   type: 'test'
2026-10-09T20:12:07.2032434Z   ...
2026-10-09T20:12:07.2032785Z # Subtest: PHP corpus binds separate weak and strict public callers to the same fresh oracle
2026-10-09T20:12:07.2033121Z ok 277 - PHP corpus binds separate weak and strict public callers to the same fresh oracle
2026-10-09T20:12:07.2033211Z   ---
2026-10-09T20:12:07.2033472Z   duration_ms: 117.817685
2026-10-09T20:12:07.2033606Z   type: 'test'
2026-10-09T20:12:07.2033720Z   ...
2026-10-09T20:12:07.2033968Z # Subtest: PHP corpus rejects missing evidence
2026-10-09T20:12:07.2034190Z ok 278 - PHP corpus rejects missing evidence
2026-10-09T20:12:07.2034301Z   ---
2026-10-09T20:12:07.2034434Z   duration_ms: 4.539621
2026-10-09T20:12:07.2034525Z   type: 'test'
2026-10-09T20:12:07.2034618Z   ...
2026-10-09T20:12:07.2034796Z # Subtest: PHP corpus rejects unsupported PHP
2026-10-09T20:12:07.2034959Z ok 279 - PHP corpus rejects unsupported PHP
2026-10-09T20:12:07.2035052Z   ---
2026-10-09T20:12:07.2035153Z   duration_ms: 3.556864
2026-10-09T20:12:07.2035254Z   type: 'test'
2026-10-09T20:12:07.2035337Z   ...
2026-10-09T20:12:07.2035511Z # Subtest: PHP corpus rejects wrong Composer
2026-10-09T20:12:07.2035676Z ok 280 - PHP corpus rejects wrong Composer
2026-10-09T20:12:07.2035759Z   ---
2026-10-09T20:12:07.2035859Z   duration_ms: 3.889957
2026-10-09T20:12:07.2035955Z   type: 'test'
2026-10-09T20:12:07.2036037Z   ...
2026-10-09T20:12:07.2036203Z # Subtest: PHP corpus rejects unhashed host
2026-10-09T20:12:07.2036364Z ok 281 - PHP corpus rejects unhashed host
2026-10-09T20:12:07.2036454Z   ---
2026-10-09T20:12:07.2036546Z   duration_ms: 3.627925
2026-10-09T20:12:07.2036643Z   type: 'test'
2026-10-09T20:12:07.2036734Z   ...
2026-10-09T20:12:07.2036934Z # Subtest: PHP corpus rejects unidentified Composer
2026-10-09T20:12:07.2037119Z ok 282 - PHP corpus rejects unidentified Composer
2026-10-09T20:12:07.2037211Z   ---
2026-10-09T20:12:07.2037305Z   duration_ms: 9.511473
2026-10-09T20:12:07.2037399Z   type: 'test'
2026-10-09T20:12:07.2037488Z   ...
2026-10-09T20:12:07.2037769Z # Subtest: PHP corpus rejects project tool code
2026-10-09T20:12:07.2037998Z ok 283 - PHP corpus rejects project tool code
2026-10-09T20:12:07.2038094Z   ---
2026-10-09T20:12:07.2038197Z   duration_ms: 5.60342
2026-10-09T20:12:07.2038284Z   type: 'test'
2026-10-09T20:12:07.2038373Z   ...
2026-10-09T20:12:07.2038565Z # Subtest: PHP corpus rejects unbound Composer maps
2026-10-09T20:12:07.2038737Z ok 284 - PHP corpus rejects unbound Composer maps
2026-10-09T20:12:07.2038827Z   ---
2026-10-09T20:12:07.2038929Z   duration_ms: 5.842896
2026-10-09T20:12:07.2039016Z   type: 'test'
2026-10-09T20:12:07.2039108Z   ...
2026-10-09T20:12:07.2039337Z # Subtest: PHP corpus rejects unrelated Composer-loaded file
2026-10-09T20:12:07.2039553Z ok 285 - PHP corpus rejects unrelated Composer-loaded file
2026-10-09T20:12:07.2039638Z   ---
2026-10-09T20:12:07.2039739Z   duration_ms: 5.356316
2026-10-09T20:12:07.2039833Z   type: 'test'
2026-10-09T20:12:07.2039916Z   ...
2026-10-09T20:12:07.2040105Z # Subtest: PHP corpus rejects changed Composer map
2026-10-09T20:12:07.2040288Z ok 286 - PHP corpus rejects changed Composer map
2026-10-09T20:12:07.2040371Z   ---
2026-10-09T20:12:07.2040470Z   duration_ms: 5.290232
2026-10-09T20:12:07.2040562Z   type: 'test'
2026-10-09T20:12:07.2040651Z   ...
2026-10-09T20:12:07.2040841Z # Subtest: PHP corpus rejects unbound probe
2026-10-09T20:12:07.2041021Z ok 287 - PHP corpus rejects unbound probe
2026-10-09T20:12:07.2041111Z   ---
2026-10-09T20:12:07.2041208Z   duration_ms: 3.577548
2026-10-09T20:12:07.2041303Z   type: 'test'
2026-10-09T20:12:07.2041390Z   ...
2026-10-09T20:12:07.2041556Z # Subtest: PHP corpus rejects changed request
2026-10-09T20:12:07.2041714Z ok 288 - PHP corpus rejects changed request
2026-10-09T20:12:07.2041802Z   ---
2026-10-09T20:12:07.2041902Z   duration_ms: 4.357266
2026-10-09T20:12:07.2041989Z   type: 'test'
2026-10-09T20:12:07.2042079Z   ...
2026-10-09T20:12:07.2042248Z # Subtest: PHP corpus rejects changed source
2026-10-09T20:12:07.2042400Z ok 289 - PHP corpus rejects changed source
2026-10-09T20:12:07.2042493Z   ---
2026-10-09T20:12:07.2042598Z   duration_ms: 9.50364
2026-10-09T20:12:07.2042686Z   type: 'test'
2026-10-09T20:12:07.2042777Z   ...
2026-10-09T20:12:07.2042955Z # Subtest: PHP corpus rejects wrong binding IR
2026-10-09T20:12:07.2043125Z ok 290 - PHP corpus rejects wrong binding IR
2026-10-09T20:12:07.2043208Z   ---
2026-10-09T20:12:07.2043395Z   duration_ms: 4.453431
2026-10-09T20:12:07.2043504Z   type: 'test'
2026-10-09T20:12:07.2043588Z   ...
2026-10-09T20:12:07.2043750Z # Subtest: PHP corpus rejects wrong archive
2026-10-09T20:12:07.2043908Z ok 291 - PHP corpus rejects wrong archive
2026-10-09T20:12:07.2043990Z   ---
2026-10-09T20:12:07.2044092Z   duration_ms: 4.441331
2026-10-09T20:12:07.2044186Z   type: 'test'
2026-10-09T20:12:07.2044268Z   ...
2026-10-09T20:12:07.2044428Z # Subtest: PHP corpus rejects ambient INI
2026-10-09T20:12:07.2044587Z ok 292 - PHP corpus rejects ambient INI
2026-10-09T20:12:07.2044676Z   ---
2026-10-09T20:12:07.2044774Z   duration_ms: 5.163411
2026-10-09T20:12:07.2044871Z   type: 'test'
2026-10-09T20:12:07.2044965Z   ...
2026-10-09T20:12:07.2045147Z # Subtest: PHP corpus rejects runtime auto prepend
2026-10-09T20:12:07.2045329Z ok 293 - PHP corpus rejects runtime auto prepend
2026-10-09T20:12:07.2045420Z   ---
2026-10-09T20:12:07.2045513Z   duration_ms: 5.216487
2026-10-09T20:12:07.2045609Z   type: 'test'
2026-10-09T20:12:07.2045697Z   ...
2026-10-09T20:12:07.2045864Z # Subtest: PHP corpus rejects extra extension
2026-10-09T20:12:07.2046018Z ok 294 - PHP corpus rejects extra extension
2026-10-09T20:12:07.2046107Z   ---
2026-10-09T20:12:07.2046211Z   duration_ms: 5.194581
2026-10-09T20:12:07.2046297Z   type: 'test'
2026-10-09T20:12:07.2046388Z   ...
2026-10-09T20:12:07.2046558Z # Subtest: PHP corpus rejects unbound receipt
2026-10-09T20:12:07.2046711Z ok 295 - PHP corpus rejects unbound receipt
2026-10-09T20:12:07.2046804Z   ---
2026-10-09T20:12:07.2046904Z   duration_ms: 5.274981
2026-10-09T20:12:07.2047000Z   type: 'test'
2026-10-09T20:12:07.2047144Z   ...
2026-10-09T20:12:07.2047384Z # Subtest: PHP corpus rejects extra locked package
2026-10-09T20:12:07.2047568Z ok 296 - PHP corpus rejects extra locked package
2026-10-09T20:12:07.2047650Z   ---
2026-10-09T20:12:07.2047751Z   duration_ms: 7.533318
2026-10-09T20:12:07.2047846Z   type: 'test'
2026-10-09T20:12:07.2047929Z   ...
2026-10-09T20:12:07.2048142Z # Subtest: PHP corpus rejects changed integer dependency
2026-10-09T20:12:07.2048338Z ok 297 - PHP corpus rejects changed integer dependency
2026-10-09T20:12:07.2048426Z   ---
2026-10-09T20:12:07.2048519Z   duration_ms: 4.482642
2026-10-09T20:12:07.2048616Z   type: 'test'
2026-10-09T20:12:07.2048705Z   ...
2026-10-09T20:12:07.2048891Z # Subtest: PHP corpus rejects missing integer source
2026-10-09T20:12:07.2049076Z ok 298 - PHP corpus rejects missing integer source
2026-10-09T20:12:07.2049164Z   ---
2026-10-09T20:12:07.2049256Z   duration_ms: 4.745293
2026-10-09T20:12:07.2049351Z   type: 'test'
2026-10-09T20:12:07.2049442Z   ...
2026-10-09T20:12:07.2049632Z # Subtest: PHP corpus rejects changed integer source
2026-10-09T20:12:07.2049807Z ok 299 - PHP corpus rejects changed integer source
2026-10-09T20:12:07.2049897Z   ---
2026-10-09T20:12:07.2049996Z   duration_ms: 4.926524
2026-10-09T20:12:07.2050082Z   type: 'test'
2026-10-09T20:12:07.2050170Z   ...
2026-10-09T20:12:07.2050348Z # Subtest: PHP corpus rejects extra dev package
2026-10-09T20:12:07.2050509Z ok 300 - PHP corpus rejects extra dev package
2026-10-09T20:12:07.2050598Z   ---
2026-10-09T20:12:07.2050698Z   duration_ms: 6.4321
2026-10-09T20:12:07.2050785Z   type: 'test'
2026-10-09T20:12:07.2050872Z   ...
2026-10-09T20:12:07.2051066Z # Subtest: PHP corpus rejects wrong installed package
2026-10-09T20:12:07.2051250Z ok 301 - PHP corpus rejects wrong installed package
2026-10-09T20:12:07.2051331Z   ---
2026-10-09T20:12:07.2051432Z   duration_ms: 4.71019
2026-10-09T20:12:07.2051526Z   type: 'test'
2026-10-09T20:12:07.2051606Z   ...
2026-10-09T20:12:07.2051798Z # Subtest: PHP corpus rejects extra deployed payload
2026-10-09T20:12:07.2051983Z ok 302 - PHP corpus rejects extra deployed payload
2026-10-09T20:12:07.2052065Z   ---
2026-10-09T20:12:07.2052166Z   duration_ms: 5.475215
2026-10-09T20:12:07.2052258Z   type: 'test'
2026-10-09T20:12:07.2052347Z   ...
2026-10-09T20:12:07.2052498Z # Subtest: PHP corpus rejects changed API
2026-10-09T20:12:07.2052658Z ok 303 - PHP corpus rejects changed API
2026-10-09T20:12:07.2052748Z   ---
2026-10-09T20:12:07.2052841Z   duration_ms: 8.03847
2026-10-09T20:12:07.2052936Z   type: 'test'
2026-10-09T20:12:07.2053024Z   ...
2026-10-09T20:12:07.2053180Z # Subtest: PHP corpus rejects single caller
2026-10-09T20:12:07.2053422Z ok 304 - PHP corpus rejects single caller
2026-10-09T20:12:07.2053522Z   ---
2026-10-09T20:12:07.2053623Z   duration_ms: 5.447685
2026-10-09T20:12:07.2053710Z   type: 'test'
2026-10-09T20:12:07.2053802Z   ...
2026-10-09T20:12:07.2053984Z # Subtest: PHP corpus rejects mislabeled caller
2026-10-09T20:12:07.2054149Z ok 305 - PHP corpus rejects mislabeled caller
2026-10-09T20:12:07.2054243Z   ---
2026-10-09T20:12:07.2054348Z   duration_ms: 6.108811
2026-10-09T20:12:07.2054435Z   type: 'test'
2026-10-09T20:12:07.2054527Z   ...
2026-10-09T20:12:07.2054688Z # Subtest: PHP corpus rejects 32-bit host
2026-10-09T20:12:07.2054844Z ok 306 - PHP corpus rejects 32-bit host
2026-10-09T20:12:07.2054927Z   ---
2026-10-09T20:12:07.2055029Z   duration_ms: 5.562581
2026-10-09T20:12:07.2055124Z   type: 'test'
2026-10-09T20:12:07.2055207Z   ...
2026-10-09T20:12:07.2055371Z # Subtest: PHP corpus rejects threaded host
2026-10-09T20:12:07.2055527Z ok 307 - PHP corpus rejects threaded host
2026-10-09T20:12:07.2055610Z   ---
2026-10-09T20:12:07.2055711Z   duration_ms: 5.67244
2026-10-09T20:12:07.2055806Z   type: 'test'
2026-10-09T20:12:07.2055890Z   ...
2026-10-09T20:12:07.2056049Z # Subtest: PHP corpus rejects web SAPI
2026-10-09T20:12:07.2056204Z ok 308 - PHP corpus rejects web SAPI
2026-10-09T20:12:07.2056294Z   ---
2026-10-09T20:12:07.2056387Z   duration_ms: 5.572883
2026-10-09T20:12:07.2056548Z   type: 'test'
2026-10-09T20:12:07.2056691Z   ...
2026-10-09T20:12:07.2056865Z # Subtest: PHP corpus rejects retained records
2026-10-09T20:12:07.2057035Z ok 309 - PHP corpus rejects retained records
2026-10-09T20:12:07.2057127Z   ---
2026-10-09T20:12:07.2057219Z   duration_ms: 8.193932
2026-10-09T20:12:07.2057314Z   type: 'test'
2026-10-09T20:12:07.2057401Z   ...
2026-10-09T20:12:07.2057559Z # Subtest: PHP corpus rejects outside API
2026-10-09T20:12:07.2057707Z ok 310 - PHP corpus rejects outside API
2026-10-09T20:12:07.2057796Z   ---
2026-10-09T20:12:07.2057894Z   duration_ms: 5.829723
2026-10-09T20:12:07.2057990Z   type: 'test'
2026-10-09T20:12:07.2058081Z   ...
2026-10-09T20:12:07.2058273Z # Subtest: PHP corpus rejects missing native runtime
2026-10-09T20:12:07.2058479Z ok 311 - PHP corpus rejects missing native runtime
2026-10-09T20:12:07.2058561Z   ---
2026-10-09T20:12:07.2058663Z   duration_ms: 5.639943
2026-10-09T20:12:07.2058754Z   type: 'test'
2026-10-09T20:12:07.2058839Z   ...
2026-10-09T20:12:07.2059025Z # Subtest: PHP corpus rejects ambient PHP file
2026-10-09T20:12:07.2059192Z ok 312 - PHP corpus rejects ambient PHP file
2026-10-09T20:12:07.2059275Z   ---
2026-10-09T20:12:07.2059374Z   duration_ms: 5.625125
2026-10-09T20:12:07.2059466Z   type: 'test'
2026-10-09T20:12:07.2059553Z   ...
2026-10-09T20:12:07.2059749Z # Subtest: PHP corpus rejects strict calls in weak file
2026-10-09T20:12:07.2059945Z ok 313 - PHP corpus rejects strict calls in weak file
2026-10-09T20:12:07.2060036Z   ---
2026-10-09T20:12:07.2060128Z   duration_ms: 6.093144
2026-10-09T20:12:07.2060223Z   type: 'test'
2026-10-09T20:12:07.2060312Z   ...
2026-10-09T20:12:07.2060490Z # Subtest: PHP corpus rejects strict result drift
2026-10-09T20:12:07.2060665Z ok 314 - PHP corpus rejects strict result drift
2026-10-09T20:12:07.2060753Z   ---
2026-10-09T20:12:07.2060855Z   duration_ms: 7.986305
2026-10-09T20:12:07.2060943Z   type: 'test'
2026-10-09T20:12:07.2061033Z   ...
2026-10-09T20:12:07.2061223Z # Subtest: PHP corpus rejects missing strict error
2026-10-09T20:12:07.2061450Z ok 315 - PHP corpus rejects missing strict error
2026-10-09T20:12:07.2061541Z   ---
2026-10-09T20:12:07.2061643Z   duration_ms: 6.900056
2026-10-09T20:12:07.2061730Z   type: 'test'
2026-10-09T20:12:07.2061820Z   ...
2026-10-09T20:12:07.2062116Z # Subtest: PHP corpus rejects wrong error recovery
2026-10-09T20:12:07.2084517Z ok 316 - PHP corpus rejects wrong error recovery
2026-10-09T20:12:07.2092305Z   ---
2026-10-09T20:12:07.2092471Z   duration_ms: 6.629998
2026-10-09T20:12:07.2092614Z   type: 'test'
2026-10-09T20:12:07.2092731Z   ...
2026-10-09T20:12:07.2093066Z # Subtest: PHP corpus rejects wrong rejection stage
2026-10-09T20:12:07.2093547Z ok 317 - PHP corpus rejects wrong rejection stage
2026-10-09T20:12:07.2093686Z   ---
2026-10-09T20:12:07.2093830Z   duration_ms: 5.084883
2026-10-09T20:12:07.2093974Z   type: 'test'
2026-10-09T20:12:07.2094094Z   ...
2026-10-09T20:12:07.2094400Z # Subtest: PHP corpus rejects wrong rejection message
2026-10-09T20:12:07.2094720Z ok 318 - PHP corpus rejects wrong rejection message
2026-10-09T20:12:07.2094844Z   ---
2026-10-09T20:12:07.2094982Z   duration_ms: 4.853439
2026-10-09T20:12:07.2095115Z   type: 'test'
2026-10-09T20:12:07.2095240Z   ...
2026-10-09T20:12:07.2095525Z # Subtest: PHP corpus rejects wrong base recovery
2026-10-09T20:12:07.2095793Z ok 319 - PHP corpus rejects wrong base recovery
2026-10-09T20:12:07.2095918Z   ---
2026-10-09T20:12:07.2096068Z   duration_ms: 3.375771
2026-10-09T20:12:07.2096192Z   type: 'test'
2026-10-09T20:12:07.2096316Z   ...
2026-10-09T20:12:07.2096654Z # Subtest: PHP corpus rejects missing emptyComposerHome
2026-10-09T20:12:07.2096953Z ok 320 - PHP corpus rejects missing emptyComposerHome
2026-10-09T20:12:07.2097132Z   ---
2026-10-09T20:12:07.2097243Z   duration_ms: 3.52655
2026-10-09T20:12:07.2097366Z   type: 'test'
2026-10-09T20:12:07.2097490Z   ...
2026-10-09T20:12:07.2097754Z # Subtest: PHP corpus rejects missing emptyCache
2026-10-09T20:12:07.2098020Z ok 321 - PHP corpus rejects missing emptyCache
2026-10-09T20:12:07.2098420Z   ---
2026-10-09T20:12:07.2098568Z   duration_ms: 5.565696
2026-10-09T20:12:07.2098692Z   type: 'test'
2026-10-09T20:12:07.2098820Z   ...
2026-10-09T20:12:07.2099067Z # Subtest: PHP corpus rejects missing offline
2026-10-09T20:12:07.2099278Z ok 322 - PHP corpus rejects missing offline
2026-10-09T20:12:07.2099390Z   ---
2026-10-09T20:12:07.2099530Z   duration_ms: 3.48794
2026-10-09T20:12:07.2099651Z   type: 'test'
2026-10-09T20:12:07.2099764Z   ...
2026-10-09T20:12:07.2100034Z # Subtest: PHP corpus rejects missing lockedInstall
2026-10-09T20:12:07.2100279Z ok 323 - PHP corpus rejects missing lockedInstall
2026-10-09T20:12:07.2100386Z   ---
2026-10-09T20:12:07.2100514Z   duration_ms: 3.553427
2026-10-09T20:12:07.2100624Z   type: 'test'
2026-10-09T20:12:07.2100726Z   ...
2026-10-09T20:12:07.2101022Z # Subtest: PHP corpus rejects missing exactPublicSignatures
2026-10-09T20:12:07.2101320Z ok 324 - PHP corpus rejects missing exactPublicSignatures
2026-10-09T20:12:07.2101423Z   ---
2026-10-09T20:12:07.2101549Z   duration_ms: 5.005257
2026-10-09T20:12:07.2101669Z   type: 'test'
2026-10-09T20:12:07.2101777Z   ...
2026-10-09T20:12:07.2102026Z # Subtest: PHP corpus rejects missing publicApiOnly
2026-10-09T20:12:07.2102273Z ok 325 - PHP corpus rejects missing publicApiOnly
2026-10-09T20:12:07.2102377Z   ---
2026-10-09T20:12:07.2102501Z   duration_ms: 4.931648
2026-10-09T20:12:07.2102629Z   type: 'test'
2026-10-09T20:12:07.2102745Z   ...
2026-10-09T20:12:07.2103000Z # Subtest: PHP corpus rejects missing relocated
2026-10-09T20:12:07.2103245Z ok 326 - PHP corpus rejects missing relocated
2026-10-09T20:12:07.2103510Z   ---
2026-10-09T20:12:07.2103664Z   duration_ms: 5.007015
2026-10-09T20:12:07.2103785Z   type: 'test'
2026-10-09T20:12:07.2103901Z   ...
2026-10-09T20:12:07.2104222Z # Subtest: PHP corpus rejects missing compilerFreeExecution
2026-10-09T20:12:07.2104547Z ok 327 - PHP corpus rejects missing compilerFreeExecution
2026-10-09T20:12:07.2104670Z   ---
2026-10-09T20:12:07.2104817Z   duration_ms: 4.126236
2026-10-09T20:12:07.2104930Z   type: 'test'
2026-10-09T20:12:07.2105050Z   ...
2026-10-09T20:12:07.2105418Z # Subtest: PHP corpus rejects missing runtimeOverridesDisabled
2026-10-09T20:12:07.2105785Z ok 328 - PHP corpus rejects missing runtimeOverridesDisabled
2026-10-09T20:12:07.2105893Z   ---
2026-10-09T20:12:07.2106006Z   duration_ms: 3.362546
2026-10-09T20:12:07.2106116Z   type: 'test'
2026-10-09T20:12:07.2106530Z   ...
2026-10-09T20:12:07.2106817Z # Subtest: PHP corpus rejects missing iniDisabled
2026-10-09T20:12:07.2107081Z ok 329 - PHP corpus rejects missing iniDisabled
2026-10-09T20:12:07.2107196Z   ---
2026-10-09T20:12:07.2107339Z   duration_ms: 5.641769
2026-10-09T20:12:07.2107473Z   type: 'test'
2026-10-09T20:12:07.2107587Z   ...
2026-10-09T20:12:07.2107883Z # Subtest: PHP corpus rejects missing repeatExecution
2026-10-09T20:12:07.2108156Z ok 330 - PHP corpus rejects missing repeatExecution
2026-10-09T20:12:07.2108283Z   ---
2026-10-09T20:12:07.2108427Z   duration_ms: 3.583298
2026-10-09T20:12:07.2108566Z   type: 'test'
2026-10-09T20:12:07.2108682Z   ...
2026-10-09T20:12:07.2109013Z # Subtest: PHP corpus rejects missing unchangedDeployment
2026-10-09T20:12:07.2109326Z ok 331 - PHP corpus rejects missing unchangedDeployment
2026-10-09T20:12:07.2109448Z   ---
2026-10-09T20:12:07.2109613Z   duration_ms: 3.489376
2026-10-09T20:12:07.2109743Z   type: 'test'
2026-10-09T20:12:07.2109863Z   ...
2026-10-09T20:12:07.2110136Z # Subtest: PHP corpus rejects missing localLibraries
2026-10-09T20:12:07.2110405Z ok 332 - PHP corpus rejects missing localLibraries
2026-10-09T20:12:07.2110529Z   ---
2026-10-09T20:12:07.2110681Z   duration_ms: 3.45354
2026-10-09T20:12:07.2110803Z   type: 'test'
2026-10-09T20:12:07.2110923Z   ...
2026-10-09T20:12:07.2111308Z # Subtest: native PHP corpus accepts the PHP 8.4 boolean NTS constant
2026-10-09T20:12:07.2111679Z ok 333 - native PHP corpus accepts the PHP 8.4 boolean NTS constant
2026-10-09T20:12:07.2111804Z   ---
2026-10-09T20:12:07.2112159Z   duration_ms: 123.379549
2026-10-09T20:12:07.2112437Z   type: 'test'
2026-10-09T20:12:07.2112558Z   ...
2026-10-09T20:12:07.2113061Z # Subtest: PHP-Wasm corpus requires all installed loading routes and 32-bit callers
2026-10-09T20:12:07.2113678Z ok 334 - PHP-Wasm corpus requires all installed loading routes and 32-bit callers
2026-10-09T20:12:07.2113807Z   ---
2026-10-09T20:12:07.2113964Z   duration_ms: 140.056728
2026-10-09T20:12:07.2114095Z   type: 'test'
2026-10-09T20:12:07.2114206Z   ...
2026-10-09T20:12:07.2114484Z # Subtest: PHP-Wasm corpus rejects missing evidence
2026-10-09T20:12:07.2114766Z ok 335 - PHP-Wasm corpus rejects missing evidence
2026-10-09T20:12:07.2114886Z   ---
2026-10-09T20:12:07.2115026Z   duration_ms: 6.679517
2026-10-09T20:12:07.2115151Z   type: 'test'
2026-10-09T20:12:07.2115255Z   ...
2026-10-09T20:12:07.2115572Z # Subtest: PHP-Wasm corpus rejects missing runtime archive
2026-10-09T20:12:07.2115887Z ok 336 - PHP-Wasm corpus rejects missing runtime archive
2026-10-09T20:12:07.2116016Z   ---
2026-10-09T20:12:07.2116172Z   duration_ms: 11.001317
2026-10-09T20:12:07.2116290Z   type: 'test'
2026-10-09T20:12:07.2116389Z   ...
2026-10-09T20:12:07.2116635Z # Subtest: PHP-Wasm corpus rejects wrong Composer archive
2026-10-09T20:12:07.2116885Z ok 337 - PHP-Wasm corpus rejects wrong Composer archive
2026-10-09T20:12:07.2116995Z   ---
2026-10-09T20:12:07.2117112Z   duration_ms: 6.003667
2026-10-09T20:12:07.2117222Z   type: 'test'
2026-10-09T20:12:07.2117338Z   ...
2026-10-09T20:12:07.2117639Z # Subtest: PHP-Wasm corpus rejects wrong runtime identity
2026-10-09T20:12:07.2117935Z ok 338 - PHP-Wasm corpus rejects wrong runtime identity
2026-10-09T20:12:07.2118047Z   ---
2026-10-09T20:12:07.2118198Z   duration_ms: 5.77154
2026-10-09T20:12:07.2118331Z   type: 'test'
2026-10-09T20:12:07.2118441Z   ...
2026-10-09T20:12:07.2118726Z # Subtest: PHP-Wasm corpus rejects wrong PHP host
2026-10-09T20:12:07.2119001Z ok 339 - PHP-Wasm corpus rejects wrong PHP host
2026-10-09T20:12:07.2119113Z   ---
2026-10-09T20:12:07.2119266Z   duration_ms: 5.523225
2026-10-09T20:12:07.2119401Z   type: 'test'
2026-10-09T20:12:07.2119499Z   ...
2026-10-09T20:12:07.2119878Z # Subtest: PHP-Wasm corpus rejects unidentified host files
2026-10-09T20:12:07.2120166Z ok 340 - PHP-Wasm corpus rejects unidentified host files
2026-10-09T20:12:07.2120278Z   ---
2026-10-09T20:12:07.2120401Z   duration_ms: 5.630797
2026-10-09T20:12:07.2120525Z   type: 'test'
2026-10-09T20:12:07.2120636Z   ...
2026-10-09T20:12:07.2120816Z # Subtest: PHP-Wasm corpus rejects changed host
2026-10-09T20:12:07.2120994Z ok 341 - PHP-Wasm corpus rejects changed host
2026-10-09T20:12:07.2121086Z   ---
2026-10-09T20:12:07.2121181Z   duration_ms: 9.224717
2026-10-09T20:12:07.2121274Z   type: 'test'
2026-10-09T20:12:07.2121363Z   ...
2026-10-09T20:12:07.2121551Z # Subtest: PHP-Wasm corpus rejects wrong word size
2026-10-09T20:12:07.2121726Z ok 342 - PHP-Wasm corpus rejects wrong word size
2026-10-09T20:12:07.2121816Z   ---
2026-10-09T20:12:07.2121919Z   duration_ms: 14.780844
2026-10-09T20:12:07.2122011Z   type: 'test'
2026-10-09T20:12:07.2122103Z   ...
2026-10-09T20:12:07.2122281Z # Subtest: PHP-Wasm corpus rejects native SAPI
2026-10-09T20:12:07.2122445Z ok 343 - PHP-Wasm corpus rejects native SAPI
2026-10-09T20:12:07.2122533Z   ---
2026-10-09T20:12:07.2122633Z   duration_ms: 17.49238
2026-10-09T20:12:07.2122726Z   type: 'test'
2026-10-09T20:12:07.2122808Z   ...
2026-10-09T20:12:07.2123005Z # Subtest: PHP-Wasm corpus rejects wrong PHP version
2026-10-09T20:12:07.2123194Z ok 344 - PHP-Wasm corpus rejects wrong PHP version
2026-10-09T20:12:07.2123460Z   ---
2026-10-09T20:12:07.2123621Z   duration_ms: 5.186022
2026-10-09T20:12:07.2123740Z   type: 'test'
2026-10-09T20:12:07.2123840Z   ...
2026-10-09T20:12:07.2124089Z # Subtest: PHP-Wasm corpus rejects threaded host
2026-10-09T20:12:07.2124328Z ok 345 - PHP-Wasm corpus rejects threaded host
2026-10-09T20:12:07.2124449Z   ---
2026-10-09T20:12:07.2124592Z   duration_ms: 16.359415
2026-10-09T20:12:07.2124728Z   type: 'test'
2026-10-09T20:12:07.2125052Z   ...
2026-10-09T20:12:07.2125407Z # Subtest: PHP-Wasm corpus rejects retained record
2026-10-09T20:12:07.2125688Z ok 346 - PHP-Wasm corpus rejects retained record
2026-10-09T20:12:07.2125816Z   ---
2026-10-09T20:12:07.2125963Z   duration_ms: 16.769302
2026-10-09T20:12:07.2126098Z   type: 'test'
2026-10-09T20:12:07.2126225Z   ...
2026-10-09T20:12:07.2126526Z # Subtest: PHP-Wasm corpus rejects wrong API location
2026-10-09T20:12:07.2126795Z ok 347 - PHP-Wasm corpus rejects wrong API location
2026-10-09T20:12:07.2126914Z   ---
2026-10-09T20:12:07.2127064Z   duration_ms: 14.505732
2026-10-09T20:12:07.2127191Z   type: 'test'
2026-10-09T20:12:07.2127314Z   ...
2026-10-09T20:12:07.2127635Z # Subtest: PHP-Wasm corpus rejects foreign PHP include
2026-10-09T20:12:07.2127920Z ok 348 - PHP-Wasm corpus rejects foreign PHP include
2026-10-09T20:12:07.2128048Z   ---
2026-10-09T20:12:07.2128199Z   duration_ms: 11.769497
2026-10-09T20:12:07.2128334Z   type: 'test'
2026-10-09T20:12:07.2128456Z   ...
2026-10-09T20:12:07.2128751Z # Subtest: PHP-Wasm corpus rejects changed caller
2026-10-09T20:12:07.2129016Z ok 349 - PHP-Wasm corpus rejects changed caller
2026-10-09T20:12:07.2129132Z   ---
2026-10-09T20:12:07.2129287Z   duration_ms: 6.754613
2026-10-09T20:12:07.2129422Z   type: 'test'
2026-10-09T20:12:07.2129544Z   ...
2026-10-09T20:12:07.2129836Z # Subtest: PHP-Wasm corpus rejects changed request
2026-10-09T20:12:07.2130116Z ok 350 - PHP-Wasm corpus rejects changed request
2026-10-09T20:12:07.2130240Z   ---
2026-10-09T20:12:07.2130382Z   duration_ms: 8.004387
2026-10-09T20:12:07.2130518Z   type: 'test'
2026-10-09T20:12:07.2130639Z   ...
2026-10-09T20:12:07.2130912Z # Subtest: PHP-Wasm corpus rejects missing route
2026-10-09T20:12:07.2131191Z ok 351 - PHP-Wasm corpus rejects missing route
2026-10-09T20:12:07.2131317Z   ---
2026-10-09T20:12:07.2131460Z   duration_ms: 9.121076
2026-10-09T20:12:07.2131597Z   type: 'test'
2026-10-09T20:12:07.2131725Z   ...
2026-10-09T20:12:07.2132011Z # Subtest: PHP-Wasm corpus rejects duplicate route
2026-10-09T20:12:07.2132298Z ok 352 - PHP-Wasm corpus rejects duplicate route
2026-10-09T20:12:07.2132416Z   ---
2026-10-09T20:12:07.2132568Z   duration_ms: 15.76283
2026-10-09T20:12:07.2132694Z   type: 'test'
2026-10-09T20:12:07.2132819Z   ...
2026-10-09T20:12:07.2133132Z # Subtest: PHP-Wasm corpus rejects wrong caller mode
2026-10-09T20:12:07.2133563Z ok 353 - PHP-Wasm corpus rejects wrong caller mode
2026-10-09T20:12:07.2133706Z   ---
2026-10-09T20:12:07.2133863Z   duration_ms: 10.111356
2026-10-09T20:12:07.2133993Z   type: 'test'
2026-10-09T20:12:07.2134123Z   ...
2026-10-09T20:12:07.2134415Z # Subtest: PHP-Wasm corpus rejects cold eager fetch
2026-10-09T20:12:07.2134691Z ok 354 - PHP-Wasm corpus rejects cold eager fetch
2026-10-09T20:12:07.2134811Z   ---
2026-10-09T20:12:07.2134959Z   duration_ms: 9.860502
2026-10-09T20:12:07.2135094Z   type: 'test'
2026-10-09T20:12:07.2135209Z   ...
2026-10-09T20:12:07.2135523Z # Subtest: PHP-Wasm corpus rejects invalid input fetch
2026-10-09T20:12:07.2135836Z ok 355 - PHP-Wasm corpus rejects invalid input fetch
2026-10-09T20:12:07.2135955Z   ---
2026-10-09T20:12:07.2136103Z   duration_ms: 12.253397
2026-10-09T20:12:07.2136238Z   type: 'test'
2026-10-09T20:12:07.2136359Z   ...
2026-10-09T20:12:07.2136682Z # Subtest: PHP-Wasm corpus rejects missing library fetch
2026-10-09T20:12:07.2137025Z ok 356 - PHP-Wasm corpus rejects missing library fetch
2026-10-09T20:12:07.2137154Z   ---
2026-10-09T20:12:07.2137302Z   duration_ms: 9.207347
2026-10-09T20:12:07.2137434Z   type: 'test'
2026-10-09T20:12:07.2137571Z   ...
2026-10-09T20:12:07.2137900Z # Subtest: PHP-Wasm corpus rejects wrong browser result
2026-10-09T20:12:07.2138199Z ok 357 - PHP-Wasm corpus rejects wrong browser result
2026-10-09T20:12:07.2138330Z   ---
2026-10-09T20:12:07.2138492Z   duration_ms: 11.856656
2026-10-09T20:12:07.2138628Z   type: 'test'
2026-10-09T20:12:07.2138758Z   ...
2026-10-09T20:12:07.2139072Z # Subtest: PHP-Wasm corpus rejects missing browser asset
2026-10-09T20:12:07.2139558Z ok 358 - PHP-Wasm corpus rejects missing browser asset
2026-10-09T20:12:07.2139784Z   ---
2026-10-09T20:12:07.2139937Z   duration_ms: 14.40975
2026-10-09T20:12:07.2140078Z   type: 'test'
2026-10-09T20:12:07.2140188Z   ...
2026-10-09T20:12:07.2140515Z # Subtest: PHP-Wasm corpus rejects unbound browser request
2026-10-09T20:12:07.2140840Z ok 359 - PHP-Wasm corpus rejects unbound browser request
2026-10-09T20:12:07.2140960Z   ---
2026-10-09T20:12:07.2141110Z   duration_ms: 12.2898
2026-10-09T20:12:07.2141250Z   type: 'test'
2026-10-09T20:12:07.2141360Z   ...
2026-10-09T20:12:07.2141678Z # Subtest: PHP-Wasm corpus rejects external browser asset
2026-10-09T20:12:07.2141990Z ok 360 - PHP-Wasm corpus rejects external browser asset
2026-10-09T20:12:07.2142117Z   ---
2026-10-09T20:12:07.2142254Z   duration_ms: 14.001947
2026-10-09T20:12:07.2142384Z   type: 'test'
2026-10-09T20:12:07.2142508Z   ...
2026-10-09T20:12:07.2142871Z # Subtest: PHP-Wasm corpus rejects missing supplemental error
2026-10-09T20:12:07.2143200Z ok 361 - PHP-Wasm corpus rejects missing supplemental error
2026-10-09T20:12:07.2143506Z   ---
2026-10-09T20:12:07.2143666Z   duration_ms: 11.48076
2026-10-09T20:12:07.2143795Z   type: 'test'
2026-10-09T20:12:07.2143919Z   ...
2026-10-09T20:12:07.2144294Z # Subtest: PHP-Wasm corpus rejects wrong supplemental recovery
2026-10-09T20:12:07.2144610Z ok 362 - PHP-Wasm corpus rejects wrong supplemental recovery
2026-10-09T20:12:07.2144735Z   ---
2026-10-09T20:12:07.2144886Z   duration_ms: 12.338317
2026-10-09T20:12:07.2145013Z   type: 'test'
2026-10-09T20:12:07.2145135Z   ...
2026-10-09T20:12:07.2145467Z # Subtest: PHP-Wasm corpus rejects wrong primary recovery
2026-10-09T20:12:07.2145781Z ok 363 - PHP-Wasm corpus rejects wrong primary recovery
2026-10-09T20:12:07.2145899Z   ---
2026-10-09T20:12:07.2146047Z   duration_ms: 8.002576
2026-10-09T20:12:07.2146182Z   type: 'test'
2026-10-09T20:12:07.2146298Z   ...
2026-10-09T20:12:07.2146624Z # Subtest: PHP-Wasm corpus rejects wrong rejection stage
2026-10-09T20:12:07.2146932Z ok 364 - PHP-Wasm corpus rejects wrong rejection stage
2026-10-09T20:12:07.2147051Z   ---
2026-10-09T20:12:07.2147182Z   duration_ms: 7.844037
2026-10-09T20:12:07.2147314Z   type: 'test'
2026-10-09T20:12:07.2147429Z   ...
2026-10-09T20:12:07.2147702Z # Subtest: PHP-Wasm corpus rejects unbound npm lock
2026-10-09T20:12:07.2147950Z ok 365 - PHP-Wasm corpus rejects unbound npm lock
2026-10-09T20:12:07.2148066Z   ---
2026-10-09T20:12:07.2148191Z   duration_ms: 8.472641
2026-10-09T20:12:07.2148323Z   type: 'test'
2026-10-09T20:12:07.2148443Z   ...
2026-10-09T20:12:07.2148776Z # Subtest: PHP-Wasm corpus rejects unbound Composer lock
2026-10-09T20:12:07.2165768Z ok 366 - PHP-Wasm corpus rejects unbound Composer lock
2026-10-09T20:12:07.2166106Z   ---
2026-10-09T20:12:07.2166710Z   duration_ms: 8.556337
2026-10-09T20:12:07.2166872Z   type: 'test'
2026-10-09T20:12:07.2166980Z   ...
2026-10-09T20:12:07.2167336Z # Subtest: PHP-Wasm corpus rejects changed integer dependency
2026-10-09T20:12:07.2167650Z ok 367 - PHP-Wasm corpus rejects changed integer dependency
2026-10-09T20:12:07.2167789Z   ---
2026-10-09T20:12:07.2167921Z   duration_ms: 11.071322
2026-10-09T20:12:07.2168054Z   type: 'test'
2026-10-09T20:12:07.2168168Z   ...
2026-10-09T20:12:07.2168492Z # Subtest: PHP-Wasm corpus rejects missing integer source
2026-10-09T20:12:07.2168790Z ok 368 - PHP-Wasm corpus rejects missing integer source
2026-10-09T20:12:07.2168906Z   ---
2026-10-09T20:12:07.2169049Z   duration_ms: 8.917096
2026-10-09T20:12:07.2169172Z   type: 'test'
2026-10-09T20:12:07.2169292Z   ...
2026-10-09T20:12:07.2169664Z # Subtest: PHP-Wasm corpus rejects changed bundled integer source
2026-10-09T20:12:07.2170019Z ok 369 - PHP-Wasm corpus rejects changed bundled integer source
2026-10-09T20:12:07.2170146Z   ---
2026-10-09T20:12:07.2170294Z   duration_ms: 6.417973
2026-10-09T20:12:07.2170424Z   type: 'test'
2026-10-09T20:12:07.2170532Z   ...
2026-10-09T20:12:07.2170872Z # Subtest: PHP-Wasm corpus rejects missing bundled bootstrap
2026-10-09T20:12:07.2171532Z ok 370 - PHP-Wasm corpus rejects missing bundled bootstrap
2026-10-09T20:12:07.2171659Z   ---
2026-10-09T20:12:07.2171807Z   duration_ms: 9.389556
2026-10-09T20:12:07.2171931Z   type: 'test'
2026-10-09T20:12:07.2172041Z   ...
2026-10-09T20:12:07.2172392Z # Subtest: PHP-Wasm corpus rejects missing loaded integer class
2026-10-09T20:12:07.2172762Z ok 371 - PHP-Wasm corpus rejects missing loaded integer class
2026-10-09T20:12:07.2172889Z   ---
2026-10-09T20:12:07.2173027Z   duration_ms: 9.337995
2026-10-09T20:12:07.2173148Z   type: 'test'
2026-10-09T20:12:07.2173473Z   ...
2026-10-09T20:12:07.2173823Z # Subtest: PHP-Wasm corpus rejects unidentified Composer
2026-10-09T20:12:07.2174118Z ok 372 - PHP-Wasm corpus rejects unidentified Composer
2026-10-09T20:12:07.2174236Z   ---
2026-10-09T20:12:07.2174390Z   duration_ms: 14.486873
2026-10-09T20:12:07.2174513Z   type: 'test'
2026-10-09T20:12:07.2174639Z   ...
2026-10-09T20:12:07.2174976Z # Subtest: PHP-Wasm corpus rejects ambient Composer plugin
2026-10-09T20:12:07.2175380Z ok 373 - PHP-Wasm corpus rejects ambient Composer plugin
2026-10-09T20:12:07.2175535Z   ---
2026-10-09T20:12:07.2175724Z   duration_ms: 8.699399
2026-10-09T20:12:07.2175856Z   type: 'test'
2026-10-09T20:12:07.2175977Z   ...
2026-10-09T20:12:07.2176429Z # Subtest: PHP-Wasm corpus rejects ambient PHP extension
2026-10-09T20:12:07.2176729Z ok 374 - PHP-Wasm corpus rejects ambient PHP extension
2026-10-09T20:12:07.2176835Z   ---
2026-10-09T20:12:07.2177275Z   duration_ms: 9.19107
2026-10-09T20:12:07.2177614Z   type: 'test'
2026-10-09T20:12:07.2177746Z   ...
2026-10-09T20:12:07.2178054Z # Subtest: PHP-Wasm corpus rejects unbound compiled receipt
2026-10-09T20:12:07.2178370Z ok 375 - PHP-Wasm corpus rejects unbound compiled receipt
2026-10-09T20:12:07.2178495Z   ---
2026-10-09T20:12:07.2178634Z   duration_ms: 9.569265
2026-10-09T20:12:07.2178763Z   type: 'test'
2026-10-09T20:12:07.2178871Z   ...
2026-10-09T20:12:07.2179153Z # Subtest: PHP-Wasm corpus rejects unbound declarations
2026-10-09T20:12:07.2179422Z ok 376 - PHP-Wasm corpus rejects unbound declarations
2026-10-09T20:12:07.2179549Z   ---
2026-10-09T20:12:07.2179688Z   duration_ms: 6.970944
2026-10-09T20:12:07.2179799Z   type: 'test'
2026-10-09T20:12:07.2179911Z   ...
2026-10-09T20:12:07.2180247Z # Subtest: PHP-Wasm corpus rejects wrong pending type rejection
2026-10-09T20:12:07.2180582Z ok 377 - PHP-Wasm corpus rejects wrong pending type rejection
2026-10-09T20:12:07.2180705Z   ---
2026-10-09T20:12:07.2180850Z   duration_ms: 18.334226
2026-10-09T20:12:07.2180961Z   type: 'test'
2026-10-09T20:12:07.2181057Z   ...
2026-10-09T20:12:07.2181274Z # Subtest: PHP-Wasm corpus rejects missing offlineInstall
2026-10-09T20:12:07.2181480Z ok 378 - PHP-Wasm corpus rejects missing offlineInstall
2026-10-09T20:12:07.2181565Z   ---
2026-10-09T20:12:07.2181669Z   duration_ms: 8.478726
2026-10-09T20:12:07.2181766Z   type: 'test'
2026-10-09T20:12:07.2181849Z   ...
2026-10-09T20:12:07.2182050Z # Subtest: PHP-Wasm corpus rejects missing emptyCaches
2026-10-09T20:12:07.2182250Z ok 379 - PHP-Wasm corpus rejects missing emptyCaches
2026-10-09T20:12:07.2182336Z   ---
2026-10-09T20:12:07.2182436Z   duration_ms: 8.529091
2026-10-09T20:12:07.2182531Z   type: 'test'
2026-10-09T20:12:07.2182612Z   ...
2026-10-09T20:12:07.2182819Z # Subtest: PHP-Wasm corpus rejects missing lockedInstall
2026-10-09T20:12:07.2183013Z ok 380 - PHP-Wasm corpus rejects missing lockedInstall
2026-10-09T20:12:07.2183102Z   ---
2026-10-09T20:12:07.2183194Z   duration_ms: 8.827019
2026-10-09T20:12:07.2183482Z   type: 'test'
2026-10-09T20:12:07.2183611Z   ...
2026-10-09T20:12:07.2183890Z # Subtest: PHP-Wasm corpus rejects missing relocated
2026-10-09T20:12:07.2184184Z ok 381 - PHP-Wasm corpus rejects missing relocated
2026-10-09T20:12:07.2184308Z   ---
2026-10-09T20:12:07.2184447Z   duration_ms: 11.228599
2026-10-09T20:12:07.2184583Z   type: 'test'
2026-10-09T20:12:07.2184720Z   ...
2026-10-09T20:12:07.2185023Z # Subtest: PHP-Wasm corpus rejects missing publicApiOnly
2026-10-09T20:12:07.2185320Z ok 382 - PHP-Wasm corpus rejects missing publicApiOnly
2026-10-09T20:12:07.2185721Z   ---
2026-10-09T20:12:07.2185859Z   duration_ms: 8.853267
2026-10-09T20:12:07.2185977Z   type: 'test'
2026-10-09T20:12:07.2186095Z   ...
2026-10-09T20:12:07.2186435Z # Subtest: PHP-Wasm corpus rejects missing repeatExecution
2026-10-09T20:12:07.2186740Z ok 383 - PHP-Wasm corpus rejects missing repeatExecution
2026-10-09T20:12:07.2186867Z   ---
2026-10-09T20:12:07.2187010Z   duration_ms: 6.822592
2026-10-09T20:12:07.2187144Z   type: 'test'
2026-10-09T20:12:07.2187250Z   ...
2026-10-09T20:12:07.2187618Z # Subtest: PHP-Wasm corpus rejects missing unchangedDeployment
2026-10-09T20:12:07.2187968Z ok 384 - PHP-Wasm corpus rejects missing unchangedDeployment
2026-10-09T20:12:07.2188087Z   ---
2026-10-09T20:12:07.2188231Z   duration_ms: 5.403735
2026-10-09T20:12:07.2188367Z   type: 'test'
2026-10-09T20:12:07.2188480Z   ...
2026-10-09T20:12:07.2188872Z # Subtest: PHP-Wasm corpus rejects missing compilerFreeExecution
2026-10-09T20:12:07.2189243Z ok 385 - PHP-Wasm corpus rejects missing compilerFreeExecution
2026-10-09T20:12:07.2189369Z   ---
2026-10-09T20:12:07.2189514Z   duration_ms: 5.350148
2026-10-09T20:12:07.2189649Z   type: 'test'
2026-10-09T20:12:07.2189767Z   ...
2026-10-09T20:12:07.2190316Z # Subtest: WIT corpus distinguishes public calls, typed-field range failures and recovery
2026-10-09T20:12:07.2194451Z ok 386 - WIT corpus distinguishes public calls, typed-field range failures and recovery
2026-10-09T20:12:07.2194679Z   ---
2026-10-09T20:12:07.2194901Z   duration_ms: 156.04654
2026-10-09T20:12:07.2195093Z   type: 'test'
2026-10-09T20:12:07.2195288Z   ...
2026-10-09T20:12:07.2195638Z # Subtest: WIT corpus rejects missing evidence
2026-10-09T20:12:07.2195955Z ok 387 - WIT corpus rejects missing evidence
2026-10-09T20:12:07.2196133Z   ---
2026-10-09T20:12:07.2196338Z   duration_ms: 5.351158
2026-10-09T20:12:07.2196537Z   type: 'test'
2026-10-09T20:12:07.2196730Z   ...
2026-10-09T20:12:07.2197089Z # Subtest: WIT corpus rejects wrong Wasmtime version
2026-10-09T20:12:07.2197459Z ok 388 - WIT corpus rejects wrong Wasmtime version
2026-10-09T20:12:07.2197648Z   ---
2026-10-09T20:12:07.2197847Z   duration_ms: 2.793226
2026-10-09T20:12:07.2198052Z   type: 'test'
2026-10-09T20:12:07.2198241Z   ...
2026-10-09T20:12:07.2198623Z # Subtest: WIT corpus rejects missing package receipt
2026-10-09T20:12:07.2198978Z ok 389 - WIT corpus rejects missing package receipt
2026-10-09T20:12:07.2199170Z   ---
2026-10-09T20:12:07.2199383Z   duration_ms: 4.637893
2026-10-09T20:12:07.2199577Z   type: 'test'
2026-10-09T20:12:07.2199754Z   ...
2026-10-09T20:12:07.2200145Z # Subtest: WIT corpus rejects different package receipt
2026-10-09T20:12:07.2200517Z ok 390 - WIT corpus rejects different package receipt
2026-10-09T20:12:07.2200708Z   ---
2026-10-09T20:12:07.2200909Z   duration_ms: 5.426629
2026-10-09T20:12:07.2201106Z   type: 'test'
2026-10-09T20:12:07.2201344Z   ...
2026-10-09T20:12:07.2201744Z # Subtest: WIT corpus rejects different archive
2026-10-09T20:12:07.2202421Z ok 391 - WIT corpus rejects different archive
2026-10-09T20:12:07.2202590Z   ---
2026-10-09T20:12:07.2202772Z   duration_ms: 3.942521
2026-10-09T20:12:07.2202908Z   type: 'test'
2026-10-09T20:12:07.2203035Z   ...
2026-10-09T20:12:07.2203496Z # Subtest: WIT corpus rejects different compiler
2026-10-09T20:12:07.2203781Z ok 392 - WIT corpus rejects different compiler
2026-10-09T20:12:07.2203907Z   ---
2026-10-09T20:12:07.2204041Z   duration_ms: 3.049045
2026-10-09T20:12:07.2204178Z   type: 'test'
2026-10-09T20:12:07.2204288Z   ...
2026-10-09T20:12:07.2204642Z # Subtest: WIT corpus rejects disabled conversion diagnostics
2026-10-09T20:12:07.2204987Z ok 393 - WIT corpus rejects disabled conversion diagnostics
2026-10-09T20:12:07.2205117Z   ---
2026-10-09T20:12:07.2205276Z   duration_ms: 4.556607
2026-10-09T20:12:07.2205424Z   type: 'test'
2026-10-09T20:12:07.2205543Z   ...
2026-10-09T20:12:07.2206263Z # Subtest: WIT corpus rejects disabled assertions
2026-10-09T20:12:07.2206625Z ok 394 - WIT corpus rejects disabled assertions
2026-10-09T20:12:07.2206994Z   ---
2026-10-09T20:12:07.2207304Z   duration_ms: 6.446121
2026-10-09T20:12:07.2207456Z   type: 'test'
2026-10-09T20:12:07.2207581Z   ...
2026-10-09T20:12:07.2207879Z # Subtest: WIT corpus rejects different caller
2026-10-09T20:12:07.2208159Z ok 395 - WIT corpus rejects different caller
2026-10-09T20:12:07.2208288Z   ---
2026-10-09T20:12:07.2208434Z   duration_ms: 4.239467
2026-10-09T20:12:07.2208575Z   type: 'test'
2026-10-09T20:12:07.2208703Z   ...
2026-10-09T20:12:07.2209053Z # Subtest: WIT corpus rejects missing executable identity
2026-10-09T20:12:07.2209400Z ok 396 - WIT corpus rejects missing executable identity
2026-10-09T20:12:07.2209531Z   ---
2026-10-09T20:12:07.2209679Z   duration_ms: 2.748522
2026-10-09T20:12:07.2209822Z   type: 'test'
2026-10-09T20:12:07.2209953Z   ...
2026-10-09T20:12:07.2210265Z # Subtest: WIT corpus rejects different wasm-tools
2026-10-09T20:12:07.2210554Z ok 397 - WIT corpus rejects different wasm-tools
2026-10-09T20:12:07.2210690Z   ---
2026-10-09T20:12:07.2210848Z   duration_ms: 4.9569
2026-10-09T20:12:07.2210988Z   type: 'test'
2026-10-09T20:12:07.2211115Z   ...
2026-10-09T20:12:07.2211444Z # Subtest: WIT corpus rejects missing parser identity
2026-10-09T20:12:07.2211747Z ok 398 - WIT corpus rejects missing parser identity
2026-10-09T20:12:07.2211875Z   ---
2026-10-09T20:12:07.2212028Z   duration_ms: 3.086099
2026-10-09T20:12:07.2212170Z   type: 'test'
2026-10-09T20:12:07.2212292Z   ...
2026-10-09T20:12:07.2212648Z # Subtest: WIT corpus rejects different component receipt
2026-10-09T20:12:07.2212971Z ok 399 - WIT corpus rejects different component receipt
2026-10-09T20:12:07.2213085Z   ---
2026-10-09T20:12:07.2213229Z   duration_ms: 4.650227
2026-10-09T20:12:07.2213516Z   type: 'test'
2026-10-09T20:12:07.2213632Z   ...
2026-10-09T20:12:07.2213935Z # Subtest: WIT corpus rejects different native adapter
2026-10-09T20:12:07.2214241Z ok 400 - WIT corpus rejects different native adapter
2026-10-09T20:12:07.2214358Z   ---
2026-10-09T20:12:07.2214507Z   duration_ms: 5.03764
2026-10-09T20:12:07.2214658Z   type: 'test'
2026-10-09T20:12:07.2214784Z   ...
2026-10-09T20:12:07.2215064Z # Subtest: WIT corpus rejects different runtime
2026-10-09T20:12:07.2215348Z ok 401 - WIT corpus rejects different runtime
2026-10-09T20:12:07.2215472Z   ---
2026-10-09T20:12:07.2215613Z   duration_ms: 4.875351
2026-10-09T20:12:07.2215755Z   type: 'test'
2026-10-09T20:12:07.2215879Z   ...
2026-10-09T20:12:07.2216180Z # Subtest: WIT corpus rejects changed public header
2026-10-09T20:12:07.2216467Z ok 402 - WIT corpus rejects changed public header
2026-10-09T20:12:07.2216595Z   ---
2026-10-09T20:12:07.2216749Z   duration_ms: 4.011929
2026-10-09T20:12:07.2216880Z   type: 'test'
2026-10-09T20:12:07.2217007Z   ...
2026-10-09T20:12:07.2217323Z # Subtest: WIT corpus rejects changed engine payload
2026-10-09T20:12:07.2217613Z ok 403 - WIT corpus rejects changed engine payload
2026-10-09T20:12:07.2217740Z   ---
2026-10-09T20:12:07.2217892Z   duration_ms: 4.850933
2026-10-09T20:12:07.2218030Z   type: 'test'
2026-10-09T20:12:07.2218167Z   ...
2026-10-09T20:12:07.2218463Z # Subtest: WIT corpus rejects different engine pin
2026-10-09T20:12:07.2218748Z ok 404 - WIT corpus rejects different engine pin
2026-10-09T20:12:07.2218868Z   ---
2026-10-09T20:12:07.2219023Z   duration_ms: 5.374029
2026-10-09T20:12:07.2219167Z   type: 'test'
2026-10-09T20:12:07.2219281Z   ...
2026-10-09T20:12:07.2219634Z # Subtest: WIT corpus rejects different component binary
2026-10-09T20:12:07.2219950Z ok 405 - WIT corpus rejects different component binary
2026-10-09T20:12:07.2220068Z   ---
2026-10-09T20:12:07.2220217Z   duration_ms: 4.811167
2026-10-09T20:12:07.2220364Z   type: 'test'
2026-10-09T20:12:07.2220492Z   ...
2026-10-09T20:12:07.2220784Z # Subtest: WIT corpus rejects different WIT source
2026-10-09T20:12:07.2221075Z ok 406 - WIT corpus rejects different WIT source
2026-10-09T20:12:07.2221201Z   ---
2026-10-09T20:12:07.2221347Z   duration_ms: 4.734398
2026-10-09T20:12:07.2221485Z   type: 'test'
2026-10-09T20:12:07.2221781Z   ...
2026-10-09T20:12:07.2222219Z # Subtest: WIT corpus rejects missing binary declarations
2026-10-09T20:12:07.2222558Z ok 407 - WIT corpus rejects missing binary declarations
2026-10-09T20:12:07.2222682Z   ---
2026-10-09T20:12:07.2222838Z   duration_ms: 5.574121
2026-10-09T20:12:07.2222967Z   type: 'test'
2026-10-09T20:12:07.2223090Z   ...
2026-10-09T20:12:07.2223643Z # Subtest: WIT corpus rejects missing WIT declarations
2026-10-09T20:12:07.2223966Z ok 408 - WIT corpus rejects missing WIT declarations
2026-10-09T20:12:07.2224082Z   ---
2026-10-09T20:12:07.2224235Z   duration_ms: 4.623197
2026-10-09T20:12:07.2224372Z   type: 'test'
2026-10-09T20:12:07.2224482Z   ...
2026-10-09T20:12:07.2224820Z # Subtest: WIT corpus rejects different binary signature
2026-10-09T20:12:07.2225122Z ok 409 - WIT corpus rejects different binary signature
2026-10-09T20:12:07.2225249Z   ---
2026-10-09T20:12:07.2225381Z   duration_ms: 6.373666
2026-10-09T20:12:07.2225521Z   type: 'test'
2026-10-09T20:12:07.2225648Z   ...
2026-10-09T20:12:07.2225952Z # Subtest: WIT corpus rejects different WIT signature
2026-10-09T20:12:07.2226245Z ok 410 - WIT corpus rejects different WIT signature
2026-10-09T20:12:07.2226366Z   ---
2026-10-09T20:12:07.2226506Z   duration_ms: 7.121659
2026-10-09T20:12:07.2226640Z   type: 'test'
2026-10-09T20:12:07.2226762Z   ...
2026-10-09T20:12:07.2227110Z # Subtest: WIT corpus rejects different nested field type
2026-10-09T20:12:07.2227429Z ok 411 - WIT corpus rejects different nested field type
2026-10-09T20:12:07.2227554Z   ---
2026-10-09T20:12:07.2227700Z   duration_ms: 7.348014
2026-10-09T20:12:07.2227836Z   type: 'test'
2026-10-09T20:12:07.2227969Z   ...
2026-10-09T20:12:07.2228282Z # Subtest: WIT corpus rejects reordered record fields
2026-10-09T20:12:07.2228563Z ok 412 - WIT corpus rejects reordered record fields
2026-10-09T20:12:07.2228693Z   ---
2026-10-09T20:12:07.2228842Z   duration_ms: 6.479439
2026-10-09T20:12:07.2228973Z   type: 'test'
2026-10-09T20:12:07.2229082Z   ...
2026-10-09T20:12:07.2229350Z # Subtest: WIT corpus rejects changed Unit enum
2026-10-09T20:12:07.2229604Z ok 413 - WIT corpus rejects changed Unit enum
2026-10-09T20:12:07.2229718Z   ---
2026-10-09T20:12:07.2229865Z   duration_ms: 4.932064
2026-10-09T20:12:07.2230002Z   type: 'test'
2026-10-09T20:12:07.2230132Z   ...
2026-10-09T20:12:07.2230513Z # Subtest: WIT corpus rejects missing public interface export
2026-10-09T20:12:07.2230869Z ok 414 - WIT corpus rejects missing public interface export
2026-10-09T20:12:07.2231004Z   ---
2026-10-09T20:12:07.2231149Z   duration_ms: 4.736115
2026-10-09T20:12:07.2231290Z   type: 'test'
2026-10-09T20:12:07.2231425Z   ...
2026-10-09T20:12:07.2231730Z # Subtest: WIT corpus rejects unexpected world import
2026-10-09T20:12:07.2232034Z ok 415 - WIT corpus rejects unexpected world import
2026-10-09T20:12:07.2232163Z   ---
2026-10-09T20:12:07.2232308Z   duration_ms: 5.799884
2026-10-09T20:12:07.2232452Z   type: 'test'
2026-10-09T20:12:07.2232583Z   ...
2026-10-09T20:12:07.2232940Z # Subtest: WIT corpus rejects changed WIT package identity
2026-10-09T20:12:07.2233452Z ok 416 - WIT corpus rejects changed WIT package identity
2026-10-09T20:12:07.2233598Z   ---
2026-10-09T20:12:07.2233758Z   duration_ms: 4.907314
2026-10-09T20:12:07.2233895Z   type: 'test'
2026-10-09T20:12:07.2234026Z   ...
2026-10-09T20:12:07.2234326Z # Subtest: WIT corpus rejects cyclic type alias
2026-10-09T20:12:07.2234599Z ok 417 - WIT corpus rejects cyclic type alias
2026-10-09T20:12:07.2234769Z   ---
2026-10-09T20:12:07.2234921Z   duration_ms: 6.596726
2026-10-09T20:12:07.2235057Z   type: 'test'
2026-10-09T20:12:07.2235184Z   ...
2026-10-09T20:12:07.2235498Z # Subtest: WIT corpus rejects missing loaded engine
2026-10-09T20:12:07.2235798Z ok 418 - WIT corpus rejects missing loaded engine
2026-10-09T20:12:07.2235922Z   ---
2026-10-09T20:12:07.2236088Z   duration_ms: 9.286612
2026-10-09T20:12:07.2236232Z   type: 'test'
2026-10-09T20:12:07.2236351Z   ...
2026-10-09T20:12:07.2236688Z # Subtest: WIT corpus rejects unexpected local library
2026-10-09T20:12:07.2237241Z ok 419 - WIT corpus rejects unexpected local library
2026-10-09T20:12:07.2237366Z   ---
2026-10-09T20:12:07.2237520Z   duration_ms: 7.697075
2026-10-09T20:12:07.2237669Z   type: 'test'
2026-10-09T20:12:07.2237805Z   ...
2026-10-09T20:12:07.2238181Z # Subtest: WIT corpus rejects external engine override
2026-10-09T20:12:07.2238481Z ok 420 - WIT corpus rejects external engine override
2026-10-09T20:12:07.2238616Z   ---
2026-10-09T20:12:07.2238764Z   duration_ms: 4.939396
2026-10-09T20:12:07.2238892Z   type: 'test'
2026-10-09T20:12:07.2239018Z   ...
2026-10-09T20:12:07.2239323Z # Subtest: WIT corpus rejects changed loaded engine
2026-10-09T20:12:07.2239608Z ok 421 - WIT corpus rejects changed loaded engine
2026-10-09T20:12:07.2239737Z   ---
2026-10-09T20:12:07.2239885Z   duration_ms: 6.086762
2026-10-09T20:12:07.2240028Z   type: 'test'
2026-10-09T20:12:07.2240147Z   ...
2026-10-09T20:12:07.2240496Z # Subtest: WIT corpus rejects missing pkg-config identity
2026-10-09T20:12:07.2240829Z ok 422 - WIT corpus rejects missing pkg-config identity
2026-10-09T20:12:07.2240948Z   ---
2026-10-09T20:12:07.2241100Z   duration_ms: 4.823522
2026-10-09T20:12:07.2241239Z   type: 'test'
2026-10-09T20:12:07.2241364Z   ...
2026-10-09T20:12:07.2241694Z # Subtest: WIT corpus rejects external pkg-config flags
2026-10-09T20:12:07.2242011Z ok 423 - WIT corpus rejects external pkg-config flags
2026-10-09T20:12:07.2242139Z   ---
2026-10-09T20:12:07.2242289Z   duration_ms: 6.171627
2026-10-09T20:12:07.2242427Z   type: 'test'
2026-10-09T20:12:07.2242550Z   ...
2026-10-09T20:12:07.2242835Z # Subtest: WIT corpus rejects missing repeat run
2026-10-09T20:12:07.2243107Z ok 424 - WIT corpus rejects missing repeat run
2026-10-09T20:12:07.2243235Z   ---
2026-10-09T20:12:07.2243486Z   duration_ms: 2.724899
2026-10-09T20:12:07.2243643Z   type: 'test'
2026-10-09T20:12:07.2243778Z   ...
2026-10-09T20:12:07.2244123Z # Subtest: WIT corpus rejects unproved session ownership
2026-10-09T20:12:07.2244447Z ok 425 - WIT corpus rejects unproved session ownership
2026-10-09T20:12:07.2244586Z   ---
2026-10-09T20:12:07.2244717Z   duration_ms: 4.840643
2026-10-09T20:12:07.2244831Z   type: 'test'
2026-10-09T20:12:07.2244956Z   ...
2026-10-09T20:12:07.2245241Z # Subtest: WIT corpus rejects changed failed output
2026-10-09T20:12:07.2245509Z ok 426 - WIT corpus rejects changed failed output
2026-10-09T20:12:07.2245627Z   ---
2026-10-09T20:12:07.2245793Z   duration_ms: 3.334113
2026-10-09T20:12:07.2245919Z   type: 'test'
2026-10-09T20:12:07.2246007Z   ...
2026-10-09T20:12:07.2246199Z # Subtest: WIT corpus rejects wrong rejection stage
2026-10-09T20:12:07.2246379Z ok 427 - WIT corpus rejects wrong rejection stage
2026-10-09T20:12:07.2246463Z   ---
2026-10-09T20:12:07.2246566Z   duration_ms: 3.82571
2026-10-09T20:12:07.2246665Z   type: 'test'
2026-10-09T20:12:07.2246746Z   ...
2026-10-09T20:12:07.2246943Z # Subtest: WIT corpus rejects wrong rejection message
2026-10-09T20:12:07.2247129Z ok 428 - WIT corpus rejects wrong rejection message
2026-10-09T20:12:07.2247216Z   ---
2026-10-09T20:12:07.2247324Z   duration_ms: 4.861428
2026-10-09T20:12:07.2247421Z   type: 'test'
2026-10-09T20:12:07.2247510Z   ...
2026-10-09T20:12:07.2247705Z # Subtest: WIT corpus rejects different negative caller
2026-10-09T20:12:07.2247896Z ok 429 - WIT corpus rejects different negative caller
2026-10-09T20:12:07.2247983Z   ---
2026-10-09T20:12:07.2248077Z   duration_ms: 3.199923
2026-10-09T20:12:07.2248172Z   type: 'test'
2026-10-09T20:12:07.2248260Z   ...
2026-10-09T20:12:07.2248453Z # Subtest: WIT corpus rejects unrelated compiler error
2026-10-09T20:12:07.2248644Z ok 430 - WIT corpus rejects unrelated compiler error
2026-10-09T20:12:07.2248751Z   ---
2026-10-09T20:12:07.2248853Z   duration_ms: 3.83517
2026-10-09T20:12:07.2248940Z   type: 'test'
2026-10-09T20:12:07.2249031Z   ...
2026-10-09T20:12:07.2249219Z # Subtest: WIT corpus rejects missing runtime error
2026-10-09T20:12:07.2249391Z ok 431 - WIT corpus rejects missing runtime error
2026-10-09T20:12:07.2249591Z   ---
2026-10-09T20:12:07.2249698Z   duration_ms: 5.14551
2026-10-09T20:12:07.2249844Z   type: 'test'
2026-10-09T20:12:07.2249942Z   ...
2026-10-09T20:12:07.2250145Z # Subtest: WIT corpus rejects duplicated runtime error
2026-10-09T20:12:07.2250342Z ok 432 - WIT corpus rejects duplicated runtime error
2026-10-09T20:12:07.2250427Z   ---
2026-10-09T20:12:07.2250532Z   duration_ms: 6.156573
2026-10-09T20:12:07.2250629Z   type: 'test'
2026-10-09T20:12:07.2250712Z   ...
2026-10-09T20:12:07.2250921Z # Subtest: WIT corpus rejects wrong supplemental message
2026-10-09T20:12:07.2251114Z ok 433 - WIT corpus rejects wrong supplemental message
2026-10-09T20:12:07.2251196Z   ---
2026-10-09T20:12:07.2251297Z   duration_ms: 5.045196
2026-10-09T20:12:07.2251389Z   type: 'test'
2026-10-09T20:12:07.2251476Z   ...
2026-10-09T20:12:07.2251654Z # Subtest: WIT corpus rejects failed trap recovery
2026-10-09T20:12:07.2251834Z ok 434 - WIT corpus rejects failed trap recovery
2026-10-09T20:12:07.2251920Z   ---
2026-10-09T20:12:07.2252018Z   duration_ms: 4.965467
2026-10-09T20:12:07.2252119Z   type: 'test'
2026-10-09T20:12:07.2252207Z   ...
2026-10-09T20:12:07.2252459Z # Subtest: WIT corpus rejects failed supplemental output preservation
2026-10-09T20:12:07.2252731Z ok 435 - WIT corpus rejects failed supplemental output preservation
2026-10-09T20:12:07.2252821Z   ---
2026-10-09T20:12:07.2252921Z   duration_ms: 8.397403
2026-10-09T20:12:07.2253008Z   type: 'test'
2026-10-09T20:12:07.2253097Z   ...
2026-10-09T20:12:07.2253602Z # Subtest: WIT corpus rejects missing sourcesRemovedBeforeInstall
2026-10-09T20:12:07.2253954Z ok 436 - WIT corpus rejects missing sourcesRemovedBeforeInstall
2026-10-09T20:12:07.2254068Z   ---
2026-10-09T20:12:07.2254177Z   duration_ms: 4.198258
2026-10-09T20:12:07.2254274Z   type: 'test'
2026-10-09T20:12:07.2254358Z   ...
2026-10-09T20:12:07.2254593Z # Subtest: WIT corpus rejects missing installedSourcesRemoved
2026-10-09T20:12:07.2254809Z ok 437 - WIT corpus rejects missing installedSourcesRemoved
2026-10-09T20:12:07.2254896Z   ---
2026-10-09T20:12:07.2255001Z   duration_ms: 4.214653
2026-10-09T20:12:07.2255095Z   type: 'test'
2026-10-09T20:12:07.2255185Z   ...
2026-10-09T20:12:07.2255352Z # Subtest: WIT corpus rejects missing offline
2026-10-09T20:12:07.2255516Z ok 438 - WIT corpus rejects missing offline
2026-10-09T20:12:07.2255607Z   ---
2026-10-09T20:12:07.2255701Z   duration_ms: 2.976833
2026-10-09T20:12:07.2255797Z   type: 'test'
2026-10-09T20:12:07.2255887Z   ...
2026-10-09T20:12:07.2256119Z # Subtest: WIT corpus rejects missing runtimeOverridesDisabled
2026-10-09T20:12:07.2256344Z ok 439 - WIT corpus rejects missing runtimeOverridesDisabled
2026-10-09T20:12:07.2256433Z   ---
2026-10-09T20:12:07.2256533Z   duration_ms: 3.992612
2026-10-09T20:12:07.2256622Z   type: 'test'
2026-10-09T20:12:07.2256713Z   ...
2026-10-09T20:12:07.2256922Z # Subtest: WIT corpus rejects missing publicHeadersOnly
2026-10-09T20:12:07.2257109Z ok 440 - WIT corpus rejects missing publicHeadersOnly
2026-10-09T20:12:07.2257201Z   ---
2026-10-09T20:12:07.2257307Z   duration_ms: 2.674416
2026-10-09T20:12:07.2257399Z   type: 'test'
2026-10-09T20:12:07.2257490Z   ...
2026-10-09T20:12:07.2257715Z # Subtest: WIT corpus rejects missing compilerFreeExecution
2026-10-09T20:12:07.2257927Z ok 441 - WIT corpus rejects missing compilerFreeExecution
2026-10-09T20:12:07.2258010Z   ---
2026-10-09T20:12:07.2258110Z   duration_ms: 2.586593
2026-10-09T20:12:07.2258205Z   type: 'test'
2026-10-09T20:12:07.2258287Z   ...
2026-10-09T20:12:07.2258481Z # Subtest: WIT corpus rejects missing localLibraries
2026-10-09T20:12:07.2258663Z ok 442 - WIT corpus rejects missing localLibraries
2026-10-09T20:12:07.2258745Z   ---
2026-10-09T20:12:07.2258847Z   duration_ms: 2.56686
2026-10-09T20:12:07.2258940Z   type: 'test'
2026-10-09T20:12:07.2259023Z   ...
2026-10-09T20:15:57.5787640Z # Subtest: real Lean corpus matches independently rebuilt archives in source-free consumers
2026-10-09T20:15:57.5789230Z ok 443 - real Lean corpus matches independently rebuilt archives in source-free consumers
2026-10-09T20:15:57.5790515Z   ---
2026-10-09T20:15:57.5791712Z   duration_ms: 230448.933048
2026-10-09T20:15:57.5792197Z   type: 'test'
2026-10-09T20:15:57.5792525Z   ...
2026-10-09T20:15:57.5792874Z # shop: compiling Lean oracle
2026-10-09T20:15:57.5793653Z # shop: building rubygems archives 1/2
2026-10-09T20:15:57.5794187Z # shop: building rubygems archives 2/2
2026-10-09T20:15:57.5794848Z # shop: installing and executing ruby without Lean sources or compilers
2026-10-09T20:15:57.5795535Z # telemetry: compiling Lean oracle
2026-10-09T20:15:57.5796032Z # telemetry: building rubygems archives 1/2
2026-10-09T20:15:57.5796652Z # telemetry: building rubygems archives 2/2
2026-10-09T20:15:57.5797396Z # telemetry: installing and executing ruby without Lean sources or compilers
2026-10-09T20:15:57.5798388Z # Corpus report: build/type-corpus/ruby.json (124 cases, 41 scoped cells, 6691 gaps)
2026-10-09T20:15:57.6035867Z 1..443
2026-10-09T20:15:57.6036202Z # tests 443
2026-10-09T20:15:57.6036512Z # suites 0
2026-10-09T20:15:57.6036832Z # pass 443
2026-10-09T20:15:57.6037111Z # fail 0
2026-10-09T20:15:57.6037390Z # cancelled 0
2026-10-09T20:15:57.6037693Z # skipped 0
2026-10-09T20:15:57.6044897Z # todo 0
2026-10-09T20:15:57.6045288Z # duration_ms 239146.251628
2026-10-09T20:15:57.6518243Z TAP version 13
2026-10-09T20:19:53.6648498Z # Subtest: reviewed native corpus executes installed public APIs after compiler reconciliation
2026-10-09T20:19:53.6654827Z ok 1 - reviewed native corpus executes installed public APIs after compiler reconciliation
2026-10-09T20:19:53.6655981Z   ---
2026-10-09T20:19:53.6656603Z   duration_ms: 235668.626129
2026-10-09T20:19:53.6657128Z   type: 'test'
2026-10-09T20:19:53.6657578Z   ...
2026-10-09T20:19:53.6658097Z # shop: compiling Lean oracle
2026-10-09T20:19:53.6658699Z # shop: building rubygems archives 1/2
2026-10-09T20:19:53.6659307Z # shop: building rubygems archives 2/2
2026-10-09T20:19:53.6666001Z # shop: installing and executing ruby without Lean sources or compilers
2026-10-09T20:19:53.6666685Z # telemetry: compiling Lean oracle
2026-10-09T20:19:53.6667480Z # telemetry: building rubygems archives 1/2
2026-10-09T20:19:53.6668095Z # telemetry: building rubygems archives 2/2
2026-10-09T20:19:53.6668949Z # telemetry: installing and executing ruby without Lean sources or compilers
2026-10-09T20:19:53.6672971Z # Compiler-checked reviewed native report: {"libraries":2,"profiles":1,"installedRuns":2,"catalogCases":124,"executedCases":124,"compileRejectedCases":0,"observedCells":41,"gapCells":6691}
2026-10-09T20:19:53.6840405Z 1..1
2026-10-09T20:19:53.6840806Z # tests 1
2026-10-09T20:19:53.6841184Z # suites 0
2026-10-09T20:19:53.6841473Z # pass 1
2026-10-09T20:19:53.6841715Z # fail 0
2026-10-09T20:19:53.6841966Z # cancelled 0
2026-10-09T20:19:53.6842265Z # skipped 0
2026-10-09T20:19:53.6842470Z # todo 0
2026-10-09T20:19:53.6842699Z # duration_ms 236043.05218
2026-10-09T20:19:53.7280749Z TAP version 13
2026-10-09T20:21:31.2255740Z # Subtest: ordinary and reviewed Char packages preserve Unicode scalars in installed native consumers
2026-10-09T20:21:31.2263938Z ok 1 - ordinary and reviewed Char packages preserve Unicode scalars in installed native consumers
2026-10-09T20:21:31.2265430Z   ---
2026-10-09T20:21:31.2265670Z   duration_ms: 97253.744319
2026-10-09T20:21:31.2265932Z   type: 'test'
2026-10-09T20:21:31.2266147Z   ...
2026-10-09T20:21:31.2266705Z # ordinary-source: building ruby
2026-10-09T20:21:31.2273542Z # ordinary-source: installing and checking ruby
2026-10-09T20:21:31.2274297Z # reviewed-ir: building ruby
2026-10-09T20:21:31.2277223Z # reviewed-ir: installing and checking ruby
2026-10-09T20:21:31.2387994Z 1..1
2026-10-09T20:21:31.2388402Z # tests 1
2026-10-09T20:21:31.2388652Z # suites 0
2026-10-09T20:21:31.2388984Z # pass 1
2026-10-09T20:21:31.2389769Z # fail 0
2026-10-09T20:21:31.2390143Z # cancelled 0
2026-10-09T20:21:31.2390466Z # skipped 0
2026-10-09T20:21:31.2390778Z # todo 0
2026-10-09T20:21:31.2391116Z # duration_ms 97521.665745
2026-10-09T20:21:31.2849603Z TAP version 13
2026-10-09T20:23:08.9525315Z # Subtest: ordinary and reviewed Word packages preserve compiled platform integers in installed native consumers
2026-10-09T20:23:08.9530959Z ok 1 - ordinary and reviewed Word packages preserve compiled platform integers in installed native consumers
2026-10-09T20:23:08.9531774Z   ---
2026-10-09T20:23:08.9532083Z   duration_ms: 97428.958048
2026-10-09T20:23:08.9532434Z   type: 'test'
2026-10-09T20:23:08.9532728Z   ...
2026-10-09T20:23:08.9533172Z # ordinary-source: building ruby
2026-10-09T20:23:08.9539689Z # ordinary-source: installing and checking ruby
2026-10-09T20:23:08.9540613Z # reviewed-ir: building ruby
2026-10-09T20:23:08.9541593Z # reviewed-ir: installing and checking ruby
2026-10-09T20:23:08.9642135Z 1..1
2026-10-09T20:23:08.9642488Z # tests 1
2026-10-09T20:23:08.9642867Z # suites 0
2026-10-09T20:23:08.9643351Z # pass 1
2026-10-09T20:23:08.9645563Z # fail 0
2026-10-09T20:23:08.9645906Z # cancelled 0
2026-10-09T20:23:08.9646378Z # skipped 0
2026-10-09T20:23:08.9646934Z # todo 0
2026-10-09T20:23:08.9647421Z # duration_ms 97691.040551
2026-10-09T20:23:09.0138908Z TAP version 13
2026-10-09T20:24:57.4179844Z # Subtest: installed Ruby callbacks and returned closures preserve all nineteen primitives on both source paths
2026-10-09T20:24:57.4186148Z ok 1 - installed Ruby callbacks and returned closures preserve all nineteen primitives on both source paths
2026-10-09T20:24:57.4186984Z   ---
2026-10-09T20:24:57.4187349Z   duration_ms: 108164.313421
2026-10-09T20:24:57.4187755Z   type: 'test'
2026-10-09T20:24:57.4188077Z   ...
2026-10-09T20:24:57.4194726Z # ordinary-source: compiling the 60-export Ruby callable library
2026-10-09T20:24:57.4198559Z # ordinary-source: installing the relocated gem offline without author inputs or compilers
2026-10-09T20:24:57.4199399Z # reviewed-ir: compiling the 60-export Ruby callable library
2026-10-09T20:24:57.4200014Z # reviewed-ir: installing the relocated gem offline without author inputs or compilers
2026-10-09T20:24:57.4328335Z 1..1
2026-10-09T20:24:57.4329275Z # tests 1
2026-10-09T20:24:57.4344627Z # suites 0
2026-10-09T20:24:57.4350198Z # pass 1
2026-10-09T20:24:57.4350539Z # fail 0
2026-10-09T20:24:57.4350858Z # cancelled 0
2026-10-09T20:24:57.4351210Z # skipped 0
2026-10-09T20:24:57.4351435Z # todo 0
2026-10-09T20:24:57.4351700Z # duration_ms 108430.869304
2026-10-09T20:24:57.4761715Z TAP version 13
2026-10-09T20:27:12.2599605Z # Subtest: installed Ruby structured callbacks preserve nested values, exception cleanup and source-free closures
2026-10-09T20:27:12.2607757Z ok 1 - installed Ruby structured callbacks preserve nested values, exception cleanup and source-free closures
2026-10-09T20:27:12.2608667Z   ---
2026-10-09T20:27:12.2609038Z   duration_ms: 134549.577193
2026-10-09T20:27:12.2609467Z   type: 'test'
2026-10-09T20:27:12.2609818Z   ...
2026-10-09T20:27:12.2610478Z # ordinary-source: compiling eight structured Ruby callback/closure shapes
2026-10-09T20:27:12.2612052Z # ordinary-source: testing the relocated original gem offline without producer files
2026-10-09T20:27:12.2613179Z # ordinary-source: 51335 public checks and 8224 injected failures
2026-10-09T20:27:12.2621395Z # reviewed-ir: compiling eight structured Ruby callback/closure shapes
2026-10-09T20:27:12.2622044Z # reviewed-ir: testing the relocated original gem offline without producer files
2026-10-09T20:27:12.2622613Z # reviewed-ir: 51335 public checks and 8224 injected failures
2026-10-09T20:27:12.2743001Z 1..1
2026-10-09T20:27:12.2744074Z # tests 1
2026-10-09T20:27:12.2744768Z # suites 0
2026-10-09T20:27:12.2745348Z # pass 1
2026-10-09T20:27:12.2745902Z # fail 0
2026-10-09T20:27:12.2746471Z # cancelled 0
2026-10-09T20:27:12.2747030Z # skipped 0
2026-10-09T20:27:12.2747580Z # todo 0
2026-10-09T20:27:12.2748185Z # duration_ms 134808.814981
2026-10-09T20:27:12.3207143Z TAP version 13
2026-10-09T20:27:14.7520492Z # Subtest: Ruby recursive callbacks preserve the checked graph and hide native storage
2026-10-09T20:27:14.7525903Z ok 1 - Ruby recursive callbacks preserve the checked graph and hide native storage
2026-10-09T20:27:14.7527161Z   ---
2026-10-09T20:27:14.7527664Z   duration_ms: 297.12935
2026-10-09T20:27:14.7528065Z   type: 'test'
2026-10-09T20:27:14.7528379Z   ...
2026-10-09T20:27:14.7529166Z # Subtest: RubyGems recursive callbacks agree with every selected supported native target
2026-10-09T20:27:14.7530633Z ok 2 - RubyGems recursive callbacks agree with every selected supported native target
2026-10-09T20:27:14.7531257Z   ---
2026-10-09T20:27:14.7543730Z   duration_ms: 1344.261718
2026-10-09T20:27:14.7544254Z   type: 'test'
2026-10-09T20:27:14.7544598Z   ...
2026-10-09T20:27:14.7545290Z # Subtest: Ruby recursive callbacks reject hidden identities and asynchronous delivery
2026-10-09T20:27:14.7546054Z ok 3 - Ruby recursive callbacks reject hidden identities and asynchronous delivery
2026-10-09T20:27:14.7546479Z   ---
2026-10-09T20:27:14.7546740Z   duration_ms: 4.610229
2026-10-09T20:27:14.7547022Z   type: 'test'
2026-10-09T20:27:14.7547269Z   ...
2026-10-09T20:27:14.7547775Z # Subtest: Ruby recursive packages reject reserved and duplicate public names
2026-10-09T20:27:14.7548499Z ok 4 - Ruby recursive packages reject reserved and duplicate public names
2026-10-09T20:27:14.7548994Z   ---
2026-10-09T20:27:14.7549286Z   duration_ms: 686.908796
2026-10-09T20:27:14.7549602Z   type: 'test'
2026-10-09T20:27:14.7549891Z   ...
2026-10-09T20:29:52.6598482Z # Subtest: original recursive Ruby gems preserve callbacks and closures after producer removal
2026-10-09T20:29:52.6605194Z ok 5 - original recursive Ruby gems preserve callbacks and closures after producer removal
2026-10-09T20:29:52.6605961Z   ---
2026-10-09T20:29:52.6606295Z   duration_ms: 157652.456132
2026-10-09T20:29:52.6606669Z   type: 'test'
2026-10-09T20:29:52.6606962Z   ...
2026-10-09T20:29:52.6607625Z # ordinary-source: compiling 33 recursive Ruby exports with 18 callback signatures
2026-10-09T20:29:52.6608657Z # ordinary-source: installing the original gem offline without the author or Lean compiler
2026-10-09T20:29:52.6609738Z # ordinary-source: 379 recursive checks, 51335 acyclic checks, 9958 injected failures
2026-10-09T20:29:52.6610674Z # reviewed-ir: compiling 33 recursive Ruby exports with 18 callback signatures
2026-10-09T20:29:52.6611611Z # reviewed-ir: installing the original gem offline without the author or Lean compiler
2026-10-09T20:29:52.6612559Z # reviewed-ir: 379 recursive checks, 51335 acyclic checks, 9958 injected failures
2026-10-09T20:29:52.6749730Z 1..5
2026-10-09T20:29:52.6750041Z # tests 5
2026-10-09T20:29:52.6750312Z # suites 0
2026-10-09T20:29:52.6750595Z # pass 5
2026-10-09T20:29:52.6750796Z # fail 0
2026-10-09T20:29:52.6753587Z # cancelled 0
2026-10-09T20:29:52.6754260Z # skipped 0
2026-10-09T20:29:52.6754496Z # todo 0
2026-10-09T20:29:52.6754736Z # duration_ms 160366.124727
2026-10-09T20:29:52.7203383Z TAP version 13
2026-10-09T20:29:52.8563556Z # Subtest: Ruby owned adapters keep bounded exact conversions and private pointer calls
2026-10-09T20:29:52.8569698Z ok 1 - Ruby owned adapters keep bounded exact conversions and private pointer calls
2026-10-09T20:29:52.8570677Z   ---
2026-10-09T20:29:52.8571055Z   duration_ms: 43.411035
2026-10-09T20:29:52.8571847Z   type: 'test'
2026-10-09T20:29:52.8572230Z   ...
2026-10-09T20:30:10.7099428Z # Subtest: Ruby scalar conversions execute compiled Lean (ordinary)
2026-10-09T20:30:10.7103091Z ok 2 - Ruby scalar conversions execute compiled Lean (ordinary)
2026-10-09T20:30:10.7103977Z   ---
2026-10-09T20:30:10.7104260Z   duration_ms: 17855.740739
2026-10-09T20:30:10.7104567Z   type: 'test'
2026-10-09T20:30:10.7104831Z   ...
2026-10-09T20:30:10.7105901Z # {"mode":"scalars","ruby":"ruby 3.3.12 (2026-07-16 revision 0581089df9) [x86_64-linux]","checks":278,"live":0,"identities":0,"rubyCheckpoints":39,"rubyFaults":39,"nativeFaults":23,"primitives":19}
2026-10-09T20:30:28.6624159Z # Subtest: Ruby scalar conversions execute compiled Lean (reviewed)
2026-10-09T20:30:28.6625106Z ok 3 - Ruby scalar conversions execute compiled Lean (reviewed)
2026-10-09T20:30:28.6627626Z   ---
2026-10-09T20:30:28.6628416Z   duration_ms: 17953.397824
2026-10-09T20:30:28.6628876Z   type: 'test'
2026-10-09T20:30:28.6629092Z   ...
2026-10-09T20:30:28.6629934Z # {"mode":"scalars","ruby":"ruby 3.3.12 (2026-07-16 revision 0581089df9) [x86_64-linux]","checks":278,"live":0,"identities":0,"rubyCheckpoints":39,"rubyFaults":39,"nativeFaults":23,"primitives":19}
2026-10-09T20:30:51.0868535Z # Subtest: Ruby composed conversions execute compiled Lean (ordinary)
2026-10-09T20:30:51.0869565Z ok 4 - Ruby composed conversions execute compiled Lean (ordinary)
2026-10-09T20:30:51.0872585Z   ---
2026-10-09T20:30:51.0872896Z   duration_ms: 22423.035517
2026-10-09T20:30:51.0873156Z   type: 'test'
2026-10-09T20:30:51.0873735Z   ...
2026-10-09T20:30:51.0874767Z # {"mode":"values","ruby":"ruby 3.3.12 (2026-07-16 revision 0581089df9) [x86_64-linux]","checks":595,"live":0,"identities":0,"rubyCheckpoints":153,"rubyFaults":153,"nativeFaults":110}
2026-10-09T20:30:51.0876306Z # {"mode":"malformed","ruby":"ruby 3.3.12 (2026-07-16 revision 0581089df9) [x86_64-linux]","checks":6,"live":0,"identities":0}
2026-10-09T20:30:51.0878256Z # {"mode":"callables","ruby":"ruby 3.3.12 (2026-07-16 revision 0581089df9) [x86_64-linux]","checks":485,"live":0,"identities":0,"rubyCheckpoints":107,"rubyFaults":107,"nativeFaults":101,"boundedInvocations":819}
2026-10-09T20:31:13.3897708Z # Subtest: Ruby composed conversions execute compiled Lean (reviewed)
2026-10-09T20:31:13.3898785Z ok 5 - Ruby composed conversions execute compiled Lean (reviewed)
2026-10-09T20:31:13.3899405Z   ---
2026-10-09T20:31:13.3899817Z   duration_ms: 22304.136346
2026-10-09T20:31:13.3900289Z   type: 'test'
2026-10-09T20:31:13.3900675Z   ...
2026-10-09T20:31:13.3901908Z # {"mode":"values","ruby":"ruby 3.3.12 (2026-07-16 revision 0581089df9) [x86_64-linux]","checks":595,"live":0,"identities":0,"rubyCheckpoints":153,"rubyFaults":153,"nativeFaults":110}
2026-10-09T20:31:13.3903596Z # {"mode":"malformed","ruby":"ruby 3.3.12 (2026-07-16 revision 0581089df9) [x86_64-linux]","checks":6,"live":0,"identities":0}
2026-10-09T20:31:13.3905283Z # {"mode":"callables","ruby":"ruby 3.3.12 (2026-07-16 revision 0581089df9) [x86_64-linux]","checks":485,"live":0,"identities":0,"rubyCheckpoints":107,"rubyFaults":107,"nativeFaults":101,"boundedInvocations":819}
2026-10-09T20:31:13.5256151Z # Subtest: Ruby owned graphs keep finite layouts for recursive and identity leaves
2026-10-09T20:31:13.5257169Z ok 6 - Ruby owned graphs keep finite layouts for recursive and identity leaves
2026-10-09T20:31:13.5257752Z   ---
2026-10-09T20:31:13.5258071Z   duration_ms: 39.827461
2026-10-09T20:31:13.5258438Z   type: 'test'
2026-10-09T20:31:13.5258736Z   ...
2026-10-09T20:31:30.9065068Z # Subtest: C compiler verifies Ruby composed ownership layouts (ordinary)
2026-10-09T20:31:30.9066351Z ok 7 - C compiler verifies Ruby composed ownership layouts (ordinary)
2026-10-09T20:31:30.9068847Z   ---
2026-10-09T20:31:30.9069190Z   duration_ms: 17382.926168
2026-10-09T20:31:30.9069565Z   type: 'test'
2026-10-09T20:31:30.9069860Z   ...
2026-10-09T20:31:30.9070284Z # 205 C storage assertions passed
2026-10-09T20:31:48.1697567Z # Subtest: C compiler verifies Ruby composed ownership layouts (reviewed)
2026-10-09T20:31:48.1698441Z ok 8 - C compiler verifies Ruby composed ownership layouts (reviewed)
2026-10-09T20:31:48.1698866Z   ---
2026-10-09T20:31:48.1699105Z   duration_ms: 17263.490624
2026-10-09T20:31:48.1699363Z   type: 'test'
2026-10-09T20:31:48.1699580Z   ...
2026-10-09T20:31:48.1699842Z # 205 C storage assertions passed
2026-10-09T20:32:04.3389000Z # Subtest: C compiler verifies Ruby scalar ownership layouts (ordinary)
2026-10-09T20:32:04.3390446Z ok 9 - C compiler verifies Ruby scalar ownership layouts (ordinary)
2026-10-09T20:32:04.3390993Z   ---
2026-10-09T20:32:04.3391247Z   duration_ms: 16168.106946
2026-10-09T20:32:04.3391539Z   type: 'test'
2026-10-09T20:32:04.3391776Z   ...
2026-10-09T20:32:04.3400186Z # 93 C storage assertions passed
2026-10-09T20:32:20.3969739Z # Subtest: C compiler verifies Ruby scalar ownership layouts (reviewed)
2026-10-09T20:32:20.3971559Z ok 10 - C compiler verifies Ruby scalar ownership layouts (reviewed)
2026-10-09T20:32:20.3972241Z   ---
2026-10-09T20:32:20.3974611Z   duration_ms: 16059.020328
2026-10-09T20:32:20.3975071Z   type: 'test'
2026-10-09T20:32:20.3975434Z   ...
2026-10-09T20:32:20.3975878Z # 93 C storage assertions passed
2026-10-09T20:32:20.4994689Z # Subtest: Ruby ownership support rejects injected package identifiers
2026-10-09T20:32:20.4995571Z ok 11 - Ruby ownership support rejects injected package identifiers
2026-10-09T20:32:20.4996147Z   ---
2026-10-09T20:32:20.4996382Z   duration_ms: 1.134193
2026-10-09T20:32:20.4996628Z   type: 'test'
2026-10-09T20:32:20.4996841Z   ...
2026-10-09T20:32:38.2080839Z # Subtest: Ruby leases clean real Lean results on their owning thread (ordinary)
2026-10-09T20:32:38.2082192Z ok 12 - Ruby leases clean real Lean results on their owning thread (ordinary)
2026-10-09T20:32:38.2082921Z   ---
2026-10-09T20:32:38.2083560Z   duration_ms: 17709.927637
2026-10-09T20:32:38.2083996Z   type: 'test'
2026-10-09T20:32:38.2084283Z   ...
2026-10-09T20:32:38.2085139Z # {"ruby":"ruby 3.3.12 (2026-07-16 revision 0581089df9) [x86_64-linux]","checks":400,"rubyFailures":8,"copyFailures":2,"sessionFailures":3,"nativeFailures":4,"live":0,"identities":0}
2026-10-09T20:32:56.0230360Z # Subtest: Ruby leases clean real Lean results on their owning thread (reviewed)
2026-10-09T20:32:56.0231329Z ok 13 - Ruby leases clean real Lean results on their owning thread (reviewed)
2026-10-09T20:32:56.0231885Z   ---
2026-10-09T20:32:56.0232187Z   duration_ms: 17815.8237
2026-10-09T20:32:56.0232542Z   type: 'test'
2026-10-09T20:32:56.0232830Z   ...
2026-10-09T20:32:56.0234055Z # {"ruby":"ruby 3.3.12 (2026-07-16 revision 0581089df9) [x86_64-linux]","checks":400,"rubyFailures":8,"copyFailures":2,"sessionFailures":3,"nativeFailures":4,"live":0,"identities":0}
2026-10-09T20:32:56.2140751Z # Subtest: owned Ruby values preserve finite nominal, callback and alias declarations
2026-10-09T20:32:56.2142203Z ok 14 - owned Ruby values preserve finite nominal, callback and alias declarations
2026-10-09T20:32:56.2142904Z   ---
2026-10-09T20:32:56.2143463Z   duration_ms: 48.478779
2026-10-09T20:32:56.2174767Z   type: 'test'
2026-10-09T20:32:56.2175196Z   ...
2026-10-09T20:32:56.2204961Z # Subtest: owned Ruby names cannot replace runtime helpers or alias field spellings
2026-10-09T20:32:56.2214596Z ok 15 - owned Ruby names cannot replace runtime helpers or alias field spellings
2026-10-09T20:32:56.2232510Z   ---
2026-10-09T20:32:56.2232997Z   duration_ms: 52.222577
2026-10-09T20:32:56.2233670Z   type: 'test'
2026-10-09T20:32:56.2234083Z   ...
2026-10-09T20:32:56.2569082Z # Subtest: generated Ruby constructors preserve identity, nested options and field meaning
2026-10-09T20:32:56.2570350Z ok 16 - generated Ruby constructors preserve identity, nested options and field meaning
2026-10-09T20:32:56.2577812Z   ---
2026-10-09T20:32:56.2578111Z   duration_ms: 45.014524
2026-10-09T20:32:56.2578406Z   type: 'test'
2026-10-09T20:32:56.2578665Z   ...
2026-10-09T20:32:56.2648367Z 1..16
2026-10-09T20:32:56.2648744Z # tests 16
2026-10-09T20:32:56.2649016Z # suites 0
2026-10-09T20:32:56.2649235Z # pass 16
2026-10-09T20:32:56.2649502Z # fail 0
2026-10-09T20:32:56.2649791Z # cancelled 0
2026-10-09T20:32:56.2650055Z # skipped 0
2026-10-09T20:32:56.2650296Z # todo 0
2026-10-09T20:32:56.2650533Z # duration_ms 183556.985476
2026-10-09T20:32:56.3116303Z TAP version 13
2026-10-09T20:38:03.4473714Z # Subtest: owned and copied gems share loading, callbacks and retirement in both orders
2026-10-09T20:38:03.4480785Z ok 1 - owned and copied gems share loading, callbacks and retirement in both orders
2026-10-09T20:38:03.4481469Z   ---
2026-10-09T20:38:03.4489930Z   duration_ms: 306904.034207
2026-10-09T20:38:03.4490581Z   type: 'test'
2026-10-09T20:38:03.4491027Z   ...
2026-10-09T20:38:03.5408567Z # Subtest: private GMP selection rejects arbitrary library identities
2026-10-09T20:38:03.5410216Z ok 2 - private GMP selection rejects arbitrary library identities
2026-10-09T20:38:03.5411485Z   ---
2026-10-09T20:38:03.5412251Z   duration_ms: 1.288696
2026-10-09T20:38:03.5412858Z   type: 'test'
2026-10-09T20:38:03.5413830Z   ...
2026-10-09T20:39:11.1349911Z # Subtest: Ruby keeps its GMP while a private checked library supplies bridge integers
2026-10-09T20:39:11.1351151Z ok 3 - Ruby keeps its GMP while a private checked library supplies bridge integers
2026-10-09T20:39:11.1351691Z   ---
2026-10-09T20:39:11.1351994Z   duration_ms: 67595.641705
2026-10-09T20:39:11.1352348Z   type: 'test'
2026-10-09T20:39:11.1352651Z   ...
2026-10-09T20:39:11.1354788Z # {"ruby":"ruby 3.3.12 (2026-07-16 revision 0581089df9) [x86_64-linux]","hostVersion":"6.3.0","bundledVersion":"6.3.0","interposedWithoutDeepBind":true,"privateWithDeepBind":true,"rubyAllocatorsUnchanged":true,"privateAllocatorsIndependent":true,"leanAllocatorsIndependent":true,"roundTrips":500}
2026-10-09T20:39:11.2863172Z # Subtest: owned Ruby package sources preserve the public API and enforce private layouts
2026-10-09T20:39:11.2864768Z ok 4 - owned Ruby package sources preserve the public API and enforce private layouts
2026-10-09T20:39:11.2865570Z   ---
2026-10-09T20:39:11.2866034Z   duration_ms: 47.66085
2026-10-09T20:39:11.2866364Z   type: 'test'
2026-10-09T20:39:11.2866671Z   ...
2026-10-09T20:40:45.6654763Z # Subtest: owned Ruby package sources load compiled Lean without the producer (ordinary)
2026-10-09T20:40:45.6655904Z ok 5 - owned Ruby package sources load compiled Lean without the producer (ordinary)
2026-10-09T20:40:45.6656443Z   ---
2026-10-09T20:40:45.6656674Z   duration_ms: 94380.111098
2026-10-09T20:40:45.6656928Z   type: 'test'
2026-10-09T20:40:45.6657149Z   ...
2026-10-09T20:40:45.6657528Z # {"checks":17,"identities":0,"privateGmp":true,"forkBeforeLock":true}
2026-10-09T20:42:20.1696414Z # Subtest: owned Ruby package sources load compiled Lean without the producer (reviewed)
2026-10-09T20:42:20.1709881Z ok 6 - owned Ruby package sources load compiled Lean without the producer (reviewed)
2026-10-09T20:42:20.1710627Z   ---
2026-10-09T20:42:20.1711007Z   duration_ms: 94504.863282
2026-10-09T20:42:20.1711404Z   type: 'test'
2026-10-09T20:42:20.1711723Z   ...
2026-10-09T20:42:20.1712345Z # {"checks":17,"identities":0,"privateGmp":true,"forkBeforeLock":true}
2026-10-09T20:44:54.3090738Z # Subtest: installed Ruby owned compositions preserve semantics (ordinary)
2026-10-09T20:44:54.3091766Z ok 7 - installed Ruby owned compositions preserve semantics (ordinary)
2026-10-09T20:44:54.3092199Z   ---
2026-10-09T20:44:54.3092430Z   duration_ms: 153882.000099
2026-10-09T20:44:54.3092689Z   type: 'test'
2026-10-09T20:44:54.3092933Z   ...
2026-10-09T20:44:54.3093243Z # ordinary: Compiling checked native Lean exports
2026-10-09T20:44:54.3093892Z # ordinary: 77+77 installed and relocated checks
2026-10-09T20:50:06.2915073Z # Subtest: installed Ruby owned compositions preserve semantics (reviewed)
2026-10-09T20:50:06.2915754Z ok 8 - installed Ruby owned compositions preserve semantics (reviewed)
2026-10-09T20:50:06.2916190Z   ---
2026-10-09T20:50:06.2916507Z   duration_ms: 311982.087188
2026-10-09T20:50:06.2916869Z   type: 'test'
2026-10-09T20:50:06.2917136Z   ...
2026-10-09T20:50:06.2917453Z # reviewed: Compiling checked native Lean exports
2026-10-09T20:50:06.2917849Z # reviewed: 77+77 installed and relocated checks
2026-10-09T20:52:32.3929499Z # Subtest: installed Ruby owned scalars preserve semantics (ordinary)
2026-10-09T20:52:32.3930526Z ok 9 - installed Ruby owned scalars preserve semantics (ordinary)
2026-10-09T20:52:32.3931083Z   ---
2026-10-09T20:52:32.3931461Z   duration_ms: 146100.910615
2026-10-09T20:52:32.3931921Z   type: 'test'
2026-10-09T20:52:32.3932250Z   ...
2026-10-09T20:52:32.3932741Z # ordinary: Compiling checked native Lean exports
2026-10-09T20:52:32.3933521Z # ordinary: 147+147 installed and relocated checks
2026-10-09T20:54:57.8565497Z # Subtest: installed Ruby owned scalars preserve semantics (reviewed)
2026-10-09T20:54:57.8566480Z ok 10 - installed Ruby owned scalars preserve semantics (reviewed)
2026-10-09T20:54:57.8567434Z   ---
2026-10-09T20:54:57.8567895Z   duration_ms: 145463.216196
2026-10-09T20:54:57.8568289Z   type: 'test'
2026-10-09T20:54:57.8568593Z   ...
2026-10-09T20:54:57.8569250Z # reviewed: Compiling checked native Lean exports
2026-10-09T20:54:57.8569894Z # reviewed: 147+147 installed and relocated checks
2026-10-09T20:54:57.8720902Z 1..10
2026-10-09T20:54:57.8721277Z # tests 10
2026-10-09T20:54:57.8721601Z # suites 0
2026-10-09T20:54:57.8721895Z # pass 10
2026-10-09T20:54:57.8722185Z # fail 0
2026-10-09T20:54:57.8722497Z # cancelled 0
2026-10-09T20:54:57.8722825Z # skipped 0
2026-10-09T20:54:57.8723119Z # todo 0
2026-10-09T20:54:57.8723590Z # duration_ms 1321572.952264
2026-10-09T20:54:57.9760899Z 
2026-10-09T20:54:57.9761685Z > @lean-wasm/bridge-poc@0.0.0-poc test:owned-ruby-transfers
2026-10-09T20:54:57.9762626Z > LEAN_BRIDGE_OWNED_RUBY_TRANSFER_TEST=1 node --test --test-concurrency=1 tests/owned-ruby-transfers.test.mjs tests/owned-ruby-transfer-packaging.test.mjs
2026-10-09T20:54:57.9763214Z 
2026-10-09T20:54:58.0199032Z TAP version 13
2026-10-09T20:54:58.3478516Z # Subtest: Ruby gems bind consuming arguments without changing borrow-only packages
2026-10-09T20:54:58.3484709Z ok 1 - Ruby gems bind consuming arguments without changing borrow-only packages
2026-10-09T20:54:58.3485199Z   ---
2026-10-09T20:54:58.3485436Z   duration_ms: 89.122012
2026-10-09T20:54:58.3485680Z   type: 'test'
2026-10-09T20:54:58.3485887Z   ...
2026-10-09T20:57:30.8312405Z # Subtest: installed Ruby inputs preserve transfer decisions (ordinary)
2026-10-09T20:57:30.8313894Z ok 2 - installed Ruby inputs preserve transfer decisions (ordinary)
2026-10-09T20:57:30.8314897Z   ---
2026-10-09T20:57:30.8315352Z   duration_ms: 152485.589149
2026-10-09T20:57:30.8315878Z   type: 'test'
2026-10-09T20:57:30.8316302Z   ...
2026-10-09T20:57:30.8316864Z # ordinary: Compiling checked native Lean exports
2026-10-09T20:57:30.8317598Z # ordinary: 101+101 installed and relocated checks
2026-10-09T21:02:38.6492537Z # Subtest: installed Ruby inputs preserve transfer decisions (reviewed)
2026-10-09T21:02:38.6493928Z ok 3 - installed Ruby inputs preserve transfer decisions (reviewed)
2026-10-09T21:02:38.6494607Z   ---
2026-10-09T21:02:38.6495389Z   duration_ms: 307816.401861
2026-10-09T21:02:38.6495771Z   type: 'test'
2026-10-09T21:02:38.6496050Z   ...
2026-10-09T21:02:38.6499402Z # reviewed: Compiling checked native Lean exports
2026-10-09T21:02:38.6500009Z # reviewed: 101+101 installed and relocated checks
2026-10-09T21:02:38.8622369Z # Subtest: Ruby consuming inputs require explicit capability without changing borrowed APIs
2026-10-09T21:02:38.8624395Z ok 4 - Ruby consuming inputs require explicit capability without changing borrowed APIs
2026-10-09T21:02:38.8624941Z   ---
2026-10-09T21:02:38.8625288Z   duration_ms: 101.94257
2026-10-09T21:02:38.8625694Z   type: 'test'
2026-10-09T21:02:38.8626220Z   ...
2026-10-09T21:03:00.1984302Z # Subtest: Ruby leases move at the compiled Lean handoff (ordinary)
2026-10-09T21:03:00.1985150Z ok 5 - Ruby leases move at the compiled Lean handoff (ordinary)
2026-10-09T21:03:00.1985639Z   ---
2026-10-09T21:03:00.1985880Z   duration_ms: 21338.19354
2026-10-09T21:03:00.1986333Z   type: 'test'
2026-10-09T21:03:00.1986587Z   ...
2026-10-09T21:03:00.1988072Z # {"ruby":"ruby 3.3.12 (2026-07-16 revision 0581089df9) [x86_64-linux]","checks":1159,"live":0,"identities":0,"rubyBefore":34,"rubyAfter":47,"nativeBefore":34,"nativeAfter":62,"multiRubyBefore":35,"multiRubyAfter":13,"multiNativeBefore":12,"multiNativeAfter":15}
2026-10-09T21:03:21.6132558Z # Subtest: Ruby leases move at the compiled Lean handoff (reviewed)
2026-10-09T21:03:21.6133982Z ok 6 - Ruby leases move at the compiled Lean handoff (reviewed)
2026-10-09T21:03:21.6134486Z   ---
2026-10-09T21:03:21.6134797Z   duration_ms: 21415.980543
2026-10-09T21:03:21.6135156Z   type: 'test'
2026-10-09T21:03:21.6135449Z   ...
2026-10-09T21:03:21.6137403Z # {"ruby":"ruby 3.3.12 (2026-07-16 revision 0581089df9) [x86_64-linux]","checks":1159,"live":0,"identities":0,"rubyBefore":34,"rubyAfter":47,"nativeBefore":34,"nativeAfter":62,"multiRubyBefore":35,"multiRubyAfter":13,"multiNativeBefore":12,"multiNativeAfter":15}
2026-10-09T21:03:21.6248966Z 1..6
2026-10-09T21:03:21.6249235Z # tests 6
2026-10-09T21:03:21.6249449Z # suites 0
2026-10-09T21:03:21.6254467Z # pass 6
2026-10-09T21:03:21.6265461Z # fail 0
2026-10-09T21:03:21.6265788Z # cancelled 0
2026-10-09T21:03:21.6266092Z # skipped 0
2026-10-09T21:03:21.6266331Z # todo 0
2026-10-09T21:03:21.6266727Z # duration_ms 503616.729693
2026-10-09T21:12:20.6062608Z 
2026-10-09T21:12:20.6063565Z > @lean-wasm/bridge-poc@0.0.0-poc test:owned-ruby-borrows
2026-10-09T21:12:20.6065270Z > LEAN_BRIDGE_OWNED_RUBY_BORROW_TEST=1 node --test --test-concurrency=1 tests/owned-ruby-borrows.test.mjs tests/owned-ruby-borrow-packaging.test.mjs
2026-10-09T21:12:20.6065896Z 
2026-10-09T21:12:20.6066248Z TAP version 13
2026-10-09T21:12:20.6066900Z # Subtest: Ruby borrowed-result gems bind original owners without changing unanchored packages
2026-10-09T21:12:20.6067670Z ok 1 - Ruby borrowed-result gems bind original owners without changing unanchored packages
2026-10-09T21:12:20.6068089Z   ---
2026-10-09T21:12:20.6068316Z   duration_ms: 102.218065
2026-10-09T21:12:20.6068580Z   type: 'test'
2026-10-09T21:12:20.6068786Z   ...
2026-10-09T21:12:20.6069148Z # Subtest: installed Ruby results preserve original owners (ordinary)
2026-10-09T21:12:20.6069651Z ok 2 - installed Ruby results preserve original owners (ordinary)
2026-10-09T21:12:20.6069979Z   ---
2026-10-09T21:12:20.6070187Z   duration_ms: 155320.08568
2026-10-09T21:12:20.6070435Z   type: 'test'
2026-10-09T21:12:20.6070639Z   ...
2026-10-09T21:12:20.6070919Z # ordinary: Compiling checked native Lean exports
2026-10-09T21:12:20.6071298Z # ordinary: 137+137 installed and relocated checks
2026-10-09T21:12:20.6071751Z # Subtest: installed Ruby results preserve original owners (reviewed)
2026-10-09T21:12:20.6072228Z ok 3 - installed Ruby results preserve original owners (reviewed)
2026-10-09T21:12:20.6072545Z   ---
2026-10-09T21:12:20.6072760Z   duration_ms: 303309.243124
2026-10-09T21:12:20.6073007Z   type: 'test'
2026-10-09T21:12:20.6073207Z   ...
2026-10-09T21:12:20.6074071Z # reviewed: Compiling checked native Lean exports
2026-10-09T21:12:20.6074516Z # reviewed: 137+137 installed and relocated checks
2026-10-09T21:12:20.6075023Z # Subtest: Ruby borrowed results require whole owners without changing unanchored APIs
2026-10-09T21:12:20.6075621Z ok 4 - Ruby borrowed results require whole owners without changing unanchored APIs
2026-10-09T21:12:20.6075994Z   ---
2026-10-09T21:12:20.6076196Z   duration_ms: 73.346394
2026-10-09T21:12:20.6076426Z   type: 'test'
2026-10-09T21:12:20.6076632Z   ...
2026-10-09T21:12:20.6076987Z # Subtest: Ruby borrowed results expire with original owners (ordinary)
2026-10-09T21:12:20.6077471Z ok 5 - Ruby borrowed results expire with original owners (ordinary)
2026-10-09T21:12:20.6077800Z   ---
2026-10-09T21:12:20.6078006Z   duration_ms: 20817.71622
2026-10-09T21:12:20.6078239Z   type: 'test'
2026-10-09T21:12:20.6078448Z   ...
2026-10-09T21:12:20.6080075Z # {"ruby":"ruby 3.3.12 (2026-07-16 revision 0581089df9) [x86_64-linux]","checks":1268,"live":0,"identities":0,"rubyCheckpoints":55,"rubyFaults":55,"nativeFaults":32,"rubyBefore":36,"rubyAfter":69,"nativeBefore":11,"nativeAfter":81,"foreignCloseSchedules":["array/get","array/retain","array/dup","array/clone","option/get","option/retain","option/dup","option/clone","nested/get","nested/retain","nested/dup","nested/clone"]}
2026-10-09T21:12:20.6081516Z # Subtest: Ruby borrowed results expire with original owners (reviewed)
2026-10-09T21:12:20.6082007Z ok 6 - Ruby borrowed results expire with original owners (reviewed)
2026-10-09T21:12:20.6082332Z   ---
2026-10-09T21:12:20.6082543Z   duration_ms: 20808.392073
2026-10-09T21:12:20.6082774Z   type: 'test'
2026-10-09T21:12:20.6082974Z   ...
2026-10-09T21:12:20.6084910Z # {"ruby":"ruby 3.3.12 (2026-07-16 revision 0581089df9) [x86_64-linux]","checks":1268,"live":0,"identities":0,"rubyCheckpoints":55,"rubyFaults":55,"nativeFaults":32,"rubyBefore":36,"rubyAfter":69,"nativeBefore":11,"nativeAfter":81,"foreignCloseSchedules":["array/get","array/retain","array/dup","array/clone","option/get","option/retain","option/dup","option/clone","nested/get","nested/retain","nested/dup","nested/clone"]}
2026-10-09T21:12:20.6086445Z # Subtest: Ruby borrowed results execute without input-transfer support
2026-10-09T21:12:20.6086947Z ok 7 - Ruby borrowed results execute without input-transfer support
2026-10-09T21:12:20.6087285Z   ---
2026-10-09T21:12:20.6087494Z   duration_ms: 38047.198874
2026-10-09T21:12:20.6087736Z   type: 'test'
2026-10-09T21:12:20.6087953Z   ...
2026-10-09T21:12:20.6088143Z 1..7
2026-10-09T21:12:20.6088342Z # tests 7
2026-10-09T21:12:20.6088540Z # suites 0
2026-10-09T21:12:20.6088753Z # pass 7
2026-10-09T21:12:20.6088952Z # fail 0
2026-10-09T21:12:20.6089150Z # cancelled 0
2026-10-09T21:12:20.6089371Z # skipped 0
2026-10-09T21:12:20.6089572Z # todo 0
2026-10-09T21:12:20.6089793Z # duration_ms 538838.819188
2026-10-09T21:12:20.6263779Z # pass 7
2026-10-09T21:12:20.6287579Z # fail 0
2026-10-09T21:12:20.6307321Z # skipped 0
2026-10-09T21:27:35.6672470Z 
2026-10-09T21:27:35.6673389Z > @lean-wasm/bridge-poc@0.0.0-poc test:owned-ruby-receivers
2026-10-09T21:27:35.6674537Z > LEAN_BRIDGE_OWNED_RUBY_RECEIVER_TEST=1 node --test --test-concurrency=1 tests/owned-ruby-receivers.test.mjs tests/owned-ruby-receiver-packaging.test.mjs tests/owned-ruby-receiver-plain.test.mjs
2026-10-09T21:27:35.6675499Z 
2026-10-09T21:27:35.6675617Z TAP version 13
2026-10-09T21:27:35.6676026Z # Subtest: installed Ruby receiver gem survives source removal (ordinary)
2026-10-09T21:27:35.6676556Z ok 1 - installed Ruby receiver gem survives source removal (ordinary)
2026-10-09T21:27:35.6676919Z   ---
2026-10-09T21:27:35.6677148Z   duration_ms: 269282.615519
2026-10-09T21:27:35.6677403Z   type: 'test'
2026-10-09T21:27:35.6677625Z   ...
2026-10-09T21:27:35.6677946Z # ordinary: 180+180 installed and relocated receiver checks
2026-10-09T21:27:35.6678478Z # Subtest: installed Ruby receiver gem survives source removal (reviewed)
2026-10-09T21:27:35.6678997Z ok 2 - installed Ruby receiver gem survives source removal (reviewed)
2026-10-09T21:27:35.6679333Z   ---
2026-10-09T21:27:35.6679539Z   duration_ms: 547619.963325
2026-10-09T21:27:35.6679785Z   type: 'test'
2026-10-09T21:27:35.6680002Z   ...
2026-10-09T21:27:35.6680321Z # reviewed: 180+180 installed and relocated receiver checks
2026-10-09T21:27:35.6680879Z # Subtest: Ruby ordinary receivers need no optional capabilities (consuming=false)
2026-10-09T21:27:35.6681519Z ok 3 - Ruby ordinary receivers need no optional capabilities (consuming=false)
2026-10-09T21:27:35.6681920Z   ---
2026-10-09T21:27:35.6682143Z   duration_ms: 14197.338104
2026-10-09T21:27:35.6682399Z   type: 'test'
2026-10-09T21:27:35.6682616Z   ...
2026-10-09T21:27:35.6682983Z # {"mode":"ordinary","consuming":false,"checks":8,"identities":0}
2026-10-09T21:27:35.6683844Z # Subtest: Ruby reviewed receivers need no optional capabilities (consuming=false)
2026-10-09T21:27:35.6684481Z ok 4 - Ruby reviewed receivers need no optional capabilities (consuming=false)
2026-10-09T21:27:35.6684844Z   ---
2026-10-09T21:27:35.6685051Z   duration_ms: 14165.658314
2026-10-09T21:27:35.6685301Z   type: 'test'
2026-10-09T21:27:35.6685506Z   ...
2026-10-09T21:27:35.6685836Z # {"mode":"reviewed","consuming":false,"checks":8,"identities":0}
2026-10-09T21:27:35.6686365Z # Subtest: Ruby ordinary receivers need no optional capabilities (consuming=true)
2026-10-09T21:27:35.6686917Z ok 5 - Ruby ordinary receivers need no optional capabilities (consuming=true)
2026-10-09T21:27:35.6687274Z   ---
2026-10-09T21:27:35.6687484Z   duration_ms: 14221.917785
2026-10-09T21:27:35.6687721Z   type: 'test'
2026-10-09T21:27:35.6687920Z   ...
2026-10-09T21:27:35.6688253Z # {"mode":"ordinary","consuming":true,"checks":9,"identities":0}
2026-10-09T21:27:35.6688774Z # Subtest: Ruby reviewed receivers need no optional capabilities (consuming=true)
2026-10-09T21:27:35.6689328Z ok 6 - Ruby reviewed receivers need no optional capabilities (consuming=true)
2026-10-09T21:27:35.6690031Z   ---
2026-10-09T21:27:35.6690246Z   duration_ms: 14166.735594
2026-10-09T21:27:35.6690479Z   type: 'test'
2026-10-09T21:27:35.6690676Z   ...
2026-10-09T21:27:35.6691027Z # {"mode":"reviewed","consuming":true,"checks":9,"identities":0}
2026-10-09T21:27:35.6691556Z # Subtest: Ruby receivers preserve nominal members and unchanged free function APIs
2026-10-09T21:27:35.6692139Z ok 7 - Ruby receivers preserve nominal members and unchanged free function APIs
2026-10-09T21:27:35.6692516Z   ---
2026-10-09T21:27:35.6692714Z   duration_ms: 148.699184
2026-10-09T21:27:35.6692946Z   type: 'test'
2026-10-09T21:27:35.6693142Z   ...
2026-10-09T21:27:35.6693876Z # Subtest: Ruby resource-only receivers need no optional callback or result-anchor capability
2026-10-09T21:27:35.6694533Z ok 8 - Ruby resource-only receivers need no optional callback or result-anchor capability
2026-10-09T21:27:35.6694941Z   ---
2026-10-09T21:27:35.6695149Z   duration_ms: 4.546297
2026-10-09T21:27:35.6695385Z   type: 'test'
2026-10-09T21:27:35.6695598Z   ...
2026-10-09T21:27:35.6695973Z # Subtest: Ruby receiver members preserve their original lifetime (ordinary)
2026-10-09T21:27:35.6696500Z ok 9 - Ruby receiver members preserve their original lifetime (ordinary)
2026-10-09T21:27:35.6696986Z   ---
2026-10-09T21:27:35.6697252Z   duration_ms: 20414.377645
2026-10-09T21:27:35.6697577Z   type: 'test'
2026-10-09T21:27:35.6697852Z   ...
2026-10-09T21:27:35.6699970Z # {"mode":"ordinary","ruby":"ruby 3.3.12 (2026-07-16 revision 0581089df9) [x86_64-linux]","checks":1311,"live":0,"identities":0,"rubyCheckpoints":55,"rubyFaults":55,"nativeFaults":32,"rubyBefore":36,"rubyAfter":69,"nativeBefore":11,"nativeAfter":81,"foreignCloseSchedules":["array/get","array/retain","array/dup","array/clone","option/get","option/retain","option/dup","option/clone","nested/get","nested/retain","nested/dup","nested/clone"]}
2026-10-09T21:27:35.6701446Z # Subtest: Ruby receiver members preserve their original lifetime (reviewed)
2026-10-09T21:27:35.6701983Z ok 10 - Ruby receiver members preserve their original lifetime (reviewed)
2026-10-09T21:27:35.6702321Z   ---
2026-10-09T21:27:35.6702518Z   duration_ms: 20354.376931
2026-10-09T21:27:35.6702755Z   type: 'test'
2026-10-09T21:27:35.6702950Z   ...
2026-10-09T21:27:35.6704987Z # {"mode":"reviewed","ruby":"ruby 3.3.12 (2026-07-16 revision 0581089df9) [x86_64-linux]","checks":1311,"live":0,"identities":0,"rubyCheckpoints":55,"rubyFaults":55,"nativeFaults":32,"rubyBefore":36,"rubyAfter":69,"nativeBefore":11,"nativeAfter":81,"foreignCloseSchedules":["array/get","array/retain","array/dup","array/clone","option/get","option/retain","option/dup","option/clone","nested/get","nested/retain","nested/dup","nested/clone"]}
2026-10-09T21:27:35.6706257Z 1..10
2026-10-09T21:27:35.6706456Z # tests 10
2026-10-09T21:27:35.6706659Z # suites 0
2026-10-09T21:27:35.6706870Z # pass 10
2026-10-09T21:27:35.6707069Z # fail 0
2026-10-09T21:27:35.6707271Z # cancelled 0
2026-10-09T21:27:35.6707497Z # skipped 0
2026-10-09T21:27:35.6707694Z # todo 0
2026-10-09T21:27:35.6707919Z # duration_ms 914911.388724
2026-10-09T21:27:35.6708157Z # tests 10
2026-10-09T21:27:35.6718471Z # pass 10
2026-10-09T21:27:35.6739469Z # fail 0
2026-10-09T21:27:35.6758260Z # cancelled 0
2026-10-09T21:27:35.6776530Z # skipped 0
2026-10-09T21:27:35.7199207Z TAP version 13
2026-10-09T21:27:36.2403661Z # Subtest: Ruby compounds preserve presence, distinct branches and binary products
2026-10-09T21:27:36.2408327Z ok 1 - Ruby compounds preserve presence, distinct branches and binary products
2026-10-09T21:27:36.2408941Z   ---
2026-10-09T21:27:36.2409233Z   duration_ms: 232.572386
2026-10-09T21:27:36.2409568Z   type: 'test'
2026-10-09T21:27:36.2409841Z   ...
2026-10-09T21:27:36.2417385Z # Subtest: Ruby compound Some cannot collide with a record or component
2026-10-09T21:27:36.2418678Z ok 2 - Ruby compound Some cannot collide with a record or component
2026-10-09T21:27:36.2419240Z   ---
2026-10-09T21:27:36.2419557Z   duration_ms: 64.591828
2026-10-09T21:27:36.2420316Z   type: 'test'
2026-10-09T21:27:36.2420741Z   ...
2026-10-09T21:27:36.2421278Z # Subtest: Ruby compound Ok cannot collide with a record or component
2026-10-09T21:27:36.2422528Z ok 3 - Ruby compound Ok cannot collide with a record or component
2026-10-09T21:27:36.2423053Z   ---
2026-10-09T21:27:36.2423541Z   duration_ms: 59.857071
2026-10-09T21:27:36.2426017Z   type: 'test'
2026-10-09T21:27:36.2426317Z   ...
2026-10-09T21:27:36.2464594Z # Subtest: Ruby compound Err cannot collide with a record or component
2026-10-09T21:27:36.2465394Z ok 4 - Ruby compound Err cannot collide with a record or component
2026-10-09T21:27:36.2465815Z   ---
2026-10-09T21:27:36.2466140Z   duration_ms: 40.448607
2026-10-09T21:27:36.2466500Z   type: 'test'
2026-10-09T21:27:36.2466715Z   ...
2026-10-09T21:27:36.2467181Z # Subtest: Ruby compounds admit copied callbacks but reject borrowed identity and keyword fields
2026-10-09T21:27:36.2467854Z ok 5 - Ruby compounds admit copied callbacks but reject borrowed identity and keyword fields
2026-10-09T21:27:36.2468304Z   ---
2026-10-09T21:27:36.2468512Z   duration_ms: 30.349554
2026-10-09T21:27:36.2468744Z   type: 'test'
2026-10-09T21:27:36.2468951Z   ...
2026-10-09T21:27:36.2518230Z # Subtest: Ruby compound evidence binds both source paths to unchanged relocated gems
2026-10-09T21:27:36.2521464Z ok 6 - Ruby compound evidence binds both source paths to unchanged relocated gems
2026-10-09T21:27:36.2522035Z   ---
2026-10-09T21:27:36.2522822Z   duration_ms: 14.208685
2026-10-09T21:27:36.2523477Z   type: 'test'
2026-10-09T21:27:36.2523826Z   ...
2026-10-09T21:27:36.4045568Z # Subtest: generated Ruby compounds and independent consumers pass Ruby syntax checks
2026-10-09T21:27:36.4046838Z ok 7 - generated Ruby compounds and independent consumers pass Ruby syntax checks
2026-10-09T21:27:36.4050205Z   ---
2026-10-09T21:27:36.4050678Z   duration_ms: 152.282746
2026-10-09T21:27:36.4051178Z   type: 'test'
2026-10-09T21:27:36.4051544Z   ...
2026-10-09T21:29:28.9147652Z # Subtest: installed Ruby compounds preserve copied values on both source paths
2026-10-09T21:29:28.9148812Z ok 8 - installed Ruby compounds preserve copied values on both source paths
2026-10-09T21:29:28.9149296Z   ---
2026-10-09T21:29:28.9151574Z   duration_ms: 112921.252405
2026-10-09T21:29:28.9152188Z   type: 'test'
2026-10-09T21:29:28.9152522Z   ...
2026-10-09T21:29:28.9152960Z # ordinary-source: compiling Ruby compounds
2026-10-09T21:29:28.9154047Z # ordinary-source: installing offline, relocating the gem and checking cleanup
2026-10-09T21:29:28.9154924Z # ordinary-source: 38664 public assertions and 199 injected failures passed
2026-10-09T21:29:28.9155561Z # reviewed-ir: compiling Ruby compounds
2026-10-09T21:29:28.9156261Z # reviewed-ir: installing offline, relocating the gem and checking cleanup
2026-10-09T21:29:28.9157055Z # reviewed-ir: 38664 public assertions and 199 injected failures passed
2026-10-09T21:29:28.9299877Z 1..8
2026-10-09T21:29:28.9300261Z # tests 8
2026-10-09T21:29:28.9300619Z # suites 0
2026-10-09T21:29:28.9300923Z # pass 8
2026-10-09T21:29:28.9301235Z # fail 0
2026-10-09T21:29:28.9301536Z # cancelled 0
2026-10-09T21:29:28.9301874Z # skipped 0
2026-10-09T21:29:28.9302173Z # todo 0
2026-10-09T21:29:28.9302531Z # duration_ms 113223.971503
2026-10-09T21:29:28.9744617Z TAP version 13
2026-10-09T21:29:29.2552188Z # Subtest: Ruby List evidence binds both source paths to unchanged relocated gems
2026-10-09T21:29:29.2594780Z ok 1 - Ruby List evidence binds both source paths to unchanged relocated gems
2026-10-09T21:29:29.2595787Z   ---
2026-10-09T21:29:29.2620716Z   duration_ms: 7.892264
2026-10-09T21:29:29.2621388Z   type: 'test'
2026-10-09T21:29:29.2634180Z   ...
2026-10-09T21:29:29.2684451Z # Subtest: Ruby Lists use checked owned arrays with distinct List/Array native identities
2026-10-09T21:29:29.2685156Z ok 2 - Ruby Lists use checked owned arrays with distinct List/Array native identities
2026-10-09T21:29:29.2685543Z   ---
2026-10-09T21:29:29.2685763Z   duration_ms: 98.190613
2026-10-09T21:29:29.2686293Z   type: 'test'
2026-10-09T21:29:29.2686617Z   ...
2026-10-09T21:29:29.2687104Z # Subtest: Ruby Lists admit copied callback payloads but reject borrowed identities and name collisions
2026-10-09T21:29:29.2687816Z ok 3 - Ruby Lists admit copied callback payloads but reject borrowed identities and name collisions
2026-10-09T21:29:29.2688239Z   ---
2026-10-09T21:29:29.2688438Z   duration_ms: 59.616104
2026-10-09T21:29:29.2688672Z   type: 'test'
2026-10-09T21:29:29.2688885Z   ...
2026-10-09T21:29:29.2689323Z # Subtest: Ruby List output guards use native scalar and compound alignment before allocation
2026-10-09T21:29:29.2689947Z ok 4 - Ruby List output guards use native scalar and compound alignment before allocation
2026-10-09T21:29:29.2690343Z   ---
2026-10-09T21:29:29.2690541Z   duration_ms: 30.240793
2026-10-09T21:29:29.2690772Z   type: 'test'
2026-10-09T21:29:29.2690976Z   ...
2026-10-09T21:29:29.3775553Z # Subtest: generated Ruby Lists and independent consumers pass Ruby syntax checks
2026-10-09T21:29:29.3776699Z ok 5 - generated Ruby Lists and independent consumers pass Ruby syntax checks
2026-10-09T21:29:29.3777396Z   ---
2026-10-09T21:29:29.3777854Z   duration_ms: 127.972923
2026-10-09T21:29:29.3778322Z   type: 'test'
2026-10-09T21:29:29.3778727Z   ...
2026-10-09T21:31:18.1557335Z # Subtest: installed Ruby lists preserve copied values on both source paths
2026-10-09T21:31:18.1558567Z ok 6 - installed Ruby lists preserve copied values on both source paths
2026-10-09T21:31:18.1559436Z   ---
2026-10-09T21:31:18.1560058Z   duration_ms: 108919.643521
2026-10-09T21:31:18.1560508Z   type: 'test'
2026-10-09T21:31:18.1560844Z   ...
2026-10-09T21:31:18.1561267Z # ordinary-source: compiling Ruby lists
2026-10-09T21:31:18.1562072Z # ordinary-source: installing offline, relocating the gem and checking cleanup
2026-10-09T21:31:18.1563022Z # ordinary-source: 88446 public assertions and 384 injected failures passed
2026-10-09T21:31:18.1563854Z # reviewed-ir: compiling Ruby lists
2026-10-09T21:31:18.1564592Z # reviewed-ir: installing offline, relocating the gem and checking cleanup
2026-10-09T21:31:18.1565407Z # reviewed-ir: 88446 public assertions and 384 injected failures passed
2026-10-09T21:31:18.1731251Z 1..6
2026-10-09T21:31:18.1731630Z # tests 6
2026-10-09T21:31:18.1731980Z # suites 0
2026-10-09T21:31:18.1732314Z # pass 6
2026-10-09T21:31:18.1732622Z # fail 0
2026-10-09T21:31:18.1732955Z # cancelled 0
2026-10-09T21:31:18.1733452Z # skipped 0
2026-10-09T21:31:18.1733779Z # todo 0
2026-10-09T21:31:18.1734156Z # duration_ms 109213.106062
2026-10-09T21:31:18.2180035Z TAP version 13
2026-10-09T21:33:04.0075378Z # Subtest: installed Ruby aliases preserve named contracts and target semantics on both source paths
2026-10-09T21:33:04.0076738Z ok 1 - installed Ruby aliases preserve named contracts and target semantics on both source paths
2026-10-09T21:33:04.0084298Z   ---
2026-10-09T21:33:04.0094293Z   duration_ms: 105561.255074
2026-10-09T21:33:04.0102116Z   type: 'test'
2026-10-09T21:33:04.0102520Z   ...
2026-10-09T21:33:04.0103446Z # ordinary-source: compiling the Ruby alias contract and explicit inspect_scalars wrapper
2026-10-09T21:33:04.0104415Z # ordinary-source: installing offline, relocating and probing cleanup
2026-10-09T21:33:04.0105733Z # ordinary-source: 4509 public assertions and 317 injected failures passed
2026-10-09T21:33:04.0106868Z # reviewed-ir: compiling the Ruby alias contract and explicit inspect_scalars wrapper
2026-10-09T21:33:04.0107873Z # reviewed-ir: installing offline, relocating and probing cleanup
2026-10-09T21:33:04.0108807Z # reviewed-ir: 4509 public assertions and 317 injected failures passed
2026-10-09T21:33:04.0243869Z 1..1
2026-10-09T21:33:04.0244217Z # tests 1
2026-10-09T21:33:04.0244528Z # suites 0
2026-10-09T21:33:04.0244849Z # pass 1
2026-10-09T21:33:04.0245627Z # fail 0
2026-10-09T21:33:04.0246022Z # cancelled 0
2026-10-09T21:33:04.0246418Z # skipped 0
2026-10-09T21:33:04.0246761Z # todo 0
2026-10-09T21:33:04.0247208Z # duration_ms 105816.861649
2026-10-09T21:33:04.0657383Z TAP version 13
2026-10-09T21:33:04.3187283Z # Subtest: the GDB identity names one verified defining library per counted column
2026-10-09T21:33:04.3190786Z ok 1 - the GDB identity names one verified defining library per counted column
2026-10-09T21:33:04.3191385Z   ---
2026-10-09T21:33:04.3191705Z   duration_ms: 3.305516
2026-10-09T21:33:04.3192073Z   type: 'test'
2026-10-09T21:33:04.3192380Z   ...
2026-10-09T21:33:04.3195539Z # Subtest: nm listings decide each column's single defining library
2026-10-09T21:33:04.3197600Z ok 2 - nm listings decide each column's single defining library
2026-10-09T21:33:04.3198166Z   ---
2026-10-09T21:33:04.3215318Z   duration_ms: 1.304047
2026-10-09T21:33:04.3215971Z   type: 'test'
2026-10-09T21:33:04.3216498Z   ...
2026-10-09T21:33:04.3217514Z # Subtest: the GDB script records before the inferior runs and arms only exact verified definitions
2026-10-09T21:33:04.3218487Z ok 3 - the GDB script records before the inferior runs and arms only exact verified definitions
2026-10-09T21:33:04.3219099Z   ---
2026-10-09T21:33:04.3219462Z   duration_ms: 0.797751
2026-10-09T21:33:04.3219836Z   type: 'test'
2026-10-09T21:33:04.3220177Z   ...
2026-10-09T21:33:04.3220654Z # Subtest: the GDB record reader requires the exact layout
2026-10-09T21:33:04.3221248Z ok 4 - the GDB record reader requires the exact layout
2026-10-09T21:33:04.3221682Z   ---
2026-10-09T21:33:04.3222020Z   duration_ms: 0.988115
2026-10-09T21:33:04.3222354Z   type: 'test'
2026-10-09T21:33:04.3222644Z   ...
2026-10-09T21:33:04.3223107Z # Subtest: Ruby gems are checked Fin consumers beside C, C++, Python and Rust
2026-10-09T21:33:04.3224131Z ok 5 - Ruby gems are checked Fin consumers beside C, C++, Python and Rust
2026-10-09T21:33:04.3224570Z   ---
2026-10-09T21:33:04.3224778Z   duration_ms: 0.190848
2026-10-09T21:33:04.3225021Z   type: 'test'
2026-10-09T21:33:04.3225227Z   ...
2026-10-09T21:33:04.3225619Z # Subtest: generated Ruby bound docs come only from checked refinement metadata
2026-10-09T21:33:04.3226177Z ok 6 - generated Ruby bound docs come only from checked refinement metadata
2026-10-09T21:33:04.3226536Z   ---
2026-10-09T21:33:04.3226738Z   duration_ms: 17.581797
2026-10-09T21:33:04.3226978Z   type: 'test'
2026-10-09T21:33:04.3227171Z   ...
2026-10-09T21:33:15.2545785Z # Subtest: GDB entry breakpoints count a deep-bound Ruby stand-in exactly and refuse missing, stale, foreign and leaking runs
2026-10-09T21:33:15.2546704Z ok 7 - GDB entry breakpoints count a deep-bound Ruby stand-in exactly and refuse missing, stale, foreign and leaking runs
2026-10-09T21:33:15.2547312Z   ---
2026-10-09T21:33:15.2547612Z   duration_ms: 10937.509811
2026-10-09T21:33:15.2547953Z   type: 'test'
2026-10-09T21:33:15.2548163Z   ...
2026-10-09T21:37:24.4131041Z # Subtest: relocated source-free Ruby gems check Fin bounds through the bundled C adapter
2026-10-09T21:37:24.4132285Z ok 8 - relocated source-free Ruby gems check Fin bounds through the bundled C adapter
2026-10-09T21:37:24.4132750Z   ---
2026-10-09T21:37:24.4133106Z   duration_ms: 249159.171284
2026-10-09T21:37:24.4133740Z   type: 'test'
2026-10-09T21:37:24.4133970Z   ...
2026-10-09T21:37:24.4134283Z # build 0: compiling the shared C library and Ruby gem
2026-10-09T21:37:24.4134835Z # offline gem installation without producer files or compilers
2026-10-09T21:37:24.4135691Z # per-step source and adapter counts in the relocated Ruby process under GDB entry breakpoints
2026-10-09T21:37:24.4136424Z # build 1: compiling the shared C library and Ruby gem
2026-10-09T21:41:32.5629766Z # Subtest: independently reviewed Ruby packages check scalar Fin through installed consumers
2026-10-09T21:41:32.5630801Z ok 9 - independently reviewed Ruby packages check scalar Fin through installed consumers
2026-10-09T21:41:32.5636556Z   ---
2026-10-09T21:41:32.5636844Z   duration_ms: 248149.956454
2026-10-09T21:41:32.5637169Z   type: 'test'
2026-10-09T21:41:32.5637396Z   ...
2026-10-09T21:41:32.5637703Z # build 0: compiling the shared C library and Ruby gem
2026-10-09T21:41:32.5638161Z # offline gem installation without producer files or compilers
2026-10-09T21:41:32.5639091Z # per-step source and adapter counts in the relocated Ruby process under GDB entry breakpoints
2026-10-09T21:41:32.5639626Z # build 1: compiling the shared C library and Ruby gem
2026-10-09T21:41:32.5788251Z 1..9
2026-10-09T21:41:32.5788564Z # tests 9
2026-10-09T21:41:32.5788955Z # suites 0
2026-10-09T21:41:32.5789482Z # pass 9
2026-10-09T21:41:32.5789918Z # fail 0
2026-10-09T21:41:32.5790408Z # cancelled 0
2026-10-09T21:41:32.5790826Z # skipped 0
2026-10-09T21:41:32.5791193Z # todo 0
2026-10-09T21:41:32.5791680Z # duration_ms 508523.320088
2026-10-09T21:41:32.6227700Z TAP version 13
2026-10-09T21:43:22.7698208Z # Subtest: installed Ruby variants preserve every named constructor and compiler-free execution
2026-10-09T21:43:22.7703761Z ok 1 - installed Ruby variants preserve every named constructor and compiler-free execution
2026-10-09T21:43:22.7706712Z   ---
2026-10-09T21:43:22.7707384Z   duration_ms: 109928.263586
2026-10-09T21:43:22.7708234Z   type: 'test'
2026-10-09T21:43:22.7708608Z   ...
2026-10-09T21:43:22.7709464Z # ordinary-source: compiling fourteen variant exports with the explicit Ruby inspector wrapper
2026-10-09T21:43:22.7710713Z # ordinary-source: offline gem installation, relocation, independent consumer and failure probes
2026-10-09T21:43:22.7713167Z # ordinary-source: 35904 public assertions, 81 rejections and 315 injected failures passed
2026-10-09T21:43:22.7715231Z # reviewed-ir: compiling fourteen variant exports with the explicit Ruby inspector wrapper
2026-10-09T21:43:22.7716384Z # reviewed-ir: offline gem installation, relocation, independent consumer and failure probes
2026-10-09T21:43:22.7719610Z # reviewed-ir: 35904 public assertions, 81 rejections and 315 injected failures passed
2026-10-09T21:43:22.7821263Z 1..1
2026-10-09T21:43:22.7821605Z # tests 1
2026-10-09T21:43:22.7821925Z # suites 0
2026-10-09T21:43:22.7822236Z # pass 1
2026-10-09T21:43:22.7822515Z # fail 0
2026-10-09T21:43:22.7822812Z # cancelled 0
2026-10-09T21:43:22.7823170Z # skipped 0
2026-10-09T21:43:22.7824642Z # todo 0
2026-10-09T21:43:22.7825014Z # duration_ms 110169.621235
2026-10-09T21:43:22.8274654Z TAP version 13
2026-10-09T21:43:24.2049075Z # Subtest: Ruby collections preserve the complete independent copied contract
2026-10-09T21:43:24.2063899Z ok 1 - Ruby collections preserve the complete independent copied contract
2026-10-09T21:43:24.2064868Z   ---
2026-10-09T21:43:24.2065840Z   duration_ms: 125.433408
2026-10-09T21:43:24.2066321Z   type: 'test'
2026-10-09T21:43:24.2066625Z   ...
2026-10-09T21:43:24.2067170Z # Subtest: Ruby record pattern methods cannot overwrite source fields
2026-10-09T21:43:24.2067885Z ok 2 - Ruby record pattern methods cannot overwrite source fields
2026-10-09T21:43:24.2068407Z   ---
2026-10-09T21:43:24.2068761Z   duration_ms: 43.266873
2026-10-09T21:43:24.2069152Z   type: 'test'
2026-10-09T21:43:24.2069485Z   ...
2026-10-09T21:43:24.2571245Z # Subtest: Ruby builtin snapshots reject spoofed types and keep entries through reentrant allocation
2026-10-09T21:43:24.2575552Z ok 3 - Ruby builtin snapshots reject spoofed types and keep entries through reentrant allocation
2026-10-09T21:43:24.2576532Z   ---
2026-10-09T21:43:24.2577030Z   duration_ms: 69.295855
2026-10-09T21:43:24.2577549Z   type: 'test'
2026-10-09T21:43:24.2578006Z   ...
2026-10-09T21:43:24.2767614Z # Subtest: generated Ruby variant values compare constructor identity and nested copied contents
2026-10-09T21:43:24.2769151Z ok 4 - generated Ruby variant values compare constructor identity and nested copied contents
2026-10-09T21:43:24.2770087Z   ---
2026-10-09T21:43:24.2771049Z   duration_ms: 37.832942
2026-10-09T21:43:24.2771540Z   type: 'test'
2026-10-09T21:43:24.2771878Z   ...
2026-10-09T21:43:24.4039332Z # Subtest: Ruby historical verifier upgrades preserve every recorded byte and reject unrelated edits
2026-10-09T21:43:24.4040856Z ok 5 - Ruby historical verifier upgrades preserve every recorded byte and reject unrelated edits
2026-10-09T21:43:24.4041805Z   ---
2026-10-09T21:43:24.4042596Z   duration_ms: 127.043828
2026-10-09T21:43:24.4043050Z   type: 'test'
2026-10-09T21:43:24.4043777Z   ...
2026-10-09T21:45:16.3691927Z # Subtest: installed Ruby arrays and records preserve values on both source paths
2026-10-09T21:45:16.3694337Z ok 6 - installed Ruby arrays and records preserve values on both source paths
2026-10-09T21:45:16.3714433Z   ---
2026-10-09T21:45:16.3714886Z   duration_ms: 113307.413984
2026-10-09T21:45:16.3715352Z   type: 'test'
2026-10-09T21:45:16.3715705Z   ...
2026-10-09T21:45:16.3716223Z # ordinary-source: compiling Ruby collections
2026-10-09T21:45:16.3717207Z # ordinary-source: offline installation, relocation, independent consumers and failure probes
2026-10-09T21:45:16.3718216Z # ordinary-source: 167545 assertions, 3225 calls, 118 rejections
2026-10-09T21:45:16.3718871Z # reviewed-ir: compiling Ruby collections
2026-10-09T21:45:16.3719745Z # reviewed-ir: offline installation, relocation, independent consumers and failure probes
2026-10-09T21:45:16.3720677Z # reviewed-ir: 167545 assertions, 3225 calls, 118 rejections
2026-10-09T21:45:16.3860332Z 1..6
2026-10-09T21:45:16.3860671Z # tests 6
2026-10-09T21:45:16.3860958Z # suites 0
2026-10-09T21:45:16.3861246Z # pass 6
2026-10-09T21:45:16.3861640Z # fail 0
2026-10-09T21:45:16.3861972Z # cancelled 0
2026-10-09T21:45:16.3862304Z # skipped 0
2026-10-09T21:45:16.3862582Z # todo 0
2026-10-09T21:45:16.3862836Z # duration_ms 113572.800294
2026-10-09T21:45:16.4281768Z TAP version 13
2026-10-09T21:45:19.9578247Z # Subtest: Ruby graph values retain recursive families, keyword fields and alias identities
2026-10-09T21:45:19.9584863Z ok 1 - Ruby graph values retain recursive families, keyword fields and alias identities
2026-10-09T21:45:19.9586757Z   ---
2026-10-09T21:45:19.9587492Z   duration_ms: 176.412324
2026-10-09T21:45:19.9587880Z   type: 'test'
2026-10-09T21:45:19.9588187Z   ...
2026-10-09T21:45:19.9594300Z # Subtest: Ruby graph names reject helper and member collisions before generation
2026-10-09T21:45:19.9595579Z ok 2 - Ruby graph names reject helper and member collisions before generation
2026-10-09T21:45:19.9596355Z   ---
2026-10-09T21:45:19.9597180Z   duration_ms: 500.485522
2026-10-09T21:45:19.9597623Z   type: 'test'
2026-10-09T21:45:19.9597925Z   ...
2026-10-09T21:45:19.9599576Z # Subtest: Ruby shared structural aliases remain finite and do not manufacture constants
2026-10-09T21:45:19.9600573Z ok 3 - Ruby shared structural aliases remain finite and do not manufacture constants
2026-10-09T21:45:19.9624155Z   ---
2026-10-09T21:45:19.9624487Z   duration_ms: 2779.931806
2026-10-09T21:45:19.9624851Z   type: 'test'
2026-10-09T21:45:19.9625153Z   ...
2026-10-09T21:45:22.8322462Z # Subtest: Ruby recursive declarations execute equality, matching and compound value semantics
2026-10-09T21:45:22.8324039Z ok 4 - Ruby recursive declarations execute equality, matching and compound value semantics
2026-10-09T21:45:22.8324859Z   ---
2026-10-09T21:45:22.8325293Z   duration_ms: 2879.34655
2026-10-09T21:45:22.8325782Z   type: 'test'
2026-10-09T21:45:22.8326245Z   ...
2026-10-09T21:45:22.8335646Z # Subtest: Ruby recursive declaration execution remains required in downstream CI
2026-10-09T21:45:22.8336659Z ok 5 - Ruby recursive declaration execution remains required in downstream CI
2026-10-09T21:45:22.8337350Z   ---
2026-10-09T21:45:22.8337699Z   duration_ms: 1.340357
2026-10-09T21:45:22.8338080Z   type: 'test'
2026-10-09T21:45:22.8338406Z   ...
2026-10-09T21:45:22.8452591Z 1..5
2026-10-09T21:45:22.8452940Z # tests 5
2026-10-09T21:45:22.8453252Z # suites 0
2026-10-09T21:45:22.8453882Z # pass 5
2026-10-09T21:45:22.8454169Z # fail 0
2026-10-09T21:45:22.8454449Z # cancelled 0
2026-10-09T21:45:22.8454881Z # skipped 0
2026-10-09T21:45:22.8455266Z # todo 0
2026-10-09T21:45:22.8455680Z # duration_ms 6427.254051
2026-10-09T21:45:22.8856508Z TAP version 13
2026-10-09T21:45:28.9718276Z # Subtest: recorded Ruby conversion evidence binds source and compiled acceptance without claiming gems
2026-10-09T21:45:28.9723774Z ok 1 - recorded Ruby conversion evidence binds source and compiled acceptance without claiming gems
2026-10-09T21:45:28.9725041Z   ---
2026-10-09T21:45:28.9725419Z   duration_ms: 5689.018741
2026-10-09T21:45:28.9725852Z   type: 'test'
2026-10-09T21:45:28.9726215Z   ...
2026-10-09T21:45:28.9727037Z # Subtest: Ruby graph conversions preserve deterministic native storage and validation order
2026-10-09T21:45:28.9728205Z ok 2 - Ruby graph conversions preserve deterministic native storage and validation order
2026-10-09T21:45:28.9728914Z   ---
2026-10-09T21:45:28.9729266Z   duration_ms: 90.654475
2026-10-09T21:45:28.9729702Z   type: 'test'
2026-10-09T21:45:28.9730040Z   ...
2026-10-09T21:45:29.3338811Z # Subtest: Ruby graph conversions match C layouts and clear owned outputs on failure
2026-10-09T21:45:29.3339836Z ok 3 - Ruby graph conversions match C layouts and clear owned outputs on failure
2026-10-09T21:45:29.3340612Z   ---
2026-10-09T21:45:29.3340949Z   duration_ms: 362.790567
2026-10-09T21:45:29.3341310Z   type: 'test'
2026-10-09T21:45:29.3341667Z   ...
2026-10-09T21:50:31.4462549Z # Subtest: ordinary and reviewed Lean graphs execute through Ruby with cleanup and retirement
2026-10-09T21:50:31.4464291Z ok 4 - ordinary and reviewed Lean graphs execute through Ruby with cleanup and retirement
2026-10-09T21:50:31.4465100Z   ---
2026-10-09T21:50:31.4465560Z   duration_ms: 302112.024784
2026-10-09T21:50:31.4466117Z   type: 'test'
2026-10-09T21:50:31.4466547Z   ...
2026-10-09T21:50:31.4469052Z # Subtest: downstream CI requires isolated and compiled Ruby graph conversion checks
2026-10-09T21:50:31.4470210Z ok 5 - downstream CI requires isolated and compiled Ruby graph conversion checks
2026-10-09T21:50:31.4470938Z   ---
2026-10-09T21:50:31.4471339Z   duration_ms: 1.371494
2026-10-09T21:50:31.4471782Z   type: 'test'
2026-10-09T21:50:31.4472180Z   ...
2026-10-09T21:50:31.4804653Z 1..5
2026-10-09T21:50:31.4806157Z # tests 5
2026-10-09T21:50:31.4807077Z # suites 0
2026-10-09T21:50:31.4807506Z # pass 5
2026-10-09T21:50:31.4807829Z # fail 0
2026-10-09T21:50:31.4808186Z # cancelled 0
2026-10-09T21:50:31.4808578Z # skipped 0
2026-10-09T21:50:31.4808900Z # todo 0
2026-10-09T21:50:31.4809280Z # duration_ms 308604.950339
2026-10-09T21:50:31.5243107Z TAP version 13
2026-10-09T21:50:33.1683647Z # Subtest: recursive Ruby packages expose named functions and keep native loading private
2026-10-09T21:50:33.1693829Z ok 1 - recursive Ruby packages expose named functions and keep native loading private
2026-10-09T21:50:33.1695279Z   ---
2026-10-09T21:50:33.1695513Z   duration_ms: 309.654324
2026-10-09T21:50:33.1695759Z   type: 'test'
2026-10-09T21:50:33.1695970Z   ...
2026-10-09T21:50:33.1697286Z # Subtest: recursive Ruby admission validates every selected host and protects library names
2026-10-09T21:50:33.1699239Z ok 2 - recursive Ruby admission validates every selected host and protects library names
2026-10-09T21:50:33.1700499Z   ---
2026-10-09T21:50:33.1700719Z   duration_ms: 930.070058
2026-10-09T21:50:33.1700972Z   type: 'test'
2026-10-09T21:50:33.1701218Z   ...
2026-10-09T22:00:36.4065296Z # Subtest: prepared recursive Ruby gems install offline and run without the producer
2026-10-09T22:00:36.4067500Z ok 3 - prepared recursive Ruby gems install offline and run without the producer
2026-10-09T22:00:36.4068085Z   ---
2026-10-09T22:00:36.4068517Z   duration_ms: 603239.984049
2026-10-09T22:00:36.4068971Z   type: 'test'
2026-10-09T22:00:36.4069331Z   ...
2026-10-09T22:00:36.4069812Z # ordinary: building recursive Ruby-only release
2026-10-09T22:00:36.4070469Z # ordinary: building recursive_peer Ruby-only release
2026-10-09T22:00:36.4071118Z # ordinary: building graph_names Ruby-only release
2026-10-09T22:00:36.4072040Z # Original installed gems: public values, threads, shared loading, held-lock fork and retirement
2026-10-09T22:00:36.4072973Z # reviewed: building recursive Ruby-only release
2026-10-09T22:00:36.4073899Z # reviewed: building recursive_peer Ruby-only release
2026-10-09T22:00:36.4074578Z # reviewed: building graph_names Ruby-only release
2026-10-09T22:00:36.4076031Z # Original installed gems: public values, threads, shared loading, held-lock fork and retirement
2026-10-09T22:00:36.4090501Z # Subtest: downstream CI requires original installed recursive gems and their report
2026-10-09T22:00:36.4091646Z ok 4 - downstream CI requires original installed recursive gems and their report
2026-10-09T22:00:36.4092093Z   ---
2026-10-09T22:00:36.4092340Z   duration_ms: 3.303807
2026-10-09T22:00:36.4092615Z   type: 'test'
2026-10-09T22:00:36.4092857Z   ...
2026-10-09T22:00:58.1844606Z # Subtest: recursive Ruby evidence binds original gems, repeat builds and installed failure cleanup
2026-10-09T22:00:58.1845884Z ok 5 - recursive Ruby evidence binds original gems, repeat builds and installed failure cleanup
2026-10-09T22:00:58.1846591Z   ---
2026-10-09T22:00:58.1846970Z   duration_ms: 21775.87375
2026-10-09T22:00:58.1847406Z   type: 'test'
2026-10-09T22:00:58.1847729Z   ...
2026-10-09T22:00:58.2619040Z 1..5
2026-10-09T22:00:58.2619375Z # tests 5
2026-10-09T22:00:58.2619685Z # suites 0
2026-10-09T22:00:58.2619941Z # pass 5
2026-10-09T22:00:58.2620209Z # fail 0
2026-10-09T22:00:58.2620462Z # cancelled 0
2026-10-09T22:00:58.2620735Z # skipped 0
2026-10-09T22:00:58.2620985Z # todo 0
2026-10-09T22:00:58.2621249Z # duration_ms 626747.749223
2026-10-09T22:00:58.3037326Z TAP version 13
2026-10-09T22:00:59.0825667Z # Subtest: Native consumer CI repair integration authenticates each exact source predecessor
2026-10-09T22:00:59.0830092Z ok 1 - Native consumer CI repair integration authenticates each exact source predecessor
2026-10-09T22:00:59.0830804Z   ---
2026-10-09T22:00:59.0831120Z   duration_ms: 520.243524
2026-10-09T22:00:59.0831468Z   type: 'test'
2026-10-09T22:00:59.0831753Z   ...
2026-10-09T22:00:59.5344549Z # Subtest: Native consumer CI repair source pins do not change observations or other inventory claims
2026-10-09T22:00:59.5345354Z ok 2 - Native consumer CI repair source pins do not change observations or other inventory claims
2026-10-09T22:00:59.5345782Z   ---
2026-10-09T22:00:59.5346039Z   duration_ms: 451.585583
2026-10-09T22:00:59.5346294Z   type: 'test'
2026-10-09T22:00:59.5346510Z   ...
2026-10-09T22:00:59.5377952Z # Subtest: every native profile has a specialization consumer for the same concrete exports
2026-10-09T22:00:59.5391803Z ok 3 - every native profile has a specialization consumer for the same concrete exports
2026-10-09T22:00:59.5392314Z   ---
2026-10-09T22:00:59.5392559Z   duration_ms: 2.823993
2026-10-09T22:00:59.5392826Z   type: 'test'
2026-10-09T22:00:59.5393070Z   ...
2026-10-09T22:00:59.5393833Z # Subtest: native builds admit a generic structure instantiation named by an alias, with its provenance
2026-10-09T22:00:59.5394637Z ok 4 - native builds admit a generic structure instantiation named by an alias, with its provenance # SKIP
2026-10-09T22:00:59.5395105Z   ---
2026-10-09T22:00:59.5395400Z   duration_ms: 0.281536
2026-10-09T22:00:59.5395651Z   type: 'test'
2026-10-09T22:00:59.5395953Z   ...
2026-10-09T22:02:28.3269632Z # Subtest: relocated source-free native packages install concrete specializations without the generic declaration
2026-10-09T22:02:28.3271402Z ok 5 - relocated source-free native packages install concrete specializations without the generic declaration
2026-10-09T22:02:28.3272293Z   ---
2026-10-09T22:02:28.3273891Z   duration_ms: 88789.639921
2026-10-09T22:02:28.3274290Z   type: 'test'
2026-10-09T22:02:28.3274643Z   ...
2026-10-09T22:02:28.3274938Z # build 0: ruby
2026-10-09T22:02:28.3291004Z # installing and checking ruby
2026-10-09T22:02:28.3291424Z # build 1: ruby
2026-10-09T22:02:28.3432778Z 1..5
2026-10-09T22:02:28.3433111Z # tests 5
2026-10-09T22:02:28.3433485Z # suites 0
2026-10-09T22:02:28.3433759Z # pass 4
2026-10-09T22:02:28.3434009Z # fail 0
2026-10-09T22:02:28.3434417Z # cancelled 0
2026-10-09T22:02:28.3434716Z # skipped 1
2026-10-09T22:02:28.3435019Z # todo 0
2026-10-09T22:02:28.3435388Z # duration_ms 90050.45125
2026-10-09T22:02:28.3843670Z TAP version 13
2026-10-09T22:03:59.4379493Z # Subtest: relocated source-free native packages construct and project alias-named generic records
2026-10-09T22:03:59.4388640Z ok 1 - relocated source-free native packages construct and project alias-named generic records
2026-10-09T22:03:59.4389213Z   ---
2026-10-09T22:03:59.4389642Z   duration_ms: 90646.076054
2026-10-09T22:03:59.4390233Z   type: 'test'
2026-10-09T22:03:59.4390617Z   ...
2026-10-09T22:03:59.4390958Z # build 0: ruby
2026-10-09T22:03:59.4396845Z # installing and checking ruby
2026-10-09T22:03:59.4400138Z # build 1: ruby
2026-10-09T22:05:32.0873531Z # Subtest: relocated source-free native packages construct specialized generic records in two namespaces and Option/List aliases
2026-10-09T22:05:32.0878330Z ok 2 - relocated source-free native packages construct specialized generic records in two namespaces and Option/List aliases
2026-10-09T22:05:32.0878857Z   ---
2026-10-09T22:05:32.0879089Z   duration_ms: 92650.552286
2026-10-09T22:05:32.0879337Z   type: 'test'
2026-10-09T22:05:32.0879543Z   ...
2026-10-09T22:05:32.0879746Z # build 0: ruby
2026-10-09T22:05:32.0880041Z # installing and checking ruby
2026-10-09T22:05:32.0880300Z # build 1: ruby
2026-10-09T22:05:32.1031346Z 1..2
2026-10-09T22:05:32.1031676Z # tests 2
2026-10-09T22:05:32.1032059Z # suites 0
2026-10-09T22:05:32.1032321Z # pass 2
2026-10-09T22:05:32.1032551Z # fail 0
2026-10-09T22:05:32.1032928Z # cancelled 0
2026-10-09T22:05:32.1033191Z # skipped 0
2026-10-09T22:05:32.1033663Z # todo 0
2026-10-09T22:05:32.1033888Z # duration_ms 183728.935154
2026-10-09T22:05:32.1460390Z TAP version 13
2026-10-09T22:05:32.5118942Z # Subtest: the Array source is the accepted specialization source with GenericRecordArrays.lean appended
2026-10-09T22:05:32.5131323Z ok 1 - the Array source is the accepted specialization source with GenericRecordArrays.lean appended
2026-10-09T22:05:32.5131868Z   ---
2026-10-09T22:05:32.5132134Z   duration_ms: 7.38987
2026-10-09T22:05:32.5132396Z   type: 'test'
2026-10-09T22:05:32.5132633Z   ...
2026-10-09T22:05:32.5133217Z # Subtest: the Array configuration keeps every specialized export and decision and adds exactly four exports
2026-10-09T22:05:32.5134522Z ok 2 - the Array configuration keeps every specialized export and decision and adds exactly four exports
2026-10-09T22:05:32.5135191Z   ---
2026-10-09T22:05:32.5135566Z   duration_ms: 1.39444
2026-10-09T22:05:32.5135810Z   type: 'test'
2026-10-09T22:05:32.5136016Z   ...
2026-10-09T22:05:32.5377511Z # Subtest: each Array consumer is the pinned specialized consumer with one fragment inserted at its marker
2026-10-09T22:05:32.5382984Z ok 3 - each Array consumer is the pinned specialized consumer with one fragment inserted at its marker
2026-10-09T22:05:32.5383977Z   ---
2026-10-09T22:05:32.5384475Z   duration_ms: 25.494533
2026-10-09T22:05:32.5384732Z   type: 'test'
2026-10-09T22:05:32.5384949Z   ...
2026-10-09T22:05:32.5649361Z # Subtest: the old generic-record consumers stay byte-identical and keep their List, Option and nominal-identity checks
2026-10-09T22:05:32.5651041Z ok 4 - the old generic-record consumers stay byte-identical and keep their List, Option and nominal-identity checks
2026-10-09T22:05:32.5651731Z   ---
2026-10-09T22:05:32.5652057Z   duration_ms: 27.367407
2026-10-09T22:05:32.5652476Z   type: 'test'
2026-10-09T22:05:32.5652852Z   ...
2026-10-09T22:05:32.5658034Z # Subtest: every C Array refusal seeds its output and the rounds refuse a negative member of the real row
2026-10-09T22:05:32.5670948Z ok 5 - every C Array refusal seeds its output and the rounds refuse a negative member of the real row
2026-10-09T22:05:32.5672376Z   ---
2026-10-09T22:05:32.5673395Z   duration_ms: 1.033698
2026-10-09T22:05:32.5674089Z   type: 'test'
2026-10-09T22:05:32.5674716Z   ...
2026-10-09T22:05:32.6127942Z # Subtest: every Perl Array diagnostic is in the plain XS its inlined records render
2026-10-09T22:05:32.6129540Z ok 6 - every Perl Array diagnostic is in the plain XS its inlined records render
2026-10-09T22:05:32.6130651Z   ---
2026-10-09T22:05:32.6131297Z   duration_ms: 42.057871
2026-10-09T22:05:32.6131932Z   type: 'test'
2026-10-09T22:05:32.6132795Z   ...
2026-10-09T22:05:32.6133974Z # Subtest: each profile has its expected case list and an exact check total
2026-10-09T22:05:32.6135249Z ok 7 - each profile has its expected case list and an exact check total
2026-10-09T22:05:32.6136081Z   ---
2026-10-09T22:05:32.6136651Z   duration_ms: 0.496374
2026-10-09T22:05:32.6137266Z   type: 'test'
2026-10-09T22:05:32.6137776Z   ...
2026-10-09T22:05:32.6138686Z # Subtest: Array profile selection accepts only this slice's hosts, each once
2026-10-09T22:05:32.6140313Z ok 8 - Array profile selection accepts only this slice's hosts, each once
2026-10-09T22:05:32.6140810Z   ---
2026-10-09T22:05:32.6141144Z   duration_ms: 2.338315
2026-10-09T22:05:32.6141494Z   type: 'test'
2026-10-09T22:05:32.6141807Z   ...
2026-10-09T22:05:32.6142392Z # Subtest: Array reports are written apart from every ordinary and specialized generic-record report
2026-10-09T22:05:32.6143763Z ok 9 - Array reports are written apart from every ordinary and specialized generic-record report
2026-10-09T22:05:32.6144798Z   ---
2026-10-09T22:05:32.6145111Z   duration_ms: 1.216624
2026-10-09T22:05:32.6145424Z   type: 'test'
2026-10-09T22:05:32.6145684Z   ...
2026-10-09T22:05:32.6267620Z # Subtest: an existing Array report is refused before work and never overwritten
2026-10-09T22:05:32.6269093Z ok 10 - an existing Array report is refused before work and never overwritten
2026-10-09T22:05:32.6269956Z   ---
2026-10-09T22:05:32.6270785Z   duration_ms: 6.905688
2026-10-09T22:05:32.6271241Z   type: 'test'
2026-10-09T22:05:32.6271523Z   ...
2026-10-09T22:05:32.6272447Z # Subtest: the native Array IR assertion is module-qualified and preserves origins, argument order and field types
2026-10-09T22:05:32.6273886Z ok 11 - the native Array IR assertion is module-qualified and preserves origins, argument order and field types
2026-10-09T22:05:32.6274541Z   ---
2026-10-09T22:05:32.6274756Z   duration_ms: 6.455005
2026-10-09T22:05:32.6275004Z   type: 'test'
2026-10-09T22:05:32.6275234Z   ...
2026-10-09T22:07:05.5087122Z # Subtest: relocated source-free native packages carry Array fields and results over alias-named generic records
2026-10-09T22:07:05.5088413Z ok 12 - relocated source-free native packages carry Array fields and results over alias-named generic records
2026-10-09T22:07:05.5089005Z   ---
2026-10-09T22:07:05.5089380Z   duration_ms: 92882.286196
2026-10-09T22:07:05.5089773Z   type: 'test'
2026-10-09T22:07:05.5091905Z   ...
2026-10-09T22:07:05.5092483Z # array build 0: ruby
2026-10-09T22:07:05.5092912Z # installing and checking Arrays in ruby
2026-10-09T22:07:05.5093461Z # array build 1: ruby
2026-10-09T22:07:05.5231398Z 1..12
2026-10-09T22:07:05.5231874Z # tests 12
2026-10-09T22:07:05.5232164Z # suites 0
2026-10-09T22:07:05.5232472Z # pass 12
2026-10-09T22:07:05.5232932Z # fail 0
2026-10-09T22:07:05.5233548Z # cancelled 0
2026-10-09T22:07:05.5233941Z # skipped 0
2026-10-09T22:07:05.5234284Z # todo 0
2026-10-09T22:07:05.5234812Z # duration_ms 93387.630633
2026-10-09T22:07:05.5652206Z TAP version 13
2026-10-09T22:07:05.8467794Z # Subtest: container host dispatch requires every ordered public and raw control
2026-10-09T22:07:05.8472127Z ok 1 - container host dispatch requires every ordered public and raw control
2026-10-09T22:07:05.8472813Z   ---
2026-10-09T22:07:05.8473567Z   duration_ms: 17.032619
2026-10-09T22:07:05.8473989Z   type: 'test'
2026-10-09T22:07:05.8474234Z   ...
2026-10-09T22:07:06.9236377Z # Subtest: container dispatch history authenticates exact predecessors and rejects unknown edits
2026-10-09T22:07:06.9237882Z ok 2 - container dispatch history authenticates exact predecessors and rejects unknown edits
2026-10-09T22:07:06.9238495Z   ---
2026-10-09T22:07:06.9238757Z   duration_ms: 1080.183472
2026-10-09T22:07:06.9239025Z   type: 'test'
2026-10-09T22:07:06.9239342Z   ...
2026-10-09T22:07:07.9040663Z # Subtest: container dispatch adds no support claims or rewritten archived observations
2026-10-09T22:07:07.9042551Z ok 3 - container dispatch adds no support claims or rewritten archived observations
2026-10-09T22:07:07.9043881Z   ---
2026-10-09T22:07:07.9044395Z   duration_ms: 980.523962
2026-10-09T22:07:07.9044839Z   type: 'test'
2026-10-09T22:07:07.9045237Z   ...
2026-10-09T22:07:08.8222591Z # Subtest: Perl Fin archive inspection authenticates each exact source predecessor
2026-10-09T22:07:08.8224220Z ok 4 - Perl Fin archive inspection authenticates each exact source predecessor
2026-10-09T22:07:08.8224914Z   ---
2026-10-09T22:07:08.8225289Z   duration_ms: 917.937716
2026-10-09T22:07:08.8225730Z   type: 'test'
2026-10-09T22:07:08.8226139Z   ...
2026-10-09T22:07:09.7184809Z # Subtest: Perl Fin archive inspection changes current source pins without inventing installed evidence
2026-10-09T22:07:09.7185971Z ok 5 - Perl Fin archive inspection changes current source pins without inventing installed evidence
2026-10-09T22:07:09.7186627Z   ---
2026-10-09T22:07:09.7186852Z   duration_ms: 894.934839
2026-10-09T22:07:09.7187096Z   type: 'test'
2026-10-09T22:07:09.7187370Z   ...
2026-10-09T22:07:10.5960932Z # Subtest: Perl Fin XS audit authenticates each exact source predecessor
2026-10-09T22:07:10.5961842Z ok 6 - Perl Fin XS audit authenticates each exact source predecessor
2026-10-09T22:07:10.5962422Z   ---
2026-10-09T22:07:10.5962720Z   duration_ms: 878.661557
2026-10-09T22:07:10.5963077Z   type: 'test'
2026-10-09T22:07:10.5963544Z   ...
2026-10-09T22:07:11.4655672Z # Subtest: Perl Fin XS audit changes current source pins without inventing installed evidence
2026-10-09T22:07:11.4656610Z ok 7 - Perl Fin XS audit changes current source pins without inventing installed evidence
2026-10-09T22:07:11.4657112Z   ---
2026-10-09T22:07:11.4657360Z   duration_ms: 869.275538
2026-10-09T22:07:11.4657699Z   type: 'test'
2026-10-09T22:07:11.4658075Z   ...
2026-10-09T22:07:11.4866606Z # Subtest: Perl Fin archive inspection works with the compiler-free consumer PATH
2026-10-09T22:07:11.4867523Z ok 8 - Perl Fin archive inspection works with the compiler-free consumer PATH
2026-10-09T22:07:11.4868042Z   ---
2026-10-09T22:07:11.4868574Z   duration_ms: 16.579577
2026-10-09T22:07:11.4869085Z   type: 'test'
2026-10-09T22:07:11.4869442Z   ...
2026-10-09T22:07:11.4870243Z # Subtest: native types admit Fin at top level, inside structural containers and in plain record and variant fields
2026-10-09T22:07:11.4871492Z ok 9 - native types admit Fin at top level, inside structural containers and in plain record and variant fields
2026-10-09T22:07:11.4872051Z   ---
2026-10-09T22:07:11.4872408Z   duration_ms: 2.77304
2026-10-09T22:07:11.4872836Z   type: 'test'
2026-10-09T22:07:11.4873427Z   ...
2026-10-09T22:07:11.4874205Z # Subtest: Lean adapters check container elements with typed construction and keep the scalar form byte for byte
2026-10-09T22:07:11.4875116Z ok 10 - Lean adapters check container elements with typed construction and keep the scalar form byte for byte
2026-10-09T22:07:11.4875607Z   ---
2026-10-09T22:07:11.4875979Z   duration_ms: 2.037829
2026-10-09T22:07:11.4876210Z   type: 'test'
2026-10-09T22:07:11.4876428Z   ...
2026-10-09T22:07:11.4922459Z # Subtest: every native profile has a Fin container consumer
2026-10-09T22:07:11.4923210Z ok 11 - every native profile has a Fin container consumer
2026-10-09T22:07:11.4923815Z   ---
2026-10-09T22:07:11.4924113Z   duration_ms: 1.951695
2026-10-09T22:07:11.4924439Z   type: 'test'
2026-10-09T22:07:11.4924728Z   ...
2026-10-09T22:07:11.4925287Z # Subtest: native builds still reject Fin in callbacks and generic record instantiations, including containers there
2026-10-09T22:07:11.4926410Z ok 12 - native builds still reject Fin in callbacks and generic record instantiations, including containers there # SKIP
2026-10-09T22:07:11.4926896Z   ---
2026-10-09T22:07:11.4927110Z   duration_ms: 0.201993
2026-10-09T22:07:11.4927345Z   type: 'test'
2026-10-09T22:07:11.4927550Z   ...
2026-10-09T22:08:56.1591884Z # Subtest: relocated source-free native packages check Fin inside arrays, lists and options
2026-10-09T22:08:56.1596992Z ok 13 - relocated source-free native packages check Fin inside arrays, lists and options
2026-10-09T22:08:56.1598776Z   ---
2026-10-09T22:08:56.1599708Z   duration_ms: 104669.672871
2026-10-09T22:08:56.1600154Z   type: 'test'
2026-10-09T22:08:56.1600466Z   ...
2026-10-09T22:08:56.1600811Z # build 0: ruby
2026-10-09T22:08:56.1601194Z # installing and checking ruby
2026-10-09T22:08:56.1601582Z # build 1: ruby
2026-10-09T22:10:40.4126952Z # Subtest: independently reviewed native packages check container and alias Fin bounds after source-free installation
2026-10-09T22:10:40.4128388Z ok 14 - independently reviewed native packages check container and alias Fin bounds after source-free installation
2026-10-09T22:10:40.4128967Z   ---
2026-10-09T22:10:40.4129452Z   duration_ms: 104253.913845
2026-10-09T22:10:40.4129840Z   type: 'test'
2026-10-09T22:10:40.4130232Z   ...
2026-10-09T22:10:40.4130573Z # build 0: ruby
2026-10-09T22:10:40.4130985Z # installing and checking ruby
2026-10-09T22:10:40.4131414Z # build 1: ruby
2026-10-09T22:10:40.4308069Z 1..14
2026-10-09T22:10:40.4308446Z # tests 14
2026-10-09T22:10:40.4308720Z # suites 0
2026-10-09T22:10:40.4314147Z # pass 13
2026-10-09T22:10:40.4314437Z # fail 0
2026-10-09T22:10:40.4314742Z # cancelled 0
2026-10-09T22:10:40.4315113Z # skipped 1
2026-10-09T22:10:40.4315344Z # todo 0
2026-10-09T22:10:40.4315600Z # duration_ms 214875.73608
2026-10-09T22:10:40.5092836Z FinContainers entry counters observed for ruby on both routes.
2026-10-09T22:10:40.5487013Z TAP version 13
2026-10-09T22:10:40.8879115Z # Subtest: PHP-safe product name authenticates each exact source predecessor
2026-10-09T22:10:40.8884582Z ok 1 - PHP-safe product name authenticates each exact source predecessor
2026-10-09T22:10:40.8885159Z   ---
2026-10-09T22:10:40.8885485Z   duration_ms: 77.067181
2026-10-09T22:10:40.8885835Z   type: 'test'
2026-10-09T22:10:40.8886133Z   ...
2026-10-09T22:10:41.8045118Z # Subtest: Fin products authenticates each exact source predecessor
2026-10-09T22:10:41.8046063Z ok 2 - Fin products authenticates each exact source predecessor
2026-10-09T22:10:41.8046698Z   ---
2026-10-09T22:10:41.8047102Z   duration_ms: 914.934693
2026-10-09T22:10:41.8047498Z   type: 'test'
2026-10-09T22:10:41.8047843Z   ...
2026-10-09T22:10:43.1278400Z # Subtest: Fin products changes current source pins without inventing installed evidence
2026-10-09T22:10:43.1305007Z ok 3 - Fin products changes current source pins without inventing installed evidence
2026-10-09T22:10:43.1314015Z   ---
2026-10-09T22:10:43.1314344Z   duration_ms: 1324.617237
2026-10-09T22:10:43.1314701Z   type: 'test'
2026-10-09T22:10:43.1314982Z   ...
2026-10-09T22:10:44.0235868Z # Subtest: Fin products CI authenticates each exact source predecessor
2026-10-09T22:10:44.0236996Z ok 4 - Fin products CI authenticates each exact source predecessor
2026-10-09T22:10:44.0237629Z   ---
2026-10-09T22:10:44.0238928Z   duration_ms: 895.893086
2026-10-09T22:10:44.0239346Z   type: 'test'
2026-10-09T22:10:44.0239670Z   ...
2026-10-09T22:10:45.5992692Z # Subtest: Fin products CI changes current source pins without inventing installed evidence
2026-10-09T22:10:45.5994001Z ok 5 - Fin products CI changes current source pins without inventing installed evidence
2026-10-09T22:10:45.5994622Z   ---
2026-10-09T22:10:45.5994869Z   duration_ms: 1575.402481
2026-10-09T22:10:45.5995128Z   type: 'test'
2026-10-09T22:10:45.5995359Z   ...
2026-10-09T22:10:46.5445856Z # Subtest: Fin products floors authenticates each exact source predecessor
2026-10-09T22:10:46.5446788Z ok 6 - Fin products floors authenticates each exact source predecessor
2026-10-09T22:10:46.5447326Z   ---
2026-10-09T22:10:46.5447640Z   duration_ms: 945.387782
2026-10-09T22:10:46.5447997Z   type: 'test'
2026-10-09T22:10:46.5448296Z   ...
2026-10-09T22:10:48.1125759Z # Subtest: Fin products floors changes current source pins without inventing installed evidence
2026-10-09T22:10:48.1127197Z ok 7 - Fin products floors changes current source pins without inventing installed evidence
2026-10-09T22:10:48.1127833Z   ---
2026-10-09T22:10:48.1128216Z   duration_ms: 1567.811755
2026-10-09T22:10:48.1129529Z   type: 'test'
2026-10-09T22:10:48.1130773Z   ...
2026-10-09T22:10:48.1191393Z # Subtest: Array dispatch archives retain exact installed packages and ten measured C rows
2026-10-09T22:10:48.1192578Z ok 8 - Array dispatch archives retain exact installed packages and ten measured C rows
2026-10-09T22:10:48.1193229Z   ---
2026-10-09T22:10:48.1193752Z   duration_ms: 6.774329
2026-10-09T22:10:48.1194178Z   type: 'test'
2026-10-09T22:10:48.1194530Z   ...
2026-10-09T22:10:48.1252695Z # Subtest: Array dispatch evidence refuses missing positions, false counters and inherited C++ dispatch
2026-10-09T22:10:48.1254111Z ok 9 - Array dispatch evidence refuses missing positions, false counters and inherited C++ dispatch
2026-10-09T22:10:48.1258668Z   ---
2026-10-09T22:10:48.1259107Z   duration_ms: 5.870309
2026-10-09T22:10:48.1259374Z   type: 'test'
2026-10-09T22:10:48.1259599Z   ...
2026-10-09T22:10:48.1301355Z # Subtest: Array product archives retain exact installed C/C++ results and unmeasured dispatch
2026-10-09T22:10:48.1302609Z ok 10 - Array product archives retain exact installed C/C++ results and unmeasured dispatch
2026-10-09T22:10:48.1303069Z   ---
2026-10-09T22:10:48.1303541Z   duration_ms: 4.798314
2026-10-09T22:10:48.1303956Z   type: 'test'
2026-10-09T22:10:48.1304202Z   ...
2026-10-09T22:10:48.1312949Z # Subtest: the product follow-up preserves all five fresh-Lean refusal results
2026-10-09T22:10:48.1314102Z ok 11 - the product follow-up preserves all five fresh-Lean refusal results
2026-10-09T22:10:48.1314672Z   ---
2026-10-09T22:10:48.1315028Z   duration_ms: 1.317671
2026-10-09T22:10:48.1315413Z   type: 'test'
2026-10-09T22:10:48.1315735Z   ...
2026-10-09T22:10:48.1405122Z # Subtest: C/C++ product archives bind both source paths to exact bounds and measured dispatch
2026-10-09T22:10:48.1406520Z ok 12 - C/C++ product archives bind both source paths to exact bounds and measured dispatch
2026-10-09T22:10:48.1407104Z   ---
2026-10-09T22:10:48.1407342Z   duration_ms: 9.213095
2026-10-09T22:10:48.1407707Z   type: 'test'
2026-10-09T22:10:48.1407919Z   ...
2026-10-09T22:10:48.1496856Z # Subtest: PHP-safe product names preserve every original bound and independently reviewed site
2026-10-09T22:10:48.1498024Z ok 13 - PHP-safe product names preserve every original bound and independently reviewed site
2026-10-09T22:10:48.1498611Z   ---
2026-10-09T22:10:48.1499257Z   duration_ms: 9.136521
2026-10-09T22:10:48.1499548Z   type: 'test'
2026-10-09T22:10:48.1499768Z   ...
2026-10-09T22:10:48.2456893Z # Subtest: product logs retain the failed baseline review and the corrected run with four mismatches
2026-10-09T22:10:48.2458755Z ok 14 - product logs retain the failed baseline review and the corrected run with four mismatches
2026-10-09T22:10:48.2459744Z   ---
2026-10-09T22:10:48.2460660Z   duration_ms: 1.858639
2026-10-09T22:10:48.2461178Z   type: 'test'
2026-10-09T22:10:48.2461562Z   ...
2026-10-09T22:10:48.2462427Z # Subtest: native refinement trees keep both product components and both Except branches
2026-10-09T22:10:48.2463881Z ok 15 - native refinement trees keep both product components and both Except branches
2026-10-09T22:10:48.2464613Z   ---
2026-10-09T22:10:48.2464973Z   duration_ms: 26.153808
2026-10-09T22:10:48.2465433Z   type: 'test'
2026-10-09T22:10:48.2465852Z   ...
2026-10-09T22:10:48.2466637Z # Subtest: documentation paths name product components and the active Except branch
2026-10-09T22:10:48.2467791Z ok 16 - documentation paths name product components and the active Except branch
2026-10-09T22:10:48.2468486Z   ---
2026-10-09T22:10:48.2468827Z   duration_ms: 3.04181
2026-10-09T22:10:48.2469197Z   type: 'test'
2026-10-09T22:10:48.2469513Z   ...
2026-10-09T22:10:48.2470341Z # Subtest: the independent product review passes reviewed admission and states every compiled bound
2026-10-09T22:10:48.2471640Z ok 17 - the independent product review passes reviewed admission and states every compiled bound
2026-10-09T22:10:48.2472357Z   ---
2026-10-09T22:10:48.2472693Z   duration_ms: 14.958498
2026-10-09T22:10:48.2473775Z   type: 'test'
2026-10-09T22:10:48.2474129Z   ...
2026-10-09T22:10:48.2474981Z # Subtest: generated host documentation lists product and Except bound paths
2026-10-09T22:10:48.2476069Z ok 18 - generated host documentation lists product and Except bound paths
2026-10-09T22:10:48.2476729Z   ---
2026-10-09T22:10:48.2477066Z   duration_ms: 13.982994
2026-10-09T22:10:48.2477449Z   type: 'test'
2026-10-09T22:10:48.2477783Z   ...
2026-10-09T22:10:48.2478560Z # Subtest: the installed WIT patterns match the WIT generated from the fixture's compiler model
2026-10-09T22:10:48.2479679Z ok 19 - the installed WIT patterns match the WIT generated from the fixture's compiler model
2026-10-09T22:10:48.2480248Z   ---
2026-10-09T22:10:48.2480519Z   duration_ms: 18.954076
2026-10-09T22:10:48.2480851Z   type: 'test'
2026-10-09T22:10:48.2481148Z   ...
2026-10-09T22:10:48.2481848Z # Subtest: C adapters compare both components and only the active branch on caller limbs before Lean runs
2026-10-09T22:10:48.2482899Z ok 20 - C adapters compare both components and only the active branch on caller limbs before Lean runs
2026-10-09T22:10:48.2483707Z   ---
2026-10-09T22:10:48.2484003Z   duration_ms: 5.089189
2026-10-09T22:10:48.2484315Z   type: 'test'
2026-10-09T22:10:48.2484586Z   ...
2026-10-09T22:10:48.2485361Z # Subtest: Lean adapters construct every Fin of both components and the active branch before one source call
2026-10-09T22:10:48.2486427Z ok 21 - Lean adapters construct every Fin of both components and the active branch before one source call
2026-10-09T22:10:48.2487120Z   ---
2026-10-09T22:10:48.2487419Z   duration_ms: 3.680392
2026-10-09T22:10:48.2487757Z   type: 'test'
2026-10-09T22:10:48.2488011Z   ...
2026-10-09T22:10:48.2488660Z # Subtest: Perl XS walks both components and the active branch, naming each path
2026-10-09T22:10:48.2489557Z ok 22 - Perl XS walks both components and the active branch, naming each path
2026-10-09T22:10:48.2490143Z   ---
2026-10-09T22:10:48.2490432Z   duration_ms: 3.590618
2026-10-09T22:10:48.2490802Z   type: 'test'
2026-10-09T22:10:48.2491103Z   ...
2026-10-09T22:10:48.2491734Z # Subtest: reviewed product and Except bounds must equal the freshly compiled tree
2026-10-09T22:10:48.2492674Z ok 23 - reviewed product and Except bounds must equal the freshly compiled tree
2026-10-09T22:10:48.2493230Z   ---
2026-10-09T22:10:48.2493666Z   duration_ms: 4.042195
2026-10-09T22:10:48.2494004Z   type: 'test'
2026-10-09T22:10:48.2494306Z   ...
2026-10-09T22:10:48.2497079Z # Subtest: every native profile has a Fin product consumer and a target
2026-10-09T22:10:48.2497937Z ok 24 - every native profile has a Fin product consumer and a target
2026-10-09T22:10:48.2498445Z   ---
2026-10-09T22:10:48.2498738Z   duration_ms: 2.518043
2026-10-09T22:10:48.2499215Z   type: 'test'
2026-10-09T22:10:48.2499466Z   ...
2026-10-09T22:12:19.4579354Z # Subtest: relocated source-free native packages check Fin inside products and the active Except branch
2026-10-09T22:12:19.4581306Z ok 25 - relocated source-free native packages check Fin inside products and the active Except branch
2026-10-09T22:12:19.4581961Z   ---
2026-10-09T22:12:19.4582227Z   duration_ms: 91208.386672
2026-10-09T22:12:19.4582512Z   type: 'test'
2026-10-09T22:12:19.4582759Z   ...
2026-10-09T22:12:19.4582989Z # build 0: ruby
2026-10-09T22:12:19.4583433Z # installing and checking ruby
2026-10-09T22:12:19.4583819Z # build 1: ruby
2026-10-09T22:13:50.6496513Z # Subtest: independently reviewed native packages check product and Except bounds after source-free installation
2026-10-09T22:13:50.6498269Z ok 26 - independently reviewed native packages check product and Except bounds after source-free installation
2026-10-09T22:13:50.6499178Z   ---
2026-10-09T22:13:50.6499600Z   duration_ms: 91192.728734
2026-10-09T22:13:50.6500085Z   type: 'test'
2026-10-09T22:13:50.6500460Z   ...
2026-10-09T22:13:50.6500813Z # build 0: ruby
2026-10-09T22:13:50.6501231Z # installing and checking ruby
2026-10-09T22:13:50.6501667Z # build 1: ruby
2026-10-09T22:13:50.6502893Z # Subtest: the independent product review passes reviewed admission, and changed bounds are refused against fresh Lean
2026-10-09T22:13:50.6504318Z ok 27 - the independent product review passes reviewed admission, and changed bounds are refused against fresh Lean # SKIP
2026-10-09T22:13:50.6504997Z   ---
2026-10-09T22:13:50.6505215Z   duration_ms: 0.168569
2026-10-09T22:13:50.6505466Z   type: 'test'
2026-10-09T22:13:50.6505688Z   ...
2026-10-09T22:13:50.6663003Z 1..27
2026-10-09T22:13:50.6663545Z # tests 27
2026-10-09T22:13:50.6663899Z # suites 0
2026-10-09T22:13:50.6664226Z # pass 26
2026-10-09T22:13:50.6664548Z # fail 0
2026-10-09T22:13:50.6664848Z # cancelled 0
2026-10-09T22:13:50.6665201Z # skipped 1
2026-10-09T22:13:50.6665516Z # todo 0
2026-10-09T22:13:50.6665895Z # duration_ms 190127.805745
2026-10-09T22:13:50.7072553Z TAP version 13
2026-10-09T22:13:51.8743117Z # Subtest: Fin product arrays authenticates each exact source predecessor
2026-10-09T22:13:51.8747873Z ok 1 - Fin product arrays authenticates each exact source predecessor
2026-10-09T22:13:51.8748560Z   ---
2026-10-09T22:13:51.8748962Z   duration_ms: 909.988677
2026-10-09T22:13:51.8749368Z   type: 'test'
2026-10-09T22:13:51.8749706Z   ...
2026-10-09T22:13:53.5909675Z # Subtest: Fin product arrays changes current source pins without inventing installed evidence
2026-10-09T22:13:53.5911196Z ok 2 - Fin product arrays changes current source pins without inventing installed evidence
2026-10-09T22:13:53.5912075Z   ---
2026-10-09T22:13:53.5912580Z   duration_ms: 1643.077281
2026-10-09T22:13:53.5913127Z   type: 'test'
2026-10-09T22:13:53.5913740Z   ...
2026-10-09T22:13:53.5914698Z # Subtest: an array directly over a product keeps the component bound and only the error-branch bound
2026-10-09T22:13:53.5916056Z ok 3 - an array directly over a product keeps the component bound and only the error-branch bound
2026-10-09T22:13:53.5916838Z   ---
2026-10-09T22:13:53.5917491Z   duration_ms: 36.51862
2026-10-09T22:13:53.5918017Z   type: 'test'
2026-10-09T22:13:53.5918782Z   ...
2026-10-09T22:13:53.5920965Z # Subtest: C adapters compare every element's component and active error branch on caller limbs before Lean runs
2026-10-09T22:13:53.5922400Z ok 4 - C adapters compare every element's component and active error branch on caller limbs before Lean runs
2026-10-09T22:13:53.5923488Z   ---
2026-10-09T22:13:53.5923997Z   duration_ms: 9.12514
2026-10-09T22:13:53.5924483Z   type: 'test'
2026-10-09T22:13:53.5924932Z   ...
2026-10-09T22:13:53.5925723Z # Subtest: Lean adapters construct Fin for every element before one source call
2026-10-09T22:13:53.5926810Z ok 5 - Lean adapters construct Fin for every element before one source call
2026-10-09T22:13:53.5927577Z   ---
2026-10-09T22:13:53.5928028Z   duration_ms: 8.951348
2026-10-09T22:13:53.5928518Z   type: 'test'
2026-10-09T22:13:53.5928972Z   ...
2026-10-09T22:13:53.5929763Z # Subtest: Perl XS names the element index, the component and the active branch
2026-10-09T22:13:53.5930804Z ok 6 - Perl XS names the element index, the component and the active branch
2026-10-09T22:13:53.5931558Z   ---
2026-10-09T22:13:53.5932026Z   duration_ms: 7.899265
2026-10-09T22:13:53.5932533Z   type: 'test'
2026-10-09T22:13:53.5932932Z   ...
2026-10-09T22:13:53.5933912Z # Subtest: the independent array review passes reviewed admission and equals the compiled trees
2026-10-09T22:13:53.5935045Z ok 7 - the independent array review passes reviewed admission and equals the compiled trees
2026-10-09T22:13:53.5935749Z   ---
2026-10-09T22:13:53.5936141Z   duration_ms: 3.499637
2026-10-09T22:13:53.5936599Z   type: 'test'
2026-10-09T22:13:53.5937010Z   ...
2026-10-09T22:13:53.5937737Z # Subtest: reviewed array bounds and positions must equal the freshly compiled tree
2026-10-09T22:13:53.5938815Z ok 8 - reviewed array bounds and positions must equal the freshly compiled tree
2026-10-09T22:13:53.5939523Z   ---
2026-10-09T22:13:53.5939933Z   duration_ms: 7.347457
2026-10-09T22:13:53.5940386Z   type: 'test'
2026-10-09T22:13:53.5940784Z   ...
2026-10-09T22:13:53.5950741Z # Subtest: every native profile has a Fin product array consumer and a target
2026-10-09T22:13:53.5951797Z ok 9 - every native profile has a Fin product array consumer and a target
2026-10-09T22:13:53.5952262Z   ---
2026-10-09T22:13:53.5952549Z   duration_ms: 3.718368
2026-10-09T22:13:53.5952857Z   type: 'test'
2026-10-09T22:13:53.5953143Z   ...
2026-10-09T22:13:53.8283097Z # Subtest: the C consumer passes a faithful stand-in and fails one that rewrites the rejected leaf
2026-10-09T22:13:53.8284511Z ok 10 - the C consumer passes a faithful stand-in and fails one that rewrites the rejected leaf
2026-10-09T22:13:53.8285220Z   ---
2026-10-09T22:13:53.8285534Z   duration_ms: 232.512147
2026-10-09T22:13:53.8285899Z   type: 'test'
2026-10-09T22:13:53.8286223Z   ...
2026-10-09T22:15:23.6868272Z # Subtest: relocated source-free native packages check Fin inside every element of an array of products
2026-10-09T22:15:23.6870013Z ok 11 - relocated source-free native packages check Fin inside every element of an array of products
2026-10-09T22:15:23.6870953Z   ---
2026-10-09T22:15:23.6871840Z   duration_ms: 89858.710971
2026-10-09T22:15:23.6872313Z   type: 'test'
2026-10-09T22:15:23.6872640Z   ...
2026-10-09T22:15:23.6872929Z # build 0: ruby
2026-10-09T22:15:23.6873958Z # installing and checking ruby
2026-10-09T22:15:23.6874422Z # build 1: ruby
2026-10-09T22:16:54.3957231Z # Subtest: independently reviewed native packages check array-of-product bounds after source-free installation
2026-10-09T22:16:54.3958795Z ok 12 - independently reviewed native packages check array-of-product bounds after source-free installation
2026-10-09T22:16:54.3959676Z   ---
2026-10-09T22:16:54.3960117Z   duration_ms: 90709.344587
2026-10-09T22:16:54.3960602Z   type: 'test'
2026-10-09T22:16:54.3960993Z   ...
2026-10-09T22:16:54.3961257Z # build 0: ruby
2026-10-09T22:16:54.3971964Z # installing and checking ruby
2026-10-09T22:16:54.3977390Z # build 1: ruby
2026-10-09T22:16:54.3978249Z # Subtest: changed array-of-product reviews are refused against fresh Lean before any output
2026-10-09T22:16:54.3979387Z ok 13 - changed array-of-product reviews are refused against fresh Lean before any output # SKIP
2026-10-09T22:16:54.3980038Z   ---
2026-10-09T22:16:54.3980326Z   duration_ms: 0.171619
2026-10-09T22:16:54.3980671Z   type: 'test'
2026-10-09T22:16:54.3980960Z   ...
2026-10-09T22:16:54.4136101Z 1..13
2026-10-09T22:16:54.4136470Z # tests 13
2026-10-09T22:16:54.4136774Z # suites 0
2026-10-09T22:16:54.4137063Z # pass 12
2026-10-09T22:16:54.4137348Z # fail 0
2026-10-09T22:16:54.4137641Z # cancelled 0
2026-10-09T22:16:54.4137961Z # skipped 1
2026-10-09T22:16:54.4138248Z # todo 0
2026-10-09T22:16:54.4138661Z # duration_ms 183716.516592
2026-10-09T22:16:54.4572765Z TAP version 13
2026-10-09T22:16:55.7632782Z # Subtest: Native Fin records authenticates each exact source predecessor
2026-10-09T22:16:55.7638352Z ok 1 - Native Fin records authenticates each exact source predecessor
2026-10-09T22:16:55.7638927Z   ---
2026-10-09T22:16:55.7639225Z   duration_ms: 937.201733
2026-10-09T22:16:55.7639614Z   type: 'test'
2026-10-09T22:16:55.7639911Z   ...
2026-10-09T22:16:57.7919905Z # Subtest: Native Fin records changes current source pins without inventing installed evidence
2026-10-09T22:16:57.7921157Z ok 2 - Native Fin records changes current source pins without inventing installed evidence
2026-10-09T22:16:57.7921725Z   ---
2026-10-09T22:16:57.7921962Z   duration_ms: 2028.715534
2026-10-09T22:16:57.7922234Z   type: 'test'
2026-10-09T22:16:57.7922457Z   ...
2026-10-09T22:16:58.6137444Z # Subtest: native Fin promotion authenticates each exact source predecessor
2026-10-09T22:16:58.6138421Z ok 3 - native Fin promotion authenticates each exact source predecessor
2026-10-09T22:16:58.6139064Z   ---
2026-10-09T22:16:58.6139302Z   duration_ms: 821.533692
2026-10-09T22:16:58.6139554Z   type: 'test'
2026-10-09T22:16:58.6139788Z   ...
2026-10-09T22:16:58.6329694Z # Subtest: PHP-safe product name authenticates each exact source predecessor
2026-10-09T22:16:58.6330691Z ok 4 - PHP-safe product name authenticates each exact source predecessor
2026-10-09T22:16:58.6331650Z   ---
2026-10-09T22:16:58.6331875Z   duration_ms: 19.406234
2026-10-09T22:16:58.6332116Z   type: 'test'
2026-10-09T22:16:58.6332328Z   ...
2026-10-09T22:16:59.2638419Z # Subtest: Fin record WIT formatting authenticates each exact source predecessor
2026-10-09T22:16:59.2639339Z ok 5 - Fin record WIT formatting authenticates each exact source predecessor
2026-10-09T22:16:59.2639841Z   ---
2026-10-09T22:16:59.2640128Z   duration_ms: 630.665437
2026-10-09T22:16:59.2640474Z   type: 'test'
2026-10-09T22:16:59.2640792Z   ...
2026-10-09T22:16:59.2734704Z # Subtest: WIT record evidence archive authenticates each exact source predecessor
2026-10-09T22:16:59.2737199Z ok 6 - WIT record evidence archive authenticates each exact source predecessor
2026-10-09T22:16:59.2737672Z   ---
2026-10-09T22:16:59.2737889Z   duration_ms: 9.544508
2026-10-09T22:16:59.2738180Z   type: 'test'
2026-10-09T22:16:59.2738450Z   ...
2026-10-09T22:16:59.2816083Z # Subtest: record archives bind the expanded frozen fixture, original packages and C dispatch
2026-10-09T22:16:59.2817107Z ok 7 - record archives bind the expanded frozen fixture, original packages and C dispatch
2026-10-09T22:16:59.2817748Z   ---
2026-10-09T22:16:59.2817958Z   duration_ms: 8.368127
2026-10-09T22:16:59.2818196Z   type: 'test'
2026-10-09T22:16:59.2818439Z   ...
2026-10-09T22:16:59.2946147Z # Subtest: record evidence refuses lost compositions, false counters and inherited C++ dispatch
2026-10-09T22:16:59.2947016Z ok 8 - record evidence refuses lost compositions, false counters and inherited C++ dispatch
2026-10-09T22:16:59.2947491Z   ---
2026-10-09T22:16:59.2947750Z   duration_ms: 11.871921
2026-10-09T22:16:59.2948028Z   type: 'test'
2026-10-09T22:16:59.2948273Z   ...
2026-10-09T22:16:59.2991564Z # Subtest: Array dispatch archives retain exact installed packages and ten measured C rows
2026-10-09T22:16:59.2992668Z ok 9 - Array dispatch archives retain exact installed packages and ten measured C rows
2026-10-09T22:16:59.2993518Z   ---
2026-10-09T22:16:59.2993850Z   duration_ms: 5.342335
2026-10-09T22:16:59.2994200Z   type: 'test'
2026-10-09T22:16:59.2994503Z   ...
2026-10-09T22:16:59.3027362Z # Subtest: Array dispatch evidence refuses missing positions, false counters and inherited C++ dispatch
2026-10-09T22:16:59.3028895Z ok 10 - Array dispatch evidence refuses missing positions, false counters and inherited C++ dispatch
2026-10-09T22:16:59.3029855Z   ---
2026-10-09T22:16:59.3030651Z   duration_ms: 3.687148
2026-10-09T22:16:59.3030968Z   type: 'test'
2026-10-09T22:16:59.3031185Z   ...
2026-10-09T22:16:59.3057169Z # Subtest: Array product archives retain exact installed C/C++ results and unmeasured dispatch
2026-10-09T22:16:59.3058508Z ok 11 - Array product archives retain exact installed C/C++ results and unmeasured dispatch
2026-10-09T22:16:59.3059242Z   ---
2026-10-09T22:16:59.3059880Z   duration_ms: 2.913048
2026-10-09T22:16:59.3060284Z   type: 'test'
2026-10-09T22:16:59.3060592Z   ...
2026-10-09T22:16:59.3070716Z # Subtest: the product follow-up preserves all five fresh-Lean refusal results
2026-10-09T22:16:59.3071793Z ok 12 - the product follow-up preserves all five fresh-Lean refusal results
2026-10-09T22:16:59.3072387Z   ---
2026-10-09T22:16:59.3072658Z   duration_ms: 1.170812
2026-10-09T22:16:59.3072943Z   type: 'test'
2026-10-09T22:16:59.3073163Z   ...
2026-10-09T22:16:59.3116410Z # Subtest: C/C++ product archives bind both source paths to exact bounds and measured dispatch
2026-10-09T22:16:59.3117631Z ok 13 - C/C++ product archives bind both source paths to exact bounds and measured dispatch
2026-10-09T22:16:59.3118268Z   ---
2026-10-09T22:16:59.3118598Z   duration_ms: 4.760553
2026-10-09T22:16:59.3118841Z   type: 'test'
2026-10-09T22:16:59.3119052Z   ...
2026-10-09T22:16:59.3207361Z # Subtest: PHP-safe product names preserve every original bound and independently reviewed site
2026-10-09T22:16:59.3208841Z ok 14 - PHP-safe product names preserve every original bound and independently reviewed site
2026-10-09T22:16:59.3210211Z   ---
2026-10-09T22:16:59.3210864Z   duration_ms: 9.124849
2026-10-09T22:16:59.3211386Z   type: 'test'
2026-10-09T22:16:59.3211836Z   ...
2026-10-09T22:16:59.3222133Z # Subtest: product logs retain the failed baseline review and the corrected run with four mismatches
2026-10-09T22:16:59.3223506Z ok 15 - product logs retain the failed baseline review and the corrected run with four mismatches
2026-10-09T22:16:59.3224188Z   ---
2026-10-09T22:16:59.3224474Z   duration_ms: 1.374596
2026-10-09T22:16:59.3224793Z   type: 'test'
2026-10-09T22:16:59.3225052Z   ...
2026-10-09T22:17:03.5425463Z # Subtest: native Fin promotion retains all eight original reports and artifact identities
2026-10-09T22:17:03.5426887Z ok 16 - native Fin promotion retains all eight original reports and artifact identities
2026-10-09T22:17:03.5427399Z   ---
2026-10-09T22:17:03.5427708Z   duration_ms: 4219.606443
2026-10-09T22:17:03.5428031Z   type: 'test'
2026-10-09T22:17:03.5428265Z   ...
2026-10-09T22:17:08.1102006Z # Subtest: native Fin promotion changes four field cells and supplements eight structural cells only
2026-10-09T22:17:08.1103245Z ok 17 - native Fin promotion changes four field cells and supplements eight structural cells only
2026-10-09T22:17:08.1104075Z   ---
2026-10-09T22:17:08.1104420Z   duration_ms: 4515.252494
2026-10-09T22:17:08.1104818Z   type: 'test'
2026-10-09T22:17:08.1105141Z   ...
2026-10-09T22:17:08.1105853Z # Subtest: Fin record WIT assertions accept compact and multiline trailing-comma layouts
2026-10-09T22:17:08.1106972Z ok 18 - Fin record WIT assertions accept compact and multiline trailing-comma layouts
2026-10-09T22:17:08.1107568Z   ---
2026-10-09T22:17:08.1107889Z   duration_ms: 51.980438
2026-10-09T22:17:08.1108291Z   type: 'test'
2026-10-09T22:17:08.1108621Z   ...
2026-10-09T22:17:08.1109277Z # Subtest: actual wasm-tools Fin record round trip preserves strict signature assertions
2026-10-09T22:17:08.1110689Z ok 19 - actual wasm-tools Fin record round trip preserves strict signature assertions # SKIP
2026-10-09T22:17:08.1111573Z   ---
2026-10-09T22:17:08.1111983Z   duration_ms: 0.542856
2026-10-09T22:17:08.1112466Z   type: 'test'
2026-10-09T22:17:08.1112861Z   ...
2026-10-09T22:17:08.1227054Z # Subtest: WIT record evidence authenticates both source routes, exact fixture trees and seven original artifacts
2026-10-09T22:17:08.1228355Z ok 20 - WIT record evidence authenticates both source routes, exact fixture trees and seven original artifacts
2026-10-09T22:17:08.1229134Z   ---
2026-10-09T22:17:08.1229544Z   duration_ms: 12.606208
2026-10-09T22:17:08.1230013Z   type: 'test'
2026-10-09T22:17:08.1230428Z   ...
2026-10-09T22:17:08.1296575Z # Subtest: WIT record execution retains measured tools and separates failed hosted acceptance
2026-10-09T22:17:08.1298085Z ok 21 - WIT record execution retains measured tools and separates failed hosted acceptance
2026-10-09T22:17:08.1299150Z   ---
2026-10-09T22:17:08.1299690Z   duration_ms: 6.941771
2026-10-09T22:17:08.1300209Z   type: 'test'
2026-10-09T22:17:08.1300909Z   ...
2026-10-09T22:17:08.1694434Z # Subtest: WIT record report checks reject changed bounds, provenance, isolation and invented dispatch
2026-10-09T22:17:08.1695654Z ok 22 - WIT record report checks reject changed bounds, provenance, isolation and invented dispatch
2026-10-09T22:17:08.1696222Z   ---
2026-10-09T22:17:08.1697000Z   duration_ms: 39.581106
2026-10-09T22:17:08.1697405Z   type: 'test'
2026-10-09T22:17:08.1697693Z   ...
2026-10-09T22:17:08.3125373Z # Subtest: WIT execution validation rejects missing, skipped, cancelled or misidentified runs
2026-10-09T22:17:08.3127106Z ok 23 - WIT execution validation rejects missing, skipped, cancelled or misidentified runs
2026-10-09T22:17:08.3164168Z   ---
2026-10-09T22:17:08.3193965Z   duration_ms: 6.467183
2026-10-09T22:17:08.3194542Z   type: 'test'
2026-10-09T22:17:08.3223980Z   ...
2026-10-09T22:17:08.3236532Z # Subtest: record and variant fields carry their bounds in site trees and per-definition Binding IR
2026-10-09T22:17:08.3238344Z ok 24 - record and variant fields carry their bounds in site trees and per-definition Binding IR
2026-10-09T22:17:08.3239122Z   ---
2026-10-09T22:17:08.3239540Z   duration_ms: 26.766479
2026-10-09T22:17:08.3240002Z   type: 'test'
2026-10-09T22:17:08.3240384Z   ...
2026-10-09T22:17:08.3241260Z # Subtest: C adapters check record fields and only the active variant case on caller limbs before Lean runs
2026-10-09T22:17:08.3242495Z ok 25 - C adapters check record fields and only the active variant case on caller limbs before Lean runs
2026-10-09T22:17:08.3243235Z   ---
2026-10-09T22:17:08.3243851Z   duration_ms: 15.082433
2026-10-09T22:17:08.3244230Z   type: 'test'
2026-10-09T22:17:08.3244527Z   ...
2026-10-09T22:17:08.3245563Z # Subtest: Lean adapters pass refined records and variants as erased mirrors checked once before one source call
2026-10-09T22:17:08.3247038Z ok 26 - Lean adapters pass refined records and variants as erased mirrors checked once before one source call
2026-10-09T22:17:08.3247916Z   ---
2026-10-09T22:17:08.3248330Z   duration_ms: 15.38049
2026-10-09T22:17:08.3248806Z   type: 'test'
2026-10-09T22:17:08.3249232Z   ...
2026-10-09T22:17:08.3249949Z # Subtest: records and variants without bounds keep their helpers byte for byte
2026-10-09T22:17:08.3250854Z ok 27 - records and variants without bounds keep their helpers byte for byte
2026-10-09T22:17:08.3251514Z   ---
2026-10-09T22:17:08.3251908Z   duration_ms: 1.564049
2026-10-09T22:17:08.3252348Z   type: 'test'
2026-10-09T22:17:08.3252746Z   ...
2026-10-09T22:17:08.3253533Z # Subtest: Perl XS walks record fields and the active case, naming each path
2026-10-09T22:17:08.3254492Z ok 28 - Perl XS walks record fields and the active case, naming each path
2026-10-09T22:17:08.3255137Z   ---
2026-10-09T22:17:08.3255534Z   duration_ms: 14.870722
2026-10-09T22:17:08.3255994Z   type: 'test'
2026-10-09T22:17:08.3256395Z   ...
2026-10-09T22:17:08.3257233Z # Subtest: hosts reading only the Binding IR document record and variant bounds from their definitions
2026-10-09T22:17:08.3258522Z ok 29 - hosts reading only the Binding IR document record and variant bounds from their definitions
2026-10-09T22:17:08.3259309Z   ---
2026-10-09T22:17:08.3259724Z   duration_ms: 18.977772
2026-10-09T22:17:08.3260177Z   type: 'test'
2026-10-09T22:17:08.3260456Z   ...
2026-10-09T22:17:08.3261200Z # Subtest: the independent record review passes reviewed admission and equals the compiled contract
2026-10-09T22:17:08.3262291Z ok 30 - the independent record review passes reviewed admission and equals the compiled contract
2026-10-09T22:17:08.3262938Z   ---
2026-10-09T22:17:08.3263207Z   duration_ms: 14.674703
2026-10-09T22:17:08.3263679Z   type: 'test'
2026-10-09T22:17:08.3263896Z   ...
2026-10-09T22:17:08.3264368Z # Subtest: reviewed record and variant field bounds must equal the freshly compiled definitions
2026-10-09T22:17:08.3265052Z ok 31 - reviewed record and variant field bounds must equal the freshly compiled definitions
2026-10-09T22:17:08.3265469Z   ---
2026-10-09T22:17:08.3265692Z   duration_ms: 22.419172
2026-10-09T22:17:08.3265932Z   type: 'test'
2026-10-09T22:17:08.3266144Z   ...
2026-10-09T22:17:08.3266508Z # Subtest: every native profile has a Fin record consumer and a target
2026-10-09T22:17:08.3267012Z ok 32 - every native profile has a Fin record consumer and a target
2026-10-09T22:17:08.3267346Z   ---
2026-10-09T22:17:08.3267552Z   duration_ms: 3.12875
2026-10-09T22:17:08.3267779Z   type: 'test'
2026-10-09T22:17:08.3267989Z   ...
2026-10-09T22:18:43.3113691Z # Subtest: relocated source-free native packages check Fin inside record fields and the active variant case
2026-10-09T22:18:43.3116404Z ok 33 - relocated source-free native packages check Fin inside record fields and the active variant case
2026-10-09T22:18:43.3117183Z   ---
2026-10-09T22:18:43.3117622Z   duration_ms: 95001.318142
2026-10-09T22:18:43.3118001Z   type: 'test'
2026-10-09T22:18:43.3118278Z   ...
2026-10-09T22:18:43.3118538Z # build 0: ruby
2026-10-09T22:18:43.3118912Z # installing and checking ruby
2026-10-09T22:18:43.3119579Z # build 1: ruby
2026-10-09T22:20:18.0878692Z # Subtest: independently reviewed native packages check record and variant field bounds after source-free installation
2026-10-09T22:20:18.0880423Z ok 34 - independently reviewed native packages check record and variant field bounds after source-free installation
2026-10-09T22:20:18.0881299Z   ---
2026-10-09T22:20:18.0881655Z   duration_ms: 94776.92249
2026-10-09T22:20:18.0882108Z   type: 'test'
2026-10-09T22:20:18.0882473Z   ...
2026-10-09T22:20:18.0882826Z # build 0: ruby
2026-10-09T22:20:18.0883439Z # installing and checking ruby
2026-10-09T22:20:18.0883932Z # build 1: ruby
2026-10-09T22:20:18.0884761Z # Subtest: changed record and variant reviews are refused against fresh Lean before any output
2026-10-09T22:20:18.0885533Z ok 35 - changed record and variant reviews are refused against fresh Lean before any output # SKIP
2026-10-09T22:20:18.0886026Z   ---
2026-10-09T22:20:18.0886328Z   duration_ms: 0.176754
2026-10-09T22:20:18.0886585Z   type: 'test'
2026-10-09T22:20:18.0886822Z   ...
2026-10-09T22:20:18.1060108Z 1..35
2026-10-09T22:20:18.1061674Z # tests 35
2026-10-09T22:20:18.1061990Z # suites 0
2026-10-09T22:20:18.1062253Z # pass 33
2026-10-09T22:20:18.1062639Z # fail 0
2026-10-09T22:20:18.1062849Z # cancelled 0
2026-10-09T22:20:18.1063077Z # skipped 2
2026-10-09T22:20:18.1063398Z # todo 0
2026-10-09T22:20:18.1063918Z # duration_ms 203659.130547
2026-10-09T22:20:18.1476727Z TAP version 13
2026-10-09T22:20:19.0748890Z # Subtest: Subtype alias position authenticates each exact source predecessor
2026-10-09T22:20:19.0753236Z ok 1 - Subtype alias position authenticates each exact source predecessor
2026-10-09T22:20:19.0753966Z   ---
2026-10-09T22:20:19.0754426Z   duration_ms: 665.67514
2026-10-09T22:20:19.0754848Z   type: 'test'
2026-10-09T22:20:19.0755228Z   ...
2026-10-09T22:20:19.6736131Z # Subtest: Subtype XS archive authenticates each exact source predecessor
2026-10-09T22:20:19.6737119Z ok 2 - Subtype XS archive authenticates each exact source predecessor
2026-10-09T22:20:19.6738279Z   ---
2026-10-09T22:20:19.6738625Z   duration_ms: 598.650317
2026-10-09T22:20:19.6738964Z   type: 'test'
2026-10-09T22:20:19.6739306Z   ...
2026-10-09T22:20:20.3403903Z # Subtest: Checked-record admission authenticates each exact source predecessor
2026-10-09T22:20:20.3404920Z ok 3 - Checked-record admission authenticates each exact source predecessor
2026-10-09T22:20:20.3405720Z   ---
2026-10-09T22:20:20.3406087Z   duration_ms: 666.584889
2026-10-09T22:20:20.3406482Z   type: 'test'
2026-10-09T22:20:20.3406769Z   ...
2026-10-09T22:20:20.3605987Z # Subtest: archived Subtype XS remains readable without a PATH-provided decompressor
2026-10-09T22:20:20.3607075Z ok 4 - archived Subtype XS remains readable without a PATH-provided decompressor
2026-10-09T22:20:20.3619295Z   ---
2026-10-09T22:20:20.3619662Z   duration_ms: 17.000207
2026-10-09T22:20:20.3620019Z   type: 'test'
2026-10-09T22:20:20.3620339Z   ...
2026-10-09T22:20:20.3620921Z # Subtest: native types admit Subtype only at a top-level site over a primitive base
2026-10-09T22:20:20.3621909Z ok 5 - native types admit Subtype only at a top-level site over a primitive base
2026-10-09T22:20:20.3622498Z   ---
2026-10-09T22:20:20.3622707Z   duration_ms: 1.715579
2026-10-09T22:20:20.3622942Z   type: 'test'
2026-10-09T22:20:20.3623152Z   ...
2026-10-09T22:20:20.3624084Z # Subtest: Lean adapters construct each Subtype through its checked constructor and export one validator per checked parameter
2026-10-09T22:20:20.3624979Z ok 6 - Lean adapters construct each Subtype through its checked constructor and export one validator per checked parameter
2026-10-09T22:20:20.3625464Z   ---
2026-10-09T22:20:20.3625681Z   duration_ms: 1.824574
2026-10-09T22:20:20.3625915Z   type: 'test'
2026-10-09T22:20:20.3626120Z   ...
2026-10-09T22:20:20.3636645Z # Subtest: every native profile has a Subtype consumer
2026-10-09T22:20:20.3637513Z ok 7 - every native profile has a Subtype consumer
2026-10-09T22:20:20.3638793Z   ---
2026-10-09T22:20:20.3639629Z   duration_ms: 1.449969
2026-10-09T22:20:20.3640234Z   type: 'test'
2026-10-09T22:20:20.3641103Z   ...
2026-10-09T22:20:20.3642030Z # Subtest: native builds reject Subtype outside top-level sites and without a constructor
2026-10-09T22:20:20.3643425Z ok 8 - native builds reject Subtype outside top-level sites and without a constructor # SKIP
2026-10-09T22:20:20.3644329Z   ---
2026-10-09T22:20:20.3644970Z   duration_ms: 0.462525
2026-10-09T22:20:20.3645498Z   type: 'test'
2026-10-09T22:20:20.3645921Z   ...
2026-10-09T22:21:52.0732947Z # Subtest: relocated source-free native packages run author-checked constructors at every refined site
2026-10-09T22:21:52.0736321Z ok 9 - relocated source-free native packages run author-checked constructors at every refined site
2026-10-09T22:21:52.0737119Z   ---
2026-10-09T22:21:52.0737455Z   duration_ms: 91710.394927
2026-10-09T22:21:52.0737847Z   type: 'test'
2026-10-09T22:21:52.0738126Z   ...
2026-10-09T22:21:52.0738393Z # build 0: ruby
2026-10-09T22:21:52.0740067Z # installing and checking ruby
2026-10-09T22:21:52.0740387Z # build 1: ruby
2026-10-09T22:21:52.0881771Z 1..9
2026-10-09T22:21:52.0882725Z # tests 9
2026-10-09T22:21:52.0883530Z # suites 0
2026-10-09T22:21:52.0884115Z # pass 8
2026-10-09T22:21:52.0884842Z # fail 0
2026-10-09T22:21:52.0886762Z # cancelled 0
2026-10-09T22:21:52.0887142Z # skipped 1
2026-10-09T22:21:52.0887591Z # todo 0
2026-10-09T22:21:52.0887924Z # duration_ms 93951.105227
2026-10-09T22:21:52.0981336Z ##[group]Run actions/upload-artifact@v7
2026-10-09T22:21:52.0981627Z with:
2026-10-09T22:21:52.0981930Z   name: type-corpus-ruby-ff71335c762628da47887bfd4f208e62c39b94b7
2026-10-09T22:21:52.0986945Z   path: build/type-corpus/ruby.json
build/type-corpus/reviewed-native-ruby.json
build/char-native/ruby.json
build/word-native/ruby.json
build/callables/ruby.json
build/structured-callables/ruby.json
build/recursive-callables/ruby.json
build/compounds/ruby.json
build/lists/ruby.json
build/aliases/ruby.json
build/native-fin/ruby.json
build/native-fin/ruby-reviewed.json
build/native-specializations/ruby.json
build/generic-records/ruby.json
build/generic-records/specialized-ruby.json
build/generic-records/array-ruby.json
build/native-fin-containers/ruby.json
build/native-fin-containers/reviewed-ruby.json
build/native-fin-products/ruby.json
build/native-fin-products/reviewed-ruby.json
build/native-fin-product-arrays/ruby.json
build/native-fin-product-arrays/reviewed-ruby.json
build/native-fin-records/ruby.json
build/native-fin-records/reviewed-ruby.json
build/native-subtype/ruby.json
build/variants/ruby.json
build/collections/ruby.json
build/recursive/ruby-values.json
build/recursive/ruby-conversions.json
build/recursive/ruby-native.json
build/recursive/ruby-packages.json
build/owned-ruby-runtime/
build/owned-ruby-values/
build/owned-ruby-layout/
build/owned-ruby-conversions/
build/owned-ruby-gmp/
build/owned-ruby-loading/
build/owned-ruby-transfers/
build/owned-ruby-transfer-packaging/
build/owned-ruby-borrows/
build/owned-ruby-borrow-packaging/
build/owned-ruby-borrows.log
build/owned-ruby-receivers/
build/owned-ruby-receivers.log
build/owned-ruby-packaging/

2026-10-09T22:21:52.0991716Z   if-no-files-found: error
2026-10-09T22:21:52.0991956Z   overwrite: true
2026-10-09T22:21:52.0992172Z   retention-days: 30
2026-10-09T22:21:52.0992392Z   compression-level: 6
2026-10-09T22:21:52.0992626Z   include-hidden-files: false
2026-10-09T22:21:52.0992866Z   archive: true
2026-10-09T22:21:52.0993081Z env:
2026-10-09T22:21:52.0993446Z   NODE_VERSION: 22
2026-10-09T22:21:52.0993897Z   LEAN_BRIDGE_CONSUMER_PERFORMANCE_DIR: build/consumer-ci/performance
2026-10-09T22:21:52.0994261Z   TMPDIR: /home/runner/work/_temp
2026-10-09T22:21:52.0994616Z   NIX_PROFILES: /nix/var/nix/profiles/default /home/runner/.nix-profile
2026-10-09T22:21:52.0995014Z   NIX_SSL_CERT_FILE: /etc/ssl/certs/ca-certificates.crt
2026-10-09T22:21:52.0995315Z ##[endgroup]
2026-10-09T22:21:52.3149037Z Multiple search paths detected. Calculating the least common ancestor of all paths
2026-10-09T22:21:52.3163450Z The least common ancestor is /home/runner/work/lean-bridge/lean-bridge/build. This will be the root directory of the artifact
2026-10-09T22:21:52.3164693Z With the provided path, there will be 69 files uploaded
2026-10-09T22:21:52.4836681Z Artifact name is valid!
2026-10-09T22:21:52.4837115Z Root directory input is valid!
2026-10-09T22:21:52.7383226Z Uploading artifact: type-corpus-ruby-ff71335c762628da47887bfd4f208e62c39b94b7.zip
2026-10-09T22:21:52.7419531Z Beginning upload of artifact content to blob storage
2026-10-09T22:21:53.2298415Z Uploaded bytes 884885
2026-10-09T22:21:53.2632136Z Finished uploading artifact content to blob storage!
2026-10-09T22:21:53.2633155Z SHA256 digest of uploaded artifact is 144537af20012bceff2579e16657d64965d01c5150ab750d9c8e167183c98eb2
2026-10-09T22:21:53.2633878Z Finalizing artifact upload
2026-10-09T22:21:53.5845093Z Artifact type-corpus-ruby-ff71335c762628da47887bfd4f208e62c39b94b7 successfully finalized. Artifact ID 11647727957
2026-10-09T22:21:53.5846258Z Artifact type-corpus-ruby-ff71335c762628da47887bfd4f208e62c39b94b7 has been successfully uploaded! Final size is 884885 bytes. Artifact ID is 11647727957
2026-10-09T22:21:53.5848369Z Artifact download URL: https://github.com/seanmorris/lean-bridge/actions/runs/37969725049/artifacts/11647727957
2026-10-09T22:21:53.5980491Z ##[group]Run for consumer in ruby; do
2026-10-09T22:21:53.5981176Z [36;1mfor consumer in ruby; do[0m
2026-10-09T22:21:53.5981507Z [36;1m  consumer_command="npm run test:consumer:managed"[0m
2026-10-09T22:21:53.5981854Z [36;1m  test_result="passed"[0m
2026-10-09T22:21:53.5982119Z [36;1m  executed="true"[0m
2026-10-09T22:21:53.5982399Z [36;1m  if [ "$consumer" = dotnet ]; then[0m
2026-10-09T22:21:53.5983996Z [36;1m    consumer_command="$consumer_command && LEAN_BRIDGE_NATIVE_DOTNET_TEST=1 node --test tests/native-dotnet.test.mjs && npm run test:type-corpus:dotnet && LEAN_BRIDGE_REVIEWED_NATIVE_PROFILES=dotnet node --test tests/type-corpus-reviewed-native.test.mjs && LEAN_BRIDGE_DOTNET_CALLABLE_TEST=1 node --test tests/dotnet-callables.test.mjs tests/dotnet-callable-contract.test.mjs"[0m
2026-10-09T22:21:53.5985658Z [36;1m    consumer_command="$consumer_command && LEAN_BRIDGE_DOTNET_STRUCTURED_CALLABLE_TEST=1 node --test tests/dotnet-structured-callables.test.mjs"[0m
2026-10-09T22:21:53.5986612Z [36;1m    consumer_command="$consumer_command && LEAN_BRIDGE_DOTNET_RECURSIVE_CALLABLE_TEST=1 node --test tests/dotnet-recursive-callables.test.mjs"[0m
2026-10-09T22:21:53.5987844Z [36;1m    consumer_command="$consumer_command && LEAN_BRIDGE_OWNED_NATIVE_TEST=1 node --test --test-concurrency=1 tests/owned-dotnet-runtime.test.mjs tests/owned-dotnet-layout.test.mjs tests/owned-dotnet-values.test.mjs tests/owned-dotnet-conversions.test.mjs"[0m
2026-10-09T22:21:53.5989350Z [36;1m    consumer_command="$consumer_command && LEAN_BRIDGE_OWNED_NATIVE_TEST=1 node --test --test-concurrency=1 tests/owned-dotnet-callables.test.mjs tests/owned-dotnet-callback-signatures.test.mjs tests/owned-dotnet-package.test.mjs"[0m
2026-10-09T22:21:53.5990647Z [36;1m    consumer_command="$consumer_command && LEAN_BRIDGE_OWNED_NATIVE_TEST=1 node --test --test-concurrency=1 tests/owned-dotnet-packaging.test.mjs tests/owned-dotnet-coexistence.test.mjs"[0m
2026-10-09T22:21:53.5991524Z [36;1m    consumer_command="$consumer_command && npm run test:owned-dotnet-transfers"[0m
2026-10-09T22:21:53.5992046Z [36;1m    consumer_command="$consumer_command && npm run test:owned-dotnet-borrows"[0m
2026-10-09T22:21:53.5992575Z [36;1m    consumer_command="$consumer_command && npm run test:owned-dotnet-receivers"[0m
2026-10-09T22:21:53.5993487Z [36;1m    consumer_command="$consumer_command && LEAN_BRIDGE_DOTNET_COMPOUND_TEST=1 node --test tests/dotnet-compounds.test.mjs tests/dotnet-compound-contract.test.mjs"[0m
2026-10-09T22:21:53.5994471Z [36;1m    consumer_command="$consumer_command && LEAN_BRIDGE_DOTNET_LIST_TEST=1 node --test tests/dotnet-lists.test.mjs tests/dotnet-list-contract.test.mjs"[0m
2026-10-09T22:21:53.5995285Z [36;1m    consumer_command="$consumer_command && LEAN_BRIDGE_DOTNET_ALIAS_TEST=1 node --test tests/dotnet-aliases.test.mjs"[0m
2026-10-09T22:21:53.5996243Z [36;1m    consumer_command="$consumer_command && LEAN_BRIDGE_GDB=/usr/bin/gdb LEAN_BRIDGE_DOTNET_FIN_TEST=1 node --test tests/dotnet-fin.test.mjs"[0m
2026-10-09T22:21:53.5997910Z [36;1m    consumer_command="$consumer_command && LEAN_BRIDGE_SPECIALIZATION_PROFILES=dotnet node --test tests/native-specializations.test.mjs && LEAN_BRIDGE_GENERIC_RECORD_PROFILES=dotnet node --test --test-name-pattern='relocated source-free native packages construct' tests/generic-records.test.mjs && LEAN_BRIDGE_GENERIC_RECORD_ARRAY_PROFILES=dotnet node --test --test-concurrency=1 tests/generic-record-arrays.test.mjs"[0m
2026-10-09T22:21:53.5999930Z [36;1m    consumer_command="$consumer_command && LEAN_BRIDGE_FIN_CONTAINER_ENTRY_COUNTERS=1 LEAN_BRIDGE_GDB=/usr/bin/gdb LEAN_BRIDGE_FIN_CONTAINER_PROFILES=dotnet LEAN_BRIDGE_REVIEWED_FIN_CONTAINER_PROFILES=dotnet node --test tests/native-fin-containers.test.mjs"[0m
2026-10-09T22:21:53.6001252Z [36;1m    consumer_command="$consumer_command && LEAN_BRIDGE_FIN_PRODUCT_PROFILES=dotnet LEAN_BRIDGE_REVIEWED_FIN_PRODUCT_PROFILES=dotnet node --test tests/native-fin-products.test.mjs"[0m
2026-10-09T22:21:53.6002493Z [36;1m    consumer_command="$consumer_command && LEAN_BRIDGE_FIN_PRODUCT_ARRAY_PROFILES=dotnet LEAN_BRIDGE_REVIEWED_FIN_PRODUCT_ARRAY_PROFILES=dotnet node --test tests/native-fin-product-arrays.test.mjs"[0m
2026-10-09T22:21:53.6003882Z [36;1m    consumer_command="$consumer_command && LEAN_BRIDGE_FIN_RECORD_PROFILES=dotnet LEAN_BRIDGE_REVIEWED_FIN_RECORD_PROFILES=dotnet node --test tests/native-fin-records.test.mjs"[0m
2026-10-09T22:21:53.6004808Z [36;1m    consumer_command="$consumer_command && LEAN_BRIDGE_SUBTYPE_PROFILES=dotnet node --test tests/native-subtype.test.mjs"[0m
2026-10-09T22:21:53.6005567Z [36;1m    consumer_command="$consumer_command && LEAN_BRIDGE_DOTNET_VARIANT_TEST=1 node --test tests/dotnet-variants.test.mjs"[0m
2026-10-09T22:21:53.6006367Z [36;1m    consumer_command="$consumer_command && LEAN_BRIDGE_DOTNET_CONVERSION_TEST=1 node --test tests/dotnet-collection-conversions.test.mjs"[0m
2026-10-09T22:21:53.6007190Z [36;1m    consumer_command="$consumer_command && LEAN_BRIDGE_DOTNET_COLLECTION_TEST=1 node --test tests/dotnet-collections.test.mjs"[0m
2026-10-09T22:21:53.6007974Z [36;1m    consumer_command="$consumer_command && LEAN_BRIDGE_DOTNET_EQUALITY_TEST=1 node --test tests/dotnet-value-equality.test.mjs"[0m
2026-10-09T22:21:53.6008768Z [36;1m    consumer_command="$consumer_command && LEAN_BRIDGE_DOTNET_GRAPH_TEST=1 node --test tests/dotnet-copied-graph-values.test.mjs"[0m
2026-10-09T22:21:53.6009723Z [36;1m    consumer_command="$consumer_command && LEAN_BRIDGE_DOTNET_GRAPH_CONVERSION_TEST=1 LEAN_BRIDGE_DOTNET_GRAPH_NATIVE_TEST=1 node --test tests/dotnet-copied-graph-conversions.test.mjs"[0m
2026-10-09T22:21:53.6010808Z [36;1m    consumer_command="$consumer_command && LEAN_BRIDGE_DOTNET_GRAPH_PACKAGE_TEST=1 LEAN_BRIDGE_DOTNET_GRAPH_INSTALLED_TEST=1 node --test tests/dotnet-graph-package.test.mjs"[0m
2026-10-09T22:21:53.6011744Z [36;1m    consumer_command="$consumer_command && LEAN_BRIDGE_DOTNET_GRAPH_COMPOSITION_TEST=1 node --test tests/dotnet-graph-package.test.mjs"[0m
2026-10-09T22:21:53.6012594Z [36;1m    consumer_command="$consumer_command && LEAN_BRIDGE_DOTNET_GRAPH_REPRODUCIBILITY_TEST=1 node --test tests/dotnet-graph-package.test.mjs"[0m
2026-10-09T22:21:53.6013538Z [36;1m    consumer_command="$consumer_command && LEAN_BRIDGE_DOTNET_GRAPH_CONFLICT_TEST=1 node --test tests/dotnet-graph-package.test.mjs"[0m
2026-10-09T22:21:53.6014167Z [36;1m    if [ "skipped" != success ] || [ "skipped" != success ]; then[0m
2026-10-09T22:21:53.6014522Z [36;1m      test_result=failed[0m
2026-10-09T22:21:53.6014795Z [36;1m      executed=false[0m
2026-10-09T22:21:53.6015042Z [36;1m    fi[0m
2026-10-09T22:21:53.6015258Z [36;1m  fi[0m
2026-10-09T22:21:53.6015494Z [36;1m  if [ "$consumer" = jvm ]; then[0m
2026-10-09T22:21:53.6016451Z [36;1m    consumer_command="$consumer_command && LEAN_BRIDGE_NATIVE_JVM_TEST=1 node --test tests/native-jvm.test.mjs && npm run test:type-corpus:jvm && LEAN_BRIDGE_REVIEWED_NATIVE_PROFILES=java,kotlin node --test tests/type-corpus-reviewed-native.test.mjs"[0m
2026-10-09T22:21:53.6017645Z [36;1m    consumer_command="$consumer_command && LEAN_BRIDGE_JVM_CALLABLE_TEST=1 node --test tests/jvm-callables.test.mjs tests/jvm-callable-contract.test.mjs"[0m
2026-10-09T22:21:53.6018533Z [36;1m    consumer_command="$consumer_command && LEAN_BRIDGE_JVM_STRUCTURED_CALLABLE_TEST=1 node --test tests/jvm-structured-callables.test.mjs"[0m
2026-10-09T22:21:53.6019377Z [36;1m    consumer_command="$consumer_command && LEAN_BRIDGE_JVM_RECURSIVE_CALLABLE_TEST=1 node --test tests/jvm-recursive-callables.test.mjs"[0m
2026-10-09T22:21:53.6020249Z [36;1m    consumer_command="$consumer_command && LEAN_BRIDGE_JVM_COMPOUND_TEST=1 node --test tests/jvm-compounds.test.mjs tests/jvm-compound-contract.test.mjs"[0m
2026-10-09T22:21:53.6021148Z [36;1m    consumer_command="$consumer_command && LEAN_BRIDGE_JVM_LIST_TEST=1 node --test tests/jvm-lists.test.mjs tests/jvm-list-contract.test.mjs"[0m
2026-10-09T22:21:53.6021978Z [36;1m    consumer_command="$consumer_command && LEAN_BRIDGE_JVM_ALIAS_TEST=1 node --test tests/jvm-aliases.test.mjs"[0m
2026-10-09T22:21:53.6022720Z [36;1m    consumer_command="$consumer_command && LEAN_BRIDGE_GDB=/usr/bin/gdb LEAN_BRIDGE_JVM_FIN_TEST=1 node --test tests/jvm-fin.test.mjs"[0m
2026-10-09T22:21:53.6024480Z [36;1m    consumer_command="$consumer_command && LEAN_BRIDGE_SPECIALIZATION_PROFILES=java,kotlin node --test tests/native-specializations.test.mjs && LEAN_BRIDGE_GENERIC_RECORD_PROFILES=java,kotlin node --test --test-name-pattern='relocated source-free native packages construct' tests/generic-records.test.mjs && LEAN_BRIDGE_GENERIC_RECORD_ARRAY_PROFILES=java,kotlin node --test --test-concurrency=1 tests/generic-record-arrays.test.mjs"[0m
2026-10-09T22:21:53.6026558Z [36;1m    consumer_command="$consumer_command && LEAN_BRIDGE_FIN_CONTAINER_ENTRY_COUNTERS=1 LEAN_BRIDGE_GDB=/usr/bin/gdb LEAN_BRIDGE_FIN_CONTAINER_PROFILES=java,kotlin LEAN_BRIDGE_REVIEWED_FIN_CONTAINER_PROFILES=java,kotlin node --test tests/native-fin-containers.test.mjs"[0m
2026-10-09T22:21:53.6027911Z [36;1m    consumer_command="$consumer_command && LEAN_BRIDGE_FIN_PRODUCT_PROFILES=java,kotlin LEAN_BRIDGE_REVIEWED_FIN_PRODUCT_PROFILES=java,kotlin node --test tests/native-fin-products.test.mjs"[0m
2026-10-09T22:21:53.6029095Z [36;1m    consumer_command="$consumer_command && LEAN_BRIDGE_FIN_PRODUCT_ARRAY_PROFILES=java,kotlin LEAN_BRIDGE_REVIEWED_FIN_PRODUCT_ARRAY_PROFILES=java,kotlin node --test tests/native-fin-product-arrays.test.mjs"[0m
2026-10-09T22:21:53.6030286Z [36;1m    consumer_command="$consumer_command && LEAN_BRIDGE_FIN_RECORD_PROFILES=java,kotlin LEAN_BRIDGE_REVIEWED_FIN_RECORD_PROFILES=java,kotlin node --test tests/native-fin-records.test.mjs"[0m
2026-10-09T22:21:53.6031251Z [36;1m    consumer_command="$consumer_command && LEAN_BRIDGE_SUBTYPE_PROFILES=java,kotlin node --test tests/native-subtype.test.mjs"[0m
2026-10-09T22:21:53.6032332Z [36;1m    consumer_command="$consumer_command && LEAN_BRIDGE_JVM_VARIANT_TEST=1 node --test tests/jvm-variants.test.mjs"[0m
2026-10-09T22:21:53.6033059Z [36;1m    consumer_command="$consumer_command && LEAN_BRIDGE_JVM_EQUALITY_TEST=1 node --test tests/jvm-value-equality.test.mjs"[0m
2026-10-09T22:21:53.6033940Z [36;1m    consumer_command="$consumer_command && LEAN_BRIDGE_JVM_GRAPH_TEST=1 node --test tests/jvm-copied-graph-values.test.mjs"[0m
2026-10-09T22:21:53.6034703Z [36;1m    consumer_command="$consumer_command && LEAN_BRIDGE_KOTLIN_GRAPH_TEST=1 node --test tests/jvm-copied-graph-kotlin.test.mjs"[0m
2026-10-09T22:21:53.6035592Z [36;1m    consumer_command="$consumer_command && LEAN_BRIDGE_JVM_GRAPH_PACKAGE_TEST=1 LEAN_BRIDGE_JVM_GRAPH_INSTALLED_TEST=1 node --test tests/jvm-graph-package.test.mjs"[0m
2026-10-09T22:21:53.6036559Z [36;1m    consumer_command="$consumer_command && LEAN_BRIDGE_JVM_GRAPH_REPRO_TEST=1 LEAN_BRIDGE_JVM_GRAPH_LOADING_TEST=1 node --test tests/jvm-graph-package.test.mjs"[0m
2026-10-09T22:21:53.6037648Z [36;1m    consumer_command="$consumer_command && LEAN_BRIDGE_JVM_GRAPH_CONVERSION_TEST=1 LEAN_BRIDGE_JVM_GRAPH_NATIVE_TEST=1 node --test tests/jvm-copied-graph-conversions.test.mjs"[0m
2026-10-09T22:21:53.6038585Z [36;1m    consumer_command="$consumer_command && LEAN_BRIDGE_JVM_CONVERSIONS_TEST=1 node --test tests/jvm-collection-conversions.test.mjs"[0m
2026-10-09T22:21:53.6039554Z [36;1m    consumer_command="$consumer_command && LEAN_BRIDGE_JVM_COLLECTION_PREFLIGHT=1 LEAN_BRIDGE_JVM_COLLECTION_PROFILES=java,kotlin node --test tests/jvm-collection-callers.test.mjs"[0m
2026-10-09T22:21:53.6040633Z [36;1m    consumer_command="$consumer_command && LEAN_BRIDGE_JVM_COLLECTION_TEST=1 LEAN_BRIDGE_JVM_COLLECTION_PROFILES=java,kotlin node --test tests/jvm-collections.test.mjs"[0m
2026-10-09T22:21:53.6041352Z [36;1m    if [ "skipped" != success ] || [ "skipped" != success ]; then[0m
2026-10-09T22:21:53.6041719Z [36;1m      test_result=failed[0m
2026-10-09T22:21:53.6041984Z [36;1m      executed=false[0m
2026-10-09T22:21:53.6042229Z [36;1m    fi[0m
2026-10-09T22:21:53.6042453Z [36;1m  fi[0m
2026-10-09T22:21:53.6042737Z [36;1m  if [ "$consumer" = ruby ]; then[0m
2026-10-09T22:21:53.6043705Z [36;1m    consumer_command="$consumer_command && LEAN_BRIDGE_NATIVE_RUBY_TEST=1 node --test tests/native-ruby.test.mjs && npm run test:type-corpus:ruby && LEAN_BRIDGE_REVIEWED_NATIVE_PROFILES=ruby node --test tests/type-corpus-reviewed-native.test.mjs"[0m
2026-10-09T22:21:53.6044814Z [36;1m    consumer_command="$consumer_command && LEAN_BRIDGE_RUBY_CALLABLE_TEST=1 node --test tests/ruby-callables.test.mjs"[0m
2026-10-09T22:21:53.6045620Z [36;1m    consumer_command="$consumer_command && LEAN_BRIDGE_RUBY_STRUCTURED_CALLABLE_TEST=1 node --test tests/ruby-structured-callables.test.mjs"[0m
2026-10-09T22:21:53.6046696Z [36;1m    consumer_command="$consumer_command && LEAN_BRIDGE_RUBY_RECURSIVE_CALLABLE_TEST=1 node --test --test-concurrency=1 tests/ruby-recursive-callables.test.mjs tests/ruby-recursive-callable-contract.test.mjs"[0m
2026-10-09T22:21:53.6048117Z [36;1m    consumer_command="$consumer_command && LEAN_BRIDGE_OWNED_NATIVE_TEST=1 node --test --test-concurrency=1 tests/owned-ruby-runtime.test.mjs tests/owned-ruby-values.test.mjs tests/owned-ruby-layout.test.mjs tests/owned-ruby-conversions.test.mjs"[0m
2026-10-09T22:21:53.6049629Z [36;1m    consumer_command="$consumer_command && LEAN_BRIDGE_OWNED_NATIVE_TEST=1 node --test --test-concurrency=1 tests/owned-ruby-gmp.test.mjs tests/owned-ruby-package.test.mjs tests/owned-ruby-packaging.test.mjs tests/owned-ruby-coexistence.test.mjs"[0m
2026-10-09T22:21:53.6050654Z [36;1m    consumer_command="$consumer_command && npm run test:owned-ruby-transfers"[0m
2026-10-09T22:21:53.6051168Z [36;1m    consumer_command="$consumer_command && npm run test:owned-ruby-borrows"[0m
2026-10-09T22:21:53.6051680Z [36;1m    consumer_command="$consumer_command && npm run test:owned-ruby-receivers"[0m
2026-10-09T22:21:53.6052415Z [36;1m    consumer_command="$consumer_command && LEAN_BRIDGE_RUBY_COMPOUND_TEST=1 node --test tests/ruby-compounds.test.mjs tests/ruby-compound-contract.test.mjs"[0m
2026-10-09T22:21:53.6053562Z [36;1m    consumer_command="$consumer_command && LEAN_BRIDGE_RUBY_LIST_TEST=1 node --test tests/ruby-lists.test.mjs tests/ruby-list-contract.test.mjs"[0m
2026-10-09T22:21:53.6054350Z [36;1m    consumer_command="$consumer_command && LEAN_BRIDGE_RUBY_ALIAS_TEST=1 node --test tests/ruby-aliases.test.mjs"[0m
2026-10-09T22:21:53.6055150Z [36;1m    consumer_command="$consumer_command && LEAN_BRIDGE_GDB=/usr/bin/gdb LEAN_BRIDGE_RUBY_FIN_TEST=1 node --test tests/ruby-fin.test.mjs"[0m
2026-10-09T22:21:53.6056764Z [36;1m    consumer_command="$consumer_command && LEAN_BRIDGE_SPECIALIZATION_PROFILES=ruby node --test tests/native-specializations.test.mjs && LEAN_BRIDGE_GENERIC_RECORD_PROFILES=ruby node --test --test-name-pattern='relocated source-free native packages construct' tests/generic-records.test.mjs && LEAN_BRIDGE_GENERIC_RECORD_ARRAY_PROFILES=ruby node --test --test-concurrency=1 tests/generic-record-arrays.test.mjs"[0m
2026-10-09T22:21:53.6058818Z [36;1m    consumer_command="$consumer_command && LEAN_BRIDGE_FIN_CONTAINER_ENTRY_COUNTERS=1 LEAN_BRIDGE_GDB=/usr/bin/gdb LEAN_BRIDGE_FIN_CONTAINER_PROFILES=ruby LEAN_BRIDGE_REVIEWED_FIN_CONTAINER_PROFILES=ruby node --test tests/native-fin-containers.test.mjs"[0m
2026-10-09T22:21:53.6060120Z [36;1m    consumer_command="$consumer_command && LEAN_BRIDGE_FIN_PRODUCT_PROFILES=ruby LEAN_BRIDGE_REVIEWED_FIN_PRODUCT_PROFILES=ruby node --test tests/native-fin-products.test.mjs"[0m
2026-10-09T22:21:53.6061245Z [36;1m    consumer_command="$consumer_command && LEAN_BRIDGE_FIN_PRODUCT_ARRAY_PROFILES=ruby LEAN_BRIDGE_REVIEWED_FIN_PRODUCT_ARRAY_PROFILES=ruby node --test tests/native-fin-product-arrays.test.mjs"[0m
2026-10-09T22:21:53.6062366Z [36;1m    consumer_command="$consumer_command && LEAN_BRIDGE_FIN_RECORD_PROFILES=ruby LEAN_BRIDGE_REVIEWED_FIN_RECORD_PROFILES=ruby node --test tests/native-fin-records.test.mjs"[0m
2026-10-09T22:21:53.6063418Z [36;1m    consumer_command="$consumer_command && LEAN_BRIDGE_SUBTYPE_PROFILES=ruby node --test tests/native-subtype.test.mjs"[0m
2026-10-09T22:21:53.6064154Z [36;1m    consumer_command="$consumer_command && LEAN_BRIDGE_RUBY_VARIANT_TEST=1 node --test tests/ruby-variants.test.mjs"[0m
2026-10-09T22:21:53.6065004Z [36;1m    consumer_command="$consumer_command && LEAN_BRIDGE_RUBY_COLLECTION_TEST=1 node --test tests/ruby-collections.test.mjs tests/ruby-collection-contract.test.mjs"[0m
2026-10-09T22:21:53.6065884Z [36;1m    consumer_command="$consumer_command && LEAN_BRIDGE_RUBY_GRAPH_TEST=1 node --test tests/ruby-copied-graph-values.test.mjs"[0m
2026-10-09T22:21:53.6066759Z [36;1m    consumer_command="$consumer_command && LEAN_BRIDGE_RUBY_GRAPH_TEST=1 LEAN_BRIDGE_RUBY_GRAPH_NATIVE_TEST=1 node --test tests/ruby-copied-graph-conversions.test.mjs"[0m
2026-10-09T22:21:53.6067654Z [36;1m    consumer_command="$consumer_command && LEAN_BRIDGE_RUBY_GRAPH_PACKAGE_TEST=1 node --test tests/ruby-graph-package.test.mjs"[0m
2026-10-09T22:21:53.6068255Z [36;1m    if [ "success" != success ] || [ "success" != success ]; then[0m
2026-10-09T22:21:53.6068613Z [36;1m      test_result=failed[0m
2026-10-09T22:21:53.6068877Z [36;1m      executed=false[0m
2026-10-09T22:21:53.6069121Z [36;1m    fi[0m
2026-10-09T22:21:53.6069341Z [36;1m  fi[0m
2026-10-09T22:21:53.6070337Z [36;1m  node scripts/consumer-ci.mjs record --consumer "$consumer" --output "build/consumer-ci/results/$consumer.json" --performance "build/consumer-ci/performance/$consumer.json" --test-result "$test_result" --package-installation "$executed" --real-lean-execution "$executed" --command "$consumer_command"[0m
2026-10-09T22:21:53.6071363Z [36;1mdone[0m
2026-10-09T22:21:53.6249494Z shell: /usr/bin/bash --noprofile --norc -e -o pipefail {0}
2026-10-09T22:21:53.6249877Z env:
2026-10-09T22:21:53.6250090Z   NODE_VERSION: 22
2026-10-09T22:21:53.6250419Z   LEAN_BRIDGE_CONSUMER_PERFORMANCE_DIR: build/consumer-ci/performance
2026-10-09T22:21:53.6250809Z   TMPDIR: /home/runner/work/_temp
2026-10-09T22:21:53.6251180Z   NIX_PROFILES: /nix/var/nix/profiles/default /home/runner/.nix-profile
2026-10-09T22:21:53.6251600Z   NIX_SSL_CERT_FILE: /etc/ssl/certs/ca-certificates.crt
2026-10-09T22:21:53.6251906Z ##[endgroup]
2026-10-09T22:21:53.6634478Z ruby: passed
2026-10-09T22:21:53.6708654Z ##[group]Run actions/upload-artifact@v7
2026-10-09T22:21:53.6708954Z with:
2026-10-09T22:21:53.6709317Z   name: consumer-results-managed-ruby-ff71335c762628da47887bfd4f208e62c39b94b7
2026-10-09T22:21:53.6709763Z   path: build/consumer-ci/results/ruby.json
2026-10-09T22:21:53.6710067Z   if-no-files-found: error
2026-10-09T22:21:53.6710311Z   overwrite: true
2026-10-09T22:21:53.6710531Z   retention-days: 30
2026-10-09T22:21:53.6710761Z   compression-level: 6
2026-10-09T22:21:53.6711122Z   include-hidden-files: false
2026-10-09T22:21:53.6711377Z   archive: true
2026-10-09T22:21:53.6711576Z env:
2026-10-09T22:21:53.6711770Z   NODE_VERSION: 22
2026-10-09T22:21:53.6712085Z   LEAN_BRIDGE_CONSUMER_PERFORMANCE_DIR: build/consumer-ci/performance
2026-10-09T22:21:53.6712453Z   TMPDIR: /home/runner/work/_temp
2026-10-09T22:21:53.6712836Z   NIX_PROFILES: /nix/var/nix/profiles/default /home/runner/.nix-profile
2026-10-09T22:21:53.6713246Z   NIX_SSL_CERT_FILE: /etc/ssl/certs/ca-certificates.crt
2026-10-09T22:21:53.6713887Z ##[endgroup]
2026-10-09T22:21:53.8028357Z With the provided path, there will be 1 file uploaded
2026-10-09T22:21:53.9868783Z Artifact name is valid!
2026-10-09T22:21:53.9869500Z Root directory input is valid!
2026-10-09T22:21:54.2390406Z Uploading artifact: consumer-results-managed-ruby-ff71335c762628da47887bfd4f208e62c39b94b7.zip
2026-10-09T22:21:54.2427380Z Beginning upload of artifact content to blob storage
2026-10-09T22:21:54.4270573Z Uploaded bytes 1145
2026-10-09T22:21:54.4711201Z Finished uploading artifact content to blob storage!
2026-10-09T22:21:54.4712144Z SHA256 digest of uploaded artifact is a29bd6d29b34fa6f0ba9edb9c07c4b5a3c0e13cbe56c73eebaf6e4fe5af9b019
2026-10-09T22:21:54.4712680Z Finalizing artifact upload
2026-10-09T22:21:54.8047744Z Artifact consumer-results-managed-ruby-ff71335c762628da47887bfd4f208e62c39b94b7 successfully finalized. Artifact ID 11647822923
2026-10-09T22:21:54.8049460Z Artifact consumer-results-managed-ruby-ff71335c762628da47887bfd4f208e62c39b94b7 has been successfully uploaded! Final size is 1145 bytes. Artifact ID is 11647822923
2026-10-09T22:21:54.8051493Z Artifact download URL: https://github.com/seanmorris/lean-bridge/actions/runs/37969725049/artifacts/11647822923
2026-10-09T22:21:54.8217258Z Post job cleanup.
2026-10-09T22:21:54.9399232Z Cache hit occurred on the primary key node-cache-Linux-x64-npm-26a2ea32ff9fbdbc806907cf3b846fc9f2d906ee6b040e7c2c0e2b49f755b41e, not saving cache.
2026-10-09T22:21:54.9515616Z Post job cleanup.
2026-10-09T22:21:55.0454374Z [command]/usr/bin/git version
2026-10-09T22:21:55.0497908Z git version 2.55.0
2026-10-09T22:21:55.0538567Z Temporarily overriding HOME='/home/runner/work/_temp/b9820dc2-1b9c-46ae-b754-4d924ef723de' before making global git config changes
2026-10-09T22:21:55.0541196Z Adding repository directory to the temporary git global config as a safe directory
2026-10-09T22:21:55.0545173Z [command]/usr/bin/git config --global --add safe.directory /home/runner/work/lean-bridge/lean-bridge
2026-10-09T22:21:55.0604220Z Removing SSH command configuration
2026-10-09T22:21:55.0614269Z [command]/usr/bin/git config --local --name-only --get-regexp core\.sshCommand
2026-10-09T22:21:55.0660039Z [command]/usr/bin/git submodule foreach --recursive sh -c "git config --local --name-only --get-regexp 'core\.sshCommand' && git config --local --unset-all 'core.sshCommand' || :"
2026-10-09T22:21:55.0886823Z Removing HTTP extra header
2026-10-09T22:21:55.0893026Z [command]/usr/bin/git config --local --name-only --get-regexp http\.https\:\/\/github\.com\/\.extraheader
2026-10-09T22:21:55.0923946Z [command]/usr/bin/git submodule foreach --recursive sh -c "git config --local --name-only --get-regexp 'http\.https\:\/\/github\.com\/\.extraheader' && git config --local --unset-all 'http.https://github.com/.extraheader' || :"
2026-10-09T22:21:55.1125853Z Removing includeIf entries pointing to credentials config files
2026-10-09T22:21:55.1132185Z [command]/usr/bin/git config --local --name-only --get-regexp ^includeIf\.gitdir:
2026-10-09T22:21:55.1166454Z [command]/usr/bin/git submodule foreach --recursive git config --local --show-origin --name-only --get-regexp remote.origin.url
2026-10-09T22:21:55.1539966Z Cleaning up orphan processes
