2026-10-09T18:02:17.3509171Z Current runner version: '2.337.0'
2026-10-09T18:02:17.3558927Z ##[group]Runner Image Provisioner
2026-10-09T18:02:17.3559821Z Hosted Compute Agent
2026-10-09T18:02:17.3560455Z Version: 20261002.596
2026-10-09T18:02:17.3561160Z Commit: c3d12f3313a95f25162a1503be624f3b0617f8c0
2026-10-09T18:02:17.3561895Z Build Date: 2026-10-02T22:28:27Z
2026-10-09T18:02:17.3562678Z Worker ID: {8d2a66b1-d3ef-4cac-8a79-e87092f64f7a}
2026-10-09T18:02:17.3563443Z Region: centralus
2026-10-09T18:02:17.3563974Z Cloud: Azure
2026-10-09T18:02:17.3564613Z ##[endgroup]
2026-10-09T18:02:17.3566398Z ##[group]Operating System
2026-10-09T18:02:17.3567181Z Ubuntu
2026-10-09T18:02:17.3567735Z 24.04.5
2026-10-09T18:02:17.3568247Z LTS
2026-10-09T18:02:17.3568809Z ##[endgroup]
2026-10-09T18:02:17.3569389Z ##[group]Runner Image
2026-10-09T18:02:17.3570177Z Image: ubuntu-24.04
2026-10-09T18:02:17.3570754Z Version: 20261004.327.1
2026-10-09T18:02:17.3572038Z Included Software: https://github.com/actions/runner-images/blob/ubuntu24/20261004.327/images/ubuntu/Ubuntu2404-Readme.md
2026-10-09T18:02:17.3573708Z Image Release: https://github.com/actions/runner-images/releases/tag/ubuntu24%2F20261004.327
2026-10-09T18:02:17.3574790Z ##[endgroup]
2026-10-09T18:02:17.3576096Z ##[group]GITHUB_TOKEN Permissions
2026-10-09T18:02:17.3578295Z Contents: read
2026-10-09T18:02:17.3579000Z Metadata: read
2026-10-09T18:02:17.3579688Z ##[endgroup]
2026-10-09T18:02:17.3581776Z Secret source: Actions
2026-10-09T18:02:17.3582831Z Cache mode: write
2026-10-09T18:02:17.3583563Z Prepare workflow directory
2026-10-09T18:02:17.3921724Z Prepare all required actions
2026-10-09T18:02:17.3969561Z Getting action download info
2026-10-09T18:02:17.7141518Z Download action repository 'actions/checkout@v6' (SHA:d23441a48e516b6c34aea4fa41551a30e30af803)
2026-10-09T18:02:17.8066786Z Download action repository 'actions/setup-node@v6' (SHA:249970729cb0ef3589644e2896645e5dc5ba9c38)
2026-10-09T18:02:17.8893558Z Download action repository 'actions/cache@v4' (SHA:0057852bfaa89a56745cba8c7296529d2fc39830)
2026-10-09T18:02:17.9909704Z Download action repository 'actions/upload-artifact@v7' (SHA:cf430e030ddbb5b0abf93d22962f4752f3646cd9)
2026-10-09T18:02:18.5897790Z Uses: seanmorris/lean-bridge/.github/workflows/perl-consumer.yml@refs/heads/agent/generic-record-arrays-integration-vo1439 (ff71335c762628da47887bfd4f208e62c39b94b7)
2026-10-09T18:02:18.5902829Z Complete job name: Perl / Perl XS (5.38.2-unthreaded)
2026-10-09T18:02:18.6755957Z ##[group]Run actions/checkout@v6
2026-10-09T18:02:18.6757075Z with:
2026-10-09T18:02:18.6757570Z   persist-credentials: false
2026-10-09T18:02:18.6758174Z   repository: seanmorris/lean-bridge
2026-10-09T18:02:18.6762332Z   token: ***
2026-10-09T18:02:18.6762808Z   ssh-strict: true
2026-10-09T18:02:18.6763282Z   ssh-user: git
2026-10-09T18:02:18.6763747Z   clean: true
2026-10-09T18:02:18.6764234Z   sparse-checkout-cone-mode: true
2026-10-09T18:02:18.6764806Z   fetch-depth: 1
2026-10-09T18:02:18.6765483Z   fetch-tags: false
2026-10-09T18:02:18.6765977Z   show-progress: true
2026-10-09T18:02:18.6766510Z   lfs: false
2026-10-09T18:02:18.6766969Z   submodules: false
2026-10-09T18:02:18.6767472Z   set-safe-directory: true
2026-10-09T18:02:18.6768031Z   allow-unsafe-pr-checkout: false
2026-10-09T18:02:18.6768905Z ##[endgroup]
2026-10-09T18:02:18.7776125Z Syncing repository: seanmorris/lean-bridge
2026-10-09T18:02:18.7779013Z ##[group]Getting Git version info
2026-10-09T18:02:18.7780429Z Working directory is '/home/runner/work/lean-bridge/lean-bridge'
2026-10-09T18:02:18.7782291Z [command]/usr/bin/git version
2026-10-09T18:02:18.7831563Z git version 2.55.0
2026-10-09T18:02:18.7855310Z ##[endgroup]
2026-10-09T18:02:18.7879207Z Temporarily overriding HOME='/home/runner/work/_temp/bec60047-48c9-48db-a6da-8cf19050e92b' before making global git config changes
2026-10-09T18:02:18.7882092Z Adding repository directory to the temporary git global config as a safe directory
2026-10-09T18:02:18.7887002Z [command]/usr/bin/git config --global --add safe.directory /home/runner/work/lean-bridge/lean-bridge
2026-10-09T18:02:18.7933845Z Deleting the contents of '/home/runner/work/lean-bridge/lean-bridge'
2026-10-09T18:02:18.7940226Z ##[group]Determining repository object format
2026-10-09T18:02:18.7942550Z ##[endgroup]
2026-10-09T18:02:18.7943646Z ##[group]Initializing the repository
2026-10-09T18:02:18.7947960Z [command]/usr/bin/git init /home/runner/work/lean-bridge/lean-bridge
2026-10-09T18:02:18.8051369Z hint: Using 'master' as the name for the initial branch. This default branch name
2026-10-09T18:02:18.8053186Z hint: will change to "main" in Git 3.0. To configure the initial branch name
2026-10-09T18:02:18.8055388Z hint: to use in all of your new repositories, which will suppress this warning,
2026-10-09T18:02:18.8056826Z hint: call:
2026-10-09T18:02:18.8057564Z hint:
2026-10-09T18:02:18.8058459Z hint: 	git config --global init.defaultBranch <name>
2026-10-09T18:02:18.8059581Z hint:
2026-10-09T18:02:18.8060648Z hint: Names commonly chosen instead of 'master' are 'main', 'trunk' and
2026-10-09T18:02:18.8062451Z hint: 'development'. The just-created branch can be renamed via this command:
2026-10-09T18:02:18.8063788Z hint:
2026-10-09T18:02:18.8064512Z hint: 	git branch -m <name>
2026-10-09T18:02:18.8065591Z hint:
2026-10-09T18:02:18.8066843Z hint: Disable this message with "git config set advice.defaultBranchName false"
2026-10-09T18:02:18.8068820Z Initialized empty Git repository in /home/runner/work/lean-bridge/lean-bridge/.git/
2026-10-09T18:02:18.8077760Z [command]/usr/bin/git remote add origin https://github.com/seanmorris/lean-bridge
2026-10-09T18:02:18.8159359Z ##[endgroup]
2026-10-09T18:02:18.8160836Z ##[group]Disabling automatic garbage collection
2026-10-09T18:02:18.8163653Z [command]/usr/bin/git config --local gc.auto 0
2026-10-09T18:02:18.8197130Z ##[endgroup]
2026-10-09T18:02:18.8291303Z ##[group]Setting up auth
2026-10-09T18:02:18.8292381Z Removing SSH command configuration
2026-10-09T18:02:18.8293749Z [command]/usr/bin/git config --local --name-only --get-regexp core\.sshCommand
2026-10-09T18:02:18.8298605Z [command]/usr/bin/git submodule foreach --recursive sh -c "git config --local --name-only --get-regexp 'core\.sshCommand' && git config --local --unset-all 'core.sshCommand' || :"
2026-10-09T18:02:18.8614653Z Removing HTTP extra header
2026-10-09T18:02:18.8617930Z [command]/usr/bin/git config --local --name-only --get-regexp http\.https\:\/\/github\.com\/\.extraheader
2026-10-09T18:02:18.8666230Z [command]/usr/bin/git submodule foreach --recursive sh -c "git config --local --name-only --get-regexp 'http\.https\:\/\/github\.com\/\.extraheader' && git config --local --unset-all 'http.https://github.com/.extraheader' || :"
2026-10-09T18:02:18.8899149Z Removing includeIf entries pointing to credentials config files
2026-10-09T18:02:18.8905807Z [command]/usr/bin/git config --local --name-only --get-regexp ^includeIf\.gitdir:
2026-10-09T18:02:18.8943803Z [command]/usr/bin/git submodule foreach --recursive git config --local --show-origin --name-only --get-regexp remote.origin.url
2026-10-09T18:02:18.9173225Z [command]/usr/bin/git config --file /home/runner/work/_temp/git-credentials-3cd4f1ec-9346-421f-b6bd-1788fabada65.config http.https://github.com/.extraheader AUTHORIZATION: basic ***
2026-10-09T18:02:18.9216483Z [command]/usr/bin/git config --local includeIf.gitdir:/home/runner/work/lean-bridge/lean-bridge/.git.path /home/runner/work/_temp/git-credentials-3cd4f1ec-9346-421f-b6bd-1788fabada65.config
2026-10-09T18:02:18.9252501Z [command]/usr/bin/git config --local includeIf.gitdir:/home/runner/work/lean-bridge/lean-bridge/.git/worktrees/*.path /home/runner/work/_temp/git-credentials-3cd4f1ec-9346-421f-b6bd-1788fabada65.config
2026-10-09T18:02:18.9290806Z [command]/usr/bin/git config --local includeIf.gitdir:/github/workspace/.git.path /github/runner_temp/git-credentials-3cd4f1ec-9346-421f-b6bd-1788fabada65.config
2026-10-09T18:02:18.9334606Z [command]/usr/bin/git config --local includeIf.gitdir:/github/workspace/.git/worktrees/*.path /github/runner_temp/git-credentials-3cd4f1ec-9346-421f-b6bd-1788fabada65.config
2026-10-09T18:02:18.9364755Z ##[endgroup]
2026-10-09T18:02:18.9365979Z ##[group]Fetching the repository
2026-10-09T18:02:18.9373511Z [command]/usr/bin/git -c protocol.version=2 fetch --no-tags --prune --no-recurse-submodules --depth=1 origin +ff71335c762628da47887bfd4f208e62c39b94b7:refs/remotes/origin/agent/generic-record-arrays-integration-vo1439
2026-10-09T18:02:25.4201209Z From https://github.com/seanmorris/lean-bridge
2026-10-09T18:02:25.4206732Z  * [new ref]         ff71335c762628da47887bfd4f208e62c39b94b7 -> origin/agent/generic-record-arrays-integration-vo1439
2026-10-09T18:02:25.4214214Z [command]/usr/bin/git branch --list --remote origin/agent/generic-record-arrays-integration-vo1439
2026-10-09T18:02:25.4243944Z   origin/agent/generic-record-arrays-integration-vo1439
2026-10-09T18:02:25.4253524Z [command]/usr/bin/git rev-parse refs/remotes/origin/agent/generic-record-arrays-integration-vo1439
2026-10-09T18:02:25.4279970Z ff71335c762628da47887bfd4f208e62c39b94b7
2026-10-09T18:02:25.4283746Z ##[endgroup]
2026-10-09T18:02:25.4284321Z ##[group]Determining the checkout info
2026-10-09T18:02:25.4285482Z ##[endgroup]
2026-10-09T18:02:25.4290503Z [command]/usr/bin/git sparse-checkout disable
2026-10-09T18:02:25.4345833Z [command]/usr/bin/git config --local --unset-all extensions.worktreeConfig
2026-10-09T18:02:25.4376864Z ##[group]Checking out the ref
2026-10-09T18:02:25.4381381Z [command]/usr/bin/git checkout --progress --force -B agent/generic-record-arrays-integration-vo1439 refs/remotes/origin/agent/generic-record-arrays-integration-vo1439
2026-10-09T18:02:26.4576187Z Updating files:  28% (2152/7521)
2026-10-09T18:02:26.4674595Z Updating files:  29% (2182/7521)
2026-10-09T18:02:26.4734339Z Updating files:  30% (2257/7521)
2026-10-09T18:02:26.4835000Z Updating files:  31% (2332/7521)
2026-10-09T18:02:26.4963929Z Updating files:  32% (2407/7521)
2026-10-09T18:02:26.5084662Z Updating files:  33% (2482/7521)
2026-10-09T18:02:26.5157975Z Updating files:  34% (2558/7521)
2026-10-09T18:02:26.5812686Z Updating files:  35% (2633/7521)
2026-10-09T18:02:26.6090078Z Updating files:  36% (2708/7521)
2026-10-09T18:02:26.6148917Z Updating files:  37% (2783/7521)
2026-10-09T18:02:26.6190653Z Updating files:  38% (2858/7521)
2026-10-09T18:02:26.6236137Z Updating files:  39% (2934/7521)
2026-10-09T18:02:26.6293853Z Updating files:  40% (3009/7521)
2026-10-09T18:02:26.6339160Z Updating files:  41% (3084/7521)
2026-10-09T18:02:26.6382907Z Updating files:  42% (3159/7521)
2026-10-09T18:02:26.6435674Z Updating files:  43% (3235/7521)
2026-10-09T18:02:26.6462382Z Updating files:  44% (3310/7521)
2026-10-09T18:02:26.6531530Z Updating files:  45% (3385/7521)
2026-10-09T18:02:26.6635680Z Updating files:  46% (3460/7521)
2026-10-09T18:02:26.6695376Z Updating files:  47% (3535/7521)
2026-10-09T18:02:26.6752278Z Updating files:  48% (3611/7521)
2026-10-09T18:02:26.6811360Z Updating files:  49% (3686/7521)
2026-10-09T18:02:26.6867226Z Updating files:  50% (3761/7521)
2026-10-09T18:02:26.6923430Z Updating files:  51% (3836/7521)
2026-10-09T18:02:26.6980432Z Updating files:  52% (3911/7521)
2026-10-09T18:02:26.7041142Z Updating files:  53% (3987/7521)
2026-10-09T18:02:26.7097673Z Updating files:  54% (4062/7521)
2026-10-09T18:02:26.7163353Z Updating files:  55% (4137/7521)
2026-10-09T18:02:26.7210041Z Updating files:  56% (4212/7521)
2026-10-09T18:02:26.7256007Z Updating files:  57% (4287/7521)
2026-10-09T18:02:26.7291897Z Updating files:  58% (4363/7521)
2026-10-09T18:02:26.7337525Z Updating files:  59% (4438/7521)
2026-10-09T18:02:26.7375208Z Updating files:  60% (4513/7521)
2026-10-09T18:02:26.7406815Z Updating files:  61% (4588/7521)
2026-10-09T18:02:26.7439286Z Updating files:  62% (4664/7521)
2026-10-09T18:02:26.7477699Z Updating files:  63% (4739/7521)
2026-10-09T18:02:26.7518816Z Updating files:  64% (4814/7521)
2026-10-09T18:02:26.7573079Z Updating files:  65% (4889/7521)
2026-10-09T18:02:26.7627779Z Updating files:  66% (4964/7521)
2026-10-09T18:02:26.7677289Z Updating files:  67% (5040/7521)
2026-10-09T18:02:26.7743693Z Updating files:  68% (5115/7521)
2026-10-09T18:02:26.7817108Z Updating files:  69% (5190/7521)
2026-10-09T18:02:26.7892933Z Updating files:  70% (5265/7521)
2026-10-09T18:02:26.7971148Z Updating files:  71% (5340/7521)
2026-10-09T18:02:26.8021892Z Updating files:  72% (5416/7521)
2026-10-09T18:02:26.8069906Z Updating files:  73% (5491/7521)
2026-10-09T18:02:26.8118218Z Updating files:  74% (5566/7521)
2026-10-09T18:02:26.8161041Z Updating files:  75% (5641/7521)
2026-10-09T18:02:26.8220381Z Updating files:  76% (5716/7521)
2026-10-09T18:02:26.8272613Z Updating files:  77% (5792/7521)
2026-10-09T18:02:26.8332442Z Updating files:  78% (5867/7521)
2026-10-09T18:02:26.8388746Z Updating files:  79% (5942/7521)
2026-10-09T18:02:26.8430775Z Updating files:  80% (6017/7521)
2026-10-09T18:02:26.8478567Z Updating files:  81% (6093/7521)
2026-10-09T18:02:26.8522606Z Updating files:  82% (6168/7521)
2026-10-09T18:02:26.8569171Z Updating files:  83% (6243/7521)
2026-10-09T18:02:26.8609996Z Updating files:  84% (6318/7521)
2026-10-09T18:02:26.8651336Z Updating files:  85% (6393/7521)
2026-10-09T18:02:26.8698337Z Updating files:  86% (6469/7521)
2026-10-09T18:02:26.8750142Z Updating files:  87% (6544/7521)
2026-10-09T18:02:26.8800199Z Updating files:  88% (6619/7521)
2026-10-09T18:02:26.8861128Z Updating files:  89% (6694/7521)
2026-10-09T18:02:26.8923766Z Updating files:  90% (6769/7521)
2026-10-09T18:02:26.8976820Z Updating files:  91% (6845/7521)
2026-10-09T18:02:26.9025422Z Updating files:  92% (6920/7521)
2026-10-09T18:02:26.9075921Z Updating files:  93% (6995/7521)
2026-10-09T18:02:26.9119869Z Updating files:  94% (7070/7521)
2026-10-09T18:02:26.9173606Z Updating files:  95% (7145/7521)
2026-10-09T18:02:26.9222473Z Updating files:  96% (7221/7521)
2026-10-09T18:02:26.9276102Z Updating files:  97% (7296/7521)
2026-10-09T18:02:26.9324146Z Updating files:  98% (7371/7521)
2026-10-09T18:02:26.9372157Z Updating files:  99% (7446/7521)
2026-10-09T18:02:26.9372763Z Updating files: 100% (7521/7521)
2026-10-09T18:02:26.9373116Z Updating files: 100% (7521/7521), done.
2026-10-09T18:02:26.9460786Z Switched to a new branch 'agent/generic-record-arrays-integration-vo1439'
2026-10-09T18:02:26.9467113Z branch 'agent/generic-record-arrays-integration-vo1439' set up to track 'origin/agent/generic-record-arrays-integration-vo1439'.
2026-10-09T18:02:26.9526838Z ##[endgroup]
2026-10-09T18:02:26.9577253Z [command]/usr/bin/git log -1 --format=%H
2026-10-09T18:02:26.9606883Z ff71335c762628da47887bfd4f208e62c39b94b7
2026-10-09T18:02:26.9617174Z ##[group]Removing auth
2026-10-09T18:02:26.9617839Z Removing SSH command configuration
2026-10-09T18:02:26.9624172Z [command]/usr/bin/git config --local --name-only --get-regexp core\.sshCommand
2026-10-09T18:02:26.9662144Z [command]/usr/bin/git submodule foreach --recursive sh -c "git config --local --name-only --get-regexp 'core\.sshCommand' && git config --local --unset-all 'core.sshCommand' || :"
2026-10-09T18:02:26.9901025Z Removing HTTP extra header
2026-10-09T18:02:26.9906807Z [command]/usr/bin/git config --local --name-only --get-regexp http\.https\:\/\/github\.com\/\.extraheader
2026-10-09T18:02:26.9945556Z [command]/usr/bin/git submodule foreach --recursive sh -c "git config --local --name-only --get-regexp 'http\.https\:\/\/github\.com\/\.extraheader' && git config --local --unset-all 'http.https://github.com/.extraheader' || :"
2026-10-09T18:02:27.0176650Z Removing includeIf entries pointing to credentials config files
2026-10-09T18:02:27.0180730Z [command]/usr/bin/git config --local --name-only --get-regexp ^includeIf\.gitdir:
2026-10-09T18:02:27.0212709Z includeif.gitdir:/home/runner/work/lean-bridge/lean-bridge/.git.path
2026-10-09T18:02:27.0213991Z includeif.gitdir:/home/runner/work/lean-bridge/lean-bridge/.git/worktrees/*.path
2026-10-09T18:02:27.0215351Z includeif.gitdir:/github/workspace/.git.path
2026-10-09T18:02:27.0216292Z includeif.gitdir:/github/workspace/.git/worktrees/*.path
2026-10-09T18:02:27.0239502Z [command]/usr/bin/git config --local --get-all includeif.gitdir:/home/runner/work/lean-bridge/lean-bridge/.git.path
2026-10-09T18:02:27.0258248Z /home/runner/work/_temp/git-credentials-3cd4f1ec-9346-421f-b6bd-1788fabada65.config
2026-10-09T18:02:27.0274600Z [command]/usr/bin/git config --local --unset includeif.gitdir:/home/runner/work/lean-bridge/lean-bridge/.git.path /home/runner/work/_temp/git-credentials-3cd4f1ec-9346-421f-b6bd-1788fabada65.config
2026-10-09T18:02:27.0310641Z [command]/usr/bin/git config --local --get-all includeif.gitdir:/home/runner/work/lean-bridge/lean-bridge/.git/worktrees/*.path
2026-10-09T18:02:27.0337254Z /home/runner/work/_temp/git-credentials-3cd4f1ec-9346-421f-b6bd-1788fabada65.config
2026-10-09T18:02:27.0349187Z [command]/usr/bin/git config --local --unset includeif.gitdir:/home/runner/work/lean-bridge/lean-bridge/.git/worktrees/*.path /home/runner/work/_temp/git-credentials-3cd4f1ec-9346-421f-b6bd-1788fabada65.config
2026-10-09T18:02:27.0396928Z [command]/usr/bin/git config --local --get-all includeif.gitdir:/github/workspace/.git.path
2026-10-09T18:02:27.0422768Z /github/runner_temp/git-credentials-3cd4f1ec-9346-421f-b6bd-1788fabada65.config
2026-10-09T18:02:27.0430345Z [command]/usr/bin/git config --local --unset includeif.gitdir:/github/workspace/.git.path /github/runner_temp/git-credentials-3cd4f1ec-9346-421f-b6bd-1788fabada65.config
2026-10-09T18:02:27.0464133Z [command]/usr/bin/git config --local --get-all includeif.gitdir:/github/workspace/.git/worktrees/*.path
2026-10-09T18:02:27.0488634Z /github/runner_temp/git-credentials-3cd4f1ec-9346-421f-b6bd-1788fabada65.config
2026-10-09T18:02:27.0496027Z [command]/usr/bin/git config --local --unset includeif.gitdir:/github/workspace/.git/worktrees/*.path /github/runner_temp/git-credentials-3cd4f1ec-9346-421f-b6bd-1788fabada65.config
2026-10-09T18:02:27.0532201Z [command]/usr/bin/git submodule foreach --recursive git config --local --show-origin --name-only --get-regexp remote.origin.url
2026-10-09T18:02:27.0762961Z Removing credentials config '/home/runner/work/_temp/git-credentials-3cd4f1ec-9346-421f-b6bd-1788fabada65.config'
2026-10-09T18:02:27.0771293Z ##[endgroup]
2026-10-09T18:02:27.1030601Z ##[group]Run actions/setup-node@v6
2026-10-09T18:02:27.1030890Z with:
2026-10-09T18:02:27.1031087Z   node-version: 22
2026-10-09T18:02:27.1031295Z   cache: npm
2026-10-09T18:02:27.1031497Z   check-latest: false
2026-10-09T18:02:27.1034168Z   token: ***
2026-10-09T18:02:27.1034403Z   package-manager-cache: true
2026-10-09T18:02:27.1034660Z ##[endgroup]
2026-10-09T18:02:27.2789349Z Found in cache @ /opt/hostedtoolcache/node/22.23.3/x64
2026-10-09T18:02:27.2791594Z ##[group]Environment details
2026-10-09T18:02:28.9637006Z node: v22.23.3
2026-10-09T18:02:28.9637446Z npm: 10.9.9
2026-10-09T18:02:28.9637786Z yarn: 1.22.22
2026-10-09T18:02:28.9639180Z ##[endgroup]
2026-10-09T18:02:28.9657061Z [command]/opt/hostedtoolcache/node/22.23.3/x64/bin/npm config get cache
2026-10-09T18:02:29.0723868Z /home/runner/.npm
2026-10-09T18:02:29.2421377Z Cache hit for: node-cache-Linux-x64-npm-26a2ea32ff9fbdbc806907cf3b846fc9f2d906ee6b040e7c2c0e2b49f755b41e
2026-10-09T18:02:30.1846522Z Received 55090959 of 55090959 (100.0%), 67.4 MBs/sec
2026-10-09T18:02:30.1847926Z Cache Size: ~53 MB (55090959 B)
2026-10-09T18:02:30.1884289Z [command]/usr/bin/tar -xf /home/runner/work/_temp/e45836c9-84c6-4f35-8dbb-564adc288345/cache.tzst -P -C /home/runner/work/lean-bridge/lean-bridge --use-compress-program unzstd
2026-10-09T18:02:30.3608464Z Cache restored successfully
2026-10-09T18:02:30.3641300Z Cache restored from key: node-cache-Linux-x64-npm-26a2ea32ff9fbdbc806907cf3b846fc9f2d906ee6b040e7c2c0e2b49f755b41e
2026-10-09T18:02:30.3810301Z ##[group]Run npm ci --ignore-scripts --no-audit --no-fund
2026-10-09T18:02:30.3810843Z [36;1mnpm ci --ignore-scripts --no-audit --no-fund[0m
2026-10-09T18:02:30.4056812Z shell: /usr/bin/bash -e {0}
2026-10-09T18:02:30.4057098Z ##[endgroup]
2026-10-09T18:02:34.9621526Z 
2026-10-09T18:02:34.9630314Z added 422 packages in 4s
2026-10-09T18:02:35.0382824Z Prepare all required actions
2026-10-09T18:02:35.0417181Z ##[group]Run ./.github/actions/bounded-apt
2026-10-09T18:02:35.0417673Z ##[endgroup]
2026-10-09T18:02:35.0472467Z ##[start-action display=Configure apt network limits;id=__self.__run]
2026-10-09T18:02:35.0521807Z ##[group]Run sudo install -m 0644 "/home/runner/work/lean-bridge/lean-bridge/./.github/actions/bounded-apt/apt-network.conf" /etc/apt/apt.conf.d/99lean-bridge-network
2026-10-09T18:02:35.0523012Z [36;1msudo install -m 0644 "/home/runner/work/lean-bridge/lean-bridge/./.github/actions/bounded-apt/apt-network.conf" /etc/apt/apt.conf.d/99lean-bridge-network[0m
2026-10-09T18:02:35.0523724Z [36;1mapt-config dump[0m
2026-10-09T18:02:35.0588079Z shell: /usr/bin/bash --noprofile --norc -e -o pipefail {0}
2026-10-09T18:02:35.0588443Z ##[endgroup]
2026-10-09T18:02:35.0853421Z APT "";
2026-10-09T18:02:35.0853885Z APT::Architecture "amd64";
2026-10-09T18:02:35.0854377Z APT::Build-Essential "";
2026-10-09T18:02:35.0855207Z APT::Build-Essential:: "build-essential";
2026-10-09T18:02:35.0855808Z APT::Install-Recommends "1";
2026-10-09T18:02:35.0856322Z APT::Install-Suggests "0";
2026-10-09T18:02:35.0856739Z APT::Key "";
2026-10-09T18:02:35.0858325Z APT::Key::Assert-Pubkey-Algo ">=rsa1024,ed25519,ed448,nistp256,nistp384,nistp512,brainpoolP256r1,brainpoolP320r1,brainpoolP384r1,brainpoolP512r1,secp256k1";
2026-10-09T18:02:35.0860188Z APT::Key::Assert-Pubkey-Algo::Next ">=rsa2048,ed25519,ed448,nistp256,nistp384,nistp512";
2026-10-09T18:02:35.0861246Z APT::Key::Assert-Pubkey-Algo::Future ">=rsa3072,ed25519,ed448";
2026-10-09T18:02:35.0861866Z APT::Sandbox "";
2026-10-09T18:02:35.0862279Z APT::Sandbox::User "_apt";
2026-10-09T18:02:35.0862751Z APT::NeverAutoRemove "";
2026-10-09T18:02:35.0863327Z APT::NeverAutoRemove:: "^firmware-linux.*";
2026-10-09T18:02:35.0863977Z APT::NeverAutoRemove:: "^linux-firmware$";
2026-10-09T18:02:35.0864662Z APT::NeverAutoRemove:: "^linux-image-[a-z0-9]*$";
2026-10-09T18:02:35.0865656Z APT::NeverAutoRemove:: "^linux-image-[a-z0-9]*-[a-z0-9]*$";
2026-10-09T18:02:35.0866394Z APT::NeverAutoRemove:: "^postgresql.*-16";
2026-10-09T18:02:35.0867009Z APT::VersionedKernelPackages "";
2026-10-09T18:02:35.0867750Z APT::VersionedKernelPackages:: "linux-.*";
2026-10-09T18:02:35.0868414Z APT::VersionedKernelPackages:: "kfreebsd-.*";
2026-10-09T18:02:35.0869088Z APT::VersionedKernelPackages:: "gnumach-.*";
2026-10-09T18:02:35.0869764Z APT::VersionedKernelPackages:: ".*-modules";
2026-10-09T18:02:35.0870426Z APT::VersionedKernelPackages:: ".*-kernel";
2026-10-09T18:02:35.0871034Z APT::Never-MarkAuto-Sections "";
2026-10-09T18:02:35.0871664Z APT::Never-MarkAuto-Sections:: "metapackages";
2026-10-09T18:02:35.0872329Z APT::Never-MarkAuto-Sections:: "tasks";
2026-10-09T18:02:35.0872910Z APT::Move-Autobit-Sections "";
2026-10-09T18:02:35.0873478Z APT::Move-Autobit-Sections:: "oldlibs";
2026-10-09T18:02:35.0873954Z APT::Get "";
2026-10-09T18:02:35.0874390Z APT::Get::AutomaticRemove "0";
2026-10-09T18:02:35.0875343Z APT::Get::HideAutoRemove "1";
2026-10-09T18:02:35.0875888Z APT::Get::Assume-Yes "true";
2026-10-09T18:02:35.0876502Z APT::Get::Always-Include-Phased-Updates "true";
2026-10-09T18:02:35.0877081Z APT::Periodic "";
2026-10-09T18:02:35.0877596Z APT::Periodic::Update-Package-Lists "1";
2026-10-09T18:02:35.0878284Z APT::Periodic::Download-Upgradeable-Packages "0";
2026-10-09T18:02:35.0878979Z APT::Periodic::AutocleanInterval "0";
2026-10-09T18:02:35.0879458Z APT::Update "";
2026-10-09T18:02:35.0879922Z APT::Update::Post-Invoke-Success "";
2026-10-09T18:02:35.0881048Z APT::Update::Post-Invoke-Success:: "touch /var/lib/apt/periodic/update-success-stamp 2>/dev/null || true";
2026-10-09T18:02:35.0885596Z APT::Update::Post-Invoke-Success:: "/usr/bin/test -e /usr/share/dbus-1/system-services/org.freedesktop.PackageKit.service && /usr/bin/test -S /var/run/dbus/system_bus_socket && /usr/bin/gdbus call --system --dest org.freedesktop.PackageKit --object-path /org/freedesktop/PackageKit --timeout 4 --method org.freedesktop.PackageKit.StateHasChanged cache-update > /dev/null; /bin/echo > /dev/null";
2026-10-09T18:02:35.0889657Z APT::Update::Post-Invoke-Success:: "if /usr/bin/test -w /var/cache/swcatalog -a -e /usr/bin/appstreamcli; then appstreamcli refresh --source=os > /dev/null || true; fi";
2026-10-09T18:02:35.0892205Z APT::Update::Post-Invoke-Success:: "if /usr/bin/test -w /var/lib/command-not-found/ -a -e /usr/lib/cnf-update-db; then /usr/lib/cnf-update-db > /dev/null; fi";
2026-10-09T18:02:35.0894119Z APT::Update::Post-Invoke-Success:: "/usr/lib/update-notifier/update-motd-updates-available 2>/dev/null || true";
2026-10-09T18:02:35.0895345Z APT::Update::Pre-Invoke "";
2026-10-09T18:02:35.0896833Z APT::Update::Pre-Invoke:: "[ ! -e /run/systemd/system ] || [ $(id -u) -ne 0 ] || systemctl start --no-block apt-news.service esm-cache.service >/dev/null 2>&1 || true";
2026-10-09T18:02:35.0898107Z APT::Update::Error-Mode "any";
2026-10-09T18:02:35.0898568Z APT::Archives "";
2026-10-09T18:02:35.0898974Z APT::Archives::MaxAge "30";
2026-10-09T18:02:35.0899440Z APT::Archives::MinAge "2";
2026-10-09T18:02:35.0899903Z APT::Archives::MaxSize "500";
2026-10-09T18:02:35.0900373Z APT::Architectures "";
2026-10-09T18:02:35.0900804Z APT::Architectures:: "amd64";
2026-10-09T18:02:35.0901256Z APT::Compressor "";
2026-10-09T18:02:35.0901689Z APT::Compressor::. "";
2026-10-09T18:02:35.0902179Z APT::Compressor::.::Name ".";
2026-10-09T18:02:35.0902713Z APT::Compressor::.::Extension "";
2026-10-09T18:02:35.0903259Z APT::Compressor::.::Binary "";
2026-10-09T18:02:35.0903755Z APT::Compressor::.::Cost "0";
2026-10-09T18:02:35.0904215Z APT::Compressor::zstd "";
2026-10-09T18:02:35.0904721Z APT::Compressor::zstd::Name "zstd";
2026-10-09T18:02:35.0905519Z APT::Compressor::zstd::Extension ".zst";
2026-10-09T18:02:35.0906128Z APT::Compressor::zstd::Binary "zstd";
2026-10-09T18:02:35.0906699Z APT::Compressor::zstd::Cost "60";
2026-10-09T18:02:35.0907261Z APT::Compressor::zstd::CompressArg "";
2026-10-09T18:02:35.0907885Z APT::Compressor::zstd::CompressArg:: "-19";
2026-10-09T18:02:35.0908535Z APT::Compressor::zstd::UncompressArg "";
2026-10-09T18:02:35.0909181Z APT::Compressor::zstd::UncompressArg:: "-d";
2026-10-09T18:02:35.0909737Z APT::Compressor::lz4 "";
2026-10-09T18:02:35.0910263Z APT::Compressor::lz4::Name "lz4";
2026-10-09T18:02:35.0910829Z APT::Compressor::lz4::Extension ".lz4";
2026-10-09T18:02:35.0911417Z APT::Compressor::lz4::Binary "lz4";
2026-10-09T18:02:35.0911971Z APT::Compressor::lz4::Cost "50";
2026-10-09T18:02:35.0912534Z APT::Compressor::lz4::CompressArg "";
2026-10-09T18:02:35.0913142Z APT::Compressor::lz4::CompressArg:: "-1";
2026-10-09T18:02:35.0913756Z APT::Compressor::lz4::UncompressArg "";
2026-10-09T18:02:35.0914465Z APT::Compressor::lz4::UncompressArg:: "-d";
2026-10-09T18:02:35.0915224Z APT::Compressor::gzip "";
2026-10-09T18:02:35.0915746Z APT::Compressor::gzip::Name "gzip";
2026-10-09T18:02:35.0916336Z APT::Compressor::gzip::Extension ".gz";
2026-10-09T18:02:35.0916931Z APT::Compressor::gzip::Binary "gzip";
2026-10-09T18:02:35.0917509Z APT::Compressor::gzip::Cost "100";
2026-10-09T18:02:35.0918101Z APT::Compressor::gzip::CompressArg "";
2026-10-09T18:02:35.0918748Z APT::Compressor::gzip::CompressArg:: "-6n";
2026-10-09T18:02:35.0919377Z APT::Compressor::gzip::UncompressArg "";
2026-10-09T18:02:35.0920020Z APT::Compressor::gzip::UncompressArg:: "-d";
2026-10-09T18:02:35.0920573Z APT::Compressor::xz "";
2026-10-09T18:02:35.0921054Z APT::Compressor::xz::Name "xz";
2026-10-09T18:02:35.0921602Z APT::Compressor::xz::Extension ".xz";
2026-10-09T18:02:35.0922173Z APT::Compressor::xz::Binary "xz";
2026-10-09T18:02:35.0922711Z APT::Compressor::xz::Cost "200";
2026-10-09T18:02:35.0923257Z APT::Compressor::xz::CompressArg "";
2026-10-09T18:02:35.0923853Z APT::Compressor::xz::CompressArg:: "-6";
2026-10-09T18:02:35.0924458Z APT::Compressor::xz::UncompressArg "";
2026-10-09T18:02:35.0925259Z APT::Compressor::xz::UncompressArg:: "-d";
2026-10-09T18:02:35.0925811Z APT::Compressor::bzip2 "";
2026-10-09T18:02:35.0926341Z APT::Compressor::bzip2::Name "bzip2";
2026-10-09T18:02:35.0927130Z APT::Compressor::bzip2::Extension ".bz2";
2026-10-09T18:02:35.0927749Z APT::Compressor::bzip2::Binary "bzip2";
2026-10-09T18:02:35.0928490Z APT::Compressor::bzip2::Cost "300";
2026-10-09T18:02:35.0929068Z APT::Compressor::bzip2::CompressArg "";
2026-10-09T18:02:35.0929687Z APT::Compressor::bzip2::CompressArg:: "-6";
2026-10-09T18:02:35.0930325Z APT::Compressor::bzip2::UncompressArg "";
2026-10-09T18:02:35.0930972Z APT::Compressor::bzip2::UncompressArg:: "-d";
2026-10-09T18:02:35.0931530Z APT::Compressor::lzma "";
2026-10-09T18:02:35.0932037Z APT::Compressor::lzma::Name "lzma";
2026-10-09T18:02:35.0932626Z APT::Compressor::lzma::Extension ".lzma";
2026-10-09T18:02:35.0933221Z APT::Compressor::lzma::Binary "xz";
2026-10-09T18:02:35.0933774Z APT::Compressor::lzma::Cost "400";
2026-10-09T18:02:35.0934354Z APT::Compressor::lzma::CompressArg "";
2026-10-09T18:02:35.0935237Z APT::Compressor::lzma::CompressArg:: "--format=lzma";
2026-10-09T18:02:35.0935946Z APT::Compressor::lzma::CompressArg:: "-6";
2026-10-09T18:02:35.0936581Z APT::Compressor::lzma::UncompressArg "";
2026-10-09T18:02:35.0937292Z APT::Compressor::lzma::UncompressArg:: "--format=lzma";
2026-10-09T18:02:35.0938014Z APT::Compressor::lzma::UncompressArg:: "-d";
2026-10-09T18:02:35.0938524Z Dir "/";
2026-10-09T18:02:35.0938892Z Dir::State "var/lib/apt";
2026-10-09T18:02:35.0939341Z Dir::State::lists "lists/";
2026-10-09T18:02:35.0939850Z Dir::State::cdroms "cdroms.list";
2026-10-09T18:02:35.0940467Z Dir::State::extended_states "extended_states";
2026-10-09T18:02:35.0941113Z Dir::State::status "/var/lib/dpkg/status";
2026-10-09T18:02:35.0941638Z Dir::Cache "var/cache/apt";
2026-10-09T18:02:35.0942149Z Dir::Cache::archives "archives/";
2026-10-09T18:02:35.0942727Z Dir::Cache::srcpkgcache "srcpkgcache.bin";
2026-10-09T18:02:35.0943335Z Dir::Cache::pkgcache "pkgcache.bin";
2026-10-09T18:02:35.0943827Z Dir::Etc "etc/apt";
2026-10-09T18:02:35.0944297Z Dir::Etc::sourcelist "sources.list";
2026-10-09T18:02:35.0945094Z Dir::Etc::sourceparts "sources.list.d";
2026-10-09T18:02:35.0945639Z Dir::Etc::main "apt.conf";
2026-10-09T18:02:35.0946100Z Dir::Etc::netrc "auth.conf";
2026-10-09T18:02:35.0946634Z Dir::Etc::netrcparts "auth.conf.d";
2026-10-09T18:02:35.0947141Z Dir::Etc::parts "apt.conf.d";
2026-10-09T18:02:35.0947680Z Dir::Etc::preferences "preferences";
2026-10-09T18:02:35.0948292Z Dir::Etc::preferencesparts "preferences.d";
2026-10-09T18:02:35.0948896Z Dir::Etc::trusted "trusted.gpg";
2026-10-09T18:02:35.0949471Z Dir::Etc::trustedparts "trusted.gpg.d";
2026-10-09T18:02:35.0949949Z Dir::Bin "";
2026-10-09T18:02:35.0950414Z Dir::Bin::methods "/usr/lib/apt/methods";
2026-10-09T18:02:35.0950927Z Dir::Bin::solvers "";
2026-10-09T18:02:35.0951446Z Dir::Bin::solvers:: "/usr/lib/apt/solvers";
2026-10-09T18:02:35.0951967Z Dir::Bin::planners "";
2026-10-09T18:02:35.0952503Z Dir::Bin::planners:: "/usr/lib/apt/planners";
2026-10-09T18:02:35.0953128Z Dir::Bin::dpkg "/usr/bin/dpkg";
2026-10-09T18:02:35.0953599Z Dir::Bin::gzip "/bin/gzip";
2026-10-09T18:02:35.0954063Z Dir::Bin::bzip2 "/bin/bzip2";
2026-10-09T18:02:35.0954532Z Dir::Bin::xz "/usr/bin/xz";
2026-10-09T18:02:35.0955153Z Dir::Bin::lz4 "/usr/bin/lz4";
2026-10-09T18:02:35.0955661Z Dir::Bin::zstd "/usr/bin/zstd";
2026-10-09T18:02:35.0956138Z Dir::Bin::lzma "/usr/bin/xz";
2026-10-09T18:02:35.0956559Z Dir::Media "";
2026-10-09T18:02:35.0957013Z Dir::Media::MountPath "/media/apt";
2026-10-09T18:02:35.0957506Z Dir::Log "var/log/apt";
2026-10-09T18:02:35.0957990Z Dir::Log::Terminal "term.log";
2026-10-09T18:02:35.0958512Z Dir::Log::History "history.log";
2026-10-09T18:02:35.0959042Z Dir::Log::Planner "eipp.log.xz";
2026-10-09T18:02:35.0959579Z Dir::Ignore-Files-Silently "";
2026-10-09T18:02:35.0960121Z Dir::Ignore-Files-Silently:: "~$";
2026-10-09T18:02:35.0960726Z Dir::Ignore-Files-Silently:: "\.disabled$";
2026-10-09T18:02:35.0961347Z Dir::Ignore-Files-Silently:: "\.bak$";
2026-10-09T18:02:35.0961992Z Dir::Ignore-Files-Silently:: "\.dpkg-[a-z]+$";
2026-10-09T18:02:35.0962828Z Dir::Ignore-Files-Silently:: "\.ucf-[a-z]+$";
2026-10-09T18:02:35.0963469Z Dir::Ignore-Files-Silently:: "\.save$";
2026-10-09T18:02:35.0964080Z Dir::Ignore-Files-Silently:: "\.orig$";
2026-10-09T18:02:35.0965036Z Dir::Ignore-Files-Silently:: "\.distUpgrade$";
2026-10-09T18:02:35.0965570Z Acquire "";
2026-10-09T18:02:35.0966047Z Acquire::AllowInsecureRepositories "0";
2026-10-09T18:02:35.0966652Z Acquire::AllowWeakRepositories "0";
2026-10-09T18:02:35.0967338Z Acquire::AllowDowngradeToInsecureRepositories "0";
2026-10-09T18:02:35.0967929Z Acquire::cdrom "";
2026-10-09T18:02:35.0968406Z Acquire::cdrom::mount "/media/cdrom/";
2026-10-09T18:02:35.0968925Z Acquire::IndexTargets "";
2026-10-09T18:02:35.0969416Z Acquire::IndexTargets::deb "";
2026-10-09T18:02:35.0969976Z Acquire::IndexTargets::deb::Packages "";
2026-10-09T18:02:35.0971001Z Acquire::IndexTargets::deb::Packages::MetaKey "$(COMPONENT)/binary-$(ARCHITECTURE)/Packages";
2026-10-09T18:02:35.0972100Z Acquire::IndexTargets::deb::Packages::flatMetaKey "Packages";
2026-10-09T18:02:35.0973048Z Acquire::IndexTargets::deb::Packages::ShortDescription "Packages";
2026-10-09T18:02:35.0974294Z Acquire::IndexTargets::deb::Packages::Description "$(RELEASE)/$(COMPONENT) $(ARCHITECTURE) Packages";
2026-10-09T18:02:35.0975751Z Acquire::IndexTargets::deb::Packages::flatDescription "$(RELEASE) Packages";
2026-10-09T18:02:35.0976678Z Acquire::IndexTargets::deb::Packages::Optional "0";
2026-10-09T18:02:35.0977381Z Acquire::IndexTargets::deb::Translations "";
2026-10-09T18:02:35.0978421Z Acquire::IndexTargets::deb::Translations::MetaKey "$(COMPONENT)/i18n/Translation-$(LANGUAGE)";
2026-10-09T18:02:35.0979578Z Acquire::IndexTargets::deb::Translations::flatMetaKey "$(LANGUAGE)";
2026-10-09T18:02:35.0980728Z Acquire::IndexTargets::deb::Translations::ShortDescription "Translation-$(LANGUAGE)";
2026-10-09T18:02:35.0982137Z Acquire::IndexTargets::deb::Translations::Description "$(RELEASE)/$(COMPONENT) Translation-$(LANGUAGE)";
2026-10-09T18:02:35.0983584Z Acquire::IndexTargets::deb::Translations::flatDescription "$(RELEASE) Translation-$(LANGUAGE)";
2026-10-09T18:02:35.0984554Z Acquire::IndexTargets::deb::DEP-11 "";
2026-10-09T18:02:35.0985822Z Acquire::IndexTargets::deb::DEP-11::MetaKey "$(COMPONENT)/dep11/Components-$(NATIVE_ARCHITECTURE).yml";
2026-10-09T18:02:35.0987190Z Acquire::IndexTargets::deb::DEP-11::ShortDescription "Components-$(NATIVE_ARCHITECTURE)";
2026-10-09T18:02:35.0988635Z Acquire::IndexTargets::deb::DEP-11::Description "$(RELEASE)/$(COMPONENT) $(NATIVE_ARCHITECTURE) Components";
2026-10-09T18:02:35.0989785Z Acquire::IndexTargets::deb::DEP-11::KeepCompressed "true";
2026-10-09T18:02:35.0990631Z Acquire::IndexTargets::deb::DEP-11::KeepCompressedAs "gz";
2026-10-09T18:02:35.0991489Z Acquire::IndexTargets::deb::DEP-11::DefaultEnabled "false";
2026-10-09T18:02:35.0992269Z Acquire::IndexTargets::deb::DEP-11-icons-small "";
2026-10-09T18:02:35.0993331Z Acquire::IndexTargets::deb::DEP-11-icons-small::MetaKey "$(COMPONENT)/dep11/icons-48x48.tar";
2026-10-09T18:02:35.0994573Z Acquire::IndexTargets::deb::DEP-11-icons-small::ShortDescription "icons-48x48";
2026-10-09T18:02:35.0996078Z Acquire::IndexTargets::deb::DEP-11-icons-small::Description "$(RELEASE)/$(COMPONENT) Icons (48x48)";
2026-10-09T18:02:35.0997302Z Acquire::IndexTargets::deb::DEP-11-icons-small::KeepCompressed "true";
2026-10-09T18:02:35.0998337Z Acquire::IndexTargets::deb::DEP-11-icons-small::KeepCompressedAs "gz";
2026-10-09T18:02:35.0999367Z Acquire::IndexTargets::deb::DEP-11-icons-small::DefaultEnabled "false";
2026-10-09T18:02:35.1000194Z Acquire::IndexTargets::deb::DEP-11-icons "";
2026-10-09T18:02:35.1001172Z Acquire::IndexTargets::deb::DEP-11-icons::MetaKey "$(COMPONENT)/dep11/icons-64x64.tar";
2026-10-09T18:02:35.1002314Z Acquire::IndexTargets::deb::DEP-11-icons::ShortDescription "icons-64x64";
2026-10-09T18:02:35.1003538Z Acquire::IndexTargets::deb::DEP-11-icons::Description "$(RELEASE)/$(COMPONENT) Icons (64x64)";
2026-10-09T18:02:35.1004649Z Acquire::IndexTargets::deb::DEP-11-icons::KeepCompressed "true";
2026-10-09T18:02:35.1005998Z Acquire::IndexTargets::deb::DEP-11-icons::KeepCompressedAs "gz";
2026-10-09T18:02:35.1006960Z Acquire::IndexTargets::deb::DEP-11-icons::DefaultEnabled "false";
2026-10-09T18:02:35.1007932Z Acquire::IndexTargets::deb::DEP-11-icons-hidpi "";
2026-10-09T18:02:35.1009026Z Acquire::IndexTargets::deb::DEP-11-icons-hidpi::MetaKey "$(COMPONENT)/dep11/icons-64x64@2.tar";
2026-10-09T18:02:35.1010280Z Acquire::IndexTargets::deb::DEP-11-icons-hidpi::ShortDescription "icons-64x64@2";
2026-10-09T18:02:35.1011639Z Acquire::IndexTargets::deb::DEP-11-icons-hidpi::Description "$(RELEASE)/$(COMPONENT) Icons (64x64@2)";
2026-10-09T18:02:35.1012857Z Acquire::IndexTargets::deb::DEP-11-icons-hidpi::KeepCompressed "true";
2026-10-09T18:02:35.1013878Z Acquire::IndexTargets::deb::DEP-11-icons-hidpi::KeepCompressedAs "gz";
2026-10-09T18:02:35.1015275Z Acquire::IndexTargets::deb::DEP-11-icons-hidpi::DefaultEnabled "false";
2026-10-09T18:02:35.1016169Z Acquire::IndexTargets::deb::DEP-11-icons-large "";
2026-10-09T18:02:35.1017261Z Acquire::IndexTargets::deb::DEP-11-icons-large::MetaKey "$(COMPONENT)/dep11/icons-128x128.tar";
2026-10-09T18:02:35.1018527Z Acquire::IndexTargets::deb::DEP-11-icons-large::ShortDescription "icons-128x128";
2026-10-09T18:02:35.1019877Z Acquire::IndexTargets::deb::DEP-11-icons-large::Description "$(RELEASE)/$(COMPONENT) Icons (128x128)";
2026-10-09T18:02:35.1021114Z Acquire::IndexTargets::deb::DEP-11-icons-large::KeepCompressed "true";
2026-10-09T18:02:35.1022165Z Acquire::IndexTargets::deb::DEP-11-icons-large::KeepCompressedAs "gz";
2026-10-09T18:02:35.1023195Z Acquire::IndexTargets::deb::DEP-11-icons-large::DefaultEnabled "false";
2026-10-09T18:02:35.1024117Z Acquire::IndexTargets::deb::DEP-11-icons-large-hidpi "";
2026-10-09T18:02:35.1025499Z Acquire::IndexTargets::deb::DEP-11-icons-large-hidpi::MetaKey "$(COMPONENT)/dep11/icons-128x128@2.tar";
2026-10-09T18:02:35.1026901Z Acquire::IndexTargets::deb::DEP-11-icons-large-hidpi::ShortDescription "icons-128x128@2";
2026-10-09T18:02:35.1028392Z Acquire::IndexTargets::deb::DEP-11-icons-large-hidpi::Description "$(RELEASE)/$(COMPONENT) Icons (128x128@2)";
2026-10-09T18:02:35.1029727Z Acquire::IndexTargets::deb::DEP-11-icons-large-hidpi::KeepCompressed "true";
2026-10-09T18:02:35.1030857Z Acquire::IndexTargets::deb::DEP-11-icons-large-hidpi::KeepCompressedAs "gz";
2026-10-09T18:02:35.1031979Z Acquire::IndexTargets::deb::DEP-11-icons-large-hidpi::DefaultEnabled "false";
2026-10-09T18:02:35.1032807Z Acquire::IndexTargets::deb::CNF "";
2026-10-09T18:02:35.1033776Z Acquire::IndexTargets::deb::CNF::MetaKey "$(COMPONENT)/cnf/Commands-$(NATIVE_ARCHITECTURE)";
2026-10-09T18:02:35.1035189Z Acquire::IndexTargets::deb::CNF::ShortDescription "Commands-$(NATIVE_ARCHITECTURE)";
2026-10-09T18:02:35.1036607Z Acquire::IndexTargets::deb::CNF::Description "$(RELEASE)/$(COMPONENT) $(NATIVE_ARCHITECTURE) c-n-f Metadata";
2026-10-09T18:02:35.1037607Z Acquire::IndexTargets::deb-src "";
2026-10-09T18:02:35.1038211Z Acquire::IndexTargets::deb-src::Sources "";
2026-10-09T18:02:35.1039134Z Acquire::IndexTargets::deb-src::Sources::MetaKey "$(COMPONENT)/source/Sources";
2026-10-09T18:02:35.1040157Z Acquire::IndexTargets::deb-src::Sources::flatMetaKey "Sources";
2026-10-09T18:02:35.1041133Z Acquire::IndexTargets::deb-src::Sources::ShortDescription "Sources";
2026-10-09T18:02:35.1042267Z Acquire::IndexTargets::deb-src::Sources::Description "$(RELEASE)/$(COMPONENT) Sources";
2026-10-09T18:02:35.1043452Z Acquire::IndexTargets::deb-src::Sources::flatDescription "$(RELEASE) Sources";
2026-10-09T18:02:35.1044390Z Acquire::IndexTargets::deb-src::Sources::Optional "0";
2026-10-09T18:02:35.1045173Z Acquire::Changelogs "";
2026-10-09T18:02:35.1045575Z Acquire::Changelogs::URI "";
2026-10-09T18:02:35.1045885Z Acquire::Changelogs::URI::Origin "";
2026-10-09T18:02:35.1046588Z Acquire::Changelogs::URI::Origin::Debian "https://metadata.ftp-master.debian.org/changelogs/@CHANGEPATH@_changelog";
2026-10-09T18:02:35.1047578Z Acquire::Changelogs::URI::Origin::Ubuntu "https://changelogs.ubuntu.com/changelogs/pool/@CHANGEPATH@/changelog";
2026-10-09T18:02:35.1048382Z Acquire::Changelogs::AlwaysOnline "true";
2026-10-09T18:02:35.1048782Z Acquire::Changelogs::AlwaysOnline::Origin "";
2026-10-09T18:02:35.1049379Z Acquire::Changelogs::AlwaysOnline::Origin::Ubuntu "1";
2026-10-09T18:02:35.1049726Z Acquire::Snapshots "";
2026-10-09T18:02:35.1049983Z Acquire::Snapshots::URI "";
2026-10-09T18:02:35.1050298Z Acquire::Snapshots::URI::Origin "";
2026-10-09T18:02:35.1050910Z Acquire::Snapshots::URI::Origin::Debian "https://snapshot.debian.org/archive/debian/@SNAPSHOTID@/";
2026-10-09T18:02:35.1051694Z Acquire::Snapshots::URI::Origin::Ubuntu "https://snapshot.ubuntu.com/ubuntu/@SNAPSHOTID@/";
2026-10-09T18:02:35.1052227Z Acquire::Snapshots::URI::Override "";
2026-10-09T18:02:35.1052586Z Acquire::Snapshots::URI::Override::Label "";
2026-10-09T18:02:35.1053341Z Acquire::Snapshots::URI::Override::Label::Debian-Security "https://snapshot.debian.org/archive/debian-security/@SNAPSHOTID@/";
2026-10-09T18:02:35.1054003Z Acquire::Snapshots::URI::Host "";
2026-10-09T18:02:35.1054600Z Acquire::Snapshots::URI::Host::archive.ubuntu.com "https://snapshot.ubuntu.com/@PATH@/@SNAPSHOTID@/";
2026-10-09T18:02:35.1055745Z Acquire::Snapshots::URI::Host::deb.debian.org "https://snapshot.debian.org/archive/@PATH@/@SNAPSHOTID@/";
2026-10-09T18:02:35.1056600Z Acquire::Snapshots::URI::Host::.archive.ubuntu.com "https://snapshot.ubuntu.com/@PATH@/@SNAPSHOTID@/";
2026-10-09T18:02:35.1057426Z Acquire::Snapshots::URI::Host::security.ubuntu.com "https://snapshot.ubuntu.com/@PATH@/@SNAPSHOTID@/";
2026-10-09T18:02:35.1058364Z Acquire::Snapshots::URI::Host::ppa.launchpadcontent.net "https://snapshot.ppa.launchpadcontent.net/@PATH@/@SNAPSHOTID@/";
2026-10-09T18:02:35.1059354Z Acquire::Snapshots::URI::Host::ppa.launchpad.net "https://snapshot.ppa.launchpadcontent.net/@PATH@/@SNAPSHOTID@/";
2026-10-09T18:02:35.1059925Z Acquire::http "";
2026-10-09T18:02:35.1060247Z Acquire::http::User-Agent-Non-Interactive "true";
2026-10-09T18:02:35.1060616Z Acquire::http::Timeout "15";
2026-10-09T18:02:35.1060936Z Acquire::http::Pipeline-Depth "0";
2026-10-09T18:02:35.1061261Z Acquire::http::No-Cache "true";
2026-10-09T18:02:35.1061559Z Acquire::Retries "1";
2026-10-09T18:02:35.1061805Z Acquire::https "";
2026-10-09T18:02:35.1062057Z Acquire::https::Timeout "15";
2026-10-09T18:02:35.1062374Z Acquire::https::Pipeline-Depth "0";
2026-10-09T18:02:35.1062705Z Acquire::https::No-Cache "true";
2026-10-09T18:02:35.1062993Z Acquire::BrokenProxy "true";
2026-10-09T18:02:35.1063258Z Acquire::Languages "";
2026-10-09T18:02:35.1063515Z Acquire::Languages:: "en";
2026-10-09T18:02:35.1063778Z Acquire::Languages:: "none";
2026-10-09T18:02:35.1064053Z Acquire::CompressionTypes "";
2026-10-09T18:02:35.1064368Z Acquire::CompressionTypes::xz "xz";
2026-10-09T18:02:35.1064709Z Acquire::CompressionTypes::bz2 "bzip2";
2026-10-09T18:02:35.1065343Z Acquire::CompressionTypes::lzma "lzma";
2026-10-09T18:02:35.1065717Z Acquire::CompressionTypes::gz "gzip";
2026-10-09T18:02:35.1066069Z Acquire::CompressionTypes::lz4 "lz4";
2026-10-09T18:02:35.1066421Z Acquire::CompressionTypes::zst "zstd";
2026-10-09T18:02:35.1066706Z DPkg "";
2026-10-09T18:02:35.1066993Z DPkg::Path "/usr/sbin:/usr/bin:/sbin:/bin";
2026-10-09T18:02:35.1067300Z DPkg::Options "";
2026-10-09T18:02:35.1067575Z DPkg::Options:: "--force-confdef";
2026-10-09T18:02:35.1067896Z DPkg::Options:: "--force-confold";
2026-10-09T18:02:35.1068224Z DPkg::Options:: "--force-unsafe-io";
2026-10-09T18:02:35.1068546Z DPkg::Options:: "--force-confdef";
2026-10-09T18:02:35.1068862Z DPkg::Options:: "--force-confold";
2026-10-09T18:02:35.1069151Z DPkg::Post-Invoke "";
2026-10-09T18:02:35.1071041Z DPkg::Post-Invoke:: "/usr/bin/test -e /usr/share/dbus-1/system-services/org.freedesktop.PackageKit.service && /usr/bin/test -S /var/run/dbus/system_bus_socket && /usr/bin/gdbus call --system --dest org.freedesktop.PackageKit --object-path /org/freedesktop/PackageKit --timeout 4 --method org.freedesktop.PackageKit.StateHasChanged cache-update > /dev/null; /bin/echo > /dev/null";
2026-10-09T18:02:35.1073098Z DPkg::Post-Invoke:: "test -x /usr/lib/needrestart/apt-pinvoke && /usr/lib/needrestart/apt-pinvoke -m u || true";
2026-10-09T18:02:35.1074483Z DPkg::Post-Invoke:: "if [ -d /var/lib/update-notifier ]; then touch /var/lib/update-notifier/dpkg-run-stamp; fi; /usr/lib/update-notifier/update-motd-updates-available 2>/dev/null || true";
2026-10-09T18:02:35.1075595Z DPkg::Pre-Install-Pkgs "";
2026-10-09T18:02:35.1076063Z DPkg::Pre-Install-Pkgs:: "/usr/sbin/dpkg-preconfigure --apt || true";
2026-10-09T18:02:35.1076484Z binary "apt-config";
2026-10-09T18:02:35.1076722Z binary::apt "";
2026-10-09T18:02:35.1076969Z binary::apt::AptCli "";
2026-10-09T18:02:35.1077255Z binary::apt::AptCli::Hooks "";
2026-10-09T18:02:35.1077578Z binary::apt::AptCli::Hooks::Upgrade "";
2026-10-09T18:02:35.1078685Z binary::apt::AptCli::Hooks::Upgrade:: "[ ! -f /usr/lib/ubuntu-advantage/apt-esm-json-hook ] || [ $(id -u) -ne 0 ] || /usr/lib/ubuntu-advantage/apt-esm-json-hook 2>> /var/log/ubuntu-advantage-apt-hook.log || true";
2026-10-09T18:02:35.1079618Z binary::apt::AptCli::Hooks::Install "";
2026-10-09T18:02:35.1080303Z binary::apt::AptCli::Hooks::Install:: "[ ! -f /usr/bin/snap ] || /usr/bin/snap advise-snap --from-apt 2>/dev/null || true";
2026-10-09T18:02:35.1080875Z binary::apt::APT "";
2026-10-09T18:02:35.1081132Z binary::apt::APT::Color "1";
2026-10-09T18:02:35.1081408Z binary::apt::APT::Cache "";
2026-10-09T18:02:35.1081712Z binary::apt::APT::Cache::Show "";
2026-10-09T18:02:35.1082058Z binary::apt::APT::Cache::Show::Version "2";
2026-10-09T18:02:35.1082427Z binary::apt::APT::Cache::AllVersions "0";
2026-10-09T18:02:35.1082793Z binary::apt::APT::Cache::ShowVirtuals "1";
2026-10-09T18:02:35.1083141Z binary::apt::APT::Cache::Search "";
2026-10-09T18:02:35.1083486Z binary::apt::APT::Cache::Search::Version "2";
2026-10-09T18:02:35.1083879Z binary::apt::APT::Cache::ShowDependencyType "1";
2026-10-09T18:02:35.1084261Z binary::apt::APT::Cache::ShowVersion "1";
2026-10-09T18:02:35.1084566Z binary::apt::APT::Get "";
2026-10-09T18:02:35.1085013Z binary::apt::APT::Get::Upgrade-Allow-New "1";
2026-10-09T18:02:35.1085372Z binary::apt::APT::Get::Update "";
2026-10-09T18:02:35.1085811Z binary::apt::APT::Get::Update::InteractiveReleaseInfoChanges "1";
2026-10-09T18:02:35.1086206Z binary::apt::APT::Cmd "";
2026-10-09T18:02:35.1086525Z binary::apt::APT::Cmd::Show-Update-Stats "1";
2026-10-09T18:02:35.1086897Z binary::apt::APT::Cmd::Pattern-Only "1";
2026-10-09T18:02:35.1087277Z binary::apt::APT::Keep-Downloaded-Packages "0";
2026-10-09T18:02:35.1087606Z binary::apt::DPkg "";
2026-10-09T18:02:35.1087903Z binary::apt::DPkg::Progress-Fancy "1";
2026-10-09T18:02:35.1088210Z binary::apt::DPkg::Lock "";
2026-10-09T18:02:35.1088515Z binary::apt::DPkg::Lock::Timeout "120";
2026-10-09T18:02:35.1088801Z CommandLine "";
2026-10-09T18:02:35.1089083Z CommandLine::AsString "apt-config dump";
2026-10-09T18:02:35.1100358Z ##[end-action id=__self.__run;outcome=success;conclusion=success;duration_ms=62]
2026-10-09T18:02:35.1159897Z ##[group]Run sudo apt-get update && sudo apt-get install -y build-essential curl zstd
2026-10-09T18:02:35.1160527Z [36;1msudo apt-get update && sudo apt-get install -y build-essential curl zstd[0m
2026-10-09T18:02:35.1222535Z shell: /usr/bin/bash -e {0}
2026-10-09T18:02:35.1222799Z ##[endgroup]
2026-10-09T18:02:35.2226324Z Get:1 file:/etc/apt/apt-mirrors.txt Mirrorlist [144 B]
2026-10-09T18:02:35.2658985Z Hit:2 http://azure.archive.ubuntu.com/ubuntu noble InRelease
2026-10-09T18:02:35.2671846Z Get:6 https://packages.microsoft.com/ubuntu/24.04/prod noble InRelease [3600 B]
2026-10-09T18:02:35.2682733Z Get:3 http://azure.archive.ubuntu.com/ubuntu noble-updates InRelease [126 kB]
2026-10-09T18:02:35.2807969Z Get:4 http://azure.archive.ubuntu.com/ubuntu noble-backports InRelease [126 kB]
2026-10-09T18:02:35.2908007Z Get:5 http://azure.archive.ubuntu.com/ubuntu noble-security InRelease [126 kB]
2026-10-09T18:02:35.4265334Z Get:7 https://packages.microsoft.com/ubuntu/24.04/prod noble/main amd64 Packages [531 kB]
2026-10-09T18:02:35.4542693Z Get:8 https://packages.microsoft.com/ubuntu/24.04/prod noble/main armhf Packages [12.3 kB]
2026-10-09T18:02:35.4636296Z Get:9 https://packages.microsoft.com/ubuntu/24.04/prod noble/main arm64 Packages [475 kB]
2026-10-09T18:02:35.4746157Z Get:10 https://packages.microsoft.com/ubuntu/24.04/prod noble/main all Packages [640 B]
2026-10-09T18:02:35.5025809Z Get:11 http://azure.archive.ubuntu.com/ubuntu noble-updates/main amd64 Packages [1375 kB]
2026-10-09T18:02:35.5105481Z Get:12 http://azure.archive.ubuntu.com/ubuntu noble-updates/main Translation-en [306 kB]
2026-10-09T18:02:35.5186110Z Get:13 http://azure.archive.ubuntu.com/ubuntu noble-updates/universe amd64 Packages [1702 kB]
2026-10-09T18:02:35.5366084Z Get:14 http://azure.archive.ubuntu.com/ubuntu noble-updates/universe Translation-en [342 kB]
2026-10-09T18:02:35.5390643Z Get:15 http://azure.archive.ubuntu.com/ubuntu noble-updates/restricted amd64 Packages [1761 kB]
2026-10-09T18:02:35.5616337Z Get:16 http://azure.archive.ubuntu.com/ubuntu noble-updates/restricted Translation-en [401 kB]
2026-10-09T18:02:35.5641891Z Get:17 http://azure.archive.ubuntu.com/ubuntu noble-updates/multiverse amd64 Packages [55.0 kB]
2026-10-09T18:02:35.5706034Z Get:18 http://azure.archive.ubuntu.com/ubuntu noble-updates/multiverse Translation-en [14.3 kB]
2026-10-09T18:02:35.7566655Z Get:19 http://azure.archive.ubuntu.com/ubuntu noble-security/main amd64 Packages [1121 kB]
2026-10-09T18:02:35.7626181Z Get:20 http://azure.archive.ubuntu.com/ubuntu noble-security/main Translation-en [228 kB]
2026-10-09T18:02:35.8076574Z Get:21 http://azure.archive.ubuntu.com/ubuntu noble-security/universe amd64 Packages [1220 kB]
2026-10-09T18:02:35.8138001Z Get:22 http://azure.archive.ubuntu.com/ubuntu noble-security/universe Translation-en [245 kB]
2026-10-09T18:02:35.8178789Z Get:23 http://azure.archive.ubuntu.com/ubuntu noble-security/restricted amd64 Packages [1669 kB]
2026-10-09T18:02:35.8291090Z Get:24 http://azure.archive.ubuntu.com/ubuntu noble-security/restricted Translation-en [383 kB]
2026-10-09T18:02:35.8302296Z Get:25 http://azure.archive.ubuntu.com/ubuntu noble-security/multiverse amd64 Packages [49.8 kB]
2026-10-09T18:02:35.8308291Z Get:26 http://azure.archive.ubuntu.com/ubuntu noble-security/multiverse Translation-en [12.4 kB]
2026-10-09T18:02:38.5622374Z Fetched 12.3 MB in 1s (8643 kB/s)
2026-10-09T18:02:39.3973861Z Reading package lists...
2026-10-09T18:02:39.4275777Z Reading package lists...
2026-10-09T18:02:39.6001363Z Building dependency tree...
2026-10-09T18:02:39.6009197Z Reading state information...
2026-10-09T18:02:39.7480789Z curl is already the newest version (8.5.0-2ubuntu10.15).
2026-10-09T18:02:39.7481907Z zstd is already the newest version (1.5.5+dfsg2-2build1.1).
2026-10-09T18:02:39.7482817Z zstd set to manually installed.
2026-10-09T18:02:39.7483580Z The following NEW packages will be installed:
2026-10-09T18:02:39.7487158Z   build-essential
2026-10-09T18:02:39.7650455Z 0 upgraded, 1 newly installed, 0 to remove and 23 not upgraded.
2026-10-09T18:02:39.7651280Z Need to get 4928 B of archives.
2026-10-09T18:02:39.7652090Z After this operation, 17.4 kB of additional disk space will be used.
2026-10-09T18:02:39.7653001Z Get:1 file:/etc/apt/apt-mirrors.txt Mirrorlist [144 B]
2026-10-09T18:02:39.8118451Z Get:2 http://azure.archive.ubuntu.com/ubuntu noble/main amd64 build-essential amd64 12.10ubuntu1 [4928 B]
2026-10-09T18:02:40.0560990Z Fetched 4928 B in 0s (86.6 kB/s)
2026-10-09T18:02:40.0780280Z Selecting previously unselected package build-essential.
2026-10-09T18:02:40.1045484Z (Reading database ... 
2026-10-09T18:02:40.1046398Z (Reading database ... 5%
2026-10-09T18:02:40.1046883Z (Reading database ... 10%
2026-10-09T18:02:40.1047349Z (Reading database ... 15%
2026-10-09T18:02:40.1048022Z (Reading database ... 20%
2026-10-09T18:02:40.1048429Z (Reading database ... 25%
2026-10-09T18:02:40.1048825Z (Reading database ... 30%
2026-10-09T18:02:40.1049246Z (Reading database ... 35%
2026-10-09T18:02:40.1049694Z (Reading database ... 40%
2026-10-09T18:02:40.1050130Z (Reading database ... 45%
2026-10-09T18:02:40.1050546Z (Reading database ... 50%
2026-10-09T18:02:40.1087133Z (Reading database ... 55%
2026-10-09T18:02:40.2059045Z (Reading database ... 60%
2026-10-09T18:02:40.4160000Z (Reading database ... 65%
2026-10-09T18:02:40.6047569Z (Reading database ... 70%
2026-10-09T18:02:40.8049494Z (Reading database ... 75%
2026-10-09T18:02:40.9075504Z (Reading database ... 80%
2026-10-09T18:02:41.0597193Z (Reading database ... 85%
2026-10-09T18:02:41.2027339Z (Reading database ... 90%
2026-10-09T18:02:41.3570496Z (Reading database ... 95%
2026-10-09T18:02:41.3571017Z (Reading database ... 100%
2026-10-09T18:02:41.3571655Z (Reading database ... 203191 files and directories currently installed.)
2026-10-09T18:02:41.3617552Z Preparing to unpack .../build-essential_12.10ubuntu1_amd64.deb ...
2026-10-09T18:02:41.3641179Z Unpacking build-essential (12.10ubuntu1) ...
2026-10-09T18:02:41.4004634Z Setting up build-essential (12.10ubuntu1) ...
2026-10-09T18:02:42.0062848Z 
2026-10-09T18:02:42.0063645Z Running kernel seems to be up-to-date.
2026-10-09T18:02:42.0064084Z 
2026-10-09T18:02:42.0064352Z No services need to be restarted.
2026-10-09T18:02:42.0064699Z 
2026-10-09T18:02:42.0065198Z No containers need to be restarted.
2026-10-09T18:02:42.0065549Z 
2026-10-09T18:02:42.0065881Z No user sessions are running outdated binaries.
2026-10-09T18:02:42.0066271Z 
2026-10-09T18:02:42.0066779Z No VM guests are running outdated hypervisor (qemu) binaries on this host.
2026-10-09T18:02:42.8655664Z ##[group]Run bash scripts/bootstrap-toolchains.sh --lean-only
2026-10-09T18:02:42.8656198Z [36;1mbash scripts/bootstrap-toolchains.sh --lean-only[0m
2026-10-09T18:02:42.8719647Z shell: /usr/bin/bash -e {0}
2026-10-09T18:02:42.8719918Z ##[endgroup]
2026-10-09T18:02:43.1331728Z /home/runner/work/lean-bridge/lean-bridge/.toolchains/downloads/elan-x86_64-unknown-linux-gnu.tar.gz: OK
2026-10-09T18:02:43.5036883Z info: Version 4.2.4 of elan is available! Use `elan self update` to update.
2026-10-09T18:02:43.9361866Z info: downloading https://releases.lean-lang.org/lean4/v4.32.2/lean-4.32.2-linux.tar.zst
2026-10-09T18:02:46.7016500Z info: installing /home/runner/work/lean-bridge/lean-bridge/.toolchains/elan/toolchains/leanprover--lean4---v4.32.2
2026-10-09T18:02:53.3014697Z 
2026-10-09T18:02:53.3411193Z leanprover/lean4:v4.32.2 installed - Lean (version 4.32.2, x86_64-unknown-linux-gnu, commit f3b06c705e6c85f5314019d5d3baab0fec5b580c, Release)
2026-10-09T18:02:53.3411840Z 
2026-10-09T18:02:53.4134076Z info: default toolchain set to 'leanprover/lean4:v4.32.2'
2026-10-09T18:02:53.5200614Z ##[group]Run actions/cache@v4
2026-10-09T18:02:53.5200906Z with:
2026-10-09T18:02:53.5201136Z   path: .toolchains/perl/5.38.2-unthreaded
2026-10-09T18:02:53.5201729Z   key: perl-abi-v2-Linux-5.38.2-unthreaded-2fc9758a07a5ff174c4ceb8537771405658ae8ed656706950f6fb2a457de42cc
2026-10-09T18:02:53.5202308Z   enableCrossOsArchive: false
2026-10-09T18:02:53.5202576Z   fail-on-cache-miss: false
2026-10-09T18:02:53.5202816Z   lookup-only: false
2026-10-09T18:02:53.5203038Z   save-always: false
2026-10-09T18:02:53.5203248Z ##[endgroup]
2026-10-09T18:02:53.6272089Z (node:2934) [DEP0040] DeprecationWarning: The `punycode` module is deprecated. Please use a userland alternative instead.
2026-10-09T18:02:53.6272958Z (Use `node --trace-deprecation ...` to show where the warning was created)
2026-10-09T18:02:53.7811667Z Cache hit for: perl-abi-v2-Linux-5.38.2-unthreaded-2fc9758a07a5ff174c4ceb8537771405658ae8ed656706950f6fb2a457de42cc
2026-10-09T18:02:53.7928201Z (node:2934) [DEP0169] DeprecationWarning: `url.parse()` behavior is not standardized and prone to errors that have security implications. Use the WHATWG URL API instead. CVEs are not issued for `url.parse()` vulnerabilities.
2026-10-09T18:02:54.9251981Z Received 10434295 of 14628599 (71.3%), 9.9 MBs/sec
2026-10-09T18:02:55.0477075Z Received 14628599 of 14628599 (100.0%), 12.4 MBs/sec
2026-10-09T18:02:55.0477801Z Cache Size: ~14 MB (14628599 B)
2026-10-09T18:02:55.0506338Z [command]/usr/bin/tar -xf /home/runner/work/_temp/dc9bef63-3f93-49df-92d6-8b607d7c5832/cache.tzst -P -C /home/runner/work/lean-bridge/lean-bridge --use-compress-program unzstd
2026-10-09T18:02:55.2209998Z Cache restored successfully
2026-10-09T18:02:55.2296394Z Cache restored from key: perl-abi-v2-Linux-5.38.2-unthreaded-2fc9758a07a5ff174c4ceb8537771405658ae8ed656706950f6fb2a457de42cc
2026-10-09T18:02:55.2406218Z ##[group]Run npm run test:consumer:perl -- --configuration "5.38.2-unthreaded"
2026-10-09T18:02:55.2406829Z [36;1mnpm run test:consumer:perl -- --configuration "5.38.2-unthreaded"[0m
2026-10-09T18:02:55.2469953Z shell: /usr/bin/bash -e {0}
2026-10-09T18:02:55.2470229Z ##[endgroup]
2026-10-09T18:02:55.3501511Z 
2026-10-09T18:02:55.3502156Z > @lean-wasm/bridge-poc@0.0.0-poc test:consumer:perl
2026-10-09T18:02:55.3502827Z > node scripts/test-perl-consumers.mjs --configuration 5.38.2-unthreaded
2026-10-09T18:02:55.3503184Z 
2026-10-09T18:02:55.3929230Z Perl 5.38.2-unthreaded
2026-10-09T18:15:00.1992162Z TAP version 13
2026-10-09T18:15:00.1992914Z # Subtest: native finite specializations reproduce and install concrete Perl APIs
2026-10-09T18:15:00.1993796Z ok 1 - native finite specializations reproduce and install concrete Perl APIs
2026-10-09T18:15:00.1994483Z   ---
2026-10-09T18:15:00.1994757Z   duration_ms: 102562.256125
2026-10-09T18:15:00.1995436Z   type: 'test'
2026-10-09T18:15:00.1995720Z   ...
2026-10-09T18:15:00.1996240Z # Finite CPAN archive SHA-256: 4e03a22c1e9e1ad77ac2132786fdfc0698333ac499fc37d1428e9c8e171e5fa6
2026-10-09T18:15:00.1997144Z # Subtest: native export contracts reject unsupported decisions before linking
2026-10-09T18:15:00.1997880Z     # Subtest: copied-resource
2026-10-09T18:15:00.1998256Z     ok 1 - copied-resource
2026-10-09T18:15:00.1998540Z       ---
2026-10-09T18:15:00.1998771Z       duration_ms: 11020.988154
2026-10-09T18:15:00.1999030Z       type: 'test'
2026-10-09T18:15:00.1999237Z       ...
2026-10-09T18:15:00.1999462Z     # Subtest: borrowed-result
2026-10-09T18:15:00.1999731Z     ok 2 - borrowed-result
2026-10-09T18:15:00.1999960Z       ---
2026-10-09T18:15:00.2000184Z       duration_ms: 10976.25606
2026-10-09T18:15:00.2000429Z       type: 'test'
2026-10-09T18:15:00.2000646Z       ...
2026-10-09T18:15:00.2000844Z     # Subtest: transfer
2026-10-09T18:15:00.2001074Z     ok 3 - transfer
2026-10-09T18:15:00.2001279Z       ---
2026-10-09T18:15:00.2001502Z       duration_ms: 10972.344711
2026-10-09T18:15:00.2001758Z       type: 'test'
2026-10-09T18:15:00.2001960Z       ...
2026-10-09T18:15:00.2002192Z     # Subtest: retained-callback
2026-10-09T18:15:00.2002464Z     ok 4 - retained-callback
2026-10-09T18:15:00.2002705Z       ---
2026-10-09T18:15:00.2002947Z       duration_ms: 10990.63858
2026-10-09T18:15:00.2003193Z       type: 'test'
2026-10-09T18:15:00.2003397Z       ...
2026-10-09T18:15:00.2003613Z     # Subtest: callback-effects
2026-10-09T18:15:00.2003877Z     ok 5 - callback-effects
2026-10-09T18:15:00.2004107Z       ---
2026-10-09T18:15:00.2004320Z       duration_ms: 10981.342255
2026-10-09T18:15:00.2004559Z       type: 'test'
2026-10-09T18:15:00.2004762Z       ...
2026-10-09T18:15:00.2005202Z     # Subtest: closure-arity
2026-10-09T18:15:00.2005604Z     ok 6 - closure-arity
2026-10-09T18:15:00.2006026Z       ---
2026-10-09T18:15:00.2006255Z       duration_ms: 10992.683486
2026-10-09T18:15:00.2006503Z       type: 'test'
2026-10-09T18:15:00.2006715Z       ...
2026-10-09T18:15:00.2006915Z     # Subtest: refinement
2026-10-09T18:15:00.2007153Z     ok 7 - refinement
2026-10-09T18:15:00.2007709Z       ---
2026-10-09T18:15:00.2008237Z       duration_ms: 10994.495192
2026-10-09T18:15:00.2008753Z       type: 'test'
2026-10-09T18:15:00.2009148Z       ...
2026-10-09T18:15:00.2009512Z     # Subtest: unknown
2026-10-09T18:15:00.2009891Z     ok 8 - unknown
2026-10-09T18:15:00.2010283Z       ---
2026-10-09T18:15:00.2010623Z       duration_ms: 11037.800355
2026-10-09T18:15:00.2011052Z       type: 'test'
2026-10-09T18:15:00.2011515Z       ...
2026-10-09T18:15:00.2011946Z     1..8
2026-10-09T18:15:00.2012700Z ok 2 - native export contracts reject unsupported decisions before linking
2026-10-09T18:15:00.2013271Z   ---
2026-10-09T18:15:00.2013737Z   duration_ms: 88975.222995
2026-10-09T18:15:00.2014508Z   type: 'test'
2026-10-09T18:15:00.2015397Z   ...
2026-10-09T18:15:00.2016736Z # Subtest: native specializations reject changed applications and unsupported ownership before linking
2026-10-09T18:15:00.2017720Z     # Subtest: application
2026-10-09T18:15:00.2018205Z     ok 1 - application
2026-10-09T18:15:00.2018666Z       ---
2026-10-09T18:15:00.2019079Z       duration_ms: 21658.913289
2026-10-09T18:15:00.2019549Z       type: 'test'
2026-10-09T18:15:00.2019934Z       ...
2026-10-09T18:15:00.2020274Z     # Subtest: types
2026-10-09T18:15:00.2020689Z     ok 2 - types
2026-10-09T18:15:00.2021049Z       ---
2026-10-09T18:15:00.2021442Z       duration_ms: 21821.876995
2026-10-09T18:15:00.2021877Z       type: 'test'
2026-10-09T18:15:00.2022233Z       ...
2026-10-09T18:15:00.2022581Z     # Subtest: late-json
2026-10-09T18:15:00.2022998Z     ok 3 - late-json
2026-10-09T18:15:00.2023372Z       ---
2026-10-09T18:15:00.2023752Z       duration_ms: 21886.088105
2026-10-09T18:15:00.2024212Z       type: 'test'
2026-10-09T18:15:00.2024430Z       ...
2026-10-09T18:15:00.2024668Z     # Subtest: source
2026-10-09T18:15:00.2025357Z     ok 4 - source
2026-10-09T18:15:00.2025745Z       ---
2026-10-09T18:15:00.2026143Z       duration_ms: 21756.148692
2026-10-09T18:15:00.2026577Z       type: 'test'
2026-10-09T18:15:00.2026949Z       ...
2026-10-09T18:15:00.2027240Z     # Subtest: resource-array
2026-10-09T18:15:00.2027510Z     ok 5 - resource-array
2026-10-09T18:15:00.2027757Z       ---
2026-10-09T18:15:00.2027986Z       duration_ms: 10984.450825
2026-10-09T18:15:00.2028293Z       type: 'test'
2026-10-09T18:15:00.2028531Z       ...
2026-10-09T18:15:00.2028760Z     # Subtest: callback-array
2026-10-09T18:15:00.2029042Z     ok 6 - callback-array
2026-10-09T18:15:00.2029278Z       ---
2026-10-09T18:15:00.2029528Z       duration_ms: 10976.01751
2026-10-09T18:15:00.2029797Z       type: 'test'
2026-10-09T18:15:00.2030024Z       ...
2026-10-09T18:15:00.2030225Z     # Subtest: instance
2026-10-09T18:15:00.2030489Z     ok 7 - instance
2026-10-09T18:15:00.2030721Z       ---
2026-10-09T18:15:00.2030962Z       duration_ms: 10983.497843
2026-10-09T18:15:00.2031221Z       type: 'test'
2026-10-09T18:15:00.2031453Z       ...
2026-10-09T18:15:00.2031680Z     # Subtest: effect
2026-10-09T18:15:00.2031928Z     ok 8 - effect
2026-10-09T18:15:00.2032145Z       ---
2026-10-09T18:15:00.2032384Z       duration_ms: 10995.221041
2026-10-09T18:15:00.2032656Z       type: 'test'
2026-10-09T18:15:00.2032901Z       ...
2026-10-09T18:15:00.2033104Z     # Subtest: admitted
2026-10-09T18:15:00.2033375Z     ok 9 - admitted
2026-10-09T18:15:00.2033601Z       ---
2026-10-09T18:15:00.2033828Z       duration_ms: 10998.677689
2026-10-09T18:15:00.2034100Z       type: 'test'
2026-10-09T18:15:00.2034337Z       ...
2026-10-09T18:15:00.2034546Z     1..9
2026-10-09T18:15:00.2035358Z ok 3 - native specializations reject changed applications and unsupported ownership before linking
2026-10-09T18:15:00.2035930Z   ---
2026-10-09T18:15:00.2036160Z   duration_ms: 143071.575269
2026-10-09T18:15:00.2036419Z   type: 'test'
2026-10-09T18:15:00.2036620Z   ...
2026-10-09T18:15:00.2037211Z # Subtest: native shared metadata preserves checked aliases, docs and proof relationships across relocation
2026-10-09T18:15:00.2038157Z ok 4 - native shared metadata preserves checked aliases, docs and proof relationships across relocation
2026-10-09T18:15:00.2039143Z   ---
2026-10-09T18:15:00.2039577Z   duration_ms: 45572.899203
2026-10-09T18:15:00.2040074Z   type: 'test'
2026-10-09T18:15:00.2040319Z   ...
2026-10-09T18:15:00.2041082Z # Subtest: native extraction rejects forged reports, interface drift and ABI disagreement without releasing output
2026-10-09T18:15:00.2041644Z     # Subtest: failure
2026-10-09T18:15:00.2041873Z     ok 1 - failure
2026-10-09T18:15:00.2042090Z       ---
2026-10-09T18:15:00.2042295Z       duration_ms: 493.72031
2026-10-09T18:15:00.2042547Z       type: 'test'
2026-10-09T18:15:00.2042752Z       ...
2026-10-09T18:15:00.2042951Z     # Subtest: json
2026-10-09T18:15:00.2043386Z     ok 2 - json
2026-10-09T18:15:00.2043597Z       ---
2026-10-09T18:15:00.2043814Z       duration_ms: 494.945291
2026-10-09T18:15:00.2044067Z       type: 'test'
2026-10-09T18:15:00.2044411Z       ...
2026-10-09T18:15:00.2044619Z     # Subtest: identity
2026-10-09T18:15:00.2044857Z     ok 3 - identity
2026-10-09T18:15:00.2045365Z       ---
2026-10-09T18:15:00.2045593Z       duration_ms: 10910.69344
2026-10-09T18:15:00.2045852Z       type: 'test'
2026-10-09T18:15:00.2046060Z       ...
2026-10-09T18:15:00.2046263Z     # Subtest: source
2026-10-09T18:15:00.2046488Z     ok 4 - source
2026-10-09T18:15:00.2046699Z       ---
2026-10-09T18:15:00.2047133Z       duration_ms: 10896.026424
2026-10-09T18:15:00.2047664Z       type: 'test'
2026-10-09T18:15:00.2047960Z       ...
2026-10-09T18:15:00.2048166Z     # Subtest: sidecar
2026-10-09T18:15:00.2048605Z     ok 5 - sidecar
2026-10-09T18:15:00.2048964Z       ---
2026-10-09T18:15:00.2049350Z       duration_ms: 10892.262779
2026-10-09T18:15:00.2049790Z       type: 'test'
2026-10-09T18:15:00.2050150Z       ...
2026-10-09T18:15:00.2050496Z     # Subtest: late-sidecar
2026-10-09T18:15:00.2050926Z     ok 6 - late-sidecar
2026-10-09T18:15:00.2051324Z       ---
2026-10-09T18:15:00.2051707Z       duration_ms: 11117.603209
2026-10-09T18:15:00.2052144Z       type: 'test'
2026-10-09T18:15:00.2052494Z       ...
2026-10-09T18:15:00.2052842Z     # Subtest: alias-abi
2026-10-09T18:15:00.2053260Z     ok 7 - alias-abi
2026-10-09T18:15:00.2053630Z       ---
2026-10-09T18:15:00.2054012Z       duration_ms: 10940.267906
2026-10-09T18:15:00.2054440Z       type: 'test'
2026-10-09T18:15:00.2054789Z       ...
2026-10-09T18:15:00.2055316Z     # Subtest: abi
2026-10-09T18:15:00.2055688Z     ok 8 - abi
2026-10-09T18:15:00.2056034Z       ---
2026-10-09T18:15:00.2056431Z       duration_ms: 21607.614971
2026-10-09T18:15:00.2056866Z       type: 'test'
2026-10-09T18:15:00.2057218Z       ...
2026-10-09T18:15:00.2057557Z     # Subtest: cancel
2026-10-09T18:15:00.2057940Z     ok 9 - cancel
2026-10-09T18:15:00.2058307Z       ---
2026-10-09T18:15:00.2058693Z       duration_ms: 494.629684
2026-10-09T18:15:00.2059132Z       type: 'test'
2026-10-09T18:15:00.2059489Z       ...
2026-10-09T18:15:00.2059820Z     1..9
2026-10-09T18:15:00.2060839Z ok 5 - native extraction rejects forged reports, interface drift and ABI disagreement without releasing output
2026-10-09T18:15:00.2061773Z   ---
2026-10-09T18:15:00.2062180Z   duration_ms: 78870.645944
2026-10-09T18:15:00.2062584Z   type: 'test'
2026-10-09T18:15:00.2062975Z   ...
2026-10-09T18:15:00.2063793Z # Subtest: Perl CBuilder receives development headers without Nix build-role variables
2026-10-09T18:15:00.2065283Z ok 6 - Perl CBuilder receives development headers without Nix build-role variables
2026-10-09T18:15:00.2066050Z   ---
2026-10-09T18:15:00.2066423Z   duration_ms: 216.404659
2026-10-09T18:15:00.2066767Z   type: 'test'
2026-10-09T18:15:00.2066976Z   ...
2026-10-09T18:15:00.2067410Z # Subtest: shared configuration drives a compiled and installed native package
2026-10-09T18:15:00.2068051Z ok 7 - shared configuration drives a compiled and installed native package
2026-10-09T18:15:00.2068463Z   ---
2026-10-09T18:15:00.2068670Z   duration_ms: 50017.702139
2026-10-09T18:15:00.2068924Z   type: 'test'
2026-10-09T18:15:00.2069125Z   ...
2026-10-09T18:15:00.2069684Z # Subtest: CPAN completes every runtime ABI before pinning components and reproduces reversed selections
2026-10-09T18:15:00.2070538Z ok 8 - CPAN completes every runtime ABI before pinning components and reproduces reversed selections # SKIP
2026-10-09T18:15:00.2071048Z   ---
2026-10-09T18:15:00.2071249Z   duration_ms: 0.129922
2026-10-09T18:15:00.2071476Z   type: 'test'
2026-10-09T18:15:00.2071685Z   ...
2026-10-09T18:15:00.2072132Z # Subtest: Perl installs ordinary Lean packages through prebuilt and XS-only paths
2026-10-09T18:15:00.2072783Z ok 9 - Perl installs ordinary Lean packages through prebuilt and XS-only paths
2026-10-09T18:15:00.2073195Z   ---
2026-10-09T18:15:00.2073403Z   duration_ms: 137773.539595
2026-10-09T18:15:00.2073844Z   type: 'test'
2026-10-09T18:15:00.2074048Z   ...
2026-10-09T18:15:00.2074232Z # 1..183
2026-10-09T18:15:00.2075102Z # Subtest: fresh Lean metadata rejects unsupported or unreviewed exports before releasing native output
2026-10-09T18:15:00.2076057Z ok 10 - fresh Lean metadata rejects unsupported or unreviewed exports before releasing native output
2026-10-09T18:15:00.2076548Z   ---
2026-10-09T18:15:00.2076763Z   duration_ms: 77420.678698
2026-10-09T18:15:00.2077013Z   type: 'test'
2026-10-09T18:15:00.2077221Z   ...
2026-10-09T18:15:00.2077405Z 1..10
2026-10-09T18:15:00.2077592Z # tests 36
2026-10-09T18:15:00.2077785Z # suites 0
2026-10-09T18:15:00.2077974Z # pass 35
2026-10-09T18:15:00.2078168Z # fail 0
2026-10-09T18:15:00.2078359Z # cancelled 0
2026-10-09T18:15:00.2078565Z # skipped 1
2026-10-09T18:15:00.2078758Z # todo 0
2026-10-09T18:15:00.2078981Z # duration_ms 724766.492432
2026-10-09T18:15:00.2177082Z ##[group]Run export LEAN_BRIDGE_CORPUS_PERL="$PWD/.toolchains/perl/$CORPUS_PERL_CONFIGURATION/bin/perl"
2026-10-09T18:15:00.2177938Z [36;1mexport LEAN_BRIDGE_CORPUS_PERL="$PWD/.toolchains/perl/$CORPUS_PERL_CONFIGURATION/bin/perl"[0m
2026-10-09T18:15:00.2178451Z [36;1msource scripts/env.sh[0m
2026-10-09T18:15:00.2179062Z [36;1mnpm run test:type-corpus:perl && LEAN_BRIDGE_REVIEWED_NATIVE_PROFILES=perl node --test tests/type-corpus-reviewed-native.test.mjs[0m
2026-10-09T18:15:00.2179820Z [36;1mLEAN_BRIDGE_CHAR_PROFILES=perl node --test tests/native-char.test.mjs[0m
2026-10-09T18:15:00.2180370Z [36;1mLEAN_BRIDGE_WORD_PROFILES=perl node --test tests/native-words.test.mjs[0m
2026-10-09T18:15:00.2180937Z [36;1mLEAN_BRIDGE_PERL_CALLABLE_TEST=1 node --test tests/perl-callables.test.mjs[0m
2026-10-09T18:15:00.2181612Z [36;1mLEAN_BRIDGE_PERL_STRUCTURED_CALLABLE_TEST=1 node --test tests/perl-structured-callables.test.mjs[0m
2026-10-09T18:15:00.2182674Z [36;1mLEAN_BRIDGE_PERL_RECURSIVE_CALLABLE_TEST=1 node --test --test-concurrency=1 tests/perl-recursive-callables.test.mjs tests/perl-recursive-callable-contract.test.mjs[0m
2026-10-09T18:15:00.2183597Z [36;1mLEAN_BRIDGE_PERL_COMPOUND_TEST=1 node --test tests/perl-compounds.test.mjs[0m
2026-10-09T18:15:00.2184263Z [36;1mLEAN_BRIDGE_PERL_LIST_TEST=1 node --test tests/perl-lists.test.mjs tests/perl-list-contract.test.mjs[0m
2026-10-09T18:15:00.2185488Z [36;1mLEAN_BRIDGE_PERL_COLLECTION_TEST=1 node --test tests/perl-collections.test.mjs tests/perl-collection-contract.test.mjs[0m
2026-10-09T18:15:00.2186350Z [36;1mLEAN_BRIDGE_PERL_ALIAS_TEST=1 node --test tests/perl-aliases.test.mjs tests/perl-alias-contract.test.mjs[0m
2026-10-09T18:15:00.2186988Z [36;1mLEAN_BRIDGE_PERL_FIN_TEST=1 node --test tests/perl-fin.test.mjs[0m
2026-10-09T18:15:00.2187509Z [36;1mLEAN_BRIDGE_PERL_VARIANT_TEST=1 node --test tests/perl-variants.test.mjs[0m
2026-10-09T18:15:00.2188104Z [36;1mLEAN_BRIDGE_PERL_GRAPH_TEST=1 node --test tests/perl-copied-graph-values.test.mjs[0m
2026-10-09T18:15:00.2188908Z [36;1mLEAN_BRIDGE_PERL_GRAPH_CONVERSION_TEST=1 LEAN_BRIDGE_PERL_GRAPH_NATIVE_TEST=1 node --test tests/perl-copied-graph-conversions.test.mjs[0m
2026-10-09T18:15:00.2190171Z [36;1mLEAN_BRIDGE_PERL_GRAPH_PACKAGE_TEST=1 LEAN_BRIDGE_PERL_GRAPH_COLLISION_TEST=1 LEAN_BRIDGE_PERL_GRAPH_COMPOSITION_TEST=1 LEAN_BRIDGE_PERL_GRAPH_DOCUMENTATION_TEST=1 node --test tests/perl-graph-package.test.mjs[0m
2026-10-09T18:15:00.2191095Z [36;1mtest -s build/type-corpus/perl.json[0m
2026-10-09T18:15:00.2191478Z [36;1mtest -s build/type-corpus/reviewed-native-perl.json[0m
2026-10-09T18:15:00.2191877Z [36;1mtest -s build/structured-callables/perl.json[0m
2026-10-09T18:15:00.2192241Z [36;1mtest -s build/recursive-callables/perl.json[0m
2026-10-09T18:15:00.2192588Z [36;1mtest -s build/compounds/perl.json[0m
2026-10-09T18:15:00.2192900Z [36;1mtest -s build/lists/perl.json[0m
2026-10-09T18:15:00.2193216Z [36;1mtest -s build/collections/perl.json[0m
2026-10-09T18:15:00.2193528Z [36;1mtest -s build/aliases/perl.json[0m
2026-10-09T18:15:00.2194092Z [36;1mtest -s build/native-fin/perl.json[0m
2026-10-09T18:15:00.2194433Z [36;1mtest -s build/native-fin/perl-reviewed.json[0m
2026-10-09T18:15:00.2195244Z [36;1mLEAN_BRIDGE_SPECIALIZATION_PROFILES=perl node --test tests/native-specializations.test.mjs[0m
2026-10-09T18:15:00.2195822Z [36;1mtest -s build/native-specializations/perl.json[0m
2026-10-09T18:15:00.2196594Z [36;1mLEAN_BRIDGE_GENERIC_RECORD_PROFILES=perl node --test --test-name-pattern='relocated source-free native packages construct' tests/generic-records.test.mjs[0m
2026-10-09T18:15:00.2197353Z [36;1mtest -s build/generic-records/perl.json[0m
2026-10-09T18:15:00.2197731Z [36;1mtest -s build/generic-records/specialized-perl.json[0m
2026-10-09T18:15:00.2198376Z [36;1mLEAN_BRIDGE_GENERIC_RECORD_ARRAY_PROFILES=perl node --test --test-concurrency=1 tests/generic-record-arrays.test.mjs[0m
2026-10-09T18:15:00.2199178Z [36;1mtest -s build/generic-records/array-perl.json[0m
2026-10-09T18:15:00.2200027Z [36;1mLEAN_BRIDGE_FIN_CONTAINER_PROFILES=perl LEAN_BRIDGE_REVIEWED_FIN_CONTAINER_PROFILES=perl node --test tests/native-fin-containers.test.mjs tests/perl-fin-containers.test.mjs[0m
2026-10-09T18:15:00.2200879Z [36;1mtest -s build/native-fin-containers/perl.json[0m
2026-10-09T18:15:00.2201279Z [36;1mtest -s build/native-fin-containers/reviewed-perl.json[0m
2026-10-09T18:15:00.2201993Z [36;1mLEAN_BRIDGE_FIN_PRODUCT_PROFILES=perl LEAN_BRIDGE_REVIEWED_FIN_PRODUCT_PROFILES=perl node --test tests/native-fin-products.test.mjs[0m
2026-10-09T18:15:00.2202668Z [36;1mtest -s build/native-fin-products/perl.json[0m
2026-10-09T18:15:00.2203062Z [36;1mtest -s build/native-fin-products/reviewed-perl.json[0m
2026-10-09T18:15:00.2203822Z [36;1mLEAN_BRIDGE_FIN_PRODUCT_ARRAY_PROFILES=perl LEAN_BRIDGE_REVIEWED_FIN_PRODUCT_ARRAY_PROFILES=perl node --test tests/native-fin-product-arrays.test.mjs[0m
2026-10-09T18:15:00.2204595Z [36;1mtest -s build/native-fin-product-arrays/perl.json[0m
2026-10-09T18:15:00.2205418Z [36;1mtest -s build/native-fin-product-arrays/reviewed-perl.json[0m
2026-10-09T18:15:00.2206228Z [36;1mLEAN_BRIDGE_FIN_RECORD_PROFILES=perl LEAN_BRIDGE_REVIEWED_FIN_RECORD_PROFILES=perl node --test tests/native-fin-records.test.mjs[0m
2026-10-09T18:15:00.2206901Z [36;1mtest -s build/native-fin-records/perl.json[0m
2026-10-09T18:15:00.2207288Z [36;1mtest -s build/native-fin-records/reviewed-perl.json[0m
2026-10-09T18:15:00.2207808Z [36;1mLEAN_BRIDGE_SUBTYPE_PROFILES=perl node --test tests/native-subtype.test.mjs[0m
2026-10-09T18:15:00.2208290Z [36;1mtest -s build/native-subtype/perl.json[0m
2026-10-09T18:15:00.2208760Z [36;1mLEAN_BRIDGE_PERL_REFINEMENT_TEST=1 node --test tests/perl-refinements.test.mjs[0m
2026-10-09T18:15:00.2209243Z [36;1mtest -s build/perl-refinements/perl.json[0m
2026-10-09T18:15:00.2209575Z [36;1mtest -s build/variants/perl.json[0m
2026-10-09T18:15:00.2209904Z [36;1mtest -s build/recursive/perl-values.json[0m
2026-10-09T18:15:00.2210273Z [36;1mtest -s build/recursive/perl-conversions.json[0m
2026-10-09T18:15:00.2210638Z [36;1mtest -s build/recursive/perl-native.json[0m
2026-10-09T18:15:00.2210983Z [36;1mtest -s build/recursive/perl-packages.json[0m
2026-10-09T18:15:00.2211377Z [36;1mtest -s build/recursive/perl-component-collision.json[0m
2026-10-09T18:15:00.2211786Z [36;1mtest -s build/recursive/perl-composition.json[0m
2026-10-09T18:15:00.2212163Z [36;1mtest -s build/recursive/perl-documentation.json[0m
2026-10-09T18:15:00.2274308Z shell: /usr/bin/bash -e {0}
2026-10-09T18:15:00.2274568Z env:
2026-10-09T18:15:00.2274811Z   CORPUS_PERL_CONFIGURATION: 5.38.2-unthreaded
2026-10-09T18:15:00.2275402Z ##[endgroup]
2026-10-09T18:15:00.3293584Z 
2026-10-09T18:15:00.3294243Z > @lean-wasm/bridge-poc@0.0.0-poc test:type-corpus:perl
2026-10-09T18:15:00.3295069Z > LEAN_BRIDGE_TYPE_CORPUS_PROFILES=perl node --test tests/type-corpus.test.mjs
2026-10-09T18:15:00.3295427Z 
2026-10-09T18:15:00.3735082Z TAP version 13
2026-10-09T18:15:04.8316848Z # Subtest: corpus cases cover two renamed nested libraries, valid positions and explicit host errors
2026-10-09T18:15:04.8327550Z ok 1 - corpus cases cover two renamed nested libraries, valid positions and explicit host errors
2026-10-09T18:15:04.8337014Z   ---
2026-10-09T18:15:04.8337388Z   duration_ms: 26.632443
2026-10-09T18:15:04.8337812Z   type: 'test'
2026-10-09T18:15:04.8338039Z   ...
2026-10-09T18:15:05.9380728Z # Subtest: corpus identity binds the cases, consumers, Lean sources, oracles and harness
2026-10-09T18:15:05.9382489Z ok 2 - corpus identity binds the cases, consumers, Lean sources, oracles and harness
2026-10-09T18:15:05.9383631Z   ---
2026-10-09T18:15:05.9384251Z   duration_ms: 94.261735
2026-10-09T18:15:05.9385299Z   type: 'test'
2026-10-09T18:15:05.9385952Z   ...
2026-10-09T18:15:05.9387083Z # Subtest: every inventoried profile and position remains a gap without executed cases
2026-10-09T18:15:05.9389586Z ok 3 - every inventoried profile and position remains a gap without executed cases
2026-10-09T18:15:05.9390705Z   ---
2026-10-09T18:15:05.9391312Z   duration_ms: 211.855283
2026-10-09T18:15:05.9392014Z   type: 'test'
2026-10-09T18:15:05.9392600Z   ...
2026-10-09T18:15:05.9393834Z # Subtest: validator-only observations cannot cross source paths, profiles or uncovered positions
2026-10-09T18:15:05.9395831Z ok 4 - validator-only observations cannot cross source paths, profiles or uncovered positions
2026-10-09T18:15:05.9396993Z   ---
2026-10-09T18:15:05.9397585Z   duration_ms: 114.483926
2026-10-09T18:15:05.9398273Z   type: 'test'
2026-10-09T18:15:05.9398856Z   ...
2026-10-09T18:15:05.9399603Z # Subtest: corpus report rejects missing case
2026-10-09T18:15:05.9415193Z ok 5 - corpus report rejects missing case
2026-10-09T18:15:05.9455477Z   ---
2026-10-09T18:15:05.9482554Z   duration_ms: 1.695854
2026-10-09T18:15:05.9528609Z   type: 'test'
2026-10-09T18:15:05.9529153Z   ...
2026-10-09T18:15:05.9529822Z # Subtest: corpus report rejects duplicate case
2026-10-09T18:15:05.9530687Z ok 6 - corpus report rejects duplicate case
2026-10-09T18:15:05.9531329Z   ---
2026-10-09T18:15:05.9531801Z   duration_ms: 1.666179
2026-10-09T18:15:05.9532321Z   type: 'test'
2026-10-09T18:15:05.9532770Z   ...
2026-10-09T18:15:05.9533351Z # Subtest: corpus report rejects extra case
2026-10-09T18:15:05.9534111Z ok 7 - corpus report rejects extra case
2026-10-09T18:15:05.9534721Z   ---
2026-10-09T18:15:05.9565645Z   duration_ms: 0.708377
2026-10-09T18:15:05.9575515Z   type: 'test'
2026-10-09T18:15:05.9595627Z   ...
2026-10-09T18:15:05.9611211Z # Subtest: corpus report rejects wrong value
2026-10-09T18:15:05.9612068Z ok 8 - corpus report rejects wrong value
2026-10-09T18:15:05.9612676Z   ---
2026-10-09T18:15:05.9613134Z   duration_ms: 0.906176
2026-10-09T18:15:05.9613649Z   type: 'test'
2026-10-09T18:15:05.9614087Z   ...
2026-10-09T18:15:05.9614759Z # Subtest: corpus report rejects wrong consumer profile
2026-10-09T18:15:05.9616093Z ok 9 - corpus report rejects wrong consumer profile
2026-10-09T18:15:05.9616782Z   ---
2026-10-09T18:15:05.9617230Z   duration_ms: 0.759202
2026-10-09T18:15:05.9617739Z   type: 'test'
2026-10-09T18:15:05.9618180Z   ...
2026-10-09T18:15:05.9618793Z # Subtest: corpus report rejects wrong module
2026-10-09T18:15:05.9619582Z ok 10 - corpus report rejects wrong module
2026-10-09T18:15:05.9620200Z   ---
2026-10-09T18:15:05.9633386Z   duration_ms: 4.304937
2026-10-09T18:15:05.9634091Z   type: 'test'
2026-10-09T18:15:05.9635360Z   ...
2026-10-09T18:15:05.9636032Z # Subtest: corpus report rejects unverified copy
2026-10-09T18:15:05.9636926Z ok 11 - corpus report rejects unverified copy
2026-10-09T18:15:05.9637592Z   ---
2026-10-09T18:15:05.9638059Z   duration_ms: 0.868025
2026-10-09T18:15:05.9638583Z   type: 'test'
2026-10-09T18:15:05.9639053Z   ...
2026-10-09T18:15:05.9639687Z # Subtest: corpus report rejects wrong host error
2026-10-09T18:15:05.9640563Z ok 12 - corpus report rejects wrong host error
2026-10-09T18:15:05.9641216Z   ---
2026-10-09T18:15:05.9641665Z   duration_ms: 1.454005
2026-10-09T18:15:05.9642195Z   type: 'test'
2026-10-09T18:15:05.9642648Z   ...
2026-10-09T18:15:05.9643673Z # Subtest: corpus report rejects failed recovery
2026-10-09T18:15:05.9644539Z ok 13 - corpus report rejects failed recovery
2026-10-09T18:15:05.9645623Z   ---
2026-10-09T18:15:05.9646085Z   duration_ms: 1.098102
2026-10-09T18:15:05.9646607Z   type: 'test'
2026-10-09T18:15:05.9647057Z   ...
2026-10-09T18:15:05.9647726Z # Subtest: corpus report rejects missing oracle result
2026-10-09T18:15:05.9648623Z ok 14 - corpus report rejects missing oracle result
2026-10-09T18:15:05.9649285Z   ---
2026-10-09T18:15:05.9649803Z   duration_ms: 0.770914
2026-10-09T18:15:05.9650353Z   type: 'test'
2026-10-09T18:15:05.9650817Z   ...
2026-10-09T18:15:05.9651461Z # Subtest: corpus report rejects extra oracle result
2026-10-09T18:15:05.9652318Z ok 15 - corpus report rejects extra oracle result
2026-10-09T18:15:05.9652956Z   ---
2026-10-09T18:15:05.9653414Z   duration_ms: 0.896778
2026-10-09T18:15:05.9653919Z   type: 'test'
2026-10-09T18:15:05.9654621Z   ...
2026-10-09T18:15:05.9655537Z # Subtest: corpus report rejects unknown adapter
2026-10-09T18:15:05.9656397Z ok 16 - corpus report rejects unknown adapter
2026-10-09T18:15:05.9657033Z   ---
2026-10-09T18:15:05.9657522Z   duration_ms: 4.193971
2026-10-09T18:15:05.9657935Z   type: 'test'
2026-10-09T18:15:05.9658270Z   ...
2026-10-09T18:15:05.9658807Z # Subtest: corpus report rejects unimplemented source path
2026-10-09T18:15:05.9659294Z ok 17 - corpus report rejects unimplemented source path
2026-10-09T18:15:05.9659632Z   ---
2026-10-09T18:15:05.9659836Z   duration_ms: 0.733063
2026-10-09T18:15:05.9660059Z   type: 'test'
2026-10-09T18:15:05.9660263Z   ...
2026-10-09T18:15:05.9660548Z # Subtest: corpus report rejects unknown library
2026-10-09T18:15:05.9660945Z ok 18 - corpus report rejects unknown library
2026-10-09T18:15:05.9661244Z   ---
2026-10-09T18:15:05.9661449Z   duration_ms: 0.743102
2026-10-09T18:15:05.9661672Z   type: 'test'
2026-10-09T18:15:05.9661869Z   ...
2026-10-09T18:15:05.9662199Z # Subtest: corpus report rejects missing runtime identity
2026-10-09T18:15:05.9662642Z ok 19 - corpus report rejects missing runtime identity
2026-10-09T18:15:05.9662951Z   ---
2026-10-09T18:15:05.9663153Z   duration_ms: 0.808554
2026-10-09T18:15:05.9663379Z   type: 'test'
2026-10-09T18:15:05.9663572Z   ...
2026-10-09T18:15:05.9663870Z # Subtest: corpus report rejects invalid archive hash
2026-10-09T18:15:05.9664278Z ok 20 - corpus report rejects invalid archive hash
2026-10-09T18:15:05.9664578Z   ---
2026-10-09T18:15:05.9664780Z   duration_ms: 0.81168
2026-10-09T18:15:05.9665292Z   type: 'test'
2026-10-09T18:15:05.9665515Z   ...
2026-10-09T18:15:05.9665841Z # Subtest: corpus report rejects different archive hash
2026-10-09T18:15:05.9666414Z ok 21 - corpus report rejects different archive hash
2026-10-09T18:15:05.9666961Z   ---
2026-10-09T18:15:05.9667326Z   duration_ms: 0.804717
2026-10-09T18:15:05.9667714Z   type: 'test'
2026-10-09T18:15:05.9668070Z   ...
2026-10-09T18:15:05.9668609Z # Subtest: corpus report rejects wrong archive target
2026-10-09T18:15:05.9669347Z ok 22 - corpus report rejects wrong archive target
2026-10-09T18:15:05.9669867Z   ---
2026-10-09T18:15:05.9670207Z   duration_ms: 0.740587
2026-10-09T18:15:05.9670598Z   type: 'test'
2026-10-09T18:15:05.9670931Z   ...
2026-10-09T18:15:05.9671505Z # Subtest: corpus report rejects cross-profile observation
2026-10-09T18:15:05.9672305Z ok 23 - corpus report rejects cross-profile observation
2026-10-09T18:15:05.9672851Z   ---
2026-10-09T18:15:05.9673174Z   duration_ms: 1.382171
2026-10-09T18:15:05.9673552Z   type: 'test'
2026-10-09T18:15:05.9673877Z   ...
2026-10-09T18:15:05.9674474Z # Subtest: corpus report rejects incorrect floating-point bits
2026-10-09T18:15:05.9675556Z ok 24 - corpus report rejects incorrect floating-point bits
2026-10-09T18:15:05.9676129Z   ---
2026-10-09T18:15:05.9676353Z   duration_ms: 1.678892
2026-10-09T18:15:05.9676584Z   type: 'test'
2026-10-09T18:15:05.9676789Z   ...
2026-10-09T18:15:05.9677133Z # Subtest: corpus report rejects missing declaration evidence
2026-10-09T18:15:05.9677609Z ok 25 - corpus report rejects missing declaration evidence
2026-10-09T18:15:05.9678197Z   ---
2026-10-09T18:15:05.9678396Z   duration_ms: 0.984631
2026-10-09T18:15:05.9678618Z   type: 'test'
2026-10-09T18:15:05.9678810Z   ...
2026-10-09T18:15:05.9679110Z # Subtest: corpus report rejects wrong declaration type
2026-10-09T18:15:05.9679529Z ok 26 - corpus report rejects wrong declaration type
2026-10-09T18:15:05.9679833Z   ---
2026-10-09T18:15:05.9680020Z   duration_ms: 1.468111
2026-10-09T18:15:05.9680235Z   type: 'test'
2026-10-09T18:15:05.9680450Z   ...
2026-10-09T18:15:05.9680887Z # Subtest: the corpus rejects duplicate runs and accepts only complete observations
2026-10-09T18:15:05.9681536Z ok 27 - the corpus rejects duplicate runs and accepts only complete observations
2026-10-09T18:15:05.9682156Z   ---
2026-10-09T18:15:05.9682358Z   duration_ms: 3.948654
2026-10-09T18:15:05.9682576Z   type: 'test'
2026-10-09T18:15:05.9682769Z   ...
2026-10-09T18:15:05.9683352Z # Subtest: explicit corpus selections reject absent, misspelled and duplicate adapters
2026-10-09T18:15:05.9684046Z ok 28 - explicit corpus selections reject absent, misspelled and duplicate adapters
2026-10-09T18:15:05.9684456Z   ---
2026-10-09T18:15:05.9684791Z   duration_ms: 0.484422
2026-10-09T18:15:05.9685303Z   type: 'test'
2026-10-09T18:15:05.9685501Z   ...
2026-10-09T18:15:05.9686083Z # Subtest: the shared inputs cover all sixteen primitive parameter/result positions
2026-10-09T18:15:05.9687226Z ok 29 - the shared inputs cover all sixteen primitive parameter/result positions
2026-10-09T18:15:05.9687914Z   ---
2026-10-09T18:15:05.9688238Z   duration_ms: 126.331968
2026-10-09T18:15:05.9688639Z   type: 'test'
2026-10-09T18:15:05.9688960Z   ...
2026-10-09T18:15:05.9689803Z # Subtest: Perl numeric acceptance uses fresh Lean results without weakening other profiles
2026-10-09T18:15:05.9691076Z ok 30 - Perl numeric acceptance uses fresh Lean results without weakening other profiles
2026-10-09T18:15:05.9691792Z   ---
2026-10-09T18:15:05.9692181Z   duration_ms: 5.248342
2026-10-09T18:15:05.9692572Z   type: 'test'
2026-10-09T18:15:05.9692901Z   ...
2026-10-09T18:15:05.9693722Z # Subtest: Perl observations bind the separate runtime archive and compiled interpreter ABI
2026-10-09T18:15:05.9695147Z ok 31 - Perl observations bind the separate runtime archive and compiled interpreter ABI
2026-10-09T18:15:05.9695970Z   ---
2026-10-09T18:15:05.9696306Z   duration_ms: 6.321317
2026-10-09T18:15:05.9696700Z   type: 'test'
2026-10-09T18:15:05.9697028Z   ...
2026-10-09T18:15:05.9697878Z # Subtest: declaration evidence checks names, nested fields and type positions separately
2026-10-09T18:15:05.9699181Z ok 32 - declaration evidence checks names, nested fields and type positions separately
2026-10-09T18:15:05.9699943Z   ---
2026-10-09T18:15:05.9700299Z   duration_ms: 5.068547
2026-10-09T18:15:05.9700717Z   type: 'test'
2026-10-09T18:15:05.9701050Z   ...
2026-10-09T18:15:05.9701803Z # Subtest: profile-specific host errors cannot be borrowed from another adapter
2026-10-09T18:15:05.9702985Z ok 33 - profile-specific host errors cannot be borrowed from another adapter
2026-10-09T18:15:05.9703690Z   ---
2026-10-09T18:15:05.9704023Z   duration_ms: 2.173883
2026-10-09T18:15:05.9704403Z   type: 'test'
2026-10-09T18:15:05.9704732Z   ...
2026-10-09T18:15:05.9705652Z # Subtest: Node profiles keep unsupported array and record cases as gaps
2026-10-09T18:15:05.9706675Z ok 34 - Node profiles keep unsupported array and record cases as gaps
2026-10-09T18:15:05.9707311Z   ---
2026-10-09T18:15:05.9707548Z   duration_ms: 246.029763
2026-10-09T18:15:05.9707787Z   type: 'test'
2026-10-09T18:15:05.9707983Z   ...
2026-10-09T18:15:05.9708494Z # Subtest: strict TypeScript uses the installed public API and independent exact signatures
2026-10-09T18:15:05.9709220Z ok 35 - strict TypeScript uses the installed public API and independent exact signatures
2026-10-09T18:15:05.9709662Z   ---
2026-10-09T18:15:05.9709865Z   duration_ms: 4.963411
2026-10-09T18:15:05.9710087Z   type: 'test'
2026-10-09T18:15:05.9710280Z   ...
2026-10-09T18:15:05.9710856Z # Subtest: browser engine selections are explicit and never silently skipped
2026-10-09T18:15:05.9711515Z ok 36 - browser engine selections are explicit and never silently skipped
2026-10-09T18:15:05.9712217Z   ---
2026-10-09T18:15:05.9712540Z   duration_ms: 0.528222
2026-10-09T18:15:05.9712890Z   type: 'test'
2026-10-09T18:15:05.9713081Z   ...
2026-10-09T18:15:05.9713598Z # Subtest: browser profiles require every selected engine and retain unsupported projections as gaps
2026-10-09T18:15:05.9714395Z ok 37 - browser profiles require every selected engine and retain unsupported projections as gaps
2026-10-09T18:15:05.9715130Z   ---
2026-10-09T18:15:05.9715354Z   duration_ms: 120.833626
2026-10-09T18:15:05.9715587Z   type: 'test'
2026-10-09T18:15:05.9715783Z   ...
2026-10-09T18:15:05.9716080Z # Subtest: browser corpus rejects missing evidence
2026-10-09T18:15:05.9716647Z ok 38 - browser corpus rejects missing evidence
2026-10-09T18:15:05.9716959Z   ---
2026-10-09T18:15:05.9717165Z   duration_ms: 1.464895
2026-10-09T18:15:05.9717387Z   type: 'test'
2026-10-09T18:15:05.9717580Z   ...
2026-10-09T18:15:05.9717865Z # Subtest: browser corpus rejects duplicate engine
2026-10-09T18:15:05.9718253Z ok 39 - browser corpus rejects duplicate engine
2026-10-09T18:15:05.9718544Z   ---
2026-10-09T18:15:05.9718728Z   duration_ms: 4.713967
2026-10-09T18:15:05.9718948Z   type: 'test'
2026-10-09T18:15:05.9719140Z   ...
2026-10-09T18:15:05.9719414Z # Subtest: browser corpus rejects missing engine
2026-10-09T18:15:05.9719796Z ok 40 - browser corpus rejects missing engine
2026-10-09T18:15:05.9720076Z   ---
2026-10-09T18:15:05.9720267Z   duration_ms: 1.386639
2026-10-09T18:15:05.9720482Z   type: 'test'
2026-10-09T18:15:05.9720678Z   ...
2026-10-09T18:15:05.9720975Z # Subtest: browser corpus rejects missing StrictMode
2026-10-09T18:15:05.9721382Z ok 41 - browser corpus rejects missing StrictMode
2026-10-09T18:15:05.9721923Z   ---
2026-10-09T18:15:05.9722260Z   duration_ms: 1.671489
2026-10-09T18:15:05.9722647Z   type: 'test'
2026-10-09T18:15:05.9722985Z   ...
2026-10-09T18:15:05.9723508Z # Subtest: browser corpus rejects duplicate execution
2026-10-09T18:15:05.9724241Z ok 42 - browser corpus rejects duplicate execution
2026-10-09T18:15:05.9724731Z   ---
2026-10-09T18:15:05.9725185Z   duration_ms: 1.510209
2026-10-09T18:15:05.9725604Z   type: 'test'
2026-10-09T18:15:05.9725936Z   ...
2026-10-09T18:15:05.9726394Z # Subtest: browser corpus rejects wrong browser result
2026-10-09T18:15:05.9726827Z ok 43 - browser corpus rejects wrong browser result
2026-10-09T18:15:05.9727391Z   ---
2026-10-09T18:15:05.9727720Z   duration_ms: 2.849951
2026-10-09T18:15:05.9728108Z   type: 'test'
2026-10-09T18:15:05.9728436Z   ...
2026-10-09T18:15:05.9728901Z # Subtest: browser corpus rejects wrong profile
2026-10-09T18:15:05.9729465Z ok 44 - browser corpus rejects wrong profile
2026-10-09T18:15:05.9729959Z   ---
2026-10-09T18:15:05.9730284Z   duration_ms: 2.66114
2026-10-09T18:15:05.9730675Z   type: 'test'
2026-10-09T18:15:05.9731012Z   ...
2026-10-09T18:15:05.9731626Z # Subtest: browser corpus rejects window standing in for worker
2026-10-09T18:15:05.9732370Z ok 45 - browser corpus rejects window standing in for worker
2026-10-09T18:15:05.9732709Z   ---
2026-10-09T18:15:05.9733094Z   duration_ms: 5.683871
2026-10-09T18:15:05.9733476Z   type: 'test'
2026-10-09T18:15:05.9733713Z   ...
2026-10-09T18:15:05.9734037Z # Subtest: browser corpus rejects mismatched primary result
2026-10-09T18:15:05.9734567Z ok 46 - browser corpus rejects mismatched primary result
2026-10-09T18:15:05.9735260Z   ---
2026-10-09T18:15:05.9735472Z   duration_ms: 3.639359
2026-10-09T18:15:05.9735701Z   type: 'test'
2026-10-09T18:15:05.9735903Z   ...
2026-10-09T18:15:05.9736190Z # Subtest: browser corpus rejects wrong WASM digest
2026-10-09T18:15:05.9736597Z ok 47 - browser corpus rejects wrong WASM digest
2026-10-09T18:15:05.9736884Z   ---
2026-10-09T18:15:05.9737080Z   duration_ms: 2.907387
2026-10-09T18:15:05.9737304Z   type: 'test'
2026-10-09T18:15:05.9737491Z   ...
2026-10-09T18:15:05.9738094Z # Subtest: browser corpus rejects wrong WASM MIME
2026-10-09T18:15:05.9738811Z ok 48 - browser corpus rejects wrong WASM MIME
2026-10-09T18:15:05.9739321Z   ---
2026-10-09T18:15:05.9739653Z   duration_ms: 2.497314
2026-10-09T18:15:05.9740037Z   type: 'test'
2026-10-09T18:15:05.9740376Z   ...
2026-10-09T18:15:05.9740951Z # Subtest: browser corpus rejects wrong deployment prefix
2026-10-09T18:15:05.9741687Z ok 49 - browser corpus rejects wrong deployment prefix
2026-10-09T18:15:05.9742231Z   ---
2026-10-09T18:15:05.9742568Z   duration_ms: 2.720601
2026-10-09T18:15:05.9742972Z   type: 'test'
2026-10-09T18:15:05.9743314Z   ...
2026-10-09T18:15:05.9743863Z # Subtest: browser corpus rejects missing runtime fetch
2026-10-09T18:15:05.9744500Z ok 50 - browser corpus rejects missing runtime fetch
2026-10-09T18:15:05.9745217Z   ---
2026-10-09T18:15:05.9745551Z   duration_ms: 1.867733
2026-10-09T18:15:05.9746138Z   type: 'test'
2026-10-09T18:15:05.9746486Z   ...
2026-10-09T18:15:05.9747023Z # Subtest: browser corpus rejects unbound deployment
2026-10-09T18:15:05.9747723Z ok 51 - browser corpus rejects unbound deployment
2026-10-09T18:15:05.9748203Z   ---
2026-10-09T18:15:05.9748397Z   duration_ms: 1.169034
2026-10-09T18:15:05.9748621Z   type: 'test'
2026-10-09T18:15:05.9748977Z   ...
2026-10-09T18:15:05.9749293Z # Subtest: browser corpus rejects source tree present
2026-10-09T18:15:05.9749997Z ok 52 - browser corpus rejects source tree present
2026-10-09T18:15:05.9750299Z   ---
2026-10-09T18:15:05.9750493Z   duration_ms: 1.778267
2026-10-09T18:15:05.9750709Z   type: 'test'
2026-10-09T18:15:05.9750900Z   ...
2026-10-09T18:15:05.9751173Z # Subtest: browser corpus rejects network access
2026-10-09T18:15:05.9751569Z ok 53 - browser corpus rejects network access
2026-10-09T18:15:05.9752104Z   ---
2026-10-09T18:15:05.9752569Z   duration_ms: 1.05377
2026-10-09T18:15:05.9753046Z   type: 'test'
2026-10-09T18:15:05.9753469Z   ...
2026-10-09T18:15:05.9754111Z # Subtest: browser corpus rejects missing React framework
2026-10-09T18:15:05.9755115Z ok 54 - browser corpus rejects missing React framework
2026-10-09T18:15:05.9755663Z   ---
2026-10-09T18:15:05.9756096Z   duration_ms: 1.336546
2026-10-09T18:15:05.9756612Z   type: 'test'
2026-10-09T18:15:05.9757027Z   ...
2026-10-09T18:15:05.9757669Z # Subtest: browser corpus rejects missing public API import
2026-10-09T18:15:05.9758436Z ok 55 - browser corpus rejects missing public API import
2026-10-09T18:15:05.9758980Z   ---
2026-10-09T18:15:05.9759405Z   duration_ms: 1.175026
2026-10-09T18:15:05.9759916Z   type: 'test'
2026-10-09T18:15:05.9760325Z   ...
2026-10-09T18:15:05.9760992Z # Subtest: browser corpus rejects missing asset recovery
2026-10-09T18:15:05.9761766Z ok 56 - browser corpus rejects missing asset recovery
2026-10-09T18:15:05.9762310Z   ---
2026-10-09T18:15:05.9762763Z   duration_ms: 1.526218
2026-10-09T18:15:05.9763234Z   type: 'test'
2026-10-09T18:15:05.9763710Z   ...
2026-10-09T18:15:05.9764352Z # Subtest: browser corpus rejects stale React effect
2026-10-09T18:15:05.9765209Z ok 57 - browser corpus rejects stale React effect
2026-10-09T18:15:05.9765770Z   ---
2026-10-09T18:15:05.9766107Z   duration_ms: 2.037049
2026-10-09T18:15:05.9766503Z   type: 'test'
2026-10-09T18:15:05.9766858Z   ...
2026-10-09T18:15:05.9767409Z # Subtest: browser corpus rejects pending React unmount
2026-10-09T18:15:05.9768192Z ok 58 - browser corpus rejects pending React unmount
2026-10-09T18:15:05.9768539Z   ---
2026-10-09T18:15:05.9768739Z   duration_ms: 1.758911
2026-10-09T18:15:05.9768968Z   type: 'test'
2026-10-09T18:15:05.9769166Z   ...
2026-10-09T18:15:05.9769452Z # Subtest: browser corpus rejects leaked worker
2026-10-09T18:15:05.9769834Z ok 59 - browser corpus rejects leaked worker
2026-10-09T18:15:05.9770120Z   ---
2026-10-09T18:15:05.9770321Z   duration_ms: 2.251738
2026-10-09T18:15:05.9770545Z   type: 'test'
2026-10-09T18:15:05.9770747Z   ...
2026-10-09T18:15:05.9771172Z # Subtest: Rust records compiler rejection separately from executed public calls
2026-10-09T18:15:05.9772656Z ok 60 - Rust records compiler rejection separately from executed public calls
2026-10-09T18:15:05.9773411Z   ---
2026-10-09T18:15:05.9773776Z   duration_ms: 111.244301
2026-10-09T18:15:05.9774180Z   type: 'test'
2026-10-09T18:15:05.9774547Z   ...
2026-10-09T18:15:08.8216733Z # Subtest: Rust compile-rejection evidence retains JSON beyond the display-tail limit
2026-10-09T18:15:08.8218553Z ok 61 - Rust compile-rejection evidence retains JSON beyond the display-tail limit
2026-10-09T18:15:08.8219669Z   ---
2026-10-09T18:15:08.8220284Z   duration_ms: 58.192862
2026-10-09T18:15:08.8220969Z   type: 'test'
2026-10-09T18:15:08.8221563Z   ...
2026-10-09T18:15:08.8222713Z # Subtest: Rust callers use independent typed signatures, borrowed inputs and owned results
2026-10-09T18:15:08.8224399Z ok 62 - Rust callers use independent typed signatures, borrowed inputs and owned results
2026-10-09T18:15:08.8225704Z   ---
2026-10-09T18:15:08.8226765Z   duration_ms: 2.909893
2026-10-09T18:15:08.8227478Z   type: 'test'
2026-10-09T18:15:08.8228086Z   ...
2026-10-09T18:15:08.8228902Z # Subtest: Rust corpus rejects missing compiler evidence
2026-10-09T18:15:08.8229984Z ok 63 - Rust corpus rejects missing compiler evidence
2026-10-09T18:15:08.8230778Z   ---
2026-10-09T18:15:08.8231357Z   duration_ms: 6.563858
2026-10-09T18:15:08.8232006Z   type: 'test'
2026-10-09T18:15:08.8232579Z   ...
2026-10-09T18:15:08.8233398Z # Subtest: Rust corpus rejects wrong compiler version
2026-10-09T18:15:08.8234394Z ok 64 - Rust corpus rejects wrong compiler version
2026-10-09T18:15:08.8235537Z   ---
2026-10-09T18:15:08.8235952Z   duration_ms: 1.759101
2026-10-09T18:15:08.8236379Z   type: 'test'
2026-10-09T18:15:08.8236739Z   ...
2026-10-09T18:15:08.8237307Z # Subtest: Rust corpus rejects unbound consumer source
2026-10-09T18:15:08.8238088Z ok 65 - Rust corpus rejects unbound consumer source
2026-10-09T18:15:08.8238645Z   ---
2026-10-09T18:15:08.8238999Z   duration_ms: 3.160969
2026-10-09T18:15:08.8239408Z   type: 'test'
2026-10-09T18:15:08.8239765Z   ...
2026-10-09T18:15:08.8240307Z # Subtest: Rust corpus rejects unchecked signatures
2026-10-09T18:15:08.8241068Z ok 66 - Rust corpus rejects unchecked signatures
2026-10-09T18:15:08.8241603Z   ---
2026-10-09T18:15:08.8241956Z   duration_ms: 3.144388
2026-10-09T18:15:08.8242357Z   type: 'test'
2026-10-09T18:15:08.8242703Z   ...
2026-10-09T18:15:08.8243196Z # Subtest: Rust corpus rejects wrong binding IR
2026-10-09T18:15:08.8243872Z ok 67 - Rust corpus rejects wrong binding IR
2026-10-09T18:15:08.8244378Z   ---
2026-10-09T18:15:08.8244713Z   duration_ms: 2.069699
2026-10-09T18:15:08.8245382Z   type: 'test'
2026-10-09T18:15:08.8245740Z   ...
2026-10-09T18:15:08.8246262Z # Subtest: Rust corpus rejects warm global cache
2026-10-09T18:15:08.8246973Z ok 68 - Rust corpus rejects warm global cache
2026-10-09T18:15:08.8275641Z   ---
2026-10-09T18:15:08.8276070Z   duration_ms: 4.002123
2026-10-09T18:15:08.8276521Z   type: 'test'
2026-10-09T18:15:08.8276920Z   ...
2026-10-09T18:15:08.8277486Z # Subtest: Rust corpus rejects online installation
2026-10-09T18:15:08.8278295Z ok 69 - Rust corpus rejects online installation
2026-10-09T18:15:08.8278876Z   ---
2026-10-09T18:15:08.8279245Z   duration_ms: 3.20981
2026-10-09T18:15:08.8279677Z   type: 'test'
2026-10-09T18:15:08.8280054Z   ...
2026-10-09T18:15:08.8280627Z # Subtest: Rust corpus rejects remaining source tree
2026-10-09T18:15:08.8281434Z ok 70 - Rust corpus rejects remaining source tree
2026-10-09T18:15:08.8282018Z   ---
2026-10-09T18:15:08.8282397Z   duration_ms: 3.024405
2026-10-09T18:15:08.8282826Z   type: 'test'
2026-10-09T18:15:08.8283195Z   ...
2026-10-09T18:15:08.8283778Z # Subtest: Rust corpus rejects missing exact integers
2026-10-09T18:15:08.8284570Z ok 71 - Rust corpus rejects missing exact integers
2026-10-09T18:15:08.8285420Z   ---
2026-10-09T18:15:08.8285796Z   duration_ms: 3.991504
2026-10-09T18:15:08.8286225Z   type: 'test'
2026-10-09T18:15:08.8286594Z   ...
2026-10-09T18:15:08.8287172Z # Subtest: Rust corpus rejects duplicate dependency
2026-10-09T18:15:08.8288403Z ok 72 - Rust corpus rejects duplicate dependency
2026-10-09T18:15:08.8288985Z   ---
2026-10-09T18:15:08.8289357Z   duration_ms: 3.696214
2026-10-09T18:15:08.8289777Z   type: 'test'
2026-10-09T18:15:08.8290147Z   ...
2026-10-09T18:15:08.8290701Z # Subtest: Rust corpus rejects unhashed executable
2026-10-09T18:15:08.8291462Z ok 73 - Rust corpus rejects unhashed executable
2026-10-09T18:15:08.8292017Z   ---
2026-10-09T18:15:08.8292391Z   duration_ms: 3.180104
2026-10-09T18:15:08.8292816Z   type: 'test'
2026-10-09T18:15:08.8293176Z   ...
2026-10-09T18:15:08.8293691Z # Subtest: Rust corpus rejects missing cleanup
2026-10-09T18:15:08.8294394Z ok 74 - Rust corpus rejects missing cleanup
2026-10-09T18:15:08.8295161Z   ---
2026-10-09T18:15:08.8295546Z   duration_ms: 4.16161
2026-10-09T18:15:08.8295971Z   type: 'test'
2026-10-09T18:15:08.8296337Z   ...
2026-10-09T18:15:08.8297119Z # Subtest: Rust corpus rejects unverified copies
2026-10-09T18:15:08.8297906Z ok 75 - Rust corpus rejects unverified copies
2026-10-09T18:15:08.8305623Z   ---
2026-10-09T18:15:08.8306092Z   duration_ms: 3.607629
2026-10-09T18:15:08.8306651Z   type: 'test'
2026-10-09T18:15:08.8307100Z   ...
2026-10-09T18:15:08.8307866Z # Subtest: Rust corpus rejects compiler failure counted as runtime
2026-10-09T18:15:08.8308821Z ok 76 - Rust corpus rejects compiler failure counted as runtime
2026-10-09T18:15:08.8309368Z   ---
2026-10-09T18:15:08.8309832Z   duration_ms: 3.364638
2026-10-09T18:15:08.8310290Z   type: 'test'
2026-10-09T18:15:08.8310753Z   ...
2026-10-09T18:15:08.8311397Z # Subtest: Rust corpus rejects unrelated compiler failure
2026-10-09T18:15:08.8312187Z ok 77 - Rust corpus rejects unrelated compiler failure
2026-10-09T18:15:08.8312737Z   ---
2026-10-09T18:15:08.8313167Z   duration_ms: 3.211052
2026-10-09T18:15:08.8313684Z   type: 'test'
2026-10-09T18:15:08.8314098Z   ...
2026-10-09T18:15:08.8314792Z # Subtest: Rust corpus rejects dependency compiler failure
2026-10-09T18:15:08.8315826Z ok 78 - Rust corpus rejects dependency compiler failure
2026-10-09T18:15:08.8316416Z   ---
2026-10-09T18:15:08.8316844Z   duration_ms: 3.286894
2026-10-09T18:15:08.8317358Z   type: 'test'
2026-10-09T18:15:08.8317773Z   ...
2026-10-09T18:15:08.8318358Z # Subtest: Rust corpus rejects missing compiler diagnostic
2026-10-09T18:15:08.8319111Z ok 79 - Rust corpus rejects missing compiler diagnostic
2026-10-09T18:15:08.8319672Z   ---
2026-10-09T18:15:08.8320143Z   duration_ms: 3.499789
2026-10-09T18:15:08.8320605Z   type: 'test'
2026-10-09T18:15:08.8321084Z   ...
2026-10-09T18:15:08.8321687Z # Subtest: Rust corpus rejects changed rejected source
2026-10-09T18:15:08.8322444Z ok 80 - Rust corpus rejects changed rejected source
2026-10-09T18:15:08.8323008Z   ---
2026-10-09T18:15:08.8323417Z   duration_ms: 4.052367
2026-10-09T18:15:08.8323951Z   type: 'test'
2026-10-09T18:15:08.8324365Z   ...
2026-10-09T18:15:08.8325112Z # Subtest: Rust corpus rejects wrong runtime error
2026-10-09T18:15:08.8325866Z ok 81 - Rust corpus rejects wrong runtime error
2026-10-09T18:15:08.8326433Z   ---
2026-10-09T18:15:08.8326771Z   duration_ms: 2.942633
2026-10-09T18:15:08.8327157Z   type: 'test'
2026-10-09T18:15:08.8327501Z   ...
2026-10-09T18:15:08.8328029Z # Subtest: Rust corpus rejects missing limit rejection
2026-10-09T18:15:08.8328779Z ok 82 - Rust corpus rejects missing limit rejection
2026-10-09T18:15:08.8329299Z   ---
2026-10-09T18:15:08.8329619Z   duration_ms: 3.028472
2026-10-09T18:15:08.8330006Z   type: 'test'
2026-10-09T18:15:08.8330340Z   ...
2026-10-09T18:15:08.8330879Z # Subtest: Rust corpus rejects failed limit recovery
2026-10-09T18:15:08.8331598Z ok 83 - Rust corpus rejects failed limit recovery
2026-10-09T18:15:08.8332114Z   ---
2026-10-09T18:15:08.8332440Z   duration_ms: 4.321017
2026-10-09T18:15:08.8332821Z   type: 'test'
2026-10-09T18:15:08.8333178Z   ...
2026-10-09T18:15:08.8333912Z # Subtest: c corpus separates native numeric acceptance from compiler rejection
2026-10-09T18:15:08.8335194Z ok 84 - c corpus separates native numeric acceptance from compiler rejection
2026-10-09T18:15:08.8335969Z   ---
2026-10-09T18:15:08.8336193Z   duration_ms: 129.970369
2026-10-09T18:15:08.8336438Z   type: 'test'
2026-10-09T18:15:08.8336646Z   ...
2026-10-09T18:15:08.8337080Z # Subtest: cpp corpus separates native numeric acceptance from compiler rejection
2026-10-09T18:15:08.8337745Z ok 85 - cpp corpus separates native numeric acceptance from compiler rejection
2026-10-09T18:15:08.8338144Z   ---
2026-10-09T18:15:08.8338347Z   duration_ms: 113.945675
2026-10-09T18:15:08.8338588Z   type: 'test'
2026-10-09T18:15:08.8338784Z   ...
2026-10-09T18:15:08.8339090Z # Subtest: c corpus rejects missing compiler evidence
2026-10-09T18:15:08.8339511Z ok 86 - c corpus rejects missing compiler evidence
2026-10-09T18:15:08.8339821Z   ---
2026-10-09T18:15:08.8340014Z   duration_ms: 6.842105
2026-10-09T18:15:08.8340248Z   type: 'test'
2026-10-09T18:15:08.8340446Z   ...
2026-10-09T18:15:08.8340858Z # Subtest: c corpus rejects old compiler
2026-10-09T18:15:08.8341224Z ok 87 - c corpus rejects old compiler
2026-10-09T18:15:08.8341495Z   ---
2026-10-09T18:15:08.8341697Z   duration_ms: 3.617158
2026-10-09T18:15:08.8341920Z   type: 'test'
2026-10-09T18:15:08.8342121Z   ...
2026-10-09T18:15:08.8342378Z # Subtest: c corpus rejects wrong standard
2026-10-09T18:15:08.8342733Z ok 88 - c corpus rejects wrong standard
2026-10-09T18:15:08.8343015Z   ---
2026-10-09T18:15:08.8343216Z   duration_ms: 4.42505
2026-10-09T18:15:08.8343448Z   type: 'test'
2026-10-09T18:15:08.8343644Z   ...
2026-10-09T18:15:08.8343911Z # Subtest: c corpus rejects unbound source
2026-10-09T18:15:08.8344260Z ok 89 - c corpus rejects unbound source
2026-10-09T18:15:08.8344536Z   ---
2026-10-09T18:15:08.8344733Z   duration_ms: 8.43581
2026-10-09T18:15:08.8345308Z   type: 'test'
2026-10-09T18:15:08.8345664Z   ...
2026-10-09T18:15:08.8346163Z # Subtest: c corpus rejects unchecked signatures
2026-10-09T18:15:08.8346647Z ok 90 - c corpus rejects unchecked signatures
2026-10-09T18:15:08.8346952Z   ---
2026-10-09T18:15:08.8347156Z   duration_ms: 4.221692
2026-10-09T18:15:08.8347393Z   type: 'test'
2026-10-09T18:15:08.8347596Z   ...
2026-10-09T18:15:08.8349440Z # Subtest: c corpus rejects wrong binding IR
2026-10-09T18:15:08.8350374Z ok 91 - c corpus rejects wrong binding IR
2026-10-09T18:15:08.8351091Z   ---
2026-10-09T18:15:08.8351619Z   duration_ms: 2.60752
2026-10-09T18:15:08.8352187Z   type: 'test'
2026-10-09T18:15:08.8352809Z   ...
2026-10-09T18:15:08.8353321Z # Subtest: c corpus rejects remaining sources
2026-10-09T18:15:08.8353991Z ok 92 - c corpus rejects remaining sources
2026-10-09T18:15:08.8354474Z   ---
2026-10-09T18:15:08.8354834Z   duration_ms: 5.363395
2026-10-09T18:15:08.8355493Z   type: 'test'
2026-10-09T18:15:08.8355710Z   ...
2026-10-09T18:15:08.8356030Z # Subtest: c corpus rejects compiler during execution
2026-10-09T18:15:08.8390643Z ok 93 - c corpus rejects compiler during execution
2026-10-09T18:15:08.8391300Z   ---
2026-10-09T18:15:08.8391777Z   duration_ms: 4.0541
2026-10-09T18:15:08.8392308Z   type: 'test'
2026-10-09T18:15:08.8392745Z   ...
2026-10-09T18:15:08.8393305Z # Subtest: c corpus rejects runtime override
2026-10-09T18:15:08.8401208Z ok 94 - c corpus rejects runtime override
2026-10-09T18:15:08.8401997Z   ---
2026-10-09T18:15:08.8402648Z   duration_ms: 5.408189
2026-10-09T18:15:08.8403302Z   type: 'test'
2026-10-09T18:15:08.8403875Z   ...
2026-10-09T18:15:08.8404567Z # Subtest: c corpus rejects private headers
2026-10-09T18:15:08.8432639Z ok 95 - c corpus rejects private headers
2026-10-09T18:15:08.8455745Z   ---
2026-10-09T18:15:08.8464877Z   duration_ms: 4.180915
2026-10-09T18:15:08.8465804Z   type: 'test'
2026-10-09T18:15:08.8466384Z   ...
2026-10-09T18:15:08.8467110Z # Subtest: c corpus rejects unchecked narrowing
2026-10-09T18:15:08.8467982Z ok 96 - c corpus rejects unchecked narrowing
2026-10-09T18:15:08.8468678Z   ---
2026-10-09T18:15:08.8469193Z   duration_ms: 4.117467
2026-10-09T18:15:08.8469777Z   type: 'test'
2026-10-09T18:15:08.8470329Z   ...
2026-10-09T18:15:08.8470987Z # Subtest: c corpus rejects missing CMake
2026-10-09T18:15:08.8472173Z ok 97 - c corpus rejects missing CMake
2026-10-09T18:15:08.8472814Z   ---
2026-10-09T18:15:08.8473306Z   duration_ms: 8.308767
2026-10-09T18:15:08.8473863Z   type: 'test'
2026-10-09T18:15:08.8474403Z   ...
2026-10-09T18:15:08.8475368Z # Subtest: c corpus rejects unexecuted integration
2026-10-09T18:15:08.8476315Z ok 98 - c corpus rejects unexecuted integration
2026-10-09T18:15:08.8479809Z   ---
2026-10-09T18:15:08.8480360Z   duration_ms: 6.146901
2026-10-09T18:15:08.8480803Z   type: 'test'
2026-10-09T18:15:08.8481143Z   ...
2026-10-09T18:15:08.8481611Z # Subtest: c corpus rejects nonlocal runtime
2026-10-09T18:15:08.8482247Z ok 99 - c corpus rejects nonlocal runtime
2026-10-09T18:15:08.8482719Z   ---
2026-10-09T18:15:08.8483046Z   duration_ms: 8.185496
2026-10-09T18:15:08.8483436Z   type: 'test'
2026-10-09T18:15:08.8483766Z   ...
2026-10-09T18:15:08.8484549Z # Subtest: c corpus rejects missing runtime library
2026-10-09T18:15:08.8485521Z ok 100 - c corpus rejects missing runtime library
2026-10-09T18:15:08.8486064Z   ---
2026-10-09T18:15:08.8486391Z   duration_ms: 7.445995
2026-10-09T18:15:08.8486779Z   type: 'test'
2026-10-09T18:15:08.8487106Z   ...
2026-10-09T18:15:08.8487609Z # Subtest: c corpus rejects wrong runtime rejection
2026-10-09T18:15:08.8488318Z ok 101 - c corpus rejects wrong runtime rejection
2026-10-09T18:15:08.8488820Z   ---
2026-10-09T18:15:08.8489149Z   duration_ms: 9.798946
2026-10-09T18:15:08.8489526Z   type: 'test'
2026-10-09T18:15:08.8489856Z   ...
2026-10-09T18:15:08.8490303Z # Subtest: c corpus rejects failed recovery
2026-10-09T18:15:08.8490924Z ok 102 - c corpus rejects failed recovery
2026-10-09T18:15:08.8491399Z   ---
2026-10-09T18:15:08.8491721Z   duration_ms: 7.611904
2026-10-09T18:15:08.8492101Z   type: 'test'
2026-10-09T18:15:08.8492426Z   ...
2026-10-09T18:15:08.8492910Z # Subtest: c corpus rejects missing error check
2026-10-09T18:15:08.8493579Z ok 103 - c corpus rejects missing error check
2026-10-09T18:15:08.8494079Z   ---
2026-10-09T18:15:08.8494407Z   duration_ms: 6.648006
2026-10-09T18:15:08.8494791Z   type: 'test'
2026-10-09T18:15:08.8495312Z   ...
2026-10-09T18:15:08.8495772Z # Subtest: c corpus rejects aliased record
2026-10-09T18:15:08.8496394Z ok 104 - c corpus rejects aliased record
2026-10-09T18:15:08.8496862Z   ---
2026-10-09T18:15:08.8497197Z   duration_ms: 4.058483
2026-10-09T18:15:08.8497573Z   type: 'test'
2026-10-09T18:15:08.8497895Z   ...
2026-10-09T18:15:08.8498426Z # Subtest: c corpus rejects unrelated compiler failure
2026-10-09T18:15:08.8499053Z ok 105 - c corpus rejects unrelated compiler failure
2026-10-09T18:15:08.8499377Z   ---
2026-10-09T18:15:08.8499572Z   duration_ms: 2.436026
2026-10-09T18:15:08.8499796Z   type: 'test'
2026-10-09T18:15:08.8500081Z   ...
2026-10-09T18:15:08.8500504Z # Subtest: c corpus rejects header compiler failure
2026-10-09T18:15:08.8501422Z ok 106 - c corpus rejects header compiler failure
2026-10-09T18:15:08.8502124Z   ---
2026-10-09T18:15:08.8502643Z   duration_ms: 3.020156
2026-10-09T18:15:08.8503358Z   type: 'test'
2026-10-09T18:15:08.8503801Z   ...
2026-10-09T18:15:08.8504599Z # Subtest: c corpus rejects changed rejected input
2026-10-09T18:15:08.8528919Z ok 107 - c corpus rejects changed rejected input
2026-10-09T18:15:08.8529488Z   ---
2026-10-09T18:15:08.8529848Z   duration_ms: 2.70627
2026-10-09T18:15:08.8530257Z   type: 'test'
2026-10-09T18:15:08.8530605Z   ...
2026-10-09T18:15:08.8531151Z # Subtest: cpp corpus rejects missing compiler evidence
2026-10-09T18:15:08.8531929Z ok 108 - cpp corpus rejects missing compiler evidence
2026-10-09T18:15:08.8532477Z   ---
2026-10-09T18:15:08.8532826Z   duration_ms: 6.318121
2026-10-09T18:15:08.8533199Z   type: 'test'
2026-10-09T18:15:08.8533540Z   ...
2026-10-09T18:15:08.8533910Z # Subtest: cpp corpus rejects old compiler
2026-10-09T18:15:08.8534409Z ok 109 - cpp corpus rejects old compiler
2026-10-09T18:15:08.8534793Z   ---
2026-10-09T18:15:08.8535371Z   duration_ms: 3.559823
2026-10-09T18:15:08.8535784Z   type: 'test'
2026-10-09T18:15:08.8536123Z   ...
2026-10-09T18:15:08.8536956Z # Subtest: cpp corpus rejects wrong standard
2026-10-09T18:15:08.8537630Z ok 110 - cpp corpus rejects wrong standard
2026-10-09T18:15:08.8538128Z   ---
2026-10-09T18:15:08.8538502Z   duration_ms: 3.519578
2026-10-09T18:15:08.8538913Z   type: 'test'
2026-10-09T18:15:08.8539281Z   ...
2026-10-09T18:15:08.8539770Z # Subtest: cpp corpus rejects unbound source
2026-10-09T18:15:08.8540441Z ok 111 - cpp corpus rejects unbound source
2026-10-09T18:15:08.8540969Z   ---
2026-10-09T18:15:08.8541348Z   duration_ms: 5.647229
2026-10-09T18:15:08.8541763Z   type: 'test'
2026-10-09T18:15:08.8542096Z   ...
2026-10-09T18:15:08.8542646Z # Subtest: cpp corpus rejects unchecked signatures
2026-10-09T18:15:08.8543434Z ok 112 - cpp corpus rejects unchecked signatures
2026-10-09T18:15:08.8543999Z   ---
2026-10-09T18:15:08.8544349Z   duration_ms: 6.284147
2026-10-09T18:15:08.8544747Z   type: 'test'
2026-10-09T18:15:08.8545352Z   ...
2026-10-09T18:15:08.8546212Z # Subtest: cpp corpus rejects wrong binding IR
2026-10-09T18:15:08.8547027Z ok 113 - cpp corpus rejects wrong binding IR
2026-10-09T18:15:08.8547583Z   ---
2026-10-09T18:15:08.8547938Z   duration_ms: 2.666075
2026-10-09T18:15:08.8548345Z   type: 'test'
2026-10-09T18:15:08.8548708Z   ...
2026-10-09T18:15:08.8549196Z # Subtest: cpp corpus rejects remaining sources
2026-10-09T18:15:08.8549945Z ok 114 - cpp corpus rejects remaining sources
2026-10-09T18:15:08.8550493Z   ---
2026-10-09T18:15:08.8550872Z   duration_ms: 3.634782
2026-10-09T18:15:08.8551297Z   type: 'test'
2026-10-09T18:15:08.8551666Z   ...
2026-10-09T18:15:08.8552276Z # Subtest: cpp corpus rejects compiler during execution
2026-10-09T18:15:08.8553118Z ok 115 - cpp corpus rejects compiler during execution
2026-10-09T18:15:08.8553718Z   ---
2026-10-09T18:15:08.8554086Z   duration_ms: 4.696815
2026-10-09T18:15:08.8554523Z   type: 'test'
2026-10-09T18:15:08.8555202Z   ...
2026-10-09T18:15:08.8555807Z # Subtest: cpp corpus rejects runtime override
2026-10-09T18:15:08.8556558Z ok 116 - cpp corpus rejects runtime override
2026-10-09T18:15:08.8557107Z   ---
2026-10-09T18:15:08.8557477Z   duration_ms: 3.405064
2026-10-09T18:15:08.8557897Z   type: 'test'
2026-10-09T18:15:08.8558263Z   ...
2026-10-09T18:15:08.8558788Z # Subtest: cpp corpus rejects private headers
2026-10-09T18:15:08.8559522Z ok 117 - cpp corpus rejects private headers
2026-10-09T18:15:08.8560064Z   ---
2026-10-09T18:15:08.8560438Z   duration_ms: 3.28458
2026-10-09T18:15:08.8560870Z   type: 'test'
2026-10-09T18:15:08.8561238Z   ...
2026-10-09T18:15:08.8561798Z # Subtest: cpp corpus rejects unchecked narrowing
2026-10-09T18:15:08.8562574Z ok 118 - cpp corpus rejects unchecked narrowing
2026-10-09T18:15:08.8563131Z   ---
2026-10-09T18:15:08.8563505Z   duration_ms: 4.768899
2026-10-09T18:15:08.8563954Z   type: 'test'
2026-10-09T18:15:08.8564323Z   ...
2026-10-09T18:15:08.8567288Z # Subtest: cpp corpus rejects missing CMake
2026-10-09T18:15:08.8568227Z ok 119 - cpp corpus rejects missing CMake
2026-10-09T18:15:08.8568972Z   ---
2026-10-09T18:15:08.8569420Z   duration_ms: 3.393503
2026-10-09T18:15:08.8569853Z   type: 'test'
2026-10-09T18:15:08.8570410Z   ...
2026-10-09T18:15:08.8571027Z # Subtest: cpp corpus rejects unexecuted integration
2026-10-09T18:15:08.8572032Z ok 120 - cpp corpus rejects unexecuted integration
2026-10-09T18:15:08.8572848Z   ---
2026-10-09T18:15:08.8573254Z   duration_ms: 3.418349
2026-10-09T18:15:08.8573688Z   type: 'test'
2026-10-09T18:15:08.8574282Z   ...
2026-10-09T18:15:08.8574867Z # Subtest: cpp corpus rejects nonlocal runtime
2026-10-09T18:15:08.8575892Z ok 121 - cpp corpus rejects nonlocal runtime
2026-10-09T18:15:08.8576639Z   ---
2026-10-09T18:15:08.8577049Z   duration_ms: 4.78479
2026-10-09T18:15:08.8577633Z   type: 'test'
2026-10-09T18:15:08.8578169Z   ...
2026-10-09T18:15:08.8578880Z # Subtest: cpp corpus rejects missing runtime library
2026-10-09T18:15:08.8579850Z ok 122 - cpp corpus rejects missing runtime library
2026-10-09T18:15:08.8580592Z   ---
2026-10-09T18:15:08.8581101Z   duration_ms: 3.791165
2026-10-09T18:15:08.8582006Z   type: 'test'
2026-10-09T18:15:08.8582519Z   ...
2026-10-09T18:15:08.8583329Z # Subtest: cpp corpus rejects wrong runtime rejection
2026-10-09T18:15:08.8584281Z ok 123 - cpp corpus rejects wrong runtime rejection
2026-10-09T18:15:08.8585242Z   ---
2026-10-09T18:15:08.8585800Z   duration_ms: 3.610859
2026-10-09T18:15:08.8586325Z   type: 'test'
2026-10-09T18:15:08.8586796Z   ...
2026-10-09T18:15:08.8587357Z # Subtest: cpp corpus rejects failed recovery
2026-10-09T18:15:08.8588229Z ok 124 - cpp corpus rejects failed recovery
2026-10-09T18:15:08.8588802Z   ---
2026-10-09T18:15:08.8589309Z   duration_ms: 5.36941
2026-10-09T18:15:08.8589841Z   type: 'test'
2026-10-09T18:15:08.8590350Z   ...
2026-10-09T18:15:08.8590942Z # Subtest: cpp corpus rejects missing error check
2026-10-09T18:15:08.8591846Z ok 125 - cpp corpus rejects missing error check
2026-10-09T18:15:08.8595646Z   ---
2026-10-09T18:15:08.8606447Z   duration_ms: 4.253027
2026-10-09T18:15:08.8607169Z   type: 'test'
2026-10-09T18:15:08.8607841Z   ...
2026-10-09T18:15:08.8608641Z # Subtest: cpp corpus rejects aliased record
2026-10-09T18:15:08.8609601Z ok 126 - cpp corpus rejects aliased record
2026-10-09T18:15:08.8610352Z   ---
2026-10-09T18:15:08.8610937Z   duration_ms: 1.862035
2026-10-09T18:15:08.8611576Z   type: 'test'
2026-10-09T18:15:08.8612160Z   ...
2026-10-09T18:15:08.8612960Z # Subtest: cpp corpus rejects unrelated compiler failure
2026-10-09T18:15:08.8614038Z ok 127 - cpp corpus rejects unrelated compiler failure
2026-10-09T18:15:08.8614856Z   ---
2026-10-09T18:15:08.8615722Z   duration_ms: 1.833511
2026-10-09T18:15:08.8616370Z   type: 'test'
2026-10-09T18:15:08.8616961Z   ...
2026-10-09T18:15:08.8617743Z # Subtest: cpp corpus rejects header compiler failure
2026-10-09T18:15:08.8618793Z ok 128 - cpp corpus rejects header compiler failure
2026-10-09T18:15:08.8619601Z   ---
2026-10-09T18:15:08.8620172Z   duration_ms: 3.594728
2026-10-09T18:15:08.8620820Z   type: 'test'
2026-10-09T18:15:08.8621481Z   ...
2026-10-09T18:15:08.8622258Z # Subtest: cpp corpus rejects changed rejected input
2026-10-09T18:15:08.8623291Z ok 129 - cpp corpus rejects changed rejected input
2026-10-09T18:15:08.8624070Z   ---
2026-10-09T18:15:08.8624645Z   duration_ms: 1.910225
2026-10-09T18:15:08.8625656Z   type: 'test'
2026-10-09T18:15:08.8626273Z   ...
2026-10-09T18:15:08.8627285Z # Subtest: .NET separates C\# type errors from executed public calls and recovery
2026-10-09T18:15:08.8628706Z ok 130 - .NET separates C\# type errors from executed public calls and recovery
2026-10-09T18:15:08.8629686Z   ---
2026-10-09T18:15:08.8630268Z   duration_ms: 118.907587
2026-10-09T18:15:08.8630931Z   type: 'test'
2026-10-09T18:15:08.8631515Z   ...
2026-10-09T18:15:08.8632579Z # Subtest: .NET requires source-located Roslyn diagnostics for the exact rejected input
2026-10-09T18:15:08.8634109Z ok 131 - .NET requires source-located Roslyn diagnostics for the exact rejected input
2026-10-09T18:15:08.8635433Z   ---
2026-10-09T18:15:08.8636300Z   duration_ms: 2.039947
2026-10-09T18:15:08.8636969Z   type: 'test'
2026-10-09T18:15:08.8637548Z   ...
2026-10-09T18:15:08.8638366Z # Subtest: .NET corpus rejects missing compiler evidence
2026-10-09T18:15:08.8639425Z ok 132 - .NET corpus rejects missing compiler evidence
2026-10-09T18:15:08.8640247Z   ---
2026-10-09T18:15:08.8640820Z   duration_ms: 4.805648
2026-10-09T18:15:08.8641474Z   type: 'test'
2026-10-09T18:15:08.8642067Z   ...
2026-10-09T18:15:08.8642839Z # Subtest: .NET corpus rejects wrong SDK
2026-10-09T18:15:08.8643719Z ok 133 - .NET corpus rejects wrong SDK
2026-10-09T18:15:08.8644493Z   ---
2026-10-09T18:15:08.8645392Z   duration_ms: 8.934663
2026-10-09T18:15:08.8646065Z   type: 'test'
2026-10-09T18:15:08.8651818Z   ...
2026-10-09T18:15:08.8652584Z # Subtest: .NET corpus rejects wrong runtime
2026-10-09T18:15:08.8653531Z ok 134 - .NET corpus rejects wrong runtime
2026-10-09T18:15:08.8654338Z   ---
2026-10-09T18:15:08.8655160Z   duration_ms: 4.491562
2026-10-09T18:15:08.8655879Z   type: 'test'
2026-10-09T18:15:08.8656461Z   ...
2026-10-09T18:15:08.8657453Z # Subtest: .NET corpus rejects wrong compiler
2026-10-09T18:15:08.8658414Z ok 135 - .NET corpus rejects wrong compiler
2026-10-09T18:15:08.8659193Z   ---
2026-10-09T18:15:08.8659771Z   duration_ms: 4.044067
2026-10-09T18:15:08.8660436Z   type: 'test'
2026-10-09T18:15:08.8661028Z   ...
2026-10-09T18:15:08.8661838Z # Subtest: .NET corpus rejects unchecked compiler flags
2026-10-09T18:15:08.8662920Z ok 136 - .NET corpus rejects unchecked compiler flags
2026-10-09T18:15:08.8663731Z   ---
2026-10-09T18:15:08.8664335Z   duration_ms: 6.164624
2026-10-09T18:15:08.8665232Z   type: 'test'
2026-10-09T18:15:08.8665907Z   ...
2026-10-09T18:15:08.8666499Z # Subtest: .NET corpus rejects unbound source
2026-10-09T18:15:08.8667201Z ok 137 - .NET corpus rejects unbound source
2026-10-09T18:15:08.8667739Z   ---
2026-10-09T18:15:08.8668137Z   duration_ms: 15.598609
2026-10-09T18:15:08.8668566Z   type: 'test'
2026-10-09T18:15:08.8669183Z   ...
2026-10-09T18:15:08.8669744Z # Subtest: .NET corpus rejects unchecked signatures
2026-10-09T18:15:08.8670519Z ok 138 - .NET corpus rejects unchecked signatures
2026-10-09T18:15:08.8671081Z   ---
2026-10-09T18:15:08.8671431Z   duration_ms: 3.142704
2026-10-09T18:15:08.8671835Z   type: 'test'
2026-10-09T18:15:08.8672183Z   ...
2026-10-09T18:15:08.8672695Z # Subtest: .NET corpus rejects wrong binding IR
2026-10-09T18:15:08.8673406Z ok 139 - .NET corpus rejects wrong binding IR
2026-10-09T18:15:08.8673926Z   ---
2026-10-09T18:15:08.8674278Z   duration_ms: 2.580115
2026-10-09T18:15:08.8674676Z   type: 'test'
2026-10-09T18:15:08.8675301Z   ...
2026-10-09T18:15:08.8675864Z # Subtest: .NET corpus rejects unhashed declarations
2026-10-09T18:15:08.8676643Z ok 140 - .NET corpus rejects unhashed declarations
2026-10-09T18:15:08.8677200Z   ---
2026-10-09T18:15:08.8677562Z   duration_ms: 1.879427
2026-10-09T18:15:08.8677966Z   type: 'test'
2026-10-09T18:15:08.8678315Z   ...
2026-10-09T18:15:08.8678840Z # Subtest: .NET corpus rejects unhashed package
2026-10-09T18:15:08.8679571Z ok 141 - .NET corpus rejects unhashed package
2026-10-09T18:15:08.8680099Z   ---
2026-10-09T18:15:08.8680449Z   duration_ms: 2.461162
2026-10-09T18:15:08.8680842Z   type: 'test'
2026-10-09T18:15:08.8681057Z   ...
2026-10-09T18:15:08.8681390Z # Subtest: .NET corpus rejects missing reference assembly
2026-10-09T18:15:08.8681857Z ok 142 - .NET corpus rejects missing reference assembly
2026-10-09T18:15:08.8682172Z   ---
2026-10-09T18:15:08.8682370Z   duration_ms: 3.675258
2026-10-09T18:15:08.8682599Z   type: 'test'
2026-10-09T18:15:08.8682794Z   ...
2026-10-09T18:15:08.8683059Z # Subtest: .NET corpus rejects private API
2026-10-09T18:15:08.8683409Z ok 143 - .NET corpus rejects private API
2026-10-09T18:15:08.8683686Z   ---
2026-10-09T18:15:08.8683876Z   duration_ms: 2.728952
2026-10-09T18:15:08.8684102Z   type: 'test'
2026-10-09T18:15:08.8684296Z   ...
2026-10-09T18:15:08.8684571Z # Subtest: .NET corpus rejects remaining sources
2026-10-09T18:15:08.8685255Z ok 144 - .NET corpus rejects remaining sources
2026-10-09T18:15:08.8685578Z   ---
2026-10-09T18:15:08.8685778Z   duration_ms: 4.015784
2026-10-09T18:15:08.8686005Z   type: 'test'
2026-10-09T18:15:08.8686201Z   ...
2026-10-09T18:15:08.8686485Z # Subtest: .NET corpus rejects warm package cache
2026-10-09T18:15:08.8686888Z ok 145 - .NET corpus rejects warm package cache
2026-10-09T18:15:08.8687177Z   ---
2026-10-09T18:15:08.8687369Z   duration_ms: 3.790143
2026-10-09T18:15:08.8687593Z   type: 'test'
2026-10-09T18:15:08.8687783Z   ...
2026-10-09T18:15:08.8688044Z # Subtest: .NET corpus rejects warm CLI home
2026-10-09T18:15:08.8688397Z ok 146 - .NET corpus rejects warm CLI home
2026-10-09T18:15:08.8688675Z   ---
2026-10-09T18:15:08.8688937Z   duration_ms: 5.058831
2026-10-09T18:15:08.8689155Z   type: 'test'
2026-10-09T18:15:08.8689349Z   ...
2026-10-09T18:15:08.8689608Z # Subtest: .NET corpus rejects online restore
2026-10-09T18:15:08.8689965Z ok 147 - .NET corpus rejects online restore
2026-10-09T18:15:08.8690247Z   ---
2026-10-09T18:15:08.8690438Z   duration_ms: 2.340748
2026-10-09T18:15:08.8690883Z   type: 'test'
2026-10-09T18:15:08.8691081Z   ...
2026-10-09T18:15:08.8691365Z # Subtest: .NET corpus rejects unlocked restore
2026-10-09T18:15:08.8691749Z ok 148 - .NET corpus rejects unlocked restore
2026-10-09T18:15:08.8692042Z   ---
2026-10-09T18:15:08.8692237Z   duration_ms: 2.36867
2026-10-09T18:15:08.8692466Z   type: 'test'
2026-10-09T18:15:08.8692662Z   ...
2026-10-09T18:15:08.8692986Z # Subtest: .NET corpus rejects compiler during execution
2026-10-09T18:15:08.8693417Z ok 149 - .NET corpus rejects compiler during execution
2026-10-09T18:15:08.8693728Z   ---
2026-10-09T18:15:08.8693927Z   duration_ms: 2.368089
2026-10-09T18:15:08.8694150Z   type: 'test'
2026-10-09T18:15:08.8694357Z   ...
2026-10-09T18:15:08.8694625Z # Subtest: .NET corpus rejects SDK at runtime
2026-10-09T18:15:08.8695678Z ok 150 - .NET corpus rejects SDK at runtime
2026-10-09T18:15:08.8696209Z   ---
2026-10-09T18:15:08.8696818Z   duration_ms: 3.571044
2026-10-09T18:15:08.8697272Z   type: 'test'
2026-10-09T18:15:08.8697637Z   ...
2026-10-09T18:15:08.8698205Z # Subtest: .NET corpus rejects missing native runtime
2026-10-09T18:15:08.8698991Z ok 151 - .NET corpus rejects missing native runtime
2026-10-09T18:15:08.8699552Z   ---
2026-10-09T18:15:08.8699899Z   duration_ms: 2.611363
2026-10-09T18:15:08.8709382Z   type: 'test'
2026-10-09T18:15:08.8709625Z   ...
2026-10-09T18:15:08.8709944Z # Subtest: .NET corpus rejects changed assembly
2026-10-09T18:15:08.8710356Z ok 152 - .NET corpus rejects changed assembly
2026-10-09T18:15:08.8710654Z   ---
2026-10-09T18:15:08.8711039Z   duration_ms: 3.914265
2026-10-09T18:15:08.8711468Z   type: 'test'
2026-10-09T18:15:08.8711837Z   ...
2026-10-09T18:15:08.8712358Z # Subtest: .NET corpus rejects wrong host binary
2026-10-09T18:15:08.8713094Z ok 153 - .NET corpus rejects wrong host binary
2026-10-09T18:15:08.8713618Z   ---
2026-10-09T18:15:08.8713971Z   duration_ms: 3.705284
2026-10-09T18:15:08.8714400Z   type: 'test'
2026-10-09T18:15:08.8714750Z   ...
2026-10-09T18:15:08.8715545Z # Subtest: .NET corpus rejects wrong loaded library
2026-10-09T18:15:08.8716297Z ok 154 - .NET corpus rejects wrong loaded library
2026-10-09T18:15:08.8716857Z   ---
2026-10-09T18:15:08.8717196Z   duration_ms: 4.100582
2026-10-09T18:15:08.8717604Z   type: 'test'
2026-10-09T18:15:08.8717948Z   ...
2026-10-09T18:15:08.8718488Z # Subtest: .NET corpus rejects wrong assembly path
2026-10-09T18:15:08.8719234Z ok 155 - .NET corpus rejects wrong assembly path
2026-10-09T18:15:08.8719772Z   ---
2026-10-09T18:15:08.8720126Z   duration_ms: 4.497663
2026-10-09T18:15:08.8720545Z   type: 'test'
2026-10-09T18:15:08.8720897Z   ...
2026-10-09T18:15:08.8721460Z # Subtest: .NET corpus rejects retained copied records
2026-10-09T18:15:08.8722261Z ok 156 - .NET corpus rejects retained copied records
2026-10-09T18:15:08.8722819Z   ---
2026-10-09T18:15:08.8723168Z   duration_ms: 2.371396
2026-10-09T18:15:08.8723566Z   type: 'test'
2026-10-09T18:15:08.8723921Z   ...
2026-10-09T18:15:08.8724502Z # Subtest: .NET corpus rejects missing runtime error
2026-10-09T18:15:08.8725575Z ok 157 - .NET corpus rejects missing runtime error
2026-10-09T18:15:08.8726150Z   ---
2026-10-09T18:15:08.8726518Z   duration_ms: 2.876538
2026-10-09T18:15:08.8726936Z   type: 'test'
2026-10-09T18:15:08.8727298Z   ...
2026-10-09T18:15:08.8727833Z # Subtest: .NET corpus rejects wrong runtime error
2026-10-09T18:15:08.8728571Z ok 158 - .NET corpus rejects wrong runtime error
2026-10-09T18:15:08.8729112Z   ---
2026-10-09T18:15:08.8729470Z   duration_ms: 4.05672
2026-10-09T18:15:08.8729882Z   type: 'test'
2026-10-09T18:15:08.8730234Z   ...
2026-10-09T18:15:08.8730786Z # Subtest: .NET corpus rejects failed error recovery
2026-10-09T18:15:08.8731556Z ok 159 - .NET corpus rejects failed error recovery
2026-10-09T18:15:08.8732125Z   ---
2026-10-09T18:15:08.8732472Z   duration_ms: 4.164642
2026-10-09T18:15:08.8732879Z   type: 'test'
2026-10-09T18:15:08.8733231Z   ...
2026-10-09T18:15:08.8733744Z # Subtest: .NET corpus rejects failed Nat recovery
2026-10-09T18:15:08.8734469Z ok 160 - .NET corpus rejects failed Nat recovery
2026-10-09T18:15:08.8735713Z   ---
2026-10-09T18:15:08.8736063Z   duration_ms: 1.522972
2026-10-09T18:15:08.8736451Z   type: 'test'
2026-10-09T18:15:08.8736793Z   ...
2026-10-09T18:15:08.8737385Z # Subtest: .NET corpus rejects unrelated compiler failure
2026-10-09T18:15:08.8738213Z ok 161 - .NET corpus rejects unrelated compiler failure
2026-10-09T18:15:08.8738782Z   ---
2026-10-09T18:15:08.8739120Z   duration_ms: 1.403299
2026-10-09T18:15:08.8739523Z   type: 'test'
2026-10-09T18:15:08.8739862Z   ...
2026-10-09T18:15:08.8740453Z # Subtest: .NET corpus rejects dependency compiler failure
2026-10-09T18:15:08.8741291Z ok 162 - .NET corpus rejects dependency compiler failure
2026-10-09T18:15:08.8741857Z   ---
2026-10-09T18:15:08.8742185Z   duration_ms: 1.428836
2026-10-09T18:15:08.8742564Z   type: 'test'
2026-10-09T18:15:08.8742902Z   ...
2026-10-09T18:15:08.8743627Z # Subtest: .NET corpus rejects missing diagnostic
2026-10-09T18:15:08.8744490Z ok 163 - .NET corpus rejects missing diagnostic
2026-10-09T18:15:08.8745258Z   ---
2026-10-09T18:15:08.8745619Z   duration_ms: 1.494509
2026-10-09T18:15:08.8746014Z   type: 'test'
2026-10-09T18:15:08.8746350Z   ...
2026-10-09T18:15:08.8746885Z # Subtest: .NET corpus rejects changed invalid source
2026-10-09T18:15:08.8747645Z ok 164 - .NET corpus rejects changed invalid source
2026-10-09T18:15:08.8748202Z   ---
2026-10-09T18:15:08.8748540Z   duration_ms: 1.434136
2026-10-09T18:15:08.8748949Z   type: 'test'
2026-10-09T18:15:08.8749293Z   ...
2026-10-09T18:15:08.8750141Z # Subtest: java corpus separates compiler errors, unsigned range checks and Lean results
2026-10-09T18:15:08.8751476Z ok 165 - java corpus separates compiler errors, unsigned range checks and Lean results
2026-10-09T18:15:08.8752255Z   ---
2026-10-09T18:15:08.8752626Z   duration_ms: 110.400321
2026-10-09T18:15:08.8753051Z   type: 'test'
2026-10-09T18:15:08.8753402Z   ...
2026-10-09T18:15:08.8754085Z # Subtest: java diagnostics bind rejection to the exact invalid call
2026-10-09T18:15:08.8772974Z ok 166 - java diagnostics bind rejection to the exact invalid call
2026-10-09T18:15:08.8773676Z   ---
2026-10-09T18:15:08.8774050Z   duration_ms: 1.314112
2026-10-09T18:15:08.8774470Z   type: 'test'
2026-10-09T18:15:08.8774816Z   ...
2026-10-09T18:15:08.8775641Z # Subtest: java corpus rejects missing evidence
2026-10-09T18:15:08.8776352Z ok 167 - java corpus rejects missing evidence
2026-10-09T18:15:08.8776907Z   ---
2026-10-09T18:15:08.8777252Z   duration_ms: 2.045648
2026-10-09T18:15:08.8777662Z   type: 'test'
2026-10-09T18:15:08.8778001Z   ...
2026-10-09T18:15:08.8778468Z # Subtest: java corpus rejects wrong JVM
2026-10-09T18:15:08.8779112Z ok 168 - java corpus rejects wrong JVM
2026-10-09T18:15:08.8779606Z   ---
2026-10-09T18:15:08.8779968Z   duration_ms: 1.733335
2026-10-09T18:15:08.8780379Z   type: 'test'
2026-10-09T18:15:08.8780743Z   ...
2026-10-09T18:15:08.8781254Z # Subtest: java corpus rejects wrong compiler
2026-10-09T18:15:08.8781985Z ok 169 - java corpus rejects wrong compiler
2026-10-09T18:15:08.8782514Z   ---
2026-10-09T18:15:08.8782868Z   duration_ms: 1.855222
2026-10-09T18:15:08.8783274Z   type: 'test'
2026-10-09T18:15:08.8783627Z   ...
2026-10-09T18:15:08.8784096Z # Subtest: java corpus rejects wrong Maven
2026-10-09T18:15:08.8784736Z ok 170 - java corpus rejects wrong Maven
2026-10-09T18:15:08.8785561Z   ---
2026-10-09T18:15:08.8785920Z   duration_ms: 3.741041
2026-10-09T18:15:08.8786355Z   type: 'test'
2026-10-09T18:15:08.8786726Z   ...
2026-10-09T18:15:08.8787288Z # Subtest: java corpus rejects missing compiler hash
2026-10-09T18:15:08.8788088Z ok 171 - java corpus rejects missing compiler hash
2026-10-09T18:15:08.8788653Z   ---
2026-10-09T18:15:08.8789019Z   duration_ms: 1.756317
2026-10-09T18:15:08.8789424Z   type: 'test'
2026-10-09T18:15:08.8789784Z   ...
2026-10-09T18:15:08.8790332Z # Subtest: java corpus rejects wrong consumer source
2026-10-09T18:15:08.8791116Z ok 172 - java corpus rejects wrong consumer source
2026-10-09T18:15:08.8791663Z   ---
2026-10-09T18:15:08.8792312Z   duration_ms: 2.424855
2026-10-09T18:15:08.8792710Z   type: 'test'
2026-10-09T18:15:08.8793054Z   ...
2026-10-09T18:15:08.8793605Z # Subtest: java corpus rejects wrong public signatures
2026-10-09T18:15:08.8794378Z ok 173 - java corpus rejects wrong public signatures
2026-10-09T18:15:08.8795249Z   ---
2026-10-09T18:15:08.8795609Z   duration_ms: 2.445684
2026-10-09T18:15:08.8796021Z   type: 'test'
2026-10-09T18:15:08.8796368Z   ...
2026-10-09T18:15:08.8796867Z # Subtest: java corpus rejects wrong binding IR
2026-10-09T18:15:08.8797571Z ok 174 - java corpus rejects wrong binding IR
2026-10-09T18:15:08.8798083Z   ---
2026-10-09T18:15:08.8798434Z   duration_ms: 2.435435
2026-10-09T18:15:08.8798837Z   type: 'test'
2026-10-09T18:15:08.8799189Z   ...
2026-10-09T18:15:08.8799648Z # Subtest: java corpus rejects wrong POM
2026-10-09T18:15:08.8800273Z ok 175 - java corpus rejects wrong POM
2026-10-09T18:15:08.8800740Z   ---
2026-10-09T18:15:08.8801284Z   duration_ms: 3.194761
2026-10-09T18:15:08.8801712Z   type: 'test'
2026-10-09T18:15:08.8802070Z   ...
2026-10-09T18:15:08.8802553Z # Subtest: java corpus rejects wrong JAR
2026-10-09T18:15:08.8803166Z ok 176 - java corpus rejects wrong JAR
2026-10-09T18:15:08.8803644Z   ---
2026-10-09T18:15:08.8803977Z   duration_ms: 2.466563
2026-10-09T18:15:08.8804381Z   type: 'test'
2026-10-09T18:15:08.8804714Z   ...
2026-10-09T18:15:08.8805506Z # Subtest: java corpus rejects ambient settings
2026-10-09T18:15:08.8806224Z ok 177 - java corpus rejects ambient settings
2026-10-09T18:15:08.8806747Z   ---
2026-10-09T18:15:08.8807101Z   duration_ms: 2.389219
2026-10-09T18:15:08.8807514Z   type: 'test'
2026-10-09T18:15:08.8807873Z   ...
2026-10-09T18:15:08.8808387Z # Subtest: java corpus rejects weakened compiler
2026-10-09T18:15:08.8809125Z ok 178 - java corpus rejects weakened compiler
2026-10-09T18:15:08.8809661Z   ---
2026-10-09T18:15:08.8810010Z   duration_ms: 4.17961
2026-10-09T18:15:08.8810431Z   type: 'test'
2026-10-09T18:15:08.8810781Z   ...
2026-10-09T18:15:08.8811277Z # Subtest: java corpus rejects ambient cache
2026-10-09T18:15:08.8811955Z ok 179 - java corpus rejects ambient cache
2026-10-09T18:15:08.8812466Z   ---
2026-10-09T18:15:08.8812806Z   duration_ms: 5.036689
2026-10-09T18:15:08.8813201Z   type: 'test'
2026-10-09T18:15:08.8813549Z   ...
2026-10-09T18:15:08.8814014Z # Subtest: java corpus rejects ambient home
2026-10-09T18:15:08.8814668Z ok 180 - java corpus rejects ambient home
2026-10-09T18:15:08.8815431Z   ---
2026-10-09T18:15:08.8815777Z   duration_ms: 3.84252
2026-10-09T18:15:08.8816170Z   type: 'test'
2026-10-09T18:15:08.8816508Z   ...
2026-10-09T18:15:08.8817022Z # Subtest: java corpus rejects online resolution
2026-10-09T18:15:08.8817742Z ok 181 - java corpus rejects online resolution
2026-10-09T18:15:08.8818286Z   ---
2026-10-09T18:15:08.8818651Z   duration_ms: 3.93314
2026-10-09T18:15:08.8818890Z   type: 'test'
2026-10-09T18:15:08.8819087Z   ...
2026-10-09T18:15:08.8819403Z # Subtest: java corpus rejects extra classpath
2026-10-09T18:15:08.8819788Z ok 182 - java corpus rejects extra classpath
2026-10-09T18:15:08.8820074Z   ---
2026-10-09T18:15:08.8820275Z   duration_ms: 3.627289
2026-10-09T18:15:08.8820506Z   type: 'test'
2026-10-09T18:15:08.8820709Z   ...
2026-10-09T18:15:08.8821040Z # Subtest: java corpus rejects missing resolved dependencies
2026-10-09T18:15:08.8821521Z ok 183 - java corpus rejects missing resolved dependencies
2026-10-09T18:15:08.8821843Z   ---
2026-10-09T18:15:08.8822037Z   duration_ms: 3.52549
2026-10-09T18:15:08.8822264Z   type: 'test'
2026-10-09T18:15:08.8822453Z   ...
2026-10-09T18:15:08.8822765Z # Subtest: java corpus rejects missing runtime dependency
2026-10-09T18:15:08.8823205Z ok 184 - java corpus rejects missing runtime dependency
2026-10-09T18:15:08.8823525Z   ---
2026-10-09T18:15:08.8823724Z   duration_ms: 2.615611
2026-10-09T18:15:08.8823977Z   type: 'test'
2026-10-09T18:15:08.8824178Z   ...
2026-10-09T18:15:08.8824509Z # Subtest: java corpus rejects duplicate runtime dependency
2026-10-09T18:15:08.8825271Z ok 185 - java corpus rejects duplicate runtime dependency
2026-10-09T18:15:08.8825871Z   ---
2026-10-09T18:15:08.8826073Z   duration_ms: 2.686663
2026-10-09T18:15:08.8826293Z   type: 'test'
2026-10-09T18:15:08.8826493Z   ...
2026-10-09T18:15:08.8826804Z # Subtest: java corpus rejects unlocked runtime dependency
2026-10-09T18:15:08.8827253Z ok 186 - java corpus rejects unlocked runtime dependency
2026-10-09T18:15:08.8827567Z   ---
2026-10-09T18:15:08.8827755Z   duration_ms: 2.57231
2026-10-09T18:15:08.8827978Z   type: 'test'
2026-10-09T18:15:08.8828167Z   ...
2026-10-09T18:15:08.8828481Z # Subtest: java corpus rejects changed resolved dependency
2026-10-09T18:15:08.8828943Z ok 187 - java corpus rejects changed resolved dependency
2026-10-09T18:15:08.8829257Z   ---
2026-10-09T18:15:08.8829447Z   duration_ms: 4.645429
2026-10-09T18:15:08.8829676Z   type: 'test'
2026-10-09T18:15:08.8829873Z   ...
2026-10-09T18:15:08.8830340Z # Subtest: java corpus rejects changed deployed dependency
2026-10-09T18:15:08.8830814Z ok 188 - java corpus rejects changed deployed dependency
2026-10-09T18:15:08.8831139Z   ---
2026-10-09T18:15:08.8831330Z   duration_ms: 3.912902
2026-10-09T18:15:08.8831551Z   type: 'test'
2026-10-09T18:15:08.8831748Z   ...
2026-10-09T18:15:08.8832042Z # Subtest: java corpus rejects wrong dependency size
2026-10-09T18:15:08.8832456Z ok 189 - java corpus rejects wrong dependency size
2026-10-09T18:15:08.8832753Z   ---
2026-10-09T18:15:08.8832946Z   duration_ms: 4.112955
2026-10-09T18:15:08.8833161Z   type: 'test'
2026-10-09T18:15:08.8833358Z   ...
2026-10-09T18:15:08.8833685Z # Subtest: java corpus rejects missing annotations dependency
2026-10-09T18:15:08.8834163Z ok 190 - java corpus rejects missing annotations dependency
2026-10-09T18:15:08.8834492Z   ---
2026-10-09T18:15:08.8834679Z   duration_ms: 4.431881
2026-10-09T18:15:08.8835176Z   type: 'test'
2026-10-09T18:15:08.8835576Z   ...
2026-10-09T18:15:08.8836214Z # Subtest: java corpus rejects undeclared deployed dependency
2026-10-09T18:15:08.8837072Z ok 191 - java corpus rejects undeclared deployed dependency
2026-10-09T18:15:08.8837652Z   ---
2026-10-09T18:15:08.8837989Z   duration_ms: 5.920478
2026-10-09T18:15:08.8838377Z   type: 'test'
2026-10-09T18:15:08.8838715Z   ...
2026-10-09T18:15:08.8839247Z # Subtest: java corpus rejects old standard library location
2026-10-09T18:15:08.8839725Z ok 192 - java corpus rejects old standard library location
2026-10-09T18:15:08.8840054Z   ---
2026-10-09T18:15:08.8840260Z   duration_ms: 2.694898
2026-10-09T18:15:08.8840489Z   type: 'test'
2026-10-09T18:15:08.8840686Z   ...
2026-10-09T18:15:08.8841026Z # Subtest: java corpus rejects compiler as runtime dependency
2026-10-09T18:15:08.8841499Z ok 193 - java corpus rejects compiler as runtime dependency
2026-10-09T18:15:08.8841825Z   ---
2026-10-09T18:15:08.8842021Z   duration_ms: 2.563474
2026-10-09T18:15:08.8842247Z   type: 'test'
2026-10-09T18:15:08.8842441Z   ...
2026-10-09T18:15:08.8842777Z # Subtest: java corpus rejects unsafe runtime dependency path
2026-10-09T18:15:08.8843242Z ok 194 - java corpus rejects unsafe runtime dependency path
2026-10-09T18:15:08.8843567Z   ---
2026-10-09T18:15:08.8843760Z   duration_ms: 2.698124
2026-10-09T18:15:08.8843979Z   type: 'test'
2026-10-09T18:15:08.8844180Z   ...
2026-10-09T18:15:08.8844500Z # Subtest: java corpus rejects runtime override
2026-10-09T18:15:08.8845176Z ok 195 - java corpus rejects runtime override
2026-10-09T18:15:08.8845784Z   ---
2026-10-09T18:15:08.8846156Z   duration_ms: 2.64736
2026-10-09T18:15:08.8846570Z   type: 'test'
2026-10-09T18:15:08.8846926Z   ...
2026-10-09T18:15:08.8847460Z # Subtest: java corpus rejects source tree present
2026-10-09T18:15:08.8848213Z ok 196 - java corpus rejects source tree present
2026-10-09T18:15:08.8848756Z   ---
2026-10-09T18:15:08.8849114Z   duration_ms: 4.962922
2026-10-09T18:15:08.8849540Z   type: 'test'
2026-10-09T18:15:08.8849897Z   ...
2026-10-09T18:15:08.8850485Z # Subtest: java corpus rejects compiler during execution
2026-10-09T18:15:08.8851351Z ok 197 - java corpus rejects compiler during execution
2026-10-09T18:15:08.8852174Z   ---
2026-10-09T18:15:08.8852530Z   duration_ms: 3.397219
2026-10-09T18:15:08.8852941Z   type: 'test'
2026-10-09T18:15:08.8853312Z   ...
2026-10-09T18:15:08.8853927Z # Subtest: java corpus rejects uncleared native extraction
2026-10-09T18:15:08.8854798Z ok 198 - java corpus rejects uncleared native extraction
2026-10-09T18:15:08.8855355Z   ---
2026-10-09T18:15:08.8855562Z   duration_ms: 2.445454
2026-10-09T18:15:08.8855792Z   type: 'test'
2026-10-09T18:15:08.8855988Z   ...
2026-10-09T18:15:08.8856269Z # Subtest: java corpus rejects single execution
2026-10-09T18:15:08.8856657Z ok 199 - java corpus rejects single execution
2026-10-09T18:15:08.8856968Z   ---
2026-10-09T18:15:08.8857364Z   duration_ms: 3.246408
2026-10-09T18:15:08.8857766Z   type: 'test'
2026-10-09T18:15:08.8858124Z   ...
2026-10-09T18:15:08.8858625Z # Subtest: java corpus rejects missing plugin
2026-10-09T18:15:08.8859555Z ok 200 - java corpus rejects missing plugin
2026-10-09T18:15:08.8860134Z   ---
2026-10-09T18:15:08.8860528Z   duration_ms: 3.950662
2026-10-09T18:15:08.8860957Z   type: 'test'
2026-10-09T18:15:08.8861328Z   ...
2026-10-09T18:15:08.8861846Z # Subtest: java corpus rejects mutable plugin
2026-10-09T18:15:08.8862553Z ok 201 - java corpus rejects mutable plugin
2026-10-09T18:15:08.8863088Z   ---
2026-10-09T18:15:08.8863447Z   duration_ms: 2.546752
2026-10-09T18:15:08.8863865Z   type: 'test'
2026-10-09T18:15:08.8864230Z   ...
2026-10-09T18:15:08.8864753Z # Subtest: java corpus rejects unbound plugin
2026-10-09T18:15:08.8865788Z ok 202 - java corpus rejects unbound plugin
2026-10-09T18:15:08.8866326Z   ---
2026-10-09T18:15:08.8866677Z   duration_ms: 2.725907
2026-10-09T18:15:08.8867089Z   type: 'test'
2026-10-09T18:15:08.8867451Z   ...
2026-10-09T18:15:08.8867993Z # Subtest: java corpus rejects unsafe plugin path
2026-10-09T18:15:08.8868750Z ok 203 - java corpus rejects unsafe plugin path
2026-10-09T18:15:08.8869292Z   ---
2026-10-09T18:15:08.8869665Z   duration_ms: 2.691743
2026-10-09T18:15:08.8870090Z   type: 'test'
2026-10-09T18:15:08.8870438Z   ...
2026-10-09T18:15:08.8870988Z # Subtest: java corpus rejects compiler at runtime
2026-10-09T18:15:08.8871754Z ok 204 - java corpus rejects compiler at runtime
2026-10-09T18:15:08.8872305Z   ---
2026-10-09T18:15:08.8872655Z   duration_ms: 4.477696
2026-10-09T18:15:08.8873067Z   type: 'test'
2026-10-09T18:15:08.8873538Z   ...
2026-10-09T18:15:08.8874228Z # Subtest: java corpus rejects extra runtime module
2026-10-09T18:15:08.8889395Z ok 205 - java corpus rejects extra runtime module
2026-10-09T18:15:08.8889957Z   ---
2026-10-09T18:15:08.8890296Z   duration_ms: 2.552183
2026-10-09T18:15:08.8890700Z   type: 'test'
2026-10-09T18:15:08.8891038Z   ...
2026-10-09T18:15:08.8891587Z # Subtest: java corpus rejects author source at runtime
2026-10-09T18:15:08.8892337Z ok 206 - java corpus rejects author source at runtime
2026-10-09T18:15:08.8892881Z   ---
2026-10-09T18:15:08.8893227Z   duration_ms: 3.733137
2026-10-09T18:15:08.8893622Z   type: 'test'
2026-10-09T18:15:08.8893953Z   ...
2026-10-09T18:15:08.8894496Z # Subtest: java corpus rejects wrong native binary
2026-10-09T18:15:08.8895494Z ok 207 - java corpus rejects wrong native binary
2026-10-09T18:15:08.8896059Z   ---
2026-10-09T18:15:08.8896417Z   duration_ms: 3.55814
2026-10-09T18:15:08.8896822Z   type: 'test'
2026-10-09T18:15:08.8897183Z   ...
2026-10-09T18:15:08.8897736Z # Subtest: java corpus rejects missing native runtime
2026-10-09T18:15:08.8898523Z ok 208 - java corpus rejects missing native runtime
2026-10-09T18:15:08.8899075Z   ---
2026-10-09T18:15:08.8899435Z   duration_ms: 3.5582
2026-10-09T18:15:08.8899838Z   type: 'test'
2026-10-09T18:15:08.8900199Z   ...
2026-10-09T18:15:08.8900769Z # Subtest: java corpus rejects multiple native roots
2026-10-09T18:15:08.8901546Z ok 209 - java corpus rejects multiple native roots
2026-10-09T18:15:08.8902117Z   ---
2026-10-09T18:15:08.8902484Z   duration_ms: 2.355786
2026-10-09T18:15:08.8902920Z   type: 'test'
2026-10-09T18:15:08.8903260Z   ...
2026-10-09T18:15:08.8904067Z # Subtest: java corpus rejects wrong public API path
2026-10-09T18:15:08.8904817Z ok 210 - java corpus rejects wrong public API path
2026-10-09T18:15:08.8905608Z   ---
2026-10-09T18:15:08.8905958Z   duration_ms: 2.408505
2026-10-09T18:15:08.8906351Z   type: 'test'
2026-10-09T18:15:08.8906694Z   ...
2026-10-09T18:15:08.8907236Z # Subtest: java corpus rejects missing runtime error
2026-10-09T18:15:08.8907977Z ok 211 - java corpus rejects missing runtime error
2026-10-09T18:15:08.8908513Z   ---
2026-10-09T18:15:08.8908841Z   duration_ms: 2.908177
2026-10-09T18:15:08.8909241Z   type: 'test'
2026-10-09T18:15:08.8909577Z   ...
2026-10-09T18:15:08.8910095Z # Subtest: java corpus rejects wrong runtime error
2026-10-09T18:15:08.8910817Z ok 212 - java corpus rejects wrong runtime error
2026-10-09T18:15:08.8911339Z   ---
2026-10-09T18:15:08.8911671Z   duration_ms: 3.914935
2026-10-09T18:15:08.8912064Z   type: 'test'
2026-10-09T18:15:08.8912622Z   ...
2026-10-09T18:15:08.8913127Z # Subtest: java corpus rejects failed recovery
2026-10-09T18:15:08.8913813Z ok 213 - java corpus rejects failed recovery
2026-10-09T18:15:08.8914315Z   ---
2026-10-09T18:15:08.8914658Z   duration_ms: 2.994398
2026-10-09T18:15:08.8915433Z   type: 'test'
2026-10-09T18:15:08.8915807Z   ...
2026-10-09T18:15:08.8916345Z # Subtest: java corpus rejects failed Nat recovery
2026-10-09T18:15:08.8917090Z ok 214 - java corpus rejects failed Nat recovery
2026-10-09T18:15:08.8917648Z   ---
2026-10-09T18:15:08.8917999Z   duration_ms: 1.405182
2026-10-09T18:15:08.8918413Z   type: 'test'
2026-10-09T18:15:08.8918763Z   ...
2026-10-09T18:15:08.8919337Z # Subtest: java corpus rejects unrelated compiler error
2026-10-09T18:15:08.8920141Z ok 215 - java corpus rejects unrelated compiler error
2026-10-09T18:15:08.8920729Z   ---
2026-10-09T18:15:08.8921079Z   duration_ms: 1.404661
2026-10-09T18:15:08.8921489Z   type: 'test'
2026-10-09T18:15:08.8921841Z   ...
2026-10-09T18:15:08.8922395Z # Subtest: java corpus rejects wrong diagnostic source
2026-10-09T18:15:08.8923169Z ok 216 - java corpus rejects wrong diagnostic source
2026-10-09T18:15:08.8923716Z   ---
2026-10-09T18:15:08.8924055Z   duration_ms: 1.380677
2026-10-09T18:15:08.8924446Z   type: 'test'
2026-10-09T18:15:08.8924788Z   ...
2026-10-09T18:15:08.8985985Z # Subtest: java corpus rejects missing diagnostic
2026-10-09T18:15:08.8996095Z ok 217 - java corpus rejects missing diagnostic
2026-10-09T18:15:08.9009049Z   ---
2026-10-09T18:15:08.9009971Z   duration_ms: 1.452811
2026-10-09T18:15:08.9010523Z   type: 'test'
2026-10-09T18:15:08.9010971Z   ...
2026-10-09T18:15:08.9011612Z # Subtest: java corpus rejects wrong invalid source
2026-10-09T18:15:08.9012480Z ok 218 - java corpus rejects wrong invalid source
2026-10-09T18:15:08.9013189Z   ---
2026-10-09T18:15:08.9013718Z   duration_ms: 1.396517
2026-10-09T18:15:08.9014308Z   type: 'test'
2026-10-09T18:15:08.9014822Z   ...
2026-10-09T18:15:08.9016240Z # Subtest: kotlin corpus separates compiler errors, unsigned range checks and Lean results
2026-10-09T18:15:08.9017813Z ok 219 - kotlin corpus separates compiler errors, unsigned range checks and Lean results
2026-10-09T18:15:08.9018826Z   ---
2026-10-09T18:15:08.9019357Z   duration_ms: 103.261239
2026-10-09T18:15:08.9019930Z   type: 'test'
2026-10-09T18:15:08.9020445Z   ...
2026-10-09T18:15:08.9021306Z # Subtest: kotlin diagnostics bind rejection to the exact invalid call
2026-10-09T18:15:08.9022526Z ok 220 - kotlin diagnostics bind rejection to the exact invalid call
2026-10-09T18:15:08.9023381Z   ---
2026-10-09T18:15:08.9023883Z   duration_ms: 1.009344
2026-10-09T18:15:08.9024450Z   type: 'test'
2026-10-09T18:15:08.9025186Z   ...
2026-10-09T18:15:08.9025930Z # Subtest: kotlin corpus rejects missing evidence
2026-10-09T18:15:08.9026850Z ok 221 - kotlin corpus rejects missing evidence
2026-10-09T18:15:08.9027567Z   ---
2026-10-09T18:15:08.9028063Z   duration_ms: 1.903121
2026-10-09T18:15:08.9028653Z   type: 'test'
2026-10-09T18:15:08.9029151Z   ...
2026-10-09T18:15:08.9029821Z # Subtest: kotlin corpus rejects wrong JVM
2026-10-09T18:15:08.9031138Z ok 222 - kotlin corpus rejects wrong JVM
2026-10-09T18:15:08.9031819Z   ---
2026-10-09T18:15:08.9032547Z   duration_ms: 1.665368
2026-10-09T18:15:08.9033410Z   type: 'test'
2026-10-09T18:15:08.9034010Z   ...
2026-10-09T18:15:08.9035031Z # Subtest: kotlin corpus rejects wrong compiler
2026-10-09T18:15:08.9038619Z ok 223 - kotlin corpus rejects wrong compiler
2026-10-09T18:15:08.9039378Z   ---
2026-10-09T18:15:08.9039900Z   duration_ms: 3.543403
2026-10-09T18:15:08.9040482Z   type: 'test'
2026-10-09T18:15:08.9041014Z   ...
2026-10-09T18:15:08.9041665Z # Subtest: kotlin corpus rejects wrong Maven
2026-10-09T18:15:08.9042521Z ok 224 - kotlin corpus rejects wrong Maven
2026-10-09T18:15:08.9043195Z   ---
2026-10-09T18:15:08.9043703Z   duration_ms: 1.665138
2026-10-09T18:15:08.9044275Z   type: 'test'
2026-10-09T18:15:08.9044784Z   ...
2026-10-09T18:15:08.9045782Z # Subtest: kotlin corpus rejects missing compiler hash
2026-10-09T18:15:08.9047017Z ok 225 - kotlin corpus rejects missing compiler hash
2026-10-09T18:15:08.9047810Z   ---
2026-10-09T18:15:08.9048326Z   duration_ms: 1.632045
2026-10-09T18:15:08.9048895Z   type: 'test'
2026-10-09T18:15:08.9049405Z   ...
2026-10-09T18:15:08.9050132Z # Subtest: kotlin corpus rejects wrong consumer source
2026-10-09T18:15:08.9051124Z ok 226 - kotlin corpus rejects wrong consumer source
2026-10-09T18:15:08.9051861Z   ---
2026-10-09T18:15:08.9052374Z   duration_ms: 2.391273
2026-10-09T18:15:08.9052942Z   type: 'test'
2026-10-09T18:15:08.9053435Z   ...
2026-10-09T18:15:08.9054190Z # Subtest: kotlin corpus rejects wrong public signatures
2026-10-09T18:15:08.9055426Z ok 227 - kotlin corpus rejects wrong public signatures
2026-10-09T18:15:08.9056255Z   ---
2026-10-09T18:15:08.9056661Z   duration_ms: 2.529931
2026-10-09T18:15:08.9057107Z   type: 'test'
2026-10-09T18:15:08.9057436Z   ...
2026-10-09T18:15:08.9057753Z # Subtest: kotlin corpus rejects wrong binding IR
2026-10-09T18:15:08.9058192Z ok 228 - kotlin corpus rejects wrong binding IR
2026-10-09T18:15:08.9058495Z   ---
2026-10-09T18:15:08.9058712Z   duration_ms: 3.185564
2026-10-09T18:15:08.9058941Z   type: 'test'
2026-10-09T18:15:08.9059144Z   ...
2026-10-09T18:15:08.9059523Z # Subtest: kotlin corpus rejects wrong POM
2026-10-09T18:15:08.9060203Z ok 229 - kotlin corpus rejects wrong POM
2026-10-09T18:15:08.9060723Z   ---
2026-10-09T18:15:08.9061079Z   duration_ms: 2.40593
2026-10-09T18:15:08.9061505Z   type: 'test'
2026-10-09T18:15:08.9061861Z   ...
2026-10-09T18:15:08.9062352Z # Subtest: kotlin corpus rejects wrong JAR
2026-10-09T18:15:08.9063007Z ok 230 - kotlin corpus rejects wrong JAR
2026-10-09T18:15:08.9063496Z   ---
2026-10-09T18:15:08.9063860Z   duration_ms: 2.442628
2026-10-09T18:15:08.9064263Z   type: 'test'
2026-10-09T18:15:08.9064630Z   ...
2026-10-09T18:15:08.9065489Z # Subtest: kotlin corpus rejects ambient settings
2026-10-09T18:15:08.9066273Z ok 231 - kotlin corpus rejects ambient settings
2026-10-09T18:15:08.9066821Z   ---
2026-10-09T18:15:08.9067194Z   duration_ms: 2.404808
2026-10-09T18:15:08.9067619Z   type: 'test'
2026-10-09T18:15:08.9067764Z   ...
2026-10-09T18:15:08.9068135Z # Subtest: kotlin corpus rejects weakened compiler
2026-10-09T18:15:08.9068478Z ok 232 - kotlin corpus rejects weakened compiler
2026-10-09T18:15:08.9068631Z   ---
2026-10-09T18:15:08.9068805Z   duration_ms: 3.251678
2026-10-09T18:15:08.9068970Z   type: 'test'
2026-10-09T18:15:08.9069113Z   ...
2026-10-09T18:15:08.9069450Z # Subtest: kotlin corpus rejects ambient cache
2026-10-09T18:15:08.9069771Z ok 233 - kotlin corpus rejects ambient cache
2026-10-09T18:15:08.9069923Z   ---
2026-10-09T18:15:08.9070090Z   duration_ms: 2.51893
2026-10-09T18:15:08.9070252Z   type: 'test'
2026-10-09T18:15:08.9070396Z   ...
2026-10-09T18:15:08.9070716Z # Subtest: kotlin corpus rejects ambient home
2026-10-09T18:15:08.9071023Z ok 234 - kotlin corpus rejects ambient home
2026-10-09T18:15:08.9071164Z   ---
2026-10-09T18:15:08.9071343Z   duration_ms: 2.864495
2026-10-09T18:15:08.9071511Z   type: 'test'
2026-10-09T18:15:08.9071664Z   ...
2026-10-09T18:15:08.9072311Z # Subtest: kotlin corpus rejects online resolution
2026-10-09T18:15:08.9072668Z ok 235 - kotlin corpus rejects online resolution
2026-10-09T18:15:08.9072817Z   ---
2026-10-09T18:15:08.9072987Z   duration_ms: 4.116973
2026-10-09T18:15:08.9073139Z   type: 'test'
2026-10-09T18:15:08.9073285Z   ...
2026-10-09T18:15:08.9073637Z # Subtest: kotlin corpus rejects extra classpath
2026-10-09T18:15:08.9073970Z ok 236 - kotlin corpus rejects extra classpath
2026-10-09T18:15:08.9074124Z   ---
2026-10-09T18:15:08.9074292Z   duration_ms: 4.147179
2026-10-09T18:15:08.9074454Z   type: 'test'
2026-10-09T18:15:08.9074595Z   ...
2026-10-09T18:15:08.9075420Z # Subtest: kotlin corpus rejects missing resolved dependencies
2026-10-09T18:15:08.9075843Z ok 237 - kotlin corpus rejects missing resolved dependencies
2026-10-09T18:15:08.9075997Z   ---
2026-10-09T18:15:08.9076163Z   duration_ms: 5.060944
2026-10-09T18:15:08.9076319Z   type: 'test'
2026-10-09T18:15:08.9076656Z   ...
2026-10-09T18:15:08.9077090Z # Subtest: kotlin corpus rejects missing runtime dependency
2026-10-09T18:15:08.9077497Z ok 238 - kotlin corpus rejects missing runtime dependency
2026-10-09T18:15:08.9077643Z   ---
2026-10-09T18:15:08.9077808Z   duration_ms: 2.486901
2026-10-09T18:15:08.9077954Z   type: 'test'
2026-10-09T18:15:08.9078096Z   ...
2026-10-09T18:15:08.9078538Z # Subtest: kotlin corpus rejects duplicate runtime dependency
2026-10-09T18:15:08.9078946Z ok 239 - kotlin corpus rejects duplicate runtime dependency
2026-10-09T18:15:08.9079083Z   ---
2026-10-09T18:15:08.9079248Z   duration_ms: 2.484687
2026-10-09T18:15:08.9079402Z   type: 'test'
2026-10-09T18:15:08.9079541Z   ...
2026-10-09T18:15:08.9079955Z # Subtest: kotlin corpus rejects unlocked runtime dependency
2026-10-09T18:15:08.9081007Z ok 240 - kotlin corpus rejects unlocked runtime dependency
2026-10-09T18:15:08.9081170Z   ---
2026-10-09T18:15:08.9081347Z   duration_ms: 2.478926
2026-10-09T18:15:08.9081515Z   type: 'test'
2026-10-09T18:15:08.9081656Z   ...
2026-10-09T18:15:08.9082098Z # Subtest: kotlin corpus rejects changed resolved dependency
2026-10-09T18:15:08.9082508Z ok 241 - kotlin corpus rejects changed resolved dependency
2026-10-09T18:15:08.9082651Z   ---
2026-10-09T18:15:08.9082815Z   duration_ms: 3.241639
2026-10-09T18:15:08.9082970Z   type: 'test'
2026-10-09T18:15:08.9083116Z   ...
2026-10-09T18:15:08.9083546Z # Subtest: kotlin corpus rejects changed deployed dependency
2026-10-09T18:15:08.9083933Z ok 242 - kotlin corpus rejects changed deployed dependency
2026-10-09T18:15:08.9084081Z   ---
2026-10-09T18:15:08.9084248Z   duration_ms: 2.466983
2026-10-09T18:15:08.9084403Z   type: 'test'
2026-10-09T18:15:08.9084548Z   ...
2026-10-09T18:15:08.9085154Z # Subtest: kotlin corpus rejects wrong dependency size
2026-10-09T18:15:08.9085662Z ok 243 - kotlin corpus rejects wrong dependency size
2026-10-09T18:15:08.9085809Z   ---
2026-10-09T18:15:08.9085981Z   duration_ms: 2.460422
2026-10-09T18:15:08.9086137Z   type: 'test'
2026-10-09T18:15:08.9086282Z   ...
2026-10-09T18:15:08.9086738Z # Subtest: kotlin corpus rejects missing annotations dependency
2026-10-09T18:15:08.9087177Z ok 244 - kotlin corpus rejects missing annotations dependency
2026-10-09T18:15:08.9087320Z   ---
2026-10-09T18:15:08.9087487Z   duration_ms: 2.452397
2026-10-09T18:15:08.9087642Z   type: 'test'
2026-10-09T18:15:08.9087784Z   ...
2026-10-09T18:15:08.9088237Z # Subtest: kotlin corpus rejects undeclared deployed dependency
2026-10-09T18:15:08.9088642Z ok 245 - kotlin corpus rejects undeclared deployed dependency
2026-10-09T18:15:08.9088776Z   ---
2026-10-09T18:15:08.9088934Z   duration_ms: 3.902032
2026-10-09T18:15:08.9089084Z   type: 'test'
2026-10-09T18:15:08.9089217Z   ...
2026-10-09T18:15:08.9089649Z # Subtest: kotlin corpus rejects old standard library location
2026-10-09T18:15:08.9090055Z ok 246 - kotlin corpus rejects old standard library location
2026-10-09T18:15:08.9090197Z   ---
2026-10-09T18:15:08.9090366Z   duration_ms: 2.494676
2026-10-09T18:15:08.9090522Z   type: 'test'
2026-10-09T18:15:08.9090665Z   ...
2026-10-09T18:15:08.9091359Z # Subtest: kotlin corpus rejects compiler as runtime dependency
2026-10-09T18:15:08.9091792Z ok 247 - kotlin corpus rejects compiler as runtime dependency
2026-10-09T18:15:08.9091930Z   ---
2026-10-09T18:15:08.9092092Z   duration_ms: 2.535161
2026-10-09T18:15:08.9092246Z   type: 'test'
2026-10-09T18:15:08.9092393Z   ...
2026-10-09T18:15:08.9092831Z # Subtest: kotlin corpus rejects unsafe runtime dependency path
2026-10-09T18:15:08.9093254Z ok 248 - kotlin corpus rejects unsafe runtime dependency path
2026-10-09T18:15:08.9093394Z   ---
2026-10-09T18:15:08.9093558Z   duration_ms: 2.522117
2026-10-09T18:15:08.9093713Z   type: 'test'
2026-10-09T18:15:08.9093847Z   ...
2026-10-09T18:15:08.9094188Z # Subtest: kotlin corpus rejects runtime override
2026-10-09T18:15:08.9094514Z ok 249 - kotlin corpus rejects runtime override
2026-10-09T18:15:08.9094658Z   ---
2026-10-09T18:15:08.9094819Z   duration_ms: 3.127096
2026-10-09T18:15:08.9095398Z   type: 'test'
2026-10-09T18:15:08.9095560Z   ...
2026-10-09T18:15:08.9095948Z # Subtest: kotlin corpus rejects source tree present
2026-10-09T18:15:08.9096286Z ok 250 - kotlin corpus rejects source tree present
2026-10-09T18:15:08.9096428Z   ---
2026-10-09T18:15:08.9096595Z   duration_ms: 2.744191
2026-10-09T18:15:08.9096750Z   type: 'test'
2026-10-09T18:15:08.9096893Z   ...
2026-10-09T18:15:08.9097304Z # Subtest: kotlin corpus rejects compiler during execution
2026-10-09T18:15:08.9097692Z ok 251 - kotlin corpus rejects compiler during execution
2026-10-09T18:15:08.9097841Z   ---
2026-10-09T18:15:08.9098014Z   duration_ms: 3.402479
2026-10-09T18:15:08.9098163Z   type: 'test'
2026-10-09T18:15:08.9098307Z   ...
2026-10-09T18:15:08.9098743Z # Subtest: kotlin corpus rejects uncleared native extraction
2026-10-09T18:15:08.9099169Z ok 252 - kotlin corpus rejects uncleared native extraction
2026-10-09T18:15:08.9099311Z   ---
2026-10-09T18:15:08.9099489Z   duration_ms: 2.405429
2026-10-09T18:15:08.9099664Z   type: 'test'
2026-10-09T18:15:08.9099812Z   ...
2026-10-09T18:15:08.9100167Z # Subtest: kotlin corpus rejects single execution
2026-10-09T18:15:08.9100501Z ok 253 - kotlin corpus rejects single execution
2026-10-09T18:15:08.9100651Z   ---
2026-10-09T18:15:08.9100821Z   duration_ms: 4.118656
2026-10-09T18:15:08.9100982Z   type: 'test'
2026-10-09T18:15:08.9101122Z   ...
2026-10-09T18:15:08.9101467Z # Subtest: kotlin corpus rejects missing plugin
2026-10-09T18:15:08.9101791Z ok 254 - kotlin corpus rejects missing plugin
2026-10-09T18:15:08.9101939Z   ---
2026-10-09T18:15:08.9102104Z   duration_ms: 2.615891
2026-10-09T18:15:08.9102271Z   type: 'test'
2026-10-09T18:15:08.9102415Z   ...
2026-10-09T18:15:08.9102754Z # Subtest: kotlin corpus rejects mutable plugin
2026-10-09T18:15:08.9103072Z ok 255 - kotlin corpus rejects mutable plugin
2026-10-09T18:15:08.9103211Z   ---
2026-10-09T18:15:08.9103379Z   duration_ms: 2.58329
2026-10-09T18:15:08.9103539Z   type: 'test'
2026-10-09T18:15:08.9103680Z   ...
2026-10-09T18:15:08.9104013Z # Subtest: kotlin corpus rejects unbound plugin
2026-10-09T18:15:08.9104341Z ok 256 - kotlin corpus rejects unbound plugin
2026-10-09T18:15:08.9104489Z   ---
2026-10-09T18:15:08.9104662Z   duration_ms: 2.706812
2026-10-09T18:15:08.9104816Z   type: 'test'
2026-10-09T18:15:08.9105219Z   ...
2026-10-09T18:15:08.9105606Z # Subtest: kotlin corpus rejects unsafe plugin path
2026-10-09T18:15:08.9105958Z ok 257 - kotlin corpus rejects unsafe plugin path
2026-10-09T18:15:08.9106106Z   ---
2026-10-09T18:15:08.9106264Z   duration_ms: 3.387442
2026-10-09T18:15:08.9106418Z   type: 'test'
2026-10-09T18:15:08.9106564Z   ...
2026-10-09T18:15:08.9106940Z # Subtest: kotlin corpus rejects compiler at runtime
2026-10-09T18:15:08.9107288Z ok 258 - kotlin corpus rejects compiler at runtime
2026-10-09T18:15:08.9107433Z   ---
2026-10-09T18:15:08.9107607Z   duration_ms: 2.610192
2026-10-09T18:15:08.9107768Z   type: 'test'
2026-10-09T18:15:08.9107907Z   ...
2026-10-09T18:15:08.9108290Z # Subtest: kotlin corpus rejects extra runtime module
2026-10-09T18:15:08.9108642Z ok 259 - kotlin corpus rejects extra runtime module
2026-10-09T18:15:08.9109012Z   ---
2026-10-09T18:15:08.9109183Z   duration_ms: 2.456615
2026-10-09T18:15:08.9109333Z   type: 'test'
2026-10-09T18:15:08.9109476Z   ...
2026-10-09T18:15:08.9109883Z # Subtest: kotlin corpus rejects author source at runtime
2026-10-09T18:15:08.9110260Z ok 260 - kotlin corpus rejects author source at runtime
2026-10-09T18:15:08.9110401Z   ---
2026-10-09T18:15:08.9110571Z   duration_ms: 2.748599
2026-10-09T18:15:08.9110726Z   type: 'test'
2026-10-09T18:15:08.9110869Z   ...
2026-10-09T18:15:08.9111222Z # Subtest: kotlin corpus rejects wrong native binary
2026-10-09T18:15:08.9111566Z ok 261 - kotlin corpus rejects wrong native binary
2026-10-09T18:15:08.9111706Z   ---
2026-10-09T18:15:08.9111867Z   duration_ms: 2.59338
2026-10-09T18:15:08.9112025Z   type: 'test'
2026-10-09T18:15:08.9112168Z   ...
2026-10-09T18:15:08.9112726Z # Subtest: kotlin corpus rejects missing native runtime
2026-10-09T18:15:08.9113109Z ok 262 - kotlin corpus rejects missing native runtime
2026-10-09T18:15:08.9113260Z   ---
2026-10-09T18:15:08.9113425Z   duration_ms: 3.410315
2026-10-09T18:15:08.9113584Z   type: 'test'
2026-10-09T18:15:08.9113723Z   ...
2026-10-09T18:15:08.9114106Z # Subtest: kotlin corpus rejects multiple native roots
2026-10-09T18:15:08.9114478Z ok 263 - kotlin corpus rejects multiple native roots
2026-10-09T18:15:08.9114632Z   ---
2026-10-09T18:15:08.9114736Z   duration_ms: 2.402343
2026-10-09T18:15:08.9114832Z   type: 'test'
2026-10-09T18:15:08.9115234Z   ...
2026-10-09T18:15:08.9115595Z # Subtest: kotlin corpus rejects wrong public API path
2026-10-09T18:15:08.9115811Z ok 264 - kotlin corpus rejects wrong public API path
2026-10-09T18:15:08.9115898Z   ---
2026-10-09T18:15:08.9116001Z   duration_ms: 2.448169
2026-10-09T18:15:08.9116090Z   type: 'test'
2026-10-09T18:15:08.9116175Z   ...
2026-10-09T18:15:08.9116387Z # Subtest: kotlin corpus rejects missing runtime error
2026-10-09T18:15:08.9116593Z ok 265 - kotlin corpus rejects missing runtime error
2026-10-09T18:15:08.9116677Z   ---
2026-10-09T18:15:08.9116778Z   duration_ms: 2.907055
2026-10-09T18:15:08.9116882Z   type: 'test'
2026-10-09T18:15:08.9116967Z   ...
2026-10-09T18:15:08.9117158Z # Subtest: kotlin corpus rejects wrong runtime error
2026-10-09T18:15:08.9117348Z ok 266 - kotlin corpus rejects wrong runtime error
2026-10-09T18:15:08.9117433Z   ---
2026-10-09T18:15:08.9117533Z   duration_ms: 3.613173
2026-10-09T18:15:08.9117622Z   type: 'test'
2026-10-09T18:15:08.9117699Z   ...
2026-10-09T18:15:08.9117883Z # Subtest: kotlin corpus rejects failed recovery
2026-10-09T18:15:08.9118057Z ok 267 - kotlin corpus rejects failed recovery
2026-10-09T18:15:08.9118140Z   ---
2026-10-09T18:15:08.9118232Z   duration_ms: 2.958842
2026-10-09T18:15:08.9118324Z   type: 'test'
2026-10-09T18:15:08.9118407Z   ...
2026-10-09T18:15:08.9118595Z # Subtest: kotlin corpus rejects failed Nat recovery
2026-10-09T18:15:08.9118777Z ok 268 - kotlin corpus rejects failed Nat recovery
2026-10-09T18:15:08.9118861Z   ---
2026-10-09T18:15:08.9118960Z   duration_ms: 1.394522
2026-10-09T18:15:08.9119052Z   type: 'test'
2026-10-09T18:15:08.9119136Z   ...
2026-10-09T18:15:08.9119352Z # Subtest: kotlin corpus rejects unrelated compiler error
2026-10-09T18:15:08.9119560Z ok 269 - kotlin corpus rejects unrelated compiler error
2026-10-09T18:15:08.9119644Z   ---
2026-10-09T18:15:08.9119740Z   duration_ms: 1.434207
2026-10-09T18:15:08.9119824Z   type: 'test'
2026-10-09T18:15:08.9119909Z   ...
2026-10-09T18:15:08.9120122Z # Subtest: kotlin corpus rejects wrong diagnostic source
2026-10-09T18:15:08.9120316Z ok 270 - kotlin corpus rejects wrong diagnostic source
2026-10-09T18:15:08.9120414Z   ---
2026-10-09T18:15:08.9120514Z   duration_ms: 1.45214
2026-10-09T18:15:08.9120597Z   type: 'test'
2026-10-09T18:15:08.9120680Z   ...
2026-10-09T18:15:08.9120869Z # Subtest: kotlin corpus rejects missing diagnostic
2026-10-09T18:15:08.9121050Z ok 271 - kotlin corpus rejects missing diagnostic
2026-10-09T18:15:08.9121139Z   ---
2026-10-09T18:15:08.9121229Z   duration_ms: 2.377877
2026-10-09T18:15:08.9121497Z   type: 'test'
2026-10-09T18:15:08.9121581Z   ...
2026-10-09T18:15:08.9121788Z # Subtest: kotlin corpus rejects wrong invalid source
2026-10-09T18:15:08.9121975Z ok 272 - kotlin corpus rejects wrong invalid source
2026-10-09T18:15:08.9122060Z   ---
2026-10-09T18:15:08.9122157Z   duration_ms: 1.405493
2026-10-09T18:15:08.9122247Z   type: 'test'
2026-10-09T18:15:08.9122325Z   ...
2026-10-09T18:15:08.9122527Z # Subtest: Kotlin corpus rejects wrong Kotlin compiler
2026-10-09T18:15:08.9122717Z ok 273 - Kotlin corpus rejects wrong Kotlin compiler
2026-10-09T18:15:08.9122801Z   ---
2026-10-09T18:15:08.9122898Z   duration_ms: 3.321148
2026-10-09T18:15:08.9122982Z   type: 'test'
2026-10-09T18:15:08.9123068Z   ...
2026-10-09T18:15:08.9123277Z # Subtest: Kotlin corpus rejects missing Kotlin compiler
2026-10-09T18:15:08.9123470Z ok 274 - Kotlin corpus rejects missing Kotlin compiler
2026-10-09T18:15:08.9123663Z   ---
2026-10-09T18:15:08.9123764Z   duration_ms: 2.70604
2026-10-09T18:15:08.9123861Z   type: 'test'
2026-10-09T18:15:08.9123943Z   ...
2026-10-09T18:15:08.9124155Z # Subtest: Kotlin corpus rejects changed standard library
2026-10-09T18:15:08.9124355Z ok 275 - Kotlin corpus rejects changed standard library
2026-10-09T18:15:08.9124440Z   ---
2026-10-09T18:15:08.9124536Z   duration_ms: 2.494225
2026-10-09T18:15:08.9124626Z   type: 'test'
2026-10-09T18:15:08.9124704Z   ...
2026-10-09T18:15:08.9125149Z # Subtest: Kotlin corpus rejects wrong Kotlin version
2026-10-09T18:15:08.9125519Z ok 276 - Kotlin corpus rejects wrong Kotlin version
2026-10-09T18:15:08.9125664Z   ---
2026-10-09T18:15:08.9125823Z   duration_ms: 2.120778
2026-10-09T18:15:08.9125982Z   type: 'test'
2026-10-09T18:15:08.9126123Z   ...
2026-10-09T18:15:08.9126800Z # Subtest: PHP corpus binds separate weak and strict public callers to the same fresh oracle
2026-10-09T18:15:08.9127443Z ok 277 - PHP corpus binds separate weak and strict public callers to the same fresh oracle
2026-10-09T18:15:08.9127590Z   ---
2026-10-09T18:15:08.9127766Z   duration_ms: 129.575304
2026-10-09T18:15:08.9127917Z   type: 'test'
2026-10-09T18:15:08.9128056Z   ...
2026-10-09T18:15:08.9128377Z # Subtest: PHP corpus rejects missing evidence
2026-10-09T18:15:08.9128681Z ok 278 - PHP corpus rejects missing evidence
2026-10-09T18:15:08.9128822Z   ---
2026-10-09T18:15:08.9128984Z   duration_ms: 4.081937
2026-10-09T18:15:08.9129128Z   type: 'test'
2026-10-09T18:15:08.9129265Z   ...
2026-10-09T18:15:08.9129583Z # Subtest: PHP corpus rejects unsupported PHP
2026-10-09T18:15:08.9129877Z ok 279 - PHP corpus rejects unsupported PHP
2026-10-09T18:15:08.9130013Z   ---
2026-10-09T18:15:08.9130178Z   duration_ms: 3.318924
2026-10-09T18:15:08.9130330Z   type: 'test'
2026-10-09T18:15:08.9130469Z   ...
2026-10-09T18:15:08.9130770Z # Subtest: PHP corpus rejects wrong Composer
2026-10-09T18:15:08.9131052Z ok 280 - PHP corpus rejects wrong Composer
2026-10-09T18:15:08.9131192Z   ---
2026-10-09T18:15:08.9131358Z   duration_ms: 3.557679
2026-10-09T18:15:08.9131509Z   type: 'test'
2026-10-09T18:15:08.9131649Z   ...
2026-10-09T18:15:08.9131943Z # Subtest: PHP corpus rejects unhashed host
2026-10-09T18:15:08.9132222Z ok 281 - PHP corpus rejects unhashed host
2026-10-09T18:15:08.9132361Z   ---
2026-10-09T18:15:08.9132514Z   duration_ms: 3.393553
2026-10-09T18:15:08.9132664Z   type: 'test'
2026-10-09T18:15:08.9132806Z   ...
2026-10-09T18:15:08.9133154Z # Subtest: PHP corpus rejects unidentified Composer
2026-10-09T18:15:08.9133486Z ok 282 - PHP corpus rejects unidentified Composer
2026-10-09T18:15:08.9133623Z   ---
2026-10-09T18:15:08.9133786Z   duration_ms: 5.092012
2026-10-09T18:15:08.9133938Z   type: 'test'
2026-10-09T18:15:08.9134076Z   ...
2026-10-09T18:15:08.9134389Z # Subtest: PHP corpus rejects project tool code
2026-10-09T18:15:08.9134691Z ok 283 - PHP corpus rejects project tool code
2026-10-09T18:15:08.9134836Z   ---
2026-10-09T18:15:08.9135153Z   duration_ms: 8.46699
2026-10-09T18:15:08.9135309Z   type: 'test'
2026-10-09T18:15:08.9135448Z   ...
2026-10-09T18:15:08.9136018Z # Subtest: PHP corpus rejects unbound Composer maps
2026-10-09T18:15:08.9136354Z ok 284 - PHP corpus rejects unbound Composer maps
2026-10-09T18:15:08.9136494Z   ---
2026-10-09T18:15:08.9136649Z   duration_ms: 5.42283
2026-10-09T18:15:08.9136807Z   type: 'test'
2026-10-09T18:15:08.9136960Z   ...
2026-10-09T18:15:08.9137389Z # Subtest: PHP corpus rejects unrelated Composer-loaded file
2026-10-09T18:15:08.9137785Z ok 285 - PHP corpus rejects unrelated Composer-loaded file
2026-10-09T18:15:08.9137927Z   ---
2026-10-09T18:15:08.9138091Z   duration_ms: 5.184886
2026-10-09T18:15:08.9138240Z   type: 'test'
2026-10-09T18:15:08.9138373Z   ...
2026-10-09T18:15:08.9138720Z # Subtest: PHP corpus rejects changed Composer map
2026-10-09T18:15:08.9139041Z ok 286 - PHP corpus rejects changed Composer map
2026-10-09T18:15:08.9139183Z   ---
2026-10-09T18:15:08.9139347Z   duration_ms: 5.200164
2026-10-09T18:15:08.9139493Z   type: 'test'
2026-10-09T18:15:08.9139784Z   ...
2026-10-09T18:15:08.9140088Z # Subtest: PHP corpus rejects unbound probe
2026-10-09T18:15:08.9140381Z ok 287 - PHP corpus rejects unbound probe
2026-10-09T18:15:08.9140518Z   ---
2026-10-09T18:15:08.9140678Z   duration_ms: 3.378355
2026-10-09T18:15:08.9140831Z   type: 'test'
2026-10-09T18:15:08.9140971Z   ...
2026-10-09T18:15:08.9141323Z # Subtest: PHP corpus rejects changed request
2026-10-09T18:15:08.9141609Z ok 288 - PHP corpus rejects changed request
2026-10-09T18:15:08.9141742Z   ---
2026-10-09T18:15:08.9141902Z   duration_ms: 4.186703
2026-10-09T18:15:08.9142057Z   type: 'test'
2026-10-09T18:15:08.9142193Z   ...
2026-10-09T18:15:08.9142493Z # Subtest: PHP corpus rejects changed source
2026-10-09T18:15:08.9142777Z ok 289 - PHP corpus rejects changed source
2026-10-09T18:15:08.9142921Z   ---
2026-10-09T18:15:08.9143084Z   duration_ms: 6.530758
2026-10-09T18:15:08.9143233Z   type: 'test'
2026-10-09T18:15:08.9143365Z   ...
2026-10-09T18:15:08.9143686Z # Subtest: PHP corpus rejects wrong binding IR
2026-10-09T18:15:08.9143982Z ok 290 - PHP corpus rejects wrong binding IR
2026-10-09T18:15:08.9144123Z   ---
2026-10-09T18:15:08.9144279Z   duration_ms: 6.303594
2026-10-09T18:15:08.9144486Z   type: 'test'
2026-10-09T18:15:08.9144629Z   ...
2026-10-09T18:15:08.9145084Z # Subtest: PHP corpus rejects wrong archive
2026-10-09T18:15:08.9145371Z ok 291 - PHP corpus rejects wrong archive
2026-10-09T18:15:08.9145503Z   ---
2026-10-09T18:15:08.9145667Z   duration_ms: 4.150806
2026-10-09T18:15:08.9145820Z   type: 'test'
2026-10-09T18:15:08.9145958Z   ...
2026-10-09T18:15:08.9146236Z # Subtest: PHP corpus rejects ambient INI
2026-10-09T18:15:08.9146519Z ok 292 - PHP corpus rejects ambient INI
2026-10-09T18:15:08.9146661Z   ---
2026-10-09T18:15:08.9146822Z   duration_ms: 4.948364
2026-10-09T18:15:08.9146966Z   type: 'test'
2026-10-09T18:15:08.9147104Z   ...
2026-10-09T18:15:08.9147442Z # Subtest: PHP corpus rejects runtime auto prepend
2026-10-09T18:15:08.9147771Z ok 293 - PHP corpus rejects runtime auto prepend
2026-10-09T18:15:08.9147907Z   ---
2026-10-09T18:15:08.9148064Z   duration_ms: 5.282077
2026-10-09T18:15:08.9148221Z   type: 'test'
2026-10-09T18:15:08.9148365Z   ...
2026-10-09T18:15:08.9148672Z # Subtest: PHP corpus rejects extra extension
2026-10-09T18:15:08.9148953Z ok 294 - PHP corpus rejects extra extension
2026-10-09T18:15:08.9149096Z   ---
2026-10-09T18:15:08.9149256Z   duration_ms: 4.990553
2026-10-09T18:15:08.9149405Z   type: 'test'
2026-10-09T18:15:08.9149539Z   ...
2026-10-09T18:15:08.9149843Z # Subtest: PHP corpus rejects unbound receipt
2026-10-09T18:15:08.9150129Z ok 295 - PHP corpus rejects unbound receipt
2026-10-09T18:15:08.9150263Z   ---
2026-10-09T18:15:08.9150427Z   duration_ms: 4.95639
2026-10-09T18:15:08.9150572Z   type: 'test'
2026-10-09T18:15:08.9150710Z   ...
2026-10-09T18:15:08.9151047Z # Subtest: PHP corpus rejects extra locked package
2026-10-09T18:15:08.9151366Z ok 296 - PHP corpus rejects extra locked package
2026-10-09T18:15:08.9151497Z   ---
2026-10-09T18:15:08.9151665Z   duration_ms: 4.525815
2026-10-09T18:15:08.9151814Z   type: 'test'
2026-10-09T18:15:08.9152123Z   ...
2026-10-09T18:15:08.9152499Z # Subtest: PHP corpus rejects changed integer dependency
2026-10-09T18:15:08.9152847Z ok 297 - PHP corpus rejects changed integer dependency
2026-10-09T18:15:08.9152995Z   ---
2026-10-09T18:15:08.9153174Z   duration_ms: 6.543692
2026-10-09T18:15:08.9153333Z   type: 'test'
2026-10-09T18:15:08.9153479Z   ...
2026-10-09T18:15:08.9153834Z # Subtest: PHP corpus rejects missing integer source
2026-10-09T18:15:08.9154164Z ok 298 - PHP corpus rejects missing integer source
2026-10-09T18:15:08.9154304Z   ---
2026-10-09T18:15:08.9154469Z   duration_ms: 4.630772
2026-10-09T18:15:08.9154664Z   type: 'test'
2026-10-09T18:15:08.9154814Z   ...
2026-10-09T18:15:08.9155406Z # Subtest: PHP corpus rejects changed integer source
2026-10-09T18:15:08.9155742Z ok 299 - PHP corpus rejects changed integer source
2026-10-09T18:15:08.9155904Z   ---
2026-10-09T18:15:08.9156114Z   duration_ms: 4.783236
2026-10-09T18:15:08.9156440Z   type: 'test'
2026-10-09T18:15:08.9156623Z   ...
2026-10-09T18:15:08.9156995Z # Subtest: PHP corpus rejects extra dev package
2026-10-09T18:15:08.9157257Z ok 300 - PHP corpus rejects extra dev package
2026-10-09T18:15:08.9157415Z   ---
2026-10-09T18:15:08.9157625Z   duration_ms: 6.419319
2026-10-09T18:15:08.9157755Z   type: 'test'
2026-10-09T18:15:08.9157845Z   ...
2026-10-09T18:15:08.9158273Z # Subtest: PHP corpus rejects wrong installed package
2026-10-09T18:15:08.9158610Z ok 301 - PHP corpus rejects wrong installed package
2026-10-09T18:15:08.9158760Z   ---
2026-10-09T18:15:08.9158949Z   duration_ms: 4.574677
2026-10-09T18:15:08.9159129Z   type: 'test'
2026-10-09T18:15:08.9159305Z   ...
2026-10-09T18:15:08.9159718Z # Subtest: PHP corpus rejects extra deployed payload
2026-10-09T18:15:08.9159993Z ok 302 - PHP corpus rejects extra deployed payload
2026-10-09T18:15:08.9160161Z   ---
2026-10-09T18:15:08.9160369Z   duration_ms: 5.330467
2026-10-09T18:15:08.9160517Z   type: 'test'
2026-10-09T18:15:08.9160606Z   ...
2026-10-09T18:15:08.9160929Z # Subtest: PHP corpus rejects changed API
2026-10-09T18:15:08.9161246Z ok 303 - PHP corpus rejects changed API
2026-10-09T18:15:08.9161431Z   ---
2026-10-09T18:15:08.9161609Z   duration_ms: 5.157545
2026-10-09T18:15:08.9161781Z   type: 'test'
2026-10-09T18:15:08.9161936Z   ...
2026-10-09T18:15:08.9162307Z # Subtest: PHP corpus rejects single caller
2026-10-09T18:15:08.9162611Z ok 304 - PHP corpus rejects single caller
2026-10-09T18:15:08.9162703Z   ---
2026-10-09T18:15:08.9162900Z   duration_ms: 5.104155
2026-10-09T18:15:08.9163071Z   type: 'test'
2026-10-09T18:15:08.9163229Z   ...
2026-10-09T18:15:08.9163609Z # Subtest: PHP corpus rejects mislabeled caller
2026-10-09T18:15:08.9163954Z ok 305 - PHP corpus rejects mislabeled caller
2026-10-09T18:15:08.9164046Z   ---
2026-10-09T18:15:08.9164144Z   duration_ms: 8.340084
2026-10-09T18:15:08.9164227Z   type: 'test'
2026-10-09T18:15:08.9164310Z   ...
2026-10-09T18:15:08.9164475Z # Subtest: PHP corpus rejects 32-bit host
2026-10-09T18:15:08.9164628Z ok 306 - PHP corpus rejects 32-bit host
2026-10-09T18:15:08.9164711Z   ---
2026-10-09T18:15:08.9164810Z   duration_ms: 5.354091
2026-10-09T18:15:08.9165102Z   type: 'test'
2026-10-09T18:15:08.9165266Z   ...
2026-10-09T18:15:08.9165491Z # Subtest: PHP corpus rejects threaded host
2026-10-09T18:15:08.9165780Z ok 307 - PHP corpus rejects threaded host
2026-10-09T18:15:08.9165921Z   ---
2026-10-09T18:15:08.9166086Z   duration_ms: 5.533286
2026-10-09T18:15:08.9166237Z   type: 'test'
2026-10-09T18:15:08.9166374Z   ...
2026-10-09T18:15:08.9166663Z # Subtest: PHP corpus rejects web SAPI
2026-10-09T18:15:08.9166885Z ok 308 - PHP corpus rejects web SAPI
2026-10-09T18:15:08.9166971Z   ---
2026-10-09T18:15:08.9167063Z   duration_ms: 5.360674
2026-10-09T18:15:08.9167153Z   type: 'test'
2026-10-09T18:15:08.9167237Z   ...
2026-10-09T18:15:08.9167418Z # Subtest: PHP corpus rejects retained records
2026-10-09T18:15:08.9167583Z ok 309 - PHP corpus rejects retained records
2026-10-09T18:15:08.9167675Z   ---
2026-10-09T18:15:08.9167773Z   duration_ms: 5.6646
2026-10-09T18:15:08.9168067Z   type: 'test'
2026-10-09T18:15:08.9168219Z   ...
2026-10-09T18:15:08.9168500Z # Subtest: PHP corpus rejects outside API
2026-10-09T18:15:08.9168662Z ok 310 - PHP corpus rejects outside API
2026-10-09T18:15:08.9168748Z   ---
2026-10-09T18:15:08.9168844Z   duration_ms: 7.832326
2026-10-09T18:15:08.9168928Z   type: 'test'
2026-10-09T18:15:08.9169011Z   ...
2026-10-09T18:15:08.9169208Z # Subtest: PHP corpus rejects missing native runtime
2026-10-09T18:15:08.9169395Z ok 311 - PHP corpus rejects missing native runtime
2026-10-09T18:15:08.9169473Z   ---
2026-10-09T18:15:08.9169568Z   duration_ms: 5.416308
2026-10-09T18:15:08.9169658Z   type: 'test'
2026-10-09T18:15:08.9169743Z   ...
2026-10-09T18:15:08.9170098Z # Subtest: PHP corpus rejects ambient PHP file
2026-10-09T18:15:08.9170323Z ok 312 - PHP corpus rejects ambient PHP file
2026-10-09T18:15:08.9170409Z   ---
2026-10-09T18:15:08.9170681Z   duration_ms: 5.485537
2026-10-09T18:15:08.9170777Z   type: 'test'
2026-10-09T18:15:08.9170854Z   ...
2026-10-09T18:15:08.9171064Z # Subtest: PHP corpus rejects strict calls in weak file
2026-10-09T18:15:08.9171260Z ok 313 - PHP corpus rejects strict calls in weak file
2026-10-09T18:15:08.9171343Z   ---
2026-10-09T18:15:08.9171493Z   duration_ms: 5.902885
2026-10-09T18:15:08.9171659Z   type: 'test'
2026-10-09T18:15:08.9171823Z   ...
2026-10-09T18:15:08.9172036Z # Subtest: PHP corpus rejects strict result drift
2026-10-09T18:15:08.9172221Z ok 314 - PHP corpus rejects strict result drift
2026-10-09T18:15:08.9172301Z   ---
2026-10-09T18:15:08.9172400Z   duration_ms: 5.517687
2026-10-09T18:15:08.9172490Z   type: 'test'
2026-10-09T18:15:08.9172573Z   ...
2026-10-09T18:15:08.9172761Z # Subtest: PHP corpus rejects missing strict error
2026-10-09T18:15:08.9172942Z ok 315 - PHP corpus rejects missing strict error
2026-10-09T18:15:08.9173026Z   ---
2026-10-09T18:15:08.9173190Z   duration_ms: 8.52583
2026-10-09T18:15:08.9173358Z   type: 'test'
2026-10-09T18:15:08.9173499Z   ...
2026-10-09T18:15:08.9173695Z # Subtest: PHP corpus rejects wrong error recovery
2026-10-09T18:15:08.9173880Z ok 316 - PHP corpus rejects wrong error recovery
2026-10-09T18:15:08.9173965Z   ---
2026-10-09T18:15:08.9174055Z   duration_ms: 6.217142
2026-10-09T18:15:08.9174148Z   type: 'test'
2026-10-09T18:15:08.9174229Z   ...
2026-10-09T18:15:08.9174419Z # Subtest: PHP corpus rejects wrong rejection stage
2026-10-09T18:15:08.9174597Z ok 317 - PHP corpus rejects wrong rejection stage
2026-10-09T18:15:08.9174681Z   ---
2026-10-09T18:15:08.9174866Z   duration_ms: 3.334683
2026-10-09T18:15:08.9175182Z   type: 'test'
2026-10-09T18:15:08.9175265Z   ...
2026-10-09T18:15:08.9175488Z # Subtest: PHP corpus rejects wrong rejection message
2026-10-09T18:15:08.9175682Z ok 318 - PHP corpus rejects wrong rejection message
2026-10-09T18:15:08.9175765Z   ---
2026-10-09T18:15:08.9175866Z   duration_ms: 3.2739
2026-10-09T18:15:08.9175950Z   type: 'test'
2026-10-09T18:15:08.9176033Z   ...
2026-10-09T18:15:08.9176225Z # Subtest: PHP corpus rejects wrong base recovery
2026-10-09T18:15:08.9176406Z ok 319 - PHP corpus rejects wrong base recovery
2026-10-09T18:15:08.9176486Z   ---
2026-10-09T18:15:08.9176586Z   duration_ms: 3.301221
2026-10-09T18:15:08.9176687Z   type: 'test'
2026-10-09T18:15:08.9176772Z   ...
2026-10-09T18:15:08.9176990Z # Subtest: PHP corpus rejects missing emptyComposerHome
2026-10-09T18:15:08.9177192Z ok 320 - PHP corpus rejects missing emptyComposerHome
2026-10-09T18:15:08.9177275Z   ---
2026-10-09T18:15:08.9177372Z   duration_ms: 3.348358
2026-10-09T18:15:08.9177460Z   type: 'test'
2026-10-09T18:15:08.9177539Z   ...
2026-10-09T18:15:08.9177729Z # Subtest: PHP corpus rejects missing emptyCache
2026-10-09T18:15:08.9177904Z ok 321 - PHP corpus rejects missing emptyCache
2026-10-09T18:15:08.9178012Z   ---
2026-10-09T18:15:08.9178108Z   duration_ms: 3.6921
2026-10-09T18:15:08.9178192Z   type: 'test'
2026-10-09T18:15:08.9178283Z   ...
2026-10-09T18:15:08.9178501Z # Subtest: PHP corpus rejects missing offline
2026-10-09T18:15:08.9178819Z ok 322 - PHP corpus rejects missing offline
2026-10-09T18:15:08.9179067Z   ---
2026-10-09T18:15:08.9179170Z   duration_ms: 3.325817
2026-10-09T18:15:08.9179262Z   type: 'test'
2026-10-09T18:15:08.9179354Z   ...
2026-10-09T18:15:08.9179562Z # Subtest: PHP corpus rejects missing lockedInstall
2026-10-09T18:15:08.9179748Z ok 323 - PHP corpus rejects missing lockedInstall
2026-10-09T18:15:08.9179833Z   ---
2026-10-09T18:15:08.9179929Z   duration_ms: 5.080471
2026-10-09T18:15:08.9180017Z   type: 'test'
2026-10-09T18:15:08.9180095Z   ...
2026-10-09T18:15:08.9180328Z # Subtest: PHP corpus rejects missing exactPublicSignatures
2026-10-09T18:15:08.9180666Z ok 324 - PHP corpus rejects missing exactPublicSignatures
2026-10-09T18:15:08.9180831Z   ---
2026-10-09T18:15:08.9180944Z   duration_ms: 3.640103
2026-10-09T18:15:08.9181036Z   type: 'test'
2026-10-09T18:15:08.9181121Z   ...
2026-10-09T18:15:08.9181325Z # Subtest: PHP corpus rejects missing publicApiOnly
2026-10-09T18:15:08.9181641Z ok 325 - PHP corpus rejects missing publicApiOnly
2026-10-09T18:15:08.9181735Z   ---
2026-10-09T18:15:08.9181836Z   duration_ms: 3.317391
2026-10-09T18:15:08.9181926Z   type: 'test'
2026-10-09T18:15:08.9182009Z   ...
2026-10-09T18:15:08.9182184Z # Subtest: PHP corpus rejects missing relocated
2026-10-09T18:15:08.9182354Z ok 326 - PHP corpus rejects missing relocated
2026-10-09T18:15:08.9182485Z   ---
2026-10-09T18:15:08.9182661Z   duration_ms: 3.406898
2026-10-09T18:15:08.9182819Z   type: 'test'
2026-10-09T18:15:08.9182908Z   ...
2026-10-09T18:15:08.9183142Z # Subtest: PHP corpus rejects missing compilerFreeExecution
2026-10-09T18:15:08.9183356Z ok 327 - PHP corpus rejects missing compilerFreeExecution
2026-10-09T18:15:08.9183439Z   ---
2026-10-09T18:15:08.9183529Z   duration_ms: 3.364929
2026-10-09T18:15:08.9183618Z   type: 'test'
2026-10-09T18:15:08.9183700Z   ...
2026-10-09T18:15:08.9183945Z # Subtest: PHP corpus rejects missing runtimeOverridesDisabled
2026-10-09T18:15:08.9184174Z ok 328 - PHP corpus rejects missing runtimeOverridesDisabled
2026-10-09T18:15:08.9184262Z   ---
2026-10-09T18:15:08.9184360Z   duration_ms: 3.359679
2026-10-09T18:15:08.9184449Z   type: 'test'
2026-10-09T18:15:08.9184596Z   ...
2026-10-09T18:15:08.9185110Z # Subtest: PHP corpus rejects missing iniDisabled
2026-10-09T18:15:08.9185312Z ok 329 - PHP corpus rejects missing iniDisabled
2026-10-09T18:15:08.9185397Z   ---
2026-10-09T18:15:08.9185493Z   duration_ms: 3.537702
2026-10-09T18:15:08.9185579Z   type: 'test'
2026-10-09T18:15:08.9185664Z   ...
2026-10-09T18:15:08.9185871Z # Subtest: PHP corpus rejects missing repeatExecution
2026-10-09T18:15:08.9186069Z ok 330 - PHP corpus rejects missing repeatExecution
2026-10-09T18:15:08.9186148Z   ---
2026-10-09T18:15:08.9186247Z   duration_ms: 3.324795
2026-10-09T18:15:08.9186336Z   type: 'test'
2026-10-09T18:15:08.9186418Z   ...
2026-10-09T18:15:08.9186674Z # Subtest: PHP corpus rejects missing unchangedDeployment
2026-10-09T18:15:08.9187050Z ok 331 - PHP corpus rejects missing unchangedDeployment
2026-10-09T18:15:08.9187144Z   ---
2026-10-09T18:15:08.9187247Z   duration_ms: 5.494173
2026-10-09T18:15:08.9187338Z   type: 'test'
2026-10-09T18:15:08.9187417Z   ...
2026-10-09T18:15:08.9187616Z # Subtest: PHP corpus rejects missing localLibraries
2026-10-09T18:15:08.9187804Z ok 332 - PHP corpus rejects missing localLibraries
2026-10-09T18:15:08.9187887Z   ---
2026-10-09T18:15:08.9187979Z   duration_ms: 3.393923
2026-10-09T18:15:08.9188069Z   type: 'test'
2026-10-09T18:15:08.9188153Z   ...
2026-10-09T18:15:08.9188423Z # Subtest: native PHP corpus accepts the PHP 8.4 boolean NTS constant
2026-10-09T18:15:08.9188674Z ok 333 - native PHP corpus accepts the PHP 8.4 boolean NTS constant
2026-10-09T18:15:08.9188846Z   ---
2026-10-09T18:15:08.9189029Z   duration_ms: 124.908405
2026-10-09T18:15:08.9189127Z   type: 'test'
2026-10-09T18:15:08.9189213Z   ...
2026-10-09T18:15:08.9189549Z # Subtest: PHP-Wasm corpus requires all installed loading routes and 32-bit callers
2026-10-09T18:15:08.9189879Z ok 334 - PHP-Wasm corpus requires all installed loading routes and 32-bit callers
2026-10-09T18:15:08.9190125Z   ---
2026-10-09T18:15:08.9190234Z   duration_ms: 134.107431
2026-10-09T18:15:08.9190323Z   type: 'test'
2026-10-09T18:15:08.9190409Z   ...
2026-10-09T18:15:08.9190614Z # Subtest: PHP-Wasm corpus rejects missing evidence
2026-10-09T18:15:08.9190803Z ok 335 - PHP-Wasm corpus rejects missing evidence
2026-10-09T18:15:08.9190891Z   ---
2026-10-09T18:15:08.9191088Z   duration_ms: 6.395635
2026-10-09T18:15:08.9191260Z   type: 'test'
2026-10-09T18:15:08.9191353Z   ...
2026-10-09T18:15:08.9191586Z # Subtest: PHP-Wasm corpus rejects missing runtime archive
2026-10-09T18:15:08.9191794Z ok 336 - PHP-Wasm corpus rejects missing runtime archive
2026-10-09T18:15:08.9191879Z   ---
2026-10-09T18:15:08.9191980Z   duration_ms: 9.44692
2026-10-09T18:15:08.9192070Z   type: 'test'
2026-10-09T18:15:08.9192148Z   ...
2026-10-09T18:15:08.9192364Z # Subtest: PHP-Wasm corpus rejects wrong Composer archive
2026-10-09T18:15:08.9192709Z ok 337 - PHP-Wasm corpus rejects wrong Composer archive
2026-10-09T18:15:08.9192807Z   ---
2026-10-09T18:15:08.9192907Z   duration_ms: 6.086548
2026-10-09T18:15:08.9193058Z   type: 'test'
2026-10-09T18:15:08.9193211Z   ...
2026-10-09T18:15:08.9193502Z # Subtest: PHP-Wasm corpus rejects wrong runtime identity
2026-10-09T18:15:08.9193706Z ok 338 - PHP-Wasm corpus rejects wrong runtime identity
2026-10-09T18:15:08.9193785Z   ---
2026-10-09T18:15:08.9193883Z   duration_ms: 5.713573
2026-10-09T18:15:08.9193972Z   type: 'test'
2026-10-09T18:15:08.9194060Z   ...
2026-10-09T18:15:08.9194247Z # Subtest: PHP-Wasm corpus rejects wrong PHP host
2026-10-09T18:15:08.9194427Z ok 339 - PHP-Wasm corpus rejects wrong PHP host
2026-10-09T18:15:08.9194511Z   ---
2026-10-09T18:15:08.9194608Z   duration_ms: 5.47121
2026-10-09T18:15:08.9194697Z   type: 'test'
2026-10-09T18:15:08.9194775Z   ...
2026-10-09T18:15:08.9195280Z # Subtest: PHP-Wasm corpus rejects unidentified host files
2026-10-09T18:15:08.9195555Z ok 340 - PHP-Wasm corpus rejects unidentified host files
2026-10-09T18:15:08.9195646Z   ---
2026-10-09T18:15:08.9195737Z   duration_ms: 5.51393
2026-10-09T18:15:08.9195829Z   type: 'test'
2026-10-09T18:15:08.9195912Z   ...
2026-10-09T18:15:08.9196094Z # Subtest: PHP-Wasm corpus rejects changed host
2026-10-09T18:15:08.9196269Z ok 341 - PHP-Wasm corpus rejects changed host
2026-10-09T18:15:08.9196353Z   ---
2026-10-09T18:15:08.9196449Z   duration_ms: 5.669981
2026-10-09T18:15:08.9196538Z   type: 'test'
2026-10-09T18:15:08.9196623Z   ...
2026-10-09T18:15:08.9211221Z # Subtest: PHP-Wasm corpus rejects wrong word size
2026-10-09T18:15:08.9211537Z ok 342 - PHP-Wasm corpus rejects wrong word size
2026-10-09T18:15:08.9212288Z   ---
2026-10-09T18:15:08.9212479Z   duration_ms: 16.906019
2026-10-09T18:15:08.9212637Z   type: 'test'
2026-10-09T18:15:08.9212730Z   ...
2026-10-09T18:15:08.9213563Z # Subtest: PHP-Wasm corpus rejects native SAPI
2026-10-09T18:15:08.9234207Z ok 343 - PHP-Wasm corpus rejects native SAPI
2026-10-09T18:15:08.9234415Z   ---
2026-10-09T18:15:08.9234609Z   duration_ms: 16.973966
2026-10-09T18:15:08.9234798Z   type: 'test'
2026-10-09T18:15:08.9235193Z   ...
2026-10-09T18:15:08.9235632Z # Subtest: PHP-Wasm corpus rejects wrong PHP version
2026-10-09T18:15:08.9236026Z ok 344 - PHP-Wasm corpus rejects wrong PHP version
2026-10-09T18:15:08.9236199Z   ---
2026-10-09T18:15:08.9236384Z   duration_ms: 5.131386
2026-10-09T18:15:08.9236553Z   type: 'test'
2026-10-09T18:15:08.9236704Z   ...
2026-10-09T18:15:08.9237078Z # Subtest: PHP-Wasm corpus rejects threaded host
2026-10-09T18:15:08.9237439Z ok 345 - PHP-Wasm corpus rejects threaded host
2026-10-09T18:15:08.9237603Z   ---
2026-10-09T18:15:08.9237790Z   duration_ms: 15.505675
2026-10-09T18:15:08.9237952Z   type: 'test'
2026-10-09T18:15:08.9238107Z   ...
2026-10-09T18:15:08.9238487Z # Subtest: PHP-Wasm corpus rejects retained record
2026-10-09T18:15:08.9238881Z ok 346 - PHP-Wasm corpus rejects retained record
2026-10-09T18:15:08.9239044Z   ---
2026-10-09T18:15:08.9239226Z   duration_ms: 15.348973
2026-10-09T18:15:08.9239396Z   type: 'test'
2026-10-09T18:15:08.9239830Z   ...
2026-10-09T18:15:08.9240256Z # Subtest: PHP-Wasm corpus rejects wrong API location
2026-10-09T18:15:08.9240637Z ok 347 - PHP-Wasm corpus rejects wrong API location
2026-10-09T18:15:08.9240799Z   ---
2026-10-09T18:15:08.9240979Z   duration_ms: 15.53482
2026-10-09T18:15:08.9241156Z   type: 'test'
2026-10-09T18:15:08.9241306Z   ...
2026-10-09T18:15:08.9241716Z # Subtest: PHP-Wasm corpus rejects foreign PHP include
2026-10-09T18:15:08.9242105Z ok 348 - PHP-Wasm corpus rejects foreign PHP include
2026-10-09T18:15:08.9242271Z   ---
2026-10-09T18:15:08.9242452Z   duration_ms: 9.905755
2026-10-09T18:15:08.9242617Z   type: 'test'
2026-10-09T18:15:08.9242775Z   ...
2026-10-09T18:15:08.9243146Z # Subtest: PHP-Wasm corpus rejects changed caller
2026-10-09T18:15:08.9243505Z ok 349 - PHP-Wasm corpus rejects changed caller
2026-10-09T18:15:08.9243657Z   ---
2026-10-09T18:15:08.9243844Z   duration_ms: 8.16647
2026-10-09T18:15:08.9244218Z   type: 'test'
2026-10-09T18:15:08.9244400Z   ...
2026-10-09T18:15:08.9244793Z # Subtest: PHP-Wasm corpus rejects changed request
2026-10-09T18:15:08.9245458Z ok 350 - PHP-Wasm corpus rejects changed request
2026-10-09T18:15:08.9245627Z   ---
2026-10-09T18:15:08.9245808Z   duration_ms: 7.830012
2026-10-09T18:15:08.9245977Z   type: 'test'
2026-10-09T18:15:08.9246129Z   ...
2026-10-09T18:15:08.9246493Z # Subtest: PHP-Wasm corpus rejects missing route
2026-10-09T18:15:08.9246840Z ok 351 - PHP-Wasm corpus rejects missing route
2026-10-09T18:15:08.9247006Z   ---
2026-10-09T18:15:08.9247179Z   duration_ms: 8.854083
2026-10-09T18:15:08.9247344Z   type: 'test'
2026-10-09T18:15:08.9247494Z   ...
2026-10-09T18:15:08.9247876Z # Subtest: PHP-Wasm corpus rejects duplicate route
2026-10-09T18:15:08.9248230Z ok 352 - PHP-Wasm corpus rejects duplicate route
2026-10-09T18:15:08.9248396Z   ---
2026-10-09T18:15:08.9248579Z   duration_ms: 15.064943
2026-10-09T18:15:08.9248747Z   type: 'test'
2026-10-09T18:15:08.9248910Z   ...
2026-10-09T18:15:08.9249300Z # Subtest: PHP-Wasm corpus rejects wrong caller mode
2026-10-09T18:15:08.9249706Z ok 353 - PHP-Wasm corpus rejects wrong caller mode
2026-10-09T18:15:08.9249869Z   ---
2026-10-09T18:15:08.9250047Z   duration_ms: 9.534633
2026-10-09T18:15:08.9250215Z   type: 'test'
2026-10-09T18:15:08.9250359Z   ...
2026-10-09T18:15:08.9250744Z # Subtest: PHP-Wasm corpus rejects cold eager fetch
2026-10-09T18:15:08.9251110Z ok 354 - PHP-Wasm corpus rejects cold eager fetch
2026-10-09T18:15:08.9251273Z   ---
2026-10-09T18:15:08.9251445Z   duration_ms: 9.530416
2026-10-09T18:15:08.9251614Z   type: 'test'
2026-10-09T18:15:08.9251766Z   ...
2026-10-09T18:15:08.9252154Z # Subtest: PHP-Wasm corpus rejects invalid input fetch
2026-10-09T18:15:08.9252499Z ok 355 - PHP-Wasm corpus rejects invalid input fetch
2026-10-09T18:15:08.9252645Z   ---
2026-10-09T18:15:08.9252811Z   duration_ms: 9.657292
2026-10-09T18:15:08.9252968Z   type: 'test'
2026-10-09T18:15:08.9253110Z   ...
2026-10-09T18:15:08.9253499Z # Subtest: PHP-Wasm corpus rejects missing library fetch
2026-10-09T18:15:08.9253863Z ok 356 - PHP-Wasm corpus rejects missing library fetch
2026-10-09T18:15:08.9254007Z   ---
2026-10-09T18:15:08.9254194Z   duration_ms: 10.654923
2026-10-09T18:15:08.9254359Z   type: 'test'
2026-10-09T18:15:08.9254517Z   ...
2026-10-09T18:15:08.9255283Z # Subtest: PHP-Wasm corpus rejects wrong browser result
2026-10-09T18:15:08.9255730Z ok 357 - PHP-Wasm corpus rejects wrong browser result
2026-10-09T18:15:08.9256015Z   ---
2026-10-09T18:15:08.9256148Z   duration_ms: 11.388071
2026-10-09T18:15:08.9256248Z   type: 'test'
2026-10-09T18:15:08.9256333Z   ...
2026-10-09T18:15:08.9256570Z # Subtest: PHP-Wasm corpus rejects missing browser asset
2026-10-09T18:15:08.9256783Z ok 358 - PHP-Wasm corpus rejects missing browser asset
2026-10-09T18:15:08.9256869Z   ---
2026-10-09T18:15:08.9256970Z   duration_ms: 13.274302
2026-10-09T18:15:08.9257064Z   type: 'test'
2026-10-09T18:15:08.9257142Z   ...
2026-10-09T18:15:08.9257384Z # Subtest: PHP-Wasm corpus rejects unbound browser request
2026-10-09T18:15:08.9257793Z ok 359 - PHP-Wasm corpus rejects unbound browser request
2026-10-09T18:15:08.9257882Z   ---
2026-10-09T18:15:08.9257976Z   duration_ms: 12.892249
2026-10-09T18:15:08.9258070Z   type: 'test'
2026-10-09T18:15:08.9258152Z   ...
2026-10-09T18:15:08.9258378Z # Subtest: PHP-Wasm corpus rejects external browser asset
2026-10-09T18:15:08.9258599Z ok 360 - PHP-Wasm corpus rejects external browser asset
2026-10-09T18:15:08.9258679Z   ---
2026-10-09T18:15:08.9258779Z   duration_ms: 13.283139
2026-10-09T18:15:08.9258868Z   type: 'test'
2026-10-09T18:15:08.9258950Z   ...
2026-10-09T18:15:08.9259194Z # Subtest: PHP-Wasm corpus rejects missing supplemental error
2026-10-09T18:15:08.9259430Z ok 361 - PHP-Wasm corpus rejects missing supplemental error
2026-10-09T18:15:08.9259515Z   ---
2026-10-09T18:15:08.9259615Z   duration_ms: 11.349169
2026-10-09T18:15:08.9259707Z   type: 'test'
2026-10-09T18:15:08.9259787Z   ...
2026-10-09T18:15:08.9260151Z # Subtest: PHP-Wasm corpus rejects wrong supplemental recovery
2026-10-09T18:15:08.9260387Z ok 362 - PHP-Wasm corpus rejects wrong supplemental recovery
2026-10-09T18:15:08.9260846Z   ---
2026-10-09T18:15:08.9261400Z   duration_ms: 9.950578
2026-10-09T18:15:08.9261759Z   type: 'test'
2026-10-09T18:15:08.9262034Z   ...
2026-10-09T18:15:08.9262729Z # Subtest: PHP-Wasm corpus rejects wrong primary recovery
2026-10-09T18:15:08.9263323Z ok 363 - PHP-Wasm corpus rejects wrong primary recovery
2026-10-09T18:15:08.9263662Z   ---
2026-10-09T18:15:08.9264061Z   duration_ms: 9.613621
2026-10-09T18:15:08.9264393Z   type: 'test'
2026-10-09T18:15:08.9264695Z   ...
2026-10-09T18:15:08.9265517Z # Subtest: PHP-Wasm corpus rejects wrong rejection stage
2026-10-09T18:15:08.9266121Z ok 364 - PHP-Wasm corpus rejects wrong rejection stage
2026-10-09T18:15:08.9266446Z   ---
2026-10-09T18:15:08.9266796Z   duration_ms: 5.583971
2026-10-09T18:15:08.9267131Z   type: 'test'
2026-10-09T18:15:08.9267448Z   ...
2026-10-09T18:15:08.9268012Z # Subtest: PHP-Wasm corpus rejects unbound npm lock
2026-10-09T18:15:08.9268562Z ok 365 - PHP-Wasm corpus rejects unbound npm lock
2026-10-09T18:15:08.9268887Z   ---
2026-10-09T18:15:08.9269218Z   duration_ms: 8.211233
2026-10-09T18:15:08.9269539Z   type: 'test'
2026-10-09T18:15:08.9269837Z   ...
2026-10-09T18:15:08.9270382Z # Subtest: PHP-Wasm corpus rejects unbound Composer lock
2026-10-09T18:15:08.9270919Z ok 366 - PHP-Wasm corpus rejects unbound Composer lock
2026-10-09T18:15:08.9271219Z   ---
2026-10-09T18:15:08.9271535Z   duration_ms: 8.355212
2026-10-09T18:15:08.9271842Z   type: 'test'
2026-10-09T18:15:08.9272126Z   ...
2026-10-09T18:15:08.9272762Z # Subtest: PHP-Wasm corpus rejects changed integer dependency
2026-10-09T18:15:08.9273356Z ok 367 - PHP-Wasm corpus rejects changed integer dependency
2026-10-09T18:15:08.9273666Z   ---
2026-10-09T18:15:08.9273995Z   duration_ms: 8.141583
2026-10-09T18:15:08.9274311Z   type: 'test'
2026-10-09T18:15:08.9274595Z   ...
2026-10-09T18:15:08.9275423Z # Subtest: PHP-Wasm corpus rejects missing integer source
2026-10-09T18:15:08.9275984Z ok 368 - PHP-Wasm corpus rejects missing integer source
2026-10-09T18:15:08.9276280Z   ---
2026-10-09T18:15:08.9276941Z   duration_ms: 8.630586
2026-10-09T18:15:08.9277529Z   type: 'test'
2026-10-09T18:15:08.9286344Z   ...
2026-10-09T18:15:08.9287143Z # Subtest: PHP-Wasm corpus rejects changed bundled integer source
2026-10-09T18:15:08.9287820Z ok 369 - PHP-Wasm corpus rejects changed bundled integer source
2026-10-09T18:15:08.9288388Z   ---
2026-10-09T18:15:08.9288841Z   duration_ms: 8.747654
2026-10-09T18:15:08.9302174Z   type: 'test'
2026-10-09T18:15:08.9302714Z   ...
2026-10-09T18:15:08.9303204Z # Subtest: PHP-Wasm corpus rejects missing bundled bootstrap
2026-10-09T18:15:08.9303632Z ok 370 - PHP-Wasm corpus rejects missing bundled bootstrap
2026-10-09T18:15:08.9303780Z   ---
2026-10-09T18:15:08.9303956Z   duration_ms: 9.564739
2026-10-09T18:15:08.9304109Z   type: 'test'
2026-10-09T18:15:08.9304254Z   ...
2026-10-09T18:15:08.9304724Z # Subtest: PHP-Wasm corpus rejects missing loaded integer class
2026-10-09T18:15:08.9305636Z ok 371 - PHP-Wasm corpus rejects missing loaded integer class
2026-10-09T18:15:08.9305779Z   ---
2026-10-09T18:15:08.9305951Z   duration_ms: 9.192434
2026-10-09T18:15:08.9306112Z   type: 'test'
2026-10-09T18:15:08.9306256Z   ...
2026-10-09T18:15:08.9306696Z # Subtest: PHP-Wasm corpus rejects unidentified Composer
2026-10-09T18:15:08.9307076Z ok 372 - PHP-Wasm corpus rejects unidentified Composer
2026-10-09T18:15:08.9307180Z   ---
2026-10-09T18:15:08.9307288Z   duration_ms: 10.819401
2026-10-09T18:15:08.9307382Z   type: 'test'
2026-10-09T18:15:08.9307462Z   ...
2026-10-09T18:15:08.9307700Z # Subtest: PHP-Wasm corpus rejects ambient Composer plugin
2026-10-09T18:15:08.9307922Z ok 373 - PHP-Wasm corpus rejects ambient Composer plugin
2026-10-09T18:15:08.9308007Z   ---
2026-10-09T18:15:08.9308105Z   duration_ms: 12.790482
2026-10-09T18:15:08.9308199Z   type: 'test'
2026-10-09T18:15:08.9308283Z   ...
2026-10-09T18:15:08.9308704Z # Subtest: PHP-Wasm corpus rejects ambient PHP extension
2026-10-09T18:15:08.9309062Z ok 374 - PHP-Wasm corpus rejects ambient PHP extension
2026-10-09T18:15:08.9309150Z   ---
2026-10-09T18:15:08.9309251Z   duration_ms: 8.884259
2026-10-09T18:15:08.9309344Z   type: 'test'
2026-10-09T18:15:08.9309428Z   ...
2026-10-09T18:15:08.9309661Z # Subtest: PHP-Wasm corpus rejects unbound compiled receipt
2026-10-09T18:15:08.9309877Z ok 375 - PHP-Wasm corpus rejects unbound compiled receipt
2026-10-09T18:15:08.9309960Z   ---
2026-10-09T18:15:08.9310057Z   duration_ms: 6.244132
2026-10-09T18:15:08.9310142Z   type: 'test'
2026-10-09T18:15:08.9310224Z   ...
2026-10-09T18:15:08.9310436Z # Subtest: PHP-Wasm corpus rejects unbound declarations
2026-10-09T18:15:08.9310640Z ok 376 - PHP-Wasm corpus rejects unbound declarations
2026-10-09T18:15:08.9310725Z   ---
2026-10-09T18:15:08.9310817Z   duration_ms: 6.33435
2026-10-09T18:15:08.9310994Z   type: 'test'
2026-10-09T18:15:08.9311120Z   ...
2026-10-09T18:15:08.9311393Z # Subtest: PHP-Wasm corpus rejects wrong pending type rejection
2026-10-09T18:15:08.9311634Z ok 377 - PHP-Wasm corpus rejects wrong pending type rejection
2026-10-09T18:15:08.9311718Z   ---
2026-10-09T18:15:08.9311817Z   duration_ms: 14.154043
2026-10-09T18:15:08.9311912Z   type: 'test'
2026-10-09T18:15:08.9311993Z   ...
2026-10-09T18:15:08.9312217Z # Subtest: PHP-Wasm corpus rejects missing offlineInstall
2026-10-09T18:15:08.9312441Z ok 378 - PHP-Wasm corpus rejects missing offlineInstall
2026-10-09T18:15:08.9312531Z   ---
2026-10-09T18:15:08.9312632Z   duration_ms: 5.325608
2026-10-09T18:15:08.9312719Z   type: 'test'
2026-10-09T18:15:08.9312802Z   ...
2026-10-09T18:15:08.9313139Z # Subtest: PHP-Wasm corpus rejects missing emptyCaches
2026-10-09T18:15:08.9313389Z ok 379 - PHP-Wasm corpus rejects missing emptyCaches
2026-10-09T18:15:08.9313477Z   ---
2026-10-09T18:15:08.9313570Z   duration_ms: 5.201436
2026-10-09T18:15:08.9313663Z   type: 'test'
2026-10-09T18:15:08.9313745Z   ...
2026-10-09T18:15:08.9313998Z # Subtest: PHP-Wasm corpus rejects missing lockedInstall
2026-10-09T18:15:08.9314654Z ok 380 - PHP-Wasm corpus rejects missing lockedInstall
2026-10-09T18:15:08.9314756Z   ---
2026-10-09T18:15:08.9314861Z   duration_ms: 5.161972
2026-10-09T18:15:08.9315234Z   type: 'test'
2026-10-09T18:15:08.9315397Z   ...
2026-10-09T18:15:08.9315786Z # Subtest: PHP-Wasm corpus rejects missing relocated
2026-10-09T18:15:08.9316151Z ok 381 - PHP-Wasm corpus rejects missing relocated
2026-10-09T18:15:08.9316306Z   ---
2026-10-09T18:15:08.9316492Z   duration_ms: 5.20906
2026-10-09T18:15:08.9316655Z   type: 'test'
2026-10-09T18:15:08.9316802Z   ...
2026-10-09T18:15:08.9326477Z # Subtest: PHP-Wasm corpus rejects missing publicApiOnly
2026-10-09T18:15:08.9326959Z ok 382 - PHP-Wasm corpus rejects missing publicApiOnly
2026-10-09T18:15:08.9327108Z   ---
2026-10-09T18:15:08.9327281Z   duration_ms: 6.592282
2026-10-09T18:15:08.9327443Z   type: 'test'
2026-10-09T18:15:08.9327593Z   ...
2026-10-09T18:15:08.9328040Z # Subtest: PHP-Wasm corpus rejects missing repeatExecution
2026-10-09T18:15:08.9328455Z ok 383 - PHP-Wasm corpus rejects missing repeatExecution
2026-10-09T18:15:08.9328849Z   ---
2026-10-09T18:15:08.9329028Z   duration_ms: 8.527073
2026-10-09T18:15:08.9329181Z   type: 'test'
2026-10-09T18:15:08.9329318Z   ...
2026-10-09T18:15:08.9329790Z # Subtest: PHP-Wasm corpus rejects missing unchangedDeployment
2026-10-09T18:15:08.9330223Z ok 384 - PHP-Wasm corpus rejects missing unchangedDeployment
2026-10-09T18:15:08.9330367Z   ---
2026-10-09T18:15:08.9330532Z   duration_ms: 5.229699
2026-10-09T18:15:08.9330685Z   type: 'test'
2026-10-09T18:15:08.9330828Z   ...
2026-10-09T18:15:08.9331304Z # Subtest: PHP-Wasm corpus rejects missing compilerFreeExecution
2026-10-09T18:15:08.9331755Z ok 385 - PHP-Wasm corpus rejects missing compilerFreeExecution
2026-10-09T18:15:08.9331894Z   ---
2026-10-09T18:15:08.9332071Z   duration_ms: 5.164007
2026-10-09T18:15:08.9332235Z   type: 'test'
2026-10-09T18:15:08.9332380Z   ...
2026-10-09T18:15:08.9333278Z # Subtest: WIT corpus distinguishes public calls, typed-field range failures and recovery
2026-10-09T18:15:08.9333968Z ok 386 - WIT corpus distinguishes public calls, typed-field range failures and recovery
2026-10-09T18:15:08.9334131Z   ---
2026-10-09T18:15:08.9334314Z   duration_ms: 122.445189
2026-10-09T18:15:08.9334469Z   type: 'test'
2026-10-09T18:15:08.9334619Z   ...
2026-10-09T18:15:08.9335259Z # Subtest: WIT corpus rejects missing evidence
2026-10-09T18:15:08.9335602Z ok 387 - WIT corpus rejects missing evidence
2026-10-09T18:15:08.9335751Z   ---
2026-10-09T18:15:08.9335919Z   duration_ms: 5.670662
2026-10-09T18:15:08.9336081Z   type: 'test'
2026-10-09T18:15:08.9336222Z   ...
2026-10-09T18:15:08.9336608Z # Subtest: WIT corpus rejects wrong Wasmtime version
2026-10-09T18:15:08.9342477Z ok 388 - WIT corpus rejects wrong Wasmtime version
2026-10-09T18:15:08.9343049Z   ---
2026-10-09T18:15:08.9343228Z   duration_ms: 2.500727
2026-10-09T18:15:08.9343389Z   type: 'test'
2026-10-09T18:15:08.9343531Z   ...
2026-10-09T18:15:08.9343923Z # Subtest: WIT corpus rejects missing package receipt
2026-10-09T18:15:08.9344277Z ok 389 - WIT corpus rejects missing package receipt
2026-10-09T18:15:08.9344422Z   ---
2026-10-09T18:15:08.9344589Z   duration_ms: 4.211318
2026-10-09T18:15:08.9344751Z   type: 'test'
2026-10-09T18:15:08.9345099Z   ...
2026-10-09T18:15:08.9345500Z # Subtest: WIT corpus rejects different package receipt
2026-10-09T18:15:08.9345877Z ok 390 - WIT corpus rejects different package receipt
2026-10-09T18:15:08.9346023Z   ---
2026-10-09T18:15:08.9346190Z   duration_ms: 7.071176
2026-10-09T18:15:08.9346337Z   type: 'test'
2026-10-09T18:15:08.9346485Z   ...
2026-10-09T18:15:08.9346813Z # Subtest: WIT corpus rejects different archive
2026-10-09T18:15:08.9347122Z ok 391 - WIT corpus rejects different archive
2026-10-09T18:15:08.9347258Z   ---
2026-10-09T18:15:08.9347426Z   duration_ms: 6.42507
2026-10-09T18:15:08.9347580Z   type: 'test'
2026-10-09T18:15:08.9347720Z   ...
2026-10-09T18:15:08.9348058Z # Subtest: WIT corpus rejects different compiler
2026-10-09T18:15:08.9348377Z ok 392 - WIT corpus rejects different compiler
2026-10-09T18:15:08.9348534Z   ---
2026-10-09T18:15:08.9348701Z   duration_ms: 4.009557
2026-10-09T18:15:08.9348852Z   type: 'test'
2026-10-09T18:15:08.9348987Z   ...
2026-10-09T18:15:08.9349417Z # Subtest: WIT corpus rejects disabled conversion diagnostics
2026-10-09T18:15:08.9349820Z ok 393 - WIT corpus rejects disabled conversion diagnostics
2026-10-09T18:15:08.9349961Z   ---
2026-10-09T18:15:08.9350122Z   duration_ms: 3.872677
2026-10-09T18:15:08.9350275Z   type: 'test'
2026-10-09T18:15:08.9350418Z   ...
2026-10-09T18:15:08.9350752Z # Subtest: WIT corpus rejects disabled assertions
2026-10-09T18:15:08.9351094Z ok 394 - WIT corpus rejects disabled assertions
2026-10-09T18:15:08.9351229Z   ---
2026-10-09T18:15:08.9351395Z   duration_ms: 6.105664
2026-10-09T18:15:08.9351546Z   type: 'test'
2026-10-09T18:15:08.9351685Z   ...
2026-10-09T18:15:08.9352023Z # Subtest: WIT corpus rejects different caller
2026-10-09T18:15:08.9352328Z ok 395 - WIT corpus rejects different caller
2026-10-09T18:15:08.9352692Z   ---
2026-10-09T18:15:08.9352858Z   duration_ms: 3.955973
2026-10-09T18:15:08.9353012Z   type: 'test'
2026-10-09T18:15:08.9353147Z   ...
2026-10-09T18:15:08.9353550Z # Subtest: WIT corpus rejects missing executable identity
2026-10-09T18:15:08.9353924Z ok 396 - WIT corpus rejects missing executable identity
2026-10-09T18:15:08.9354067Z   ---
2026-10-09T18:15:08.9354225Z   duration_ms: 2.628515
2026-10-09T18:15:08.9354382Z   type: 'test'
2026-10-09T18:15:08.9354523Z   ...
2026-10-09T18:15:08.9355057Z # Subtest: WIT corpus rejects different wasm-tools
2026-10-09T18:15:08.9355408Z ok 397 - WIT corpus rejects different wasm-tools
2026-10-09T18:15:08.9355548Z   ---
2026-10-09T18:15:08.9355711Z   duration_ms: 4.792063
2026-10-09T18:15:08.9355868Z   type: 'test'
2026-10-09T18:15:08.9356010Z   ...
2026-10-09T18:15:08.9356380Z # Subtest: WIT corpus rejects missing parser identity
2026-10-09T18:15:08.9356903Z ok 398 - WIT corpus rejects missing parser identity
2026-10-09T18:15:08.9357057Z   ---
2026-10-09T18:15:08.9357227Z   duration_ms: 2.729083
2026-10-09T18:15:08.9357380Z   type: 'test'
2026-10-09T18:15:08.9357519Z   ...
2026-10-09T18:15:08.9357915Z # Subtest: WIT corpus rejects different component receipt
2026-10-09T18:15:08.9358283Z ok 399 - WIT corpus rejects different component receipt
2026-10-09T18:15:08.9358428Z   ---
2026-10-09T18:15:08.9358587Z   duration_ms: 4.575248
2026-10-09T18:15:08.9358740Z   type: 'test'
2026-10-09T18:15:08.9358879Z   ...
2026-10-09T18:15:08.9359246Z # Subtest: WIT corpus rejects different native adapter
2026-10-09T18:15:08.9359587Z ok 400 - WIT corpus rejects different native adapter
2026-10-09T18:15:08.9359727Z   ---
2026-10-09T18:15:08.9359891Z   duration_ms: 4.514194
2026-10-09T18:15:08.9360046Z   type: 'test'
2026-10-09T18:15:08.9360182Z   ...
2026-10-09T18:15:08.9360508Z # Subtest: WIT corpus rejects different runtime
2026-10-09T18:15:08.9360822Z ok 401 - WIT corpus rejects different runtime
2026-10-09T18:15:08.9360965Z   ---
2026-10-09T18:15:08.9361135Z   duration_ms: 4.75875
2026-10-09T18:15:08.9361281Z   type: 'test'
2026-10-09T18:15:08.9361419Z   ...
2026-10-09T18:15:08.9361772Z # Subtest: WIT corpus rejects changed public header
2026-10-09T18:15:08.9362109Z ok 402 - WIT corpus rejects changed public header
2026-10-09T18:15:08.9362242Z   ---
2026-10-09T18:15:08.9362412Z   duration_ms: 3.839926
2026-10-09T18:15:08.9362563Z   type: 'test'
2026-10-09T18:15:08.9362704Z   ...
2026-10-09T18:15:08.9363052Z # Subtest: WIT corpus rejects changed engine payload
2026-10-09T18:15:08.9363394Z ok 403 - WIT corpus rejects changed engine payload
2026-10-09T18:15:08.9363551Z   ---
2026-10-09T18:15:08.9363714Z   duration_ms: 4.354917
2026-10-09T18:15:08.9363868Z   type: 'test'
2026-10-09T18:15:08.9364058Z   ...
2026-10-09T18:15:08.9364396Z # Subtest: WIT corpus rejects different engine pin
2026-10-09T18:15:08.9364727Z ok 404 - WIT corpus rejects different engine pin
2026-10-09T18:15:08.9364877Z   ---
2026-10-09T18:15:08.9365235Z   duration_ms: 5.09617
2026-10-09T18:15:08.9365393Z   type: 'test'
2026-10-09T18:15:08.9365535Z   ...
2026-10-09T18:15:08.9365933Z # Subtest: WIT corpus rejects different component binary
2026-10-09T18:15:08.9366303Z ok 405 - WIT corpus rejects different component binary
2026-10-09T18:15:08.9366441Z   ---
2026-10-09T18:15:08.9366609Z   duration_ms: 5.066585
2026-10-09T18:15:08.9366763Z   type: 'test'
2026-10-09T18:15:08.9366903Z   ...
2026-10-09T18:15:08.9367250Z # Subtest: WIT corpus rejects different WIT source
2026-10-09T18:15:08.9367595Z ok 406 - WIT corpus rejects different WIT source
2026-10-09T18:15:08.9367738Z   ---
2026-10-09T18:15:08.9367903Z   duration_ms: 4.531937
2026-10-09T18:15:08.9368056Z   type: 'test'
2026-10-09T18:15:08.9368191Z   ...
2026-10-09T18:15:08.9368588Z # Subtest: WIT corpus rejects missing binary declarations
2026-10-09T18:15:08.9368951Z ok 407 - WIT corpus rejects missing binary declarations
2026-10-09T18:15:08.9369098Z   ---
2026-10-09T18:15:08.9369263Z   duration_ms: 5.317653
2026-10-09T18:15:08.9369419Z   type: 'test'
2026-10-09T18:15:08.9369766Z   ...
2026-10-09T18:15:08.9370144Z # Subtest: WIT corpus rejects missing WIT declarations
2026-10-09T18:15:08.9370486Z ok 408 - WIT corpus rejects missing WIT declarations
2026-10-09T18:15:08.9370627Z   ---
2026-10-09T18:15:08.9370790Z   duration_ms: 4.416021
2026-10-09T18:15:08.9370945Z   type: 'test'
2026-10-09T18:15:08.9371088Z   ...
2026-10-09T18:15:08.9371462Z # Subtest: WIT corpus rejects different binary signature
2026-10-09T18:15:08.9371813Z ok 409 - WIT corpus rejects different binary signature
2026-10-09T18:15:08.9371954Z   ---
2026-10-09T18:15:08.9372122Z   duration_ms: 8.637568
2026-10-09T18:15:08.9372269Z   type: 'test'
2026-10-09T18:15:08.9372407Z   ...
2026-10-09T18:15:08.9372766Z # Subtest: WIT corpus rejects different WIT signature
2026-10-09T18:15:08.9373106Z ok 410 - WIT corpus rejects different WIT signature
2026-10-09T18:15:08.9373239Z   ---
2026-10-09T18:15:08.9373566Z   duration_ms: 8.596262
2026-10-09T18:15:08.9373730Z   type: 'test'
2026-10-09T18:15:08.9373873Z   ...
2026-10-09T18:15:08.9374264Z # Subtest: WIT corpus rejects different nested field type
2026-10-09T18:15:08.9374625Z ok 411 - WIT corpus rejects different nested field type
2026-10-09T18:15:08.9374766Z   ---
2026-10-09T18:15:08.9375108Z   duration_ms: 7.701081
2026-10-09T18:15:08.9375272Z   type: 'test'
2026-10-09T18:15:08.9375408Z   ...
2026-10-09T18:15:08.9375763Z # Subtest: WIT corpus rejects reordered record fields
2026-10-09T18:15:08.9376101Z ok 412 - WIT corpus rejects reordered record fields
2026-10-09T18:15:08.9376241Z   ---
2026-10-09T18:15:08.9376398Z   duration_ms: 5.999045
2026-10-09T18:15:08.9376553Z   type: 'test'
2026-10-09T18:15:08.9376690Z   ...
2026-10-09T18:15:08.9377038Z # Subtest: WIT corpus rejects changed Unit enum
2026-10-09T18:15:08.9377347Z ok 413 - WIT corpus rejects changed Unit enum
2026-10-09T18:15:08.9377485Z   ---
2026-10-09T18:15:08.9377646Z   duration_ms: 4.958664
2026-10-09T18:15:08.9377805Z   type: 'test'
2026-10-09T18:15:08.9377948Z   ...
2026-10-09T18:15:08.9378389Z # Subtest: WIT corpus rejects missing public interface export
2026-10-09T18:15:08.9378789Z ok 414 - WIT corpus rejects missing public interface export
2026-10-09T18:15:08.9378930Z   ---
2026-10-09T18:15:08.9379084Z   duration_ms: 4.686706
2026-10-09T18:15:08.9379246Z   type: 'test'
2026-10-09T18:15:08.9379390Z   ...
2026-10-09T18:15:08.9379751Z # Subtest: WIT corpus rejects unexpected world import
2026-10-09T18:15:08.9380085Z ok 415 - WIT corpus rejects unexpected world import
2026-10-09T18:15:08.9380226Z   ---
2026-10-09T18:15:08.9380391Z   duration_ms: 5.287447
2026-10-09T18:15:08.9380543Z   type: 'test'
2026-10-09T18:15:08.9380684Z   ...
2026-10-09T18:15:08.9381075Z # Subtest: WIT corpus rejects changed WIT package identity
2026-10-09T18:15:08.9381454Z ok 416 - WIT corpus rejects changed WIT package identity
2026-10-09T18:15:08.9381598Z   ---
2026-10-09T18:15:08.9381760Z   duration_ms: 4.73696
2026-10-09T18:15:08.9381913Z   type: 'test'
2026-10-09T18:15:08.9382059Z   ...
2026-10-09T18:15:08.9382389Z # Subtest: WIT corpus rejects cyclic type alias
2026-10-09T18:15:08.9382693Z ok 417 - WIT corpus rejects cyclic type alias
2026-10-09T18:15:08.9382825Z   ---
2026-10-09T18:15:08.9382992Z   duration_ms: 6.713499
2026-10-09T18:15:08.9383146Z   type: 'test'
2026-10-09T18:15:08.9383289Z   ...
2026-10-09T18:15:08.9383635Z # Subtest: WIT corpus rejects missing loaded engine
2026-10-09T18:15:08.9383956Z ok 418 - WIT corpus rejects missing loaded engine
2026-10-09T18:15:08.9384098Z   ---
2026-10-09T18:15:08.9384262Z   duration_ms: 9.053254
2026-10-09T18:15:08.9384410Z   type: 'test'
2026-10-09T18:15:08.9384545Z   ...
2026-10-09T18:15:08.9385073Z # Subtest: WIT corpus rejects unexpected local library
2026-10-09T18:15:08.9385427Z ok 419 - WIT corpus rejects unexpected local library
2026-10-09T18:15:08.9385572Z   ---
2026-10-09T18:15:08.9385724Z   duration_ms: 7.99503
2026-10-09T18:15:08.9385887Z   type: 'test'
2026-10-09T18:15:08.9386033Z   ...
2026-10-09T18:15:08.9386397Z # Subtest: WIT corpus rejects external engine override
2026-10-09T18:15:08.9386927Z ok 420 - WIT corpus rejects external engine override
2026-10-09T18:15:08.9387070Z   ---
2026-10-09T18:15:08.9387234Z   duration_ms: 4.883494
2026-10-09T18:15:08.9387386Z   type: 'test'
2026-10-09T18:15:08.9387527Z   ...
2026-10-09T18:15:08.9387863Z # Subtest: WIT corpus rejects changed loaded engine
2026-10-09T18:15:08.9388187Z ok 421 - WIT corpus rejects changed loaded engine
2026-10-09T18:15:08.9388331Z   ---
2026-10-09T18:15:08.9388498Z   duration_ms: 5.702472
2026-10-09T18:15:08.9388641Z   type: 'test'
2026-10-09T18:15:08.9388787Z   ...
2026-10-09T18:15:08.9389191Z # Subtest: WIT corpus rejects missing pkg-config identity
2026-10-09T18:15:08.9389558Z ok 422 - WIT corpus rejects missing pkg-config identity
2026-10-09T18:15:08.9389697Z   ---
2026-10-09T18:15:08.9389851Z   duration_ms: 4.688178
2026-10-09T18:15:08.9390002Z   type: 'test'
2026-10-09T18:15:08.9390142Z   ...
2026-10-09T18:15:08.9390728Z # Subtest: WIT corpus rejects external pkg-config flags
2026-10-09T18:15:08.9391103Z ok 423 - WIT corpus rejects external pkg-config flags
2026-10-09T18:15:08.9391241Z   ---
2026-10-09T18:15:08.9391405Z   duration_ms: 5.611132
2026-10-09T18:15:08.9391560Z   type: 'test'
2026-10-09T18:15:08.9391701Z   ...
2026-10-09T18:15:08.9392023Z # Subtest: WIT corpus rejects missing repeat run
2026-10-09T18:15:08.9392332Z ok 424 - WIT corpus rejects missing repeat run
2026-10-09T18:15:08.9392472Z   ---
2026-10-09T18:15:08.9392633Z   duration_ms: 2.587008
2026-10-09T18:15:08.9392779Z   type: 'test'
2026-10-09T18:15:08.9392920Z   ...
2026-10-09T18:15:08.9393303Z # Subtest: WIT corpus rejects unproved session ownership
2026-10-09T18:15:08.9393658Z ok 425 - WIT corpus rejects unproved session ownership
2026-10-09T18:15:08.9393799Z   ---
2026-10-09T18:15:08.9393955Z   duration_ms: 5.651717
2026-10-09T18:15:08.9394105Z   type: 'test'
2026-10-09T18:15:08.9394248Z   ...
2026-10-09T18:15:08.9394594Z # Subtest: WIT corpus rejects changed failed output
2026-10-09T18:15:08.9395087Z ok 426 - WIT corpus rejects changed failed output
2026-10-09T18:15:08.9395245Z   ---
2026-10-09T18:15:08.9395412Z   duration_ms: 3.955111
2026-10-09T18:15:08.9395566Z   type: 'test'
2026-10-09T18:15:08.9395697Z   ...
2026-10-09T18:15:08.9396294Z # Subtest: WIT corpus rejects wrong rejection stage
2026-10-09T18:15:08.9396643Z ok 427 - WIT corpus rejects wrong rejection stage
2026-10-09T18:15:08.9396787Z   ---
2026-10-09T18:15:08.9396951Z   duration_ms: 3.887605
2026-10-09T18:15:08.9397096Z   type: 'test'
2026-10-09T18:15:08.9397234Z   ...
2026-10-09T18:15:08.9397592Z # Subtest: WIT corpus rejects wrong rejection message
2026-10-09T18:15:08.9397931Z ok 428 - WIT corpus rejects wrong rejection message
2026-10-09T18:15:08.9398090Z   ---
2026-10-09T18:15:08.9398246Z   duration_ms: 3.685052
2026-10-09T18:15:08.9398402Z   type: 'test'
2026-10-09T18:15:08.9398543Z   ...
2026-10-09T18:15:08.9398915Z # Subtest: WIT corpus rejects different negative caller
2026-10-09T18:15:08.9399266Z ok 429 - WIT corpus rejects different negative caller
2026-10-09T18:15:08.9399415Z   ---
2026-10-09T18:15:08.9399578Z   duration_ms: 2.76481
2026-10-09T18:15:08.9399731Z   type: 'test'
2026-10-09T18:15:08.9399866Z   ...
2026-10-09T18:15:08.9400232Z # Subtest: WIT corpus rejects unrelated compiler error
2026-10-09T18:15:08.9400577Z ok 430 - WIT corpus rejects unrelated compiler error
2026-10-09T18:15:08.9400719Z   ---
2026-10-09T18:15:08.9400883Z   duration_ms: 3.971281
2026-10-09T18:15:08.9401028Z   type: 'test'
2026-10-09T18:15:08.9401171Z   ...
2026-10-09T18:15:08.9401512Z # Subtest: WIT corpus rejects missing runtime error
2026-10-09T18:15:08.9401835Z ok 431 - WIT corpus rejects missing runtime error
2026-10-09T18:15:08.9401975Z   ---
2026-10-09T18:15:08.9402137Z   duration_ms: 4.898782
2026-10-09T18:15:08.9402290Z   type: 'test'
2026-10-09T18:15:08.9402432Z   ...
2026-10-09T18:15:08.9402786Z # Subtest: WIT corpus rejects duplicated runtime error
2026-10-09T18:15:08.9403130Z ok 432 - WIT corpus rejects duplicated runtime error
2026-10-09T18:15:08.9403279Z   ---
2026-10-09T18:15:08.9403623Z   duration_ms: 5.886214
2026-10-09T18:15:08.9403775Z   type: 'test'
2026-10-09T18:15:08.9403907Z   ...
2026-10-09T18:15:08.9404287Z # Subtest: WIT corpus rejects wrong supplemental message
2026-10-09T18:15:08.9404642Z ok 433 - WIT corpus rejects wrong supplemental message
2026-10-09T18:15:08.9404783Z   ---
2026-10-09T18:15:08.9405121Z   duration_ms: 5.644924
2026-10-09T18:15:08.9405287Z   type: 'test'
2026-10-09T18:15:08.9405430Z   ...
2026-10-09T18:15:08.9405770Z # Subtest: WIT corpus rejects failed trap recovery
2026-10-09T18:15:08.9406090Z ok 434 - WIT corpus rejects failed trap recovery
2026-10-09T18:15:08.9406235Z   ---
2026-10-09T18:15:08.9406398Z   duration_ms: 8.114262
2026-10-09T18:15:08.9406551Z   type: 'test'
2026-10-09T18:15:08.9406703Z   ...
2026-10-09T18:15:08.9407208Z # Subtest: WIT corpus rejects failed supplemental output preservation
2026-10-09T18:15:08.9407846Z ok 435 - WIT corpus rejects failed supplemental output preservation
2026-10-09T18:15:08.9408004Z   ---
2026-10-09T18:15:08.9408174Z   duration_ms: 7.110599
2026-10-09T18:15:08.9408329Z   type: 'test'
2026-10-09T18:15:08.9408464Z   ...
2026-10-09T18:15:08.9408931Z # Subtest: WIT corpus rejects missing sourcesRemovedBeforeInstall
2026-10-09T18:15:08.9409370Z ok 436 - WIT corpus rejects missing sourcesRemovedBeforeInstall
2026-10-09T18:15:08.9409514Z   ---
2026-10-09T18:15:08.9409670Z   duration_ms: 2.609078
2026-10-09T18:15:08.9409824Z   type: 'test'
2026-10-09T18:15:08.9409963Z   ...
2026-10-09T18:15:08.9410398Z # Subtest: WIT corpus rejects missing installedSourcesRemoved
2026-10-09T18:15:08.9410800Z ok 437 - WIT corpus rejects missing installedSourcesRemoved
2026-10-09T18:15:08.9410943Z   ---
2026-10-09T18:15:08.9411111Z   duration_ms: 2.515133
2026-10-09T18:15:08.9411263Z   type: 'test'
2026-10-09T18:15:08.9411402Z   ...
2026-10-09T18:15:08.9411707Z # Subtest: WIT corpus rejects missing offline
2026-10-09T18:15:08.9412006Z ok 438 - WIT corpus rejects missing offline
2026-10-09T18:15:08.9412150Z   ---
2026-10-09T18:15:08.9412326Z   duration_ms: 2.52955
2026-10-09T18:15:08.9412474Z   type: 'test'
2026-10-09T18:15:08.9412564Z   ...
2026-10-09T18:15:08.9412821Z # Subtest: WIT corpus rejects missing runtimeOverridesDisabled
2026-10-09T18:15:08.9413054Z ok 439 - WIT corpus rejects missing runtimeOverridesDisabled
2026-10-09T18:15:08.9413138Z   ---
2026-10-09T18:15:08.9413231Z   duration_ms: 3.88519
2026-10-09T18:15:08.9413322Z   type: 'test'
2026-10-09T18:15:08.9413405Z   ...
2026-10-09T18:15:08.9413634Z # Subtest: WIT corpus rejects missing publicHeadersOnly
2026-10-09T18:15:08.9413841Z ok 440 - WIT corpus rejects missing publicHeadersOnly
2026-10-09T18:15:08.9413926Z   ---
2026-10-09T18:15:08.9414027Z   duration_ms: 2.5241
2026-10-09T18:15:08.9414119Z   type: 'test'
2026-10-09T18:15:08.9414198Z   ...
2026-10-09T18:15:08.9414444Z # Subtest: WIT corpus rejects missing compilerFreeExecution
2026-10-09T18:15:08.9414666Z ok 441 - WIT corpus rejects missing compilerFreeExecution
2026-10-09T18:15:08.9414749Z   ---
2026-10-09T18:15:08.9414852Z   duration_ms: 2.624087
2026-10-09T18:15:08.9415207Z   type: 'test'
2026-10-09T18:15:08.9415302Z   ...
2026-10-09T18:15:08.9415514Z # Subtest: WIT corpus rejects missing localLibraries
2026-10-09T18:15:08.9415708Z ok 442 - WIT corpus rejects missing localLibraries
2026-10-09T18:15:08.9415787Z   ---
2026-10-09T18:15:08.9415887Z   duration_ms: 2.284193
2026-10-09T18:15:08.9415979Z   type: 'test'
2026-10-09T18:15:08.9416062Z   ...
2026-10-09T18:19:01.5345766Z # Subtest: real Lean corpus matches independently rebuilt archives in source-free consumers
2026-10-09T18:19:01.5347357Z ok 443 - real Lean corpus matches independently rebuilt archives in source-free consumers
2026-10-09T18:19:01.5348246Z   ---
2026-10-09T18:19:01.5348658Z   duration_ms: 232713.228615
2026-10-09T18:19:01.5349149Z   type: 'test'
2026-10-09T18:19:01.5349501Z   ...
2026-10-09T18:19:01.5349847Z # shop: compiling Lean oracle
2026-10-09T18:19:01.5350420Z # shop: building cpan archives 1/2
2026-10-09T18:19:01.5351004Z # shop: building cpan archives 2/2
2026-10-09T18:19:01.5351852Z # shop: installing and executing perl without Lean sources or compilers
2026-10-09T18:19:01.5352337Z # telemetry: compiling Lean oracle
2026-10-09T18:19:01.5352689Z # telemetry: building cpan archives 1/2
2026-10-09T18:19:01.5353052Z # telemetry: building cpan archives 2/2
2026-10-09T18:19:01.5353572Z # telemetry: installing and executing perl without Lean sources or compilers
2026-10-09T18:19:01.5354287Z # Corpus report: build/type-corpus/perl.json (124 cases, 41 scoped cells, 6691 gaps)
2026-10-09T18:19:01.5658598Z 1..443
2026-10-09T18:19:01.5658963Z # tests 443
2026-10-09T18:19:01.5659311Z # suites 0
2026-10-09T18:19:01.5659632Z # pass 443
2026-10-09T18:19:01.5659951Z # fail 0
2026-10-09T18:19:01.5660277Z # cancelled 0
2026-10-09T18:19:01.5660764Z # skipped 0
2026-10-09T18:19:01.5661108Z # todo 0
2026-10-09T18:19:01.5661571Z # duration_ms 241204.532288
2026-10-09T18:19:01.6194216Z TAP version 13
2026-10-09T18:22:57.9638047Z # Subtest: reviewed native corpus executes installed public APIs after compiler reconciliation
2026-10-09T18:22:57.9646567Z ok 1 - reviewed native corpus executes installed public APIs after compiler reconciliation
2026-10-09T18:22:57.9647605Z   ---
2026-10-09T18:22:57.9656037Z   duration_ms: 235939.687625
2026-10-09T18:22:57.9656565Z   type: 'test'
2026-10-09T18:22:57.9656963Z   ...
2026-10-09T18:22:57.9657370Z # shop: compiling Lean oracle
2026-10-09T18:22:57.9657950Z # shop: building cpan archives 1/2
2026-10-09T18:22:57.9658581Z # shop: building cpan archives 2/2
2026-10-09T18:22:57.9659585Z # shop: installing and executing perl without Lean sources or compilers
2026-10-09T18:22:57.9660726Z # telemetry: compiling Lean oracle
2026-10-09T18:22:57.9663612Z # telemetry: building cpan archives 1/2
2026-10-09T18:22:57.9664781Z # telemetry: building cpan archives 2/2
2026-10-09T18:22:57.9666403Z # telemetry: installing and executing perl without Lean sources or compilers
2026-10-09T18:22:57.9669002Z # Compiler-checked reviewed native report: {"libraries":2,"profiles":1,"installedRuns":2,"catalogCases":124,"executedCases":124,"compileRejectedCases":0,"observedCells":41,"gapCells":6691}
2026-10-09T18:22:57.9852478Z 1..1
2026-10-09T18:22:57.9852898Z # tests 1
2026-10-09T18:22:57.9853514Z # suites 0
2026-10-09T18:22:57.9854119Z # pass 1
2026-10-09T18:22:57.9854682Z # fail 0
2026-10-09T18:22:57.9875857Z # cancelled 0
2026-10-09T18:22:57.9876252Z # skipped 0
2026-10-09T18:22:57.9876583Z # todo 0
2026-10-09T18:22:57.9876938Z # duration_ms 236377.852143
2026-10-09T18:22:58.0304199Z TAP version 13
2026-10-09T18:24:37.3934214Z # Subtest: ordinary and reviewed Char packages preserve Unicode scalars in installed native consumers
2026-10-09T18:24:37.3940801Z ok 1 - ordinary and reviewed Char packages preserve Unicode scalars in installed native consumers
2026-10-09T18:24:37.3945451Z   ---
2026-10-09T18:24:37.3956083Z   duration_ms: 99084.69261
2026-10-09T18:24:37.3956611Z   type: 'test'
2026-10-09T18:24:37.3957013Z   ...
2026-10-09T18:24:37.3957490Z # ordinary-source: building perl
2026-10-09T18:24:37.3958213Z # ordinary-source: installing and checking perl
2026-10-09T18:24:37.3958882Z # reviewed-ir: building perl
2026-10-09T18:24:37.3959518Z # reviewed-ir: installing and checking perl
2026-10-09T18:24:37.4099833Z 1..1
2026-10-09T18:24:37.4100543Z # tests 1
2026-10-09T18:24:37.4101369Z # suites 0
2026-10-09T18:24:37.4102762Z # pass 1
2026-10-09T18:24:37.4103416Z # fail 0
2026-10-09T18:24:37.4104252Z # cancelled 0
2026-10-09T18:24:37.4104811Z # skipped 0
2026-10-09T18:24:37.4115709Z # todo 0
2026-10-09T18:24:37.4116100Z # duration_ms 99391.472894
2026-10-09T18:24:37.4550706Z TAP version 13
2026-10-09T18:26:17.0670328Z # Subtest: ordinary and reviewed Word packages preserve compiled platform integers in installed native consumers
2026-10-09T18:26:17.0678252Z ok 1 - ordinary and reviewed Word packages preserve compiled platform integers in installed native consumers
2026-10-09T18:26:17.0679432Z   ---
2026-10-09T18:26:17.0680006Z   duration_ms: 99334.30124
2026-10-09T18:26:17.0680995Z   type: 'test'
2026-10-09T18:26:17.0681527Z   ...
2026-10-09T18:26:17.0682039Z # ordinary-source: building perl
2026-10-09T18:26:17.0688397Z # ordinary-source: installing and checking perl
2026-10-09T18:26:17.0689460Z # reviewed-ir: building perl
2026-10-09T18:26:17.0692795Z # reviewed-ir: installing and checking perl
2026-10-09T18:26:17.0841304Z 1..1
2026-10-09T18:26:17.0843103Z # tests 1
2026-10-09T18:26:17.0843556Z # suites 0
2026-10-09T18:26:17.0844431Z # pass 1
2026-10-09T18:26:17.0845254Z # fail 0
2026-10-09T18:26:17.0846066Z # cancelled 0
2026-10-09T18:26:17.0846779Z # skipped 0
2026-10-09T18:26:17.0847313Z # todo 0
2026-10-09T18:26:17.0847978Z # duration_ms 99640.881758
2026-10-09T18:26:17.1311444Z TAP version 13
2026-10-09T18:28:05.0760263Z # Subtest: installed Perl callbacks and returned closures preserve all nineteen primitives on both source paths
2026-10-09T18:28:05.0769821Z ok 1 - installed Perl callbacks and returned closures preserve all nineteen primitives on both source paths
2026-10-09T18:28:05.0770970Z   ---
2026-10-09T18:28:05.0771215Z   duration_ms: 107670.815719
2026-10-09T18:28:05.0771480Z   type: 'test'
2026-10-09T18:28:05.0771697Z   ...
2026-10-09T18:28:05.0773497Z # ordinary-source: compiling the 58-export callable library
2026-10-09T18:28:05.0780645Z # ordinary-source: offline installation and execution without author compilers
2026-10-09T18:28:05.0783457Z # reviewed-ir: compiling the 58-export callable library
2026-10-09T18:28:05.0785730Z # reviewed-ir: offline installation and execution without author compilers
2026-10-09T18:28:48.7649361Z # Subtest: fresh Lean rejects changed reviewed callback and returned-closure signatures before linking
2026-10-09T18:28:48.7651199Z ok 2 - fresh Lean rejects changed reviewed callback and returned-closure signatures before linking
2026-10-09T18:28:48.7652012Z   ---
2026-10-09T18:28:48.7652260Z   duration_ms: 43690.278199
2026-10-09T18:28:48.7652546Z   type: 'test'
2026-10-09T18:28:48.7652830Z   ...
2026-10-09T18:28:48.7781922Z 1..2
2026-10-09T18:28:48.7782313Z # tests 2
2026-10-09T18:28:48.7783701Z # suites 0
2026-10-09T18:28:48.7784188Z # pass 2
2026-10-09T18:28:48.7784635Z # fail 0
2026-10-09T18:28:48.7786146Z # cancelled 0
2026-10-09T18:28:48.7786648Z # skipped 0
2026-10-09T18:28:48.7787120Z # todo 0
2026-10-09T18:28:48.7787605Z # duration_ms 151658.954571
2026-10-09T18:28:48.8237423Z TAP version 13
2026-10-09T18:31:13.4018993Z # Subtest: Perl original CPAN archives execute structured callbacks and closures on both source paths
2026-10-09T18:31:13.4024795Z ok 1 - Perl original CPAN archives execute structured callbacks and closures on both source paths
2026-10-09T18:31:13.4026313Z   ---
2026-10-09T18:31:13.4026715Z   duration_ms: 144300.580779
2026-10-09T18:31:13.4027193Z   type: 'test'
2026-10-09T18:31:13.4027586Z   ...
2026-10-09T18:31:13.4028510Z # ordinary-source: compiling structured callbacks for 1 Perl ABIs
2026-10-09T18:31:13.4034318Z # ordinary-source: offline install, relocation and isolated probe for /home/runner/work/lean-bridge/lean-bridge/.toolchains/perl/5.38.2-unthreaded/bin/perl
2026-10-09T18:31:13.4036637Z # ordinary-source/5.38.2: 64983 public checks, 22362 injected failures
2026-10-09T18:31:13.4038169Z # reviewed-ir: compiling structured callbacks for 1 Perl ABIs
2026-10-09T18:31:13.4040787Z # reviewed-ir: offline install, relocation and isolated probe for /home/runner/work/lean-bridge/lean-bridge/.toolchains/perl/5.38.2-unthreaded/bin/perl
2026-10-09T18:31:13.4042502Z # reviewed-ir/5.38.2: 64983 public checks, 22362 injected failures
2026-10-09T18:31:13.4188943Z 1..1
2026-10-09T18:31:13.4189987Z # tests 1
2026-10-09T18:31:13.4190740Z # suites 0
2026-10-09T18:31:13.4191536Z # pass 1
2026-10-09T18:31:13.4192176Z # fail 0
2026-10-09T18:31:13.4192906Z # cancelled 0
2026-10-09T18:31:13.4193580Z # skipped 0
2026-10-09T18:31:13.4194224Z # todo 0
2026-10-09T18:31:13.4195188Z # duration_ms 144606.976886
2026-10-09T18:31:13.4681810Z TAP version 13
2026-10-09T18:31:16.9329690Z # Subtest: CPAN recursive callbacks validate their namespace and agree with every supported native target
2026-10-09T18:31:16.9334777Z ok 1 - CPAN recursive callbacks validate their namespace and agree with every supported native target
2026-10-09T18:31:16.9336025Z   ---
2026-10-09T18:31:16.9356022Z   duration_ms: 1868.566872
2026-10-09T18:31:16.9368886Z   type: 'test'
2026-10-09T18:31:16.9369283Z   ...
2026-10-09T18:31:16.9370145Z # Subtest: Perl recursive callbacks preserve the checked native graph without changing the IR
2026-10-09T18:31:16.9371370Z ok 2 - Perl recursive callbacks preserve the checked native graph without changing the IR
2026-10-09T18:31:16.9372182Z   ---
2026-10-09T18:31:16.9372546Z   duration_ms: 136.486941
2026-10-09T18:31:16.9372981Z   type: 'test'
2026-10-09T18:31:16.9373315Z   ...
2026-10-09T18:31:16.9374344Z # Subtest: Perl recursive packages hide native handles and retain callback replies in the initiating scope
2026-10-09T18:31:16.9376462Z ok 3 - Perl recursive packages hide native handles and retain callback replies in the initiating scope
2026-10-09T18:31:16.9377445Z   ---
2026-10-09T18:31:16.9377815Z   duration_ms: 233.893193
2026-10-09T18:31:16.9378240Z   type: 'test'
2026-10-09T18:31:16.9378580Z   ...
2026-10-09T18:31:16.9379503Z # Subtest: Perl recursive callables reject hidden identity fields and asynchronous signatures
2026-10-09T18:31:16.9380881Z ok 4 - Perl recursive callables reject hidden identity fields and asynchronous signatures
2026-10-09T18:31:16.9381695Z   ---
2026-10-09T18:31:16.9382057Z   duration_ms: 4.447093
2026-10-09T18:31:16.9382475Z   type: 'test'
2026-10-09T18:31:16.9382839Z   ...
2026-10-09T18:31:16.9383846Z # Subtest: Perl recursive callables reserve closure names for records, variants and transparent aliases
2026-10-09T18:31:16.9385543Z ok 5 - Perl recursive callables reserve closure names for records, variants and transparent aliases
2026-10-09T18:31:16.9386461Z   ---
2026-10-09T18:31:16.9386799Z   duration_ms: 473.490468
2026-10-09T18:31:16.9387230Z   type: 'test'
2026-10-09T18:31:16.9387598Z   ...
2026-10-09T18:31:16.9388496Z # Subtest: Perl recursive callables validate module namespaces and projected export names
2026-10-09T18:31:16.9389809Z ok 6 - Perl recursive callables validate module namespaces and projected export names
2026-10-09T18:31:16.9390607Z   ---
2026-10-09T18:31:16.9390972Z   duration_ms: 635.770544
2026-10-09T18:31:16.9391395Z   type: 'test'
2026-10-09T18:31:16.9391754Z   ...
2026-10-09T18:35:34.7854297Z # Subtest: original recursive CPAN archives preserve callbacks and closures after producer removal
2026-10-09T18:35:34.7856243Z ok 7 - original recursive CPAN archives preserve callbacks and closures after producer removal
2026-10-09T18:35:34.7857270Z   ---
2026-10-09T18:35:34.7857681Z   duration_ms: 257552.806431
2026-10-09T18:35:34.7858182Z   type: 'test'
2026-10-09T18:35:34.7858575Z   ...
2026-10-09T18:35:34.7859322Z # ordinary-source: build CPAN-only recursive callbacks for 1 ABIs
2026-10-09T18:35:34.7860221Z # Compiling checked native Lean exports
2026-10-09T18:35:34.7861496Z # Compiling XS for /home/runner/work/lean-bridge/lean-bridge/.toolchains/perl/5.38.2-unthreaded/bin/perl
2026-10-09T18:35:34.7863618Z # ordinary-source: install /home/runner/work/lean-bridge/lean-bridge/.toolchains/perl/5.38.2-unthreaded/bin/perl, prebuilt-only, without author sources
2026-10-09T18:35:34.7866263Z # ordinary-source: install /home/runner/work/lean-bridge/lean-bridge/.toolchains/perl/5.38.2-unthreaded/bin/perl, build-xs, without author sources
2026-10-09T18:35:34.7868240Z # ordinary-source/prebuilt-only/v5.38.2: 204 recursive checks, 64983 acyclic checks, 39045 injected failures
2026-10-09T18:35:34.7869845Z # ordinary-source/build-xs/v5.38.2: 204 recursive checks, 64983 acyclic checks, 39045 injected failures
2026-10-09T18:35:34.7871099Z # reviewed-ir: build CPAN-only recursive callbacks for 1 ABIs
2026-10-09T18:35:34.7871919Z # Compiling checked native Lean exports
2026-10-09T18:35:34.7873123Z # Compiling XS for /home/runner/work/lean-bridge/lean-bridge/.toolchains/perl/5.38.2-unthreaded/bin/perl
2026-10-09T18:35:34.7875631Z # reviewed-ir: install /home/runner/work/lean-bridge/lean-bridge/.toolchains/perl/5.38.2-unthreaded/bin/perl, prebuilt-only, without author sources
2026-10-09T18:35:34.7877948Z # reviewed-ir: install /home/runner/work/lean-bridge/lean-bridge/.toolchains/perl/5.38.2-unthreaded/bin/perl, build-xs, without author sources
2026-10-09T18:35:34.7879870Z # reviewed-ir/prebuilt-only/v5.38.2: 204 recursive checks, 64983 acyclic checks, 39045 injected failures
2026-10-09T18:35:34.7881424Z # reviewed-ir/build-xs/v5.38.2: 204 recursive checks, 64983 acyclic checks, 39045 injected failures
2026-10-09T18:35:34.8010662Z 1..7
2026-10-09T18:35:34.8011308Z # tests 7
2026-10-09T18:35:34.8011656Z # suites 0
2026-10-09T18:35:34.8012273Z # pass 7
2026-10-09T18:35:34.8012779Z # fail 0
2026-10-09T18:35:34.8013481Z # cancelled 0
2026-10-09T18:35:34.8013955Z # skipped 0
2026-10-09T18:35:34.8014726Z # todo 0
2026-10-09T18:35:34.8026167Z # duration_ms 261346.246406
2026-10-09T18:35:34.8471605Z TAP version 13
2026-10-09T18:37:48.1343310Z # Subtest: installed Perl compounds preserve copied values on both source paths
2026-10-09T18:37:48.1352185Z ok 1 - installed Perl compounds preserve copied values on both source paths
2026-10-09T18:37:48.1353217Z   ---
2026-10-09T18:37:48.1354205Z   duration_ms: 133012.875646
2026-10-09T18:37:48.1354707Z   type: 'test'
2026-10-09T18:37:48.1355377Z   ...
2026-10-09T18:37:48.1356218Z # ordinary-source: compiling Perl compounds for 1 ABIs
2026-10-09T18:37:48.1361078Z # ordinary-source: installing offline and relocating /home/runner/work/lean-bridge/lean-bridge/.toolchains/perl/5.38.2-unthreaded/bin/perl
2026-10-09T18:37:48.1362957Z # ordinary-source: 78980 public assertions and 268 cleanup checks passed
2026-10-09T18:37:48.1364360Z # reviewed-ir: compiling Perl compounds for 1 ABIs
2026-10-09T18:37:48.1366730Z # reviewed-ir: installing offline and relocating /home/runner/work/lean-bridge/lean-bridge/.toolchains/perl/5.38.2-unthreaded/bin/perl
2026-10-09T18:37:48.1368435Z # reviewed-ir: 78980 public assertions and 268 cleanup checks passed
2026-10-09T18:37:48.1517567Z 1..1
2026-10-09T18:37:48.1518780Z # tests 1
2026-10-09T18:37:48.1519585Z # suites 0
2026-10-09T18:37:48.1520271Z # pass 1
2026-10-09T18:37:48.1521054Z # fail 0
2026-10-09T18:37:48.1521684Z # cancelled 0
2026-10-09T18:37:48.1522321Z # skipped 0
2026-10-09T18:37:48.1522892Z # todo 0
2026-10-09T18:37:48.1523517Z # duration_ms 133316.780643
2026-10-09T18:37:48.2016002Z TAP version 13
2026-10-09T18:37:48.3497456Z # Subtest: Perl List evidence binds eight executions to unchanged relocated installations
2026-10-09T18:37:48.3503943Z ok 1 - Perl List evidence binds eight executions to unchanged relocated installations
2026-10-09T18:37:48.3526122Z   ---
2026-10-09T18:37:48.3546169Z   duration_ms: 10.002364
2026-10-09T18:37:48.3546884Z   type: 'test'
2026-10-09T18:37:48.3547619Z   ...
2026-10-09T18:37:48.3549013Z # Subtest: Perl Lists use typed bounded Lean helpers and preserve native List/Array identity
2026-10-09T18:37:48.3550897Z ok 2 - Perl Lists use typed bounded Lean helpers and preserve native List/Array identity
2026-10-09T18:37:48.3551912Z   ---
2026-10-09T18:37:48.3552487Z   duration_ms: 23.907849
2026-10-09T18:37:48.3553126Z   type: 'test'
2026-10-09T18:37:48.3553682Z   ...
2026-10-09T18:37:48.3554879Z # Subtest: Perl List input checks precede host calls and ownership registration sees initialized arrays
2026-10-09T18:37:48.3556896Z ok 3 - Perl List input checks precede host calls and ownership registration sees initialized arrays
2026-10-09T18:37:48.3557985Z   ---
2026-10-09T18:37:48.3558548Z   duration_ms: 3.414721
2026-10-09T18:37:48.3559218Z   type: 'test'
2026-10-09T18:37:48.3559830Z   ...
2026-10-09T18:37:48.3560896Z # Subtest: Perl List callback payloads retain copied identity and depth checks
2026-10-09T18:37:48.3562339Z ok 4 - Perl List callback payloads retain copied identity and depth checks
2026-10-09T18:37:48.3563358Z   ---
2026-10-09T18:37:48.3563991Z   duration_ms: 24.805262
2026-10-09T18:37:48.3564680Z   type: 'test'
2026-10-09T18:37:48.3566130Z   ...
2026-10-09T18:37:48.3719404Z # Subtest: Perl List consumer assertions cannot mistake a regex failure's message for success
2026-10-09T18:37:48.3721262Z ok 5 - Perl List consumer assertions cannot mistake a regex failure's message for success
2026-10-09T18:37:48.3722543Z   ---
2026-10-09T18:37:48.3723169Z   duration_ms: 22.556863
2026-10-09T18:37:48.3723849Z   type: 'test'
2026-10-09T18:37:48.3724450Z   ...
2026-10-09T18:39:58.8768679Z # Subtest: installed Perl Lists preserve copied values on both source paths
2026-10-09T18:39:58.8770058Z ok 6 - installed Perl Lists preserve copied values on both source paths
2026-10-09T18:39:58.8771018Z   ---
2026-10-09T18:39:58.8771536Z   duration_ms: 130377.139618
2026-10-09T18:39:58.8772121Z   type: 'test'
2026-10-09T18:39:58.8772573Z   ...
2026-10-09T18:39:58.8773195Z # ordinary-source: compiling Perl Lists for 1 ABIs
2026-10-09T18:39:58.8776132Z # ordinary-source: installing offline and relocating /home/runner/work/lean-bridge/lean-bridge/.toolchains/perl/5.38.2-unthreaded/bin/perl
2026-10-09T18:39:58.8777876Z # ordinary-source: 112738 public assertions and 717 cleanup checks passed
2026-10-09T18:39:58.8778845Z # reviewed-ir: compiling Perl Lists for 1 ABIs
2026-10-09T18:39:58.8780627Z # reviewed-ir: installing offline and relocating /home/runner/work/lean-bridge/lean-bridge/.toolchains/perl/5.38.2-unthreaded/bin/perl
2026-10-09T18:39:58.8782340Z # reviewed-ir: 112738 public assertions and 717 cleanup checks passed
2026-10-09T18:39:58.8920209Z 1..6
2026-10-09T18:39:58.8921122Z # tests 6
2026-10-09T18:39:58.8921719Z # suites 0
2026-10-09T18:39:58.8921962Z # pass 6
2026-10-09T18:39:58.8922286Z # fail 0
2026-10-09T18:39:58.8923016Z # cancelled 0
2026-10-09T18:39:58.8923582Z # skipped 0
2026-10-09T18:39:58.8924242Z # todo 0
2026-10-09T18:39:58.8925062Z # duration_ms 130707.281128
2026-10-09T18:39:58.9424076Z TAP version 13
2026-10-09T18:39:59.1176952Z # Subtest: the independent collection contract covers every primitive, seven records and 24 nested arrays
2026-10-09T18:39:59.1196970Z ok 1 - the independent collection contract covers every primitive, seven records and 24 nested arrays
2026-10-09T18:39:59.1200582Z   ---
2026-10-09T18:39:59.1201593Z   duration_ms: 5.596334
2026-10-09T18:39:59.1202307Z   type: 'test'
2026-10-09T18:39:59.1202987Z   ...
2026-10-09T18:39:59.1204179Z # Subtest: Perl Arrays pin dense plain input slots before allocating or converting Lean elements
2026-10-09T18:39:59.1206281Z ok 2 - Perl Arrays pin dense plain input slots before allocating or converting Lean elements
2026-10-09T18:39:59.1207392Z   ---
2026-10-09T18:39:59.1207964Z   duration_ms: 17.145856
2026-10-09T18:39:59.1208641Z   type: 'test'
2026-10-09T18:39:59.1209241Z   ...
2026-10-09T18:39:59.1210384Z # Subtest: Perl records validate exact nominal types and pin every field before any conversion
2026-10-09T18:39:59.1212119Z ok 3 - Perl records validate exact nominal types and pin every field before any conversion
2026-10-09T18:39:59.1213225Z   ---
2026-10-09T18:39:59.1213848Z   duration_ms: 6.979934
2026-10-09T18:39:59.1214498Z   type: 'test'
2026-10-09T18:39:59.1215354Z   ...
2026-10-09T18:39:59.1216468Z # Subtest: Perl record fields cannot replace constructors, object methods or phase hooks
2026-10-09T18:39:59.1218081Z ok 4 - Perl record fields cannot replace constructors, object methods or phase hooks
2026-10-09T18:39:59.1235771Z   ---
2026-10-09T18:39:59.1236440Z   duration_ms: 51.01958
2026-10-09T18:39:59.1237044Z   type: 'test'
2026-10-09T18:39:59.1237538Z   ...
2026-10-09T18:39:59.1238618Z # Subtest: generated Perl record constructors reject malformed named fields without warnings
2026-10-09T18:39:59.1240118Z ok 5 - generated Perl record constructors reject malformed named fields without warnings
2026-10-09T18:39:59.1241156Z   ---
2026-10-09T18:39:59.1241511Z   duration_ms: 12.999613
2026-10-09T18:39:59.1241901Z   type: 'test'
2026-10-09T18:39:59.1242302Z   ...
2026-10-09T18:42:34.0389653Z # Subtest: installed Perl arrays and records preserve copied values on both source paths
2026-10-09T18:42:34.0391408Z ok 6 - installed Perl arrays and records preserve copied values on both source paths
2026-10-09T18:42:34.0392072Z   ---
2026-10-09T18:42:34.0392305Z   duration_ms: 154799.847639
2026-10-09T18:42:34.0392576Z   type: 'test'
2026-10-09T18:42:34.0392791Z   ...
2026-10-09T18:42:34.0395515Z # ordinary-source: compiling Perl arrays and records for 1 ABIs
2026-10-09T18:42:34.0397330Z # ordinary-source: installing offline and relocating /home/runner/work/lean-bridge/lean-bridge/.toolchains/perl/5.38.2-unthreaded/bin/perl
2026-10-09T18:42:34.0398349Z # ordinary-source: 239954 public assertions and 1205 cleanup checks passed
2026-10-09T18:42:34.0400803Z # reviewed-ir: compiling Perl arrays and records for 1 ABIs
2026-10-09T18:42:34.0402300Z # reviewed-ir: installing offline and relocating /home/runner/work/lean-bridge/lean-bridge/.toolchains/perl/5.38.2-unthreaded/bin/perl
2026-10-09T18:42:34.0403785Z # reviewed-ir: 239954 public assertions and 1205 cleanup checks passed
2026-10-09T18:42:34.0549361Z 1..6
2026-10-09T18:42:34.0549640Z # tests 6
2026-10-09T18:42:34.0550302Z # suites 0
2026-10-09T18:42:34.0550833Z # pass 6
2026-10-09T18:42:34.0551430Z # fail 0
2026-10-09T18:42:34.0552136Z # cancelled 0
2026-10-09T18:42:34.0552671Z # skipped 0
2026-10-09T18:42:34.0553459Z # todo 0
2026-10-09T18:42:34.0554035Z # duration_ms 155128.417919
2026-10-09T18:42:34.1052129Z TAP version 13
2026-10-09T18:42:34.6516145Z # Subtest: Perl alias evidence binds all eight executions to unchanged relocated installations
2026-10-09T18:42:34.6523760Z ok 1 - Perl alias evidence binds all eight executions to unchanged relocated installations
2026-10-09T18:42:34.6524549Z   ---
2026-10-09T18:42:34.6525144Z   duration_ms: 151.143797
2026-10-09T18:42:34.6525573Z   type: 'test'
2026-10-09T18:42:34.6525920Z   ...
2026-10-09T18:42:39.1931753Z # Subtest: Perl alias installed evidence promotes exactly six copied cells and runs in CI
2026-10-09T18:42:39.1944833Z ok 2 - Perl alias installed evidence promotes exactly six copied cells and runs in CI
2026-10-09T18:42:39.1977323Z   ---
2026-10-09T18:42:39.1977702Z   duration_ms: 4509.205188
2026-10-09T18:42:39.1978048Z   type: 'test'
2026-10-09T18:42:39.1983818Z   ...
2026-10-09T18:42:39.1988561Z # Subtest: Perl aliases keep source names and chains while native converters use target types
2026-10-09T18:42:39.1990091Z ok 3 - Perl aliases keep source names and chains while native converters use target types
2026-10-09T18:42:39.1996404Z   ---
2026-10-09T18:42:39.1996930Z   duration_ms: 19.270899
2026-10-09T18:42:39.1997497Z   type: 'test'
2026-10-09T18:42:39.1997969Z   ...
2026-10-09T18:42:39.1999020Z # Subtest: Perl alias host catalog preserves all 27 independently specified targets
2026-10-09T18:42:39.2000422Z ok 4 - Perl alias host catalog preserves all 27 independently specified targets
2026-10-09T18:42:39.2001363Z   ---
2026-10-09T18:42:39.2001865Z   duration_ms: 1.284063
2026-10-09T18:42:39.2002446Z   type: 'test'
2026-10-09T18:42:39.2002926Z   ...
2026-10-09T18:42:39.2003879Z # Subtest: Perl alias admission retains ownership, representation and nesting checks
2026-10-09T18:42:39.2005622Z ok 5 - Perl alias admission retains ownership, representation and nesting checks
2026-10-09T18:42:39.2006698Z   ---
2026-10-09T18:42:39.2007219Z   duration_ms: 7.344482
2026-10-09T18:42:39.2007804Z   type: 'test'
2026-10-09T18:42:39.2008306Z   ...
2026-10-09T18:42:39.2009286Z # Subtest: Perl alias POD escapes formatting and never adds executable declarations
2026-10-09T18:42:39.2010712Z ok 6 - Perl alias POD escapes formatting and never adds executable declarations
2026-10-09T18:42:39.2011588Z   ---
2026-10-09T18:42:39.2012067Z   duration_ms: 4.749638
2026-10-09T18:42:39.2012581Z   type: 'test'
2026-10-09T18:42:39.2013014Z   ...
2026-10-09T18:42:39.2599349Z # Subtest: Perl alias POD parses and consumer assertions reject failed regex checks
2026-10-09T18:42:39.2606955Z ok 7 - Perl alias POD parses and consumer assertions reject failed regex checks
2026-10-09T18:42:39.2608142Z   ---
2026-10-09T18:42:39.2609182Z   duration_ms: 66.275898
2026-10-09T18:42:39.2609846Z   type: 'test'
2026-10-09T18:42:39.2610493Z   ...
2026-10-09T18:44:36.5723342Z # Subtest: installed Perl aliases preserve named contracts and target semantics on both source paths
2026-10-09T18:44:36.5725815Z ok 8 - installed Perl aliases preserve named contracts and target semantics on both source paths
2026-10-09T18:44:36.5726821Z   ---
2026-10-09T18:44:36.5727238Z   duration_ms: 122159.683705
2026-10-09T18:44:36.5727746Z   type: 'test'
2026-10-09T18:44:36.5728133Z   ...
2026-10-09T18:44:36.5728747Z # ordinary-source: compiling aliases for 1 Perl ABIs
2026-10-09T18:44:36.5730600Z # ordinary-source: installing offline and relocating /home/runner/work/lean-bridge/lean-bridge/.toolchains/perl/5.38.2-unthreaded/bin/perl
2026-10-09T18:44:36.5736367Z # ordinary-source/v5.38.2/unthreaded: 11732 public assertions and 596 cleanup checks passed
2026-10-09T18:44:36.5737856Z # reviewed-ir: compiling aliases for 1 Perl ABIs
2026-10-09T18:44:36.5739493Z # reviewed-ir: installing offline and relocating /home/runner/work/lean-bridge/lean-bridge/.toolchains/perl/5.38.2-unthreaded/bin/perl
2026-10-09T18:44:36.5741244Z # reviewed-ir/v5.38.2/unthreaded: 11732 public assertions and 596 cleanup checks passed
2026-10-09T18:44:36.5900840Z 1..8
2026-10-09T18:44:36.5911206Z # tests 8
2026-10-09T18:44:36.5911612Z # suites 0
2026-10-09T18:44:36.5911950Z # pass 8
2026-10-09T18:44:36.5912242Z # fail 0
2026-10-09T18:44:36.5912435Z # cancelled 0
2026-10-09T18:44:36.5912667Z # skipped 0
2026-10-09T18:44:36.5912866Z # todo 0
2026-10-09T18:44:36.5913090Z # duration_ms 122500.866503
2026-10-09T18:44:36.6375136Z TAP version 13
2026-10-09T18:44:37.0786475Z # Subtest: Perl scalar relocation history authenticates exact predecessors and refuses unknown edits
2026-10-09T18:44:37.0792700Z ok 1 - Perl scalar relocation history authenticates exact predecessors and refuses unknown edits
2026-10-09T18:44:37.0793564Z   ---
2026-10-09T18:44:37.0793790Z   duration_ms: 120.886191
2026-10-09T18:44:37.0794049Z   type: 'test'
2026-10-09T18:44:37.0794258Z   ...
2026-10-09T18:44:37.2908764Z # Subtest: Perl scalar relocation preserves the inventory without refreshing pins or promoting support
2026-10-09T18:44:37.2914067Z ok 2 - Perl scalar relocation preserves the inventory without refreshing pins or promoting support
2026-10-09T18:44:37.2915266Z   ---
2026-10-09T18:44:37.2915528Z   duration_ms: 212.153406
2026-10-09T18:44:37.2915787Z   type: 'test'
2026-10-09T18:44:37.2916002Z   ...
2026-10-09T18:44:37.2926170Z # Subtest: Perl scalar relocation retains the reviewed handoff and three-source counter scope
2026-10-09T18:44:37.2930007Z ok 3 - Perl scalar relocation retains the reviewed handoff and three-source counter scope
2026-10-09T18:44:37.2930890Z   ---
2026-10-09T18:44:37.2931278Z   duration_ms: 2.39625
2026-10-09T18:44:37.2931596Z   type: 'test'
2026-10-09T18:44:37.2931807Z   ...
2026-10-09T18:44:37.3803752Z # Subtest: the Perl scalar relocation updater refuses another HEAD before any write
2026-10-09T18:44:37.3805752Z ok 4 - the Perl scalar relocation updater refuses another HEAD before any write
2026-10-09T18:44:37.3806919Z   ---
2026-10-09T18:44:37.3807569Z   duration_ms: 71.529523
2026-10-09T18:44:37.3808057Z   type: 'test'
2026-10-09T18:44:37.3808456Z   ...
2026-10-09T18:44:37.3811461Z # Subtest: CPAN packages are checked Fin consumers with every other native projection
2026-10-09T18:44:37.3816224Z ok 5 - CPAN packages are checked Fin consumers with every other native projection
2026-10-09T18:44:37.3831046Z   ---
2026-10-09T18:44:37.3831407Z   duration_ms: 0.384936
2026-10-09T18:44:37.3831664Z   type: 'test'
2026-10-09T18:44:37.3831883Z   ...
2026-10-09T18:44:37.3832434Z # Subtest: generated XS checks each exact bound before dispatch and unwraps the checked adapter result
2026-10-09T18:44:37.3833262Z ok 6 - generated XS checks each exact bound before dispatch and unwraps the checked adapter result
2026-10-09T18:44:37.3833757Z   ---
2026-10-09T18:44:37.3834044Z   duration_ms: 15.249045
2026-10-09T18:44:37.3834720Z   type: 'test'
2026-10-09T18:44:37.3835207Z   ...
2026-10-09T18:44:37.3835805Z # Subtest: both scalar Perl routes rerun the whole consumer and count entries only in the moved installed tree
2026-10-09T18:44:37.3836675Z ok 7 - both scalar Perl routes rerun the whole consumer and count entries only in the moved installed tree
2026-10-09T18:44:37.3837175Z   ---
2026-10-09T18:44:37.3837376Z   duration_ms: 1.963106
2026-10-09T18:44:37.3837616Z   type: 'test'
2026-10-09T18:44:37.3837815Z   ...
2026-10-09T18:46:13.2119367Z # Subtest: relocated source-free CPAN packages check Fin bounds before Lean dispatch on every selected ABI
2026-10-09T18:46:13.2120671Z ok 8 - relocated source-free CPAN packages check Fin bounds before Lean dispatch on every selected ABI
2026-10-09T18:46:13.2121727Z   ---
2026-10-09T18:46:13.2122221Z   duration_ms: 95828.514852
2026-10-09T18:46:13.2122655Z   type: 'test'
2026-10-09T18:46:13.2123303Z   ...
2026-10-09T18:46:13.2123824Z # build 0: compiling XS for 1 Perl ABIs
2026-10-09T18:46:13.2125528Z # offline prebuilt installation on /home/runner/work/lean-bridge/lean-bridge/.toolchains/perl/5.38.2-unthreaded/bin/perl
2026-10-09T18:46:13.2127686Z # build 1: compiling XS for 1 Perl ABIs
2026-10-09T18:47:49.0643453Z # Subtest: independently reviewed Perl packages check scalar Fin through installed consumers
2026-10-09T18:47:49.0648595Z ok 9 - independently reviewed Perl packages check scalar Fin through installed consumers
2026-10-09T18:47:49.0649649Z   ---
2026-10-09T18:47:49.0650002Z   duration_ms: 95852.872965
2026-10-09T18:47:49.0650437Z   type: 'test'
2026-10-09T18:47:49.0650890Z   ...
2026-10-09T18:47:49.0651477Z # build 0: compiling XS for 1 Perl ABIs
2026-10-09T18:47:49.0652912Z # offline prebuilt installation on /home/runner/work/lean-bridge/lean-bridge/.toolchains/perl/5.38.2-unthreaded/bin/perl
2026-10-09T18:47:49.0654172Z # build 1: compiling XS for 1 Perl ABIs
2026-10-09T18:47:49.0857079Z 1..9
2026-10-09T18:47:49.0857561Z # tests 9
2026-10-09T18:47:49.0857943Z # suites 0
2026-10-09T18:47:49.0858412Z # pass 9
2026-10-09T18:47:49.0858906Z # fail 0
2026-10-09T18:47:49.0859486Z # cancelled 0
2026-10-09T18:47:49.0860153Z # skipped 0
2026-10-09T18:47:49.0860696Z # todo 0
2026-10-09T18:47:49.0861322Z # duration_ms 192459.97359
2026-10-09T18:47:49.1341209Z TAP version 13
2026-10-09T18:49:54.4711217Z # Subtest: installed Perl variants preserve named constructors, copied fields and scoped cleanup on both source paths
2026-10-09T18:49:54.4719630Z ok 1 - installed Perl variants preserve named constructors, copied fields and scoped cleanup on both source paths
2026-10-09T18:49:54.4721112Z   ---
2026-10-09T18:49:54.4721790Z   duration_ms: 125064.388749
2026-10-09T18:49:54.4722302Z   type: 'test'
2026-10-09T18:49:54.4722704Z   ...
2026-10-09T18:49:54.4723465Z # ordinary-source: compiling fourteen variant exports for 1 Perl ABIs
2026-10-09T18:49:54.4729362Z # ordinary-source: installing offline and relocating /home/runner/work/lean-bridge/lean-bridge/.toolchains/perl/5.38.2-unthreaded/bin/perl
2026-10-09T18:49:54.4737970Z # ordinary-source/v5.38.2/unthreaded: 53680 public assertions, 116 rejected inputs and 584 cleanup checks passed
2026-10-09T18:49:54.4739144Z # reviewed-ir: compiling fourteen variant exports for 1 Perl ABIs
2026-10-09T18:49:54.4740574Z # reviewed-ir: installing offline and relocating /home/runner/work/lean-bridge/lean-bridge/.toolchains/perl/5.38.2-unthreaded/bin/perl
2026-10-09T18:49:54.4742273Z # reviewed-ir/v5.38.2/unthreaded: 53680 public assertions, 116 rejected inputs and 584 cleanup checks passed
2026-10-09T18:49:54.4885456Z 1..1
2026-10-09T18:49:54.4886111Z # tests 1
2026-10-09T18:49:54.4886932Z # suites 0
2026-10-09T18:49:54.4887607Z # pass 1
2026-10-09T18:49:54.4888310Z # fail 0
2026-10-09T18:49:54.4888971Z # cancelled 0
2026-10-09T18:49:54.4889651Z # skipped 0
2026-10-09T18:49:54.4890289Z # todo 0
2026-10-09T18:49:54.4891042Z # duration_ms 125366.46493
2026-10-09T18:49:54.5350807Z TAP version 13
2026-10-09T18:49:59.0086533Z # Subtest: Perl recursive declarations retain nominal edges and transparent aliases
2026-10-09T18:49:59.0116114Z ok 1 - Perl recursive declarations retain nominal edges and transparent aliases
2026-10-09T18:49:59.0117108Z   ---
2026-10-09T18:49:59.0133368Z   duration_ms: 256.7301
2026-10-09T18:49:59.0133833Z   type: 'test'
2026-10-09T18:49:59.0134179Z   ...
2026-10-09T18:49:59.0135214Z # Subtest: Perl graph declarations reject unsafe namespace, lifecycle and constructor names
2026-10-09T18:49:59.0136526Z ok 2 - Perl graph declarations reject unsafe namespace, lifecycle and constructor names
2026-10-09T18:49:59.0137260Z   ---
2026-10-09T18:49:59.0137643Z   duration_ms: 501.965024
2026-10-09T18:49:59.0138023Z   type: 'test'
2026-10-09T18:49:59.0138338Z   ...
2026-10-09T18:49:59.0139054Z # Subtest: Perl graph declaration size follows finite nodes, not alias expansion
2026-10-09T18:49:59.0140099Z ok 3 - Perl graph declaration size follows finite nodes, not alias expansion
2026-10-09T18:49:59.0140798Z   ---
2026-10-09T18:49:59.0141168Z   duration_ms: 3602.066463
2026-10-09T18:49:59.0141600Z   type: 'test'
2026-10-09T18:49:59.0141934Z   ...
2026-10-09T18:50:02.8521541Z # Subtest: Perl recursive declarations execute on selected pinned interpreter ABIs
2026-10-09T18:50:02.8523193Z ok 4 - Perl recursive declarations execute on selected pinned interpreter ABIs
2026-10-09T18:50:02.8524014Z   ---
2026-10-09T18:50:02.8524420Z   duration_ms: 3848.743005
2026-10-09T18:50:02.8524855Z   type: 'test'
2026-10-09T18:50:02.8525569Z   ...
2026-10-09T18:50:02.8529774Z # Subtest: Perl CI requires declaration execution and retains its per-ABI report
2026-10-09T18:50:02.8531954Z ok 5 - Perl CI requires declaration execution and retains its per-ABI report
2026-10-09T18:50:02.8532755Z   ---
2026-10-09T18:50:02.8533151Z   duration_ms: 0.986761
2026-10-09T18:50:02.8533616Z   type: 'test'
2026-10-09T18:50:02.8533996Z   ...
2026-10-09T18:50:02.8685883Z 1..5
2026-10-09T18:50:02.8686320Z # tests 5
2026-10-09T18:50:02.8686882Z # suites 0
2026-10-09T18:50:02.8687416Z # pass 5
2026-10-09T18:50:02.8687946Z # fail 0
2026-10-09T18:50:02.8688504Z # cancelled 0
2026-10-09T18:50:02.8689019Z # skipped 0
2026-10-09T18:50:02.8689530Z # todo 0
2026-10-09T18:50:02.8690118Z # duration_ms 8345.575045
2026-10-09T18:50:02.9134299Z TAP version 13
2026-10-09T18:50:12.5165738Z # Subtest: recorded Perl conversions bind all four ABIs without claiming installed CPAN support
2026-10-09T18:50:12.5176013Z ok 1 - recorded Perl conversions bind all four ABIs without claiming installed CPAN support
2026-10-09T18:50:12.5176842Z   ---
2026-10-09T18:50:12.5177204Z   duration_ms: 5081.367408
2026-10-09T18:50:12.5177501Z   type: 'test'
2026-10-09T18:50:12.5177713Z   ...
2026-10-09T18:50:12.5180306Z # Subtest: Perl graph converters remain finite, deterministic and nominal
2026-10-09T18:50:12.5186107Z ok 2 - Perl graph converters remain finite, deterministic and nominal
2026-10-09T18:50:12.5186769Z   ---
2026-10-09T18:50:12.5187034Z   duration_ms: 4023.718919
2026-10-09T18:50:12.5187281Z   type: 'test'
2026-10-09T18:50:12.5187490Z   ...
2026-10-09T18:50:12.5189646Z # Subtest: Perl XS calls validate before initialization and register native cleanup before invocation
2026-10-09T18:50:12.5192406Z ok 3 - Perl XS calls validate before initialization and register native cleanup before invocation
2026-10-09T18:50:12.5193258Z   ---
2026-10-09T18:50:12.5195106Z   duration_ms: 155.298449
2026-10-09T18:50:12.5195517Z   type: 'test'
2026-10-09T18:50:12.5195996Z   ...
2026-10-09T18:50:14.0798942Z # Subtest: Perl isolated XS conversions reject malformed values and release failures on selected ABIs
2026-10-09T18:50:14.0800356Z ok 4 - Perl isolated XS conversions reject malformed values and release failures on selected ABIs
2026-10-09T18:50:14.0801134Z   ---
2026-10-09T18:50:14.0802784Z   duration_ms: 1564.144288
2026-10-09T18:50:14.0803198Z   type: 'test'
2026-10-09T18:50:14.0803511Z   ...
2026-10-09T18:55:48.9717575Z # Subtest: Perl XS executes ordinary and reviewed compiled Lean graphs on selected ABIs
2026-10-09T18:55:48.9718833Z ok 5 - Perl XS executes ordinary and reviewed compiled Lean graphs on selected ABIs
2026-10-09T18:55:48.9719430Z   ---
2026-10-09T18:55:48.9719938Z   duration_ms: 334891.570008
2026-10-09T18:55:48.9720462Z   type: 'test'
2026-10-09T18:55:48.9720927Z   ...
2026-10-09T18:55:48.9746178Z # Subtest: Perl CI requires isolated and compiled graph conversions for every ABI
2026-10-09T18:55:48.9747345Z ok 6 - Perl CI requires isolated and compiled graph conversions for every ABI
2026-10-09T18:55:48.9748197Z   ---
2026-10-09T18:55:48.9748549Z   duration_ms: 0.94503
2026-10-09T18:55:48.9748948Z   type: 'test'
2026-10-09T18:55:48.9749293Z   ...
2026-10-09T18:55:49.0186855Z 1..6
2026-10-09T18:55:49.0187217Z # tests 6
2026-10-09T18:55:49.0187558Z # suites 0
2026-10-09T18:55:49.0188111Z # pass 6
2026-10-09T18:55:49.0188722Z # fail 0
2026-10-09T18:55:49.0189381Z # cancelled 0
2026-10-09T18:55:49.0189893Z # skipped 0
2026-10-09T18:55:49.0190822Z # todo 0
2026-10-09T18:55:49.0191212Z # duration_ms 346117.434402
2026-10-09T18:55:49.0638933Z TAP version 13
2026-10-09T18:55:51.1962215Z # Subtest: recursive Perl package generation isolates native symbols and defers initialization
2026-10-09T18:55:51.1969719Z ok 1 - recursive Perl package generation isolates native symbols and defers initialization
2026-10-09T18:55:51.1970815Z   ---
2026-10-09T18:55:51.1971508Z   duration_ms: 36.699202
2026-10-09T18:55:51.1972171Z   type: 'test'
2026-10-09T18:55:51.1972713Z   ...
2026-10-09T18:55:51.1977676Z # Subtest: Perl source literals preserve coordinates, sigils, quotes and backslashes
2026-10-09T18:55:51.1980212Z ok 2 - Perl source literals preserve coordinates, sigils, quotes and backslashes
2026-10-09T18:55:51.1981122Z   ---
2026-10-09T18:55:51.1981568Z   duration_ms: 0.156542
2026-10-09T18:55:51.1982148Z   type: 'test'
2026-10-09T18:55:51.1982581Z   ...
2026-10-09T18:55:51.1983256Z # Subtest: Perl installation comparison normalizes only known installer bookkeeping
2026-10-09T18:55:51.1985533Z ok 3 - Perl installation comparison normalizes only known installer bookkeeping
2026-10-09T18:55:51.1991601Z   ---
2026-10-09T18:55:51.1991984Z   duration_ms: 6.305977
2026-10-09T18:55:51.1992394Z   type: 'test'
2026-10-09T18:55:51.1992740Z   ...
2026-10-09T18:55:51.1993661Z # Subtest: CPAN finite admission validates the Perl namespace without adding a C target
2026-10-09T18:55:51.1995231Z ok 4 - CPAN finite admission validates the Perl namespace without adding a C target
2026-10-09T18:55:51.1996049Z   ---
2026-10-09T18:55:51.1996438Z   duration_ms: 1449.649673
2026-10-09T18:55:51.1996899Z   type: 'test'
2026-10-09T18:55:51.1997267Z   ...
2026-10-09T18:55:51.2025218Z # Subtest: Perl probe lineage permits only the three unchanged instrumentation exports
2026-10-09T18:55:51.2026612Z ok 5 - Perl probe lineage permits only the three unchanged instrumentation exports
2026-10-09T18:55:51.2035313Z   ---
2026-10-09T18:55:51.2037518Z   duration_ms: 11.301818
2026-10-09T18:55:51.2037999Z   type: 'test'
2026-10-09T18:55:51.2038377Z   ...
2026-10-09T18:55:51.2128902Z # Subtest: Perl regression signatures preserve parameter order and reconstruct the named compound review
2026-10-09T18:55:51.2130969Z ok 6 - Perl regression signatures preserve parameter order and reconstruct the named compound review
2026-10-09T18:55:51.2132065Z   ---
2026-10-09T18:55:51.2135634Z   duration_ms: 10.889015
2026-10-09T18:55:51.2135909Z   type: 'test'
2026-10-09T18:55:51.2136147Z   ...
2026-10-09T18:56:06.1300637Z # Subtest: recursive CPAN acceptance binds every ABI, original archive, lifecycle probe and documented call
2026-10-09T18:56:06.1302274Z ok 7 - recursive CPAN acceptance binds every ABI, original archive, lifecycle probe and documented call
2026-10-09T18:56:06.1302993Z   ---
2026-10-09T18:56:06.1303458Z   duration_ms: 14916.686461
2026-10-09T18:56:06.1304050Z   type: 'test'
2026-10-09T18:56:06.1304485Z   ...
2026-10-09T19:11:51.0476064Z # Subtest: ordinary and reviewed CPAN graphs install source-free on selected Perl ABIs
2026-10-09T19:11:51.0477469Z ok 8 - ordinary and reviewed CPAN graphs install source-free on selected Perl ABIs
2026-10-09T19:11:51.0478614Z   ---
2026-10-09T19:11:51.0478984Z   duration_ms: 944917.113399
2026-10-09T19:11:51.0479431Z   type: 'test'
2026-10-09T19:11:51.0479799Z   ...
2026-10-09T19:11:51.0487144Z # ordinary: independent build 1, CPAN-only archives
2026-10-09T19:11:51.0488498Z # ordinary: /home/runner/work/lean-bridge/lean-bridge/.toolchains/perl/5.38.2-unthreaded/bin/perl, prebuilt-only
2026-10-09T19:11:51.0490153Z # ordinary: /home/runner/work/lean-bridge/lean-bridge/.toolchains/perl/5.38.2-unthreaded/bin/perl, build-xs
2026-10-09T19:11:51.0491233Z # ordinary: 2 source-free installations passed
2026-10-09T19:11:51.0491952Z # reviewed: independent build 1, CPAN-only archives
2026-10-09T19:11:51.0493192Z # reviewed: /home/runner/work/lean-bridge/lean-bridge/.toolchains/perl/5.38.2-unthreaded/bin/perl, prebuilt-only
2026-10-09T19:11:51.0495377Z # reviewed: /home/runner/work/lean-bridge/lean-bridge/.toolchains/perl/5.38.2-unthreaded/bin/perl, build-xs
2026-10-09T19:11:51.0496550Z # reviewed: 2 source-free installations passed
2026-10-09T19:11:51.0497285Z # ordinary: independent build 2, CPAN-only archives
2026-10-09T19:11:51.0498515Z # ordinary: /home/runner/work/lean-bridge/lean-bridge/.toolchains/perl/5.38.2-unthreaded/bin/perl, prebuilt-only
2026-10-09T19:11:51.0500146Z # ordinary: /home/runner/work/lean-bridge/lean-bridge/.toolchains/perl/5.38.2-unthreaded/bin/perl, build-xs
2026-10-09T19:11:51.0501172Z # ordinary: 2 source-free installations passed
2026-10-09T19:11:51.0501762Z # reviewed: independent build 2, CPAN-only archives
2026-10-09T19:11:51.0502773Z # reviewed: /home/runner/work/lean-bridge/lean-bridge/.toolchains/perl/5.38.2-unthreaded/bin/perl, prebuilt-only
2026-10-09T19:11:51.0504051Z # reviewed: /home/runner/work/lean-bridge/lean-bridge/.toolchains/perl/5.38.2-unthreaded/bin/perl, build-xs
2026-10-09T19:11:51.0505343Z # reviewed: 2 source-free installations passed
2026-10-09T19:13:28.4038522Z # Subtest: Perl rejects conflicting native component coordinates before loading their code
2026-10-09T19:13:28.4040161Z ok 9 - Perl rejects conflicting native component coordinates before loading their code
2026-10-09T19:13:28.4040866Z   ---
2026-10-09T19:13:28.4041386Z   duration_ms: 97356.070906
2026-10-09T19:13:28.4041975Z   type: 'test'
2026-10-09T19:13:28.4042421Z   ...
2026-10-09T19:15:54.2625959Z # Subtest: installed recursive and acyclic Perl packages share lifecycle without symbol collisions
2026-10-09T19:15:54.2627361Z ok 10 - installed recursive and acyclic Perl packages share lifecycle without symbol collisions
2026-10-09T19:15:54.2628240Z   ---
2026-10-09T19:15:54.2635978Z   duration_ms: 145858.524635
2026-10-09T19:15:54.2636429Z   type: 'test'
2026-10-09T19:15:54.2636781Z   ...
2026-10-09T19:15:54.2637186Z # building GraphAlpha for 1 Perl ABIs
2026-10-09T19:15:54.2637545Z # building GraphBeta for 1 Perl ABIs
2026-10-09T19:15:54.2637879Z # building Peer for 1 Perl ABIs
2026-10-09T19:15:54.2638626Z # installing and checking composition: /home/runner/work/lean-bridge/lean-bridge/.toolchains/perl/5.38.2-unthreaded/bin/perl
2026-10-09T19:17:42.5198370Z # Subtest: recursive Perl documentation builds original archives and rejects installed native tampering
2026-10-09T19:17:42.5200387Z ok 11 - recursive Perl documentation builds original archives and rejects installed native tampering
2026-10-09T19:17:42.5201541Z   ---
2026-10-09T19:17:42.5202006Z   duration_ms: 108257.211478
2026-10-09T19:17:42.5202631Z   type: 'test'
2026-10-09T19:17:42.5203057Z   ...
2026-10-09T19:17:42.5203670Z # ordinary: compiling the documented recursive module
2026-10-09T19:17:42.5205785Z # ordinary: executing documentation and native tamper checks on /home/runner/work/lean-bridge/lean-bridge/.toolchains/perl/5.38.2-unthreaded/bin/perl
2026-10-09T19:17:42.5207582Z # reviewed: compiling the documented recursive module
2026-10-09T19:17:42.5209457Z # reviewed: executing documentation and native tamper checks on /home/runner/work/lean-bridge/lean-bridge/.toolchains/perl/5.38.2-unthreaded/bin/perl
2026-10-09T19:17:42.5677549Z 1..11
2026-10-09T19:17:42.5677996Z # tests 11
2026-10-09T19:17:42.5678544Z # suites 0
2026-10-09T19:17:42.5678971Z # pass 11
2026-10-09T19:17:42.5679587Z # fail 0
2026-10-09T19:17:42.5680206Z # cancelled 0
2026-10-09T19:17:42.5680859Z # skipped 0
2026-10-09T19:17:42.5681522Z # todo 0
2026-10-09T19:17:42.5682208Z # duration_ms 1313515.719578
2026-10-09T19:17:42.6142046Z TAP version 13
2026-10-09T19:17:43.4062557Z # Subtest: Native consumer CI repair integration authenticates each exact source predecessor
2026-10-09T19:17:43.4069796Z ok 1 - Native consumer CI repair integration authenticates each exact source predecessor
2026-10-09T19:17:43.4070817Z   ---
2026-10-09T19:17:43.4071353Z   duration_ms: 464.544782
2026-10-09T19:17:43.4071907Z   type: 'test'
2026-10-09T19:17:43.4072357Z   ...
2026-10-09T19:17:43.8209575Z # Subtest: Native consumer CI repair source pins do not change observations or other inventory claims
2026-10-09T19:17:43.8210475Z ok 2 - Native consumer CI repair source pins do not change observations or other inventory claims
2026-10-09T19:17:43.8210974Z   ---
2026-10-09T19:17:43.8211201Z   duration_ms: 413.832804
2026-10-09T19:17:43.8211635Z   type: 'test'
2026-10-09T19:17:43.8211902Z   ...
2026-10-09T19:17:43.8240135Z # Subtest: every native profile has a specialization consumer for the same concrete exports
2026-10-09T19:17:43.8244123Z ok 3 - every native profile has a specialization consumer for the same concrete exports
2026-10-09T19:17:43.8258244Z   ---
2026-10-09T19:17:43.8258655Z   duration_ms: 3.26523
2026-10-09T19:17:43.8259049Z   type: 'test'
2026-10-09T19:17:43.8259285Z   ...
2026-10-09T19:17:43.8259843Z # Subtest: native builds admit a generic structure instantiation named by an alias, with its provenance
2026-10-09T19:17:43.8260881Z ok 4 - native builds admit a generic structure instantiation named by an alias, with its provenance # SKIP
2026-10-09T19:17:43.8261397Z   ---
2026-10-09T19:17:43.8261628Z   duration_ms: 0.287325
2026-10-09T19:17:43.8261867Z   type: 'test'
2026-10-09T19:17:43.8262084Z   ...
2026-10-09T19:19:16.0924737Z # Subtest: relocated source-free native packages install concrete specializations without the generic declaration
2026-10-09T19:19:16.0926924Z ok 5 - relocated source-free native packages install concrete specializations without the generic declaration
2026-10-09T19:19:16.0928003Z   ---
2026-10-09T19:19:16.0928414Z   duration_ms: 92268.669431
2026-10-09T19:19:16.0928889Z   type: 'test'
2026-10-09T19:19:16.0929283Z   ...
2026-10-09T19:19:16.0929655Z # build 0: perl
2026-10-09T19:19:16.0930171Z # installing and checking perl
2026-10-09T19:19:16.0930674Z # build 1: perl
2026-10-09T19:19:16.1121889Z 1..5
2026-10-09T19:19:16.1122271Z # tests 5
2026-10-09T19:19:16.1122914Z # suites 0
2026-10-09T19:19:16.1123515Z # pass 4
2026-10-09T19:19:16.1124319Z # fail 0
2026-10-09T19:19:16.1125406Z # cancelled 0
2026-10-09T19:19:16.1125806Z # skipped 1
2026-10-09T19:19:16.1126367Z # todo 0
2026-10-09T19:19:16.1127013Z # duration_ms 93509.868757
2026-10-09T19:19:16.1587136Z TAP version 13
2026-10-09T19:20:50.2900989Z # Subtest: relocated source-free native packages construct and project alias-named generic records
2026-10-09T19:20:50.2907873Z ok 1 - relocated source-free native packages construct and project alias-named generic records
2026-10-09T19:20:50.2909115Z   ---
2026-10-09T19:20:50.2909545Z   duration_ms: 93628.00288
2026-10-09T19:20:50.2909939Z   type: 'test'
2026-10-09T19:20:50.2910326Z   ...
2026-10-09T19:20:50.2910990Z # build 0: perl
2026-10-09T19:20:50.2920516Z # installing and checking perl
2026-10-09T19:20:50.2921051Z # build 1: perl
2026-10-09T19:22:24.4511255Z # Subtest: relocated source-free native packages construct specialized generic records in two namespaces and Option/List aliases
2026-10-09T19:22:24.4513743Z ok 2 - relocated source-free native packages construct specialized generic records in two namespaces and Option/List aliases
2026-10-09T19:22:24.4515247Z   ---
2026-10-09T19:22:24.4519041Z   duration_ms: 94161.831638
2026-10-09T19:22:24.4519917Z   type: 'test'
2026-10-09T19:22:24.4520319Z   ...
2026-10-09T19:22:24.4520706Z # build 0: perl
2026-10-09T19:22:24.4521238Z # installing and checking perl
2026-10-09T19:22:24.4521752Z # build 1: perl
2026-10-09T19:22:24.4705498Z 1..2
2026-10-09T19:22:24.4705942Z # tests 2
2026-10-09T19:22:24.4706654Z # suites 0
2026-10-09T19:22:24.4707214Z # pass 2
2026-10-09T19:22:24.4707816Z # fail 0
2026-10-09T19:22:24.4708411Z # cancelled 0
2026-10-09T19:22:24.4708999Z # skipped 0
2026-10-09T19:22:24.4709548Z # todo 0
2026-10-09T19:22:24.4710161Z # duration_ms 188323.808156
2026-10-09T19:22:24.5142922Z TAP version 13
2026-10-09T19:22:24.9497070Z # Subtest: the Array source is the accepted specialization source with GenericRecordArrays.lean appended
2026-10-09T19:22:24.9506459Z ok 1 - the Array source is the accepted specialization source with GenericRecordArrays.lean appended
2026-10-09T19:22:24.9507749Z   ---
2026-10-09T19:22:24.9514649Z   duration_ms: 9.39814
2026-10-09T19:22:24.9518316Z   type: 'test'
2026-10-09T19:22:24.9526699Z   ...
2026-10-09T19:22:24.9527778Z # Subtest: the Array configuration keeps every specialized export and decision and adds exactly four exports
2026-10-09T19:22:24.9528780Z ok 2 - the Array configuration keeps every specialized export and decision and adds exactly four exports
2026-10-09T19:22:24.9529313Z   ---
2026-10-09T19:22:24.9529533Z   duration_ms: 1.150819
2026-10-09T19:22:24.9529776Z   type: 'test'
2026-10-09T19:22:24.9529990Z   ...
2026-10-09T19:22:24.9691166Z # Subtest: each Array consumer is the pinned specialized consumer with one fragment inserted at its marker
2026-10-09T19:22:24.9696964Z ok 3 - each Array consumer is the pinned specialized consumer with one fragment inserted at its marker
2026-10-09T19:22:24.9698286Z   ---
2026-10-09T19:22:24.9698683Z   duration_ms: 21.034386
2026-10-09T19:22:24.9699068Z   type: 'test'
2026-10-09T19:22:24.9699422Z   ...
2026-10-09T19:22:24.9926821Z # Subtest: the old generic-record consumers stay byte-identical and keep their List, Option and nominal-identity checks
2026-10-09T19:22:24.9931226Z ok 4 - the old generic-record consumers stay byte-identical and keep their List, Option and nominal-identity checks
2026-10-09T19:22:24.9931945Z   ---
2026-10-09T19:22:24.9932336Z   duration_ms: 23.479655
2026-10-09T19:22:24.9932804Z   type: 'test'
2026-10-09T19:22:24.9933178Z   ...
2026-10-09T19:22:24.9949903Z # Subtest: every C Array refusal seeds its output and the rounds refuse a negative member of the real row
2026-10-09T19:22:24.9951234Z ok 5 - every C Array refusal seeds its output and the rounds refuse a negative member of the real row
2026-10-09T19:22:24.9951736Z   ---
2026-10-09T19:22:24.9951950Z   duration_ms: 1.058356
2026-10-09T19:22:24.9952186Z   type: 'test'
2026-10-09T19:22:24.9952400Z   ...
2026-10-09T19:22:25.0409365Z # Subtest: every Perl Array diagnostic is in the plain XS its inlined records render
2026-10-09T19:22:25.0446781Z ok 6 - every Perl Array diagnostic is in the plain XS its inlined records render
2026-10-09T19:22:25.0448454Z   ---
2026-10-09T19:22:25.0448822Z   duration_ms: 43.054438
2026-10-09T19:22:25.0449220Z   type: 'test'
2026-10-09T19:22:25.0449547Z   ...
2026-10-09T19:22:25.0450239Z # Subtest: each profile has its expected case list and an exact check total
2026-10-09T19:22:25.0451023Z ok 7 - each profile has its expected case list and an exact check total
2026-10-09T19:22:25.0451551Z   ---
2026-10-09T19:22:25.0451929Z   duration_ms: 0.42286
2026-10-09T19:22:25.0452418Z   type: 'test'
2026-10-09T19:22:25.0452802Z   ...
2026-10-09T19:22:25.0453605Z # Subtest: Array profile selection accepts only this slice's hosts, each once
2026-10-09T19:22:25.0454247Z ok 8 - Array profile selection accepts only this slice's hosts, each once
2026-10-09T19:22:25.0455092Z   ---
2026-10-09T19:22:25.0455465Z   duration_ms: 1.963477
2026-10-09T19:22:25.0455876Z   type: 'test'
2026-10-09T19:22:25.0456257Z   ...
2026-10-09T19:22:25.0457297Z # Subtest: Array reports are written apart from every ordinary and specialized generic-record report
2026-10-09T19:22:25.0459280Z ok 9 - Array reports are written apart from every ordinary and specialized generic-record report
2026-10-09T19:22:25.0460218Z   ---
2026-10-09T19:22:25.0460599Z   duration_ms: 1.0117
2026-10-09T19:22:25.0461044Z   type: 'test'
2026-10-09T19:22:25.0461429Z   ...
2026-10-09T19:22:25.0573069Z # Subtest: an existing Array report is refused before work and never overwritten
2026-10-09T19:22:25.0574190Z ok 10 - an existing Array report is refused before work and never overwritten
2026-10-09T19:22:25.0574766Z   ---
2026-10-09T19:22:25.0575322Z   duration_ms: 9.069779
2026-10-09T19:22:25.0575581Z   type: 'test'
2026-10-09T19:22:25.0575820Z   ...
2026-10-09T19:22:25.0586346Z # Subtest: the native Array IR assertion is module-qualified and preserves origins, argument order and field types
2026-10-09T19:22:25.0589012Z ok 11 - the native Array IR assertion is module-qualified and preserves origins, argument order and field types
2026-10-09T19:22:25.0590205Z   ---
2026-10-09T19:22:25.0590757Z   duration_ms: 6.300325
2026-10-09T19:22:25.0591337Z   type: 'test'
2026-10-09T19:22:25.0591831Z   ...
2026-10-09T19:24:02.2602868Z # Subtest: relocated source-free native packages carry Array fields and results over alias-named generic records
2026-10-09T19:24:02.2604249Z ok 12 - relocated source-free native packages carry Array fields and results over alias-named generic records
2026-10-09T19:24:02.2605167Z   ---
2026-10-09T19:24:02.2605710Z   duration_ms: 97203.740986
2026-10-09T19:24:02.2606256Z   type: 'test'
2026-10-09T19:24:02.2606725Z   ...
2026-10-09T19:24:02.2607209Z # array build 0: perl
2026-10-09T19:24:02.2608328Z # installing and checking Arrays in perl
2026-10-09T19:24:02.2610771Z # array build 1: perl
2026-10-09T19:24:02.2776122Z 1..12
2026-10-09T19:24:02.2776621Z # tests 12
2026-10-09T19:24:02.2777099Z # suites 0
2026-10-09T19:24:02.2777538Z # pass 12
2026-10-09T19:24:02.2777993Z # fail 0
2026-10-09T19:24:02.2778448Z # cancelled 0
2026-10-09T19:24:02.2778916Z # skipped 0
2026-10-09T19:24:02.2779360Z # todo 0
2026-10-09T19:24:02.2779824Z # duration_ms 97775.251523
2026-10-09T19:24:02.3286028Z TAP version 13
2026-10-09T19:24:02.6826818Z # Subtest: container host dispatch requires every ordered public and raw control
2026-10-09T19:24:02.6831823Z ok 1 - container host dispatch requires every ordered public and raw control
2026-10-09T19:24:02.6832833Z   ---
2026-10-09T19:24:02.6833267Z   duration_ms: 19.071348
2026-10-09T19:24:02.6833892Z   type: 'test'
2026-10-09T19:24:02.6834173Z   ...
2026-10-09T19:24:03.6308310Z # Subtest: container dispatch history authenticates exact predecessors and rejects unknown edits
2026-10-09T19:24:03.6311124Z ok 2 - container dispatch history authenticates exact predecessors and rejects unknown edits
2026-10-09T19:24:03.6311896Z   ---
2026-10-09T19:24:03.6312152Z   duration_ms: 952.343244
2026-10-09T19:24:03.6312410Z   type: 'test'
2026-10-09T19:24:03.6312628Z   ...
2026-10-09T19:24:04.4927465Z # Subtest: container dispatch adds no support claims or rewritten archived observations
2026-10-09T19:24:04.4929501Z ok 3 - container dispatch adds no support claims or rewritten archived observations
2026-10-09T19:24:04.4931547Z   ---
2026-10-09T19:24:04.4931957Z   duration_ms: 861.908183
2026-10-09T19:24:04.4932513Z   type: 'test'
2026-10-09T19:24:04.4932910Z   ...
2026-10-09T19:24:05.3022166Z # Subtest: Perl Fin archive inspection authenticates each exact source predecessor
2026-10-09T19:24:05.3023468Z ok 4 - Perl Fin archive inspection authenticates each exact source predecessor
2026-10-09T19:24:05.3024282Z   ---
2026-10-09T19:24:05.3024644Z   duration_ms: 809.299809
2026-10-09T19:24:05.3025316Z   type: 'test'
2026-10-09T19:24:05.3025659Z   ...
2026-10-09T19:24:06.0857022Z # Subtest: Perl Fin archive inspection changes current source pins without inventing installed evidence
2026-10-09T19:24:06.0887455Z ok 5 - Perl Fin archive inspection changes current source pins without inventing installed evidence
2026-10-09T19:24:06.0888419Z   ---
2026-10-09T19:24:06.0888777Z   duration_ms: 783.443068
2026-10-09T19:24:06.0889610Z   type: 'test'
2026-10-09T19:24:06.0889962Z   ...
2026-10-09T19:24:06.8580045Z # Subtest: Perl Fin XS audit authenticates each exact source predecessor
2026-10-09T19:24:06.8581717Z ok 6 - Perl Fin XS audit authenticates each exact source predecessor
2026-10-09T19:24:06.8582867Z   ---
2026-10-09T19:24:06.8583503Z   duration_ms: 772.13004
2026-10-09T19:24:06.8583963Z   type: 'test'
2026-10-09T19:24:06.8584333Z   ...
2026-10-09T19:24:07.6271736Z # Subtest: Perl Fin XS audit changes current source pins without inventing installed evidence
2026-10-09T19:24:07.6273114Z ok 7 - Perl Fin XS audit changes current source pins without inventing installed evidence
2026-10-09T19:24:07.6273886Z   ---
2026-10-09T19:24:07.6274240Z   duration_ms: 768.568683
2026-10-09T19:24:07.6274674Z   type: 'test'
2026-10-09T19:24:07.6275236Z   ...
2026-10-09T19:24:07.6498938Z # Subtest: Perl Fin archive inspection works with the compiler-free consumer PATH
2026-10-09T19:24:07.6500870Z ok 8 - Perl Fin archive inspection works with the compiler-free consumer PATH
2026-10-09T19:24:07.6501792Z   ---
2026-10-09T19:24:07.6502031Z   duration_ms: 18.340922
2026-10-09T19:24:07.6502284Z   type: 'test'
2026-10-09T19:24:07.6502489Z   ...
2026-10-09T19:24:07.6510445Z # Subtest: native types admit Fin at top level, inside structural containers and in plain record and variant fields
2026-10-09T19:24:07.6512249Z ok 9 - native types admit Fin at top level, inside structural containers and in plain record and variant fields
2026-10-09T19:24:07.6513311Z   ---
2026-10-09T19:24:07.6513692Z   duration_ms: 2.882196
2026-10-09T19:24:07.6514114Z   type: 'test'
2026-10-09T19:24:07.6514588Z   ...
2026-10-09T19:24:07.6515912Z # Subtest: Lean adapters check container elements with typed construction and keep the scalar form byte for byte
2026-10-09T19:24:07.6517548Z ok 10 - Lean adapters check container elements with typed construction and keep the scalar form byte for byte
2026-10-09T19:24:07.6518375Z   ---
2026-10-09T19:24:07.6518758Z   duration_ms: 2.116588
2026-10-09T19:24:07.6519203Z   type: 'test'
2026-10-09T19:24:07.6519554Z   ...
2026-10-09T19:24:07.6542003Z # Subtest: every native profile has a Fin container consumer
2026-10-09T19:24:07.6543704Z ok 11 - every native profile has a Fin container consumer
2026-10-09T19:24:07.6544551Z   ---
2026-10-09T19:24:07.6553194Z   duration_ms: 3.18596
2026-10-09T19:24:07.6553885Z   type: 'test'
2026-10-09T19:24:07.6554261Z   ...
2026-10-09T19:24:07.6555611Z # Subtest: native builds still reject Fin in callbacks and generic record instantiations, including containers there
2026-10-09T19:24:07.6557395Z ok 12 - native builds still reject Fin in callbacks and generic record instantiations, including containers there # SKIP
2026-10-09T19:24:07.6558420Z   ---
2026-10-09T19:24:07.6558779Z   duration_ms: 0.242903
2026-10-09T19:24:07.6559182Z   type: 'test'
2026-10-09T19:24:07.6559551Z   ...
2026-10-09T19:25:44.9731546Z # Subtest: relocated source-free native packages check Fin inside arrays, lists and options
2026-10-09T19:25:44.9737356Z ok 13 - relocated source-free native packages check Fin inside arrays, lists and options
2026-10-09T19:25:44.9738280Z   ---
2026-10-09T19:25:44.9738691Z   duration_ms: 97318.724169
2026-10-09T19:25:44.9739175Z   type: 'test'
2026-10-09T19:25:44.9739563Z   ...
2026-10-09T19:25:44.9739943Z # build 0: perl
2026-10-09T19:25:44.9740458Z # installing and checking perl
2026-10-09T19:25:44.9740921Z # build 1: perl
2026-10-09T19:27:22.4994623Z # Subtest: independently reviewed native packages check container and alias Fin bounds after source-free installation
2026-10-09T19:27:22.4997101Z ok 14 - independently reviewed native packages check container and alias Fin bounds after source-free installation
2026-10-09T19:27:22.5000063Z   ---
2026-10-09T19:27:22.5000472Z   duration_ms: 97526.896825
2026-10-09T19:27:22.5000961Z   type: 'test'
2026-10-09T19:27:22.5001349Z   ...
2026-10-09T19:27:22.5001737Z # build 0: perl
2026-10-09T19:27:22.5002238Z # installing and checking perl
2026-10-09T19:27:22.5003117Z # build 1: perl
2026-10-09T19:27:22.5201190Z # Subtest: generated XS walks every container element against its exact bound before the guarded adapter runs
2026-10-09T19:27:22.5202958Z ok 15 - generated XS walks every container element against its exact bound before the guarded adapter runs
2026-10-09T19:27:22.5203948Z   ---
2026-10-09T19:27:22.5204351Z   duration_ms: 18.596072
2026-10-09T19:27:22.5204809Z   type: 'test'
2026-10-09T19:27:22.5205648Z   ...
2026-10-09T19:27:22.5206795Z # Subtest: a checked constructor beside container bounds runs after every bound, through the exported validator
2026-10-09T19:27:22.5208547Z ok 16 - a checked constructor beside container bounds runs after every bound, through the exported validator
2026-10-09T19:27:22.5209548Z   ---
2026-10-09T19:27:22.5209928Z   duration_ms: 7.034264
2026-10-09T19:27:22.5210376Z   type: 'test'
2026-10-09T19:27:22.5210754Z   ...
2026-10-09T19:27:22.5211960Z # Subtest: the Perl dispatch interposers repeat the exported prototypes they wrap
2026-10-09T19:27:22.5216273Z ok 17 - the Perl dispatch interposers repeat the exported prototypes they wrap
2026-10-09T19:27:22.5217108Z   ---
2026-10-09T19:27:22.5217528Z   duration_ms: 1.210665
2026-10-09T19:27:22.5217981Z   type: 'test'
2026-10-09T19:27:22.5218379Z   ...
2026-10-09T19:27:22.5218726Z 1..17
2026-10-09T19:27:22.5219147Z # tests 17
2026-10-09T19:27:22.5219509Z # suites 0
2026-10-09T19:27:22.5219857Z # pass 16
2026-10-09T19:27:22.5220210Z # fail 0
2026-10-09T19:27:22.5220566Z # cancelled 0
2026-10-09T19:27:22.5220955Z # skipped 1
2026-10-09T19:27:22.5221312Z # todo 0
2026-10-09T19:27:22.5221732Z # duration_ms 200208.204312
2026-10-09T19:27:22.5660041Z TAP version 13
2026-10-09T19:27:22.9783363Z # Subtest: PHP-safe product name authenticates each exact source predecessor
2026-10-09T19:27:22.9790538Z ok 1 - PHP-safe product name authenticates each exact source predecessor
2026-10-09T19:27:22.9791413Z   ---
2026-10-09T19:27:22.9791848Z   duration_ms: 82.850385
2026-10-09T19:27:22.9792461Z   type: 'test'
2026-10-09T19:27:22.9792810Z   ...
2026-10-09T19:27:23.7850300Z # Subtest: Fin products authenticates each exact source predecessor
2026-10-09T19:27:23.7851350Z ok 2 - Fin products authenticates each exact source predecessor
2026-10-09T19:27:23.7851992Z   ---
2026-10-09T19:27:23.7852356Z   duration_ms: 805.306717
2026-10-09T19:27:23.7852771Z   type: 'test'
2026-10-09T19:27:23.7853122Z   ...
2026-10-09T19:27:25.0293199Z # Subtest: Fin products changes current source pins without inventing installed evidence
2026-10-09T19:27:25.0296613Z ok 3 - Fin products changes current source pins without inventing installed evidence
2026-10-09T19:27:25.0297478Z   ---
2026-10-09T19:27:25.0297836Z   duration_ms: 1245.722338
2026-10-09T19:27:25.0298246Z   type: 'test'
2026-10-09T19:27:25.0298555Z   ...
2026-10-09T19:27:25.8011612Z # Subtest: Fin products CI authenticates each exact source predecessor
2026-10-09T19:27:25.8012958Z ok 4 - Fin products CI authenticates each exact source predecessor
2026-10-09T19:27:25.8013754Z   ---
2026-10-09T19:27:25.8014189Z   duration_ms: 771.56829
2026-10-09T19:27:25.8014696Z   type: 'test'
2026-10-09T19:27:25.8015349Z   ...
2026-10-09T19:27:27.3161974Z # Subtest: Fin products CI changes current source pins without inventing installed evidence
2026-10-09T19:27:27.3163591Z ok 5 - Fin products CI changes current source pins without inventing installed evidence
2026-10-09T19:27:27.3164466Z   ---
2026-10-09T19:27:27.3165119Z   duration_ms: 1514.912323
2026-10-09T19:27:27.3165587Z   type: 'test'
2026-10-09T19:27:27.3165966Z   ...
2026-10-09T19:27:28.1196333Z # Subtest: Fin products floors authenticates each exact source predecessor
2026-10-09T19:27:28.1201684Z ok 6 - Fin products floors authenticates each exact source predecessor
2026-10-09T19:27:28.1202497Z   ---
2026-10-09T19:27:28.1202982Z   duration_ms: 803.516125
2026-10-09T19:27:28.1203414Z   type: 'test'
2026-10-09T19:27:28.1203761Z   ...
2026-10-09T19:27:29.5596492Z # Subtest: Fin products floors changes current source pins without inventing installed evidence
2026-10-09T19:27:29.5598530Z ok 7 - Fin products floors changes current source pins without inventing installed evidence
2026-10-09T19:27:29.5599340Z   ---
2026-10-09T19:27:29.5599879Z   duration_ms: 1439.720504
2026-10-09T19:27:29.5600228Z   type: 'test'
2026-10-09T19:27:29.5600451Z   ...
2026-10-09T19:27:29.5659066Z # Subtest: Array dispatch archives retain exact installed packages and ten measured C rows
2026-10-09T19:27:29.5660465Z ok 8 - Array dispatch archives retain exact installed packages and ten measured C rows
2026-10-09T19:27:29.5661238Z   ---
2026-10-09T19:27:29.5661623Z   duration_ms: 6.598816
2026-10-09T19:27:29.5662023Z   type: 'test'
2026-10-09T19:27:29.5662366Z   ...
2026-10-09T19:27:29.5733229Z # Subtest: Array dispatch evidence refuses missing positions, false counters and inherited C++ dispatch
2026-10-09T19:27:29.5735655Z ok 9 - Array dispatch evidence refuses missing positions, false counters and inherited C++ dispatch
2026-10-09T19:27:29.5736574Z   ---
2026-10-09T19:27:29.5736932Z   duration_ms: 6.867714
2026-10-09T19:27:29.5737341Z   type: 'test'
2026-10-09T19:27:29.5737688Z   ...
2026-10-09T19:27:29.5774887Z # Subtest: Array product archives retain exact installed C/C++ results and unmeasured dispatch
2026-10-09T19:27:29.5778854Z ok 10 - Array product archives retain exact installed C/C++ results and unmeasured dispatch
2026-10-09T19:27:29.5779361Z   ---
2026-10-09T19:27:29.5779573Z   duration_ms: 4.559684
2026-10-09T19:27:29.5779819Z   type: 'test'
2026-10-09T19:27:29.5780024Z   ...
2026-10-09T19:27:29.5792964Z # Subtest: the product follow-up preserves all five fresh-Lean refusal results
2026-10-09T19:27:29.5794238Z ok 11 - the product follow-up preserves all five fresh-Lean refusal results
2026-10-09T19:27:29.5795313Z   ---
2026-10-09T19:27:29.5795707Z   duration_ms: 1.451588
2026-10-09T19:27:29.5796127Z   type: 'test'
2026-10-09T19:27:29.5796496Z   ...
2026-10-09T19:27:29.5887721Z # Subtest: C/C++ product archives bind both source paths to exact bounds and measured dispatch
2026-10-09T19:27:29.5889377Z ok 12 - C/C++ product archives bind both source paths to exact bounds and measured dispatch
2026-10-09T19:27:29.5890238Z   ---
2026-10-09T19:27:29.5890620Z   duration_ms: 9.839872
2026-10-09T19:27:29.5891018Z   type: 'test'
2026-10-09T19:27:29.5891376Z   ...
2026-10-09T19:27:29.5993137Z # Subtest: PHP-safe product names preserve every original bound and independently reviewed site
2026-10-09T19:27:29.5995298Z ok 13 - PHP-safe product names preserve every original bound and independently reviewed site
2026-10-09T19:27:29.5996343Z   ---
2026-10-09T19:27:29.5996595Z   duration_ms: 10.36178
2026-10-09T19:27:29.5997005Z   type: 'test'
2026-10-09T19:27:29.5997303Z   ...
2026-10-09T19:27:29.7067939Z # Subtest: product logs retain the failed baseline review and the corrected run with four mismatches
2026-10-09T19:27:29.7069706Z ok 14 - product logs retain the failed baseline review and the corrected run with four mismatches
2026-10-09T19:27:29.7070553Z   ---
2026-10-09T19:27:29.7071097Z   duration_ms: 1.694264
2026-10-09T19:27:29.7071774Z   type: 'test'
2026-10-09T19:27:29.7072296Z   ...
2026-10-09T19:27:29.7073511Z # Subtest: native refinement trees keep both product components and both Except branches
2026-10-09T19:27:29.7075136Z ok 15 - native refinement trees keep both product components and both Except branches
2026-10-09T19:27:29.7076136Z   ---
2026-10-09T19:27:29.7076411Z   duration_ms: 30.541809
2026-10-09T19:27:29.7076708Z   type: 'test'
2026-10-09T19:27:29.7076964Z   ...
2026-10-09T19:27:29.7078599Z # Subtest: documentation paths name product components and the active Except branch
2026-10-09T19:27:29.7082862Z ok 16 - documentation paths name product components and the active Except branch
2026-10-09T19:27:29.7083829Z   ---
2026-10-09T19:27:29.7084348Z   duration_ms: 3.02162
2026-10-09T19:27:29.7084779Z   type: 'test'
2026-10-09T19:27:29.7085289Z   ...
2026-10-09T19:27:29.7086286Z # Subtest: the independent product review passes reviewed admission and states every compiled bound
2026-10-09T19:27:29.7090926Z ok 17 - the independent product review passes reviewed admission and states every compiled bound
2026-10-09T19:27:29.7091793Z   ---
2026-10-09T19:27:29.7092262Z   duration_ms: 18.208028
2026-10-09T19:27:29.7092829Z   type: 'test'
2026-10-09T19:27:29.7093251Z   ...
2026-10-09T19:27:29.7093869Z # Subtest: generated host documentation lists product and Except bound paths
2026-10-09T19:27:29.7095242Z ok 18 - generated host documentation lists product and Except bound paths
2026-10-09T19:27:29.7095827Z   ---
2026-10-09T19:27:29.7096273Z   duration_ms: 16.788819
2026-10-09T19:27:29.7096801Z   type: 'test'
2026-10-09T19:27:29.7097229Z   ...
2026-10-09T19:27:29.7106450Z # Subtest: the installed WIT patterns match the WIT generated from the fixture's compiler model
2026-10-09T19:27:29.7107798Z ok 19 - the installed WIT patterns match the WIT generated from the fixture's compiler model
2026-10-09T19:27:29.7108477Z   ---
2026-10-09T19:27:29.7108935Z   duration_ms: 18.695907
2026-10-09T19:27:29.7109481Z   type: 'test'
2026-10-09T19:27:29.7109894Z   ...
2026-10-09T19:27:29.7110850Z # Subtest: C adapters compare both components and only the active branch on caller limbs before Lean runs
2026-10-09T19:27:29.7112452Z ok 20 - C adapters compare both components and only the active branch on caller limbs before Lean runs
2026-10-09T19:27:29.7113145Z   ---
2026-10-09T19:27:29.7113591Z   duration_ms: 6.231491
2026-10-09T19:27:29.7114141Z   type: 'test'
2026-10-09T19:27:29.7114552Z   ...
2026-10-09T19:27:29.7115633Z # Subtest: Lean adapters construct every Fin of both components and the active branch before one source call
2026-10-09T19:27:29.7116919Z ok 21 - Lean adapters construct every Fin of both components and the active branch before one source call
2026-10-09T19:27:29.7117610Z   ---
2026-10-09T19:27:29.7118044Z   duration_ms: 3.796133
2026-10-09T19:27:29.7118584Z   type: 'test'
2026-10-09T19:27:29.7119008Z   ...
2026-10-09T19:27:29.7119853Z # Subtest: Perl XS walks both components and the active branch, naming each path
2026-10-09T19:27:29.7120834Z ok 22 - Perl XS walks both components and the active branch, naming each path
2026-10-09T19:27:29.7121408Z   ---
2026-10-09T19:27:29.7121850Z   duration_ms: 3.880992
2026-10-09T19:27:29.7122311Z   type: 'test'
2026-10-09T19:27:29.7122713Z   ...
2026-10-09T19:27:29.7123537Z # Subtest: reviewed product and Except bounds must equal the freshly compiled tree
2026-10-09T19:27:29.7124539Z ok 23 - reviewed product and Except bounds must equal the freshly compiled tree
2026-10-09T19:27:29.7125277Z   ---
2026-10-09T19:27:29.7125733Z   duration_ms: 4.086224
2026-10-09T19:27:29.7126204Z   type: 'test'
2026-10-09T19:27:29.7126679Z   ...
2026-10-09T19:27:29.7133435Z # Subtest: every native profile has a Fin product consumer and a target
2026-10-09T19:27:29.7135546Z ok 24 - every native profile has a Fin product consumer and a target
2026-10-09T19:27:29.7136198Z   ---
2026-10-09T19:27:29.7136413Z   duration_ms: 4.715016
2026-10-09T19:27:29.7136655Z   type: 'test'
2026-10-09T19:27:29.7136853Z   ...
2026-10-09T19:29:04.0843354Z # Subtest: relocated source-free native packages check Fin inside products and the active Except branch
2026-10-09T19:29:04.0845544Z ok 25 - relocated source-free native packages check Fin inside products and the active Except branch
2026-10-09T19:29:04.0846673Z   ---
2026-10-09T19:29:04.0847216Z   duration_ms: 94372.056129
2026-10-09T19:29:04.0847812Z   type: 'test'
2026-10-09T19:29:04.0848227Z   ...
2026-10-09T19:29:04.0848599Z # build 0: perl
2026-10-09T19:29:04.0849119Z # installing and checking perl
2026-10-09T19:29:04.0849620Z # build 1: perl
2026-10-09T19:30:38.5796892Z # Subtest: independently reviewed native packages check product and Except bounds after source-free installation
2026-10-09T19:30:38.5798964Z ok 26 - independently reviewed native packages check product and Except bounds after source-free installation
2026-10-09T19:30:38.5800193Z   ---
2026-10-09T19:30:38.5800720Z   duration_ms: 94495.721564
2026-10-09T19:30:38.5801654Z   type: 'test'
2026-10-09T19:30:38.5802159Z   ...
2026-10-09T19:30:38.5802648Z # build 0: perl
2026-10-09T19:30:38.5803267Z # installing and checking perl
2026-10-09T19:30:38.5803890Z # build 1: perl
2026-10-09T19:30:38.5805361Z # Subtest: the independent product review passes reviewed admission, and changed bounds are refused against fresh Lean
2026-10-09T19:30:38.5811655Z ok 27 - the independent product review passes reviewed admission, and changed bounds are refused against fresh Lean # SKIP
2026-10-09T19:30:38.5812418Z   ---
2026-10-09T19:30:38.5812995Z   duration_ms: 0.169446
2026-10-09T19:30:38.5813576Z   type: 'test'
2026-10-09T19:30:38.5813932Z   ...
2026-10-09T19:30:38.6006481Z 1..27
2026-10-09T19:30:38.6006849Z # tests 27
2026-10-09T19:30:38.6007177Z # suites 0
2026-10-09T19:30:38.6007497Z # pass 26
2026-10-09T19:30:38.6008020Z # fail 0
2026-10-09T19:30:38.6008542Z # cancelled 0
2026-10-09T19:30:38.6009468Z # skipped 1
2026-10-09T19:30:38.6009820Z # todo 0
2026-10-09T19:30:38.6010332Z # duration_ms 196046.562589
2026-10-09T19:30:38.6458688Z TAP version 13
2026-10-09T19:30:39.7907478Z # Subtest: Fin product arrays authenticates each exact source predecessor
2026-10-09T19:30:39.7913233Z ok 1 - Fin product arrays authenticates each exact source predecessor
2026-10-09T19:30:39.7914200Z   ---
2026-10-09T19:30:39.7914568Z   duration_ms: 818.242037
2026-10-09T19:30:39.7915225Z   type: 'test'
2026-10-09T19:30:39.7915577Z   ...
2026-10-09T19:30:41.4310517Z # Subtest: Fin product arrays changes current source pins without inventing installed evidence
2026-10-09T19:30:41.4326437Z ok 2 - Fin product arrays changes current source pins without inventing installed evidence
2026-10-09T19:30:41.4352453Z   ---
2026-10-09T19:30:41.4352894Z   duration_ms: 1562.942252
2026-10-09T19:30:41.4353378Z   type: 'test'
2026-10-09T19:30:41.4353760Z   ...
2026-10-09T19:30:41.4354806Z # Subtest: an array directly over a product keeps the component bound and only the error-branch bound
2026-10-09T19:30:41.4356620Z ok 3 - an array directly over a product keeps the component bound and only the error-branch bound
2026-10-09T19:30:41.4357521Z   ---
2026-10-09T19:30:41.4357892Z   duration_ms: 37.008403
2026-10-09T19:30:41.4358335Z   type: 'test'
2026-10-09T19:30:41.4358701Z   ...
2026-10-09T19:30:41.4359764Z # Subtest: C adapters compare every element's component and active error branch on caller limbs before Lean runs
2026-10-09T19:30:41.4361432Z ok 4 - C adapters compare every element's component and active error branch on caller limbs before Lean runs
2026-10-09T19:30:41.4362347Z   ---
2026-10-09T19:30:41.4362730Z   duration_ms: 8.822593
2026-10-09T19:30:41.4363155Z   type: 'test'
2026-10-09T19:30:41.4363609Z   ...
2026-10-09T19:30:41.4364396Z # Subtest: Lean adapters construct Fin for every element before one source call
2026-10-09T19:30:41.4365858Z ok 5 - Lean adapters construct Fin for every element before one source call
2026-10-09T19:30:41.4366616Z   ---
2026-10-09T19:30:41.4366999Z   duration_ms: 9.024449
2026-10-09T19:30:41.4367458Z   type: 'test'
2026-10-09T19:30:41.4367829Z   ...
2026-10-09T19:30:41.4368608Z # Subtest: Perl XS names the element index, the component and the active branch
2026-10-09T19:30:41.4369761Z ok 6 - Perl XS names the element index, the component and the active branch
2026-10-09T19:30:41.4370483Z   ---
2026-10-09T19:30:41.4370848Z   duration_ms: 9.815192
2026-10-09T19:30:41.4371273Z   type: 'test'
2026-10-09T19:30:41.4371629Z   ...
2026-10-09T19:30:41.4372559Z # Subtest: the independent array review passes reviewed admission and equals the compiled trees
2026-10-09T19:30:41.4374007Z ok 7 - the independent array review passes reviewed admission and equals the compiled trees
2026-10-09T19:30:41.4374868Z   ---
2026-10-09T19:30:41.4375507Z   duration_ms: 3.48984
2026-10-09T19:30:41.4375938Z   type: 'test'
2026-10-09T19:30:41.4376308Z   ...
2026-10-09T19:30:41.4377150Z # Subtest: reviewed array bounds and positions must equal the freshly compiled tree
2026-10-09T19:30:41.4378385Z ok 8 - reviewed array bounds and positions must equal the freshly compiled tree
2026-10-09T19:30:41.4379518Z   ---
2026-10-09T19:30:41.4379867Z   duration_ms: 8.994614
2026-10-09T19:30:41.4380260Z   type: 'test'
2026-10-09T19:30:41.4380600Z   ...
2026-10-09T19:30:41.4381381Z # Subtest: every native profile has a Fin product array consumer and a target
2026-10-09T19:30:41.4382500Z ok 9 - every native profile has a Fin product array consumer and a target
2026-10-09T19:30:41.4383193Z   ---
2026-10-09T19:30:41.4383542Z   duration_ms: 3.948705
2026-10-09T19:30:41.4383953Z   type: 'test'
2026-10-09T19:30:41.4384304Z   ...
2026-10-09T19:30:41.7256518Z # Subtest: the C consumer passes a faithful stand-in and fails one that rewrites the rejected leaf
2026-10-09T19:30:41.7258034Z ok 10 - the C consumer passes a faithful stand-in and fails one that rewrites the rejected leaf
2026-10-09T19:30:41.7258937Z   ---
2026-10-09T19:30:41.7259312Z   duration_ms: 289.73246
2026-10-09T19:30:41.7260073Z   type: 'test'
2026-10-09T19:30:41.7260489Z   ...
2026-10-09T19:32:14.2151504Z # Subtest: relocated source-free native packages check Fin inside every element of an array of products
2026-10-09T19:32:14.2153566Z ok 11 - relocated source-free native packages check Fin inside every element of an array of products
2026-10-09T19:32:14.2154552Z   ---
2026-10-09T19:32:14.2155293Z   duration_ms: 92489.735655
2026-10-09T19:32:14.2155813Z   type: 'test'
2026-10-09T19:32:14.2156200Z   ...
2026-10-09T19:32:14.2157099Z # build 0: perl
2026-10-09T19:32:14.2160636Z # installing and checking perl
2026-10-09T19:32:14.2161105Z # build 1: perl
2026-10-09T19:33:46.8601858Z # Subtest: independently reviewed native packages check array-of-product bounds after source-free installation
2026-10-09T19:33:46.8609937Z ok 12 - independently reviewed native packages check array-of-product bounds after source-free installation
2026-10-09T19:33:46.8610523Z   ---
2026-10-09T19:33:46.8610774Z   duration_ms: 92645.380149
2026-10-09T19:33:46.8611032Z   type: 'test'
2026-10-09T19:33:46.8611245Z   ...
2026-10-09T19:33:46.8611442Z # build 0: perl
2026-10-09T19:33:46.8611712Z # installing and checking perl
2026-10-09T19:33:46.8611969Z # build 1: perl
2026-10-09T19:33:46.8612475Z # Subtest: changed array-of-product reviews are refused against fresh Lean before any output
2026-10-09T19:33:46.8613260Z ok 13 - changed array-of-product reviews are refused against fresh Lean before any output # SKIP
2026-10-09T19:33:46.8613725Z   ---
2026-10-09T19:33:46.8613936Z   duration_ms: 0.170979
2026-10-09T19:33:46.8614391Z   type: 'test'
2026-10-09T19:33:46.8614775Z   ...
2026-10-09T19:33:46.8821914Z 1..13
2026-10-09T19:33:46.8822279Z # tests 13
2026-10-09T19:33:46.8822982Z # suites 0
2026-10-09T19:33:46.8823806Z # pass 12
2026-10-09T19:33:46.8835927Z # fail 0
2026-10-09T19:33:46.8836281Z # cancelled 0
2026-10-09T19:33:46.8836628Z # skipped 1
2026-10-09T19:33:46.8836898Z # todo 0
2026-10-09T19:33:46.9260279Z # duration_ms 188248.405489
2026-10-09T19:33:46.9260786Z TAP version 13
2026-10-09T19:33:48.2246374Z # Subtest: Native Fin records authenticates each exact source predecessor
2026-10-09T19:33:48.2251756Z ok 1 - Native Fin records authenticates each exact source predecessor
2026-10-09T19:33:48.2252452Z   ---
2026-10-09T19:33:48.2253540Z   duration_ms: 846.472637
2026-10-09T19:33:48.2253968Z   type: 'test'
2026-10-09T19:33:48.2254299Z   ...
2026-10-09T19:33:50.1604477Z # Subtest: Native Fin records changes current source pins without inventing installed evidence
2026-10-09T19:33:50.1617414Z ok 2 - Native Fin records changes current source pins without inventing installed evidence
2026-10-09T19:33:50.1617925Z   ---
2026-10-09T19:33:50.1618148Z   duration_ms: 1936.116443
2026-10-09T19:33:50.1618400Z   type: 'test'
2026-10-09T19:33:50.1618610Z   ...
2026-10-09T19:33:50.8809440Z # Subtest: native Fin promotion authenticates each exact source predecessor
2026-10-09T19:33:50.8810858Z ok 3 - native Fin promotion authenticates each exact source predecessor
2026-10-09T19:33:50.8812490Z   ---
2026-10-09T19:33:50.8812876Z   duration_ms: 720.505597
2026-10-09T19:33:50.8813728Z   type: 'test'
2026-10-09T19:33:50.8814095Z   ...
2026-10-09T19:33:50.9007700Z # Subtest: PHP-safe product name authenticates each exact source predecessor
2026-10-09T19:33:50.9008990Z ok 4 - PHP-safe product name authenticates each exact source predecessor
2026-10-09T19:33:50.9009748Z   ---
2026-10-09T19:33:50.9010174Z   duration_ms: 19.757592
2026-10-09T19:33:50.9010477Z   type: 'test'
2026-10-09T19:33:50.9010695Z   ...
2026-10-09T19:33:51.4299267Z # Subtest: Fin record WIT formatting authenticates each exact source predecessor
2026-10-09T19:33:51.4300680Z ok 5 - Fin record WIT formatting authenticates each exact source predecessor
2026-10-09T19:33:51.4301402Z   ---
2026-10-09T19:33:51.4301801Z   duration_ms: 528.901101
2026-10-09T19:33:51.4302219Z   type: 'test'
2026-10-09T19:33:51.4302587Z   ...
2026-10-09T19:33:51.4375374Z # Subtest: WIT record evidence archive authenticates each exact source predecessor
2026-10-09T19:33:51.4384406Z ok 6 - WIT record evidence archive authenticates each exact source predecessor
2026-10-09T19:33:51.4385225Z   ---
2026-10-09T19:33:51.4385618Z   duration_ms: 7.64738
2026-10-09T19:33:51.4385913Z   type: 'test'
2026-10-09T19:33:51.4386130Z   ...
2026-10-09T19:33:51.4465711Z # Subtest: record archives bind the expanded frozen fixture, original packages and C dispatch
2026-10-09T19:33:51.4468686Z ok 7 - record archives bind the expanded frozen fixture, original packages and C dispatch
2026-10-09T19:33:51.4469183Z   ---
2026-10-09T19:33:51.4469394Z   duration_ms: 9.359035
2026-10-09T19:33:51.4469639Z   type: 'test'
2026-10-09T19:33:51.4469841Z   ...
2026-10-09T19:33:51.4606200Z # Subtest: record evidence refuses lost compositions, false counters and inherited C++ dispatch
2026-10-09T19:33:51.4607553Z ok 8 - record evidence refuses lost compositions, false counters and inherited C++ dispatch
2026-10-09T19:33:51.4608258Z   ---
2026-10-09T19:33:51.4608675Z   duration_ms: 12.788524
2026-10-09T19:33:51.4609084Z   type: 'test'
2026-10-09T19:33:51.4609435Z   ...
2026-10-09T19:33:51.4651636Z # Subtest: Array dispatch archives retain exact installed packages and ten measured C rows
2026-10-09T19:33:51.4653102Z ok 9 - Array dispatch archives retain exact installed packages and ten measured C rows
2026-10-09T19:33:51.4653963Z   ---
2026-10-09T19:33:51.4654350Z   duration_ms: 5.349391
2026-10-09T19:33:51.4654770Z   type: 'test'
2026-10-09T19:33:51.4655430Z   ...
2026-10-09T19:33:51.4693120Z # Subtest: Array dispatch evidence refuses missing positions, false counters and inherited C++ dispatch
2026-10-09T19:33:51.4694781Z ok 10 - Array dispatch evidence refuses missing positions, false counters and inherited C++ dispatch
2026-10-09T19:33:51.4695809Z   ---
2026-10-09T19:33:51.4696117Z   duration_ms: 4.083875
2026-10-09T19:33:51.4696372Z   type: 'test'
2026-10-09T19:33:51.4696591Z   ...
2026-10-09T19:33:51.4727676Z # Subtest: Array product archives retain exact installed C/C++ results and unmeasured dispatch
2026-10-09T19:33:51.4728657Z ok 11 - Array product archives retain exact installed C/C++ results and unmeasured dispatch
2026-10-09T19:33:51.4729265Z   ---
2026-10-09T19:33:51.4729735Z   duration_ms: 3.609621
2026-10-09T19:33:51.4730407Z   type: 'test'
2026-10-09T19:33:51.4731083Z   ...
2026-10-09T19:33:51.4742677Z # Subtest: the product follow-up preserves all five fresh-Lean refusal results
2026-10-09T19:33:51.4745249Z ok 12 - the product follow-up preserves all five fresh-Lean refusal results
2026-10-09T19:33:51.4746033Z   ---
2026-10-09T19:33:51.4746424Z   duration_ms: 1.238216
2026-10-09T19:33:51.4746879Z   type: 'test'
2026-10-09T19:33:51.4747199Z   ...
2026-10-09T19:33:51.4792045Z # Subtest: C/C++ product archives bind both source paths to exact bounds and measured dispatch
2026-10-09T19:33:51.4793534Z ok 13 - C/C++ product archives bind both source paths to exact bounds and measured dispatch
2026-10-09T19:33:51.4794427Z   ---
2026-10-09T19:33:51.4794868Z   duration_ms: 5.249515
2026-10-09T19:33:51.4795336Z   type: 'test'
2026-10-09T19:33:51.4795804Z   ...
2026-10-09T19:33:51.4893440Z # Subtest: PHP-safe product names preserve every original bound and independently reviewed site
2026-10-09T19:33:51.4898422Z ok 14 - PHP-safe product names preserve every original bound and independently reviewed site
2026-10-09T19:33:51.4899330Z   ---
2026-10-09T19:33:51.4899716Z   duration_ms: 10.040266
2026-10-09T19:33:51.4900153Z   type: 'test'
2026-10-09T19:33:51.4900521Z   ...
2026-10-09T19:33:51.4911637Z # Subtest: product logs retain the failed baseline review and the corrected run with four mismatches
2026-10-09T19:33:51.4913217Z ok 15 - product logs retain the failed baseline review and the corrected run with four mismatches
2026-10-09T19:33:51.4914046Z   ---
2026-10-09T19:33:51.4914273Z   duration_ms: 1.637092
2026-10-09T19:33:51.4914522Z   type: 'test'
2026-10-09T19:33:51.4914739Z   ...
2026-10-09T19:33:56.4255263Z # Subtest: native Fin promotion retains all eight original reports and artifact identities
2026-10-09T19:33:56.4256712Z ok 16 - native Fin promotion retains all eight original reports and artifact identities
2026-10-09T19:33:56.4257469Z   ---
2026-10-09T19:33:56.4257695Z   duration_ms: 4933.566838
2026-10-09T19:33:56.4258115Z   type: 'test'
2026-10-09T19:33:56.4258452Z   ...
2026-10-09T19:34:01.6612181Z # Subtest: native Fin promotion changes four field cells and supplements eight structural cells only
2026-10-09T19:34:01.6614022Z ok 17 - native Fin promotion changes four field cells and supplements eight structural cells only
2026-10-09T19:34:01.6615260Z   ---
2026-10-09T19:34:01.6615724Z   duration_ms: 5181.496534
2026-10-09T19:34:01.6616209Z   type: 'test'
2026-10-09T19:34:01.6616605Z   ...
2026-10-09T19:34:01.6617518Z # Subtest: Fin record WIT assertions accept compact and multiline trailing-comma layouts
2026-10-09T19:34:01.6619091Z ok 18 - Fin record WIT assertions accept compact and multiline trailing-comma layouts
2026-10-09T19:34:01.6620075Z   ---
2026-10-09T19:34:01.6620632Z   duration_ms: 53.854536
2026-10-09T19:34:01.6621245Z   type: 'test'
2026-10-09T19:34:01.6621799Z   ...
2026-10-09T19:34:01.6622786Z # Subtest: actual wasm-tools Fin record round trip preserves strict signature assertions
2026-10-09T19:34:01.6624250Z ok 19 - actual wasm-tools Fin record round trip preserves strict signature assertions # SKIP
2026-10-09T19:34:01.6625092Z   ---
2026-10-09T19:34:01.6625610Z   duration_ms: 0.600458
2026-10-09T19:34:01.6626168Z   type: 'test'
2026-10-09T19:34:01.6626598Z   ...
2026-10-09T19:34:01.6747738Z # Subtest: WIT record evidence authenticates both source routes, exact fixture trees and seven original artifacts
2026-10-09T19:34:01.6749262Z ok 20 - WIT record evidence authenticates both source routes, exact fixture trees and seven original artifacts
2026-10-09T19:34:01.6749813Z   ---
2026-10-09T19:34:01.6750037Z   duration_ms: 13.842457
2026-10-09T19:34:01.6750285Z   type: 'test'
2026-10-09T19:34:01.6750496Z   ...
2026-10-09T19:34:01.6815930Z # Subtest: WIT record execution retains measured tools and separates failed hosted acceptance
2026-10-09T19:34:01.6818415Z ok 21 - WIT record execution retains measured tools and separates failed hosted acceptance
2026-10-09T19:34:01.6819305Z   ---
2026-10-09T19:34:01.6819737Z   duration_ms: 6.633412
2026-10-09T19:34:01.6820249Z   type: 'test'
2026-10-09T19:34:01.6820708Z   ...
2026-10-09T19:34:01.7251526Z # Subtest: WIT record report checks reject changed bounds, provenance, isolation and invented dispatch
2026-10-09T19:34:01.7253529Z ok 22 - WIT record report checks reject changed bounds, provenance, isolation and invented dispatch
2026-10-09T19:34:01.7254327Z   ---
2026-10-09T19:34:01.7254604Z   duration_ms: 43.29696
2026-10-09T19:34:01.7255038Z   type: 'test'
2026-10-09T19:34:01.7255268Z   ...
2026-10-09T19:34:01.8716819Z # Subtest: WIT execution validation rejects missing, skipped, cancelled or misidentified runs
2026-10-09T19:34:01.8741401Z ok 23 - WIT execution validation rejects missing, skipped, cancelled or misidentified runs
2026-10-09T19:34:01.8775786Z   ---
2026-10-09T19:34:01.8776542Z   duration_ms: 7.711734
2026-10-09T19:34:01.8806364Z   type: 'test'
2026-10-09T19:34:01.8806886Z   ...
2026-10-09T19:34:01.8807937Z # Subtest: record and variant fields carry their bounds in site trees and per-definition Binding IR
2026-10-09T19:34:01.8809471Z ok 24 - record and variant fields carry their bounds in site trees and per-definition Binding IR
2026-10-09T19:34:01.8810447Z   ---
2026-10-09T19:34:01.8810893Z   duration_ms: 28.95053
2026-10-09T19:34:01.8811406Z   type: 'test'
2026-10-09T19:34:01.8811881Z   ...
2026-10-09T19:34:01.8812963Z # Subtest: C adapters check record fields and only the active variant case on caller limbs before Lean runs
2026-10-09T19:34:01.8814602Z ok 25 - C adapters check record fields and only the active variant case on caller limbs before Lean runs
2026-10-09T19:34:01.8815890Z   ---
2026-10-09T19:34:01.8816358Z   duration_ms: 16.052453
2026-10-09T19:34:01.8816869Z   type: 'test'
2026-10-09T19:34:01.8817627Z   ...
2026-10-09T19:34:01.8818805Z # Subtest: Lean adapters pass refined records and variants as erased mirrors checked once before one source call
2026-10-09T19:34:01.8820562Z ok 26 - Lean adapters pass refined records and variants as erased mirrors checked once before one source call
2026-10-09T19:34:01.8821635Z   ---
2026-10-09T19:34:01.8822090Z   duration_ms: 13.397488
2026-10-09T19:34:01.8822604Z   type: 'test'
2026-10-09T19:34:01.8823057Z   ...
2026-10-09T19:34:01.8823929Z # Subtest: records and variants without bounds keep their helpers byte for byte
2026-10-09T19:34:01.8825417Z ok 27 - records and variants without bounds keep their helpers byte for byte
2026-10-09T19:34:01.8826937Z   ---
2026-10-09T19:34:01.8827421Z   duration_ms: 1.54118
2026-10-09T19:34:01.8827921Z   type: 'test'
2026-10-09T19:34:01.8828380Z   ...
2026-10-09T19:34:01.8829243Z # Subtest: Perl XS walks record fields and the active case, naming each path
2026-10-09T19:34:01.8830498Z ok 28 - Perl XS walks record fields and the active case, naming each path
2026-10-09T19:34:01.8831380Z   ---
2026-10-09T19:34:01.8831887Z   duration_ms: 15.842902
2026-10-09T19:34:01.8832413Z   type: 'test'
2026-10-09T19:34:01.8832846Z   ...
2026-10-09T19:34:01.8833867Z # Subtest: hosts reading only the Binding IR document record and variant bounds from their definitions
2026-10-09T19:34:01.8835625Z ok 29 - hosts reading only the Binding IR document record and variant bounds from their definitions
2026-10-09T19:34:01.8836626Z   ---
2026-10-09T19:34:01.8837060Z   duration_ms: 20.006315
2026-10-09T19:34:01.8839667Z   type: 'test'
2026-10-09T19:34:01.8841716Z   ...
2026-10-09T19:34:01.8862267Z # Subtest: the independent record review passes reviewed admission and equals the compiled contract
2026-10-09T19:34:01.8864064Z ok 30 - the independent record review passes reviewed admission and equals the compiled contract
2026-10-09T19:34:01.8865254Z   ---
2026-10-09T19:34:01.8865624Z   duration_ms: 17.518963
2026-10-09T19:34:01.8866061Z   type: 'test'
2026-10-09T19:34:01.8866451Z   ...
2026-10-09T19:34:01.8867491Z # Subtest: reviewed record and variant field bounds must equal the freshly compiled definitions
2026-10-09T19:34:01.8868988Z ok 31 - reviewed record and variant field bounds must equal the freshly compiled definitions
2026-10-09T19:34:01.8869853Z   ---
2026-10-09T19:34:01.8870207Z   duration_ms: 23.387091
2026-10-09T19:34:01.8870638Z   type: 'test'
2026-10-09T19:34:01.8871023Z   ...
2026-10-09T19:34:01.8871972Z # Subtest: every native profile has a Fin record consumer and a target
2026-10-09T19:34:01.8873194Z ok 32 - every native profile has a Fin record consumer and a target
2026-10-09T19:34:01.8873996Z   ---
2026-10-09T19:34:01.8874514Z   duration_ms: 15.496898
2026-10-09T19:34:01.8875448Z   type: 'test'
2026-10-09T19:34:01.8875812Z   ...
2026-10-09T19:35:39.2712378Z # Subtest: relocated source-free native packages check Fin inside record fields and the active variant case
2026-10-09T19:35:39.2714367Z ok 33 - relocated source-free native packages check Fin inside record fields and the active variant case
2026-10-09T19:35:39.2716277Z   ---
2026-10-09T19:35:39.2716920Z   duration_ms: 97385.272287
2026-10-09T19:35:39.2717427Z   type: 'test'
2026-10-09T19:35:39.2717813Z   ...
2026-10-09T19:35:39.2718191Z # build 0: perl
2026-10-09T19:35:39.2718682Z # installing and checking perl
2026-10-09T19:35:39.2719128Z # build 1: perl
2026-10-09T19:37:16.5848984Z # Subtest: independently reviewed native packages check record and variant field bounds after source-free installation
2026-10-09T19:37:16.5850656Z ok 34 - independently reviewed native packages check record and variant field bounds after source-free installation
2026-10-09T19:37:16.5851821Z   ---
2026-10-09T19:37:16.5852323Z   duration_ms: 97313.750166
2026-10-09T19:37:16.5852995Z   type: 'test'
2026-10-09T19:37:16.5853490Z   ...
2026-10-09T19:37:16.5854029Z # build 0: perl
2026-10-09T19:37:16.5854504Z # installing and checking perl
2026-10-09T19:37:16.5855171Z # build 1: perl
2026-10-09T19:37:16.5857430Z # Subtest: changed record and variant reviews are refused against fresh Lean before any output
2026-10-09T19:37:16.5858651Z ok 35 - changed record and variant reviews are refused against fresh Lean before any output # SKIP
2026-10-09T19:37:16.5859278Z   ---
2026-10-09T19:37:16.5859758Z   duration_ms: 0.181098
2026-10-09T19:37:16.5860257Z   type: 'test'
2026-10-09T19:37:16.5860709Z   ...
2026-10-09T19:37:16.6075259Z 1..35
2026-10-09T19:37:16.6075700Z # tests 35
2026-10-09T19:37:16.6076294Z # suites 0
2026-10-09T19:37:16.6077055Z # pass 33
2026-10-09T19:37:16.6077470Z # fail 0
2026-10-09T19:37:16.6078117Z # cancelled 0
2026-10-09T19:37:16.6078664Z # skipped 2
2026-10-09T19:37:16.6079209Z # todo 0
2026-10-09T19:37:16.6079930Z # duration_ms 209693.350455
2026-10-09T19:37:16.6535267Z TAP version 13
2026-10-09T19:37:17.5683285Z # Subtest: Subtype alias position authenticates each exact source predecessor
2026-10-09T19:37:17.5690229Z ok 1 - Subtype alias position authenticates each exact source predecessor
2026-10-09T19:37:17.5690731Z   ---
2026-10-09T19:37:17.5691048Z   duration_ms: 589.092869
2026-10-09T19:37:17.5691480Z   type: 'test'
2026-10-09T19:37:17.5691839Z   ...
2026-10-09T19:37:18.0863125Z # Subtest: Subtype XS archive authenticates each exact source predecessor
2026-10-09T19:37:18.0864448Z ok 2 - Subtype XS archive authenticates each exact source predecessor
2026-10-09T19:37:18.0865361Z   ---
2026-10-09T19:37:18.0865711Z   duration_ms: 517.878837
2026-10-09T19:37:18.0866083Z   type: 'test'
2026-10-09T19:37:18.0866385Z   ...
2026-10-09T19:37:18.6626767Z # Subtest: Checked-record admission authenticates each exact source predecessor
2026-10-09T19:37:18.6631598Z ok 3 - Checked-record admission authenticates each exact source predecessor
2026-10-09T19:37:18.6632201Z   ---
2026-10-09T19:37:18.6632433Z   duration_ms: 576.281783
2026-10-09T19:37:18.6632694Z   type: 'test'
2026-10-09T19:37:18.6632910Z   ...
2026-10-09T19:37:18.6839288Z # Subtest: archived Subtype XS remains readable without a PATH-provided decompressor
2026-10-09T19:37:18.6840851Z ok 4 - archived Subtype XS remains readable without a PATH-provided decompressor
2026-10-09T19:37:18.6841838Z   ---
2026-10-09T19:37:18.6842284Z   duration_ms: 17.866675
2026-10-09T19:37:18.6842904Z   type: 'test'
2026-10-09T19:37:18.6843325Z   ...
2026-10-09T19:37:18.6846332Z # Subtest: native types admit Subtype only at a top-level site over a primitive base
2026-10-09T19:37:18.6856151Z ok 5 - native types admit Subtype only at a top-level site over a primitive base
2026-10-09T19:37:18.6858735Z   ---
2026-10-09T19:37:18.6858991Z   duration_ms: 1.828568
2026-10-09T19:37:18.6859425Z   type: 'test'
2026-10-09T19:37:18.6859778Z   ...
2026-10-09T19:37:18.6860940Z # Subtest: Lean adapters construct each Subtype through its checked constructor and export one validator per checked parameter
2026-10-09T19:37:18.6862505Z ok 6 - Lean adapters construct each Subtype through its checked constructor and export one validator per checked parameter
2026-10-09T19:37:18.6863076Z   ---
2026-10-09T19:37:18.6863292Z   duration_ms: 2.003099
2026-10-09T19:37:18.6863526Z   type: 'test'
2026-10-09T19:37:18.6863971Z   ...
2026-10-09T19:37:18.6872688Z # Subtest: every native profile has a Subtype consumer
2026-10-09T19:37:18.6874474Z ok 7 - every native profile has a Subtype consumer
2026-10-09T19:37:18.6875380Z   ---
2026-10-09T19:37:18.6875929Z   duration_ms: 1.815534
2026-10-09T19:37:18.6876391Z   type: 'test'
2026-10-09T19:37:18.6876785Z   ...
2026-10-09T19:37:18.6878936Z # Subtest: native builds reject Subtype outside top-level sites and without a constructor
2026-10-09T19:37:18.6880569Z ok 8 - native builds reject Subtype outside top-level sites and without a constructor # SKIP
2026-10-09T19:37:18.6881127Z   ---
2026-10-09T19:37:18.6881352Z   duration_ms: 0.443884
2026-10-09T19:37:18.6881596Z   type: 'test'
2026-10-09T19:37:18.6881798Z   ...
2026-10-09T19:38:55.8817632Z # Subtest: relocated source-free native packages run author-checked constructors at every refined site
2026-10-09T19:38:55.8819500Z ok 9 - relocated source-free native packages run author-checked constructors at every refined site
2026-10-09T19:38:55.8820355Z   ---
2026-10-09T19:38:55.8820879Z   duration_ms: 97194.396525
2026-10-09T19:38:55.8821326Z   type: 'test'
2026-10-09T19:38:55.8821672Z   ...
2026-10-09T19:38:55.8822056Z # build 0: perl
2026-10-09T19:38:55.8822431Z # installing and checking perl
2026-10-09T19:38:55.8822895Z # build 1: perl
2026-10-09T19:38:55.9049886Z 1..9
2026-10-09T19:38:55.9050474Z # tests 9
2026-10-09T19:38:55.9050971Z # suites 0
2026-10-09T19:38:55.9051352Z # pass 8
2026-10-09T19:38:55.9051938Z # fail 0
2026-10-09T19:38:55.9052559Z # cancelled 0
2026-10-09T19:38:55.9053242Z # skipped 1
2026-10-09T19:38:55.9053864Z # todo 0
2026-10-09T19:38:55.9054548Z # duration_ms 99263.310684
2026-10-09T19:38:55.9515661Z TAP version 13
2026-10-09T19:38:58.4253195Z # Subtest: Perl installed relocation history authenticates exact predecessors and refuses unknown edits
2026-10-09T19:38:58.4257988Z ok 1 - Perl installed relocation history authenticates exact predecessors and refuses unknown edits
2026-10-09T19:38:58.4259001Z   ---
2026-10-09T19:38:58.4259378Z   duration_ms: 2149.236134
2026-10-09T19:38:58.4259901Z   type: 'test'
2026-10-09T19:38:58.4260331Z   ...
2026-10-09T19:38:58.6704151Z # Subtest: Perl relocation integration refreshes exactly 17 source pins without promoting any support cell
2026-10-09T19:38:58.6706100Z ok 2 - Perl relocation integration refreshes exactly 17 source pins without promoting any support cell
2026-10-09T19:38:58.6707074Z   ---
2026-10-09T19:38:58.6707463Z   duration_ms: 244.574753
2026-10-09T19:38:58.6707913Z   type: 'test'
2026-10-09T19:38:58.6708304Z   ...
2026-10-09T19:38:58.7439057Z # Subtest: the Perl relocation updater refuses another HEAD before any write
2026-10-09T19:38:58.7440616Z ok 3 - the Perl relocation updater refuses another HEAD before any write
2026-10-09T19:38:58.7441659Z   ---
2026-10-09T19:38:58.7442019Z   duration_ms: 74.35997
2026-10-09T19:38:58.7442457Z   type: 'test'
2026-10-09T19:38:58.7442905Z   ...
2026-10-09T19:38:58.7942119Z # Subtest: a moved CPAN consumer tree reruns unchanged and refuses install-path dependence, old-tree use, other output and occupied targets
2026-10-09T19:38:58.7944226Z ok 4 - a moved CPAN consumer tree reruns unchanged and refuses install-path dependence, old-tree use, other output and occupied targets
2026-10-09T19:38:58.7945416Z   ---
2026-10-09T19:38:58.7945656Z   duration_ms: 35.806858
2026-10-09T19:38:58.7945910Z   type: 'test'
2026-10-09T19:38:58.7946123Z   ...
2026-10-09T19:38:58.7950276Z # Subtest: an array below an option reports the array's own index at its Fin 0 leaf
2026-10-09T19:38:58.7951375Z ok 5 - an array below an option reports the array's own index at its Fin 0 leaf
2026-10-09T19:38:58.7951969Z   ---
2026-10-09T19:38:58.7952449Z   duration_ms: 14.225589
2026-10-09T19:38:58.7953014Z   type: 'test'
2026-10-09T19:38:58.7953503Z   ...
2026-10-09T19:38:58.8076552Z # Subtest: Perl refinement XS inspection preserves the compiler-free consumer PATH
2026-10-09T19:38:58.8089772Z ok 6 - Perl refinement XS inspection preserves the compiler-free consumer PATH
2026-10-09T19:38:58.8090810Z   ---
2026-10-09T19:38:58.8091178Z   duration_ms: 13.104324
2026-10-09T19:38:58.8091593Z   type: 'test'
2026-10-09T19:38:58.8091853Z   ...
2026-10-09T19:40:32.6963106Z # Subtest: relocated source-free CPAN packages check an unboxed word subtype and nested Fin 0 shapes
2026-10-09T19:40:32.6965436Z ok 7 - relocated source-free CPAN packages check an unboxed word subtype and nested Fin 0 shapes
2026-10-09T19:40:32.6966616Z   ---
2026-10-09T19:40:32.6967194Z   duration_ms: 93888.703717
2026-10-09T19:40:32.6967840Z   type: 'test'
2026-10-09T19:40:32.6968431Z   ...
2026-10-09T19:40:32.6969119Z # build 0: compiling XS for 1 Perl ABIs
2026-10-09T19:40:32.6970678Z # offline prebuilt installation on /home/runner/work/lean-bridge/lean-bridge/.toolchains/perl/5.38.2-unthreaded/bin/perl
2026-10-09T19:40:32.6972074Z # build 1: compiling XS for 1 Perl ABIs
2026-10-09T19:40:32.7182748Z 1..7
2026-10-09T19:40:32.7183573Z # tests 7
2026-10-09T19:40:32.7183952Z # suites 0
2026-10-09T19:40:32.7184301Z # pass 7
2026-10-09T19:40:32.7184627Z # fail 0
2026-10-09T19:40:32.7185443Z # cancelled 0
2026-10-09T19:40:32.7185993Z # skipped 0
2026-10-09T19:40:32.7186559Z # todo 0
2026-10-09T19:40:32.7187186Z # duration_ms 96778.964299
2026-10-09T19:40:32.7277962Z ##[group]Run export LEAN_BRIDGE_CORPUS_PERL="$PWD/.toolchains/perl/$CORPUS_PERL_CONFIGURATION/bin/perl"
2026-10-09T19:40:32.7278767Z [36;1mexport LEAN_BRIDGE_CORPUS_PERL="$PWD/.toolchains/perl/$CORPUS_PERL_CONFIGURATION/bin/perl"[0m
2026-10-09T19:40:32.7279530Z [36;1msource scripts/env.sh[0m
2026-10-09T19:40:32.7279832Z [36;1mexport LEAN_BRIDGE_OWNED_NATIVE_TEST=1[0m
2026-10-09T19:40:32.7280557Z [36;1mnode --test --test-concurrency=1 tests/owned-perl-runtime.test.mjs tests/owned-perl-values.test.mjs tests/owned-perl-conversions.test.mjs[0m
2026-10-09T19:40:32.7281592Z [36;1mnode --test --test-concurrency=1 tests/owned-perl-xs.test.mjs tests/owned-perl-scalars.test.mjs tests/owned-perl-loader.test.mjs[0m
2026-10-09T19:40:32.7282507Z [36;1mnode --test --test-concurrency=1 tests/owned-perl-package.test.mjs tests/owned-perl-coexistence.test.mjs[0m
2026-10-09T19:40:32.7283095Z [36;1mnpm run test:owned-perl-transfers[0m
2026-10-09T19:40:32.7283451Z [36;1mnpm run test:owned-perl-borrows[0m
2026-10-09T19:40:32.7283874Z [36;1mfor report in ordinary reviewed complete-ordinary complete-reviewed; do[0m
2026-10-09T19:40:32.7284355Z [36;1m  test -s "build/owned-perl-runtime/$report.json"[0m
2026-10-09T19:40:32.7284757Z [36;1m  test -s "build/owned-perl-conversions/$report.json"[0m
2026-10-09T19:40:32.7285442Z [36;1m  test -s "build/owned-perl-calls/$report.json"[0m
2026-10-09T19:40:32.7285759Z [36;1mdone[0m
2026-10-09T19:40:32.7286020Z [36;1mtest -s build/owned-perl-scalars/ordinary.json[0m
2026-10-09T19:40:32.7286392Z [36;1mtest -s build/owned-perl-scalars/reviewed.json[0m
2026-10-09T19:40:32.7286751Z [36;1mtest -s build/owned-perl-loader/installed.json[0m
2026-10-09T19:40:32.7287108Z [36;1mtest -s build/owned-perl-package/ordinary.json[0m
2026-10-09T19:40:32.7287490Z [36;1mtest -s build/owned-perl-package/reviewed.json[0m
2026-10-09T19:40:32.7287891Z [36;1mtest -s build/owned-perl-package/callbacks-ordinary.json[0m
2026-10-09T19:40:32.7288343Z [36;1mtest -s build/owned-perl-package/callbacks-reviewed.json[0m
2026-10-09T19:40:32.7288757Z [36;1mtest -s build/owned-perl-package/coexistence.json[0m
2026-10-09T19:40:32.7289154Z [36;1mtest -s build/owned-perl-package/documentation.json[0m
2026-10-09T19:40:32.7289551Z [36;1mtest -s build/owned-perl-transfers/ordinary.json[0m
2026-10-09T19:40:32.7289929Z [36;1mtest -s build/owned-perl-transfers/reviewed.json[0m
2026-10-09T19:40:32.7290347Z [36;1mtest -s build/owned-perl-transfer-packaging/ordinary.json[0m
2026-10-09T19:40:32.7290794Z [36;1mtest -s build/owned-perl-transfer-packaging/reviewed.json[0m
2026-10-09T19:40:32.7291264Z [36;1mtest -s build/owned-perl-transfer-packaging/documentation.json[0m
2026-10-09T19:40:32.7291695Z [36;1mtest -s build/owned-perl-borrows/ordinary.json[0m
2026-10-09T19:40:32.7292249Z [36;1mtest -s build/owned-perl-borrows/reviewed.json[0m
2026-10-09T19:40:32.7292625Z [36;1mtest -s build/owned-perl-borrows/borrow-only.json[0m
2026-10-09T19:40:32.7293038Z [36;1mtest -s build/owned-perl-borrow-packaging/ordinary.json[0m
2026-10-09T19:40:32.7293473Z [36;1mtest -s build/owned-perl-borrow-packaging/reviewed.json[0m
2026-10-09T19:40:32.7293920Z [36;1mtest -s build/owned-perl-borrow-packaging/documentation.json[0m
2026-10-09T19:40:32.7356482Z shell: /usr/bin/bash -e {0}
2026-10-09T19:40:32.7356743Z env:
2026-10-09T19:40:32.7356981Z   CORPUS_PERL_CONFIGURATION: 5.38.2-unthreaded
2026-10-09T19:40:32.7357286Z ##[endgroup]
2026-10-09T19:40:32.7891501Z TAP version 13
2026-10-09T19:40:32.9390465Z # Subtest: Perl owned converters preserve finite schemas, C field types and identity ownership
2026-10-09T19:40:32.9395748Z ok 1 - Perl owned converters preserve finite schemas, C field types and identity ownership
2026-10-09T19:40:32.9413617Z   ---
2026-10-09T19:40:32.9425831Z   duration_ms: 66.340353
2026-10-09T19:40:32.9426310Z   type: 'test'
2026-10-09T19:40:32.9426678Z   ...
2026-10-09T19:40:33.3333765Z # Subtest: owned converters compile against all selected real Perl ABIs and generated public C headers
2026-10-09T19:40:33.3337264Z ok 2 - owned converters compile against all selected real Perl ABIs and generated public C headers
2026-10-09T19:40:33.3338257Z   ---
2026-10-09T19:40:33.3338669Z   duration_ms: 397.360825
2026-10-09T19:40:33.3339129Z   type: 'test'
2026-10-09T19:40:33.3339506Z   ...
2026-10-09T19:40:33.3340558Z # 2 ABI/header compile checks; public XS calls and native round-trips are separate.
2026-10-09T19:40:33.4533193Z # Subtest: Perl ownership support rejects injected component prefixes
2026-10-09T19:40:33.4534575Z ok 3 - Perl ownership support rejects injected component prefixes
2026-10-09T19:40:33.4535721Z   ---
2026-10-09T19:40:33.4536212Z   duration_ms: 1.288514
2026-10-09T19:40:33.4536778Z   type: 'test'
2026-10-09T19:40:33.4537265Z   ...
2026-10-09T19:40:53.2378027Z # Subtest: Perl leases clean real Lean results on all selected ABIs (ordinary)
2026-10-09T19:40:53.2380576Z ok 4 - Perl leases clean real Lean results on all selected ABIs (ordinary)
2026-10-09T19:40:53.2381630Z   ---
2026-10-09T19:40:53.2382198Z   duration_ms: 19787.640969
2026-10-09T19:40:53.2382838Z   type: 'test'
2026-10-09T19:40:53.2383358Z   ...
2026-10-09T19:40:53.2384870Z # {"nativeFailures":14,"identities":0,"live":0,"perl":"v5.38.2","exceptions":33,"checks":162,"threaded":0,"perlFailures":13}
2026-10-09T19:40:53.2387133Z # conversions {"identities":0,"allocatorFailures":24,"live":0,"checks":347,"exceptions":101,"nativeFailures":33}
2026-10-09T19:40:53.2388661Z # public calls {"checks":758,"identities":0,"exceptions":206,"allocatorFailures":51,"nativeFailures":101,"live":0}
2026-10-09T19:41:12.7420859Z # Subtest: Perl leases clean real Lean results on all selected ABIs (reviewed)
2026-10-09T19:41:12.7422359Z ok 5 - Perl leases clean real Lean results on all selected ABIs (reviewed)
2026-10-09T19:41:12.7423400Z   ---
2026-10-09T19:41:12.7424007Z   duration_ms: 19505.227623
2026-10-09T19:41:12.7424663Z   type: 'test'
2026-10-09T19:41:12.7425475Z   ...
2026-10-09T19:41:12.7429361Z # {"identities":0,"perl":"v5.38.2","nativeFailures":14,"perlFailures":13,"threaded":0,"exceptions":33,"live":0,"checks":162}
2026-10-09T19:41:12.7431141Z # conversions {"nativeFailures":33,"exceptions":101,"live":0,"identities":0,"checks":347,"allocatorFailures":24}
2026-10-09T19:41:12.7432808Z # public calls {"allocatorFailures":51,"checks":758,"exceptions":206,"identities":0,"live":0,"nativeFailures":101}
2026-10-09T19:41:45.9076469Z # Subtest: Perl leases clean real Lean results on all selected ABIs (ordinary, complete signatures)
2026-10-09T19:41:45.9078233Z ok 6 - Perl leases clean real Lean results on all selected ABIs (ordinary, complete signatures)
2026-10-09T19:41:45.9084116Z   ---
2026-10-09T19:41:45.9084545Z   duration_ms: 33163.199153
2026-10-09T19:41:45.9087299Z   type: 'test'
2026-10-09T19:41:45.9088021Z   ...
2026-10-09T19:41:45.9089178Z # {"live":0,"nativeFailures":14,"identities":0,"threaded":0,"perlFailures":13,"perl":"v5.38.2","checks":162,"exceptions":33}
2026-10-09T19:41:45.9090941Z # conversions {"checks":347,"allocatorFailures":24,"identities":0,"live":0,"nativeFailures":33,"exceptions":101}
2026-10-09T19:41:45.9092648Z # public calls {"allocatorFailures":51,"identities":0,"exceptions":206,"checks":758,"live":0,"nativeFailures":101}
2026-10-09T19:41:45.9099478Z # complete signatures {"primitives":19,"checks":114,"identities":0,"exports":["bundle","callback_record","callback_recursive","construct","dispatch","echo_alias","echo_array","echo_chain","echo_list","echo_mixed","echo_nested","echo_option","echo_record","echo_recursive","echo_result","echo_row","echo_tuple","echo_variant","factory","identity_closure","label","make_record","make_recursive","new_ticket","payload","primary","repeatedly","retain_callback","retain_ticket","serial","twice","via_bool","via_bytes","via_char","via_f32","via_f64","via_i16","via_i32","via_i64","via_i8","via_int","via_isize","via_nat","via_string","via_u16","via_u32","via_u64","via_u8","via_unit","via_usize","with_function"],"live":0}
2026-10-09T19:42:19.1104451Z # Subtest: Perl leases clean real Lean results on all selected ABIs (reviewed, complete signatures)
2026-10-09T19:42:19.1110414Z ok 7 - Perl leases clean real Lean results on all selected ABIs (reviewed, complete signatures)
2026-10-09T19:42:19.1111283Z   ---
2026-10-09T19:42:19.1111820Z   duration_ms: 33203.994214
2026-10-09T19:42:19.1112260Z   type: 'test'
2026-10-09T19:42:19.1112603Z   ...
2026-10-09T19:42:19.1113253Z # {"live":0,"checks":162,"perl":"v5.38.2","identities":0,"perlFailures":13,"nativeFailures":14,"exceptions":33,"threaded":0}
2026-10-09T19:42:19.1114168Z # conversions {"allocatorFailures":24,"identities":0,"live":0,"exceptions":101,"nativeFailures":33,"checks":347}
2026-10-09T19:42:19.1116688Z # public calls {"nativeFailures":101,"live":0,"exceptions":206,"allocatorFailures":51,"checks":758,"identities":0}
2026-10-09T19:42:19.1120073Z # complete signatures {"exports":["bundle","callback_record","callback_recursive","construct","dispatch","echo_alias","echo_array","echo_chain","echo_list","echo_mixed","echo_nested","echo_option","echo_record","echo_recursive","echo_result","echo_row","echo_tuple","echo_variant","factory","identity_closure","label","make_record","make_recursive","new_ticket","payload","primary","repeatedly","retain_callback","retain_ticket","serial","twice","via_bool","via_bytes","via_char","via_f32","via_f64","via_i16","via_i32","via_i64","via_i8","via_int","via_isize","via_nat","via_string","via_u16","via_u32","via_u64","via_u8","via_unit","via_usize","with_function"],"primitives":19,"live":0,"checks":114,"identities":0}
2026-10-09T19:42:19.8614175Z # Subtest: Perl callback-result anchors require their own explicit capability
2026-10-09T19:42:19.8616085Z ok 8 - Perl callback-result anchors require their own explicit capability
2026-10-09T19:42:19.8618267Z   ---
2026-10-09T19:42:19.8619049Z   duration_ms: 126.685511
2026-10-09T19:42:19.8619529Z   type: 'test'
2026-10-09T19:42:19.8619918Z   ...
2026-10-09T19:42:19.8621792Z # Subtest: Perl callback-result C owners select the last argument after the private closure
2026-10-09T19:42:19.8623287Z ok 9 - Perl callback-result C owners select the last argument after the private closure
2026-10-09T19:42:19.8624152Z   ---
2026-10-09T19:42:19.8629044Z   duration_ms: 19.229053
2026-10-09T19:42:19.8629522Z   type: 'test'
2026-10-09T19:42:19.8629909Z   ...
2026-10-09T19:42:19.8630989Z # Subtest: Perl callback-only anchors enable whole owners and copies without host descriptors
2026-10-09T19:42:19.8632450Z ok 10 - Perl callback-only anchors enable whole owners and copies without host descriptors
2026-10-09T19:42:19.8633337Z   ---
2026-10-09T19:42:19.8633717Z   duration_ms: 15.713834
2026-10-09T19:42:19.8634167Z   type: 'test'
2026-10-09T19:42:19.8634539Z   ...
2026-10-09T19:42:19.8635728Z # Subtest: Perl callback anchors compose with original-owner receivers and consuming inputs
2026-10-09T19:42:19.8646658Z ok 11 - Perl callback anchors compose with original-owner receivers and consuming inputs
2026-10-09T19:42:19.8647669Z   ---
2026-10-09T19:42:19.8648179Z   duration_ms: 45.178546
2026-10-09T19:42:19.8648645Z   type: 'test'
2026-10-09T19:42:19.8649033Z   ...
2026-10-09T19:42:19.8649950Z # Subtest: Perl callback ownership projection is immutable and stable under type reordering
2026-10-09T19:42:19.8651310Z ok 12 - Perl callback ownership projection is immutable and stable under type reordering
2026-10-09T19:42:19.8652111Z   ---
2026-10-09T19:42:19.8652455Z   duration_ms: 99.140384
2026-10-09T19:42:19.8652867Z   type: 'test'
2026-10-09T19:42:19.8653223Z   ...
2026-10-09T19:42:19.8654158Z # Subtest: Perl callback capability leaves legacy generated bytes unchanged without actual anchors
2026-10-09T19:42:19.8655873Z ok 13 - Perl callback capability leaves legacy generated bytes unchanged without actual anchors
2026-10-09T19:42:19.8656744Z   ---
2026-10-09T19:42:19.8657100Z   duration_ms: 219.979957
2026-10-09T19:42:19.8657516Z   type: 'test'
2026-10-09T19:42:19.8657867Z   ...
2026-10-09T19:42:19.8659058Z # Subtest: owned Perl declarations retain finite types, identity leaves and transparent aliases
2026-10-09T19:42:19.8660536Z ok 14 - owned Perl declarations retain finite types, identity leaves and transparent aliases
2026-10-09T19:42:19.8661382Z   ---
2026-10-09T19:42:19.8661750Z   duration_ms: 16.991284
2026-10-09T19:42:19.8662170Z   type: 'test'
2026-10-09T19:42:19.8662537Z   ...
2026-10-09T19:42:19.8663454Z # Subtest: owned Perl names cannot overwrite helpers, lifecycle methods or constructor fields
2026-10-09T19:42:19.8664754Z ok 15 - owned Perl names cannot overwrite helpers, lifecycle methods or constructor fields
2026-10-09T19:42:19.8665852Z   ---
2026-10-09T19:42:19.8666213Z   duration_ms: 103.257662
2026-10-09T19:42:19.8666604Z   type: 'test'
2026-10-09T19:42:19.8666943Z   ...
2026-10-09T19:42:20.1541336Z # Subtest: real Perl constructors preserve branches, field names and nested optional payloads
2026-10-09T19:42:20.1543086Z ok 16 - real Perl constructors preserve branches, field names and nested optional payloads
2026-10-09T19:42:20.1544137Z   ---
2026-10-09T19:42:20.1544682Z   duration_ms: 296.097589
2026-10-09T19:42:20.1545657Z   type: 'test'
2026-10-09T19:42:20.1546308Z   ...
2026-10-09T19:42:20.1547077Z # 57 real Perl declaration checks passed; native transport is not enabled
2026-10-09T19:42:20.1671084Z 1..16
2026-10-09T19:42:20.1671453Z # tests 16
2026-10-09T19:42:20.1672071Z # suites 0
2026-10-09T19:42:20.1673062Z # pass 16
2026-10-09T19:42:20.1673635Z # fail 0
2026-10-09T19:42:20.1674178Z # cancelled 0
2026-10-09T19:42:20.1674725Z # skipped 0
2026-10-09T19:42:20.1675568Z # todo 0
2026-10-09T19:42:20.1676220Z # duration_ms 107391.414524
2026-10-09T19:42:20.2140125Z TAP version 13
2026-10-09T19:42:43.5033338Z # Subtest: installed Perl loaders prefer private dependencies and balance mapped-library probes
2026-10-09T19:42:43.5040128Z ok 1 - installed Perl loaders prefer private dependencies and balance mapped-library probes
2026-10-09T19:42:43.5045861Z   ---
2026-10-09T19:42:43.5046586Z   duration_ms: 23186.679314
2026-10-09T19:42:43.5047262Z   type: 'test'
2026-10-09T19:42:43.5047859Z   ...
2026-10-09T19:42:43.5049635Z # {"perl":"/home/runner/work/lean-bridge/lean-bridge/.toolchains/perl/5.38.2-unthreaded/bin/perl","mode":"global","observed":{"checks":3,"global":11,"value":11}}
2026-10-09T19:42:43.5052445Z # {"perl":"/home/runner/work/lean-bridge/lean-bridge/.toolchains/perl/5.38.2-unthreaded/bin/perl","mode":"private","observed":{"checks":133,"global":11,"value":29}}
2026-10-09T19:42:43.5055420Z # {"perl":"/home/runner/work/lean-bridge/lean-bridge/.toolchains/perl/5.38.2-unthreaded/bin/perl","mode":"cold","observed":{"checks":47,"mode":"cold"}}
2026-10-09T19:42:43.5064416Z # {"perl":"/home/runner/work/lean-bridge/lean-bridge/.toolchains/perl/5.38.2-unthreaded/bin/perl","mode":"preloaded","observed":{"checks":2,"mode":"preloaded"}}
2026-10-09T19:42:43.5067629Z # {"perl":"/home/runner/work/lean-bridge/lean-bridge/.toolchains/perl/5.38.2-unthreaded/bin/perl","mode":"conflict","observed":{"checks":2,"mode":"conflict"}}
2026-10-09T19:42:43.5069977Z # {"perl":"/home/runner/work/lean-bridge/lean-bridge/.toolchains/perl/5.38.2-unthreaded/bin/perl","mode":"warm","observed":{"checks":15,"mode":"warm"}}
2026-10-09T19:43:01.2012229Z # Subtest: Perl scalar records preserve exact native fields and reject malformed values (ordinary)
2026-10-09T19:43:01.2016395Z ok 2 - Perl scalar records preserve exact native fields and reject malformed values (ordinary)
2026-10-09T19:43:01.2017360Z   ---
2026-10-09T19:43:01.2018201Z   duration_ms: 17584.877114
2026-10-09T19:43:01.2018935Z   type: 'test'
2026-10-09T19:43:01.2019341Z   ...
2026-10-09T19:43:01.2021289Z # {"scalarFields":19,"exports":["bits32","bits64","echo","inspect","make_packet","new_ticket","option_case","units"],"exceptions":168,"live":0,"identities":0,"allocatorFailures":39,"checks":667,"nativeFailures":31}
2026-10-09T19:43:18.7437456Z # Subtest: Perl scalar records preserve exact native fields and reject malformed values (reviewed)
2026-10-09T19:43:18.7439450Z ok 3 - Perl scalar records preserve exact native fields and reject malformed values (reviewed)
2026-10-09T19:43:18.7440413Z   ---
2026-10-09T19:43:18.7440806Z   duration_ms: 17543.366595
2026-10-09T19:43:18.7441269Z   type: 'test'
2026-10-09T19:43:18.7441592Z   ...
2026-10-09T19:43:18.7443584Z # {"allocatorFailures":39,"live":0,"checks":667,"scalarFields":19,"exports":["bits32","bits64","echo","inspect","make_packet","new_ticket","option_case","units"],"identities":0,"nativeFailures":31,"exceptions":168}
2026-10-09T19:43:19.6101934Z # Subtest: CI requires four-ABI Perl callback execution and reconstructed reports
2026-10-09T19:43:19.6103249Z ok 4 - CI requires four-ABI Perl callback execution and reconstructed reports
2026-10-09T19:43:19.6103924Z   ---
2026-10-09T19:43:19.6104150Z   duration_ms: 84.569147
2026-10-09T19:43:19.6104409Z   type: 'test'
2026-10-09T19:43:19.6104649Z   ...
2026-10-09T19:43:20.8654846Z # Subtest: Perl optional history rejects altered chronology, open schemas and forged transitions
2026-10-09T19:43:20.8657099Z ok 5 - Perl optional history rejects altered chronology, open schemas and forged transitions
2026-10-09T19:43:20.8658238Z   ---
2026-10-09T19:43:20.8658868Z   duration_ms: 1281.76252
2026-10-09T19:43:20.8659245Z   type: 'test'
2026-10-09T19:43:20.8659472Z   ...
2026-10-09T19:43:20.8659747Z # 46 closed history mutations rejected.
2026-10-09T19:43:22.9965485Z # Subtest: Perl optional history closes former exclusions and preserves exact stopping bytes
2026-10-09T19:43:22.9967954Z ok 6 - Perl optional history closes former exclusions and preserves exact stopping bytes
2026-10-09T19:43:22.9968787Z   ---
2026-10-09T19:43:22.9969187Z   duration_ms: 2015.538122
2026-10-09T19:43:22.9969629Z   type: 'test'
2026-10-09T19:43:22.9970005Z   ...
2026-10-09T19:43:22.9979892Z # 19 exact transitions, 3 introduced readers and 212 rejected byte/transition forgeries.
2026-10-09T19:43:22.9981414Z # Subtest: Perl callback-result conversions authenticate whole replies before native copying
2026-10-09T19:43:22.9982759Z ok 7 - Perl callback-result conversions authenticate whole replies before native copying
2026-10-09T19:43:22.9983493Z   ---
2026-10-09T19:43:22.9983823Z   duration_ms: 79.366232
2026-10-09T19:43:22.9984184Z   type: 'test'
2026-10-09T19:43:22.9984475Z   ...
2026-10-09T19:43:22.9985467Z # Subtest: Perl callback-result opt-in preserves legacy XS bytes without anchored callbacks
2026-10-09T19:43:22.9986578Z ok 8 - Perl callback-result opt-in preserves legacy XS bytes without anchored callbacks
2026-10-09T19:43:22.9987231Z   ---
2026-10-09T19:43:22.9987523Z   duration_ms: 35.953647
2026-10-09T19:43:22.9987881Z   type: 'test'
2026-10-09T19:43:22.9988174Z   ...
2026-10-09T19:43:24.0949244Z # Subtest: Perl callback-result native and host signatures compile on every selected XS ABI
2026-10-09T19:43:24.0950978Z ok 9 - Perl callback-result native and host signatures compile on every selected XS ABI
2026-10-09T19:43:24.0966240Z   ---
2026-10-09T19:43:24.0986042Z   duration_ms: 1095.68066
2026-10-09T19:43:24.0987039Z   type: 'test'
2026-10-09T19:43:24.0987954Z   ...
2026-10-09T19:43:24.0989197Z # 4 callback-result XS/header compilations; no native execution claim.
2026-10-09T19:43:24.0990645Z # Subtest: Perl callback-result owners execute real Lean (ordinary, no-host)
2026-10-09T19:43:24.0992027Z ok 10 - Perl callback-result owners execute real Lean (ordinary, no-host) # SKIP
2026-10-09T19:43:24.0993088Z   ---
2026-10-09T19:43:24.0993743Z   duration_ms: 0.165027
2026-10-09T19:43:24.0994503Z   type: 'test'
2026-10-09T19:43:24.0995452Z   ...
2026-10-09T19:43:24.0996502Z # Subtest: Perl callback-result owners execute real Lean (ordinary, host)
2026-10-09T19:43:24.0998015Z ok 11 - Perl callback-result owners execute real Lean (ordinary, host) # SKIP
2026-10-09T19:43:24.0998950Z   ---
2026-10-09T19:43:24.0999712Z   duration_ms: 0.243484
2026-10-09T19:43:24.1000321Z   type: 'test'
2026-10-09T19:43:24.1001004Z   ...
2026-10-09T19:43:24.1002020Z # Subtest: Perl callback-result owners execute real Lean (ordinary, combined)
2026-10-09T19:43:24.1003861Z ok 12 - Perl callback-result owners execute real Lean (ordinary, combined) # SKIP
2026-10-09T19:43:24.1004848Z   ---
2026-10-09T19:43:24.1005752Z   duration_ms: 0.35962
2026-10-09T19:43:24.1006605Z   type: 'test'
2026-10-09T19:43:24.1007163Z   ...
2026-10-09T19:43:24.1008288Z # Subtest: Perl callback-result owners execute real Lean (reviewed, no-host)
2026-10-09T19:43:24.1009691Z ok 13 - Perl callback-result owners execute real Lean (reviewed, no-host) # SKIP
2026-10-09T19:43:24.1010712Z   ---
2026-10-09T19:43:24.1011164Z   duration_ms: 0.251008
2026-10-09T19:43:24.1011793Z   type: 'test'
2026-10-09T19:43:24.1012366Z   ...
2026-10-09T19:43:24.1013343Z # Subtest: Perl callback-result owners execute real Lean (reviewed, host)
2026-10-09T19:43:24.1015383Z ok 14 - Perl callback-result owners execute real Lean (reviewed, host) # SKIP
2026-10-09T19:43:24.1019719Z   ---
2026-10-09T19:43:24.1020388Z   duration_ms: 0.079378
2026-10-09T19:43:24.1021060Z   type: 'test'
2026-10-09T19:43:24.1021665Z   ...
2026-10-09T19:43:24.1022732Z # Subtest: Perl callback-result owners execute real Lean (reviewed, combined)
2026-10-09T19:43:24.1024210Z ok 15 - Perl callback-result owners execute real Lean (reviewed, combined) # SKIP
2026-10-09T19:43:24.1025716Z   ---
2026-10-09T19:43:24.1026329Z   duration_ms: 0.057777
2026-10-09T19:43:24.1027096Z   type: 'test'
2026-10-09T19:43:24.1027681Z   ...
2026-10-09T19:43:24.1028712Z # Subtest: Perl callback-result faults preserve handoff ownership (ordinary)
2026-10-09T19:43:24.1030218Z ok 16 - Perl callback-result faults preserve handoff ownership (ordinary) # SKIP
2026-10-09T19:43:24.1031160Z   ---
2026-10-09T19:43:24.1031939Z   duration_ms: 0.08034
2026-10-09T19:43:24.1032545Z   type: 'test'
2026-10-09T19:43:24.1033238Z   ...
2026-10-09T19:43:24.1034195Z # Subtest: Perl callback-result faults preserve handoff ownership (reviewed)
2026-10-09T19:43:24.1036031Z ok 17 - Perl callback-result faults preserve handoff ownership (reviewed) # SKIP
2026-10-09T19:43:24.1037056Z   ---
2026-10-09T19:43:24.1037622Z   duration_ms: 0.055764
2026-10-09T19:43:24.1038234Z   type: 'test'
2026-10-09T19:43:24.1038680Z   ...
2026-10-09T19:43:24.1039823Z # Subtest: Perl callback-result lifetime and process guards execute real Lean (ordinary)
2026-10-09T19:43:24.1041322Z ok 18 - Perl callback-result lifetime and process guards execute real Lean (ordinary) # SKIP
2026-10-09T19:43:24.1042525Z   ---
2026-10-09T19:43:24.1043065Z   duration_ms: 0.05395
2026-10-09T19:43:24.1043864Z   type: 'test'
2026-10-09T19:43:24.1044400Z   ...
2026-10-09T19:43:24.1046108Z # Subtest: Perl callback-result lifetime and process guards execute real Lean (reviewed)
2026-10-09T19:43:24.1047818Z ok 19 - Perl callback-result lifetime and process guards execute real Lean (reviewed) # SKIP
2026-10-09T19:43:24.1048954Z   ---
2026-10-09T19:43:24.1049921Z   duration_ms: 0.043391
2026-10-09T19:43:24.1050593Z   type: 'test'
2026-10-09T19:43:24.1051259Z   ...
2026-10-09T19:43:24.1052310Z # Subtest: Perl callback-result compiled semantic mutants reject (ordinary, combined)
2026-10-09T19:43:24.1054102Z ok 20 - Perl callback-result compiled semantic mutants reject (ordinary, combined) # SKIP
2026-10-09T19:43:24.1055496Z   ---
2026-10-09T19:43:24.1056168Z   duration_ms: 0.05363
2026-10-09T19:43:24.1056911Z   type: 'test'
2026-10-09T19:43:24.1057528Z   ...
2026-10-09T19:43:24.1058660Z # Subtest: Perl callback-result compiled semantic mutants reject (reviewed, combined)
2026-10-09T19:43:24.1060299Z ok 21 - Perl callback-result compiled semantic mutants reject (reviewed, combined) # SKIP
2026-10-09T19:43:24.1061421Z   ---
2026-10-09T19:43:24.1062103Z   duration_ms: 0.041247
2026-10-09T19:43:24.1062678Z   type: 'test'
2026-10-09T19:43:24.1063399Z   ...
2026-10-09T19:43:24.1064458Z # Subtest: Perl callback-result ASan and UBSan instrument actual C and XS (ordinary)
2026-10-09T19:43:24.1066681Z ok 22 - Perl callback-result ASan and UBSan instrument actual C and XS (ordinary) # SKIP
2026-10-09T19:43:24.1067824Z   ---
2026-10-09T19:43:24.1074034Z   duration_ms: 0.043581
2026-10-09T19:43:24.1074729Z   type: 'test'
2026-10-09T19:43:24.1075807Z   ...
2026-10-09T19:43:24.1077142Z # Subtest: Perl callback-result ASan and UBSan instrument actual C and XS (reviewed)
2026-10-09T19:43:24.1078660Z ok 23 - Perl callback-result ASan and UBSan instrument actual C and XS (reviewed) # SKIP
2026-10-09T19:43:24.1079757Z   ---
2026-10-09T19:43:24.1080226Z   duration_ms: 0.039163
2026-10-09T19:43:24.1080869Z   type: 'test'
2026-10-09T19:43:24.1081381Z   ...
2026-10-09T19:43:24.1082457Z # Subtest: Perl callback evidence reconstructs all six original direct-runtime reports
2026-10-09T19:43:24.1083918Z ok 24 - Perl callback evidence reconstructs all six original direct-runtime reports # SKIP
2026-10-09T19:43:24.1085194Z   ---
2026-10-09T19:43:24.1085711Z   duration_ms: 0.03726
2026-10-09T19:43:24.1086050Z   type: 'test'
2026-10-09T19:43:24.1086464Z   ...
2026-10-09T19:43:24.1087017Z # Subtest: Perl callback evidence rejects changed source, scope, ABI and raw execution
2026-10-09T19:43:24.1087914Z ok 25 - Perl callback evidence rejects changed source, scope, ABI and raw execution # SKIP
2026-10-09T19:43:24.1088492Z   ---
2026-10-09T19:43:24.1088878Z   duration_ms: 0.034794
2026-10-09T19:43:24.1089207Z   type: 'test'
2026-10-09T19:43:24.1089572Z   ...
2026-10-09T19:43:24.1090151Z # Subtest: Perl callback fault evidence reconstructs both original four-ABI sweeps
2026-10-09T19:43:24.1090947Z ok 26 - Perl callback fault evidence reconstructs both original four-ABI sweeps # SKIP
2026-10-09T19:43:24.1091526Z   ---
2026-10-09T19:43:24.1091826Z   duration_ms: 0.035436
2026-10-09T19:43:24.1092231Z   type: 'test'
2026-10-09T19:43:24.1092558Z   ...
2026-10-09T19:43:24.1093196Z # Subtest: Perl callback fault evidence rejects forged transfer, cleanup and exception traces
2026-10-09T19:43:24.1094092Z ok 27 - Perl callback fault evidence rejects forged transfer, cleanup and exception traces # SKIP
2026-10-09T19:43:24.1094688Z   ---
2026-10-09T19:43:24.1095647Z   duration_ms: 0.033673
2026-10-09T19:43:24.1096307Z   type: 'test'
2026-10-09T19:43:24.1096880Z   ...
2026-10-09T19:43:24.1097897Z # Subtest: Perl callback lifetime evidence reconstructs both four-ABI scenario matrices
2026-10-09T19:43:24.1099304Z ok 28 - Perl callback lifetime evidence reconstructs both four-ABI scenario matrices # SKIP
2026-10-09T19:43:24.1099959Z   ---
2026-10-09T19:43:24.1100243Z   duration_ms: 0.031128
2026-10-09T19:43:24.1100674Z   type: 'test'
2026-10-09T19:43:24.1100970Z   ...
2026-10-09T19:43:24.1101669Z # Subtest: Perl callback lifetime evidence rejects coordinated source, process, reentry and retirement changes
2026-10-09T19:43:24.1102762Z ok 29 - Perl callback lifetime evidence rejects coordinated source, process, reentry and retirement changes # SKIP
2026-10-09T19:43:24.1103505Z   ---
2026-10-09T19:43:24.1103805Z   duration_ms: 0.032681
2026-10-09T19:43:24.1104326Z   type: 'test'
2026-10-09T19:43:24.1104763Z   ...
2026-10-09T19:43:24.1105631Z # Subtest: Perl callback mutant evidence reconstructs all 32 compiled negative controls
2026-10-09T19:43:24.1106573Z ok 30 - Perl callback mutant evidence reconstructs all 32 compiled negative controls # SKIP
2026-10-09T19:43:24.1107163Z   ---
2026-10-09T19:43:24.1107569Z   duration_ms: 0.03766
2026-10-09T19:43:24.1107936Z   type: 'test'
2026-10-09T19:43:24.1108214Z   ...
2026-10-09T19:43:24.1108732Z # Subtest: Perl callback mutant evidence rejects relabelled defects, crashes and missing restoration
2026-10-09T19:43:24.1109553Z ok 31 - Perl callback mutant evidence rejects relabelled defects, crashes and missing restoration # SKIP
2026-10-09T19:43:24.1110049Z   ---
2026-10-09T19:43:24.1110239Z   duration_ms: 0.045154
2026-10-09T19:43:24.1110459Z   type: 'test'
2026-10-09T19:43:24.1110659Z   ...
2026-10-09T19:43:24.1111214Z # Subtest: Perl callback sanitizer evidence reconstructs scoped address/UB and separate strict LSan matrices
2026-10-09T19:43:24.1112116Z ok 32 - Perl callback sanitizer evidence reconstructs scoped address/UB and separate strict LSan matrices # SKIP
2026-10-09T19:43:24.1112637Z   ---
2026-10-09T19:43:24.1112995Z   duration_ms: 0.030556
2026-10-09T19:43:24.1113232Z   type: 'test'
2026-10-09T19:43:24.1113429Z   ...
2026-10-09T19:43:24.1113936Z # Subtest: Perl callback sanitizer evidence rejects forged source, execution, cleanup and leak claims
2026-10-09T19:43:24.1114759Z ok 33 - Perl callback sanitizer evidence rejects forged source, execution, cleanup and leak claims # SKIP
2026-10-09T19:43:24.1115540Z   ---
2026-10-09T19:43:24.1115733Z   duration_ms: 0.062898
2026-10-09T19:43:24.1115959Z   type: 'test'
2026-10-09T19:43:24.1116149Z   ...
2026-10-09T19:43:24.1116649Z # Subtest: Perl callback package evidence reconstructs four producers and 32 installed public runs
2026-10-09T19:43:24.1117453Z ok 34 - Perl callback package evidence reconstructs four producers and 32 installed public runs # SKIP
2026-10-09T19:43:24.1117946Z   ---
2026-10-09T19:43:24.1118135Z   duration_ms: 0.043731
2026-10-09T19:43:24.1118358Z   type: 'test'
2026-10-09T19:43:24.1118549Z   ...
2026-10-09T19:43:24.1119056Z # Subtest: Perl callback package evidence rejects coordinated producer, receipt and installed claims
2026-10-09T19:43:24.1119876Z ok 35 - Perl callback package evidence rejects coordinated producer, receipt and installed claims # SKIP
2026-10-09T19:43:24.1120365Z   ---
2026-10-09T19:43:24.1120558Z   duration_ms: 0.034334
2026-10-09T19:43:24.1120781Z   type: 'test'
2026-10-09T19:43:24.1120976Z   ...
2026-10-09T19:43:24.1121426Z # Subtest: nine-target Perl callback release reconstructs ordinary inputs and execution
2026-10-09T19:43:24.1122150Z ok 36 - nine-target Perl callback release reconstructs ordinary inputs and execution # SKIP
2026-10-09T19:43:24.1122598Z   ---
2026-10-09T19:43:24.1122792Z   duration_ms: 0.044743
2026-10-09T19:43:24.1123009Z   type: 'test'
2026-10-09T19:43:24.1123200Z   ...
2026-10-09T19:43:24.1123644Z # Subtest: nine-target Perl callback release reconstructs reviewed inputs and execution
2026-10-09T19:43:24.1124343Z ok 37 - nine-target Perl callback release reconstructs reviewed inputs and execution # SKIP
2026-10-09T19:43:24.1124792Z   ---
2026-10-09T19:43:24.1125203Z   duration_ms: 0.04288
2026-10-09T19:43:24.1125440Z   type: 'test'
2026-10-09T19:43:24.1125632Z   ...
2026-10-09T19:43:24.1126075Z # Subtest: installed CPAN callback-result smoke preserves combined owners (ordinary)
2026-10-09T19:43:24.1126765Z ok 38 - installed CPAN callback-result smoke preserves combined owners (ordinary) # SKIP
2026-10-09T19:43:24.1127209Z   ---
2026-10-09T19:43:24.1127401Z   duration_ms: 0.105807
2026-10-09T19:43:24.1127624Z   type: 'test'
2026-10-09T19:43:24.1127822Z   ...
2026-10-09T19:43:25.8065537Z # Subtest: Perl callback source history authenticates complete transitions and rejects drift
2026-10-09T19:43:25.8067197Z ok 39 - Perl callback source history authenticates complete transitions and rejects drift
2026-10-09T19:43:25.8068628Z   ---
2026-10-09T19:43:25.8069250Z   duration_ms: 1711.359621
2026-10-09T19:43:25.8069598Z   type: 'test'
2026-10-09T19:43:25.8069828Z   ...
2026-10-09T19:43:31.2165420Z # Subtest: staged Perl source identities do not promote type-surface support
2026-10-09T19:43:31.2166748Z ok 40 - staged Perl source identities do not promote type-surface support
2026-10-09T19:43:31.2167919Z   ---
2026-10-09T19:43:31.2168469Z   duration_ms: 5410.120448
2026-10-09T19:43:31.2168916Z   type: 'test'
2026-10-09T19:43:31.2169262Z   ...
2026-10-09T19:43:32.1389699Z # Subtest: frozen JVM CLI reports reject current Perl source inventories without rewriting originals
2026-10-09T19:43:32.1391254Z ok 41 - frozen JVM CLI reports reject current Perl source inventories without rewriting originals
2026-10-09T19:43:32.1392113Z   ---
2026-10-09T19:43:32.1392484Z   duration_ms: 922.269203
2026-10-09T19:43:32.1392916Z   type: 'test'
2026-10-09T19:43:32.1393262Z   ...
2026-10-09T19:43:33.2869972Z # Subtest: Perl acceptance covers the execution and verifier import closure
2026-10-09T19:43:33.2871337Z ok 42 - Perl acceptance covers the execution and verifier import closure
2026-10-09T19:43:33.2872034Z   ---
2026-10-09T19:43:33.2872746Z   duration_ms: 1148.043245
2026-10-09T19:43:33.2873192Z   type: 'test'
2026-10-09T19:43:33.2873537Z   ...
2026-10-09T19:43:48.2006504Z # Subtest: Perl acceptance reconstructs all 18 reports and complete executed probes
2026-10-09T19:43:48.2008223Z ok 43 - Perl acceptance reconstructs all 18 reports and complete executed probes
2026-10-09T19:43:48.2009233Z   ---
2026-10-09T19:43:48.2009597Z   duration_ms: 14913.428688
2026-10-09T19:43:48.2010020Z   type: 'test'
2026-10-09T19:43:48.2010369Z   ...
2026-10-09T19:45:19.6056628Z # Subtest: Perl acceptance rejects skipped runs, changed sources and inflated guarantees
2026-10-09T19:45:19.6066163Z ok 44 - Perl acceptance rejects skipped runs, changed sources and inflated guarantees
2026-10-09T19:45:19.6078994Z   ---
2026-10-09T19:45:19.6079394Z   duration_ms: 91404.791666
2026-10-09T19:45:19.6079847Z   type: 'test'
2026-10-09T19:45:19.6080104Z   ...
2026-10-09T19:45:19.6080554Z # 58 altered acceptance claims rejected
2026-10-09T19:45:20.4644826Z # Subtest: Perl acceptance binds every report slot to its mode and execution boundary
2026-10-09T19:45:20.4646639Z ok 45 - Perl acceptance binds every report slot to its mode and execution boundary
2026-10-09T19:45:20.4647393Z   ---
2026-10-09T19:45:20.4647743Z   duration_ms: 854.884613
2026-10-09T19:45:20.4648162Z   type: 'test'
2026-10-09T19:45:20.4648509Z   ...
2026-10-09T19:45:20.4648960Z # 40 false report-slot claims rejected
2026-10-09T19:45:20.4650946Z # Subtest: Perl optional CPAN evidence reconstructs eight producers, exact archives and 64 public runs
2026-10-09T19:45:20.4652161Z ok 46 - Perl optional CPAN evidence reconstructs eight producers, exact archives and 64 public runs # SKIP
2026-10-09T19:45:20.4653008Z   ---
2026-10-09T19:45:20.4653485Z   duration_ms: 0.14538
2026-10-09T19:45:20.4653979Z   type: 'test'
2026-10-09T19:45:20.4654434Z   ...
2026-10-09T19:45:20.4655713Z # Subtest: Perl optional CPAN evidence rejects partial matrices, false capabilities and coordinated raw claims
2026-10-09T19:45:20.4657294Z ok 47 - Perl optional CPAN evidence rejects partial matrices, false capabilities and coordinated raw claims # SKIP
2026-10-09T19:45:20.4658030Z   ---
2026-10-09T19:45:20.4658611Z   duration_ms: 0.050805
2026-10-09T19:45:20.4659086Z   type: 'test'
2026-10-09T19:45:20.4659503Z   ...
2026-10-09T19:45:20.4660390Z # Subtest: Perl optional TAP grammar rejects incomplete and reordered synthetic parser fixtures
2026-10-09T19:45:20.4661526Z ok 48 - Perl optional TAP grammar rejects incomplete and reordered synthetic parser fixtures
2026-10-09T19:45:20.4662176Z   ---
2026-10-09T19:45:20.4662608Z   duration_ms: 3.775767
2026-10-09T19:45:20.4663140Z   type: 'test'
2026-10-09T19:45:20.4663555Z   ...
2026-10-09T19:45:20.4664057Z # 25 malformed parser-only TAP fixtures rejected.
2026-10-09T19:45:28.1813899Z # Subtest: Perl optional acceptance closes exact installed evidence and preserves the combined predecessor
2026-10-09T19:45:28.1815611Z ok 49 - Perl optional acceptance closes exact installed evidence and preserves the combined predecessor
2026-10-09T19:45:28.1816699Z   ---
2026-10-09T19:45:28.1817005Z   duration_ms: 7716.498969
2026-10-09T19:45:28.1817285Z   type: 'test'
2026-10-09T19:45:28.1817584Z   ...
2026-10-09T19:46:40.0333799Z # Subtest: Perl optional acceptance rejects forged logs, archives, exclusions and scope
2026-10-09T19:46:40.0335984Z ok 50 - Perl optional acceptance rejects forged logs, archives, exclusions and scope
2026-10-09T19:46:40.0337170Z   ---
2026-10-09T19:46:40.0337820Z   duration_ms: 71781.194431
2026-10-09T19:46:40.0338360Z   type: 'test'
2026-10-09T19:46:40.0338752Z   ...
2026-10-09T19:46:40.0339566Z # 167 receipt/log/archive claims and 6 coordinated report forgeries rejected.
2026-10-09T19:46:40.0340736Z # Subtest: owned CPAN namespaces remain a validated host projection
2026-10-09T19:46:40.0342755Z ok 51 - owned CPAN namespaces remain a validated host projection
2026-10-09T19:46:40.0343697Z   ---
2026-10-09T19:46:40.0344351Z   duration_ms: 0.625555
2026-10-09T19:46:40.0344917Z   type: 'test'
2026-10-09T19:46:40.0345789Z   ...
2026-10-09T19:46:40.0346323Z # Subtest: owned Perl emits every function, identity method and scoped callback boundary
2026-10-09T19:46:40.0347047Z ok 52 - owned Perl emits every function, identity method and scoped callback boundary
2026-10-09T19:46:40.0347474Z   ---
2026-10-09T19:46:40.0347690Z   duration_ms: 70.209308
2026-10-09T19:46:40.0347931Z   type: 'test'
2026-10-09T19:46:40.0348144Z   ...
2026-10-09T19:46:41.0713575Z # Subtest: all owned Perl call and callback signatures compile on each supported XS ABI
2026-10-09T19:46:41.0714754Z ok 53 - all owned Perl call and callback signatures compile on each supported XS ABI
2026-10-09T19:46:41.0715590Z   ---
2026-10-09T19:46:41.0715833Z   duration_ms: 1038.175233
2026-10-09T19:46:41.0716117Z   type: 'test'
2026-10-09T19:46:41.0716360Z   ...
2026-10-09T19:46:41.0716753Z # 4 full XS API/header checks; native execution is tested separately.
2026-10-09T19:46:41.1164245Z 1..53
2026-10-09T19:46:41.1164695Z # tests 53
2026-10-09T19:46:41.1165307Z # suites 0
2026-10-09T19:46:41.1165696Z # pass 22
2026-10-09T19:46:41.1166101Z # fail 0
2026-10-09T19:46:41.1166471Z # cancelled 0
2026-10-09T19:46:41.1166890Z # skipped 31
2026-10-09T19:46:41.1167277Z # todo 0
2026-10-09T19:46:41.1167886Z # duration_ms 260915.641316
2026-10-09T19:46:41.1621368Z TAP version 13
2026-10-09T19:54:01.5560832Z # Subtest: installed owned Perl components coexist, reject foreign owners and reproduce independently
2026-10-09T19:54:01.5573199Z ok 1 - installed owned Perl components coexist, reject foreign owners and reproduce independently
2026-10-09T19:54:01.5574667Z   ---
2026-10-09T19:54:01.5575329Z   duration_ms: 440289.388926
2026-10-09T19:54:01.5575809Z   type: 'test'
2026-10-09T19:54:01.5576187Z   ...
2026-10-09T19:54:01.5577255Z # building OwnedOne, independent producer 1
2026-10-09T19:54:01.5586116Z # building OwnedOne, independent producer 2
2026-10-09T19:54:01.5586878Z # building OwnedTwo, independent producer 1
2026-10-09T19:54:01.5587633Z # building CopiedGraph, independent producer 1
2026-10-09T19:54:01.5588388Z # building Peer, independent producer 1
2026-10-09T19:54:01.5589926Z # {"perl":"/home/runner/work/lean-bridge/lean-bridge/.toolchains/perl/5.38.2-unthreaded/bin/perl","order":"owned-first","checks":323}
2026-10-09T19:54:01.5596725Z # {"perl":"/home/runner/work/lean-bridge/lean-bridge/.toolchains/perl/5.38.2-unthreaded/bin/perl","order":"second-owned-first","checks":323}
2026-10-09T19:54:01.5597890Z # {"perl":"/home/runner/work/lean-bridge/lean-bridge/.toolchains/perl/5.38.2-unthreaded/bin/perl","order":"graph-first","checks":323}
2026-10-09T19:54:01.5598969Z # {"perl":"/home/runner/work/lean-bridge/lean-bridge/.toolchains/perl/5.38.2-unthreaded/bin/perl","order":"peer-first","checks":323}
2026-10-09T19:56:25.6695245Z # Subtest: installed owned Perl scalars preserve private GMP and source-free loading (ordinary)
2026-10-09T19:56:25.6698187Z ok 2 - installed owned Perl scalars preserve private GMP and source-free loading (ordinary)
2026-10-09T19:56:25.6699256Z   ---
2026-10-09T19:56:25.6699846Z   duration_ms: 144000.065641
2026-10-09T19:56:25.6700382Z   type: 'test'
2026-10-09T19:56:25.6700919Z   ...
2026-10-09T19:56:25.6701774Z # CLI builds the Lean component, shared runtime and owned CPAN package
2026-10-09T19:56:25.6704223Z # {"perl":"/home/runner/work/lean-bridge/lean-bridge/.toolchains/perl/5.38.2-unthreaded/bin/perl","mode":"prebuilt-only","observed":{"checks":134,"exports":["bits32","bits64","echo","inspect","make_packet","new_ticket","option_case","units"],"live":0},"assetChecks":6}
2026-10-09T19:56:25.6707195Z # {"perl":"/home/runner/work/lean-bridge/lean-bridge/.toolchains/perl/5.38.2-unthreaded/bin/perl","mode":"build-xs","observed":{"checks":134,"exports":["bits32","bits64","echo","inspect","make_packet","new_ticket","option_case","units"],"live":0},"assetChecks":6}
2026-10-09T19:58:51.1404406Z # Subtest: installed owned Perl scalars preserve private GMP and source-free loading (reviewed)
2026-10-09T19:58:51.1406562Z ok 3 - installed owned Perl scalars preserve private GMP and source-free loading (reviewed)
2026-10-09T19:58:51.1407490Z   ---
2026-10-09T19:58:51.1407898Z   duration_ms: 145470.785568
2026-10-09T19:58:51.1408368Z   type: 'test'
2026-10-09T19:58:51.1408736Z   ...
2026-10-09T19:58:51.1409462Z # CLI builds the Lean component, shared runtime and owned CPAN package
2026-10-09T19:58:51.1411962Z # {"perl":"/home/runner/work/lean-bridge/lean-bridge/.toolchains/perl/5.38.2-unthreaded/bin/perl","mode":"prebuilt-only","observed":{"checks":134,"exports":["bits32","bits64","echo","inspect","make_packet","new_ticket","option_case","units"],"live":0},"assetChecks":6}
2026-10-09T19:58:51.1414088Z # {"perl":"/home/runner/work/lean-bridge/lean-bridge/.toolchains/perl/5.38.2-unthreaded/bin/perl","mode":"build-xs","observed":{"checks":134,"exports":["bits32","bits64","echo","inspect","make_packet","new_ticket","option_case","units"],"live":0},"assetChecks":6}
2026-10-09T20:01:37.8886365Z # Subtest: installed owned Perl callbacks preserve private GMP and source-free loading (ordinary)
2026-10-09T20:01:37.8888000Z ok 4 - installed owned Perl callbacks preserve private GMP and source-free loading (ordinary)
2026-10-09T20:01:37.8892172Z   ---
2026-10-09T20:01:37.8892514Z   duration_ms: 166748.155158
2026-10-09T20:01:37.8892786Z   type: 'test'
2026-10-09T20:01:37.8893234Z   ...
2026-10-09T20:01:37.8893799Z # CLI builds the Lean component, shared runtime and owned CPAN package
2026-10-09T20:01:37.8899616Z # {"perl":"/home/runner/work/lean-bridge/lean-bridge/.toolchains/perl/5.38.2-unthreaded/bin/perl","mode":"prebuilt-only","observed":{"checks":115,"brokerIdentities":0,"exports":["bundle","callback_record","callback_recursive","construct","dispatch","echo_alias","echo_array","echo_chain","echo_list","echo_mixed","echo_nested","echo_option","echo_record","echo_recursive","echo_result","echo_row","echo_tuple","echo_variant","factory","identity_closure","label","make_record","make_recursive","new_ticket","payload","primary","repeatedly","retain_callback","retain_ticket","serial","twice","via_bool","via_bytes","via_char","via_f32","via_f64","via_i16","via_i32","via_i64","via_i8","via_int","via_isize","via_nat","via_string","via_u16","via_u32","via_u64","via_u8","via_unit","via_usize","with_function"],"primitives":19},"assetChecks":6}
2026-10-09T20:01:37.8908939Z # {"perl":"/home/runner/work/lean-bridge/lean-bridge/.toolchains/perl/5.38.2-unthreaded/bin/perl","mode":"build-xs","observed":{"primitives":19,"exports":["bundle","callback_record","callback_recursive","construct","dispatch","echo_alias","echo_array","echo_chain","echo_list","echo_mixed","echo_nested","echo_option","echo_record","echo_recursive","echo_result","echo_row","echo_tuple","echo_variant","factory","identity_closure","label","make_record","make_recursive","new_ticket","payload","primary","repeatedly","retain_callback","retain_ticket","serial","twice","via_bool","via_bytes","via_char","via_f32","via_f64","via_i16","via_i32","via_i64","via_i8","via_int","via_isize","via_nat","via_string","via_u16","via_u32","via_u64","via_u8","via_unit","via_usize","with_function"],"checks":115,"brokerIdentities":0},"assetChecks":6}
2026-10-09T20:04:25.3995830Z # Subtest: installed owned Perl callbacks preserve private GMP and source-free loading (reviewed)
2026-10-09T20:04:25.3997765Z ok 5 - installed owned Perl callbacks preserve private GMP and source-free loading (reviewed)
2026-10-09T20:04:25.3998852Z   ---
2026-10-09T20:04:25.3999408Z   duration_ms: 167510.613791
2026-10-09T20:04:25.4000005Z   type: 'test'
2026-10-09T20:04:25.4000492Z   ...
2026-10-09T20:04:25.4001254Z # CLI builds the Lean component, shared runtime and owned CPAN package
2026-10-09T20:04:25.4009039Z # {"perl":"/home/runner/work/lean-bridge/lean-bridge/.toolchains/perl/5.38.2-unthreaded/bin/perl","mode":"prebuilt-only","observed":{"brokerIdentities":0,"exports":["bundle","callback_record","callback_recursive","construct","dispatch","echo_alias","echo_array","echo_chain","echo_list","echo_mixed","echo_nested","echo_option","echo_record","echo_recursive","echo_result","echo_row","echo_tuple","echo_variant","factory","identity_closure","label","make_record","make_recursive","new_ticket","payload","primary","repeatedly","retain_callback","retain_ticket","serial","twice","via_bool","via_bytes","via_char","via_f32","via_f64","via_i16","via_i32","via_i64","via_i8","via_int","via_isize","via_nat","via_string","via_u16","via_u32","via_u64","via_u8","via_unit","via_usize","with_function"],"checks":115,"primitives":19},"assetChecks":6}
2026-10-09T20:04:25.4021523Z # {"perl":"/home/runner/work/lean-bridge/lean-bridge/.toolchains/perl/5.38.2-unthreaded/bin/perl","mode":"build-xs","observed":{"primitives":19,"exports":["bundle","callback_record","callback_recursive","construct","dispatch","echo_alias","echo_array","echo_chain","echo_list","echo_mixed","echo_nested","echo_option","echo_record","echo_recursive","echo_result","echo_row","echo_tuple","echo_variant","factory","identity_closure","label","make_record","make_recursive","new_ticket","payload","primary","repeatedly","retain_callback","retain_ticket","serial","twice","via_bool","via_bytes","via_char","via_f32","via_f64","via_i16","via_i32","via_i64","via_i8","via_int","via_isize","via_nat","via_string","via_u16","via_u32","via_u64","via_u8","via_unit","via_usize","with_function"],"brokerIdentities":0,"checks":115},"assetChecks":6}
2026-10-09T20:04:25.4115787Z 1..5
2026-10-09T20:04:25.4116264Z # tests 5
2026-10-09T20:04:25.4116852Z # suites 0
2026-10-09T20:04:25.4117525Z # pass 5
2026-10-09T20:04:25.4118064Z # fail 0
2026-10-09T20:04:25.4118654Z # cancelled 0
2026-10-09T20:04:25.4119236Z # skipped 0
2026-10-09T20:04:25.4119765Z # todo 0
2026-10-09T20:04:25.4120398Z # duration_ms 1064262.64909
2026-10-09T20:04:25.5124790Z 
2026-10-09T20:04:25.5125805Z > @lean-wasm/bridge-poc@0.0.0-poc test:owned-perl-transfers
2026-10-09T20:04:25.5127275Z > LEAN_BRIDGE_OWNED_PERL_TRANSFER_TEST=1 LEAN_BRIDGE_OWNED_NATIVE_TEST=1 node --test --test-concurrency=1 tests/owned-perl-transfers.test.mjs tests/owned-perl-transfer-packaging.test.mjs tests/owned-perl-documentation.test.mjs
2026-10-09T20:04:25.5128204Z 
2026-10-09T20:04:25.5588827Z TAP version 13
2026-10-09T20:08:00.9785369Z # Subtest: owned CPAN author and consumer guides work in a combined C/Perl release
2026-10-09T20:08:00.9804094Z ok 1 - owned CPAN author and consumer guides work in a combined C/Perl release
2026-10-09T20:08:00.9804733Z   ---
2026-10-09T20:08:00.9805300Z   duration_ms: 215340.057359
2026-10-09T20:08:00.9805754Z   type: 'test'
2026-10-09T20:08:00.9806082Z   ...
2026-10-09T20:08:00.9806374Z # 2 installed documentation examples passed
2026-10-09T20:11:36.3338070Z # Subtest: owned CPAN consuming examples work in a combined C/Perl release
2026-10-09T20:11:36.3339733Z ok 2 - owned CPAN consuming examples work in a combined C/Perl release
2026-10-09T20:11:36.3341021Z   ---
2026-10-09T20:11:36.3341579Z   duration_ms: 215355.549755
2026-10-09T20:11:36.3342183Z   type: 'test'
2026-10-09T20:11:36.3342691Z   ...
2026-10-09T20:11:36.3343357Z # 2 installed documentation examples passed
2026-10-09T20:11:36.8006740Z # Subtest: CPAN transfer metadata and POD name the compiler-selected consuming arguments
2026-10-09T20:11:36.8010218Z ok 3 - CPAN transfer metadata and POD name the compiler-selected consuming arguments
2026-10-09T20:11:36.8010844Z   ---
2026-10-09T20:11:36.8011224Z   duration_ms: 357.340698
2026-10-09T20:11:36.8011643Z   type: 'test'
2026-10-09T20:11:36.8011980Z   ...
2026-10-09T20:14:23.7672494Z # Subtest: installed CPAN consuming inputs survive source removal (ordinary)
2026-10-09T20:14:23.7674697Z ok 4 - installed CPAN consuming inputs survive source removal (ordinary)
2026-10-09T20:14:23.7675723Z   ---
2026-10-09T20:14:23.7675959Z   duration_ms: 166966.384872
2026-10-09T20:14:23.7676235Z   type: 'test'
2026-10-09T20:14:23.7676444Z   ...
2026-10-09T20:14:23.7678759Z # ordinary: build Lean, shared runtime and four authenticated consuming XS variants
2026-10-09T20:14:23.7680671Z # {"perl":"/home/runner/work/lean-bridge/lean-bridge/.toolchains/perl/5.38.2-unthreaded/bin/perl","mode":"prebuilt-only","checks":134,"assetChecks":6}
2026-10-09T20:14:23.7682370Z # {"perl":"/home/runner/work/lean-bridge/lean-bridge/.toolchains/perl/5.38.2-unthreaded/bin/perl","mode":"build-xs","checks":134,"assetChecks":6}
2026-10-09T20:17:11.7813198Z # Subtest: installed CPAN consuming inputs survive source removal (reviewed)
2026-10-09T20:17:11.7814851Z ok 5 - installed CPAN consuming inputs survive source removal (reviewed)
2026-10-09T20:17:11.7816113Z   ---
2026-10-09T20:17:11.7816543Z   duration_ms: 168013.81533
2026-10-09T20:17:11.7817046Z   type: 'test'
2026-10-09T20:17:11.7817627Z   ...
2026-10-09T20:17:11.7818517Z # reviewed: build Lean, shared runtime and four authenticated consuming XS variants
2026-10-09T20:17:11.7820640Z # {"perl":"/home/runner/work/lean-bridge/lean-bridge/.toolchains/perl/5.38.2-unthreaded/bin/perl","mode":"prebuilt-only","checks":134,"assetChecks":6}
2026-10-09T20:17:11.7823154Z # {"perl":"/home/runner/work/lean-bridge/lean-bridge/.toolchains/perl/5.38.2-unthreaded/bin/perl","mode":"build-xs","checks":134,"assetChecks":6}
2026-10-09T20:17:11.9831160Z # Subtest: Perl transfers require explicit capability and leave borrowed APIs unchanged
2026-10-09T20:17:11.9834140Z ok 6 - Perl transfers require explicit capability and leave borrowed APIs unchanged
2026-10-09T20:17:11.9835259Z   ---
2026-10-09T20:17:11.9835924Z   duration_ms: 86.148516
2026-10-09T20:17:11.9836205Z   type: 'test'
2026-10-09T20:17:11.9836422Z   ...
2026-10-09T20:17:12.2517230Z # Subtest: Perl XS transfer signatures compile on each selected ABI
2026-10-09T20:17:12.2518575Z ok 7 - Perl XS transfer signatures compile on each selected ABI
2026-10-09T20:17:12.2519195Z   ---
2026-10-09T20:17:12.2519556Z   duration_ms: 271.220864
2026-10-09T20:17:12.2519872Z   type: 'test'
2026-10-09T20:17:12.2520092Z   ...
2026-10-09T20:17:33.6636178Z # Subtest: Perl aliases follow real Lean input transfers (ordinary)
2026-10-09T20:17:33.6637801Z ok 8 - Perl aliases follow real Lean input transfers (ordinary)
2026-10-09T20:17:33.6638531Z   ---
2026-10-09T20:17:33.6638980Z   duration_ms: 21411.221549
2026-10-09T20:17:33.6642184Z   type: 'test'
2026-10-09T20:17:33.6642570Z   ...
2026-10-09T20:17:33.6647123Z # {"perl":"/home/runner/work/lean-bridge/lean-bridge/.toolchains/perl/5.38.2-unthreaded/bin/perl","observed":{"multiple":{"exception":{"after":75,"before":19},"allocator":{"before":15,"after":8},"native":{"before":15,"after":19}},"heldErrors":349,"checks":1014,"managedLive":0,"single":{"native":{"before":41,"after":20},"exception":{"before":24,"after":83},"allocator":{"after":9,"before":20}},"identities":0,"live":0,"exports":["bundle","callback_record","callback_recursive","echo_alias","echo_array","echo_chain","echo_list","echo_mixed","echo_nested","echo_option","echo_record","echo_recursive","echo_result","echo_row","echo_tuple","echo_variant","label","make_record","make_recursive","new_record_callback","new_ticket","payload","primary","retain_ticket","serial","transfer_callback"],"perlVersion":"v5.38.2","threaded":0}}
2026-10-09T20:17:55.2244309Z # Subtest: Perl aliases follow real Lean input transfers (reviewed)
2026-10-09T20:17:55.2249905Z ok 9 - Perl aliases follow real Lean input transfers (reviewed)
2026-10-09T20:17:55.2250620Z   ---
2026-10-09T20:17:55.2251021Z   duration_ms: 21561.686084
2026-10-09T20:17:55.2251490Z   type: 'test'
2026-10-09T20:17:55.2251880Z   ...
2026-10-09T20:17:55.2259404Z # {"perl":"/home/runner/work/lean-bridge/lean-bridge/.toolchains/perl/5.38.2-unthreaded/bin/perl","observed":{"single":{"native":{"before":41,"after":20},"exception":{"after":83,"before":24},"allocator":{"before":20,"after":9}},"heldErrors":349,"perlVersion":"v5.38.2","exports":["bundle","callback_record","callback_recursive","echo_alias","echo_array","echo_chain","echo_list","echo_mixed","echo_nested","echo_option","echo_record","echo_recursive","echo_result","echo_row","echo_tuple","echo_variant","label","make_record","make_recursive","new_record_callback","new_ticket","payload","primary","retain_ticket","serial","transfer_callback"],"live":0,"multiple":{"allocator":{"after":8,"before":15},"native":{"before":15,"after":19},"exception":{"after":75,"before":19}},"managedLive":0,"threaded":0,"checks":1014,"identities":0}}
2026-10-09T20:17:55.2373773Z 1..9
2026-10-09T20:17:55.2374167Z # tests 9
2026-10-09T20:17:55.2378470Z # suites 0
2026-10-09T20:17:55.2378903Z # pass 9
2026-10-09T20:17:55.2379269Z # fail 0
2026-10-09T20:17:55.2379626Z # cancelled 0
2026-10-09T20:17:55.2380022Z # skipped 0
2026-10-09T20:17:55.2380396Z # todo 0
2026-10-09T20:17:55.2380811Z # duration_ms 809691.995261
2026-10-09T20:17:55.3399420Z 
2026-10-09T20:17:55.3400132Z > @lean-wasm/bridge-poc@0.0.0-poc test:owned-perl-borrows
2026-10-09T20:17:55.3401526Z > LEAN_BRIDGE_OWNED_PERL_BORROW_TEST=1 LEAN_BRIDGE_OWNED_NATIVE_TEST=1 node --test --test-concurrency=1 tests/owned-perl-borrows.test.mjs tests/owned-perl-borrow-packaging.test.mjs tests/owned-perl-borrow-documentation.test.mjs
2026-10-09T20:17:55.3402493Z 
2026-10-09T20:17:55.3859053Z TAP version 13
2026-10-09T20:21:31.7872299Z # Subtest: Perl borrowed-result author and consumer guides run from a combined installed release
2026-10-09T20:21:31.7879211Z ok 1 - Perl borrowed-result author and consumer guides run from a combined installed release
2026-10-09T20:21:31.7880147Z   ---
2026-10-09T20:21:31.7880573Z   duration_ms: 216323.464817
2026-10-09T20:21:31.7881062Z   type: 'test'
2026-10-09T20:21:31.7881460Z   ...
2026-10-09T20:21:32.2649416Z # Subtest: CPAN borrowed-result metadata and POD bind the original whole owner
2026-10-09T20:21:32.2652640Z ok 2 - CPAN borrowed-result metadata and POD bind the original whole owner
2026-10-09T20:21:32.2653227Z   ---
2026-10-09T20:21:32.2653567Z   duration_ms: 367.906893
2026-10-09T20:21:32.2654129Z   type: 'test'
2026-10-09T20:21:32.2654493Z   ...
2026-10-09T20:21:33.6933206Z # Subtest: Perl installer validates borrowed-result policies on each selected ABI
2026-10-09T20:21:33.6935280Z ok 3 - Perl installer validates borrowed-result policies on each selected ABI
2026-10-09T20:21:33.6936457Z   ---
2026-10-09T20:21:33.6937418Z   duration_ms: 1428.275844
2026-10-09T20:21:33.6938450Z   type: 'test'
2026-10-09T20:21:33.6938852Z   ...
2026-10-09T20:24:19.4364041Z # Subtest: installed CPAN borrowed results survive source removal (ordinary)
2026-10-09T20:24:19.4365635Z ok 4 - installed CPAN borrowed results survive source removal (ordinary)
2026-10-09T20:24:19.4366411Z   ---
2026-10-09T20:24:19.4366817Z   duration_ms: 165743.013395
2026-10-09T20:24:19.4367276Z   type: 'test'
2026-10-09T20:24:19.4367644Z   ...
2026-10-09T20:24:19.4369542Z # ordinary: build authenticated borrowed-result CPAN archives
2026-10-09T20:24:19.4371494Z # {"perl":"/home/runner/work/lean-bridge/lean-bridge/.toolchains/perl/5.38.2-unthreaded/bin/perl","mode":"prebuilt-only","checks":183,"assetChecks":6}
2026-10-09T20:24:19.4373654Z # {"perl":"/home/runner/work/lean-bridge/lean-bridge/.toolchains/perl/5.38.2-unthreaded/bin/perl","mode":"build-xs","checks":183,"assetChecks":6}
2026-10-09T20:27:06.0186505Z # Subtest: installed CPAN borrowed results survive source removal (reviewed)
2026-10-09T20:27:06.0187808Z ok 5 - installed CPAN borrowed results survive source removal (reviewed)
2026-10-09T20:27:06.0188558Z   ---
2026-10-09T20:27:06.0188955Z   duration_ms: 166581.980138
2026-10-09T20:27:06.0189422Z   type: 'test'
2026-10-09T20:27:06.0189797Z   ...
2026-10-09T20:27:06.0190479Z # reviewed: build authenticated borrowed-result CPAN archives
2026-10-09T20:27:06.0192265Z # {"perl":"/home/runner/work/lean-bridge/lean-bridge/.toolchains/perl/5.38.2-unthreaded/bin/perl","mode":"prebuilt-only","checks":183,"assetChecks":6}
2026-10-09T20:27:06.0194599Z # {"perl":"/home/runner/work/lean-bridge/lean-bridge/.toolchains/perl/5.38.2-unthreaded/bin/perl","mode":"build-xs","checks":183,"assetChecks":6}
2026-10-09T20:27:06.3065772Z # Subtest: Perl callback copy factories distinguish callback-only containers and higher-order sites
2026-10-09T20:27:06.3076699Z ok 6 - Perl callback copy factories distinguish callback-only containers and higher-order sites
2026-10-09T20:27:06.3083651Z   ---
2026-10-09T20:27:06.3084314Z   duration_ms: 37.715904
2026-10-09T20:27:06.3084605Z   type: 'test'
2026-10-09T20:27:06.3084823Z   ...
2026-10-09T20:27:06.3086039Z # Subtest: Perl callback copy factories check authentic self before reading or copying a supplied value
2026-10-09T20:27:06.3086893Z ok 7 - Perl callback copy factories check authentic self before reading or copying a supplied value
2026-10-09T20:27:06.3087384Z   ---
2026-10-09T20:27:06.3087590Z   duration_ms: 5.941505
2026-10-09T20:27:06.3087827Z   type: 'test'
2026-10-09T20:27:06.3088037Z   ...
2026-10-09T20:27:06.3088571Z # Subtest: Perl callback copy factories leave supported legacy capability combinations byte-identical
2026-10-09T20:27:06.3089388Z ok 8 - Perl callback copy factories leave supported legacy capability combinations byte-identical
2026-10-09T20:27:06.3089876Z   ---
2026-10-09T20:27:06.3090090Z   duration_ms: 76.341432
2026-10-09T20:27:06.3090329Z   type: 'test'
2026-10-09T20:27:06.3090535Z   ...
2026-10-09T20:27:06.3091012Z # Subtest: Perl callback copy factories compile on each selected XS ABI without a Lean build
2026-10-09T20:27:06.3091763Z ok 9 - Perl callback copy factories compile on each selected XS ABI without a Lean build # SKIP
2026-10-09T20:27:06.3092226Z   ---
2026-10-09T20:27:06.3092424Z   duration_ms: 0.227924
2026-10-09T20:27:06.3092658Z   type: 'test'
2026-10-09T20:27:06.3092860Z   ...
2026-10-09T20:27:06.3093324Z # Subtest: Perl anchored results require explicit capability and preserve unanchored APIs
2026-10-09T20:27:06.3094014Z ok 10 - Perl anchored results require explicit capability and preserve unanchored APIs
2026-10-09T20:27:06.3094440Z   ---
2026-10-09T20:27:06.3094638Z   duration_ms: 45.712174
2026-10-09T20:27:06.3094866Z   type: 'test'
2026-10-09T20:27:06.3095322Z   ...
2026-10-09T20:27:06.5878222Z # Subtest: Perl borrowed-result signatures compile on every selected XS ABI
2026-10-09T20:27:06.5879382Z ok 11 - Perl borrowed-result signatures compile on every selected XS ABI
2026-10-09T20:27:06.5880061Z   ---
2026-10-09T20:27:06.5880451Z   duration_ms: 284.150281
2026-10-09T20:27:06.5880869Z   type: 'test'
2026-10-09T20:27:06.5881221Z   ...
2026-10-09T20:27:36.4199244Z # Subtest: Perl borrowed values expire with their original owners (ordinary)
2026-10-09T20:27:36.4200487Z ok 12 - Perl borrowed values expire with their original owners (ordinary)
2026-10-09T20:27:36.4201068Z   ---
2026-10-09T20:27:36.4201410Z   duration_ms: 29831.775615
2026-10-09T20:27:36.4201777Z   type: 'test'
2026-10-09T20:27:36.4202105Z   ...
2026-10-09T20:27:36.4208770Z # {"perl":"/home/runner/work/lean-bridge/lean-bridge/.toolchains/perl/5.38.2-unthreaded/bin/perl","observed":{"checks":928,"exports":["bundle","callback_record","callback_recursive","copy_value","echo_alias","echo_array","echo_list","echo_nested","echo_option","echo_record","echo_recursive","echo_result","echo_row","echo_tuple","echo_variant","label","make_record","make_recursive","mixed_ticket","move_array","move_record","new_ticket","primary","retain_ticket","serial","transfer_ticket"],"faults":{"allocator":{"after":35,"before":19},"exception":{"after":191,"before":23},"native":{"after":86,"before":11}},"heldErrors":366,"identities":0,"live":0,"managedLive":0,"perlVersion":"v5.38.2","threaded":0},"rejectedMutations":[{"name":"unchecked-whole-value","compiled":true,"sourceSha256":"57e4b7ceb9946b3732ccc3f450e85232f5c80a5425aa4475060341e4b07fc742"},{"name":"unchecked-empty-value","compiled":true,"sourceSha256":"4099509d5412f3b92ea8ec9729f9cef3eae9f36da7824286b72a590f01fb8165"},{"name":"discarded-whole-owner","compiled":true,"sourceSha256":"8af0b3de06cde23f0b3e0268041adcaad86b1c36050b5a481fb74449a1bcb233"},{"name":"escaped-callback-frame","compiled":true,"sourceSha256":"2eb2956790d012c86bfbfe805563268476c30962d4e6099267894d25a3fd41fc"},{"name":"pointer-equality","compiled":true,"sourceSha256":"77012847c330368d08879634482add095e9d397009eef50b1454a4dc3906d4c0"}]}
2026-10-09T20:28:06.2710614Z # Subtest: Perl borrowed values expire with their original owners (reviewed)
2026-10-09T20:28:06.2712200Z ok 13 - Perl borrowed values expire with their original owners (reviewed)
2026-10-09T20:28:06.2714603Z   ---
2026-10-09T20:28:06.2714882Z   duration_ms: 29851.532478
2026-10-09T20:28:06.2715477Z   type: 'test'
2026-10-09T20:28:06.2715701Z   ...
2026-10-09T20:28:06.2721847Z # {"perl":"/home/runner/work/lean-bridge/lean-bridge/.toolchains/perl/5.38.2-unthreaded/bin/perl","observed":{"checks":928,"exports":["bundle","callback_record","callback_recursive","copy_value","echo_alias","echo_array","echo_list","echo_nested","echo_option","echo_record","echo_recursive","echo_result","echo_row","echo_tuple","echo_variant","label","make_record","make_recursive","mixed_ticket","move_array","move_record","new_ticket","primary","retain_ticket","serial","transfer_ticket"],"faults":{"allocator":{"after":35,"before":19},"exception":{"after":191,"before":23},"native":{"after":86,"before":11}},"heldErrors":366,"identities":0,"live":0,"managedLive":0,"perlVersion":"v5.38.2","threaded":0},"rejectedMutations":[{"name":"unchecked-whole-value","compiled":true,"sourceSha256":"57e4b7ceb9946b3732ccc3f450e85232f5c80a5425aa4475060341e4b07fc742"},{"name":"unchecked-empty-value","compiled":true,"sourceSha256":"4099509d5412f3b92ea8ec9729f9cef3eae9f36da7824286b72a590f01fb8165"},{"name":"discarded-whole-owner","compiled":true,"sourceSha256":"8af0b3de06cde23f0b3e0268041adcaad86b1c36050b5a481fb74449a1bcb233"},{"name":"escaped-callback-frame","compiled":true,"sourceSha256":"2eb2956790d012c86bfbfe805563268476c30962d4e6099267894d25a3fd41fc"},{"name":"pointer-equality","compiled":true,"sourceSha256":"77012847c330368d08879634482add095e9d397009eef50b1454a4dc3906d4c0"}]}
2026-10-09T20:28:46.2461084Z # Subtest: Perl borrowed results execute without consuming-input capability
2026-10-09T20:28:46.2462642Z ok 14 - Perl borrowed results execute without consuming-input capability
2026-10-09T20:28:46.2463549Z   ---
2026-10-09T20:28:46.2464093Z   duration_ms: 39975.321517
2026-10-09T20:28:46.2464571Z   type: 'test'
2026-10-09T20:28:46.2465209Z   ...
2026-10-09T20:28:46.2581625Z 1..14
2026-10-09T20:28:46.2582052Z # tests 14
2026-10-09T20:28:46.2582825Z # suites 0
2026-10-09T20:28:46.2583294Z # pass 13
2026-10-09T20:28:46.2583880Z # fail 0
2026-10-09T20:28:46.2584458Z # cancelled 0
2026-10-09T20:28:46.2585493Z # skipped 1
2026-10-09T20:28:46.2586592Z # todo 0
2026-10-09T20:28:46.2587181Z # duration_ms 650885.722364
2026-10-09T20:28:46.2754372Z ##[group]Run actions/upload-artifact@v7
2026-10-09T20:28:46.2754700Z with:
2026-10-09T20:28:46.2755408Z   name: type-corpus-perl-5.38.2-unthreaded-ff71335c762628da47887bfd4f208e62c39b94b7
2026-10-09T20:28:46.2761503Z   path: build/type-corpus/perl.json
build/type-corpus/reviewed-native-perl.json
build/char-native/perl.json
build/word-native/perl.json
build/callables/perl.json
build/structured-callables/perl.json
build/recursive-callables/perl.json
build/compounds/perl.json
build/lists/perl.json
build/collections/perl.json
build/aliases/perl.json
build/native-fin/perl.json
build/native-fin/perl-reviewed.json
build/native-specializations/perl.json
build/generic-records/perl.json
build/generic-records/specialized-perl.json
build/generic-records/array-perl.json
build/native-fin-containers/perl.json
build/native-fin-containers/reviewed-perl.json
build/native-fin-products/perl.json
build/native-fin-products/reviewed-perl.json
build/native-fin-product-arrays/perl.json
build/native-fin-product-arrays/reviewed-perl.json
build/native-fin-records/perl.json
build/native-fin-records/reviewed-perl.json
build/native-subtype/perl.json
build/perl-refinements/perl.json
build/variants/perl.json
build/recursive/perl-values.json
build/recursive/perl-conversions.json
build/recursive/perl-native.json
build/recursive/perl-packages.json
build/recursive/perl-component-collision.json
build/recursive/perl-composition.json
build/recursive/perl-documentation.json
build/owned-perl-runtime/
build/owned-perl-conversions/
build/owned-perl-calls/
build/owned-perl-scalars/
build/owned-perl-loader/
build/owned-perl-package/
build/owned-perl-transfers/
build/owned-perl-transfer-packaging/
build/owned-perl-borrows/
build/owned-perl-borrow-packaging/

2026-10-09T20:28:46.2768015Z   if-no-files-found: error
2026-10-09T20:28:46.2768264Z   overwrite: true
2026-10-09T20:28:46.2768479Z   retention-days: 30
2026-10-09T20:28:46.2768701Z   compression-level: 6
2026-10-09T20:28:46.2768939Z   include-hidden-files: false
2026-10-09T20:28:46.2769189Z   archive: true
2026-10-09T20:28:46.2769396Z ##[endgroup]
2026-10-09T20:28:46.5136857Z Multiple search paths detected. Calculating the least common ancestor of all paths
2026-10-09T20:28:46.5181810Z The least common ancestor is /home/runner/work/lean-bridge/lean-bridge/build. This will be the root directory of the artifact
2026-10-09T20:28:46.5183252Z With the provided path, there will be 67 files uploaded
2026-10-09T20:28:46.6519624Z Artifact name is valid!
2026-10-09T20:28:46.6520248Z Root directory input is valid!
2026-10-09T20:28:46.9232364Z Uploading artifact: type-corpus-perl-5.38.2-unthreaded-ff71335c762628da47887bfd4f208e62c39b94b7.zip
2026-10-09T20:28:46.9273872Z Beginning upload of artifact content to blob storage
2026-10-09T20:28:47.4125813Z Uploaded bytes 539771
2026-10-09T20:28:47.4599128Z Finished uploading artifact content to blob storage!
2026-10-09T20:28:47.4600612Z SHA256 digest of uploaded artifact is d89449a24f7f1c5e09d0a8cb9ca0d3961a4045b6f97cd50d10a322a249404e65
2026-10-09T20:28:47.4601686Z Finalizing artifact upload
2026-10-09T20:28:47.7661597Z Artifact type-corpus-perl-5.38.2-unthreaded-ff71335c762628da47887bfd4f208e62c39b94b7 successfully finalized. Artifact ID 11643806372
2026-10-09T20:28:47.7663029Z Artifact type-corpus-perl-5.38.2-unthreaded-ff71335c762628da47887bfd4f208e62c39b94b7 has been successfully uploaded! Final size is 539771 bytes. Artifact ID is 11643806372
2026-10-09T20:28:47.7664816Z Artifact download URL: https://github.com/seanmorris/lean-bridge/actions/runs/37969725049/artifacts/11643806372
2026-10-09T20:28:47.7804197Z ##[group]Run actions/upload-artifact@v7
2026-10-09T20:28:47.7804508Z with:
2026-10-09T20:28:47.7804854Z   name: perl-abi-5.38.2-unthreaded-ff71335c762628da47887bfd4f208e62c39b94b7
2026-10-09T20:28:47.7806023Z   path: build/consumer-ci/perl/*/benchmark.json
build/consumer-ci/perl/*/acceptance.json
build/consumer-ci/perl/*/perl.json

2026-10-09T20:28:47.7806630Z   if-no-files-found: error
2026-10-09T20:28:47.7806877Z   overwrite: true
2026-10-09T20:28:47.7807105Z   compression-level: 6
2026-10-09T20:28:47.7807350Z   include-hidden-files: false
2026-10-09T20:28:47.7807609Z   archive: true
2026-10-09T20:28:47.7807819Z ##[endgroup]
2026-10-09T20:28:47.9250732Z With the provided path, there will be 3 files uploaded
2026-10-09T20:28:48.0898102Z Artifact name is valid!
2026-10-09T20:28:48.0898683Z Root directory input is valid!
2026-10-09T20:28:48.3254442Z Uploading artifact: perl-abi-5.38.2-unthreaded-ff71335c762628da47887bfd4f208e62c39b94b7.zip
2026-10-09T20:28:48.3329931Z Beginning upload of artifact content to blob storage
2026-10-09T20:28:48.5228338Z Uploaded bytes 2126
2026-10-09T20:28:48.5671108Z Finished uploading artifact content to blob storage!
2026-10-09T20:28:48.5672252Z SHA256 digest of uploaded artifact is 60f5147e08c6895f13cdd87527d942bdf5619b3141e778d70445b9dac73d05a4
2026-10-09T20:28:48.5672968Z Finalizing artifact upload
2026-10-09T20:28:48.8911468Z Artifact perl-abi-5.38.2-unthreaded-ff71335c762628da47887bfd4f208e62c39b94b7 successfully finalized. Artifact ID 11643926171
2026-10-09T20:28:48.8912809Z Artifact perl-abi-5.38.2-unthreaded-ff71335c762628da47887bfd4f208e62c39b94b7 has been successfully uploaded! Final size is 2126 bytes. Artifact ID is 11643926171
2026-10-09T20:28:48.8915715Z Artifact download URL: https://github.com/seanmorris/lean-bridge/actions/runs/37969725049/artifacts/11643926171
2026-10-09T20:28:48.9621076Z Post job cleanup.
2026-10-09T20:28:49.0736437Z Cache hit occurred on the primary key perl-abi-v2-Linux-5.38.2-unthreaded-2fc9758a07a5ff174c4ceb8537771405658ae8ed656706950f6fb2a457de42cc, not saving cache.
2026-10-09T20:28:49.0738467Z (node:715641) [DEP0040] DeprecationWarning: The `punycode` module is deprecated. Please use a userland alternative instead.
2026-10-09T20:28:49.0740635Z (Use `node --trace-deprecation ...` to show where the warning was created)
2026-10-09T20:28:49.0851014Z Post job cleanup.
2026-10-09T20:28:49.2083776Z Cache hit occurred on the primary key node-cache-Linux-x64-npm-26a2ea32ff9fbdbc806907cf3b846fc9f2d906ee6b040e7c2c0e2b49f755b41e, not saving cache.
2026-10-09T20:28:49.2228043Z Post job cleanup.
2026-10-09T20:28:49.3088206Z [command]/usr/bin/git version
2026-10-09T20:28:49.3133834Z git version 2.55.0
2026-10-09T20:28:49.3176842Z Temporarily overriding HOME='/home/runner/work/_temp/cc6d630d-20ae-4789-837e-0fa4c23f352c' before making global git config changes
2026-10-09T20:28:49.3178592Z Adding repository directory to the temporary git global config as a safe directory
2026-10-09T20:28:49.3185301Z [command]/usr/bin/git config --global --add safe.directory /home/runner/work/lean-bridge/lean-bridge
2026-10-09T20:28:49.3219594Z Removing SSH command configuration
2026-10-09T20:28:49.3227904Z [command]/usr/bin/git config --local --name-only --get-regexp core\.sshCommand
2026-10-09T20:28:49.3268099Z [command]/usr/bin/git submodule foreach --recursive sh -c "git config --local --name-only --get-regexp 'core\.sshCommand' && git config --local --unset-all 'core.sshCommand' || :"
2026-10-09T20:28:49.3523160Z Removing HTTP extra header
2026-10-09T20:28:49.3529557Z [command]/usr/bin/git config --local --name-only --get-regexp http\.https\:\/\/github\.com\/\.extraheader
2026-10-09T20:28:49.3569013Z [command]/usr/bin/git submodule foreach --recursive sh -c "git config --local --name-only --get-regexp 'http\.https\:\/\/github\.com\/\.extraheader' && git config --local --unset-all 'http.https://github.com/.extraheader' || :"
2026-10-09T20:28:49.3833139Z Removing includeIf entries pointing to credentials config files
2026-10-09T20:28:49.3844025Z [command]/usr/bin/git config --local --name-only --get-regexp ^includeIf\.gitdir:
2026-10-09T20:28:49.3880532Z [command]/usr/bin/git submodule foreach --recursive git config --local --show-origin --name-only --get-regexp remote.origin.url
2026-10-09T20:28:49.4293172Z Cleaning up orphan processes
2026-10-09T20:28:49.4617204Z ##[warning]Node.js 20 is deprecated. The following actions target Node.js 20 but are being forced to run on Node.js 24: actions/cache@v4. For more information see: https://github.blog/changelog/2025-09-19-deprecation-of-node-20-on-github-actions-runners/
