2026-10-09T17:55:55.3968451Z Current runner version: '2.337.0'
2026-10-09T17:55:55.3984643Z ##[group]Runner Image Provisioner
2026-10-09T17:55:55.3985185Z Hosted Compute Agent
2026-10-09T17:55:55.3985689Z Version: 20261002.596
2026-10-09T17:55:55.3986073Z Commit: c3d12f3313a95f25162a1503be624f3b0617f8c0
2026-10-09T17:55:55.3986496Z Build Date: 2026-10-02T22:28:27Z
2026-10-09T17:55:55.3986962Z Worker ID: {bfe7fcd1-ddda-4d49-87f1-de97aa9073dc}
2026-10-09T17:55:55.3987397Z Region: centralus
2026-10-09T17:55:55.3987779Z Cloud: Azure
2026-10-09T17:55:55.3988153Z ##[endgroup]
2026-10-09T17:55:55.3988904Z ##[group]Operating System
2026-10-09T17:55:55.3989312Z Ubuntu
2026-10-09T17:55:55.3989636Z 24.04.5
2026-10-09T17:55:55.3990036Z LTS
2026-10-09T17:55:55.3990366Z ##[endgroup]
2026-10-09T17:55:55.3990702Z ##[group]Runner Image
2026-10-09T17:55:55.3991106Z Image: ubuntu-24.04
2026-10-09T17:55:55.3991458Z Version: 20261004.327.1
2026-10-09T17:55:55.3992287Z Included Software: https://github.com/actions/runner-images/blob/ubuntu24/20261004.327/images/ubuntu/Ubuntu2404-Readme.md
2026-10-09T17:55:55.3993182Z Image Release: https://github.com/actions/runner-images/releases/tag/ubuntu24%2F20261004.327
2026-10-09T17:55:55.3993800Z ##[endgroup]
2026-10-09T17:55:55.3994602Z ##[group]GITHUB_TOKEN Permissions
2026-10-09T17:55:55.3995860Z Contents: read
2026-10-09T17:55:55.3996210Z Metadata: read
2026-10-09T17:55:55.3996540Z ##[endgroup]
2026-10-09T17:55:55.3997819Z Secret source: Actions
2026-10-09T17:55:55.3998404Z Cache mode: write
2026-10-09T17:55:55.3998877Z Prepare workflow directory
2026-10-09T17:55:55.4268979Z Prepare all required actions
2026-10-09T17:55:55.4301007Z Getting action download info
2026-10-09T17:55:55.7332269Z Download action repository 'actions/checkout@v6' (SHA:d23441a48e516b6c34aea4fa41551a30e30af803)
2026-10-09T17:55:55.8300377Z Download action repository 'actions/setup-node@v6' (SHA:249970729cb0ef3589644e2896645e5dc5ba9c38)
2026-10-09T17:55:55.9486764Z Download action repository 'cachix/install-nix-action@v31' (SHA:13d8dd58da0234aa297dedd986986ccb8e7f3e24)
2026-10-09T17:55:56.1302637Z Download action repository 'actions/setup-dotnet@v6' (SHA:a98b56852c35b8e3190ac28c8c2271da59106c68)
2026-10-09T17:55:56.7156855Z Download action repository 'ruby/setup-ruby@v1' (SHA:14594264cd68ce8a2345dd349bc3d138a4ef85c8)
2026-10-09T17:55:57.1062684Z Download action repository 'actions/upload-artifact@v7' (SHA:cf430e030ddbb5b0abf93d22962f4752f3646cd9)
2026-10-09T17:55:57.7232062Z Download action repository 'actions/setup-java@v4' (SHA:cf277c60eb25467037889841efdb72551f06f6c3)
2026-10-09T17:55:58.9012458Z Complete job name: Managed consumer (dotnet)
2026-10-09T17:55:58.9924194Z ##[group]Run actions/checkout@v6
2026-10-09T17:55:58.9924597Z with:
2026-10-09T17:55:58.9924717Z   fetch-depth: 0
2026-10-09T17:55:58.9924849Z   persist-credentials: false
2026-10-09T17:55:58.9924998Z   repository: seanmorris/lean-bridge
2026-10-09T17:55:58.9926652Z   token: ***
2026-10-09T17:55:58.9926768Z   ssh-strict: true
2026-10-09T17:55:58.9926886Z   ssh-user: git
2026-10-09T17:55:58.9927010Z   clean: true
2026-10-09T17:55:58.9927148Z   sparse-checkout-cone-mode: true
2026-10-09T17:55:58.9927299Z   fetch-tags: false
2026-10-09T17:55:58.9927429Z   show-progress: true
2026-10-09T17:55:58.9927549Z   lfs: false
2026-10-09T17:55:58.9927659Z   submodules: false
2026-10-09T17:55:58.9927782Z   set-safe-directory: true
2026-10-09T17:55:58.9927927Z   allow-unsafe-pr-checkout: false
2026-10-09T17:55:58.9928143Z env:
2026-10-09T17:55:58.9928251Z   NODE_VERSION: 22
2026-10-09T17:55:58.9928425Z   LEAN_BRIDGE_CONSUMER_PERFORMANCE_DIR: build/consumer-ci/performance
2026-10-09T17:55:58.9928660Z ##[endgroup]
2026-10-09T17:55:59.0590478Z Syncing repository: seanmorris/lean-bridge
2026-10-09T17:55:59.0591761Z ##[group]Getting Git version info
2026-10-09T17:55:59.0592113Z Working directory is '/home/runner/work/lean-bridge/lean-bridge'
2026-10-09T17:55:59.0592614Z [command]/usr/bin/git version
2026-10-09T17:55:59.0664898Z git version 2.55.0
2026-10-09T17:55:59.0678881Z ##[endgroup]
2026-10-09T17:55:59.0688742Z Temporarily overriding HOME='/home/runner/work/_temp/0b917061-36d3-4870-8083-ce95959713ea' before making global git config changes
2026-10-09T17:55:59.0689481Z Adding repository directory to the temporary git global config as a safe directory
2026-10-09T17:55:59.0692322Z [command]/usr/bin/git config --global --add safe.directory /home/runner/work/lean-bridge/lean-bridge
2026-10-09T17:55:59.1083758Z Deleting the contents of '/home/runner/work/lean-bridge/lean-bridge'
2026-10-09T17:55:59.1086778Z ##[group]Determining repository object format
2026-10-09T17:55:59.1088618Z ##[endgroup]
2026-10-09T17:55:59.1089013Z ##[group]Initializing the repository
2026-10-09T17:55:59.1093044Z [command]/usr/bin/git init /home/runner/work/lean-bridge/lean-bridge
2026-10-09T17:55:59.2278867Z hint: Using 'master' as the name for the initial branch. This default branch name
2026-10-09T17:55:59.2279432Z hint: will change to "main" in Git 3.0. To configure the initial branch name
2026-10-09T17:55:59.2279758Z hint: to use in all of your new repositories, which will suppress this warning,
2026-10-09T17:55:59.2280035Z hint: call:
2026-10-09T17:55:59.2280154Z hint:
2026-10-09T17:55:59.2280358Z hint: 	git config --global init.defaultBranch <name>
2026-10-09T17:55:59.2280538Z hint:
2026-10-09T17:55:59.2280741Z hint: Names commonly chosen instead of 'master' are 'main', 'trunk' and
2026-10-09T17:55:59.2281048Z hint: 'development'. The just-created branch can be renamed via this command:
2026-10-09T17:55:59.2281289Z hint:
2026-10-09T17:55:59.2281413Z hint: 	git branch -m <name>
2026-10-09T17:55:59.2281565Z hint:
2026-10-09T17:55:59.2281755Z hint: Disable this message with "git config set advice.defaultBranchName false"
2026-10-09T17:55:59.2291979Z Initialized empty Git repository in /home/runner/work/lean-bridge/lean-bridge/.git/
2026-10-09T17:55:59.2299860Z [command]/usr/bin/git remote add origin https://github.com/seanmorris/lean-bridge
2026-10-09T17:55:59.2869310Z ##[endgroup]
2026-10-09T17:55:59.2869548Z ##[group]Disabling automatic garbage collection
2026-10-09T17:55:59.2873998Z [command]/usr/bin/git config --local gc.auto 0
2026-10-09T17:55:59.3466617Z ##[endgroup]
2026-10-09T17:55:59.3467094Z ##[group]Setting up auth
2026-10-09T17:55:59.3467532Z Removing SSH command configuration
2026-10-09T17:55:59.3474213Z [command]/usr/bin/git config --local --name-only --get-regexp core\.sshCommand
2026-10-09T17:55:59.3503498Z [command]/usr/bin/git submodule foreach --recursive sh -c "git config --local --name-only --get-regexp 'core\.sshCommand' && git config --local --unset-all 'core.sshCommand' || :"
2026-10-09T17:55:59.4107735Z Removing HTTP extra header
2026-10-09T17:55:59.4111871Z [command]/usr/bin/git config --local --name-only --get-regexp http\.https\:\/\/github\.com\/\.extraheader
2026-10-09T17:55:59.4139595Z [command]/usr/bin/git submodule foreach --recursive sh -c "git config --local --name-only --get-regexp 'http\.https\:\/\/github\.com\/\.extraheader' && git config --local --unset-all 'http.https://github.com/.extraheader' || :"
2026-10-09T17:55:59.4316638Z Removing includeIf entries pointing to credentials config files
2026-10-09T17:55:59.4322763Z [command]/usr/bin/git config --local --name-only --get-regexp ^includeIf\.gitdir:
2026-10-09T17:55:59.4360981Z [command]/usr/bin/git submodule foreach --recursive git config --local --show-origin --name-only --get-regexp remote.origin.url
2026-10-09T17:55:59.4552826Z [command]/usr/bin/git config --file /home/runner/work/_temp/git-credentials-101b31e5-736f-420f-a68d-400db845a14c.config http.https://github.com/.extraheader AUTHORIZATION: basic ***
2026-10-09T17:55:59.4655608Z [command]/usr/bin/git config --local includeIf.gitdir:/home/runner/work/lean-bridge/lean-bridge/.git.path /home/runner/work/_temp/git-credentials-101b31e5-736f-420f-a68d-400db845a14c.config
2026-10-09T17:55:59.4757535Z [command]/usr/bin/git config --local includeIf.gitdir:/home/runner/work/lean-bridge/lean-bridge/.git/worktrees/*.path /home/runner/work/_temp/git-credentials-101b31e5-736f-420f-a68d-400db845a14c.config
2026-10-09T17:55:59.4861196Z [command]/usr/bin/git config --local includeIf.gitdir:/github/workspace/.git.path /github/runner_temp/git-credentials-101b31e5-736f-420f-a68d-400db845a14c.config
2026-10-09T17:55:59.5057474Z [command]/usr/bin/git config --local includeIf.gitdir:/github/workspace/.git/worktrees/*.path /github/runner_temp/git-credentials-101b31e5-736f-420f-a68d-400db845a14c.config
2026-10-09T17:55:59.5282568Z ##[endgroup]
2026-10-09T17:55:59.5282937Z ##[group]Fetching the repository
2026-10-09T17:55:59.5288892Z [command]/usr/bin/git -c protocol.version=2 fetch --no-tags --prune --no-recurse-submodules origin +refs/heads/*:refs/remotes/origin/* +refs/tags/*:refs/tags/*
2026-10-09T17:56:04.6459376Z From https://github.com/seanmorris/lean-bridge
2026-10-09T17:56:04.6459958Z  * [new branch]        agent/authenticate-release-archives -> origin/agent/authenticate-release-archives
2026-10-09T17:56:04.6460480Z  * [new branch]        agent/callback-fin-vo1220 -> origin/agent/callback-fin-vo1220
2026-10-09T17:56:04.6461130Z  * [new branch]        agent/generic-record-arrays-integration-vo1439 -> origin/agent/generic-record-arrays-integration-vo1439
2026-10-09T17:56:04.6461784Z  * [new branch]        agent/generic-refinements-vo1220 -> origin/agent/generic-refinements-vo1220
2026-10-09T17:56:04.6462277Z  * [new branch]        agent/nominal-fin-vo1220 -> origin/agent/nominal-fin-vo1220
2026-10-09T17:56:04.6462754Z  * [new branch]        agent/wp14-target-expansion -> origin/agent/wp14-target-expansion
2026-10-09T17:56:04.6463341Z  * [new branch]        backup/20261002-dotnet-callback-results -> origin/backup/20261002-dotnet-callback-results
2026-10-09T17:56:04.6464000Z  * [new branch]        backup/20261002-historical-closure-fix -> origin/backup/20261002-historical-closure-fix
2026-10-09T17:56:04.6464841Z  * [new branch]        backup/20261002-historical-jvm-repair -> origin/backup/20261002-historical-jvm-repair
2026-10-09T17:56:04.6465471Z  * [new branch]        backup/20261002-historical-jvm-worktree -> origin/backup/20261002-historical-jvm-worktree
2026-10-09T17:56:04.6466080Z  * [new branch]        backup/20261002-jvm-callback-results -> origin/backup/20261002-jvm-callback-results
2026-10-09T17:56:04.6466647Z  * [new branch]        backup/20261002-ruby-callback-results -> origin/backup/20261002-ruby-callback-results
2026-10-09T17:56:04.6467273Z  * [new branch]        backup/20261003-perl-callback-acceptance -> origin/backup/20261003-perl-callback-acceptance
2026-10-09T17:56:04.6467956Z  * [new branch]        backup/20261003-perl-callback-results -> origin/backup/20261003-perl-callback-results
2026-10-09T17:56:04.6468854Z  * [new branch]        backup/20261003-perl-callback-runtime -> origin/backup/20261003-perl-callback-runtime
2026-10-09T17:56:04.6469446Z  * [new branch]        backup/20261003-perl-callback-safety -> origin/backup/20261003-perl-callback-safety
2026-10-09T17:56:04.6470125Z  * [new branch]        backup/20261003-perl-callback-variant-freeze -> origin/backup/20261003-perl-callback-variant-freeze
2026-10-09T17:56:04.6470774Z  * [new branch]        backup/20261003-perl-callback-variants -> origin/backup/20261003-perl-callback-variants
2026-10-09T17:56:04.6471441Z  * [new branch]        backup/20261003-php-callback-acceptance-history -> origin/backup/20261003-php-callback-acceptance-history
2026-10-09T17:56:04.6472127Z  * [new branch]        backup/20261003-php-callback-generator -> origin/backup/20261003-php-callback-generator
2026-10-09T17:56:04.6472762Z  * [new branch]        backup/20261003-php-callback-installed-staging -> origin/backup/20261003-php-callback-installed-staging
2026-10-09T17:56:04.6473385Z  * [new branch]        backup/20261003-php-callback-runtime -> origin/backup/20261003-php-callback-runtime
2026-10-09T17:56:04.6473971Z  * [new branch]        backup/20261003-php-wasm-callback-results -> origin/backup/20261003-php-wasm-callback-results
2026-10-09T17:56:04.6474767Z  * [new branch]        backup/20261003-wit-callback-acceptance -> origin/backup/20261003-wit-callback-acceptance
2026-10-09T17:56:04.6475620Z  * [new branch]        backup/20261003-wit-callback-generator -> origin/backup/20261003-wit-callback-generator
2026-10-09T17:56:04.6476247Z  * [new branch]        backup/20261003-wit-callback-installed -> origin/backup/20261003-wit-callback-installed
2026-10-09T17:56:04.6476953Z  * [new branch]        backup/20261003-wit-callback-installed-acceptance -> origin/backup/20261003-wit-callback-installed-acceptance
2026-10-09T17:56:04.6477640Z  * [new branch]        backup/20261003-wit-callback-runtime -> origin/backup/20261003-wit-callback-runtime
2026-10-09T17:56:04.6478225Z  * [new branch]        chore/enforce-js-style -> origin/chore/enforce-js-style
2026-10-09T17:56:04.6478686Z  * [new branch]        master                 -> origin/master
2026-10-09T17:56:04.6479906Z [command]/usr/bin/git branch --list --remote origin/agent/generic-record-arrays-integration-vo1439
2026-10-09T17:56:04.6505156Z   origin/agent/generic-record-arrays-integration-vo1439
2026-10-09T17:56:04.6535051Z [command]/usr/bin/git rev-parse refs/remotes/origin/agent/generic-record-arrays-integration-vo1439
2026-10-09T17:56:04.6535655Z ff71335c762628da47887bfd4f208e62c39b94b7
2026-10-09T17:56:04.6537743Z ##[endgroup]
2026-10-09T17:56:04.6538101Z ##[group]Determining the checkout info
2026-10-09T17:56:04.6538650Z ##[endgroup]
2026-10-09T17:56:04.6541784Z [command]/usr/bin/git sparse-checkout disable
2026-10-09T17:56:04.6586569Z [command]/usr/bin/git config --local --unset-all extensions.worktreeConfig
2026-10-09T17:56:04.6612956Z ##[group]Checking out the ref
2026-10-09T17:56:04.6616132Z [command]/usr/bin/git checkout --progress --force -B agent/generic-record-arrays-integration-vo1439 refs/remotes/origin/agent/generic-record-arrays-integration-vo1439
2026-10-09T17:56:05.6740263Z Updating files:  51% (3861/7521)
2026-10-09T17:56:05.6841869Z Updating files:  52% (3911/7521)
2026-10-09T17:56:05.6949494Z Updating files:  53% (3987/7521)
2026-10-09T17:56:05.7039830Z Updating files:  54% (4062/7521)
2026-10-09T17:56:05.7107709Z Updating files:  55% (4137/7521)
2026-10-09T17:56:05.7142993Z Updating files:  56% (4212/7521)
2026-10-09T17:56:05.7181836Z Updating files:  57% (4287/7521)
2026-10-09T17:56:05.7209155Z Updating files:  58% (4363/7521)
2026-10-09T17:56:05.7242062Z Updating files:  59% (4438/7521)
2026-10-09T17:56:05.7269426Z Updating files:  60% (4513/7521)
2026-10-09T17:56:05.7291359Z Updating files:  61% (4588/7521)
2026-10-09T17:56:05.7313980Z Updating files:  62% (4664/7521)
2026-10-09T17:56:05.7349624Z Updating files:  63% (4739/7521)
2026-10-09T17:56:05.7389027Z Updating files:  64% (4814/7521)
2026-10-09T17:56:05.7429565Z Updating files:  65% (4889/7521)
2026-10-09T17:56:05.7471462Z Updating files:  66% (4964/7521)
2026-10-09T17:56:05.7524918Z Updating files:  67% (5040/7521)
2026-10-09T17:56:05.7560102Z Updating files:  68% (5115/7521)
2026-10-09T17:56:05.7600124Z Updating files:  69% (5190/7521)
2026-10-09T17:56:05.7637680Z Updating files:  70% (5265/7521)
2026-10-09T17:56:05.7674287Z Updating files:  71% (5340/7521)
2026-10-09T17:56:05.7710769Z Updating files:  72% (5416/7521)
2026-10-09T17:56:05.7746005Z Updating files:  73% (5491/7521)
2026-10-09T17:56:05.7781763Z Updating files:  74% (5566/7521)
2026-10-09T17:56:05.7812200Z Updating files:  75% (5641/7521)
2026-10-09T17:56:05.7857362Z Updating files:  76% (5716/7521)
2026-10-09T17:56:05.7893255Z Updating files:  77% (5792/7521)
2026-10-09T17:56:05.7936068Z Updating files:  78% (5867/7521)
2026-10-09T17:56:05.7974741Z Updating files:  79% (5942/7521)
2026-10-09T17:56:05.8003415Z Updating files:  80% (6017/7521)
2026-10-09T17:56:05.8041953Z Updating files:  81% (6093/7521)
2026-10-09T17:56:05.8074643Z Updating files:  82% (6168/7521)
2026-10-09T17:56:05.8108497Z Updating files:  83% (6243/7521)
2026-10-09T17:56:05.8138121Z Updating files:  84% (6318/7521)
2026-10-09T17:56:05.8168475Z Updating files:  85% (6393/7521)
2026-10-09T17:56:05.8204068Z Updating files:  86% (6469/7521)
2026-10-09T17:56:05.8239537Z Updating files:  87% (6544/7521)
2026-10-09T17:56:05.8276514Z Updating files:  88% (6619/7521)
2026-10-09T17:56:05.8320423Z Updating files:  89% (6694/7521)
2026-10-09T17:56:05.8369144Z Updating files:  90% (6769/7521)
2026-10-09T17:56:05.8408594Z Updating files:  91% (6845/7521)
2026-10-09T17:56:05.8444067Z Updating files:  92% (6920/7521)
2026-10-09T17:56:05.8478806Z Updating files:  93% (6995/7521)
2026-10-09T17:56:05.8511310Z Updating files:  94% (7070/7521)
2026-10-09T17:56:05.8553865Z Updating files:  95% (7145/7521)
2026-10-09T17:56:05.8591362Z Updating files:  96% (7221/7521)
2026-10-09T17:56:05.8631859Z Updating files:  97% (7296/7521)
2026-10-09T17:56:05.8668765Z Updating files:  98% (7371/7521)
2026-10-09T17:56:05.8703426Z Updating files:  99% (7446/7521)
2026-10-09T17:56:05.8703695Z Updating files: 100% (7521/7521)
2026-10-09T17:56:05.8703926Z Updating files: 100% (7521/7521), done.
2026-10-09T17:56:05.8777520Z Switched to a new branch 'agent/generic-record-arrays-integration-vo1439'
2026-10-09T17:56:05.8783148Z branch 'agent/generic-record-arrays-integration-vo1439' set up to track 'origin/agent/generic-record-arrays-integration-vo1439'.
2026-10-09T17:56:05.8847072Z ##[endgroup]
2026-10-09T17:56:05.8889863Z [command]/usr/bin/git log -1 --format=%H
2026-10-09T17:56:05.8914956Z ff71335c762628da47887bfd4f208e62c39b94b7
2026-10-09T17:56:05.8922478Z ##[group]Removing auth
2026-10-09T17:56:05.8922715Z Removing SSH command configuration
2026-10-09T17:56:05.8926020Z [command]/usr/bin/git config --local --name-only --get-regexp core\.sshCommand
2026-10-09T17:56:05.8955945Z [command]/usr/bin/git submodule foreach --recursive sh -c "git config --local --name-only --get-regexp 'core\.sshCommand' && git config --local --unset-all 'core.sshCommand' || :"
2026-10-09T17:56:05.9206339Z Removing HTTP extra header
2026-10-09T17:56:05.9210376Z [command]/usr/bin/git config --local --name-only --get-regexp http\.https\:\/\/github\.com\/\.extraheader
2026-10-09T17:56:05.9237830Z [command]/usr/bin/git submodule foreach --recursive sh -c "git config --local --name-only --get-regexp 'http\.https\:\/\/github\.com\/\.extraheader' && git config --local --unset-all 'http.https://github.com/.extraheader' || :"
2026-10-09T17:56:05.9418920Z Removing includeIf entries pointing to credentials config files
2026-10-09T17:56:05.9419444Z [command]/usr/bin/git config --local --name-only --get-regexp ^includeIf\.gitdir:
2026-10-09T17:56:05.9442926Z includeif.gitdir:/home/runner/work/lean-bridge/lean-bridge/.git.path
2026-10-09T17:56:05.9443387Z includeif.gitdir:/home/runner/work/lean-bridge/lean-bridge/.git/worktrees/*.path
2026-10-09T17:56:05.9443776Z includeif.gitdir:/github/workspace/.git.path
2026-10-09T17:56:05.9444301Z includeif.gitdir:/github/workspace/.git/worktrees/*.path
2026-10-09T17:56:05.9449524Z [command]/usr/bin/git config --local --get-all includeif.gitdir:/home/runner/work/lean-bridge/lean-bridge/.git.path
2026-10-09T17:56:05.9476539Z /home/runner/work/_temp/git-credentials-101b31e5-736f-420f-a68d-400db845a14c.config
2026-10-09T17:56:05.9486124Z [command]/usr/bin/git config --local --unset includeif.gitdir:/home/runner/work/lean-bridge/lean-bridge/.git.path /home/runner/work/_temp/git-credentials-101b31e5-736f-420f-a68d-400db845a14c.config
2026-10-09T17:56:05.9797321Z [command]/usr/bin/git config --local --get-all includeif.gitdir:/home/runner/work/lean-bridge/lean-bridge/.git/worktrees/*.path
2026-10-09T17:56:05.9820198Z /home/runner/work/_temp/git-credentials-101b31e5-736f-420f-a68d-400db845a14c.config
2026-10-09T17:56:05.9826666Z [command]/usr/bin/git config --local --unset includeif.gitdir:/home/runner/work/lean-bridge/lean-bridge/.git/worktrees/*.path /home/runner/work/_temp/git-credentials-101b31e5-736f-420f-a68d-400db845a14c.config
2026-10-09T17:56:06.0495957Z [command]/usr/bin/git config --local --get-all includeif.gitdir:/github/workspace/.git.path
2026-10-09T17:56:06.0523681Z /github/runner_temp/git-credentials-101b31e5-736f-420f-a68d-400db845a14c.config
2026-10-09T17:56:06.0529070Z [command]/usr/bin/git config --local --unset includeif.gitdir:/github/workspace/.git.path /github/runner_temp/git-credentials-101b31e5-736f-420f-a68d-400db845a14c.config
2026-10-09T17:56:06.1368235Z [command]/usr/bin/git config --local --get-all includeif.gitdir:/github/workspace/.git/worktrees/*.path
2026-10-09T17:56:06.1399829Z /github/runner_temp/git-credentials-101b31e5-736f-420f-a68d-400db845a14c.config
2026-10-09T17:56:06.1409507Z [command]/usr/bin/git config --local --unset includeif.gitdir:/github/workspace/.git/worktrees/*.path /github/runner_temp/git-credentials-101b31e5-736f-420f-a68d-400db845a14c.config
2026-10-09T17:56:06.2306010Z [command]/usr/bin/git submodule foreach --recursive git config --local --show-origin --name-only --get-regexp remote.origin.url
2026-10-09T17:56:06.2487988Z Removing credentials config '/home/runner/work/_temp/git-credentials-101b31e5-736f-420f-a68d-400db845a14c.config'
2026-10-09T17:56:06.2493811Z ##[endgroup]
2026-10-09T17:56:06.2684285Z ##[group]Run actions/setup-node@v6
2026-10-09T17:56:06.2684656Z with:
2026-10-09T17:56:06.2684805Z   node-version: 22
2026-10-09T17:56:06.2684937Z   cache: npm
2026-10-09T17:56:06.2685053Z   check-latest: false
2026-10-09T17:56:06.2686689Z   token: ***
2026-10-09T17:56:06.2686818Z   package-manager-cache: true
2026-10-09T17:56:06.2686958Z env:
2026-10-09T17:56:06.2687068Z   NODE_VERSION: 22
2026-10-09T17:56:06.2687241Z   LEAN_BRIDGE_CONSUMER_PERFORMANCE_DIR: build/consumer-ci/performance
2026-10-09T17:56:06.2687448Z ##[endgroup]
2026-10-09T17:56:06.3619565Z Found in cache @ /opt/hostedtoolcache/node/22.23.3/x64
2026-10-09T17:56:06.3621997Z ##[group]Environment details
2026-10-09T17:56:06.6632131Z node: v22.23.3
2026-10-09T17:56:06.6632380Z npm: 10.9.9
2026-10-09T17:56:06.6632497Z yarn: 1.22.22
2026-10-09T17:56:06.6632844Z ##[endgroup]
2026-10-09T17:56:06.6644048Z [command]/opt/hostedtoolcache/node/22.23.3/x64/bin/npm config get cache
2026-10-09T17:56:06.7472946Z /home/runner/.npm
2026-10-09T17:56:06.9022200Z Cache hit for: node-cache-Linux-x64-npm-26a2ea32ff9fbdbc806907cf3b846fc9f2d906ee6b040e7c2c0e2b49f755b41e
2026-10-09T17:56:07.6838833Z Received 55090959 of 55090959 (100.0%), 82.5 MBs/sec
2026-10-09T17:56:07.6839221Z Cache Size: ~53 MB (55090959 B)
2026-10-09T17:56:07.6883362Z [command]/usr/bin/tar -xf /home/runner/work/_temp/bd80fed4-7f10-419f-a946-454ea7f42a92/cache.tzst -P -C /home/runner/work/lean-bridge/lean-bridge --use-compress-program unzstd
2026-10-09T17:56:07.7993384Z Cache restored successfully
2026-10-09T17:56:07.8021722Z Cache restored from key: node-cache-Linux-x64-npm-26a2ea32ff9fbdbc806907cf3b846fc9f2d906ee6b040e7c2c0e2b49f755b41e
2026-10-09T17:56:07.8172853Z ##[group]Run cachix/install-nix-action@v31
2026-10-09T17:56:07.8173029Z with:
2026-10-09T17:56:07.8173144Z   enable_kvm: true
2026-10-09T17:56:07.8173272Z   set_as_trusted_user: true
2026-10-09T17:56:07.8173400Z env:
2026-10-09T17:56:07.8173508Z   NODE_VERSION: 22
2026-10-09T17:56:07.8173683Z   LEAN_BRIDGE_CONSUMER_PERFORMANCE_DIR: build/consumer-ci/performance
2026-10-09T17:56:07.8173895Z ##[endgroup]
2026-10-09T17:56:07.8213376Z ##[start-action display=Run ${GITHUB_ACTION_PATH}/install-nix.sh;id=__cachix_install-nix-action.__run]
2026-10-09T17:56:07.8238678Z ##[group]Run ${GITHUB_ACTION_PATH}/install-nix.sh
2026-10-09T17:56:07.8238934Z [36;1m${GITHUB_ACTION_PATH}/install-nix.sh[0m
2026-10-09T17:56:07.8476516Z shell: /usr/bin/bash --noprofile --norc -e -o pipefail {0}
2026-10-09T17:56:07.8476718Z env:
2026-10-09T17:56:07.8476834Z   NODE_VERSION: 22
2026-10-09T17:56:07.8477020Z   LEAN_BRIDGE_CONSUMER_PERFORMANCE_DIR: build/consumer-ci/performance
2026-10-09T17:56:07.8477269Z   INPUT_EXTRA_NIX_CONFIG: 
2026-10-09T17:56:07.8477410Z   INPUT_GITHUB_ACCESS_TOKEN: 
2026-10-09T17:56:07.8477552Z   INPUT_INSTALL_OPTIONS: 
2026-10-09T17:56:07.8477684Z   INPUT_INSTALL_URL: 
2026-10-09T17:56:07.8477809Z   INPUT_NIX_PATH: 
2026-10-09T17:56:07.8477929Z   INPUT_ENABLE_KVM: true
2026-10-09T17:56:07.8478066Z   INPUT_SET_AS_TRUSTED_USER: true
2026-10-09T17:56:07.8479816Z   GITHUB_TOKEN: ***
2026-10-09T17:56:07.8479942Z ##[endgroup]
2026-10-09T17:56:07.8584311Z ##[group]Enabling KVM support
2026-10-09T17:56:07.8640701Z KERNEL=="kvm", GROUP="kvm", MODE="0666", OPTIONS+="static_node=kvm"
2026-10-09T17:56:07.8868888Z Enabled KVM
2026-10-09T17:56:07.8869454Z ##[endgroup]
2026-10-09T17:56:07.8869865Z ##[group]Installing Nix
2026-10-09T17:56:07.9075872Z installer options: --no-channel-add --nix-extra-conf-file /tmp/tmp.q2kbzjM2wz/nix.conf --daemon --daemon-user-count 8
2026-10-09T17:56:08.0395081Z * Host releases.nixos.org:443 was resolved.
2026-10-09T17:56:08.0395626Z * IPv6: 2a04:4e42:94::347
2026-10-09T17:56:08.0396097Z * IPv4: 140.248.145.91
2026-10-09T17:56:08.0396402Z *   Trying 140.248.145.91:443...
2026-10-09T17:56:08.0513953Z * Connected to releases.nixos.org (140.248.145.91) port 443
2026-10-09T17:56:08.0525010Z * ALPN: curl offers h2,http/1.1
2026-10-09T17:56:08.0525540Z } [5 bytes data]
2026-10-09T17:56:08.0525917Z * TLSv1.3 (OUT), TLS handshake, Client hello (1):
2026-10-09T17:56:08.0526263Z } [512 bytes data]
2026-10-09T17:56:08.0640825Z *  CAfile: /etc/ssl/certs/ca-certificates.crt
2026-10-09T17:56:08.0641180Z *  CApath: /etc/ssl/certs
2026-10-09T17:56:08.0641417Z { [5 bytes data]
2026-10-09T17:56:08.0641706Z * TLSv1.3 (IN), TLS handshake, Server hello (2):
2026-10-09T17:56:08.0642009Z { [122 bytes data]
2026-10-09T17:56:08.0652428Z * TLSv1.3 (IN), TLS handshake, Encrypted Extensions (8):
2026-10-09T17:56:08.0652692Z { [19 bytes data]
2026-10-09T17:56:08.0652891Z * TLSv1.3 (IN), TLS handshake, Certificate (11):
2026-10-09T17:56:08.0653072Z { [4081 bytes data]
2026-10-09T17:56:08.0653253Z * TLSv1.3 (IN), TLS handshake, CERT verify (15):
2026-10-09T17:56:08.0653421Z { [264 bytes data]
2026-10-09T17:56:08.0653586Z * TLSv1.3 (IN), TLS handshake, Finished (20):
2026-10-09T17:56:08.0653756Z { [36 bytes data]
2026-10-09T17:56:08.0653949Z * TLSv1.3 (OUT), TLS change cipher, Change cipher spec (1):
2026-10-09T17:56:08.0654136Z } [1 bytes data]
2026-10-09T17:56:08.0654302Z * TLSv1.3 (OUT), TLS handshake, Finished (20):
2026-10-09T17:56:08.0654638Z } [36 bytes data]
2026-10-09T17:56:08.0654915Z * SSL connection using TLSv1.3 / TLS_AES_128_GCM_SHA256 / X25519 / RSASSA-PSS
2026-10-09T17:56:08.0655160Z * ALPN: server accepted h2
2026-10-09T17:56:08.0655310Z * Server certificate:
2026-10-09T17:56:08.0655529Z *  subject: CN=releases.nixos.org
2026-10-09T17:56:08.0655748Z *  start date: Sep  9 22:18:06 2026 GMT
2026-10-09T17:56:08.0655938Z *  expire date: Dec  8 22:18:05 2026 GMT
2026-10-09T17:56:08.0656216Z *  subjectAltName: host "releases.nixos.org" matched cert's "releases.nixos.org"
2026-10-09T17:56:08.0656748Z *  issuer: C=US; O=Let's Encrypt; CN=YR1
2026-10-09T17:56:08.0656922Z *  SSL certificate verify ok.
2026-10-09T17:56:08.0657247Z *   Certificate level 0: Public key type RSA (2048/112 Bits/secBits), signed using sha256WithRSAEncryption
2026-10-09T17:56:08.0657674Z *   Certificate level 1: Public key type RSA (2048/112 Bits/secBits), signed using sha256WithRSAEncryption
2026-10-09T17:56:08.0658088Z *   Certificate level 2: Public key type RSA (4096/152 Bits/secBits), signed using sha256WithRSAEncryption
2026-10-09T17:56:08.0658502Z *   Certificate level 3: Public key type RSA (4096/152 Bits/secBits), signed using sha256WithRSAEncryption
2026-10-09T17:56:08.0658754Z { [5 bytes data]
2026-10-09T17:56:08.0658939Z * TLSv1.3 (IN), TLS handshake, Newsession Ticket (4):
2026-10-09T17:56:08.0659120Z { [201 bytes data]
2026-10-09T17:56:08.0659241Z * using HTTP/2
2026-10-09T17:56:08.0659496Z * [HTTP/2] [1] OPENED stream for https://releases.nixos.org/nix/nix-2.35.2/install
2026-10-09T17:56:08.0659744Z * [HTTP/2] [1] [:method: GET]
2026-10-09T17:56:08.0659912Z * [HTTP/2] [1] [:scheme: https]
2026-10-09T17:56:08.0660109Z * [HTTP/2] [1] [:authority: releases.nixos.org]
2026-10-09T17:56:08.0660325Z * [HTTP/2] [1] [:path: /nix/nix-2.35.2/install]
2026-10-09T17:56:08.0660521Z * [HTTP/2] [1] [user-agent: curl/8.5.0]
2026-10-09T17:56:08.0660689Z * [HTTP/2] [1] [accept: */*]
2026-10-09T17:56:08.0660825Z } [5 bytes data]
2026-10-09T17:56:08.0660977Z > GET /nix/nix-2.35.2/install HTTP/2
2026-10-09T17:56:08.0661146Z > Host: releases.nixos.org
2026-10-09T17:56:08.0661414Z > User-Agent: curl/8.5.0
2026-10-09T17:56:08.0661548Z > Accept: */*
2026-10-09T17:56:08.0661663Z > 
2026-10-09T17:56:08.0738829Z { [5 bytes data]
2026-10-09T17:56:08.0742828Z < HTTP/2 200 
2026-10-09T17:56:08.0743160Z < last-modified: Wed, 12 Aug 2026 22:06:45 GMT
2026-10-09T17:56:08.0743534Z < etag: "9f08ad80caddcb58f53e8551ff155b13"
2026-10-09T17:56:08.0743884Z < x-amz-server-side-encryption: AES256
2026-10-09T17:56:08.0744168Z < content-type: text/plain
2026-10-09T17:56:08.0744580Z < server: AmazonS3
2026-10-09T17:56:08.0744824Z < via: 1.1 varnish, 1.1 varnish
2026-10-09T17:56:08.0745172Z < access-control-allow-origin: *
2026-10-09T17:56:08.0745484Z < accept-ranges: bytes
2026-10-09T17:56:08.0745755Z < date: Fri, 09 Oct 2026 17:56:08 GMT
2026-10-09T17:56:08.0745987Z < age: 136913
2026-10-09T17:56:08.0746310Z < x-served-by: cache-dub4323-DUB, cache-chi-kmdw8640023-CHI
2026-10-09T17:56:08.0746634Z < x-cache: HIT, HIT
2026-10-09T17:56:08.0746855Z < x-cache-hits: 1, 289
2026-10-09T17:56:08.0747101Z < content-length: 4499
2026-10-09T17:56:08.0747316Z < 
2026-10-09T17:56:08.0747502Z { [4499 bytes data]
2026-10-09T17:56:08.0747812Z * Connection #0 to host releases.nixos.org left intact
2026-10-09T17:56:08.0802825Z downloading Nix 2.35.2 binary tarball for x86_64-linux from 'https://releases.nixos.org/nix/nix-2.35.2/nix-2.35.2-x86_64-linux.tar.xz' to '/tmp/nix-binary-tarball-unpack.4QRaBD93wH'...
2026-10-09T17:56:08.0839750Z   % Total    % Received % Xferd  Average Speed   Time    Time     Time  Current
2026-10-09T17:56:08.0840445Z                                  Dload  Upload   Total   Spent    Left  Speed
2026-10-09T17:56:08.0841116Z 
2026-10-09T17:56:08.3157365Z   0     0    0     0    0     0      0      0 --:--:-- --:--:-- --:--:--     0
2026-10-09T17:56:08.3159283Z 100 25.8M  100 25.8M    0     0   111M      0 --:--:-- --:--:-- --:--:--  112M
2026-10-09T17:56:09.7944627Z Note: a multi-user installation is possible. See https://nix.dev/manual/nix/stable/installation/installing-binary.html#multi-user-installation
2026-10-09T17:56:09.7952308Z [1;31mSwitching to the Multi-user Installer[0m
2026-10-09T17:56:09.8028614Z [32mWelcome to the Multi-User Nix Installation
2026-10-09T17:56:09.8036368Z [0m
2026-10-09T17:56:09.8036836Z This installation tool will set up your computer with the Nix package
2026-10-09T17:56:09.8037245Z manager. This will happen in a few stages:
2026-10-09T17:56:09.8037366Z 
2026-10-09T17:56:09.8037743Z 1. Make sure your computer doesn't already have Nix. If it does, I
2026-10-09T17:56:09.8038023Z    will show you instructions on how to clean up your old install.
2026-10-09T17:56:09.8038170Z 
2026-10-09T17:56:09.8038309Z 2. Show you what I am going to install and where. Then I will ask
2026-10-09T17:56:09.8038527Z    if you are ready to continue.
2026-10-09T17:56:09.8038624Z 
2026-10-09T17:56:09.8038865Z 3. Create the system users [34m(uids [30001..30008])[0m and groups [34m(gid 30000)[0m
2026-10-09T17:56:09.8039167Z    that the Nix daemon uses to run builds. To create system users
2026-10-09T17:56:09.8039420Z    in a different range, exit and run this tool again with
2026-10-09T17:56:09.8039613Z    NIX_FIRST_BUILD_UID set.
2026-10-09T17:56:09.8039701Z 
2026-10-09T17:56:09.8039828Z 4. Perform the basic installation of the Nix files daemon.
2026-10-09T17:56:09.8039963Z 
2026-10-09T17:56:09.8040106Z 5. Configure your shell to import special Nix Profile files, so you
2026-10-09T17:56:09.8040309Z    can use Nix.
2026-10-09T17:56:09.8040382Z 
2026-10-09T17:56:09.8040447Z 6. Start the Nix daemon.
2026-10-09T17:56:09.8040533Z 
2026-10-09T17:56:09.8041066Z [32m[4;32mWould you like to see a more detailed list of what I will do?
2026-10-09T17:56:09.8041443Z [0mNo TTY, assuming you would say yes :)
2026-10-09T17:56:09.8049293Z 
2026-10-09T17:56:09.8049441Z I will:
2026-10-09T17:56:09.8049558Z 
2026-10-09T17:56:09.8049759Z  - make sure your computer doesn't already have Nix files
2026-10-09T17:56:09.8050141Z    (if it does, I will tell you how to clean them up.)
2026-10-09T17:56:09.8050777Z  - create local users (see the list above for the users I'll make)
2026-10-09T17:56:09.8051112Z  - create a local group (nixbld)
2026-10-09T17:56:09.8051329Z  - install Nix in /nix
2026-10-09T17:56:09.8051490Z  - create a configuration file in /etc/nix
2026-10-09T17:56:09.8051726Z  - set up the "default profile" by creating some Nix-related files in
2026-10-09T17:56:09.8051927Z    /root
2026-10-09T17:56:09.8062962Z  - back up /etc/bash.bashrc to /etc/bash.bashrc.backup-before-nix
2026-10-09T17:56:09.8063391Z  - update /etc/bash.bashrc to include some Nix configuration
2026-10-09T17:56:09.8072212Z  - load and start a service (at /etc/systemd/system/nix-daemon.service
2026-10-09T17:56:09.8072645Z    and /etc/systemd/system/nix-daemon.socket) for nix-daemon
2026-10-09T17:56:09.8072792Z 
2026-10-09T17:56:09.8074040Z [32m[4;32mReady to continue?
2026-10-09T17:56:09.8074664Z [0mNo TTY, assuming you would say yes :)
2026-10-09T17:56:09.8089456Z 
2026-10-09T17:56:09.8089970Z [34m---- let's talk about sudo -----------------------------------------------------
2026-10-09T17:56:09.8097967Z [0mThis script is going to call sudo a lot. Normally, it would show you
2026-10-09T17:56:09.8098442Z exactly what commands it is running and why. However, the script is
2026-10-09T17:56:09.8098687Z run in a headless fashion, like this:
2026-10-09T17:56:09.8098795Z 
2026-10-09T17:56:09.8098897Z   $ curl -L https://nixos.org/nix/install | sh
2026-10-09T17:56:09.8099020Z 
2026-10-09T17:56:09.8099165Z or maybe in a CI pipeline. Because of that, I'm going to skip the
2026-10-09T17:56:09.8099468Z verbose output in the interest of brevity.
2026-10-09T17:56:09.8099639Z 
2026-10-09T17:56:09.8099734Z If you would like to
2026-10-09T17:56:09.8099972Z see the output, try like this:
2026-10-09T17:56:09.8100121Z 
2026-10-09T17:56:09.8100291Z   $ curl -L -o install-nix https://nixos.org/nix/install
2026-10-09T17:56:09.8100612Z   $ sh ./install-nix
2026-10-09T17:56:09.8100743Z 
2026-10-09T17:56:09.8100752Z 
2026-10-09T17:56:09.8100994Z [32m~~> Checking for artifacts of previous installs
2026-10-09T17:56:09.8107768Z [0mBefore I try to install, I'll check for signs Nix already is or has
2026-10-09T17:56:09.8144350Z been installed on this system.
2026-10-09T17:56:09.8144712Z 
2026-10-09T17:56:09.8145099Z [34m---- Nix config report ---------------------------------------------------------
2026-10-09T17:56:09.8156367Z [0m[1m        Temp Dir[0m:	/tmp/tmp.y0WZ8MWGCl
2026-10-09T17:56:09.8156709Z [1m        Nix Root[0m:	/nix
2026-10-09T17:56:09.8157176Z [1m     Build Users[0m:	8
2026-10-09T17:56:09.8157460Z [1m  Build Group ID[0m:	30000
2026-10-09T17:56:09.8157754Z [1mBuild Group Name[0m:	nixbld
2026-10-09T17:56:09.8157906Z 
2026-10-09T17:56:09.8158023Z [4;34mbuild users:
2026-10-09T17:56:09.8158262Z [0m[1m    Username[0m:	UID
2026-10-09T17:56:09.8170322Z [1m     nixbld1[0m:	30001
2026-10-09T17:56:09.8178104Z [1m     nixbld2[0m:	30002
2026-10-09T17:56:09.8185875Z [1m     nixbld3[0m:	30003
2026-10-09T17:56:09.8193473Z [1m     nixbld4[0m:	30004
2026-10-09T17:56:09.8201162Z [1m     nixbld5[0m:	30005
2026-10-09T17:56:09.8208856Z [1m     nixbld6[0m:	30006
2026-10-09T17:56:09.8216523Z [1m     nixbld7[0m:	30007
2026-10-09T17:56:09.8223998Z [1m     nixbld8[0m:	30008
2026-10-09T17:56:09.8224135Z 
2026-10-09T17:56:09.8224300Z [32m[4;32mReady to continue?
2026-10-09T17:56:09.8224716Z [0mNo TTY, assuming you would say yes :)
2026-10-09T17:56:09.8227673Z 
2026-10-09T17:56:09.8227865Z [32m~~> Setting up the build group nixbld
2026-10-09T17:56:09.8567139Z [0m[1m            Created[0m:	Yes
2026-10-09T17:56:09.8585020Z 
2026-10-09T17:56:09.8585361Z [32m~~> Setting up the build user nixbld1
2026-10-09T17:56:09.8767780Z useradd warning: nixbld1's uid 30001 is greater than SYS_UID_MAX 999
2026-10-09T17:56:09.8854367Z [0m[1m           Created[0m:	Yes
2026-10-09T17:56:09.8858693Z [1m            Hidden[0m:	Yes
2026-10-09T17:56:09.8872983Z [1m    Home Directory[0m:	/var/empty
2026-10-09T17:56:09.8888968Z [1m              Note[0m:	Nix build user 1
2026-10-09T17:56:09.8903873Z [1m   Logins Disabled[0m:	Yes
2026-10-09T17:56:09.8926082Z [1m  Member of nixbld[0m:	Yes
2026-10-09T17:56:09.8943200Z [1m    PrimaryGroupID[0m:	30000
2026-10-09T17:56:09.8952590Z 
2026-10-09T17:56:09.8952855Z [32m~~> Setting up the build user nixbld2
2026-10-09T17:56:09.9060357Z useradd warning: nixbld2's uid 30002 is greater than SYS_UID_MAX 999
2026-10-09T17:56:09.9145955Z [0m[1m           Created[0m:	Yes
2026-10-09T17:56:09.9150879Z [1m            Hidden[0m:	Yes
2026-10-09T17:56:09.9168498Z [1m    Home Directory[0m:	/var/empty
2026-10-09T17:56:09.9193477Z [1m              Note[0m:	Nix build user 2
2026-10-09T17:56:09.9208167Z [1m   Logins Disabled[0m:	Yes
2026-10-09T17:56:09.9224335Z [1m  Member of nixbld[0m:	Yes
2026-10-09T17:56:09.9239612Z [1m    PrimaryGroupID[0m:	30000
2026-10-09T17:56:09.9248246Z 
2026-10-09T17:56:09.9248769Z [32m~~> Setting up the build user nixbld3
2026-10-09T17:56:09.9360987Z useradd warning: nixbld3's uid 30003 is greater than SYS_UID_MAX 999
2026-10-09T17:56:09.9442285Z [0m[1m           Created[0m:	Yes
2026-10-09T17:56:09.9446638Z [1m            Hidden[0m:	Yes
2026-10-09T17:56:09.9461311Z [1m    Home Directory[0m:	/var/empty
2026-10-09T17:56:09.9476731Z [1m              Note[0m:	Nix build user 3
2026-10-09T17:56:09.9491118Z [1m   Logins Disabled[0m:	Yes
2026-10-09T17:56:09.9506743Z [1m  Member of nixbld[0m:	Yes
2026-10-09T17:56:09.9521523Z [1m    PrimaryGroupID[0m:	30000
2026-10-09T17:56:09.9530035Z 
2026-10-09T17:56:09.9530300Z [32m~~> Setting up the build user nixbld4
2026-10-09T17:56:09.9637162Z useradd warning: nixbld4's uid 30004 is greater than SYS_UID_MAX 999
2026-10-09T17:56:09.9721956Z [0m[1m           Created[0m:	Yes
2026-10-09T17:56:09.9726311Z [1m            Hidden[0m:	Yes
2026-10-09T17:56:09.9740887Z [1m    Home Directory[0m:	/var/empty
2026-10-09T17:56:09.9756325Z [1m              Note[0m:	Nix build user 4
2026-10-09T17:56:09.9770703Z [1m   Logins Disabled[0m:	Yes
2026-10-09T17:56:09.9786323Z [1m  Member of nixbld[0m:	Yes
2026-10-09T17:56:09.9801258Z [1m    PrimaryGroupID[0m:	30000
2026-10-09T17:56:09.9809558Z 
2026-10-09T17:56:09.9809814Z [32m~~> Setting up the build user nixbld5
2026-10-09T17:56:09.9939412Z useradd warning: nixbld5's uid 30005 is greater than SYS_UID_MAX 999
2026-10-09T17:56:10.0025053Z [0m[1m           Created[0m:	Yes
2026-10-09T17:56:10.0029182Z [1m            Hidden[0m:	Yes
2026-10-09T17:56:10.0044646Z [1m    Home Directory[0m:	/var/empty
2026-10-09T17:56:10.0060605Z [1m              Note[0m:	Nix build user 5
2026-10-09T17:56:10.0075154Z [1m   Logins Disabled[0m:	Yes
2026-10-09T17:56:10.0090360Z [1m  Member of nixbld[0m:	Yes
2026-10-09T17:56:10.0105571Z [1m    PrimaryGroupID[0m:	30000
2026-10-09T17:56:10.0113967Z 
2026-10-09T17:56:10.0114186Z [32m~~> Setting up the build user nixbld6
2026-10-09T17:56:10.0300977Z useradd warning: nixbld6's uid 30006 is greater than SYS_UID_MAX 999
2026-10-09T17:56:10.0389024Z [0m[1m           Created[0m:	Yes
2026-10-09T17:56:10.0393485Z [1m            Hidden[0m:	Yes
2026-10-09T17:56:10.0408232Z [1m    Home Directory[0m:	/var/empty
2026-10-09T17:56:10.0423591Z [1m              Note[0m:	Nix build user 6
2026-10-09T17:56:10.0438585Z [1m   Logins Disabled[0m:	Yes
2026-10-09T17:56:10.0454013Z [1m  Member of nixbld[0m:	Yes
2026-10-09T17:56:10.0469094Z [1m    PrimaryGroupID[0m:	30000
2026-10-09T17:56:10.0477873Z 
2026-10-09T17:56:10.0478083Z [32m~~> Setting up the build user nixbld7
2026-10-09T17:56:10.0582129Z useradd warning: nixbld7's uid 30007 is greater than SYS_UID_MAX 999
2026-10-09T17:56:10.0660959Z [0m[1m           Created[0m:	Yes
2026-10-09T17:56:10.0665150Z [1m            Hidden[0m:	Yes
2026-10-09T17:56:10.0679888Z [1m    Home Directory[0m:	/var/empty
2026-10-09T17:56:10.0695197Z [1m              Note[0m:	Nix build user 7
2026-10-09T17:56:10.0709672Z [1m   Logins Disabled[0m:	Yes
2026-10-09T17:56:10.0725273Z [1m  Member of nixbld[0m:	Yes
2026-10-09T17:56:10.0739914Z [1m    PrimaryGroupID[0m:	30000
2026-10-09T17:56:10.0748514Z 
2026-10-09T17:56:10.0748787Z [32m~~> Setting up the build user nixbld8
2026-10-09T17:56:10.0849367Z useradd warning: nixbld8's uid 30008 is greater than SYS_UID_MAX 999
2026-10-09T17:56:10.0931760Z [0m[1m           Created[0m:	Yes
2026-10-09T17:56:10.0936060Z [1m            Hidden[0m:	Yes
2026-10-09T17:56:10.0951144Z [1m    Home Directory[0m:	/var/empty
2026-10-09T17:56:10.0966605Z [1m              Note[0m:	Nix build user 8
2026-10-09T17:56:10.0981264Z [1m   Logins Disabled[0m:	Yes
2026-10-09T17:56:10.0996711Z [1m  Member of nixbld[0m:	Yes
2026-10-09T17:56:10.1011655Z [1m    PrimaryGroupID[0m:	30000
2026-10-09T17:56:10.1014650Z 
2026-10-09T17:56:10.1014911Z [32m~~> Setting up the basic directory structure
2026-10-09T17:56:10.1076532Z [0minstall: creating directory '/nix'
2026-10-09T17:56:10.1076869Z install: creating directory '/nix/var'
2026-10-09T17:56:10.1077123Z install: creating directory '/nix/var/log'
2026-10-09T17:56:10.1077337Z install: creating directory '/nix/var/log/nix'
2026-10-09T17:56:10.1077559Z install: creating directory '/nix/var/log/nix/drvs'
2026-10-09T17:56:10.1077779Z install: creating directory '/nix/var/nix'
2026-10-09T17:56:10.1077977Z install: creating directory '/nix/var/nix/db'
2026-10-09T17:56:10.1078189Z install: creating directory '/nix/var/nix/gcroots'
2026-10-09T17:56:10.1078505Z install: creating directory '/nix/var/nix/profiles'
2026-10-09T17:56:10.1078829Z install: creating directory '/nix/var/nix/temproots'
2026-10-09T17:56:10.1079090Z install: creating directory '/nix/var/nix/userpool'
2026-10-09T17:56:10.1079363Z install: creating directory '/nix/var/nix/daemon-socket'
2026-10-09T17:56:10.1079655Z install: creating directory '/nix/var/nix/gcroots/per-user'
2026-10-09T17:56:10.1079945Z install: creating directory '/nix/var/nix/profiles/per-user'
2026-10-09T17:56:10.1138884Z install: creating directory '/nix/store'
2026-10-09T17:56:10.1201534Z install: creating directory '/etc/nix'
2026-10-09T17:56:10.1210148Z 
2026-10-09T17:56:10.1210356Z [32m~~> Installing Nix
2026-10-09T17:56:10.2715458Z [0m      Alright! We have our first nix at /nix/store/irfrbndi76zhkvqsfhmsn4a99iafck29-nix-2.35.2
2026-10-09T17:56:10.7016879Z       Just finished getting the nix database ready.
2026-10-09T17:56:10.7019452Z 
2026-10-09T17:56:10.7020256Z [32m~~> Setting up shell profiles: /etc/bashrc /etc/profile.d/nix.sh /etc/zshrc /etc/bash.bashrc /etc/zsh/zshrc
2026-10-09T17:56:10.7156520Z [0m
2026-10-09T17:56:10.7156989Z # Nix
2026-10-09T17:56:10.7157375Z if [ -e '/nix/var/nix/profiles/default/etc/profile.d/nix-daemon.sh' ]; then
2026-10-09T17:56:10.7157847Z   . '/nix/var/nix/profiles/default/etc/profile.d/nix-daemon.sh'
2026-10-09T17:56:10.7158164Z fi
2026-10-09T17:56:10.7158332Z # End Nix
2026-10-09T17:56:10.7158436Z 
2026-10-09T17:56:10.7289248Z 
2026-10-09T17:56:10.7289378Z # Nix
2026-10-09T17:56:10.7289778Z if [ -e '/nix/var/nix/profiles/default/etc/profile.d/nix-daemon.sh' ]; then
2026-10-09T17:56:10.7290198Z   . '/nix/var/nix/profiles/default/etc/profile.d/nix-daemon.sh'
2026-10-09T17:56:10.7290515Z fi
2026-10-09T17:56:10.7290690Z # End Nix
2026-10-09T17:56:10.7290788Z 
2026-10-09T17:56:10.7421146Z 
2026-10-09T17:56:10.7421281Z # Nix
2026-10-09T17:56:10.7421677Z if [ -e '/nix/var/nix/profiles/default/etc/profile.d/nix-daemon.sh' ]; then
2026-10-09T17:56:10.7422078Z   . '/nix/var/nix/profiles/default/etc/profile.d/nix-daemon.sh'
2026-10-09T17:56:10.7422391Z fi
2026-10-09T17:56:10.7422558Z # End Nix
2026-10-09T17:56:10.7422676Z 
2026-10-09T17:56:10.7549597Z 
2026-10-09T17:56:10.7549731Z # Nix
2026-10-09T17:56:10.7550127Z if [ -e '/nix/var/nix/profiles/default/etc/profile.d/nix-daemon.sh' ]; then
2026-10-09T17:56:10.7550577Z   . '/nix/var/nix/profiles/default/etc/profile.d/nix-daemon.sh'
2026-10-09T17:56:10.7550882Z fi
2026-10-09T17:56:10.7551051Z # End Nix
2026-10-09T17:56:10.7551153Z 
2026-10-09T17:56:10.7551369Z # System-wide .bashrc file for interactive bash(1) shells.
2026-10-09T17:56:10.7551593Z 
2026-10-09T17:56:10.7552068Z # To enable the settings / commands in this file for login shells as well,
2026-10-09T17:56:10.7552481Z # this file has to be sourced in /etc/profile.
2026-10-09T17:56:10.7552668Z 
2026-10-09T17:56:10.7552831Z # If not running interactively, don't do anything
2026-10-09T17:56:10.7553131Z [ -z "$PS1" ] && return
2026-10-09T17:56:10.7553258Z 
2026-10-09T17:56:10.7553477Z # check the window size after each command and, if necessary,
2026-10-09T17:56:10.7553840Z # update the values of LINES and COLUMNS.
2026-10-09T17:56:10.7554100Z shopt -s checkwinsize
2026-10-09T17:56:10.7554226Z 
2026-10-09T17:56:10.7554649Z # set variable identifying the chroot you work in (used in the prompt below)
2026-10-09T17:56:10.7555118Z if [ -z "${debian_chroot:-}" ] && [ -r /etc/debian_chroot ]; then
2026-10-09T17:56:10.7555451Z     debian_chroot=$(cat /etc/debian_chroot)
2026-10-09T17:56:10.7555691Z fi
2026-10-09T17:56:10.7555780Z 
2026-10-09T17:56:10.7556003Z # set a fancy prompt (non-color, overwrite the one in /etc/profile)
2026-10-09T17:56:10.7556460Z # but only if not SUDOing and have SUDO_PS1 set; then assume smart user.
2026-10-09T17:56:10.7556864Z if ! [ -n "${SUDO_USER}" -a -n "${SUDO_PS1}" ]; then
2026-10-09T17:56:10.7557218Z   PS1='${debian_chroot:+($debian_chroot)}\u@\h:\w\$ '
2026-10-09T17:56:10.7557478Z fi
2026-10-09T17:56:10.7557570Z 
2026-10-09T17:56:10.7557822Z # Commented out, don't overwrite xterm -T "title" -n "icontitle" by default.
2026-10-09T17:56:10.7558216Z # If this is an xterm set the title to user@host:dir
2026-10-09T17:56:10.7558390Z #case "$TERM" in
2026-10-09T17:56:10.7558534Z #xterm*|rxvt*)
2026-10-09T17:56:10.7558773Z #    PROMPT_COMMAND='echo -ne "\033]0;${USER}@${HOSTNAME}: ${PWD}\007"'
2026-10-09T17:56:10.7558972Z #    ;;
2026-10-09T17:56:10.7559080Z #*)
2026-10-09T17:56:10.7559185Z #    ;;
2026-10-09T17:56:10.7559287Z #esac
2026-10-09T17:56:10.7559350Z 
2026-10-09T17:56:10.7559467Z # enable bash completion in interactive shells
2026-10-09T17:56:10.7559657Z #if ! shopt -oq posix; then
2026-10-09T17:56:10.7559961Z #  if [ -f /usr/share/bash-completion/bash_completion ]; then
2026-10-09T17:56:10.7560322Z #    . /usr/share/bash-completion/bash_completion
2026-10-09T17:56:10.7560639Z #  elif [ -f /etc/bash_completion ]; then
2026-10-09T17:56:10.7560902Z #    . /etc/bash_completion
2026-10-09T17:56:10.7561102Z #  fi
2026-10-09T17:56:10.7561266Z #fi
2026-10-09T17:56:10.7561385Z 
2026-10-09T17:56:10.7561467Z # sudo hint
2026-10-09T17:56:10.7562117Z if [ ! -e "$HOME/.sudo_as_admin_successful" ] && [ ! -e "$HOME/.hushlogin" ] ; then
2026-10-09T17:56:10.7562374Z     case " $(groups) " in *\ admin\ *|*\ sudo\ *)
2026-10-09T17:56:10.7562557Z     if [ -x /usr/bin/sudo ]; then
2026-10-09T17:56:10.7562705Z 	cat <<-EOF
2026-10-09T17:56:10.7562899Z 	To run a command as administrator (user "root"), use "sudo <command>".
2026-10-09T17:56:10.7563119Z 	See "man sudo_root" for details.
2026-10-09T17:56:10.7563257Z 	
2026-10-09T17:56:10.7563357Z 	EOF
2026-10-09T17:56:10.7563463Z     fi
2026-10-09T17:56:10.7563572Z     esac
2026-10-09T17:56:10.7563677Z fi
2026-10-09T17:56:10.7563736Z 
2026-10-09T17:56:10.7563856Z # if the command-not-found package is installed, use it
2026-10-09T17:56:10.7564187Z if [ -x /usr/lib/command-not-found -o -x /usr/share/command-not-found/command-not-found ]; then
2026-10-09T17:56:10.7564598Z 	function command_not_found_handle {
2026-10-09T17:56:10.7564819Z 	        # check because c-n-f could've been removed in the meantime
2026-10-09T17:56:10.7565053Z                 if [ -x /usr/lib/command-not-found ]; then
2026-10-09T17:56:10.7565247Z 		   /usr/lib/command-not-found -- "$1"
2026-10-09T17:56:10.7565408Z                    return $?
2026-10-09T17:56:10.7565617Z                 elif [ -x /usr/share/command-not-found/command-not-found ]; then
2026-10-09T17:56:10.7565871Z 		   /usr/share/command-not-found/command-not-found -- "$1"
2026-10-09T17:56:10.7566058Z                    return $?
2026-10-09T17:56:10.7566187Z 		else
2026-10-09T17:56:10.7566329Z 		   printf "%s: command not found\n" "$1" >&2
2026-10-09T17:56:10.7566652Z 		   return 127
2026-10-09T17:56:10.7566768Z 		fi
2026-10-09T17:56:10.7566870Z 	}
2026-10-09T17:56:10.7566971Z fi
2026-10-09T17:56:10.7571505Z 
2026-10-09T17:56:10.7572210Z [32m~~> Setting up shell profiles for Fish with conf.d/nix.fish inside /etc/fish /usr/local/etc/fish /opt/homebrew/etc/fish /opt/local/etc/fish
2026-10-09T17:56:10.7639459Z [0m
2026-10-09T17:56:10.7639776Z [32m~~> Setting up the default profile
2026-10-09T17:56:10.7889693Z installing 'nix-2.35.2'
2026-10-09T17:56:10.8024822Z building '/nix/store/3v9waf1zcy52sd2xf30ndbwssp7d4sza-user-environment.drv'...
2026-10-09T17:56:10.8382436Z installing 'nix-manual-2.35.2-man'
2026-10-09T17:56:10.8511786Z building '/nix/store/87kv2ra7c0a549l86df0y18w8w3ir6qk-user-environment.drv'...
2026-10-09T17:56:10.8860050Z installing 'nss-cacert-3.123'
2026-10-09T17:56:10.8997859Z building '/nix/store/aq6vipp55pqkyy4i7v7sxjrfdibk3a8s-user-environment.drv'...
2026-10-09T17:56:10.9182520Z [0m
2026-10-09T17:56:10.9182868Z [32m~~> Setting up the nix-daemon systemd service
2026-10-09T17:56:10.9475691Z Created symlink /etc/systemd/system/nix-daemon.service → /nix/var/nix/profiles/default/lib/systemd/system/nix-daemon.service.
2026-10-09T17:56:11.1340827Z Created symlink /etc/systemd/system/nix-daemon.socket → /nix/var/nix/profiles/default/lib/systemd/system/nix-daemon.socket.
2026-10-09T17:56:11.1341775Z Created symlink /etc/systemd/system/sockets.target.wants/nix-daemon.socket → /nix/var/nix/profiles/default/lib/systemd/system/nix-daemon.socket.
2026-10-09T17:56:11.5419081Z [0m[32mAlright! We're done!
2026-10-09T17:56:11.5436472Z [0mTry it! Open a new terminal, and type:
2026-10-09T17:56:11.5436734Z 
2026-10-09T17:56:11.5436947Z   $ nix-shell -p nix-info --run "nix-info -m"
2026-10-09T17:56:11.5437177Z 
2026-10-09T17:56:11.5437475Z Thank you for using this installer. If you have any feedback or need
2026-10-09T17:56:11.5437859Z help, don't hesitate:
2026-10-09T17:56:11.5438025Z 
2026-10-09T17:56:11.5438163Z You can open an issue at
2026-10-09T17:56:11.5438726Z https://github.com/NixOS/nix/issues/new?labels=installer&template=installer.md
2026-10-09T17:56:11.5439213Z 
2026-10-09T17:56:11.5443063Z Or get in touch with the community: https://nixos.org/community
2026-10-09T17:56:11.5453949Z 
2026-10-09T17:56:11.5454615Z [34m---- Reminders -----------------------------------------------------------------
2026-10-09T17:56:11.5455029Z [0m[34m[ 1 ][0m
2026-10-09T17:56:11.5457941Z Nix won't work in active shell sessions until you restart them.
2026-10-09T17:56:11.5458220Z 
2026-10-09T17:56:11.6127334Z ##[endgroup]
2026-10-09T17:56:11.6157333Z ##[end-action id=__cachix_install-nix-action.__run;outcome=success;conclusion=success;duration_ms=3794]
2026-10-09T17:56:11.6183028Z ##[group]Run npm ci --ignore-scripts
2026-10-09T17:56:11.6183225Z [36;1mnpm ci --ignore-scripts[0m
2026-10-09T17:56:11.6238032Z shell: /usr/bin/bash -e {0}
2026-10-09T17:56:11.6238179Z env:
2026-10-09T17:56:11.6238291Z   NODE_VERSION: 22
2026-10-09T17:56:11.6238474Z   LEAN_BRIDGE_CONSUMER_PERFORMANCE_DIR: build/consumer-ci/performance
2026-10-09T17:56:11.6238701Z   TMPDIR: /home/runner/work/_temp
2026-10-09T17:56:11.6238903Z   NIX_PROFILES: /nix/var/nix/profiles/default /home/runner/.nix-profile
2026-10-09T17:56:11.6239137Z   NIX_SSL_CERT_FILE: /etc/ssl/certs/ca-certificates.crt
2026-10-09T17:56:11.6239326Z ##[endgroup]
2026-10-09T17:56:14.2404558Z 
2026-10-09T17:56:14.2405314Z added 422 packages, and audited 423 packages in 3s
2026-10-09T17:56:14.2405647Z 
2026-10-09T17:56:14.2405954Z 175 packages are looking for funding
2026-10-09T17:56:14.2406270Z   run `npm fund` for details
2026-10-09T17:56:14.2464857Z 
2026-10-09T17:56:14.2465299Z 9 high severity vulnerabilities
2026-10-09T17:56:14.2465578Z 
2026-10-09T17:56:14.2465771Z To address issues that do not require attention, run:
2026-10-09T17:56:14.2466086Z   npm audit fix
2026-10-09T17:56:14.2466205Z 
2026-10-09T17:56:14.2466404Z To address all issues (including breaking changes), run:
2026-10-09T17:56:14.2466714Z   npm audit fix --force
2026-10-09T17:56:14.2467066Z 
2026-10-09T17:56:14.2467174Z Run `npm audit` for details.
2026-10-09T17:56:14.3059236Z ##[group]Run npm run test:consumer:managed
2026-10-09T17:56:14.3059561Z [36;1mnpm run test:consumer:managed[0m
2026-10-09T17:56:14.3127700Z shell: /usr/bin/bash -e {0}
2026-10-09T17:56:14.3127932Z env:
2026-10-09T17:56:14.3128112Z   NODE_VERSION: 22
2026-10-09T17:56:14.3128405Z   LEAN_BRIDGE_CONSUMER_PERFORMANCE_DIR: build/consumer-ci/performance
2026-10-09T17:56:14.3128764Z   TMPDIR: /home/runner/work/_temp
2026-10-09T17:56:14.3129094Z   NIX_PROFILES: /nix/var/nix/profiles/default /home/runner/.nix-profile
2026-10-09T17:56:14.3129484Z   NIX_SSL_CERT_FILE: /etc/ssl/certs/ca-certificates.crt
2026-10-09T17:56:14.3129771Z ##[endgroup]
2026-10-09T17:56:14.3844939Z 
2026-10-09T17:56:14.3845463Z > @lean-wasm/bridge-poc@0.0.0-poc test:consumer:managed
2026-10-09T17:56:14.3848501Z > nix --extra-experimental-features 'nix-command flakes' build .#nuget-package --out-link build/consumer-managed-nuget && nix --extra-experimental-features 'nix-command flakes' build .#maven-package --out-link build/consumer-managed-maven && nix --extra-experimental-features 'nix-command flakes' build .#rubygems-package --out-link build/consumer-managed-rubygems && nix --extra-experimental-features 'nix-command flakes' develop . --command node scripts/test-managed-registry-consumers.mjs --nuget build/consumer-managed-nuget --maven build/consumer-managed-maven --rubygem build/consumer-managed-rubygems/lean_bridge_alpha-0.0.0.gem
2026-10-09T17:56:14.3850688Z 
2026-10-09T17:56:14.9963615Z copying path '/nix/store/lv9bmgm6v1wc3fiz00v29gi4rk13ja6l-source' from 'https://cache.nixos.org'...
2026-10-09T17:56:24.1600384Z these 19 derivations will be built:
2026-10-09T17:56:24.1610732Z   /nix/store/2ybcnzzfr3bdjknz3varn0r8qfy1c5xf-f3b06c705e6c85f5314019d5d3baab0fec5b580c.tar.gz.drv
2026-10-09T17:56:24.1611382Z   /nix/store/3inlh6hn6cbfia2i2a5cw3y4i666rqb8-node-v24.19.0-linux-x64.tar.xz.drv
2026-10-09T17:56:24.1611880Z   /nix/store/m29jv2s8cinaxcy4x0jk5khjqj0hb8ys-emsdk-node-24.19.0.drv
2026-10-09T17:56:24.1612400Z   /nix/store/nhj5xx0k0xj248qdf6pb9pdscw3wja0z-wasm-binaries.tar.xz.drv
2026-10-09T17:56:24.1612889Z   /nix/store/yl9c5g4ppazml4i9gi6iln6znpc3ipli-emscripten-upstream-6.0.6.drv
2026-10-09T17:56:24.1613383Z   /nix/store/355rcf144i12d0fplh3indzy3c1yzzhr-emsdk-6.0.6-immutable.drv
2026-10-09T17:56:24.1613937Z   /nix/store/qxv7zgjbyd40xjls302vk283d4jixzxm-wasmtime-v42.0.1-x86_64-linux-c-api.tar.xz.drv
2026-10-09T17:56:24.1614710Z   /nix/store/5h40czhcd5i6gjkybgc28w8pmdab6yiy-wasmtime-42.0.1-x86_64-linux-c-api.drv
2026-10-09T17:56:24.1615389Z   /nix/store/ha7rp4zbqq9c5j17zcbnmd0jx2jccfqg-lean-source-f3b06c705e6c85f5314019d5d3baab0fec5b580c.drv
2026-10-09T17:56:24.1616024Z   /nix/store/mf14gj5vp344ikb09h9x03qcdb1q3d3l-lean-4.32.2-linux.tar.zst.drv
2026-10-09T17:56:24.1616508Z   /nix/store/s920ynpaayshaba6kk05i5hi8m7hs1vy-lean-host-4.32.2.drv
2026-10-09T17:56:24.1617072Z   /nix/store/61ibg0crs6ackn4v1g2lrl3cadgwxbw4-lean-alpha-native-core-artifacts-0.0.0.drv
2026-10-09T17:56:24.1617739Z   /nix/store/h18wrysd1a2l10nham8ssg03r4k4r1k2-e9f29cb984231524e3931aa0ae2c5dae1a32884e.tar.gz.drv
2026-10-09T17:56:24.1618465Z   /nix/store/alvmygwqln397yw4cxfrs9ff3vkkdvxc-libuv-source-e9f29cb984231524e3931aa0ae2c5dae1a32884e.drv
2026-10-09T17:56:24.1619202Z   /nix/store/896x0r6nw2z64adsp3x7ngl52wg7xyj0-lean-alpha-universal-core-artifacts-0.0.0.drv
2026-10-09T17:56:24.1619908Z   /nix/store/kz9n43s2dfq3667ijs7mfjzpd8f45gjy-lean-alpha-managed-binding-artifacts-0.0.0.drv
2026-10-09T17:56:24.1620576Z   /nix/store/wjd2aavp6xf16d3dm428350z6j70lz0i-lean-alpha-wasi-component-artifacts-0.0.0.drv
2026-10-09T17:56:24.1621236Z   /nix/store/gr780f7svkgfqaqxcijyp79c97s78anl-lean-alpha-universal-release-bundle-0.0.0.drv
2026-10-09T17:56:24.1621883Z   /nix/store/addwdwaqd1wlg7k0amb2b67l4fmcwl50-lean-alpha-nuget-package-0.0.0.drv
2026-10-09T17:56:24.1622462Z these 176 paths will be fetched (902.4 MiB download, 3.4 GiB unpacked):
2026-10-09T17:56:24.1622874Z   /nix/store/80kzdbnl1bmnd8r8hphh1xzmgsvyyf6w-acl-2.3.2
2026-10-09T17:56:24.1623716Z   /nix/store/s894wa8wzbf841myjr7dm4m85177f8rl-attr-2.5.2
2026-10-09T17:56:24.1624122Z   /nix/store/46zq1hcvd2cnl07rjv0ywcgf59p8w9gm-auto-patchelf-hook
2026-10-09T17:56:24.1624647Z   /nix/store/1jzhbwq5rjjaqa75z88ws2b424vh7m53-bash-5.2p32
2026-10-09T17:56:24.1625042Z   /nix/store/9spr3h287vf61j35vh59aqcv7rm0wspb-bash-5.2p32-dev
2026-10-09T17:56:24.1625445Z   /nix/store/z34dss3rj1rnp1g820r64w0na7452jy1-binutils-2.41
2026-10-09T17:56:24.1625855Z   /nix/store/xf9367aw8afx9a8y9r90kdhlaji9bnz8-binutils-2.41-lib
2026-10-09T17:56:24.1626340Z   /nix/store/gq0xyjrkaqvknshf8r6si13ckdv6p7yq-binutils-wrapper-2.41
2026-10-09T17:56:24.1626739Z   /nix/store/rl56awy2w2iwvgdmibv98k0vx7lzyw21-binutils-wrapper-2.41
2026-10-09T17:56:24.1627053Z   /nix/store/nmkjwwbqbsa4nx3ljjxrp746kp53by51-brotli-1.1.0-lib
2026-10-09T17:56:24.1627344Z   /nix/store/0s4k9fh17m2sx8ifj9xdflnjfgxrvbgp-bzip2-1.0.8
2026-10-09T17:56:24.1627607Z   /nix/store/8krchn3igfzz62fnirxj47l2hrz11sj9-bzip2-1.0.8-bin
2026-10-09T17:56:24.1627872Z   /nix/store/jkslyfviqi4n144452p5gdcdv3jg30hs-clang-17.0.6
2026-10-09T17:56:24.1628130Z   /nix/store/sck9m41zz1asdmvbaxjdihxxq7p6qgy7-clang-17.0.6-lib
2026-10-09T17:56:24.1628411Z   /nix/store/9yr64l4j5kghwapqzwd6azk9l57mx87p-clang-wrapper-17.0.6
2026-10-09T17:56:24.1628676Z   /nix/store/z98wicx6x78vlyksv69axn5zqwdah5l8-cmake-3.29.2
2026-10-09T17:56:24.1628953Z   /nix/store/6lwnmjnynb6mvpifwvdx0nx60kfw2vrh-compiler-rt-libc-17.0.6
2026-10-09T17:56:24.1629265Z   /nix/store/412418grw31j2qfi6j6mhic6gfd190n9-compiler-rt-libc-17.0.6-dev
2026-10-09T17:56:24.1629547Z   /nix/store/n9gh8gxx5xx51ihgll2l20ar9b2vmgzy-coreutils-9.5
2026-10-09T17:56:24.1629793Z   /nix/store/fv1plv85qylnw87dlnxaqkgl06drgr1r-curl-8.7.1
2026-10-09T17:56:24.1630029Z   /nix/store/ld1yqvr1db4iv8sk8f4aflgai1b5d2ql-curl-8.7.1
2026-10-09T17:56:24.1630260Z   /nix/store/x6xqf8sk2yb1xb348bc2caiwsms90bp5-curl-8.7.1
2026-10-09T17:56:24.1630505Z   /nix/store/rba8xdxdk082rbppc51vpgxh0z6v11sl-curl-8.7.1-bin
2026-10-09T17:56:24.1630793Z   /nix/store/51jy1xwjbv9a41iwr59h5dfsg624fcij-curl-8.7.1-dev
2026-10-09T17:56:24.1631044Z   /nix/store/1xbn2czqsq3412qs1rk7kwyqxzbqsjjl-curl-8.7.1-man
2026-10-09T17:56:24.1631296Z   /nix/store/k6slgyjf4sv0lpz1pdg6sr3bpvjdr35l-diffutils-3.10
2026-10-09T17:56:24.1631731Z   /nix/store/c67p00lksmyafxl5mhpx8zm67jwk95gr-dotnet-sdk-8.0.300
2026-10-09T17:56:24.1631999Z   /nix/store/bjfycbr15irgfgwqw6bjb5xmrb6jllnq-ed-1.20.2
2026-10-09T17:56:24.1632272Z   /nix/store/13bjf2r63138p99rcdkdb0wr0gbwcc0m-expand-response-params
2026-10-09T17:56:24.1632652Z   /nix/store/sg0xabw675wgc8y1rl6mymmhggqkqmjr-expand-response-params
2026-10-09T17:56:24.1633000Z   /nix/store/nbbg70f6gihj51p65kv19m0fnq8ik5kh-expat-2.6.4
2026-10-09T17:56:24.1633238Z   /nix/store/0vdf5mpd762bw53rgl5nkmhvzq8n4m0d-file-5.45
2026-10-09T17:56:24.1633466Z   /nix/store/1b4si7qr8f04lqpy5m7iis3w8jxhc2vq-file-5.45
2026-10-09T17:56:24.1633793Z   /nix/store/q36rhfg9kml0hf7gmrhvixn17xlbmijm-file-5.45-dev
2026-10-09T17:56:24.1634130Z   /nix/store/qdk6ds72q8xf5fzi16x7736bwz8aydic-findutils-4.9.0
2026-10-09T17:56:24.1634516Z   /nix/store/jziybc6yn78sf0bbh0kmmx50bxjsnr15-gawk-5.2.2
2026-10-09T17:56:24.1634769Z   /nix/store/f2lglcw69yh2yyihxq6kvhpanc3s1n9p-gcc-13.2.0
2026-10-09T17:56:24.1635013Z   /nix/store/90yn7340r8yab8kxpb0p7y0c9j3snjam-gcc-13.2.0-lib
2026-10-09T17:56:24.1635273Z   /nix/store/dd13q38yxm9qppjclsvwn10dscsf0l9w-gcc-13.2.0-libgcc
2026-10-09T17:56:24.1635545Z   /nix/store/rdc1jnyw74mwr2gszqc5zwi433zxs089-gcc-wrapper-13.2.0
2026-10-09T17:56:24.1635802Z   /nix/store/y8fzwmygqh9rl5rc8rvcydcskgszldpn-gdbm-1.23
2026-10-09T17:56:24.1636048Z   /nix/store/6ds32jlmhqjvbkp2pd20dz1wi9anszls-gettext-0.21.1
2026-10-09T17:56:24.1636289Z   /nix/store/lpkn9w3h16wb910g7v2qj9pyd7gvxkld-git-2.44.2
2026-10-09T17:56:24.1636533Z   /nix/store/km0pyarp6b5ppixfgqc03mxsb2m8zxj2-git-2.44.2-doc
2026-10-09T17:56:24.1636788Z   /nix/store/pf5avvvl4ssd6kylcvg2g23hcjp71h19-glibc-2.39-52
2026-10-09T17:56:24.1637048Z   /nix/store/94gaw2ngsnpf3ybxjsg89lf3hf3d55y2-glibc-2.39-52-bin
2026-10-09T17:56:24.1637559Z   /nix/store/jig62nn8174n4dlk05lqwsvs5wd2c64r-glibc-2.39-52-dev
2026-10-09T17:56:24.1637804Z   /nix/store/bz756gkg3lrqjl958d8h7z5qn98z0vn7-gmp-6.3.0
2026-10-09T17:56:24.1638058Z   /nix/store/0pkjhzncyjkvhq8lwmdkzvl4cs4vh0yb-gmp-with-cxx-6.3.0
2026-10-09T17:56:24.1638350Z   /nix/store/d0i8idmbb4jji9ml01xsqgykrbvm7dss-gnu-config-2024-01-01
2026-10-09T17:56:24.1638619Z   /nix/store/8nss7h1yk4jihkmr4xj5ihrbdkv4y1wy-gnugrep-3.11
2026-10-09T17:56:24.1638868Z   /nix/store/0554jm1l1qw1pcfqsliw91hnifn11w8m-gnumake-4.4.1
2026-10-09T17:56:24.1639126Z   /nix/store/vqgpb0anqqfnhb5ww3y8rf1jaxpphqwg-gnumake-4.4.1
2026-10-09T17:56:24.1639371Z   /nix/store/y8br765djcj51ls9lb3kylkrvc2wan3p-gnused-4.9
2026-10-09T17:56:24.1639608Z   /nix/store/llalnjlyrj2zv12q5bjy8cagqv70j73y-gnutar-1.35
2026-10-09T17:56:24.1639848Z   /nix/store/r6apkwli4s0xhzn1bdi9nrkmvqc5arrj-gzip-1.13
2026-10-09T17:56:24.1640081Z   /nix/store/a2qxya11zd3xdn5df34n6axfd6fhgzql-icu4c-73.2
2026-10-09T17:56:24.1640328Z   /nix/store/k6a3db8rpihvjrw27w61vx1wji7mfmq8-icu4c-73.2-dev
2026-10-09T17:56:24.1640573Z   /nix/store/mwa26ixrnf0s1j7923pdzfl9nwwglq4w-isl-0.20
2026-10-09T17:56:24.1640799Z   /nix/store/2b81ihj7pcsr6pkr02vaajprjx9gfpq6-jq-1.7.1
2026-10-09T17:56:24.1641032Z   /nix/store/xylb1pgqnnd2qj9lsy1w2r9p8lmir8qs-jq-1.7.1-bin
2026-10-09T17:56:24.1641279Z   /nix/store/4kvn0yq5dc2gylbwsqbynzxxpkf4b143-jq-1.7.1-dev
2026-10-09T17:56:24.1641521Z   /nix/store/p3ks31bnd9fhvh2cp1wmcalm4bs2bkwq-jq-1.7.1-doc
2026-10-09T17:56:24.1641760Z   /nix/store/bwxp1bkaa4cgz20mrk1hqm8azvv1skif-jq-1.7.1-lib
2026-10-09T17:56:24.1642003Z   /nix/store/xrmh72ajmjxlgnncilm9mg6ww8nsff5m-jq-1.7.1-man
2026-10-09T17:56:24.1642260Z   /nix/store/0b5z0wf3k9y3s3qadnkwsm78avax4jlk-keyutils-1.6.3-lib
2026-10-09T17:56:24.1642512Z   /nix/store/702y72g4yqmylqs1niks1dzm1vh6vaqh-lcms2-2.16
2026-10-09T17:56:24.1642774Z   /nix/store/fbkbkqb1cp46jwgk2lv6g28ik57r764i-libarchive-3.7.7-lib
2026-10-09T17:56:24.1643038Z   /nix/store/gniy4ab9wcijxjpcciddgpzdwq3v3dnb-libffi-3.4.6
2026-10-09T17:56:24.1643293Z   /nix/store/9jivp79yv91fl1i6ayq2107a78q7k43i-libidn2-2.3.7
2026-10-09T17:56:24.1643566Z   /nix/store/rrw0d53ykhyzwbqayrqzx28hm53krb7i-libjpeg-turbo-3.0.3
2026-10-09T17:56:24.1643843Z   /nix/store/2vv5dpcgl9hzcpzf1syjnrld69kfhkfm-libkrb5-1.21.3
2026-10-09T17:56:24.1644100Z   /nix/store/z867fyy7978kh6xf031ghmc6ysmiycq8-libkrb5-1.21.3
2026-10-09T17:56:24.1644364Z   /nix/store/bgh22i946ncj740a3snzlzddc0varib5-libkrb5-1.21.3-dev
2026-10-09T17:56:24.1644855Z   /nix/store/w0gcbzh5w6ds5h2cf1cg7nc2xcpcwxdk-libmpc-1.3.1
2026-10-09T17:56:24.1645233Z   /nix/store/vsq79al9acvxd0nng9h17c9z6a1fgz09-libpfm-4.13.0
2026-10-09T17:56:24.1645503Z   /nix/store/apjs9l6fsvv3d6d5dacinrhy8qj57jgx-libpsl-0.21.5
2026-10-09T17:56:24.1645755Z   /nix/store/8cigxaz31i50m4wrjxdyccb498r24mqb-libssh2-1.11.0
2026-10-09T17:56:24.1646006Z   /nix/store/jcv2dm4lis9g72qh580am3sg1x9vl80b-libssh2-1.11.0
2026-10-09T17:56:24.1646268Z   /nix/store/maifjkmix9nnh5j85s4ndsqad59f31p7-libssh2-1.11.0-dev
2026-10-09T17:56:24.1646544Z   /nix/store/zvwpisszhpkkk8spqyya8n3bpm7wj39p-libunistring-1.1
2026-10-09T17:56:24.1646804Z   /nix/store/1y79passl8570fq00gf4gr7b7ld7pzfl-liburcu-0.14.0
2026-10-09T17:56:24.1647050Z   /nix/store/a4x20x15w3r6iic9pllkzsikdr1ci8zr-libuv-1.48.0
2026-10-09T17:56:24.1647302Z   /nix/store/50bi74rnylylavh7b1ccylfyz0ksw22z-libuv-1.48.0-dev
2026-10-09T17:56:24.1647562Z   /nix/store/bb99dclcsv3r0a8q967bnvga02qicxsf-libxcrypt-4.4.36
2026-10-09T17:56:24.1647827Z   /nix/store/ssy9mnlc9pfkdn6msnirki0yfji4nqjv-libxml2-2.12.9
2026-10-09T17:56:24.1648087Z   /nix/store/d7vji37yjnbji14m4waa5rn35f10jzya-linux-headers-6.7
2026-10-09T17:56:24.1648342Z   /nix/store/jxdn6bj3hq16h1z42zrsz7kj5cjz5ir1-llvm-17.0.6
2026-10-09T17:56:24.1648593Z   /nix/store/hgv9ygk4bq8cscss48qnknmbrjmqvbh5-llvm-17.0.6-dev
2026-10-09T17:56:24.1648854Z   /nix/store/kh8za9c6zmhs2ijsgna5hcqil4j8lsbk-llvm-17.0.6-lib
2026-10-09T17:56:24.1649118Z   /nix/store/ar33fhhpindkrpagrjrjlsv3hj0vndgg-lttng-ust-2.12.2
2026-10-09T17:56:24.1649380Z   /nix/store/v68clh8wa74xxblx0b748vr50gl7xnzc-mailcap-2.1.53
2026-10-09T17:56:24.1649812Z   /nix/store/3214g9h194315pn6fnvl46lyfabwcd36-mirrors-list
2026-10-09T17:56:24.1650058Z   /nix/store/6x0n8ksnajz1kf7n6q0farmyrc6af4mz-mpdecimal-4.0.0
2026-10-09T17:56:24.1650308Z   /nix/store/4dqj8bq01rwapgzgwm0zpr622r6jv8wq-mpfr-4.2.1
2026-10-09T17:56:24.1650544Z   /nix/store/zmi2nlx42h1qrs2v7yn142dq4zjq30im-ncurses-6.4
2026-10-09T17:56:24.1650789Z   /nix/store/wcgzg38c6f5rspj5mp8b865v9c2b9rm7-ncurses-6.4-dev
2026-10-09T17:56:24.1651046Z   /nix/store/y5q23fai4v3rlq1pgw5f8sinhcyk39fq-ncurses-6.4-man
2026-10-09T17:56:24.1651302Z   /nix/store/l5xdryd9mpfmqrz124sqhby8jch87xj4-nghttp2-1.61.0
2026-10-09T17:56:24.1651568Z   /nix/store/v9fw3px4pv25jfqz6ibs0khahhnjxvpx-nghttp2-1.61.0-dev
2026-10-09T17:56:24.1651842Z   /nix/store/j17zmzz6z8fi8rd2yqk36n5jy8whzfhy-nghttp2-1.61.0-lib
2026-10-09T17:56:24.1652110Z   /nix/store/xznnzkxql66sg21aw9xcxfv8d44nna08-nghttp2-1.61.0-lib
2026-10-09T17:56:24.1652377Z   /nix/store/1qkhzhgx9w8rawvy8lvbaxqh4xb0srad-nodejs-22.10.0
2026-10-09T17:56:24.1652645Z   /nix/store/a6prrfmmr6kkbkwk6v3vq4zd96mcc5g4-numactl-2.0.18
2026-10-09T17:56:24.1652912Z   /nix/store/925hihdxx9ybs57cxvh59flm8sxddimh-oniguruma-6.9.9-lib
2026-10-09T17:56:24.1653202Z   /nix/store/4sg2892rfh45fjzz62s7dbsxgnr7kq5h-openjdk-headless-22+36
2026-10-09T17:56:24.1653476Z   /nix/store/nwwm81a4kyx8yhq6xrsyzp5a5b51fnkg-openssl-3.0.14
2026-10-09T17:56:24.1653728Z   /nix/store/p8hw2h465g0byxwpamnk6gv6mp5gnqn2-openssl-3.0.14
2026-10-09T17:56:24.1654023Z   /nix/store/3za4imd3c8r7zm6x62khahdf5dwn2ihq-openssl-3.0.14-bin
2026-10-09T17:56:24.1654636Z   /nix/store/i6phx7d2fzzjrp9cq3y95ysqn85cj1y4-openssl-3.0.14-bin
2026-10-09T17:56:24.1655033Z   /nix/store/75qm0pb8hah3i2wa0mgd3l5fyhknr6p3-openssl-3.0.14-dev
2026-10-09T17:56:24.1655425Z   /nix/store/ng1lqlkhf27xg4d3ahi8rl3vi30kpzqn-openssl-3.0.14-dev
2026-10-09T17:56:24.1655814Z   /nix/store/hxhg0hk4g60yjsbiw1hwdzykidswdvaz-patch-2.7.6
2026-10-09T17:56:24.1656216Z   /nix/store/2wp235bg03gykpixd9v2nyxp08w8xq8a-patchelf-0.15.0
2026-10-09T17:56:24.1656591Z   /nix/store/jk99vx5dhv57zldl5j0id3n23igbj269-pcre2-10.43
2026-10-09T17:56:24.1656960Z   /nix/store/mdadnfhlp7m6778zhlmpbn9qy37xkrmh-perl-5.38.2
2026-10-09T17:56:24.1657393Z   /nix/store/lgs9i0988prw414dls42dc5agsvj88wg-perl5.38.2-Authen-SASL-2.1700
2026-10-09T17:56:24.1657851Z   /nix/store/cv05k9nr90lciyxyrpkwmqrq9lhl1rn4-perl5.38.2-CGI-4.59
2026-10-09T17:56:24.1658282Z   /nix/store/fsikhb1i0bf4pz9b819bp33y2vbhfq2f-perl5.38.2-CGI-Fast-2.16
2026-10-09T17:56:24.1658663Z   /nix/store/aa1nmdsivj49bfgkzimi12fjz7wchwbn-perl5.38.2-Clone-0.46
2026-10-09T17:56:24.1658967Z   /nix/store/jvzprd7j5kh2xmmq62v05lchl31dj1d8-perl5.38.2-Digest-HMAC-1.04
2026-10-09T17:56:24.1659286Z   /nix/store/ws540wqk99bs78nj6sf94l58p9q0j206-perl5.38.2-Encode-Locale-1.05
2026-10-09T17:56:24.1659585Z   /nix/store/5x04zrxvdamhi4gbhpb6d8wmrgi5s046-perl5.38.2-FCGI-0.82
2026-10-09T17:56:24.1659897Z   /nix/store/1rs6r53nbr8d3bxgp50c5pj822p2ldgk-perl5.38.2-FCGI-ProcManager-0.28
2026-10-09T17:56:24.1660237Z   /nix/store/8rld2a5k3r7sj12lmymal6hbpks13rkf-perl5.38.2-File-Listing-6.16
2026-10-09T17:56:24.1660566Z   /nix/store/8vnznycxwsghawc0fgxfasfhrfgggjsc-perl5.38.2-HTML-Parser-3.81
2026-10-09T17:56:24.1660891Z   /nix/store/sazs3vywbi6sipfccvih8f88r9v621w7-perl5.38.2-HTML-TagCloud-0.38
2026-10-09T17:56:24.1661211Z   /nix/store/l1r74jzcj016i2zr14l75zfcdx46vpxd-perl5.38.2-HTML-Tagset-3.20
2026-10-09T17:56:24.1661538Z   /nix/store/pdczdajinqqf013h6srx3mvrizr5053w-perl5.38.2-HTTP-CookieJar-0.014
2026-10-09T17:56:24.1661867Z   /nix/store/xwa7k3qirvbi4j1nd6c910i8xcqzq0zc-perl5.38.2-HTTP-Cookies-6.10
2026-10-09T17:56:24.1662180Z   /nix/store/96k4wa4181zg5inxbzkqk81f3pvs1zf6-perl5.38.2-HTTP-Daemon-6.16
2026-10-09T17:56:24.1662486Z   /nix/store/5gxibfsyjvfhkxpnz18r8qqld393d2nn-perl5.38.2-HTTP-Date-6.06
2026-10-09T17:56:24.1662797Z   /nix/store/nmiy52nfg19qh56mpnshy2pi7ms2inga-perl5.38.2-HTTP-Message-6.45
2026-10-09T17:56:24.1663126Z   /nix/store/m22x0xhiqxgswiihn5vxi4cm9rww9fjm-perl5.38.2-HTTP-Negotiate-6.01
2026-10-09T17:56:24.1663887Z   /nix/store/p7aaqwkfbczvw7fkw2yqsz0bhfhsq4zy-perl5.38.2-IO-HTML-1.004
2026-10-09T17:56:24.1664635Z   /nix/store/32si5ivv66qixzs0qgwcwh7ik7qhjcdj-perl5.38.2-IO-Socket-SSL-2.083
2026-10-09T17:56:24.1665171Z   /nix/store/4bd6wmi1x1nk9b8gdnypjrhil19y3jq0-perl5.38.2-LWP-MediaTypes-6.04
2026-10-09T17:56:24.1665699Z   /nix/store/3bpaa568fnrx0jz7lzp2sfhgp2sjbqi0-perl5.38.2-Mozilla-CA-20230821
2026-10-09T17:56:24.1666207Z   /nix/store/s4xiws1ayv3l297k7xdhs6lng8sds08a-perl5.38.2-Net-HTTP-6.23
2026-10-09T17:56:24.1666705Z   /nix/store/6dcc1j2x8gm4vmk4fijb0fmbabqwjscs-perl5.38.2-Net-SMTP-SSL-1.04
2026-10-09T17:56:24.1667164Z   /nix/store/a75jgdhdgbp18ij8r3khdkb9hb1ypykl-perl5.38.2-Net-SSLeay-1.92
2026-10-09T17:56:24.1667484Z   /nix/store/i0wk9fviyymf3vq86w6nc1jikc9209pp-perl5.38.2-TermReadKey-2.38
2026-10-09T17:56:24.1667796Z   /nix/store/gd5gbdkkc21hnyd1i1975lzckg3vyy0q-perl5.38.2-Test-Fatal-0.017
2026-10-09T17:56:24.1668114Z   /nix/store/5yah4mdd0cwfwvjgln32m5v4x73pzyjr-perl5.38.2-Test-Needs-0.002010
2026-10-09T17:56:24.1668482Z   /nix/store/1vhgsh0mvsmd10jy0jf3k1yfjr7vjiqa-perl5.38.2-Test-RequiresInternet-0.05
2026-10-09T17:56:24.1668822Z   /nix/store/za4zp2sff6p86j0mmbd874qipbiads43-perl5.38.2-TimeDate-2.33
2026-10-09T17:56:24.1669187Z   /nix/store/iw3l5vqxajdgyqh32xvh50hgryfs53ih-perl5.38.2-Try-Tiny-0.31
2026-10-09T17:56:24.1669585Z   /nix/store/8p2jwlmgk4vwynqks5di2svvlwg468nw-perl5.38.2-URI-5.21
2026-10-09T17:56:24.1669968Z   /nix/store/4hpxdsfcn9qjyv1c3rb8wp6gg4xalh1g-perl5.38.2-WWW-RobotRules-6.02
2026-10-09T17:56:24.1670550Z   /nix/store/5xcbphhkys4b7nnxbrn37fnm70bncyr7-perl5.38.2-libnet-3.15
2026-10-09T17:56:24.1670940Z   /nix/store/mvnig14jxhfn1qnzmlpy855dxbd0rvf1-perl5.38.2-libwww-perl-6.72
2026-10-09T17:56:24.1671396Z   /nix/store/qhwavx7kpnazsmfdbbvvafs0vsnkn49p-pkg-config-0.29.2
2026-10-09T17:56:24.1671789Z   /nix/store/dr2969ydf41s2i345dg751cabi9wnksn-pkg-config-wrapper-0.29.2
2026-10-09T17:56:24.1672223Z   /nix/store/bmjdb3wc1z2nh78k23p9akgqiabi2way-publicsuffix-list-0-unstable-2024-01-07
2026-10-09T17:56:24.1672746Z   /nix/store/s0p1kr5mvs0j42dq5r08kgqbi0k028f2-python3-3.11.10
2026-10-09T17:56:24.1673109Z   /nix/store/v9zjfpkffznvnlaa28mdkc5kr3ka9y6c-python3-3.11.10-env
2026-10-09T17:56:24.1694331Z   /nix/store/6frx0rrqvrjgc5axzih8ybp6x8i3lnfc-python3.11-pyelftools-0.31
2026-10-09T17:56:24.1694924Z   /nix/store/rafcl7sl3f9757z4m5hl7vaklppi8xkr-readline-8.2p10
2026-10-09T17:56:24.1695235Z   /nix/store/vnhidpihmbp8wr949ri7a457y0hnb6bn-rhash-1.4.4
2026-10-09T17:56:24.1695574Z   /nix/store/18wh4fyaiar3bz1vz041518yg9dj41w3-set-java-classpath-hook
2026-10-09T17:56:24.1695969Z   /nix/store/0pjc3s5k0zlc56xs2z0cmvq885zkij9h-sqlite-3.45.3
2026-10-09T17:56:24.1696231Z   /nix/store/80wijs24wjp619zmrasrh805bax02xjm-stdenv-linux
2026-10-09T17:56:24.1696556Z   /nix/store/zix67r268ihi4c362zw7c0989z12jmy7-stdenv-linux
2026-10-09T17:56:24.1696801Z   /nix/store/vil8wqacfkz8qx09aymahxv48d1zq3g2-tzdata-2024b
2026-10-09T17:56:24.1697127Z   /nix/store/2329271b42wh6b6yhl7jmjyi0cs4428b-update-autotools-gnu-config-scripts-hook
2026-10-09T17:56:24.1697540Z   /nix/store/ai8khzi02bspxjgdxqhx02bdgdnmk1yx-wabt-1.0.35
2026-10-09T17:56:24.1697801Z   /nix/store/zx7p1fa3n2f316p82005j50h87kd2q2b-wasm-tools-1.215.0
2026-10-09T17:56:24.1698069Z   /nix/store/2y852kcvb7shrj8f3z8j22pa0iybcbgj-xgcc-13.2.0-libgcc
2026-10-09T17:56:24.1698410Z   /nix/store/p1m1hbbfyvix5390xgslhq3d30zzhp7f-xz-5.4.7
2026-10-09T17:56:24.1698652Z   /nix/store/1h4vhcpa6nqln9x0w03dy5i1x97z8svc-xz-5.4.7-bin
2026-10-09T17:56:24.1698972Z   /nix/store/qg40mg3yyyazi6phd5vxygk05xcmrkc9-xz-5.4.7-dev
2026-10-09T17:56:24.1699224Z   /nix/store/6ghariqqf33l5xqn7alx58dys7kz2wm5-zlib-1.3.1
2026-10-09T17:56:24.1699479Z   /nix/store/i44dhfrwi3qaz3f8xkxiva6zqkq3f65v-zlib-1.3.1-dev
2026-10-09T17:56:24.1699781Z   /nix/store/c1hff4nzawfkzvjmqn609pfdc3m3dk5z-zstd-1.5.6
2026-10-09T17:56:24.1700072Z   /nix/store/g7kjsdrig65ykzi0056abrb84dxm1mqv-zstd-1.5.6-bin
2026-10-09T17:56:24.1700328Z   /nix/store/m1vwc9blmwijw7ngrxz6rmybhzvamp08-zstd-1.5.6-dev
2026-10-09T17:56:24.1713855Z copying path '/nix/store/dd13q38yxm9qppjclsvwn10dscsf0l9w-gcc-13.2.0-libgcc' from 'https://cache.nixos.org'...
2026-10-09T17:56:24.1715066Z copying path '/nix/store/d0i8idmbb4jji9ml01xsqgykrbvm7dss-gnu-config-2024-01-01' from 'https://cache.nixos.org'...
2026-10-09T17:56:24.1726522Z copying path '/nix/store/2y852kcvb7shrj8f3z8j22pa0iybcbgj-xgcc-13.2.0-libgcc' from 'https://cache.nixos.org'...
2026-10-09T17:56:24.1769189Z copying path '/nix/store/km0pyarp6b5ppixfgqc03mxsb2m8zxj2-git-2.44.2-doc' from 'https://cache.nixos.org'...
2026-10-09T17:56:24.1769823Z copying path '/nix/store/2b81ihj7pcsr6pkr02vaajprjx9gfpq6-jq-1.7.1' from 'https://cache.nixos.org'...
2026-10-09T17:56:24.1770556Z copying path '/nix/store/zvwpisszhpkkk8spqyya8n3bpm7wj39p-libunistring-1.1' from 'https://cache.nixos.org'...
2026-10-09T17:56:24.1771923Z copying path '/nix/store/v68clh8wa74xxblx0b748vr50gl7xnzc-mailcap-2.1.53' from 'https://cache.nixos.org'...
2026-10-09T17:56:24.1775365Z copying path '/nix/store/jvzprd7j5kh2xmmq62v05lchl31dj1d8-perl5.38.2-Digest-HMAC-1.04' from 'https://cache.nixos.org'...
2026-10-09T17:56:24.1776348Z copying path '/nix/store/1rs6r53nbr8d3bxgp50c5pj822p2ldgk-perl5.38.2-FCGI-ProcManager-0.28' from 'https://cache.nixos.org'...
2026-10-09T17:56:24.1778445Z copying path '/nix/store/sazs3vywbi6sipfccvih8f88r9v621w7-perl5.38.2-HTML-TagCloud-0.38' from 'https://cache.nixos.org'...
2026-10-09T17:56:24.1783820Z copying path '/nix/store/5xcbphhkys4b7nnxbrn37fnm70bncyr7-perl5.38.2-libnet-3.15' from 'https://cache.nixos.org'...
2026-10-09T17:56:24.1784864Z copying path '/nix/store/8p2jwlmgk4vwynqks5di2svvlwg468nw-perl5.38.2-URI-5.21' from 'https://cache.nixos.org'...
2026-10-09T17:56:24.1798433Z copying path '/nix/store/vil8wqacfkz8qx09aymahxv48d1zq3g2-tzdata-2024b' from 'https://cache.nixos.org'...
2026-10-09T17:56:24.1803447Z copying path '/nix/store/18wh4fyaiar3bz1vz041518yg9dj41w3-set-java-classpath-hook' from 'https://cache.nixos.org'...
2026-10-09T17:56:24.1822167Z copying path '/nix/store/p3ks31bnd9fhvh2cp1wmcalm4bs2bkwq-jq-1.7.1-doc' from 'https://cache.nixos.org'...
2026-10-09T17:56:24.1842537Z copying path '/nix/store/xrmh72ajmjxlgnncilm9mg6ww8nsff5m-jq-1.7.1-man' from 'https://cache.nixos.org'...
2026-10-09T17:56:24.1880794Z copying path '/nix/store/bmjdb3wc1z2nh78k23p9akgqiabi2way-publicsuffix-list-0-unstable-2024-01-07' from 'https://cache.nixos.org'...
2026-10-09T17:56:24.1901187Z copying path '/nix/store/2329271b42wh6b6yhl7jmjyi0cs4428b-update-autotools-gnu-config-scripts-hook' from 'https://cache.nixos.org'...
2026-10-09T17:56:24.1926725Z copying path '/nix/store/y5q23fai4v3rlq1pgw5f8sinhcyk39fq-ncurses-6.4-man' from 'https://cache.nixos.org'...
2026-10-09T17:56:24.1928746Z copying path '/nix/store/d7vji37yjnbji14m4waa5rn35f10jzya-linux-headers-6.7' from 'https://cache.nixos.org'...
2026-10-09T17:56:24.1956345Z copying path '/nix/store/l1r74jzcj016i2zr14l75zfcdx46vpxd-perl5.38.2-HTML-Tagset-3.20' from 'https://cache.nixos.org'...
2026-10-09T17:56:24.2004706Z copying path '/nix/store/3bpaa568fnrx0jz7lzp2sfhgp2sjbqi0-perl5.38.2-Mozilla-CA-20230821' from 'https://cache.nixos.org'...
2026-10-09T17:56:24.2005908Z copying path '/nix/store/1vhgsh0mvsmd10jy0jf3k1yfjr7vjiqa-perl5.38.2-Test-RequiresInternet-0.05' from 'https://cache.nixos.org'...
2026-10-09T17:56:24.2010429Z copying path '/nix/store/4bd6wmi1x1nk9b8gdnypjrhil19y3jq0-perl5.38.2-LWP-MediaTypes-6.04' from 'https://cache.nixos.org'...
2026-10-09T17:56:24.2035080Z copying path '/nix/store/lgs9i0988prw414dls42dc5agsvj88wg-perl5.38.2-Authen-SASL-2.1700' from 'https://cache.nixos.org'...
2026-10-09T17:56:24.2054653Z copying path '/nix/store/5yah4mdd0cwfwvjgln32m5v4x73pzyjr-perl5.38.2-Test-Needs-0.002010' from 'https://cache.nixos.org'...
2026-10-09T17:56:24.2055797Z copying path '/nix/store/iw3l5vqxajdgyqh32xvh50hgryfs53ih-perl5.38.2-Try-Tiny-0.31' from 'https://cache.nixos.org'...
2026-10-09T17:56:24.2056680Z copying path '/nix/store/p7aaqwkfbczvw7fkw2yqsz0bhfhsq4zy-perl5.38.2-IO-HTML-1.004' from 'https://cache.nixos.org'...
2026-10-09T17:56:24.2113676Z copying path '/nix/store/4hpxdsfcn9qjyv1c3rb8wp6gg4xalh1g-perl5.38.2-WWW-RobotRules-6.02' from 'https://cache.nixos.org'...
2026-10-09T17:56:24.2269873Z copying path '/nix/store/ws540wqk99bs78nj6sf94l58p9q0j206-perl5.38.2-Encode-Locale-1.05' from 'https://cache.nixos.org'...
2026-10-09T17:56:24.2271142Z copying path '/nix/store/s4xiws1ayv3l297k7xdhs6lng8sds08a-perl5.38.2-Net-HTTP-6.23' from 'https://cache.nixos.org'...
2026-10-09T17:56:24.2272253Z copying path '/nix/store/za4zp2sff6p86j0mmbd874qipbiads43-perl5.38.2-TimeDate-2.33' from 'https://cache.nixos.org'...
2026-10-09T17:56:24.2278073Z copying path '/nix/store/9jivp79yv91fl1i6ayq2107a78q7k43i-libidn2-2.3.7' from 'https://cache.nixos.org'...
2026-10-09T17:56:24.2290593Z copying path '/nix/store/3214g9h194315pn6fnvl46lyfabwcd36-mirrors-list' from 'https://cache.nixos.org'...
2026-10-09T17:56:24.2379040Z copying path '/nix/store/1xbn2czqsq3412qs1rk7kwyqxzbqsjjl-curl-8.7.1-man' from 'https://cache.nixos.org'...
2026-10-09T17:56:24.2383867Z copying path '/nix/store/l5xdryd9mpfmqrz124sqhby8jch87xj4-nghttp2-1.61.0' from 'https://cache.nixos.org'...
2026-10-09T17:56:24.2392570Z copying path '/nix/store/gd5gbdkkc21hnyd1i1975lzckg3vyy0q-perl5.38.2-Test-Fatal-0.017' from 'https://cache.nixos.org'...
2026-10-09T17:56:24.2662662Z copying path '/nix/store/5gxibfsyjvfhkxpnz18r8qqld393d2nn-perl5.38.2-HTTP-Date-6.06' from 'https://cache.nixos.org'...
2026-10-09T17:56:24.2725654Z copying path '/nix/store/pf5avvvl4ssd6kylcvg2g23hcjp71h19-glibc-2.39-52' from 'https://cache.nixos.org'...
2026-10-09T17:56:24.2863022Z copying path '/nix/store/8rld2a5k3r7sj12lmymal6hbpks13rkf-perl5.38.2-File-Listing-6.16' from 'https://cache.nixos.org'...
2026-10-09T17:56:24.2863865Z copying path '/nix/store/pdczdajinqqf013h6srx3mvrizr5053w-perl5.38.2-HTTP-CookieJar-0.014' from 'https://cache.nixos.org'...
2026-10-09T17:56:24.6093067Z copying path '/nix/store/s894wa8wzbf841myjr7dm4m85177f8rl-attr-2.5.2' from 'https://cache.nixos.org'...
2026-10-09T17:56:24.6094119Z copying path '/nix/store/1jzhbwq5rjjaqa75z88ws2b424vh7m53-bash-5.2p32' from 'https://cache.nixos.org'...
2026-10-09T17:56:24.6095062Z copying path '/nix/store/jziybc6yn78sf0bbh0kmmx50bxjsnr15-gawk-5.2.2' from 'https://cache.nixos.org'...
2026-10-09T17:56:24.6097254Z copying path '/nix/store/0s4k9fh17m2sx8ifj9xdflnjfgxrvbgp-bzip2-1.0.8' from 'https://cache.nixos.org'...
2026-10-09T17:56:24.6098059Z copying path '/nix/store/90yn7340r8yab8kxpb0p7y0c9j3snjam-gcc-13.2.0-lib' from 'https://cache.nixos.org'...
2026-10-09T17:56:24.6098809Z copying path '/nix/store/nbbg70f6gihj51p65kv19m0fnq8ik5kh-expat-2.6.4' from 'https://cache.nixos.org'...
2026-10-09T17:56:24.6099573Z copying path '/nix/store/nmkjwwbqbsa4nx3ljjxrp746kp53by51-brotli-1.1.0-lib' from 'https://cache.nixos.org'...
2026-10-09T17:56:24.6100107Z copying path '/nix/store/sg0xabw675wgc8y1rl6mymmhggqkqmjr-expand-response-params' from 'https://cache.nixos.org'...
2026-10-09T17:56:24.6102797Z copying path '/nix/store/13bjf2r63138p99rcdkdb0wr0gbwcc0m-expand-response-params' from 'https://cache.nixos.org'...
2026-10-09T17:56:24.6104700Z copying path '/nix/store/y8fzwmygqh9rl5rc8rvcydcskgszldpn-gdbm-1.23' from 'https://cache.nixos.org'...
2026-10-09T17:56:24.6114064Z copying path '/nix/store/bjfycbr15irgfgwqw6bjb5xmrb6jllnq-ed-1.20.2' from 'https://cache.nixos.org'...
2026-10-09T17:56:24.6115143Z copying path '/nix/store/94gaw2ngsnpf3ybxjsg89lf3hf3d55y2-glibc-2.39-52-bin' from 'https://cache.nixos.org'...
2026-10-09T17:56:24.6116163Z copying path '/nix/store/bz756gkg3lrqjl958d8h7z5qn98z0vn7-gmp-6.3.0' from 'https://cache.nixos.org'...
2026-10-09T17:56:24.6116677Z copying path '/nix/store/0554jm1l1qw1pcfqsliw91hnifn11w8m-gnumake-4.4.1' from 'https://cache.nixos.org'...
2026-10-09T17:56:24.6125790Z copying path '/nix/store/vqgpb0anqqfnhb5ww3y8rf1jaxpphqwg-gnumake-4.4.1' from 'https://cache.nixos.org'...
2026-10-09T17:56:24.6135755Z copying path '/nix/store/y8br765djcj51ls9lb3kylkrvc2wan3p-gnused-4.9' from 'https://cache.nixos.org'...
2026-10-09T17:56:24.6321841Z copying path '/nix/store/p8hw2h465g0byxwpamnk6gv6mp5gnqn2-openssl-3.0.14' from 'https://cache.nixos.org'...
2026-10-09T17:56:24.6345363Z copying path '/nix/store/6ghariqqf33l5xqn7alx58dys7kz2wm5-zlib-1.3.1' from 'https://cache.nixos.org'...
2026-10-09T17:56:24.6346435Z copying path '/nix/store/a4x20x15w3r6iic9pllkzsikdr1ci8zr-libuv-1.48.0' from 'https://cache.nixos.org'...
2026-10-09T17:56:24.6393296Z copying path '/nix/store/8krchn3igfzz62fnirxj47l2hrz11sj9-bzip2-1.0.8-bin' from 'https://cache.nixos.org'...
2026-10-09T17:56:24.6435110Z copying path '/nix/store/hxhg0hk4g60yjsbiw1hwdzykidswdvaz-patch-2.7.6' from 'https://cache.nixos.org'...
2026-10-09T17:56:24.6448155Z copying path '/nix/store/80kzdbnl1bmnd8r8hphh1xzmgsvyyf6w-acl-2.3.2' from 'https://cache.nixos.org'...
2026-10-09T17:56:24.6546271Z copying path '/nix/store/jk99vx5dhv57zldl5j0id3n23igbj269-pcre2-10.43' from 'https://cache.nixos.org'...
2026-10-09T17:56:24.6570295Z copying path '/nix/store/p1m1hbbfyvix5390xgslhq3d30zzhp7f-xz-5.4.7' from 'https://cache.nixos.org'...
2026-10-09T17:56:24.6657539Z copying path '/nix/store/vnhidpihmbp8wr949ri7a457y0hnb6bn-rhash-1.4.4' from 'https://cache.nixos.org'...
2026-10-09T17:56:24.6686243Z copying path '/nix/store/r6apkwli4s0xhzn1bdi9nrkmvqc5arrj-gzip-1.13' from 'https://cache.nixos.org'...
2026-10-09T17:56:24.6756495Z copying path '/nix/store/i44dhfrwi3qaz3f8xkxiva6zqkq3f65v-zlib-1.3.1-dev' from 'https://cache.nixos.org'...
2026-10-09T17:56:24.6872685Z copying path '/nix/store/50bi74rnylylavh7b1ccylfyz0ksw22z-libuv-1.48.0-dev' from 'https://cache.nixos.org'...
2026-10-09T17:56:24.6946479Z copying path '/nix/store/0vdf5mpd762bw53rgl5nkmhvzq8n4m0d-file-5.45' from 'https://cache.nixos.org'...
2026-10-09T17:56:24.6986016Z copying path '/nix/store/llalnjlyrj2zv12q5bjy8cagqv70j73y-gnutar-1.35' from 'https://cache.nixos.org'...
2026-10-09T17:56:24.6990084Z copying path '/nix/store/9spr3h287vf61j35vh59aqcv7rm0wspb-bash-5.2p32-dev' from 'https://cache.nixos.org'...
2026-10-09T17:56:24.7106279Z copying path '/nix/store/1b4si7qr8f04lqpy5m7iis3w8jxhc2vq-file-5.45' from 'https://cache.nixos.org'...
2026-10-09T17:56:24.7118873Z copying path '/nix/store/i0wk9fviyymf3vq86w6nc1jikc9209pp-perl5.38.2-TermReadKey-2.38' from 'https://cache.nixos.org'...
2026-10-09T17:56:24.7122905Z copying path '/nix/store/5x04zrxvdamhi4gbhpb6d8wmrgi5s046-perl5.38.2-FCGI-0.82' from 'https://cache.nixos.org'...
2026-10-09T17:56:24.7125657Z copying path '/nix/store/jig62nn8174n4dlk05lqwsvs5wd2c64r-glibc-2.39-52-dev' from 'https://cache.nixos.org'...
2026-10-09T17:56:24.7130288Z copying path '/nix/store/702y72g4yqmylqs1niks1dzm1vh6vaqh-lcms2-2.16' from 'https://cache.nixos.org'...
2026-10-09T17:56:24.7136459Z copying path '/nix/store/zmi2nlx42h1qrs2v7yn142dq4zjq30im-ncurses-6.4' from 'https://cache.nixos.org'...
2026-10-09T17:56:24.7158087Z copying path '/nix/store/1h4vhcpa6nqln9x0w03dy5i1x97z8svc-xz-5.4.7-bin' from 'https://cache.nixos.org'...
2026-10-09T17:56:24.7172428Z copying path '/nix/store/rrw0d53ykhyzwbqayrqzx28hm53krb7i-libjpeg-turbo-3.0.3' from 'https://cache.nixos.org'...
2026-10-09T17:56:24.7213071Z copying path '/nix/store/qhwavx7kpnazsmfdbbvvafs0vsnkn49p-pkg-config-0.29.2' from 'https://cache.nixos.org'...
2026-10-09T17:56:24.7236685Z copying path '/nix/store/0pjc3s5k0zlc56xs2z0cmvq885zkij9h-sqlite-3.45.3' from 'https://cache.nixos.org'...
2026-10-09T17:56:24.7298259Z copying path '/nix/store/8nss7h1yk4jihkmr4xj5ihrbdkv4y1wy-gnugrep-3.11' from 'https://cache.nixos.org'...
2026-10-09T17:56:24.7327041Z copying path '/nix/store/6x0n8ksnajz1kf7n6q0farmyrc6af4mz-mpdecimal-4.0.0' from 'https://cache.nixos.org'...
2026-10-09T17:56:24.7367602Z copying path '/nix/store/bb99dclcsv3r0a8q967bnvga02qicxsf-libxcrypt-4.4.36' from 'https://cache.nixos.org'...
2026-10-09T17:56:24.7596116Z copying path '/nix/store/gniy4ab9wcijxjpcciddgpzdwq3v3dnb-libffi-3.4.6' from 'https://cache.nixos.org'...
2026-10-09T17:56:24.7750002Z copying path '/nix/store/apjs9l6fsvv3d6d5dacinrhy8qj57jgx-libpsl-0.21.5' from 'https://cache.nixos.org'...
2026-10-09T17:56:24.7753343Z copying path '/nix/store/xznnzkxql66sg21aw9xcxfv8d44nna08-nghttp2-1.61.0-lib' from 'https://cache.nixos.org'...
2026-10-09T17:56:24.7769077Z copying path '/nix/store/dr2969ydf41s2i345dg751cabi9wnksn-pkg-config-wrapper-0.29.2' from 'https://cache.nixos.org'...
2026-10-09T17:56:24.7947107Z copying path '/nix/store/j17zmzz6z8fi8rd2yqk36n5jy8whzfhy-nghttp2-1.61.0-lib' from 'https://cache.nixos.org'...
2026-10-09T17:56:24.7953646Z copying path '/nix/store/4dqj8bq01rwapgzgwm0zpr622r6jv8wq-mpfr-4.2.1' from 'https://cache.nixos.org'...
2026-10-09T17:56:24.8049024Z copying path '/nix/store/mwa26ixrnf0s1j7923pdzfl9nwwglq4w-isl-0.20' from 'https://cache.nixos.org'...
2026-10-09T17:56:24.8052391Z copying path '/nix/store/925hihdxx9ybs57cxvh59flm8sxddimh-oniguruma-6.9.9-lib' from 'https://cache.nixos.org'...
2026-10-09T17:56:24.8054336Z copying path '/nix/store/qg40mg3yyyazi6phd5vxygk05xcmrkc9-xz-5.4.7-dev' from 'https://cache.nixos.org'...
2026-10-09T17:56:24.8143159Z copying path '/nix/store/ssy9mnlc9pfkdn6msnirki0yfji4nqjv-libxml2-2.12.9' from 'https://cache.nixos.org'...
2026-10-09T17:56:24.8262180Z copying path '/nix/store/v9fw3px4pv25jfqz6ibs0khahhnjxvpx-nghttp2-1.61.0-dev' from 'https://cache.nixos.org'...
2026-10-09T17:56:24.8266576Z copying path '/nix/store/0b5z0wf3k9y3s3qadnkwsm78avax4jlk-keyutils-1.6.3-lib' from 'https://cache.nixos.org'...
2026-10-09T17:56:24.8316323Z copying path '/nix/store/vsq79al9acvxd0nng9h17c9z6a1fgz09-libpfm-4.13.0' from 'https://cache.nixos.org'...
2026-10-09T17:56:24.8349363Z copying path '/nix/store/1y79passl8570fq00gf4gr7b7ld7pzfl-liburcu-0.14.0' from 'https://cache.nixos.org'...
2026-10-09T17:56:24.8356456Z copying path '/nix/store/i6phx7d2fzzjrp9cq3y95ysqn85cj1y4-openssl-3.0.14-bin' from 'https://cache.nixos.org'...
2026-10-09T17:56:24.8456975Z copying path '/nix/store/a75jgdhdgbp18ij8r3khdkb9hb1ypykl-perl5.38.2-Net-SSLeay-1.92' from 'https://cache.nixos.org'...
2026-10-09T17:56:24.8496595Z copying path '/nix/store/jcv2dm4lis9g72qh580am3sg1x9vl80b-libssh2-1.11.0' from 'https://cache.nixos.org'...
2026-10-09T17:56:24.8553733Z copying path '/nix/store/aa1nmdsivj49bfgkzimi12fjz7wchwbn-perl5.38.2-Clone-0.46' from 'https://cache.nixos.org'...
2026-10-09T17:56:24.8574217Z copying path '/nix/store/w0gcbzh5w6ds5h2cf1cg7nc2xcpcwxdk-libmpc-1.3.1' from 'https://cache.nixos.org'...
2026-10-09T17:56:24.8583077Z copying path '/nix/store/xf9367aw8afx9a8y9r90kdhlaji9bnz8-binutils-2.41-lib' from 'https://cache.nixos.org'...
2026-10-09T17:56:24.8586589Z copying path '/nix/store/q36rhfg9kml0hf7gmrhvixn17xlbmijm-file-5.45-dev' from 'https://cache.nixos.org'...
2026-10-09T17:56:24.8636984Z copying path '/nix/store/2vv5dpcgl9hzcpzf1syjnrld69kfhkfm-libkrb5-1.21.3' from 'https://cache.nixos.org'...
2026-10-09T17:56:24.8702160Z copying path '/nix/store/bwxp1bkaa4cgz20mrk1hqm8azvv1skif-jq-1.7.1-lib' from 'https://cache.nixos.org'...
2026-10-09T17:56:24.8709682Z copying path '/nix/store/nwwm81a4kyx8yhq6xrsyzp5a5b51fnkg-openssl-3.0.14' from 'https://cache.nixos.org'...
2026-10-09T17:56:24.8729888Z copying path '/nix/store/z867fyy7978kh6xf031ghmc6ysmiycq8-libkrb5-1.21.3' from 'https://cache.nixos.org'...
2026-10-09T17:56:24.8866325Z copying path '/nix/store/75qm0pb8hah3i2wa0mgd3l5fyhknr6p3-openssl-3.0.14-dev' from 'https://cache.nixos.org'...
2026-10-09T17:56:24.8995053Z copying path '/nix/store/32si5ivv66qixzs0qgwcwh7ik7qhjcdj-perl5.38.2-IO-Socket-SSL-2.083' from 'https://cache.nixos.org'...
2026-10-09T17:56:24.9012085Z copying path '/nix/store/a2qxya11zd3xdn5df34n6axfd6fhgzql-icu4c-73.2' from 'https://cache.nixos.org'...
2026-10-09T17:56:24.9015716Z copying path '/nix/store/6lwnmjnynb6mvpifwvdx0nx60kfw2vrh-compiler-rt-libc-17.0.6' from 'https://cache.nixos.org'...
2026-10-09T17:56:24.9018164Z copying path '/nix/store/6ds32jlmhqjvbkp2pd20dz1wi9anszls-gettext-0.21.1' from 'https://cache.nixos.org'...
2026-10-09T17:56:24.9022512Z copying path '/nix/store/0pkjhzncyjkvhq8lwmdkzvl4cs4vh0yb-gmp-with-cxx-6.3.0' from 'https://cache.nixos.org'...
2026-10-09T17:56:24.9045789Z copying path '/nix/store/2wp235bg03gykpixd9v2nyxp08w8xq8a-patchelf-0.15.0' from 'https://cache.nixos.org'...
2026-10-09T17:56:24.9107623Z copying path '/nix/store/4sg2892rfh45fjzz62s7dbsxgnr7kq5h-openjdk-headless-22+36' from 'https://cache.nixos.org'...
2026-10-09T17:56:24.9109828Z copying path '/nix/store/ai8khzi02bspxjgdxqhx02bdgdnmk1yx-wabt-1.0.35' from 'https://cache.nixos.org'...
2026-10-09T17:56:24.9122135Z copying path '/nix/store/zx7p1fa3n2f316p82005j50h87kd2q2b-wasm-tools-1.215.0' from 'https://cache.nixos.org'...
2026-10-09T17:56:24.9406056Z copying path '/nix/store/f2lglcw69yh2yyihxq6kvhpanc3s1n9p-gcc-13.2.0' from 'https://cache.nixos.org'...
2026-10-09T17:56:24.9506862Z copying path '/nix/store/xylb1pgqnnd2qj9lsy1w2r9p8lmir8qs-jq-1.7.1-bin' from 'https://cache.nixos.org'...
2026-10-09T17:56:24.9594110Z copying path '/nix/store/6dcc1j2x8gm4vmk4fijb0fmbabqwjscs-perl5.38.2-Net-SMTP-SSL-1.04' from 'https://cache.nixos.org'...
2026-10-09T17:56:24.9643703Z copying path '/nix/store/n9gh8gxx5xx51ihgll2l20ar9b2vmgzy-coreutils-9.5' from 'https://cache.nixos.org'...
2026-10-09T17:56:24.9656780Z copying path '/nix/store/ld1yqvr1db4iv8sk8f4aflgai1b5d2ql-curl-8.7.1' from 'https://cache.nixos.org'...
2026-10-09T17:56:24.9672843Z copying path '/nix/store/kh8za9c6zmhs2ijsgna5hcqil4j8lsbk-llvm-17.0.6-lib' from 'https://cache.nixos.org'...
2026-10-09T17:56:24.9718704Z copying path '/nix/store/wcgzg38c6f5rspj5mp8b865v9c2b9rm7-ncurses-6.4-dev' from 'https://cache.nixos.org'...
2026-10-09T17:56:25.0156802Z copying path '/nix/store/z34dss3rj1rnp1g820r64w0na7452jy1-binutils-2.41' from 'https://cache.nixos.org'...
2026-10-09T17:56:25.0159567Z copying path '/nix/store/rafcl7sl3f9757z4m5hl7vaklppi8xkr-readline-8.2p10' from 'https://cache.nixos.org'...
2026-10-09T17:56:25.0368876Z copying path '/nix/store/c1hff4nzawfkzvjmqn609pfdc3m3dk5z-zstd-1.5.6' from 'https://cache.nixos.org'...
2026-10-09T17:56:25.0635732Z copying path '/nix/store/4kvn0yq5dc2gylbwsqbynzxxpkf4b143-jq-1.7.1-dev' from 'https://cache.nixos.org'...
2026-10-09T17:56:25.0789310Z copying path '/nix/store/a6prrfmmr6kkbkwk6v3vq4zd96mcc5g4-numactl-2.0.18' from 'https://cache.nixos.org'...
2026-10-09T17:56:25.1161470Z copying path '/nix/store/nmiy52nfg19qh56mpnshy2pi7ms2inga-perl5.38.2-HTTP-Message-6.45' from 'https://cache.nixos.org'...
2026-10-09T17:56:25.1328396Z copying path '/nix/store/bgh22i946ncj740a3snzlzddc0varib5-libkrb5-1.21.3-dev' from 'https://cache.nixos.org'...
2026-10-09T17:56:25.1489591Z copying path '/nix/store/8cigxaz31i50m4wrjxdyccb498r24mqb-libssh2-1.11.0' from 'https://cache.nixos.org'...
2026-10-09T17:56:25.1788100Z copying path '/nix/store/s0p1kr5mvs0j42dq5r08kgqbi0k028f2-python3-3.11.10' from 'https://cache.nixos.org'...
2026-10-09T17:56:25.1909694Z copying path '/nix/store/3za4imd3c8r7zm6x62khahdf5dwn2ihq-openssl-3.0.14-bin' from 'https://cache.nixos.org'...
2026-10-09T17:56:25.1967610Z copying path '/nix/store/k6slgyjf4sv0lpz1pdg6sr3bpvjdr35l-diffutils-3.10' from 'https://cache.nixos.org'...
2026-10-09T17:56:25.2093374Z copying path '/nix/store/qdk6ds72q8xf5fzi16x7736bwz8aydic-findutils-4.9.0' from 'https://cache.nixos.org'...
2026-10-09T17:56:25.2548380Z copying path '/nix/store/fbkbkqb1cp46jwgk2lv6g28ik57r764i-libarchive-3.7.7-lib' from 'https://cache.nixos.org'...
2026-10-09T17:56:25.2868415Z copying path '/nix/store/ar33fhhpindkrpagrjrjlsv3hj0vndgg-lttng-ust-2.12.2' from 'https://cache.nixos.org'...
2026-10-09T17:56:25.3011410Z copying path '/nix/store/8vnznycxwsghawc0fgxfasfhrfgggjsc-perl5.38.2-HTML-Parser-3.81' from 'https://cache.nixos.org'...
2026-10-09T17:56:25.3055157Z copying path '/nix/store/fv1plv85qylnw87dlnxaqkgl06drgr1r-curl-8.7.1' from 'https://cache.nixos.org'...
2026-10-09T17:56:25.3588616Z copying path '/nix/store/mdadnfhlp7m6778zhlmpbn9qy37xkrmh-perl-5.38.2' from 'https://cache.nixos.org'...
2026-10-09T17:56:25.3837718Z copying path '/nix/store/x6xqf8sk2yb1xb348bc2caiwsms90bp5-curl-8.7.1' from 'https://cache.nixos.org'...
2026-10-09T17:56:25.4008793Z copying path '/nix/store/96k4wa4181zg5inxbzkqk81f3pvs1zf6-perl5.38.2-HTTP-Daemon-6.16' from 'https://cache.nixos.org'...
2026-10-09T17:56:25.4286170Z copying path '/nix/store/m22x0xhiqxgswiihn5vxi4cm9rww9fjm-perl5.38.2-HTTP-Negotiate-6.01' from 'https://cache.nixos.org'...
2026-10-09T17:56:25.4459796Z copying path '/nix/store/412418grw31j2qfi6j6mhic6gfd190n9-compiler-rt-libc-17.0.6-dev' from 'https://cache.nixos.org'...
2026-10-09T17:56:25.4723732Z copying path '/nix/store/zix67r268ihi4c362zw7c0989z12jmy7-stdenv-linux' from 'https://cache.nixos.org'...
2026-10-09T17:56:25.4769584Z copying path '/nix/store/xwa7k3qirvbi4j1nd6c910i8xcqzq0zc-perl5.38.2-HTTP-Cookies-6.10' from 'https://cache.nixos.org'...
2026-10-09T17:56:25.4787196Z copying path '/nix/store/cv05k9nr90lciyxyrpkwmqrq9lhl1rn4-perl5.38.2-CGI-4.59' from 'https://cache.nixos.org'...
2026-10-09T17:56:25.5095364Z copying path '/nix/store/z98wicx6x78vlyksv69axn5zqwdah5l8-cmake-3.29.2' from 'https://cache.nixos.org'...
2026-10-09T17:56:25.5266561Z copying path '/nix/store/ng1lqlkhf27xg4d3ahi8rl3vi30kpzqn-openssl-3.0.14-dev' from 'https://cache.nixos.org'...
2026-10-09T17:56:25.5284587Z copying path '/nix/store/g7kjsdrig65ykzi0056abrb84dxm1mqv-zstd-1.5.6-bin' from 'https://cache.nixos.org'...
2026-10-09T17:56:25.5513122Z copying path '/nix/store/rba8xdxdk082rbppc51vpgxh0z6v11sl-curl-8.7.1-bin' from 'https://cache.nixos.org'...
2026-10-09T17:56:25.6116758Z copying path '/nix/store/fsikhb1i0bf4pz9b819bp33y2vbhfq2f-perl5.38.2-CGI-Fast-2.16' from 'https://cache.nixos.org'...
2026-10-09T17:56:25.6599708Z copying path '/nix/store/m1vwc9blmwijw7ngrxz6rmybhzvamp08-zstd-1.5.6-dev' from 'https://cache.nixos.org'...
2026-10-09T17:56:25.7338276Z copying path '/nix/store/maifjkmix9nnh5j85s4ndsqad59f31p7-libssh2-1.11.0-dev' from 'https://cache.nixos.org'...
2026-10-09T17:56:25.7527415Z copying path '/nix/store/rl56awy2w2iwvgdmibv98k0vx7lzyw21-binutils-wrapper-2.41' from 'https://cache.nixos.org'...
2026-10-09T17:56:25.7536601Z copying path '/nix/store/gq0xyjrkaqvknshf8r6si13ckdv6p7yq-binutils-wrapper-2.41' from 'https://cache.nixos.org'...
2026-10-09T17:56:25.8783441Z copying path '/nix/store/51jy1xwjbv9a41iwr59h5dfsg624fcij-curl-8.7.1-dev' from 'https://cache.nixos.org'...
2026-10-09T17:56:25.9201930Z copying path '/nix/store/c67p00lksmyafxl5mhpx8zm67jwk95gr-dotnet-sdk-8.0.300' from 'https://cache.nixos.org'...
2026-10-09T17:56:25.9268796Z copying path '/nix/store/k6a3db8rpihvjrw27w61vx1wji7mfmq8-icu4c-73.2-dev' from 'https://cache.nixos.org'...
2026-10-09T17:56:26.0733728Z building '/nix/store/h18wrysd1a2l10nham8ssg03r4k4r1k2-e9f29cb984231524e3931aa0ae2c5dae1a32884e.tar.gz.drv'...
2026-10-09T17:56:26.1046422Z building '/nix/store/2ybcnzzfr3bdjknz3varn0r8qfy1c5xf-f3b06c705e6c85f5314019d5d3baab0fec5b580c.tar.gz.drv'...
2026-10-09T17:56:26.1426774Z building '/nix/store/mf14gj5vp344ikb09h9x03qcdb1q3d3l-lean-4.32.2-linux.tar.zst.drv'...
2026-10-09T17:56:26.1880266Z building '/nix/store/3inlh6hn6cbfia2i2a5cw3y4i666rqb8-node-v24.19.0-linux-x64.tar.xz.drv'...
2026-10-09T17:56:26.3091276Z copying path '/nix/store/1qkhzhgx9w8rawvy8lvbaxqh4xb0srad-nodejs-22.10.0' from 'https://cache.nixos.org'...
2026-10-09T17:56:26.9273112Z copying path '/nix/store/mvnig14jxhfn1qnzmlpy855dxbd0rvf1-perl5.38.2-libwww-perl-6.72' from 'https://cache.nixos.org'...
2026-10-09T17:56:27.4969025Z building '/nix/store/nhj5xx0k0xj248qdf6pb9pdscw3wja0z-wasm-binaries.tar.xz.drv'...
2026-10-09T17:56:27.5597222Z building '/nix/store/qxv7zgjbyd40xjls302vk283d4jixzxm-wasmtime-v42.0.1-x86_64-linux-c-api.tar.xz.drv'...
2026-10-09T17:56:28.6895480Z building '/nix/store/alvmygwqln397yw4cxfrs9ff3vkkdvxc-libuv-source-e9f29cb984231524e3931aa0ae2c5dae1a32884e.drv'...
2026-10-09T17:56:39.9388371Z building '/nix/store/5h40czhcd5i6gjkybgc28w8pmdab6yiy-wasmtime-42.0.1-x86_64-linux-c-api.drv'...
2026-10-09T17:56:39.9824962Z copying path '/nix/store/sck9m41zz1asdmvbaxjdihxxq7p6qgy7-clang-17.0.6-lib' from 'https://cache.nixos.org'...
2026-10-09T17:56:39.9825661Z copying path '/nix/store/rdc1jnyw74mwr2gszqc5zwi433zxs089-gcc-wrapper-13.2.0' from 'https://cache.nixos.org'...
2026-10-09T17:56:39.9826360Z copying path '/nix/store/6frx0rrqvrjgc5axzih8ybp6x8i3lnfc-python3.11-pyelftools-0.31' from 'https://cache.nixos.org'...
2026-10-09T17:56:39.9827490Z copying path '/nix/store/jxdn6bj3hq16h1z42zrsz7kj5cjz5ir1-llvm-17.0.6' from 'https://cache.nixos.org'...
2026-10-09T17:56:39.9827958Z copying path '/nix/store/lpkn9w3h16wb910g7v2qj9pyd7gvxkld-git-2.44.2' from 'https://cache.nixos.org'...
2026-10-09T17:56:42.0700200Z copying path '/nix/store/hgv9ygk4bq8cscss48qnknmbrjmqvbh5-llvm-17.0.6-dev' from 'https://cache.nixos.org'...
2026-10-09T17:56:42.0701084Z copying path '/nix/store/v9zjfpkffznvnlaa28mdkc5kr3ka9y6c-python3-3.11.10-env' from 'https://cache.nixos.org'...
2026-10-09T17:56:42.0701948Z copying path '/nix/store/80wijs24wjp619zmrasrh805bax02xjm-stdenv-linux' from 'https://cache.nixos.org'...
2026-10-09T17:56:42.0940418Z building '/nix/store/kz9n43s2dfq3667ijs7mfjzpd8f45gjy-lean-alpha-managed-binding-artifacts-0.0.0.drv'...
2026-10-09T17:56:42.1371596Z copying path '/nix/store/46zq1hcvd2cnl07rjv0ywcgf59p8w9gm-auto-patchelf-hook' from 'https://cache.nixos.org'...
2026-10-09T17:56:42.1779571Z building '/nix/store/yl9c5g4ppazml4i9gi6iln6znpc3ipli-emscripten-upstream-6.0.6.drv'...
2026-10-09T17:56:42.1975548Z building '/nix/store/m29jv2s8cinaxcy4x0jk5khjqj0hb8ys-emsdk-node-24.19.0.drv'...
2026-10-09T17:56:49.1794390Z building '/nix/store/s920ynpaayshaba6kk05i5hi8m7hs1vy-lean-host-4.32.2.drv'...
2026-10-09T17:56:49.1842594Z copying path '/nix/store/jkslyfviqi4n144452p5gdcdv3jg30hs-clang-17.0.6' from 'https://cache.nixos.org'...
2026-10-09T17:56:51.2521793Z copying path '/nix/store/9yr64l4j5kghwapqzwd6azk9l57mx87p-clang-wrapper-17.0.6' from 'https://cache.nixos.org'...
2026-10-09T17:56:59.4119425Z building '/nix/store/ha7rp4zbqq9c5j17zcbnmd0jx2jccfqg-lean-source-f3b06c705e6c85f5314019d5d3baab0fec5b580c.drv'...
2026-10-09T17:57:37.1846866Z building '/nix/store/355rcf144i12d0fplh3indzy3c1yzzhr-emsdk-6.0.6-immutable.drv'...
2026-10-09T17:57:43.6680050Z building '/nix/store/61ibg0crs6ackn4v1g2lrl3cadgwxbw4-lean-alpha-native-core-artifacts-0.0.0.drv'...
2026-10-09T17:57:43.6822793Z building '/nix/store/896x0r6nw2z64adsp3x7ngl52wg7xyj0-lean-alpha-universal-core-artifacts-0.0.0.drv'...
2026-10-09T18:04:32.8928581Z building '/nix/store/wjd2aavp6xf16d3dm428350z6j70lz0i-lean-alpha-wasi-component-artifacts-0.0.0.drv'...
2026-10-09T18:07:32.9508213Z building '/nix/store/gr780f7svkgfqaqxcijyp79c97s78anl-lean-alpha-universal-release-bundle-0.0.0.drv'...
2026-10-09T18:07:34.3190141Z building '/nix/store/addwdwaqd1wlg7k0amb2b67l4fmcwl50-lean-alpha-nuget-package-0.0.0.drv'...
2026-10-09T18:07:38.9079967Z this derivation will be built:
2026-10-09T18:07:38.9080577Z   /nix/store/sal3wm0ffvjkqg2l110crcpnswzyhp0i-lean-alpha-maven-package-0.0.0.drv
2026-10-09T18:07:38.9725459Z building '/nix/store/sal3wm0ffvjkqg2l110crcpnswzyhp0i-lean-alpha-maven-package-0.0.0.drv'...
2026-10-09T18:07:43.0052107Z this derivation will be built:
2026-10-09T18:07:43.0053235Z   /nix/store/w1mdqllbhm7dz4xf7r06nlbnny8llcnr-lean-alpha-rubygems-package-0.0.0.drv
2026-10-09T18:07:43.0053743Z these 2 paths will be fetched (8.2 MiB download, 34.1 MiB unpacked):
2026-10-09T18:07:43.0054082Z   /nix/store/5pd8825vnd563qbvbv0p5p29hqirvw5c-libyaml-0.2.5
2026-10-09T18:07:43.0054601Z   /nix/store/1k6gl682rx4ypbh7hsvsczn1x4rm1rwq-ruby-3.3.5
2026-10-09T18:07:43.0071507Z copying path '/nix/store/5pd8825vnd563qbvbv0p5p29hqirvw5c-libyaml-0.2.5' from 'https://cache.nixos.org'...
2026-10-09T18:07:43.0336315Z copying path '/nix/store/1k6gl682rx4ypbh7hsvsczn1x4rm1rwq-ruby-3.3.5' from 'https://cache.nixos.org'...
2026-10-09T18:07:43.4970350Z building '/nix/store/w1mdqllbhm7dz4xf7r06nlbnny8llcnr-lean-alpha-rubygems-package-0.0.0.drv'...
2026-10-09T18:07:48.0755670Z copying path '/nix/store/w5dzdm57c0228959pcavmjmhjnvvam9m-re2c-3.1' from 'https://cache.nixos.org'...
2026-10-09T18:07:48.0763613Z copying path '/nix/store/az1vlcldx7vaqq533a8x31vvqa6dvqgb-gnum4-1.4.19' from 'https://cache.nixos.org'...
2026-10-09T18:07:48.0768440Z copying path '/nix/store/jb2mh4asq1klvf3nzj9blr2q6dyhwkrb-nss-cacert-3.107' from 'https://cache.nixos.org'...
2026-10-09T18:07:48.0772862Z copying path '/nix/store/751xmj0fqpmg845n72hxkpqaaf71xpjz-ninja-1.11.1' from 'https://cache.nixos.org'...
2026-10-09T18:07:48.0791824Z copying path '/nix/store/ragzs7i0z740sv0v9apcigm4qdr0l6rb-gperf-3.1' from 'https://cache.nixos.org'...
2026-10-09T18:07:48.0794270Z copying path '/nix/store/mjab8xmxjgnzfq854s54p0c9gqdfmpsh-zip-3.0' from 'https://cache.nixos.org'...
2026-10-09T18:07:48.0795294Z copying path '/nix/store/76a4wzlz2iydzin9w6ag5m7nldjpv3pm-gtest-1.14.0' from 'https://cache.nixos.org'...
2026-10-09T18:07:48.0800447Z copying path '/nix/store/fwnm0vr8bylbgwpmzic6xg07kl4prqzc-curl-8.7.1-man' from 'https://cache.nixos.org'...
2026-10-09T18:07:48.0816847Z copying path '/nix/store/jaapy8mk67cbflvmj7gjpylgahl0pj69-curl-8.7.1-bin' from 'https://cache.nixos.org'...
2026-10-09T18:07:48.1117868Z copying path '/nix/store/3di38dhhw8vyxkdmwmn1nkb7sz06n57j-system-sendmail-1.0' from 'https://cache.nixos.org'...
2026-10-09T18:07:48.1235557Z copying path '/nix/store/s8q3rch0wd3shdnznz9bcj8mj6pvz1gr-gmp-with-cxx-6.3.0' from 'https://cache.nixos.org'...
2026-10-09T18:07:48.1289958Z copying path '/nix/store/khkz2gncg3i5qwma2s89mlkbgwhpqckf-7zz-24.08' from 'https://cache.nixos.org'...
2026-10-09T18:07:48.1290985Z copying path '/nix/store/xzcf7d64zqhpnk9lh3s73804fjvwdijn-giflib-5.2.2' from 'https://cache.nixos.org'...
2026-10-09T18:07:48.1294584Z copying path '/nix/store/1qv6fxvi61vjjrgkw7r799kf7b8382k3-libkrb5-1.21.3-dev' from 'https://cache.nixos.org'...
2026-10-09T18:07:48.1302684Z copying path '/nix/store/v0p0p0mf7k2zy6ackxv1qjrm06pkn98r-libssh2-1.11.0-dev' from 'https://cache.nixos.org'...
2026-10-09T18:07:48.1303702Z copying path '/nix/store/xq0f47jqw5c804mia8hb5a74c3w389il-rustc-1.77.2' from 'https://cache.nixos.org'...
2026-10-09T18:07:48.1315312Z copying path '/nix/store/13fpkr1p4z6fbfk8k0x7r3yaj23xhnq5-unzip-6.0' from 'https://cache.nixos.org'...
2026-10-09T18:07:48.1689162Z copying path '/nix/store/aj6vf0b6b8kbmj7m2lclfkfqj8nyapmb-lld-17.0.6-lib' from 'https://cache.nixos.org'...
2026-10-09T18:07:48.1703890Z copying path '/nix/store/3il1kqd5s4ii26x3x5kf2fmc9hdychs7-bison-3.8.2' from 'https://cache.nixos.org'...
2026-10-09T18:07:48.1708372Z copying path '/nix/store/21l5snjs8ngip4qysl71dlhvfp2ci63a-flex-2.6.4' from 'https://cache.nixos.org'...
2026-10-09T18:07:48.1769720Z copying path '/nix/store/37zka02vgfsrjqsbxr1bgwzpwv9g167a-libidn2-2.3.7-bin' from 'https://cache.nixos.org'...
2026-10-09T18:07:48.1818648Z copying path '/nix/store/xz6qa1y8a7nm544iqkh3nx9pgysnpl0j-libpng-apng-1.6.43' from 'https://cache.nixos.org'...
2026-10-09T18:07:48.1931066Z copying path '/nix/store/9qaa51n0fchydi8csjkg74n3fc94q7di-php-filter-8.2.27' from 'https://cache.nixos.org'...
2026-10-09T18:07:48.1965224Z copying path '/nix/store/0isp0ns9ykis59j0hayk6xp0p5gcfdjy-brotli-1.1.0' from 'https://cache.nixos.org'...
2026-10-09T18:07:48.1984045Z copying path '/nix/store/956arzl1877bnphsgzlar6ccgxnidm3l-php-exif-8.2.27' from 'https://cache.nixos.org'...
2026-10-09T18:07:48.2366071Z copying path '/nix/store/9zj1ajq1am0sqlg1z2ibkdmsl9qpnrp9-php-pdo-8.2.27' from 'https://cache.nixos.org'...
2026-10-09T18:07:48.2375598Z copying path '/nix/store/mwqnsdm4kcx3b4zk23i8196j1y492kn3-gmp-with-cxx-6.3.0-dev' from 'https://cache.nixos.org'...
2026-10-09T18:07:48.2376479Z copying path '/nix/store/l6asfy7npczfvppniyk5q46gzh6bml16-binaryen-116' from 'https://cache.nixos.org'...
2026-10-09T18:07:48.2377283Z copying path '/nix/store/czcrq1nad23isbaikj0qi6xyxv0b34vw-libargon2-20190702' from 'https://cache.nixos.org'...
2026-10-09T18:07:48.2378120Z copying path '/nix/store/fv20wfhs3bh97mhrff67lvbdqn8v0k4y-libtool-2.4.7-lib' from 'https://cache.nixos.org'...
2026-10-09T18:07:48.2378881Z copying path '/nix/store/7rl489pr9gv74al5chah4dxw8mllsvjm-php-sysvsem-8.2.27' from 'https://cache.nixos.org'...
2026-10-09T18:07:48.2650461Z copying path '/nix/store/xhhxxvir1nyg8j3ci3da403x966gz13h-python3.11-pip-24.0-man' from 'https://cache.nixos.org'...
2026-10-09T18:07:48.2696105Z copying path '/nix/store/yjxx5ahf8qyzpazzc60p5sj4gdjjhd6w-builder.pl' from 'https://cache.nixos.org'...
2026-10-09T18:07:48.2748505Z copying path '/nix/store/1rr497fk0jmibaj65983i7nipz2knmc8-gsettings-desktop-schemas-46.0' from 'https://cache.nixos.org'...
2026-10-09T18:07:48.2760961Z copying path '/nix/store/i7190zhkrx6l6iqjqfdcsjblisqi5zn7-duktape-2.7.0' from 'https://cache.nixos.org'...
2026-10-09T18:07:48.2762238Z copying path '/nix/store/fcx7psmgkzdd88i9kydpf8j3476fbrgp-libidn2-2.3.7-dev' from 'https://cache.nixos.org'...
2026-10-09T18:07:48.2883880Z copying path '/nix/store/0rbsn0qisd8hmpzbrh1a9gli5y80fpv0-brotli-1.1.0-dev' from 'https://cache.nixos.org'...
2026-10-09T18:07:48.2975707Z copying path '/nix/store/zr2gp0yli9vjsqfp28526jcajcivq2ag-dns-root-data-2023-11-27' from 'https://cache.nixos.org'...
2026-10-09T18:07:48.3161611Z copying path '/nix/store/pm7i9hd073plr28fppi417najx3vx2vv-libevent-2.1.12' from 'https://cache.nixos.org'...
2026-10-09T18:07:48.3186794Z copying path '/nix/store/y9qvkwvhaqvk5i4h82smlrlml8mkbk7x-libdaemon-0.14' from 'https://cache.nixos.org'...
2026-10-09T18:07:48.3207305Z copying path '/nix/store/9ll9fqfsdjqwy2ibrnd5sni1mg60lzah-libtasn1-4.19.0' from 'https://cache.nixos.org'...
2026-10-09T18:07:48.3213909Z copying path '/nix/store/9yir03i6l4c3pv54q86k57p50mc3jnh4-nettle-3.9.1' from 'https://cache.nixos.org'...
2026-10-09T18:07:48.3246502Z copying path '/nix/store/0npkjmcmq2zjmwfr8n9qiphikhi0h27n-freetype-2.13.2' from 'https://cache.nixos.org'...
2026-10-09T18:07:48.3248954Z copying path '/nix/store/9q6wjrav2m5ikwf3yznj96fxmxvdz02v-graphite2-1.3.14' from 'https://cache.nixos.org'...
2026-10-09T18:07:48.3636167Z copying path '/nix/store/7bfn2wlkmjp6f1y2i4r2l72gc3xy6d5n-icu4c-64.2' from 'https://cache.nixos.org'...
2026-10-09T18:07:48.3739348Z copying path '/nix/store/dx0m5lpqxsfd6f96nwxb6zj08gq36jqg-libmnl-1.0.5' from 'https://cache.nixos.org'...
2026-10-09T18:07:48.3870159Z copying path '/nix/store/kh4996rfh9sm32l026igm88ipz34ivvb-json-c-0.17' from 'https://cache.nixos.org'...
2026-10-09T18:07:48.3875602Z copying path '/nix/store/mwn21av99yxvf4jhs0xf6hq1dfd4fzky-libnfnetlink-1.0.2' from 'https://cache.nixos.org'...
2026-10-09T18:07:48.3878924Z copying path '/nix/store/rcazl4zhbdvc9w357vlwk95v8gcfjhr2-lerc-4.0.0' from 'https://cache.nixos.org'...
2026-10-09T18:07:48.4028977Z copying path '/nix/store/ak0iy34rfd9r0x62gm7144gp15gisbwh-libossp-uuid-1.6.2' from 'https://cache.nixos.org'...
2026-10-09T18:07:48.4178275Z copying path '/nix/store/hw4kkx5bzx5srw17x9gkyakis1ipqcl7-npth-1.7' from 'https://cache.nixos.org'...
2026-10-09T18:07:48.4180146Z copying path '/nix/store/950jxlcd0zi3p0sjifs3v8i8y0nin140-cracklib-2.9.11' from 'https://cache.nixos.org'...
2026-10-09T18:07:48.4308354Z copying path '/nix/store/mk838fcw7xqf597q6milpp400fq2wrb5-p11-kit-0.25.3' from 'https://cache.nixos.org'...
2026-10-09T18:07:48.4353894Z copying path '/nix/store/glaw1jn0m9p1hgm5s681zad1dg4bwq4b-pcre2-10.43' from 'https://cache.nixos.org'...
2026-10-09T18:07:48.4358469Z copying path '/nix/store/brz6ns6myghnxm27pfqlrig1bw2r8h6k-python3.11-pip-24.0' from 'https://cache.nixos.org'...
2026-10-09T18:07:48.4450700Z copying path '/nix/store/myr5cqynx2nh0x4f68pprg4jgps9ivcl-unbound-1.20.0-lib' from 'https://cache.nixos.org'...
2026-10-09T18:07:48.4458976Z copying path '/nix/store/03361762s52sdi4rn0y13asdghw207l5-php-ftp-8.2.27' from 'https://cache.nixos.org'...
2026-10-09T18:07:48.4483843Z copying path '/nix/store/fdhg0jq8k59in7ava10qkph9k9j8pzh3-lld-17.0.6' from 'https://cache.nixos.org'...
2026-10-09T18:07:48.4737389Z copying path '/nix/store/23zympjadqd3d0hcrzq9f1g3xnp1ax5n-php-fileinfo-8.2.27' from 'https://cache.nixos.org'...
2026-10-09T18:07:48.4782093Z copying path '/nix/store/1rg4zjc4zqabzd3wa1l2inzvyj3s441p-libnftnl-1.2.6' from 'https://cache.nixos.org'...
2026-10-09T18:07:48.4849157Z copying path '/nix/store/2g8xw8syn8jjfxd4cybr8vhcc50lp8wm-php-gettext-8.2.27' from 'https://cache.nixos.org'...
2026-10-09T18:07:48.4885306Z copying path '/nix/store/52li110fvwczbi6997qisxw9py5iymb3-php-zlib-8.2.27' from 'https://cache.nixos.org'...
2026-10-09T18:07:48.4971805Z copying path '/nix/store/592gjj66s8xdhgn86r44fqz3ss0kzccv-php-pdo_sqlite-8.2.27' from 'https://cache.nixos.org'...
2026-10-09T18:07:48.4974912Z copying path '/nix/store/6iqv491s3aac1d2zkqs05c8gsyp41spm-php-sockets-8.2.27' from 'https://cache.nixos.org'...
2026-10-09T18:07:48.5206786Z copying path '/nix/store/2g8q946s9ngv63ssh93i3p4mc0z5q054-libdatrie-2019-12-20-lib' from 'https://cache.nixos.org'...
2026-10-09T18:07:48.5463086Z copying path '/nix/store/90nwq55nj0nr3qgrsrk396ziazzyjh06-ncompress-5.0' from 'https://cache.nixos.org'...
2026-10-09T18:07:48.5628102Z copying path '/nix/store/0nl55z21knp8fq18zcyfkgra0i2hijyv-db-5.3.28' from 'https://cache.nixos.org'...
2026-10-09T18:07:48.6025384Z copying path '/nix/store/i16ggyd7qbfwx0b9vyfjpay990lcjlc7-libnl-3.8.0' from 'https://cache.nixos.org'...
2026-10-09T18:07:48.6040523Z copying path '/nix/store/3lanyd7681hn1mg7imzzbk9a3vvbd6w5-libvmaf-3.0.0' from 'https://cache.nixos.org'...
2026-10-09T18:07:48.6207377Z copying path '/nix/store/28q4r7zcrl59qaxrbrfl65kx1wgkkay5-dav1d-1.4.1' from 'https://cache.nixos.org'...
2026-10-09T18:07:48.6251200Z copying path '/nix/store/bs252b4mm3bawssz4b9km51ml9clbh9g-php-dom-8.2.27' from 'https://cache.nixos.org'...
2026-10-09T18:07:48.6252366Z copying path '/nix/store/brqgyn0dplq8lslwp447ndabvc0az8ss-php-pdo_mysql-8.2.27' from 'https://cache.nixos.org'...
2026-10-09T18:07:48.6253378Z copying path '/nix/store/abg8jvr85qsrb88n07chxrx8f9n0ylil-php-posix-8.2.27' from 'https://cache.nixos.org'...
2026-10-09T18:07:48.6254326Z copying path '/nix/store/crl81hy8cnqs4g5gn68s8sjqd1b3r0ps-libyuv-1787' from 'https://cache.nixos.org'...
2026-10-09T18:07:48.6351377Z copying path '/nix/store/c0smig9qbp5xqv1icyjihp1yw5kwilcm-php-xmlwriter-8.2.27' from 'https://cache.nixos.org'...
2026-10-09T18:07:48.6730422Z copying path '/nix/store/c7q14qaj75bna6rbn0mk6jj90fn0m5gb-php-sqlite3-8.2.27' from 'https://cache.nixos.org'...
2026-10-09T18:07:48.6811655Z copying path '/nix/store/fph4bljbll0h5ahsbl72hd3dgbr8n7lf-php-soap-8.2.27' from 'https://cache.nixos.org'...
2026-10-09T18:07:48.6929065Z copying path '/nix/store/gpz26sz3x7gx8cf649jhyxzzxcfxrgh8-php-mysqli-8.2.27' from 'https://cache.nixos.org'...
2026-10-09T18:07:48.6986158Z copying path '/nix/store/lh0b381npmiyg4x6b7v3q487pz2nzk0y-libpcap-1.10.5' from 'https://cache.nixos.org'...
2026-10-09T18:07:48.6987808Z copying path '/nix/store/k47nm761i280s2pyl9a5rmv75fd9is19-php-opcache-8.2.27' from 'https://cache.nixos.org'...
2026-10-09T18:07:48.7009484Z copying path '/nix/store/j0bkgwhdynvc6fpazg09kmi7jhflnfw2-php-mbstring-8.2.27' from 'https://cache.nixos.org'...
2026-10-09T18:07:48.7034339Z copying path '/nix/store/k4jy37njjyw4p4d8p6cnzg5nk0mchf1b-php-readline-8.2.27' from 'https://cache.nixos.org'...
2026-10-09T18:07:48.7056678Z copying path '/nix/store/bwcshjy7xk875nw3qd0zch639bfc2v3v-libaom-3.9.0' from 'https://cache.nixos.org'...
2026-10-09T18:07:48.7254349Z copying path '/nix/store/kicssx0z70wnfk4p7cm96ay0na2kzxm1-php-ctype-8.2.27' from 'https://cache.nixos.org'...
2026-10-09T18:07:48.7348925Z copying path '/nix/store/kvig16f9v2nasmr0k7fiym96ksr9pgs1-php-session-8.2.27' from 'https://cache.nixos.org'...
2026-10-09T18:07:48.7423415Z copying path '/nix/store/m2f2412dk3l1kdr160w7w2agdx9c9cc3-php-iconv-8.2.27' from 'https://cache.nixos.org'...
2026-10-09T18:07:48.7436565Z copying path '/nix/store/kxqn898rczp3yl3bcxxbik0fkyz6jp1d-php-bcmath-8.2.27' from 'https://cache.nixos.org'...
2026-10-09T18:07:48.7615471Z copying path '/nix/store/mkwp52yrg74l5jbdag5zmjl3ylcvvdfc-php-gmp-8.2.27' from 'https://cache.nixos.org'...
2026-10-09T18:07:48.7664899Z copying path '/nix/store/nicjrs3zca8rbkdzggv6gc726gqhpxng-php-xmlreader-8.2.27' from 'https://cache.nixos.org'...
2026-10-09T18:07:48.7667096Z copying path '/nix/store/p9fg3x9zmvyiy0sdhskz2nsh4vj0m3mw-php-pcntl-8.2.27' from 'https://cache.nixos.org'...
2026-10-09T18:07:48.7760251Z copying path '/nix/store/pr466wm1vk392rxv90gzyzf9bsyws3rv-php-calendar-8.2.27' from 'https://cache.nixos.org'...
2026-10-09T18:07:48.7800244Z copying path '/nix/store/s77bsrkpddx1k5kp2iv20xfnlpnhz2vn-php-mysqlnd-8.2.27' from 'https://cache.nixos.org'...
2026-10-09T18:07:48.7941456Z copying path '/nix/store/xh8gy1gn38qlgzsa62w1vja6x0hqf39x-php-openssl-8.2.27' from 'https://cache.nixos.org'...
2026-10-09T18:07:48.7943193Z copying path '/nix/store/y05l6l1il9grw68ds58rwk5zims9dakz-php-tokenizer-8.2.27' from 'https://cache.nixos.org'...
2026-10-09T18:07:48.7957312Z copying path '/nix/store/yxa962ayj287w005rahw1pigyxg5afnx-php-simplexml-8.2.27' from 'https://cache.nixos.org'...
2026-10-09T18:07:48.7982154Z copying path '/nix/store/ixlnf1frsa2df5jjm82n0gs8h3wi6lby-util-linux-minimal-2.39.4-lib' from 'https://cache.nixos.org'...
2026-10-09T18:07:48.7983254Z copying path '/nix/store/yg9vibnm03mp77p108ixmdm1i84qfz7d-libpsl-0.21.5-bin' from 'https://cache.nixos.org'...
2026-10-09T18:07:48.7987216Z copying path '/nix/store/wbl8nwdhrcfj3v4m51qlr383sg8a7qn3-libev-4.33' from 'https://cache.nixos.org'...
2026-10-09T18:07:48.8000709Z copying path '/nix/store/z6axzmnxjkhj1k3yyyqq8qxf55li1qvd-php-curl-8.2.27' from 'https://cache.nixos.org'...
2026-10-09T18:07:48.8060790Z copying path '/nix/store/hqll9vi4g6krj2yfxc4vqndvsfssas7x-gnutls-3.8.5' from 'https://cache.nixos.org'...
2026-10-09T18:07:48.8212944Z copying path '/nix/store/qks0d4mmbnfvq2dx8hbhdgm8c5q4j3ay-c-ares-1.27.0' from 'https://cache.nixos.org'...
2026-10-09T18:07:48.8237022Z copying path '/nix/store/5vgxahzhcvsxvgq6qjw4f09bnc07mq3c-libselinux-3.6' from 'https://cache.nixos.org'...
2026-10-09T18:07:48.8259233Z copying path '/nix/store/jalq9yqbfprgkfm64g7hm0qdjf1p0vn9-fribidi-1.0.13' from 'https://cache.nixos.org'...
2026-10-09T18:07:48.8270548Z copying path '/nix/store/aqc10czb2whr64agvcpihg96im5i7mi6-wayland-1.22.0' from 'https://cache.nixos.org'...
2026-10-09T18:07:48.8277022Z copying path '/nix/store/mlkzgivx42k092w0icqj2jdlldyni1vk-alsa-ucm-conf-1.2.11' from 'https://cache.nixos.org'...
2026-10-09T18:07:48.8300827Z copying path '/nix/store/vp7w0kmm5w9r4iws7xqrfmwsys8af5ps-libpsl-0.21.5-dev' from 'https://cache.nixos.org'...
2026-10-09T18:07:48.8348620Z copying path '/nix/store/zx2wnh4wp39mkc9rx4jlzd3jljnhcwb5-iso-codes-4.16.0' from 'https://cache.nixos.org'...
2026-10-09T18:07:48.8581560Z copying path '/nix/store/iqga1xby2s1l6lx9riqicsqa2f88hnrj-alsa-topology-conf-1.2.5.1' from 'https://cache.nixos.org'...
2026-10-09T18:07:48.8677466Z copying path '/nix/store/1mjlla0fc468wl9cphnn2ivpfx02mr7j-dejavu-fonts-minimal-2.37' from 'https://cache.nixos.org'...
2026-10-09T18:07:48.8682728Z copying path '/nix/store/4b5w9n7781c99pwa0qvsg25my65i0zq9-libXdmcp-1.1.5' from 'https://cache.nixos.org'...
2026-10-09T18:07:48.8720296Z copying path '/nix/store/hfy39pxmyvs4sjbwqv4si92ixmj2crx5-libXau-1.0.11' from 'https://cache.nixos.org'...
2026-10-09T18:07:48.8997140Z copying path '/nix/store/6lymlrmrh285vr8cy2gppdbq8a6gi2c0-nghttp2-1.61.0' from 'https://cache.nixos.org'...
2026-10-09T18:07:48.9051683Z copying path '/nix/store/3c275grvmby79gqgnjych830sld6bziw-glib-2.80.2' from 'https://cache.nixos.org'...
2026-10-09T18:07:48.9192382Z copying path '/nix/store/hp6bg5zs7nzcc8al4i99lfbrvqs9f6rs-unixODBC-2.3.12' from 'https://cache.nixos.org'...
2026-10-09T18:07:48.9236856Z copying path '/nix/store/rsxw8yx21701xp3x6n0yfg517k29s2qf-postgresql-15.10-lib' from 'https://cache.nixos.org'...
2026-10-09T18:07:48.9241619Z copying path '/nix/store/7iny0ax59ib0pgfgkcph49zxg8zym30w-pcsclite-2.1.0-lib' from 'https://cache.nixos.org'...
2026-10-09T18:07:48.9284239Z copying path '/nix/store/9r2if8vhzvzqlx6n5knx2ckjfcjpd3yr-alsa-lib-1.2.11' from 'https://cache.nixos.org'...
2026-10-09T18:07:48.9452088Z copying path '/nix/store/9dkh8lhl686qjdf364myq9haklz3qpzv-libxcb-1.17.0' from 'https://cache.nixos.org'...
2026-10-09T18:07:48.9597748Z copying path '/nix/store/7r4nw8z7wrf07mxk3m71rav47xlmj50m-fontconfig-2.15.0' from 'https://cache.nixos.org'...
2026-10-09T18:07:48.9688143Z copying path '/nix/store/2cbbwpr4awcw7h5zys1vdsv5jyaizkbs-db-4.8.30' from 'https://cache.nixos.org'...
2026-10-09T18:07:48.9800117Z copying path '/nix/store/lr7988lx4zrrcf67dhjd8ckpqw89vsi7-xkeyboard-config-2.41' from 'https://cache.nixos.org'...
2026-10-09T18:07:49.0398348Z copying path '/nix/store/302ncx9jpsj9ip869nx98as9drlbjqpn-libsodium-1.0.19' from 'https://cache.nixos.org'...
2026-10-09T18:07:49.0692260Z copying path '/nix/store/5z1p38q7crvid944wrhmiiglvvald0j4-libX11-1.8.9' from 'https://cache.nixos.org'...
2026-10-09T18:07:49.0711644Z copying path '/nix/store/ggsml34r3iva43lp7pcv6rcgisfl7anx-php-pdo_odbc-8.2.27' from 'https://cache.nixos.org'...
2026-10-09T18:07:49.0791127Z copying path '/nix/store/12cr0szjhy5zp23nl45wd0ybwm7w7x6a-libzip-1.10.1' from 'https://cache.nixos.org'...
2026-10-09T18:07:49.0812635Z copying path '/nix/store/44913fk21ikjqkispa7bjkvaqj5hhwvi-nghttp2-1.61.0-dev' from 'https://cache.nixos.org'...
2026-10-09T18:07:49.0934590Z copying path '/nix/store/4gzp3wr5mi1k4fvlynci0y7n6qip0kkv-libmicrohttpd-0.9.77' from 'https://cache.nixos.org'...
2026-10-09T18:07:49.0955766Z copying path '/nix/store/35kyrfkzrm1am5l91iz0srdp2wh8j1an-fontconfig-2.15.0-lib' from 'https://cache.nixos.org'...
2026-10-09T18:07:49.1026866Z copying path '/nix/store/7ssrf0drpxh2dkg7y6q4l5fnscr9a7hn-libseccomp-2.5.5-lib' from 'https://cache.nixos.org'...
2026-10-09T18:07:49.1029588Z copying path '/nix/store/74v3nlm7lh9ad4r79dn1mynnainfzilm-php-sodium-8.2.27' from 'https://cache.nixos.org'...
2026-10-09T18:07:49.1191022Z copying path '/nix/store/w14121h1n3kg8pjaw790mkr7z7cb238y-die-hook' from 'https://cache.nixos.org'...
2026-10-09T18:07:49.1203645Z copying path '/nix/store/n9zl05kdpgl5pgdrp0fgyg28gbrsrlw3-lld-17.0.6-dev' from 'https://cache.nixos.org'...
2026-10-09T18:07:49.1309428Z copying path '/nix/store/hmmi4i6d3q59p5qg534n8wfjhj8jiwsj-curl-8.7.1-dev' from 'https://cache.nixos.org'...
2026-10-09T18:07:49.1328676Z copying path '/nix/store/a47zkhmy1lpql508q65vkxfm3c52hxhs-qrencode-4.1.1' from 'https://cache.nixos.org'...
2026-10-09T18:07:49.1404386Z copying path '/nix/store/a8vav5wzx1fd1zizxxr0vn4knhm8gmhr-audit-3.1.2' from 'https://cache.nixos.org'...
2026-10-09T18:07:49.1442008Z copying path '/nix/store/afmksdmk6b1zvg6i0arpn3q9xkzsnd9v-kexec-tools-2.0.28' from 'https://cache.nixos.org'...
2026-10-09T18:07:49.1479932Z copying path '/nix/store/mq2lm1hbxzsdyjk7admb17kzx3zwqcfv-glibc-2.39-52-getent' from 'https://cache.nixos.org'...
2026-10-09T18:07:49.1486573Z copying path '/nix/store/z04c92z7f7pp1r3g58fg8wcxjf4pak8w-libthai-0.1.29' from 'https://cache.nixos.org'...
2026-10-09T18:07:49.1491057Z copying path '/nix/store/dszlrj4lkzmcq6pl8r692b95h4xsh3nv-make-binary-wrapper-hook' from 'https://cache.nixos.org'...
2026-10-09T18:07:49.1766734Z copying path '/nix/store/ki12z1h2m3qhnn2jps234x9ls1li30bi-php-zip-8.2.27' from 'https://cache.nixos.org'...
2026-10-09T18:07:49.1773776Z copying path '/nix/store/g9qxpv2q2bvr4g8ziay97baqniir3ksf-util-linux-minimal-2.39.4-swap' from 'https://cache.nixos.org'...
2026-10-09T18:07:49.1775297Z copying path '/nix/store/gms3c80sldm4r0pyxj987227y49lx1ks-lz4-1.9.4' from 'https://cache.nixos.org'...
2026-10-09T18:07:49.1836422Z copying path '/nix/store/gv9sis616azky4gydszlqckiwbpqk5yn-util-linux-minimal-2.39.4-mount' from 'https://cache.nixos.org'...
2026-10-09T18:07:49.1837999Z copying path '/nix/store/1bzgjxzx4c6ni628qhl9v2lj7b7rx1bw-getent-glibc-2.39-52' from 'https://cache.nixos.org'...
2026-10-09T18:07:49.1962689Z copying path '/nix/store/hh2gg2hcslfrgrszc7lxqb43i5lmalxq-util-linux-minimal-2.39.4-login' from 'https://cache.nixos.org'...
2026-10-09T18:07:49.2038580Z copying path '/nix/store/hix5711xrj6fwg23qs03w8w7zy29whfw-bash-interactive-5.2p32' from 'https://cache.nixos.org'...
2026-10-09T18:07:49.2061446Z copying path '/nix/store/298lasn37whh7042pbfz0jxp403pai76-libXext-1.3.6' from 'https://cache.nixos.org'...
2026-10-09T18:07:49.2069951Z copying path '/nix/store/2ffppfzsjcp1q3bdxn96a2hqdlkijvr8-libXrender-0.9.11' from 'https://cache.nixos.org'...
2026-10-09T18:07:49.2106135Z copying path '/nix/store/3kgrj4cp4fa58fcl1qy0zy2sza7nv74q-php-pdo_pgsql-8.2.27' from 'https://cache.nixos.org'...
2026-10-09T18:07:49.2126566Z copying path '/nix/store/ibc28k85i5va38ilqn44z9y7a174x9xs-libXcomposite-0.4.6' from 'https://cache.nixos.org'...
2026-10-09T18:07:49.2166002Z copying path '/nix/store/mnd2mjkp7mi9y1a44mijrxv09lap0nfw-php-pgsql-8.2.27' from 'https://cache.nixos.org'...
2026-10-09T18:07:49.2168150Z copying path '/nix/store/j3irb77rvrqsn57y88mjlppwsim5ldx4-libXfixes-6.0.1' from 'https://cache.nixos.org'...
2026-10-09T18:07:49.2212823Z copying path '/nix/store/ihjg8v8902jly2i3xnbj3714i135pqf4-tpm2-tss-4.1.1' from 'https://cache.nixos.org'...
2026-10-09T18:07:49.2214624Z copying path '/nix/store/svf1rly63z1wivpzm7q7d1xkb48pm3l2-cyrus-sasl-2.1.28' from 'https://cache.nixos.org'...
2026-10-09T18:07:49.2216844Z copying path '/nix/store/j67whcybdcm598p442ja0x5idiknsvyc-libcap-2.69-lib' from 'https://cache.nixos.org'...
2026-10-09T18:07:49.2306857Z copying path '/nix/store/falcaavkhml14j79g95mvqbd2ci4g12j-linux-pam-1.6.1' from 'https://cache.nixos.org'...
2026-10-09T18:07:49.2718837Z building '/nix/store/1qhy7ard0qbrmp7airyf66prcfl0n04w-python3-3.11.10-env.drv'...
2026-10-09T18:07:49.2729674Z copying path '/nix/store/jsizfglsm40vsjc81xnm3wa0rxshpnz0-elfutils-0.191' from 'https://cache.nixos.org'...
2026-10-09T18:07:49.2730656Z copying path '/nix/store/mgrsh2jnmxwv384q810fkgm2bzp3fwvz-kbd-2.6.4' from 'https://cache.nixos.org'...
2026-10-09T18:07:49.2731651Z copying path '/nix/store/n9h67rrlpqq6lk7piw059ddxiydlfzbd-kmod-31-lib' from 'https://cache.nixos.org'...
2026-10-09T18:07:49.2732532Z copying path '/nix/store/qa0w8kji1jrkw2a8baxnd49dczci9bf8-libXpm-3.5.17' from 'https://cache.nixos.org'...
2026-10-09T18:07:49.2733331Z copying path '/nix/store/l0v5pkl7cv999ns3jawq1hx53jj3p1qk-libapparmor-3.1.7' from 'https://cache.nixos.org'...
2026-10-09T18:07:49.2788159Z copying path '/nix/store/r5j717nmw6yg894a885r3a9wb2kj8sk2-libXi-1.8.1' from 'https://cache.nixos.org'...
2026-10-09T18:07:49.2796386Z copying path '/nix/store/d6w4gyllmnp26i2vjydylbz27x5mrbww-libXinerama-1.1.5' from 'https://cache.nixos.org'...
2026-10-09T18:07:49.2901955Z copying path '/nix/store/acw4dh5a3dwbm5w8fdgiq9hxd7sd6a0v-libXrandr-1.5.4' from 'https://cache.nixos.org'...
2026-10-09T18:07:49.3086787Z copying path '/nix/store/6lzcb4zv3lysq4yjhmgi1dkc6fqrgphy-libglvnd-1.7.0' from 'https://cache.nixos.org'...
2026-10-09T18:07:49.3097068Z copying path '/nix/store/m4r9jmsvgv8k0vsb72vkq91667yjdf9h-libxkbcommon-1.7.0' from 'https://cache.nixos.org'...
2026-10-09T18:07:49.3100461Z copying path '/nix/store/l6cqv0aflnlvlshkxfchik6gnafqm24g-libXcursor-1.2.2' from 'https://cache.nixos.org'...
2026-10-09T18:07:49.3233729Z copying path '/nix/store/wlfigacigim7vsr0j9macqgzga40wi51-libXdamage-1.1.6' from 'https://cache.nixos.org'...
2026-10-09T18:07:49.3313905Z copying path '/nix/store/8sx26kvcn36kz7b3bimr9pdq2mc4ag0j-openldap-2.6.9' from 'https://cache.nixos.org'...
2026-10-09T18:07:49.3319322Z copying path '/nix/store/vl868md5gc199rcrfdc7cl4mi5kb9jq9-libXtst-1.2.4' from 'https://cache.nixos.org'...
2026-10-09T18:07:49.3361996Z copying path '/nix/store/azc06066h201z880m78k002cgq02h5a1-systemd-minimal-libs-255.9' from 'https://cache.nixos.org'...
2026-10-09T18:07:49.3614284Z copying path '/nix/store/p4brhgwc11hfk13vwad4ix5xr7vkavhx-libXft-2.3.8' from 'https://cache.nixos.org'...
2026-10-09T18:07:49.3646380Z copying path '/nix/store/p3ls8qj9db0zxqyh1yl1xhza2007ydyg-libgpg-error-1.48' from 'https://cache.nixos.org'...
2026-10-09T18:07:49.3671832Z copying path '/nix/store/y2hq2yxrwr3jda2nk8baiyc9i73b66rg-php-imap-8.2.27' from 'https://cache.nixos.org'...
2026-10-09T18:07:49.3828802Z copying path '/nix/store/3jp4h3hmz4bqv3rrj439lpkzkmxqxdwi-libpwquality-1.4.5-lib' from 'https://cache.nixos.org'...
2026-10-09T18:07:49.3863663Z copying path '/nix/store/w6zi8q7la3f5vpl9gl81b0dvfq4wj8p0-kmod-31' from 'https://cache.nixos.org'...
2026-10-09T18:07:49.3983205Z copying path '/nix/store/gv406dcs0265ydgc6nnjzhw8s3yl5bpa-pixman-0.43.4' from 'https://cache.nixos.org'...
2026-10-09T18:07:49.4159834Z copying path '/nix/store/s3w5cr4c4s6ydfgw17l4wgxs0yr0vxwd-libcbor-0.11.0' from 'https://cache.nixos.org'...
2026-10-09T18:07:49.4288075Z copying path '/nix/store/xc9l92rl3ndvhwi8a6yj01icn1d8vfp9-libGL-1.7.0' from 'https://cache.nixos.org'...
2026-10-09T18:07:49.4396996Z copying path '/nix/store/dcdhs0cqc45ryd2836yvjv34z6jxfc3l-libdeflate-1.20' from 'https://cache.nixos.org'...
2026-10-09T18:07:49.4406436Z copying path '/nix/store/w4rnk5xnvg07jlazglxzn2iikdvclj9m-libnetfilter_conntrack-1.0.9' from 'https://cache.nixos.org'...
2026-10-09T18:07:49.4416370Z copying path '/nix/store/w3iakl1f2p0b9rj1kbr7ilh69jhq6jgz-lvm2-2.03.23-lib' from 'https://cache.nixos.org'...
2026-10-09T18:07:49.4459356Z copying path '/nix/store/xs3gk42g7dlsndzwgx72c71h76clzfsv-libbpf-1.4.2' from 'https://cache.nixos.org'...
2026-10-09T18:07:49.4533885Z copying path '/nix/store/xc1aw6cjm3hj8qdaj8x9g089lm4abrr9-libassuan-2.5.7' from 'https://cache.nixos.org'...
2026-10-09T18:07:49.4553648Z copying path '/nix/store/pffh6d501fj27h886lmbj8x3l80y93d3-libgcrypt-1.10.3' from 'https://cache.nixos.org'...
2026-10-09T18:07:49.4593604Z copying path '/nix/store/nb06pbh9j1b44ply234vvkaar1w3gvgi-dconf-0.40.0-lib' from 'https://cache.nixos.org'...
2026-10-09T18:07:49.4594981Z copying path '/nix/store/71mk6wddlb93pwc36gw6qwssgf1xp0yn-libfido2-1.14.0' from 'https://cache.nixos.org'...
2026-10-09T18:07:49.4662046Z copying path '/nix/store/d6vlrbn4hqygslpri73cgrjh9gjvx9wk-gamin-0.1.10' from 'https://cache.nixos.org'...
2026-10-09T18:07:49.4772159Z copying path '/nix/store/g9h3w8nvry6ciwq6dbfiq4g0y2lmlsdd-libepoxy-1.5.10' from 'https://cache.nixos.org'...
2026-10-09T18:07:49.4784698Z copying path '/nix/store/7yqrkq8ff0s9xysk3kj2lf76wvyjk2wn-iptables-1.8.10' from 'https://cache.nixos.org'...
2026-10-09T18:07:49.4788851Z copying path '/nix/store/ass5rpw3li6xxyjp0cykfx5l6yjcj400-libtiff-4.6.0' from 'https://cache.nixos.org'...
2026-10-09T18:07:49.4789880Z copying path '/nix/store/wazdn869j9x8g36w1mvpcpicd7p97lpw-harfbuzz-8.4.0' from 'https://cache.nixos.org'...
2026-10-09T18:07:49.4839352Z copying path '/nix/store/87xgc04881wzdx7wnfn0d05gdx66jw73-cryptsetup-2.7.3' from 'https://cache.nixos.org'...
2026-10-09T18:07:49.4859591Z copying path '/nix/store/f77zp1fs5gblzrhz96mpicrqzb09r555-systemd-minimal-255.9' from 'https://cache.nixos.org'...
2026-10-09T18:07:49.4872638Z copying path '/nix/store/an0kn9gd4z0k4qr7mi9975fa2mqs9248-libsoup-2.74.3' from 'https://cache.nixos.org'...
2026-10-09T18:07:49.5042331Z copying path '/nix/store/vppn7lhz5ljvydmbdppibfjg6xrfh0vx-cairo-1.18.0' from 'https://cache.nixos.org'...
2026-10-09T18:07:49.5045231Z copying path '/nix/store/i7avvg2mbw505cd6jx9k5admny6v9k8d-json-glib-1.8.0' from 'https://cache.nixos.org'...
2026-10-09T18:07:49.5197255Z copying path '/nix/store/vwlfmr1i7idc0s32ay6r00wy4b8a4rx7-libsoup-3.4.4' from 'https://cache.nixos.org'...
2026-10-09T18:07:49.5292135Z copying path '/nix/store/xl8skgn2spbim1q2rjad1dal9qpi0vwa-libIDL-0.8.14' from 'https://cache.nixos.org'...
2026-10-09T18:07:49.5316342Z copying path '/nix/store/0filj1ph0ddsc6bnhdhcjrqdvhvjdjiw-gnupg-2.4.5' from 'https://cache.nixos.org'...
2026-10-09T18:07:49.5395790Z copying path '/nix/store/484qnnssg3n2md24vpxw3qk0dspkppsb-gdk-pixbuf-2.42.12' from 'https://cache.nixos.org'...
2026-10-09T18:07:49.5574792Z copying path '/nix/store/mdl97z9dp8dhjdim472qiqqwd94bhp0j-libwebp-1.4.0' from 'https://cache.nixos.org'...
2026-10-09T18:07:49.5608936Z copying path '/nix/store/9w1bbklppmr4ib3zrzangxc1aigh3nwg-php-ldap-8.2.27' from 'https://cache.nixos.org'...
2026-10-09T18:07:49.6213585Z copying path '/nix/store/zbpdgrh184qyrdyjvxz00pgqhvrcqca1-ORBit2-2.14.19' from 'https://cache.nixos.org'...
2026-10-09T18:07:49.6405272Z copying path '/nix/store/ir4sims0vzmjc43m80pk9vsra38dwfl7-php-intl-8.2.27' from 'https://cache.nixos.org'...
2026-10-09T18:07:49.6457601Z copying path '/nix/store/rhq3rwyghbqq4lnkmdf4vsrazr2aa5a7-systemd-255.9' from 'https://cache.nixos.org'...
2026-10-09T18:07:49.6587968Z copying path '/nix/store/fhfza8gyfnrqn3q605w5cw327gn0hz5s-gobject-introspection-1.80.1' from 'https://cache.nixos.org'...
2026-10-09T18:07:49.6605820Z copying path '/nix/store/45alyjrs2xflv0fyy08ng2qy62klrash-pango-1.52.2' from 'https://cache.nixos.org'...
2026-10-09T18:07:49.6811181Z copying path '/nix/store/hw3hwpk0gmcmhajsjsvhxk2vn9h30bq7-libavif-1.0.4' from 'https://cache.nixos.org'...
2026-10-09T18:07:49.7198469Z copying path '/nix/store/z7hrcpmiv2kxcmwmsh430w6kikpgfl3l-gd-2.3.3' from 'https://cache.nixos.org'...
2026-10-09T18:07:49.7487781Z copying path '/nix/store/pr90dnz2x5hzq6asld160dim7zh4pm7p-php-gd-8.2.27' from 'https://cache.nixos.org'...
2026-10-09T18:07:49.7716094Z copying path '/nix/store/1kqxlb2jyj6ls4l8l6780w1qafp07380-php-extra-init-8.2.27.ini' from 'https://cache.nixos.org'...
2026-10-09T18:07:49.9060539Z copying path '/nix/store/c1pvi36v9d02by7s9fcx204qg3ic9xgh-dbus-1.14.10-lib' from 'https://cache.nixos.org'...
2026-10-09T18:07:49.9067181Z copying path '/nix/store/bz42yf9cn89m97n2d7py0yw1cysyd5ir-polkit-124' from 'https://cache.nixos.org'...
2026-10-09T18:07:49.9385311Z copying path '/nix/store/26s529dd6j0dsl4z360zl5czr7kkf2s6-avahi-0.8' from 'https://cache.nixos.org'...
2026-10-09T18:07:49.9386849Z copying path '/nix/store/0v6km0ak85aa043rr8hw9x5dxc49b3f3-dbus-glib-0.112' from 'https://cache.nixos.org'...
2026-10-09T18:07:49.9655744Z copying path '/nix/store/i06w8344d692yz2fnfkdzn3mgi6fkbas-gconf-3.2.6' from 'https://cache.nixos.org'...
2026-10-09T18:07:49.9845531Z copying path '/nix/store/aykqqwb1xmv2hfmswv7fgmlij28my0q0-cups-2.4.8-lib' from 'https://cache.nixos.org'...
2026-10-09T18:07:49.9847210Z copying path '/nix/store/58n0pnldj7w7szplmgaxjz6ycvff19rh-tracker-3.7.3' from 'https://cache.nixos.org'...
2026-10-09T18:07:50.0886430Z copying path '/nix/store/bg1y5crvvc98fcnslsnm57w0ldv7jy05-gnome-vfs-2.24.4' from 'https://cache.nixos.org'...
2026-10-09T18:07:50.1931615Z copying path '/nix/store/am54j7wy47l77ssr2q84sr9xzmfi9n5l-at-spi2-core-2.52.0' from 'https://cache.nixos.org'...
2026-10-09T18:07:50.1936965Z copying path '/nix/store/vbid0lnigw2vlk8a1gpk0i9fib1cz27m-php-8.2.27' from 'https://cache.nixos.org'...
2026-10-09T18:07:50.2823398Z copying path '/nix/store/hdn2gb5xa3amcpn4g90hscplwbnk56bz-gtk+3-3.24.43' from 'https://cache.nixos.org'...
2026-10-09T18:07:50.6355937Z copying path '/nix/store/iwmqcnpfjqgb4rnk8mx2p0b2myb4f5hb-php-8.2.27-dev' from 'https://cache.nixos.org'...
2026-10-09T18:07:50.6365501Z copying path '/nix/store/m09gapmazf945n2s252wmyjk1qbqg7si-php-with-extensions-8.2.27' from 'https://cache.nixos.org'...
2026-10-09T18:07:50.6660989Z copying path '/nix/store/5j4c1hk6r8v1jdfz3a6r6bsxblphmhn6-composer-2.7.7' from 'https://cache.nixos.org'...
2026-10-09T18:07:50.7765260Z copying path '/nix/store/vpdmpgah6rzaja7d3c8va1yfdks75bqq-openjdk-21.0.3+9' from 'https://cache.nixos.org'...
2026-10-09T18:07:56.1643039Z copying path '/nix/store/n56wk2kpgq06703g19zhsx9q81bif7s2-rustc-wrapper-1.77.2' from 'https://cache.nixos.org'...
2026-10-09T18:07:56.1820737Z copying path '/nix/store/4wcb3jbxw9mc6vspwx4s625fp2sn003q-cargo-1.77.2' from 'https://cache.nixos.org'...
2026-10-09T18:07:56.3540525Z copying path '/nix/store/6fh7dbvgbbh117xrba68kh4mwvv866qa-apache-maven-3.9.6' from 'https://cache.nixos.org'...
2026-10-09T18:07:56.3549783Z copying path '/nix/store/fc5x9sqr7syp9r385r74mvync4yzcbcq-kotlin-1.9.24' from 'https://cache.nixos.org'...
2026-10-09T18:07:58.3089153Z building '/nix/store/r0yp1q7m1pqva84car7fvqkkjzbs4ivc-nix-shell-env.drv'...
2026-10-09T18:07:58.8801758Z this path will be fetched (97.3 KiB download, 97.3 KiB unpacked):
2026-10-09T18:07:58.8802171Z   /nix/store/71h52hv3lqrr7vsik73hkzd0fbmng830-bash-interactive-5.2p32-man
2026-10-09T18:07:58.8808283Z copying path '/nix/store/71h52hv3lqrr7vsik73hkzd0fbmng830-bash-interactive-5.2p32-man' from 'https://cache.nixos.org'...
2026-10-09T18:07:58.9293086Z Run: npm run bootstrap
2026-10-09T18:08:23.6750667Z {
2026-10-09T18:08:23.6750904Z   "result": "passed",
2026-10-09T18:08:23.6751109Z   "packageInstallation": true,
2026-10-09T18:08:23.6751278Z   "realLeanExecution": true,
2026-10-09T18:08:23.6751428Z   "consumers": [
2026-10-09T18:08:23.6751549Z     "dotnet",
2026-10-09T18:08:23.6751663Z     "jvm",
2026-10-09T18:08:23.6751772Z     "ruby"
2026-10-09T18:08:23.6751878Z   ],
2026-10-09T18:08:23.6751995Z   "documentation": {
2026-10-09T18:08:23.6752121Z     "dotnet": {
2026-10-09T18:08:23.6752248Z       "result": "passed",
2026-10-09T18:08:23.6752394Z       "publicApiOnly": true,
2026-10-09T18:08:23.6753080Z       "stdout": "Box: 42\nPayload count: 42\nCallback: 44\nCallable: 42\nErrors and cleanup: passed"
2026-10-09T18:08:23.6753329Z     },
2026-10-09T18:08:23.6753444Z     "java": {
2026-10-09T18:08:23.6753575Z       "result": "passed",
2026-10-09T18:08:23.6753724Z       "publicApiOnly": true,
2026-10-09T18:08:23.6754017Z       "stdout": "Box: 42\nPayload count: 42\nCallback: 44\nCallable: 42\nErrors and cleanup: passed"
2026-10-09T18:08:23.6754319Z     },
2026-10-09T18:08:23.6754660Z     "kotlin": {
2026-10-09T18:08:23.6754795Z       "result": "passed",
2026-10-09T18:08:23.6754937Z       "publicApiOnly": true,
2026-10-09T18:08:23.6755216Z       "stdout": "Box: 42\nPayload count: 42\nCallback: 44\nCallable: 42\nErrors and cleanup: passed"
2026-10-09T18:08:23.6755466Z     },
2026-10-09T18:08:23.6755575Z     "ruby": {
2026-10-09T18:08:23.6755699Z       "result": "passed",
2026-10-09T18:08:23.6755845Z       "publicApiOnly": true,
2026-10-09T18:08:23.6756109Z       "stdout": "Box: 42\nPayload count: 42\nCallback: 44\nCallable: 42\nErrors and cleanup: passed"
2026-10-09T18:08:23.6756360Z     }
2026-10-09T18:08:23.6756478Z   },
2026-10-09T18:08:23.6756598Z   "measurements": {
2026-10-09T18:08:23.6756726Z     "dotnet": {
2026-10-09T18:08:23.6756862Z       "iterations": 100000,
2026-10-09T18:08:23.6757028Z       "durationNanoseconds": 34412296,
2026-10-09T18:08:23.6757186Z       "checksum": 7300000,
2026-10-09T18:08:23.6757357Z       "initializationNanoseconds": 7900971,
2026-10-09T18:08:23.6757561Z       "operationIterations": 10000,
2026-10-09T18:08:23.6757761Z       "copiedValueNanoseconds": 13179878,
2026-10-09T18:08:23.6757962Z       "callbackNanoseconds": 6356622,
2026-10-09T18:08:23.6758175Z       "callableNanoseconds": 3566857,
2026-10-09T18:08:23.6758379Z       "peakRssBytes": 51236864
2026-10-09T18:08:23.6758520Z     },
2026-10-09T18:08:23.6758635Z     "jvm": {
2026-10-09T18:08:23.6758765Z       "iterations": 100000,
2026-10-09T18:08:23.6758949Z       "durationNanoseconds": 58730356,
2026-10-09T18:08:23.6759151Z       "checksum": 7300000,
2026-10-09T18:08:23.6759351Z       "initializationNanoseconds": 198171017,
2026-10-09T18:08:23.6759573Z       "operationIterations": 10000,
2026-10-09T18:08:23.6759802Z       "copiedValueNanoseconds": 118289432,
2026-10-09T18:08:23.6760089Z       "callbackNanoseconds": 167464277,
2026-10-09T18:08:23.6760322Z       "callableNanoseconds": 11311659,
2026-10-09T18:08:23.6760542Z       "peakRssBytes": 221351936
2026-10-09T18:08:23.6760705Z     },
2026-10-09T18:08:23.6760845Z     "ruby": {
2026-10-09T18:08:23.6761000Z       "iterations": 100000,
2026-10-09T18:08:23.6761195Z       "durationNanoseconds": 238012304,
2026-10-09T18:08:23.6761378Z       "checksum": 7300000,
2026-10-09T18:08:23.6761552Z       "initializationNanoseconds": 98739,
2026-10-09T18:08:23.6761749Z       "operationIterations": 10000,
2026-10-09T18:08:23.6761935Z       "copiedValueNanoseconds": 109192111,
2026-10-09T18:08:23.6762120Z       "callbackNanoseconds": 60481917,
2026-10-09T18:08:23.6762297Z       "callableNanoseconds": 25097136,
2026-10-09T18:08:23.6762472Z       "peakRssBytes": 38334464
2026-10-09T18:08:23.6762618Z     }
2026-10-09T18:08:23.6762734Z   },
2026-10-09T18:08:23.6762856Z   "packageBytes": {
2026-10-09T18:08:23.6762992Z     "dotnet": 4152074,
2026-10-09T18:08:23.6763136Z     "jvm": 4163941,
2026-10-09T18:08:23.6763269Z     "ruby": 4136448
2026-10-09T18:08:23.6763411Z   },
2026-10-09T18:08:23.6763533Z   "receipts": {
2026-10-09T18:08:23.6763682Z     "dotnet": {
2026-10-09T18:08:23.6763842Z       "schemaVersion": 1,
2026-10-09T18:08:23.6764010Z       "ecosystem": "nuget",
2026-10-09T18:08:23.6764189Z       "component": "poc/lean-alpha@0.0.0",
2026-10-09T18:08:23.6764820Z       "canonicalManifestSha256": "289bc900ce41b6df40e3df236824a7597a9e18a80d8cd12cf6646e35ec2a5219"
2026-10-09T18:08:23.6765197Z     },
2026-10-09T18:08:23.6765322Z     "jvm": {
2026-10-09T18:08:23.6765456Z       "schemaVersion": 1,
2026-10-09T18:08:23.6765611Z       "ecosystem": "maven",
2026-10-09T18:08:23.6765786Z       "component": "poc/lean-alpha@0.0.0",
2026-10-09T18:08:23.6766352Z       "canonicalManifestSha256": "289bc900ce41b6df40e3df236824a7597a9e18a80d8cd12cf6646e35ec2a5219"
2026-10-09T18:08:23.6766649Z     },
2026-10-09T18:08:23.6766767Z     "ruby": {
2026-10-09T18:08:23.6766906Z       "schemaVersion": 1,
2026-10-09T18:08:23.6767095Z       "ecosystem": "rubygems",
2026-10-09T18:08:23.6767289Z       "component": "poc/lean-alpha@0.0.0",
2026-10-09T18:08:23.6767622Z       "canonicalManifestSha256": "289bc900ce41b6df40e3df236824a7597a9e18a80d8cd12cf6646e35ec2a5219"
2026-10-09T18:08:23.6767924Z     }
2026-10-09T18:08:23.6768052Z   }
2026-10-09T18:08:23.6768172Z }
2026-10-09T18:08:23.7361204Z Prepare all required actions
2026-10-09T18:08:23.7380672Z ##[group]Run ./.github/actions/bounded-apt
2026-10-09T18:08:23.7380843Z env:
2026-10-09T18:08:23.7380953Z   NODE_VERSION: 22
2026-10-09T18:08:23.7381129Z   LEAN_BRIDGE_CONSUMER_PERFORMANCE_DIR: build/consumer-ci/performance
2026-10-09T18:08:23.7381347Z   TMPDIR: /home/runner/work/_temp
2026-10-09T18:08:23.7381566Z   NIX_PROFILES: /nix/var/nix/profiles/default /home/runner/.nix-profile
2026-10-09T18:08:23.7381801Z   NIX_SSL_CERT_FILE: /etc/ssl/certs/ca-certificates.crt
2026-10-09T18:08:23.7381979Z ##[endgroup]
2026-10-09T18:08:23.7384804Z ##[start-action display=Configure apt network limits;id=__self.__run]
2026-10-09T18:08:23.7413960Z ##[group]Run sudo install -m 0644 "/home/runner/work/lean-bridge/lean-bridge/./.github/actions/bounded-apt/apt-network.conf" /etc/apt/apt.conf.d/99lean-bridge-network
2026-10-09T18:08:23.7415168Z [36;1msudo install -m 0644 "/home/runner/work/lean-bridge/lean-bridge/./.github/actions/bounded-apt/apt-network.conf" /etc/apt/apt.conf.d/99lean-bridge-network[0m
2026-10-09T18:08:23.7415702Z [36;1mapt-config dump[0m
2026-10-09T18:08:23.7558134Z shell: /usr/bin/bash --noprofile --norc -e -o pipefail {0}
2026-10-09T18:08:23.7558358Z env:
2026-10-09T18:08:23.7558489Z   NODE_VERSION: 22
2026-10-09T18:08:23.7558672Z   LEAN_BRIDGE_CONSUMER_PERFORMANCE_DIR: build/consumer-ci/performance
2026-10-09T18:08:23.7558905Z   TMPDIR: /home/runner/work/_temp
2026-10-09T18:08:23.7559107Z   NIX_PROFILES: /nix/var/nix/profiles/default /home/runner/.nix-profile
2026-10-09T18:08:23.7559342Z   NIX_SSL_CERT_FILE: /etc/ssl/certs/ca-certificates.crt
2026-10-09T18:08:23.7560111Z ##[endgroup]
2026-10-09T18:08:23.7910294Z APT "";
2026-10-09T18:08:23.7910647Z APT::Architecture "amd64";
2026-10-09T18:08:23.7910933Z APT::Build-Essential "";
2026-10-09T18:08:23.7911235Z APT::Build-Essential:: "build-essential";
2026-10-09T18:08:23.7911524Z APT::Install-Recommends "1";
2026-10-09T18:08:23.7911771Z APT::Install-Suggests "0";
2026-10-09T18:08:23.7912023Z APT::Key "";
2026-10-09T18:08:23.7912792Z APT::Key::Assert-Pubkey-Algo ">=rsa1024,ed25519,ed448,nistp256,nistp384,nistp512,brainpoolP256r1,brainpoolP320r1,brainpoolP384r1,brainpoolP512r1,secp256k1";
2026-10-09T18:08:23.7913663Z APT::Key::Assert-Pubkey-Algo::Next ">=rsa2048,ed25519,ed448,nistp256,nistp384,nistp512";
2026-10-09T18:08:23.7914172Z APT::Key::Assert-Pubkey-Algo::Future ">=rsa3072,ed25519,ed448";
2026-10-09T18:08:23.7914629Z APT::Sandbox "";
2026-10-09T18:08:23.7914839Z APT::Sandbox::User "_apt";
2026-10-09T18:08:23.7915068Z APT::NeverAutoRemove "";
2026-10-09T18:08:23.7915348Z APT::NeverAutoRemove:: "^firmware-linux.*";
2026-10-09T18:08:23.7915606Z APT::NeverAutoRemove:: "^linux-firmware$";
2026-10-09T18:08:23.7915821Z APT::NeverAutoRemove:: "^linux-image-[a-z0-9]*$";
2026-10-09T18:08:23.7916091Z APT::NeverAutoRemove:: "^linux-image-[a-z0-9]*-[a-z0-9]*$";
2026-10-09T18:08:23.7916312Z APT::NeverAutoRemove:: "^postgresql.*-16";
2026-10-09T18:08:23.7916508Z APT::VersionedKernelPackages "";
2026-10-09T18:08:23.7916697Z APT::VersionedKernelPackages:: "linux-.*";
2026-10-09T18:08:23.7916901Z APT::VersionedKernelPackages:: "kfreebsd-.*";
2026-10-09T18:08:23.7917108Z APT::VersionedKernelPackages:: "gnumach-.*";
2026-10-09T18:08:23.7917438Z APT::VersionedKernelPackages:: ".*-modules";
2026-10-09T18:08:23.7917763Z APT::VersionedKernelPackages:: ".*-kernel";
2026-10-09T18:08:23.7918413Z APT::Never-MarkAuto-Sections "";
2026-10-09T18:08:23.7918718Z APT::Never-MarkAuto-Sections:: "metapackages";
2026-10-09T18:08:23.7919041Z APT::Never-MarkAuto-Sections:: "tasks";
2026-10-09T18:08:23.7919366Z APT::Move-Autobit-Sections "";
2026-10-09T18:08:23.7919643Z APT::Move-Autobit-Sections:: "oldlibs";
2026-10-09T18:08:23.7920019Z APT::Get "";
2026-10-09T18:08:23.7920242Z APT::Get::AutomaticRemove "0";
2026-10-09T18:08:23.7920489Z APT::Get::HideAutoRemove "1";
2026-10-09T18:08:23.7920722Z APT::Get::Assume-Yes "true";
2026-10-09T18:08:23.7920916Z APT::Get::Always-Include-Phased-Updates "true";
2026-10-09T18:08:23.7921282Z APT::Periodic "";
2026-10-09T18:08:23.7921463Z APT::Periodic::Update-Package-Lists "1";
2026-10-09T18:08:23.7921680Z APT::Periodic::Download-Upgradeable-Packages "0";
2026-10-09T18:08:23.7921941Z APT::Periodic::AutocleanInterval "0";
2026-10-09T18:08:23.7922093Z APT::Update "";
2026-10-09T18:08:23.7922248Z APT::Update::Post-Invoke-Success "";
2026-10-09T18:08:23.7922593Z APT::Update::Post-Invoke-Success:: "touch /var/lib/apt/periodic/update-success-stamp 2>/dev/null || true";
2026-10-09T18:08:23.7923736Z APT::Update::Post-Invoke-Success:: "/usr/bin/test -e /usr/share/dbus-1/system-services/org.freedesktop.PackageKit.service && /usr/bin/test -S /var/run/dbus/system_bus_socket && /usr/bin/gdbus call --system --dest org.freedesktop.PackageKit --object-path /org/freedesktop/PackageKit --timeout 4 --method org.freedesktop.PackageKit.StateHasChanged cache-update > /dev/null; /bin/echo > /dev/null";
2026-10-09T18:08:23.7925102Z APT::Update::Post-Invoke-Success:: "if /usr/bin/test -w /var/cache/swcatalog -a -e /usr/bin/appstreamcli; then appstreamcli refresh --source=os > /dev/null || true; fi";
2026-10-09T18:08:23.7928356Z APT::Update::Post-Invoke-Success:: "if /usr/bin/test -w /var/lib/command-not-found/ -a -e /usr/lib/cnf-update-db; then /usr/lib/cnf-update-db > /dev/null; fi";
2026-10-09T18:08:23.7929181Z APT::Update::Post-Invoke-Success:: "/usr/lib/update-notifier/update-motd-updates-available 2>/dev/null || true";
2026-10-09T18:08:23.7937905Z APT::Update::Pre-Invoke "";
2026-10-09T18:08:23.7938431Z APT::Update::Pre-Invoke:: "[ ! -e /run/systemd/system ] || [ $(id -u) -ne 0 ] || systemctl start --no-block apt-news.service esm-cache.service >/dev/null 2>&1 || true";
2026-10-09T18:08:23.7938938Z APT::Update::Error-Mode "any";
2026-10-09T18:08:23.7939127Z APT::Archives "";
2026-10-09T18:08:23.7939294Z APT::Archives::MaxAge "30";
2026-10-09T18:08:23.7939474Z APT::Archives::MinAge "2";
2026-10-09T18:08:23.7939657Z APT::Archives::MaxSize "500";
2026-10-09T18:08:23.7939849Z APT::Architectures "";
2026-10-09T18:08:23.7940048Z APT::Architectures:: "amd64";
2026-10-09T18:08:23.7940223Z APT::Compressor "";
2026-10-09T18:08:23.7940396Z APT::Compressor::. "";
2026-10-09T18:08:23.7940595Z APT::Compressor::.::Name ".";
2026-10-09T18:08:23.7940800Z APT::Compressor::.::Extension "";
2026-10-09T18:08:23.7940994Z APT::Compressor::.::Binary "";
2026-10-09T18:08:23.7941187Z APT::Compressor::.::Cost "0";
2026-10-09T18:08:23.7941368Z APT::Compressor::zstd "";
2026-10-09T18:08:23.7941562Z APT::Compressor::zstd::Name "zstd";
2026-10-09T18:08:23.7941773Z APT::Compressor::zstd::Extension ".zst";
2026-10-09T18:08:23.7941992Z APT::Compressor::zstd::Binary "zstd";
2026-10-09T18:08:23.7942202Z APT::Compressor::zstd::Cost "60";
2026-10-09T18:08:23.7942441Z APT::Compressor::zstd::CompressArg "";
2026-10-09T18:08:23.7942658Z APT::Compressor::zstd::CompressArg:: "-19";
2026-10-09T18:08:23.7942878Z APT::Compressor::zstd::UncompressArg "";
2026-10-09T18:08:23.7943131Z APT::Compressor::zstd::UncompressArg:: "-d";
2026-10-09T18:08:23.7943345Z APT::Compressor::lz4 "";
2026-10-09T18:08:23.7943549Z APT::Compressor::lz4::Name "lz4";
2026-10-09T18:08:23.7943750Z APT::Compressor::lz4::Extension ".lz4";
2026-10-09T18:08:23.7943967Z APT::Compressor::lz4::Binary "lz4";
2026-10-09T18:08:23.7944184Z APT::Compressor::lz4::Cost "50";
2026-10-09T18:08:23.7944361Z APT::Compressor::lz4::CompressArg "";
2026-10-09T18:08:23.7945043Z APT::Compressor::lz4::CompressArg:: "-1";
2026-10-09T18:08:23.7945284Z APT::Compressor::lz4::UncompressArg "";
2026-10-09T18:08:23.7945517Z APT::Compressor::lz4::UncompressArg:: "-d";
2026-10-09T18:08:23.7945712Z APT::Compressor::gzip "";
2026-10-09T18:08:23.7945882Z APT::Compressor::gzip::Name "gzip";
2026-10-09T18:08:23.7946069Z APT::Compressor::gzip::Extension ".gz";
2026-10-09T18:08:23.7946261Z APT::Compressor::gzip::Binary "gzip";
2026-10-09T18:08:23.7946450Z APT::Compressor::gzip::Cost "100";
2026-10-09T18:08:23.7946632Z APT::Compressor::gzip::CompressArg "";
2026-10-09T18:08:23.7946834Z APT::Compressor::gzip::CompressArg:: "-6n";
2026-10-09T18:08:23.7947153Z APT::Compressor::gzip::UncompressArg "";
2026-10-09T18:08:23.7947409Z APT::Compressor::gzip::UncompressArg:: "-d";
2026-10-09T18:08:23.7947601Z APT::Compressor::xz "";
2026-10-09T18:08:23.7947776Z APT::Compressor::xz::Name "xz";
2026-10-09T18:08:23.7947963Z APT::Compressor::xz::Extension ".xz";
2026-10-09T18:08:23.7948146Z APT::Compressor::xz::Binary "xz";
2026-10-09T18:08:23.7948323Z APT::Compressor::xz::Cost "200";
2026-10-09T18:08:23.7948501Z APT::Compressor::xz::CompressArg "";
2026-10-09T18:08:23.7948704Z APT::Compressor::xz::CompressArg:: "-6";
2026-10-09T18:08:23.7948893Z APT::Compressor::xz::UncompressArg "";
2026-10-09T18:08:23.7949080Z APT::Compressor::xz::UncompressArg:: "-d";
2026-10-09T18:08:23.7949253Z APT::Compressor::bzip2 "";
2026-10-09T18:08:23.7949419Z APT::Compressor::bzip2::Name "bzip2";
2026-10-09T18:08:23.7949614Z APT::Compressor::bzip2::Extension ".bz2";
2026-10-09T18:08:23.7949831Z APT::Compressor::bzip2::Binary "bzip2";
2026-10-09T18:08:23.7950059Z APT::Compressor::bzip2::Cost "300";
2026-10-09T18:08:23.7950275Z APT::Compressor::bzip2::CompressArg "";
2026-10-09T18:08:23.7950498Z APT::Compressor::bzip2::CompressArg:: "-6";
2026-10-09T18:08:23.7950707Z APT::Compressor::bzip2::UncompressArg "";
2026-10-09T18:08:23.7950930Z APT::Compressor::bzip2::UncompressArg:: "-d";
2026-10-09T18:08:23.7951133Z APT::Compressor::lzma "";
2026-10-09T18:08:23.7951339Z APT::Compressor::lzma::Name "lzma";
2026-10-09T18:08:23.7951543Z APT::Compressor::lzma::Extension ".lzma";
2026-10-09T18:08:23.7951753Z APT::Compressor::lzma::Binary "xz";
2026-10-09T18:08:23.7951965Z APT::Compressor::lzma::Cost "400";
2026-10-09T18:08:23.7952191Z APT::Compressor::lzma::CompressArg "";
2026-10-09T18:08:23.7952441Z APT::Compressor::lzma::CompressArg:: "--format=lzma";
2026-10-09T18:08:23.7952674Z APT::Compressor::lzma::CompressArg:: "-6";
2026-10-09T18:08:23.7952892Z APT::Compressor::lzma::UncompressArg "";
2026-10-09T18:08:23.7953155Z APT::Compressor::lzma::UncompressArg:: "--format=lzma";
2026-10-09T18:08:23.7953390Z APT::Compressor::lzma::UncompressArg:: "-d";
2026-10-09T18:08:23.7953581Z Dir "/";
2026-10-09T18:08:23.7953740Z Dir::State "var/lib/apt";
2026-10-09T18:08:23.7953914Z Dir::State::lists "lists/";
2026-10-09T18:08:23.7954116Z Dir::State::cdroms "cdroms.list";
2026-10-09T18:08:23.7954343Z Dir::State::extended_states "extended_states";
2026-10-09T18:08:23.7954772Z Dir::State::status "/var/lib/dpkg/status";
2026-10-09T18:08:23.7954986Z Dir::Cache "var/cache/apt";
2026-10-09T18:08:23.7955176Z Dir::Cache::archives "archives/";
2026-10-09T18:08:23.7955383Z Dir::Cache::srcpkgcache "srcpkgcache.bin";
2026-10-09T18:08:23.7955589Z Dir::Cache::pkgcache "pkgcache.bin";
2026-10-09T18:08:23.7955754Z Dir::Etc "etc/apt";
2026-10-09T18:08:23.7955907Z Dir::Etc::sourcelist "sources.list";
2026-10-09T18:08:23.7956090Z Dir::Etc::sourceparts "sources.list.d";
2026-10-09T18:08:23.7956261Z Dir::Etc::main "apt.conf";
2026-10-09T18:08:23.7956415Z Dir::Etc::netrc "auth.conf";
2026-10-09T18:08:23.7956583Z Dir::Etc::netrcparts "auth.conf.d";
2026-10-09T18:08:23.7956745Z Dir::Etc::parts "apt.conf.d";
2026-10-09T18:08:23.7956916Z Dir::Etc::preferences "preferences";
2026-10-09T18:08:23.7957104Z Dir::Etc::preferencesparts "preferences.d";
2026-10-09T18:08:23.7957291Z Dir::Etc::trusted "trusted.gpg";
2026-10-09T18:08:23.7957468Z Dir::Etc::trustedparts "trusted.gpg.d";
2026-10-09T18:08:23.7957830Z Dir::Bin "";
2026-10-09T18:08:23.7957981Z Dir::Bin::methods "/usr/lib/apt/methods";
2026-10-09T18:08:23.7958146Z Dir::Bin::solvers "";
2026-10-09T18:08:23.7958309Z Dir::Bin::solvers:: "/usr/lib/apt/solvers";
2026-10-09T18:08:23.7958472Z Dir::Bin::planners "";
2026-10-09T18:08:23.7958643Z Dir::Bin::planners:: "/usr/lib/apt/planners";
2026-10-09T18:08:23.7958830Z Dir::Bin::dpkg "/usr/bin/dpkg";
2026-10-09T18:08:23.7958983Z Dir::Bin::gzip "/bin/gzip";
2026-10-09T18:08:23.7959132Z Dir::Bin::bzip2 "/bin/bzip2";
2026-10-09T18:08:23.7959284Z Dir::Bin::xz "/usr/bin/xz";
2026-10-09T18:08:23.7959426Z Dir::Bin::lz4 "/usr/bin/lz4";
2026-10-09T18:08:23.7959671Z Dir::Bin::zstd "/usr/bin/zstd";
2026-10-09T18:08:23.7959822Z Dir::Bin::lzma "/usr/bin/xz";
2026-10-09T18:08:23.7959960Z Dir::Media "";
2026-10-09T18:08:23.7960107Z Dir::Media::MountPath "/media/apt";
2026-10-09T18:08:23.7960262Z Dir::Log "var/log/apt";
2026-10-09T18:08:23.7960417Z Dir::Log::Terminal "term.log";
2026-10-09T18:08:23.7960580Z Dir::Log::History "history.log";
2026-10-09T18:08:23.7960751Z Dir::Log::Planner "eipp.log.xz";
2026-10-09T18:08:23.7960920Z Dir::Ignore-Files-Silently "";
2026-10-09T18:08:23.7961092Z Dir::Ignore-Files-Silently:: "~$";
2026-10-09T18:08:23.7961279Z Dir::Ignore-Files-Silently:: "\.disabled$";
2026-10-09T18:08:23.7961471Z Dir::Ignore-Files-Silently:: "\.bak$";
2026-10-09T18:08:23.7961668Z Dir::Ignore-Files-Silently:: "\.dpkg-[a-z]+$";
2026-10-09T18:08:23.7961875Z Dir::Ignore-Files-Silently:: "\.ucf-[a-z]+$";
2026-10-09T18:08:23.7962069Z Dir::Ignore-Files-Silently:: "\.save$";
2026-10-09T18:08:23.7962254Z Dir::Ignore-Files-Silently:: "\.orig$";
2026-10-09T18:08:23.7962452Z Dir::Ignore-Files-Silently:: "\.distUpgrade$";
2026-10-09T18:08:23.7962613Z Acquire "";
2026-10-09T18:08:23.7962762Z Acquire::AllowInsecureRepositories "0";
2026-10-09T18:08:23.7962947Z Acquire::AllowWeakRepositories "0";
2026-10-09T18:08:23.7963156Z Acquire::AllowDowngradeToInsecureRepositories "0";
2026-10-09T18:08:23.7963343Z Acquire::cdrom "";
2026-10-09T18:08:23.7963495Z Acquire::cdrom::mount "/media/cdrom/";
2026-10-09T18:08:23.7963655Z Acquire::IndexTargets "";
2026-10-09T18:08:23.7963814Z Acquire::IndexTargets::deb "";
2026-10-09T18:08:23.7963993Z Acquire::IndexTargets::deb::Packages "";
2026-10-09T18:08:23.7964301Z Acquire::IndexTargets::deb::Packages::MetaKey "$(COMPONENT)/binary-$(ARCHITECTURE)/Packages";
2026-10-09T18:08:23.7964715Z Acquire::IndexTargets::deb::Packages::flatMetaKey "Packages";
2026-10-09T18:08:23.7965005Z Acquire::IndexTargets::deb::Packages::ShortDescription "Packages";
2026-10-09T18:08:23.7965367Z Acquire::IndexTargets::deb::Packages::Description "$(RELEASE)/$(COMPONENT) $(ARCHITECTURE) Packages";
2026-10-09T18:08:23.7965736Z Acquire::IndexTargets::deb::Packages::flatDescription "$(RELEASE) Packages";
2026-10-09T18:08:23.7966015Z Acquire::IndexTargets::deb::Packages::Optional "0";
2026-10-09T18:08:23.7966231Z Acquire::IndexTargets::deb::Translations "";
2026-10-09T18:08:23.7966535Z Acquire::IndexTargets::deb::Translations::MetaKey "$(COMPONENT)/i18n/Translation-$(LANGUAGE)";
2026-10-09T18:08:23.7966876Z Acquire::IndexTargets::deb::Translations::flatMetaKey "$(LANGUAGE)";
2026-10-09T18:08:23.7967202Z Acquire::IndexTargets::deb::Translations::ShortDescription "Translation-$(LANGUAGE)";
2026-10-09T18:08:23.7967606Z Acquire::IndexTargets::deb::Translations::Description "$(RELEASE)/$(COMPONENT) Translation-$(LANGUAGE)";
2026-10-09T18:08:23.7968021Z Acquire::IndexTargets::deb::Translations::flatDescription "$(RELEASE) Translation-$(LANGUAGE)";
2026-10-09T18:08:23.7968305Z Acquire::IndexTargets::deb::DEP-11 "";
2026-10-09T18:08:23.7968625Z Acquire::IndexTargets::deb::DEP-11::MetaKey "$(COMPONENT)/dep11/Components-$(NATIVE_ARCHITECTURE).yml";
2026-10-09T18:08:23.7969025Z Acquire::IndexTargets::deb::DEP-11::ShortDescription "Components-$(NATIVE_ARCHITECTURE)";
2026-10-09T18:08:23.7979639Z Acquire::IndexTargets::deb::DEP-11::Description "$(RELEASE)/$(COMPONENT) $(NATIVE_ARCHITECTURE) Components";
2026-10-09T18:08:23.7980141Z Acquire::IndexTargets::deb::DEP-11::KeepCompressed "true";
2026-10-09T18:08:23.7980588Z Acquire::IndexTargets::deb::DEP-11::KeepCompressedAs "gz";
2026-10-09T18:08:23.7980862Z Acquire::IndexTargets::deb::DEP-11::DefaultEnabled "false";
2026-10-09T18:08:23.7981113Z Acquire::IndexTargets::deb::DEP-11-icons-small "";
2026-10-09T18:08:23.7981455Z Acquire::IndexTargets::deb::DEP-11-icons-small::MetaKey "$(COMPONENT)/dep11/icons-48x48.tar";
2026-10-09T18:08:23.7981824Z Acquire::IndexTargets::deb::DEP-11-icons-small::ShortDescription "icons-48x48";
2026-10-09T18:08:23.7982307Z Acquire::IndexTargets::deb::DEP-11-icons-small::Description "$(RELEASE)/$(COMPONENT) Icons (48x48)";
2026-10-09T18:08:23.7982682Z Acquire::IndexTargets::deb::DEP-11-icons-small::KeepCompressed "true";
2026-10-09T18:08:23.7982998Z Acquire::IndexTargets::deb::DEP-11-icons-small::KeepCompressedAs "gz";
2026-10-09T18:08:23.7983319Z Acquire::IndexTargets::deb::DEP-11-icons-small::DefaultEnabled "false";
2026-10-09T18:08:23.7983582Z Acquire::IndexTargets::deb::DEP-11-icons "";
2026-10-09T18:08:23.7983908Z Acquire::IndexTargets::deb::DEP-11-icons::MetaKey "$(COMPONENT)/dep11/icons-64x64.tar";
2026-10-09T18:08:23.7984271Z Acquire::IndexTargets::deb::DEP-11-icons::ShortDescription "icons-64x64";
2026-10-09T18:08:23.7984748Z Acquire::IndexTargets::deb::DEP-11-icons::Description "$(RELEASE)/$(COMPONENT) Icons (64x64)";
2026-10-09T18:08:23.7985081Z Acquire::IndexTargets::deb::DEP-11-icons::KeepCompressed "true";
2026-10-09T18:08:23.7985361Z Acquire::IndexTargets::deb::DEP-11-icons::KeepCompressedAs "gz";
2026-10-09T18:08:23.7985643Z Acquire::IndexTargets::deb::DEP-11-icons::DefaultEnabled "false";
2026-10-09T18:08:23.7985897Z Acquire::IndexTargets::deb::DEP-11-icons-hidpi "";
2026-10-09T18:08:23.7986225Z Acquire::IndexTargets::deb::DEP-11-icons-hidpi::MetaKey "$(COMPONENT)/dep11/icons-64x64@2.tar";
2026-10-09T18:08:23.7986601Z Acquire::IndexTargets::deb::DEP-11-icons-hidpi::ShortDescription "icons-64x64@2";
2026-10-09T18:08:23.7986998Z Acquire::IndexTargets::deb::DEP-11-icons-hidpi::Description "$(RELEASE)/$(COMPONENT) Icons (64x64@2)";
2026-10-09T18:08:23.7987364Z Acquire::IndexTargets::deb::DEP-11-icons-hidpi::KeepCompressed "true";
2026-10-09T18:08:23.7987672Z Acquire::IndexTargets::deb::DEP-11-icons-hidpi::KeepCompressedAs "gz";
2026-10-09T18:08:23.7987988Z Acquire::IndexTargets::deb::DEP-11-icons-hidpi::DefaultEnabled "false";
2026-10-09T18:08:23.7988285Z Acquire::IndexTargets::deb::DEP-11-icons-large "";
2026-10-09T18:08:23.7988606Z Acquire::IndexTargets::deb::DEP-11-icons-large::MetaKey "$(COMPONENT)/dep11/icons-128x128.tar";
2026-10-09T18:08:23.7988974Z Acquire::IndexTargets::deb::DEP-11-icons-large::ShortDescription "icons-128x128";
2026-10-09T18:08:23.7989360Z Acquire::IndexTargets::deb::DEP-11-icons-large::Description "$(RELEASE)/$(COMPONENT) Icons (128x128)";
2026-10-09T18:08:23.7989715Z Acquire::IndexTargets::deb::DEP-11-icons-large::KeepCompressed "true";
2026-10-09T18:08:23.7990013Z Acquire::IndexTargets::deb::DEP-11-icons-large::KeepCompressedAs "gz";
2026-10-09T18:08:23.7990316Z Acquire::IndexTargets::deb::DEP-11-icons-large::DefaultEnabled "false";
2026-10-09T18:08:23.7990603Z Acquire::IndexTargets::deb::DEP-11-icons-large-hidpi "";
2026-10-09T18:08:23.7990989Z Acquire::IndexTargets::deb::DEP-11-icons-large-hidpi::MetaKey "$(COMPONENT)/dep11/icons-128x128@2.tar";
2026-10-09T18:08:23.7991405Z Acquire::IndexTargets::deb::DEP-11-icons-large-hidpi::ShortDescription "icons-128x128@2";
2026-10-09T18:08:23.7991883Z Acquire::IndexTargets::deb::DEP-11-icons-large-hidpi::Description "$(RELEASE)/$(COMPONENT) Icons (128x128@2)";
2026-10-09T18:08:23.7992320Z Acquire::IndexTargets::deb::DEP-11-icons-large-hidpi::KeepCompressed "true";
2026-10-09T18:08:23.7992659Z Acquire::IndexTargets::deb::DEP-11-icons-large-hidpi::KeepCompressedAs "gz";
2026-10-09T18:08:23.7993034Z Acquire::IndexTargets::deb::DEP-11-icons-large-hidpi::DefaultEnabled "false";
2026-10-09T18:08:23.7993345Z Acquire::IndexTargets::deb::CNF "";
2026-10-09T18:08:23.7993738Z Acquire::IndexTargets::deb::CNF::MetaKey "$(COMPONENT)/cnf/Commands-$(NATIVE_ARCHITECTURE)";
2026-10-09T18:08:23.7994325Z Acquire::IndexTargets::deb::CNF::ShortDescription "Commands-$(NATIVE_ARCHITECTURE)";
2026-10-09T18:08:23.7994860Z Acquire::IndexTargets::deb::CNF::Description "$(RELEASE)/$(COMPONENT) $(NATIVE_ARCHITECTURE) c-n-f Metadata";
2026-10-09T18:08:23.7995174Z Acquire::IndexTargets::deb-src "";
2026-10-09T18:08:23.7995387Z Acquire::IndexTargets::deb-src::Sources "";
2026-10-09T18:08:23.7995686Z Acquire::IndexTargets::deb-src::Sources::MetaKey "$(COMPONENT)/source/Sources";
2026-10-09T18:08:23.7996010Z Acquire::IndexTargets::deb-src::Sources::flatMetaKey "Sources";
2026-10-09T18:08:23.7996405Z Acquire::IndexTargets::deb-src::Sources::ShortDescription "Sources";
2026-10-09T18:08:23.7996738Z Acquire::IndexTargets::deb-src::Sources::Description "$(RELEASE)/$(COMPONENT) Sources";
2026-10-09T18:08:23.7997081Z Acquire::IndexTargets::deb-src::Sources::flatDescription "$(RELEASE) Sources";
2026-10-09T18:08:23.7997367Z Acquire::IndexTargets::deb-src::Sources::Optional "0";
2026-10-09T18:08:23.7997559Z Acquire::Changelogs "";
2026-10-09T18:08:23.7997708Z Acquire::Changelogs::URI "";
2026-10-09T18:08:23.7997879Z Acquire::Changelogs::URI::Origin "";
2026-10-09T18:08:23.7998249Z Acquire::Changelogs::URI::Origin::Debian "https://metadata.ftp-master.debian.org/changelogs/@CHANGEPATH@_changelog";
2026-10-09T18:08:23.7998739Z Acquire::Changelogs::URI::Origin::Ubuntu "https://changelogs.ubuntu.com/changelogs/pool/@CHANGEPATH@/changelog";
2026-10-09T18:08:23.7999061Z Acquire::Changelogs::AlwaysOnline "true";
2026-10-09T18:08:23.7999328Z Acquire::Changelogs::AlwaysOnline::Origin "";
2026-10-09T18:08:23.7999558Z Acquire::Changelogs::AlwaysOnline::Origin::Ubuntu "1";
2026-10-09T18:08:23.7999742Z Acquire::Snapshots "";
2026-10-09T18:08:23.7999886Z Acquire::Snapshots::URI "";
2026-10-09T18:08:23.8000054Z Acquire::Snapshots::URI::Origin "";
2026-10-09T18:08:23.8000364Z Acquire::Snapshots::URI::Origin::Debian "https://snapshot.debian.org/archive/debian/@SNAPSHOTID@/";
2026-10-09T18:08:23.8000776Z Acquire::Snapshots::URI::Origin::Ubuntu "https://snapshot.ubuntu.com/ubuntu/@SNAPSHOTID@/";
2026-10-09T18:08:23.8001056Z Acquire::Snapshots::URI::Override "";
2026-10-09T18:08:23.8001252Z Acquire::Snapshots::URI::Override::Label "";
2026-10-09T18:08:23.8001645Z Acquire::Snapshots::URI::Override::Label::Debian-Security "https://snapshot.debian.org/archive/debian-security/@SNAPSHOTID@/";
2026-10-09T18:08:23.8001987Z Acquire::Snapshots::URI::Host "";
2026-10-09T18:08:23.8002302Z Acquire::Snapshots::URI::Host::archive.ubuntu.com "https://snapshot.ubuntu.com/@PATH@/@SNAPSHOTID@/";
2026-10-09T18:08:23.8002742Z Acquire::Snapshots::URI::Host::deb.debian.org "https://snapshot.debian.org/archive/@PATH@/@SNAPSHOTID@/";
2026-10-09T18:08:23.8003170Z Acquire::Snapshots::URI::Host::.archive.ubuntu.com "https://snapshot.ubuntu.com/@PATH@/@SNAPSHOTID@/";
2026-10-09T18:08:23.8003595Z Acquire::Snapshots::URI::Host::security.ubuntu.com "https://snapshot.ubuntu.com/@PATH@/@SNAPSHOTID@/";
2026-10-09T18:08:23.8004093Z Acquire::Snapshots::URI::Host::ppa.launchpadcontent.net "https://snapshot.ppa.launchpadcontent.net/@PATH@/@SNAPSHOTID@/";
2026-10-09T18:08:23.8004690Z Acquire::Snapshots::URI::Host::ppa.launchpad.net "https://snapshot.ppa.launchpadcontent.net/@PATH@/@SNAPSHOTID@/";
2026-10-09T18:08:23.8004988Z Acquire::http "";
2026-10-09T18:08:23.8005171Z Acquire::http::User-Agent-Non-Interactive "true";
2026-10-09T18:08:23.8005361Z Acquire::http::Timeout "15";
2026-10-09T18:08:23.8005534Z Acquire::http::Pipeline-Depth "0";
2026-10-09T18:08:23.8005716Z Acquire::http::No-Cache "true";
2026-10-09T18:08:23.8005869Z Acquire::Retries "1";
2026-10-09T18:08:23.8006005Z Acquire::https "";
2026-10-09T18:08:23.8006147Z Acquire::https::Timeout "15";
2026-10-09T18:08:23.8006320Z Acquire::https::Pipeline-Depth "0";
2026-10-09T18:08:23.8006498Z Acquire::https::No-Cache "true";
2026-10-09T18:08:23.8006655Z Acquire::BrokenProxy "true";
2026-10-09T18:08:23.8006805Z Acquire::Languages "";
2026-10-09T18:08:23.8006948Z Acquire::Languages:: "en";
2026-10-09T18:08:23.8007203Z Acquire::Languages:: "none";
2026-10-09T18:08:23.8007361Z Acquire::CompressionTypes "";
2026-10-09T18:08:23.8007534Z Acquire::CompressionTypes::xz "xz";
2026-10-09T18:08:23.8007718Z Acquire::CompressionTypes::bz2 "bzip2";
2026-10-09T18:08:23.8007908Z Acquire::CompressionTypes::lzma "lzma";
2026-10-09T18:08:23.8008095Z Acquire::CompressionTypes::gz "gzip";
2026-10-09T18:08:23.8008277Z Acquire::CompressionTypes::lz4 "lz4";
2026-10-09T18:08:23.8008461Z Acquire::CompressionTypes::zst "zstd";
2026-10-09T18:08:23.8008614Z DPkg "";
2026-10-09T18:08:23.8008766Z DPkg::Path "/usr/sbin:/usr/bin:/sbin:/bin";
2026-10-09T18:08:23.8009014Z DPkg::Options "";
2026-10-09T18:08:23.8009171Z DPkg::Options:: "--force-confdef";
2026-10-09T18:08:23.8009346Z DPkg::Options:: "--force-confold";
2026-10-09T18:08:23.8009524Z DPkg::Options:: "--force-unsafe-io";
2026-10-09T18:08:23.8009703Z DPkg::Options:: "--force-confdef";
2026-10-09T18:08:23.8009871Z DPkg::Options:: "--force-confold";
2026-10-09T18:08:23.8010027Z DPkg::Post-Invoke "";
2026-10-09T18:08:23.8011008Z DPkg::Post-Invoke:: "/usr/bin/test -e /usr/share/dbus-1/system-services/org.freedesktop.PackageKit.service && /usr/bin/test -S /var/run/dbus/system_bus_socket && /usr/bin/gdbus call --system --dest org.freedesktop.PackageKit --object-path /org/freedesktop/PackageKit --timeout 4 --method org.freedesktop.PackageKit.StateHasChanged cache-update > /dev/null; /bin/echo > /dev/null";
2026-10-09T18:08:23.8011994Z DPkg::Post-Invoke:: "test -x /usr/lib/needrestart/apt-pinvoke && /usr/lib/needrestart/apt-pinvoke -m u || true";
2026-10-09T18:08:23.8012649Z DPkg::Post-Invoke:: "if [ -d /var/lib/update-notifier ]; then touch /var/lib/update-notifier/dpkg-run-stamp; fi; /usr/lib/update-notifier/update-motd-updates-available 2>/dev/null || true";
2026-10-09T18:08:23.8013088Z DPkg::Pre-Install-Pkgs "";
2026-10-09T18:08:23.8013325Z DPkg::Pre-Install-Pkgs:: "/usr/sbin/dpkg-preconfigure --apt || true";
2026-10-09T18:08:23.8013545Z binary "apt-config";
2026-10-09T18:08:23.8013680Z binary::apt "";
2026-10-09T18:08:23.8013812Z binary::apt::AptCli "";
2026-10-09T18:08:23.8013969Z binary::apt::AptCli::Hooks "";
2026-10-09T18:08:23.8014148Z binary::apt::AptCli::Hooks::Upgrade "";
2026-10-09T18:08:23.8014790Z binary::apt::AptCli::Hooks::Upgrade:: "[ ! -f /usr/lib/ubuntu-advantage/apt-esm-json-hook ] || [ $(id -u) -ne 0 ] || /usr/lib/ubuntu-advantage/apt-esm-json-hook 2>> /var/log/ubuntu-advantage-apt-hook.log || true";
2026-10-09T18:08:23.8015265Z binary::apt::AptCli::Hooks::Install "";
2026-10-09T18:08:23.8015620Z binary::apt::AptCli::Hooks::Install:: "[ ! -f /usr/bin/snap ] || /usr/bin/snap advise-snap --from-apt 2>/dev/null || true";
2026-10-09T18:08:23.8015905Z binary::apt::APT "";
2026-10-09T18:08:23.8016045Z binary::apt::APT::Color "1";
2026-10-09T18:08:23.8016200Z binary::apt::APT::Cache "";
2026-10-09T18:08:23.8016366Z binary::apt::APT::Cache::Show "";
2026-10-09T18:08:23.8016554Z binary::apt::APT::Cache::Show::Version "2";
2026-10-09T18:08:23.8016749Z binary::apt::APT::Cache::AllVersions "0";
2026-10-09T18:08:23.8016948Z binary::apt::APT::Cache::ShowVirtuals "1";
2026-10-09T18:08:23.8017135Z binary::apt::APT::Cache::Search "";
2026-10-09T18:08:23.8017327Z binary::apt::APT::Cache::Search::Version "2";
2026-10-09T18:08:23.8017543Z binary::apt::APT::Cache::ShowDependencyType "1";
2026-10-09T18:08:23.8017750Z binary::apt::APT::Cache::ShowVersion "1";
2026-10-09T18:08:23.8017917Z binary::apt::APT::Get "";
2026-10-09T18:08:23.8018099Z binary::apt::APT::Get::Upgrade-Allow-New "1";
2026-10-09T18:08:23.8018288Z binary::apt::APT::Get::Update "";
2026-10-09T18:08:23.8018523Z binary::apt::APT::Get::Update::InteractiveReleaseInfoChanges "1";
2026-10-09T18:08:23.8018740Z binary::apt::APT::Cmd "";
2026-10-09T18:08:23.8018916Z binary::apt::APT::Cmd::Show-Update-Stats "1";
2026-10-09T18:08:23.8019113Z binary::apt::APT::Cmd::Pattern-Only "1";
2026-10-09T18:08:23.8019321Z binary::apt::APT::Keep-Downloaded-Packages "0";
2026-10-09T18:08:23.8019502Z binary::apt::DPkg "";
2026-10-09T18:08:23.8019767Z binary::apt::DPkg::Progress-Fancy "1";
2026-10-09T18:08:23.8019934Z binary::apt::DPkg::Lock "";
2026-10-09T18:08:23.8020106Z binary::apt::DPkg::Lock::Timeout "120";
2026-10-09T18:08:23.8020258Z CommandLine "";
2026-10-09T18:08:23.8020413Z CommandLine::AsString "apt-config dump";
2026-10-09T18:08:23.8025980Z ##[end-action id=__self.__run;outcome=success;conclusion=success;duration_ms=63]
2026-10-09T18:08:23.8048378Z ##[group]Run sudo apt-get update && sudo apt-get install -y build-essential zstd m4
2026-10-09T18:08:23.8048718Z [36;1msudo apt-get update && sudo apt-get install -y build-essential zstd m4[0m
2026-10-09T18:08:23.8105751Z shell: /usr/bin/bash -e {0}
2026-10-09T18:08:23.8105970Z env:
2026-10-09T18:08:23.8106100Z   NODE_VERSION: 22
2026-10-09T18:08:23.8106284Z   LEAN_BRIDGE_CONSUMER_PERFORMANCE_DIR: build/consumer-ci/performance
2026-10-09T18:08:23.8106499Z   TMPDIR: /home/runner/work/_temp
2026-10-09T18:08:23.8106770Z   NIX_PROFILES: /nix/var/nix/profiles/default /home/runner/.nix-profile
2026-10-09T18:08:23.8107040Z   NIX_SSL_CERT_FILE: /etc/ssl/certs/ca-certificates.crt
2026-10-09T18:08:23.8107216Z ##[endgroup]
2026-10-09T18:08:23.8896586Z Get:1 file:/etc/apt/apt-mirrors.txt Mirrorlist [144 B]
2026-10-09T18:08:23.9294242Z Get:6 https://packages.microsoft.com/ubuntu/24.04/prod noble InRelease [3600 B]
2026-10-09T18:08:23.9863916Z Hit:2 http://azure.archive.ubuntu.com/ubuntu noble InRelease
2026-10-09T18:08:23.9905235Z Get:7 https://packages.microsoft.com/ubuntu/24.04/prod noble/main all Packages [640 B]
2026-10-09T18:08:24.0005320Z Get:3 http://azure.archive.ubuntu.com/ubuntu noble-updates InRelease [126 kB]
2026-10-09T18:08:24.0013452Z Get:4 http://azure.archive.ubuntu.com/ubuntu noble-backports InRelease [126 kB]
2026-10-09T18:08:24.0023005Z Get:5 http://azure.archive.ubuntu.com/ubuntu noble-security InRelease [126 kB]
2026-10-09T18:08:24.0131824Z Get:8 https://packages.microsoft.com/ubuntu/24.04/prod noble/main amd64 Packages [531 kB]
2026-10-09T18:08:24.0233758Z Get:9 https://packages.microsoft.com/ubuntu/24.04/prod noble/main arm64 Packages [475 kB]
2026-10-09T18:08:24.0365379Z Get:10 https://packages.microsoft.com/ubuntu/24.04/prod noble/main armhf Packages [12.3 kB]
2026-10-09T18:08:24.0986259Z Get:11 http://azure.archive.ubuntu.com/ubuntu noble-updates/main amd64 Packages [1375 kB]
2026-10-09T18:08:24.1036781Z Get:12 http://azure.archive.ubuntu.com/ubuntu noble-updates/main Translation-en [306 kB]
2026-10-09T18:08:24.1056447Z Get:13 http://azure.archive.ubuntu.com/ubuntu noble-updates/universe amd64 Packages [1702 kB]
2026-10-09T18:08:24.1123308Z Get:14 http://azure.archive.ubuntu.com/ubuntu noble-updates/universe Translation-en [342 kB]
2026-10-09T18:08:24.1143149Z Get:15 http://azure.archive.ubuntu.com/ubuntu noble-updates/restricted amd64 Packages [1761 kB]
2026-10-09T18:08:24.1207646Z Get:16 http://azure.archive.ubuntu.com/ubuntu noble-updates/restricted Translation-en [401 kB]
2026-10-09T18:08:24.1229682Z Get:17 http://azure.archive.ubuntu.com/ubuntu noble-updates/multiverse amd64 Packages [55.0 kB]
2026-10-09T18:08:24.1239550Z Get:18 http://azure.archive.ubuntu.com/ubuntu noble-updates/multiverse Translation-en [14.3 kB]
2026-10-09T18:08:24.1836822Z Get:19 http://azure.archive.ubuntu.com/ubuntu noble-security/main amd64 Packages [1121 kB]
2026-10-09T18:08:24.1883649Z Get:20 http://azure.archive.ubuntu.com/ubuntu noble-security/main Translation-en [228 kB]
2026-10-09T18:08:24.2314820Z Get:21 http://azure.archive.ubuntu.com/ubuntu noble-security/universe amd64 Packages [1220 kB]
2026-10-09T18:08:24.2360991Z Get:22 http://azure.archive.ubuntu.com/ubuntu noble-security/universe Translation-en [245 kB]
2026-10-09T18:08:24.2379263Z Get:23 http://azure.archive.ubuntu.com/ubuntu noble-security/restricted amd64 Packages [1669 kB]
2026-10-09T18:08:24.2443703Z Get:24 http://azure.archive.ubuntu.com/ubuntu noble-security/restricted Translation-en [383 kB]
2026-10-09T18:08:24.2463082Z Get:25 http://azure.archive.ubuntu.com/ubuntu noble-security/multiverse amd64 Packages [49.8 kB]
2026-10-09T18:08:24.2471604Z Get:26 http://azure.archive.ubuntu.com/ubuntu noble-security/multiverse Translation-en [12.4 kB]
2026-10-09T18:08:30.6048899Z Fetched 12.3 MB in 1s (11.7 MB/s)
2026-10-09T18:08:31.3039829Z Reading package lists...
2026-10-09T18:08:31.3361929Z Reading package lists...
2026-10-09T18:08:31.5286697Z Building dependency tree...
2026-10-09T18:08:31.5291568Z Reading state information...
2026-10-09T18:08:31.6821971Z zstd is already the newest version (1.5.5+dfsg2-2build1.1).
2026-10-09T18:08:31.6822274Z zstd set to manually installed.
2026-10-09T18:08:31.6822476Z m4 is already the newest version (1.4.19-4build1).
2026-10-09T18:08:31.6822710Z The following NEW packages will be installed:
2026-10-09T18:08:31.6825384Z   build-essential
2026-10-09T18:08:31.6969098Z 0 upgraded, 1 newly installed, 0 to remove and 23 not upgraded.
2026-10-09T18:08:31.6969385Z Need to get 4928 B of archives.
2026-10-09T18:08:31.6969625Z After this operation, 17.4 kB of additional disk space will be used.
2026-10-09T18:08:31.6969932Z Get:1 file:/etc/apt/apt-mirrors.txt Mirrorlist [144 B]
2026-10-09T18:08:31.7623541Z Get:2 http://azure.archive.ubuntu.com/ubuntu noble/main amd64 build-essential amd64 12.10ubuntu1 [4928 B]
2026-10-09T18:08:32.0216770Z Fetched 4928 B in 0s (66.4 kB/s)
2026-10-09T18:08:32.0420543Z Selecting previously unselected package build-essential.
2026-10-09T18:08:32.0726849Z (Reading database ... 
2026-10-09T18:08:32.0727126Z (Reading database ... 5%
2026-10-09T18:08:32.0727283Z (Reading database ... 10%
2026-10-09T18:08:32.0727425Z (Reading database ... 15%
2026-10-09T18:08:32.0727563Z (Reading database ... 20%
2026-10-09T18:08:32.0727719Z (Reading database ... 25%
2026-10-09T18:08:32.0727852Z (Reading database ... 30%
2026-10-09T18:08:32.0727986Z (Reading database ... 35%
2026-10-09T18:08:32.0728119Z (Reading database ... 40%
2026-10-09T18:08:32.0728451Z (Reading database ... 45%
2026-10-09T18:08:32.0729730Z (Reading database ... 50%
2026-10-09T18:08:32.0776653Z (Reading database ... 55%
2026-10-09T18:08:32.1772887Z (Reading database ... 60%
2026-10-09T18:08:32.3818257Z (Reading database ... 65%
2026-10-09T18:08:32.5859737Z (Reading database ... 70%
2026-10-09T18:08:32.7306796Z (Reading database ... 75%
2026-10-09T18:08:32.8834247Z (Reading database ... 80%
2026-10-09T18:08:33.0022342Z (Reading database ... 85%
2026-10-09T18:08:33.0986163Z (Reading database ... 90%
2026-10-09T18:08:33.2384140Z (Reading database ... 95%
2026-10-09T18:08:33.2384572Z (Reading database ... 100%
2026-10-09T18:08:33.2384962Z (Reading database ... 203191 files and directories currently installed.)
2026-10-09T18:08:33.2422559Z Preparing to unpack .../build-essential_12.10ubuntu1_amd64.deb ...
2026-10-09T18:08:33.2443610Z Unpacking build-essential (12.10ubuntu1) ...
2026-10-09T18:08:33.2786785Z Setting up build-essential (12.10ubuntu1) ...
2026-10-09T18:08:33.7835644Z 
2026-10-09T18:08:33.7837129Z Running kernel seems to be up-to-date.
2026-10-09T18:08:33.7838031Z 
2026-10-09T18:08:33.7838716Z No services need to be restarted.
2026-10-09T18:08:33.7838996Z 
2026-10-09T18:08:33.7839126Z No containers need to be restarted.
2026-10-09T18:08:33.7839291Z 
2026-10-09T18:08:33.7839460Z No user sessions are running outdated binaries.
2026-10-09T18:08:33.7839647Z 
2026-10-09T18:08:33.7839892Z No VM guests are running outdated hypervisor (qemu) binaries on this host.
2026-10-09T18:08:34.7934074Z ##[group]Run bash scripts/bootstrap-toolchains.sh --lean-only
2026-10-09T18:08:34.7934364Z [36;1mbash scripts/bootstrap-toolchains.sh --lean-only[0m
2026-10-09T18:08:34.7991552Z shell: /usr/bin/bash -e {0}
2026-10-09T18:08:34.7991707Z env:
2026-10-09T18:08:34.7991830Z   NODE_VERSION: 22
2026-10-09T18:08:34.7992013Z   LEAN_BRIDGE_CONSUMER_PERFORMANCE_DIR: build/consumer-ci/performance
2026-10-09T18:08:34.7992232Z   TMPDIR: /home/runner/work/_temp
2026-10-09T18:08:34.7992441Z   NIX_PROFILES: /nix/var/nix/profiles/default /home/runner/.nix-profile
2026-10-09T18:08:34.7992682Z   NIX_SSL_CERT_FILE: /etc/ssl/certs/ca-certificates.crt
2026-10-09T18:08:34.7993092Z ##[endgroup]
2026-10-09T18:08:35.2005083Z /home/runner/work/lean-bridge/lean-bridge/.toolchains/downloads/elan-x86_64-unknown-linux-gnu.tar.gz: OK
2026-10-09T18:08:35.5402487Z info: Version 4.2.4 of elan is available! Use `elan self update` to update.
2026-10-09T18:08:35.9005113Z info: downloading https://releases.lean-lang.org/lean4/v4.32.2/lean-4.32.2-linux.tar.zst
2026-10-09T18:08:40.9322825Z info: installing /home/runner/work/lean-bridge/lean-bridge/.toolchains/elan/toolchains/leanprover--lean4---v4.32.2
2026-10-09T18:08:46.7409026Z 
2026-10-09T18:08:46.7726588Z leanprover/lean4:v4.32.2 installed - Lean (version 4.32.2, x86_64-unknown-linux-gnu, commit f3b06c705e6c85f5314019d5d3baab0fec5b580c, Release)
2026-10-09T18:08:46.7727128Z 
2026-10-09T18:08:47.2252031Z info: default toolchain set to 'leanprover/lean4:v4.32.2'
2026-10-09T18:08:47.3553946Z ##[group]Run sudo apt-get install -y ripgrep
2026-10-09T18:08:47.3554181Z [36;1msudo apt-get install -y ripgrep[0m
2026-10-09T18:08:47.3612143Z shell: /usr/bin/bash -e {0}
2026-10-09T18:08:47.3612305Z env:
2026-10-09T18:08:47.3612414Z   NODE_VERSION: 22
2026-10-09T18:08:47.3612591Z   LEAN_BRIDGE_CONSUMER_PERFORMANCE_DIR: build/consumer-ci/performance
2026-10-09T18:08:47.3612808Z   TMPDIR: /home/runner/work/_temp
2026-10-09T18:08:47.3613010Z   NIX_PROFILES: /nix/var/nix/profiles/default /home/runner/.nix-profile
2026-10-09T18:08:47.3613240Z   NIX_SSL_CERT_FILE: /etc/ssl/certs/ca-certificates.crt
2026-10-09T18:08:47.3613414Z ##[endgroup]
2026-10-09T18:08:47.3940884Z Reading package lists...
2026-10-09T18:08:47.6242464Z Building dependency tree...
2026-10-09T18:08:47.6249108Z Reading state information...
2026-10-09T18:08:47.9036277Z The following NEW packages will be installed:
2026-10-09T18:08:47.9037384Z   ripgrep
2026-10-09T18:08:47.9212207Z 0 upgraded, 1 newly installed, 0 to remove and 23 not upgraded.
2026-10-09T18:08:47.9212536Z Need to get 1551 kB of archives.
2026-10-09T18:08:47.9212786Z After this operation, 5335 kB of additional disk space will be used.
2026-10-09T18:08:47.9213092Z Get:1 file:/etc/apt/apt-mirrors.txt Mirrorlist [144 B]
2026-10-09T18:08:47.9697860Z Get:2 http://azure.archive.ubuntu.com/ubuntu noble/universe amd64 ripgrep amd64 14.1.0-1 [1551 kB]
2026-10-09T18:08:48.2793136Z Fetched 1551 kB in 0s (13.7 MB/s)
2026-10-09T18:08:48.5396311Z Selecting previously unselected package ripgrep.
2026-10-09T18:08:48.5445306Z (Reading database ... 
2026-10-09T18:08:48.5445606Z (Reading database ... 5%
2026-10-09T18:08:48.5445841Z (Reading database ... 10%
2026-10-09T18:08:48.5446079Z (Reading database ... 15%
2026-10-09T18:08:48.5446317Z (Reading database ... 20%
2026-10-09T18:08:48.5446461Z (Reading database ... 25%
2026-10-09T18:08:48.5446602Z (Reading database ... 30%
2026-10-09T18:08:48.5446745Z (Reading database ... 35%
2026-10-09T18:08:48.5446921Z (Reading database ... 40%
2026-10-09T18:08:48.5447060Z (Reading database ... 45%
2026-10-09T18:08:48.5447204Z (Reading database ... 50%
2026-10-09T18:08:48.5456153Z (Reading database ... 55%
2026-10-09T18:08:48.5555269Z (Reading database ... 60%
2026-10-09T18:08:48.5581534Z (Reading database ... 65%
2026-10-09T18:08:48.5600032Z (Reading database ... 70%
2026-10-09T18:08:48.5636927Z (Reading database ... 75%
2026-10-09T18:08:48.5663874Z (Reading database ... 80%
2026-10-09T18:08:48.5813891Z (Reading database ... 85%
2026-10-09T18:08:48.5903261Z (Reading database ... 90%
2026-10-09T18:08:48.6172785Z (Reading database ... 95%
2026-10-09T18:08:48.6173082Z (Reading database ... 100%
2026-10-09T18:08:48.6173475Z (Reading database ... 203200 files and directories currently installed.)
2026-10-09T18:08:48.6212638Z Preparing to unpack .../ripgrep_14.1.0-1_amd64.deb ...
2026-10-09T18:08:48.7214102Z Unpacking ripgrep (14.1.0-1) ...
2026-10-09T18:08:49.4233578Z Setting up ripgrep (14.1.0-1) ...
2026-10-09T18:08:49.5374138Z Processing triggers for man-db (2.12.0-4build2) ...
2026-10-09T18:08:49.5988925Z Not building database; man-db/auto-update is not 'true'.
2026-10-09T18:08:50.1490445Z 
2026-10-09T18:08:50.1491086Z Running kernel seems to be up-to-date.
2026-10-09T18:08:50.1491923Z 
2026-10-09T18:08:50.1492028Z No services need to be restarted.
2026-10-09T18:08:50.1492145Z 
2026-10-09T18:08:50.1492233Z No containers need to be restarted.
2026-10-09T18:08:50.1492342Z 
2026-10-09T18:08:50.1492458Z No user sessions are running outdated binaries.
2026-10-09T18:08:50.1492593Z 
2026-10-09T18:08:50.1492757Z No VM guests are running outdated hypervisor (qemu) binaries on this host.
2026-10-09T18:08:51.2029630Z ##[group]Run actions/setup-dotnet@v6
2026-10-09T18:08:51.2029801Z with:
2026-10-09T18:08:51.2029921Z   dotnet-version: 8.0.424
2026-10-09T18:08:51.2030055Z   cache: false
2026-10-09T18:08:51.2030168Z env:
2026-10-09T18:08:51.2030275Z   NODE_VERSION: 22
2026-10-09T18:08:51.2030455Z   LEAN_BRIDGE_CONSUMER_PERFORMANCE_DIR: build/consumer-ci/performance
2026-10-09T18:08:51.2030674Z   TMPDIR: /home/runner/work/_temp
2026-10-09T18:08:51.2030877Z   NIX_PROFILES: /nix/var/nix/profiles/default /home/runner/.nix-profile
2026-10-09T18:08:51.2031132Z   NIX_SSL_CERT_FILE: /etc/ssl/certs/ca-certificates.crt
2026-10-09T18:08:51.2031309Z ##[endgroup]
2026-10-09T18:08:51.4442968Z [command]/home/runner/work/_actions/actions/setup-dotnet/v6/externals/install-dotnet.sh --skip-non-versioned-files --runtime dotnet --channel LTS
2026-10-09T18:08:51.8808066Z dotnet-install: .NET Core Runtime with version '10.0.12' is already installed.
2026-10-09T18:08:51.8831729Z [command]/home/runner/work/_actions/actions/setup-dotnet/v6/externals/install-dotnet.sh --skip-non-versioned-files --version 8.0.424
2026-10-09T18:08:52.7253961Z dotnet-install: Attempting to download using primary link https://builds.dotnet.microsoft.com/dotnet/Sdk/8.0.424/dotnet-sdk-8.0.424-linux-x64.tar.gz
2026-10-09T18:08:56.2810835Z dotnet-install: Remote file https://builds.dotnet.microsoft.com/dotnet/Sdk/8.0.424/dotnet-sdk-8.0.424-linux-x64.tar.gz size is 216718168 bytes.
2026-10-09T18:08:56.2812973Z dotnet-install: Extracting archive from https://builds.dotnet.microsoft.com/dotnet/Sdk/8.0.424/dotnet-sdk-8.0.424-linux-x64.tar.gz
2026-10-09T18:08:59.8767103Z dotnet-install: Downloaded file size is 216718168 bytes.
2026-10-09T18:08:59.8767614Z dotnet-install: The remote and local file sizes are equal.
2026-10-09T18:09:00.1032317Z dotnet-install: Installed version is 8.0.424
2026-10-09T18:09:00.1090570Z dotnet-install: Adding to current process PATH: `/usr/share/dotnet`. Note: This change will be visible only when sourcing script.
2026-10-09T18:09:00.1091850Z dotnet-install: Note that the script does not resolve dependencies during installation.
2026-10-09T18:09:00.1093261Z dotnet-install: To check the list of dependencies, go to https://learn.microsoft.com/dotnet/core/install, select your operating system and check the "Dependencies" section.
2026-10-09T18:09:00.1094229Z dotnet-install: Installation finished successfully.
2026-10-09T18:09:00.1861434Z ##[group]Run ruby/setup-ruby@v1
2026-10-09T18:09:00.1861616Z with:
2026-10-09T18:09:00.1861749Z   ruby-version: 3.3.12
2026-10-09T18:09:00.1861891Z   bundler-cache: false
2026-10-09T18:09:00.1863702Z   token: ***
2026-10-09T18:09:00.1863826Z env:
2026-10-09T18:09:00.1863939Z   NODE_VERSION: 22
2026-10-09T18:09:00.1864142Z   LEAN_BRIDGE_CONSUMER_PERFORMANCE_DIR: build/consumer-ci/performance
2026-10-09T18:09:00.1864387Z   TMPDIR: /home/runner/work/_temp
2026-10-09T18:09:00.1864782Z   NIX_PROFILES: /nix/var/nix/profiles/default /home/runner/.nix-profile
2026-10-09T18:09:00.1865045Z   NIX_SSL_CERT_FILE: /etc/ssl/certs/ca-certificates.crt
2026-10-09T18:09:00.1865237Z   DOTNET_ROOT: /usr/share/dotnet
2026-10-09T18:09:00.1865381Z ##[endgroup]
2026-10-09T18:09:00.4600404Z ##[group]Modifying PATH
2026-10-09T18:09:00.4600965Z Entries added to PATH to use selected Ruby:
2026-10-09T18:09:00.4601336Z   /opt/hostedtoolcache/Ruby/3.3.12/x64/bin
2026-10-09T18:09:00.4605993Z ##[endgroup]
2026-10-09T18:09:00.4606401Z ##[group]Print Ruby version
2026-10-09T18:09:00.4673287Z [command]/opt/hostedtoolcache/Ruby/3.3.12/x64/bin/ruby --version
2026-10-09T18:09:00.7918156Z ruby 3.3.12 (2026-07-16 revision 0581089df9) [x86_64-linux]
2026-10-09T18:09:00.7952623Z Took   0.33 seconds
2026-10-09T18:09:00.7953153Z ##[endgroup]
2026-10-09T18:09:00.7955589Z ##[group]Installing Bundler
2026-10-09T18:09:00.7956816Z Using Bundler shipped with ruby-3.3.12
2026-10-09T18:09:00.7957404Z Took   0.00 seconds
2026-10-09T18:09:00.7957899Z ##[endgroup]
2026-10-09T18:09:00.8058344Z ##[group]Run source scripts/env.sh
2026-10-09T18:09:00.8058570Z [36;1msource scripts/env.sh[0m
2026-10-09T18:09:00.8058755Z [36;1mnode --test tests/native-dotnet.test.mjs[0m
2026-10-09T18:09:00.8120263Z shell: /usr/bin/bash -e {0}
2026-10-09T18:09:00.8120445Z env:
2026-10-09T18:09:00.8120569Z   NODE_VERSION: 22
2026-10-09T18:09:00.8120768Z   LEAN_BRIDGE_CONSUMER_PERFORMANCE_DIR: build/consumer-ci/performance
2026-10-09T18:09:00.8121007Z   TMPDIR: /home/runner/work/_temp
2026-10-09T18:09:00.8121220Z   NIX_PROFILES: /nix/var/nix/profiles/default /home/runner/.nix-profile
2026-10-09T18:09:00.8121468Z   NIX_SSL_CERT_FILE: /etc/ssl/certs/ca-certificates.crt
2026-10-09T18:09:00.8121688Z   DOTNET_ROOT: /usr/share/dotnet
2026-10-09T18:09:00.8121841Z   LEAN_BRIDGE_NATIVE_DOTNET_TEST: 1
2026-10-09T18:09:00.8121994Z ##[endgroup]
2026-10-09T18:09:00.8565348Z TAP version 13
2026-10-09T18:09:01.1930356Z # Subtest: ordinary .NET generation is deterministic, source-named and hides FFI
2026-10-09T18:09:01.1936728Z ok 1 - ordinary .NET generation is deterministic, source-named and hides FFI
2026-10-09T18:09:01.1937156Z   ---
2026-10-09T18:09:01.1937391Z   duration_ms: 18.028616
2026-10-09T18:09:01.1937629Z   type: 'test'
2026-10-09T18:09:01.1937821Z   ...
2026-10-09T18:09:01.1938884Z # Subtest: ordinary .NET admission rejects collisions and unsafe package coordinates
2026-10-09T18:09:01.1940392Z ok 2 - ordinary .NET admission rejects collisions and unsafe package coordinates
2026-10-09T18:09:01.1940751Z   ---
2026-10-09T18:09:01.1940953Z   duration_ms: 12.772263
2026-10-09T18:09:01.1941168Z   type: 'test'
2026-10-09T18:09:01.1941370Z   ...
2026-10-09T18:13:50.8188116Z # Subtest: ordinary NuGet archives reproduce after relocation and run through clean installed APIs
2026-10-09T18:13:50.8188966Z ok 3 - ordinary NuGet archives reproduce after relocation and run through clean installed APIs
2026-10-09T18:13:50.8189348Z   ---
2026-10-09T18:13:50.8189554Z   duration_ms: 289626.852972
2026-10-09T18:13:50.8189809Z   type: 'test'
2026-10-09T18:13:50.8189981Z   ...
2026-10-09T18:13:50.8191516Z # {\\n  "archives": [\\n    {\\n      "path": "Acme.Aurora.2.0.0-rc.1.nupkg",\\n      "sha256": "4586dee9597ba502be3209a9ad63c04531f3533d66c03643b0bf5a8892ad4f42"\\n    },\\n    {\\n      "path": "aurora-c-1.0.0-c.tar.gz",\\n      "sha256": "8f2669108270a9e486ce6b89eb6c70cad0c88eafff9d050b7d7b3231bc3856bc"\\n    }\\n  ],\\n  "project": "Aurora"\\n}
2026-10-09T18:13:50.8193190Z # {\\n  "archives": [\\n    {\\n      "path": "Acme.Boreal.2.0.0-rc.1.nupkg",\\n      "sha256": "cfd353679c5dd455c4787034f720d737b74e4881d702136b35c308e30f177564"\\n    }\\n  ],\\n  "project": "Boreal"\\n}
2026-10-09T18:15:08.7063885Z # Subtest: ordinary NuGet compiler failure releases no partial package
2026-10-09T18:15:08.7066503Z ok 4 - ordinary NuGet compiler failure releases no partial package
2026-10-09T18:15:08.7069762Z   ---
2026-10-09T18:15:08.7070152Z   duration_ms: 77888.288091
2026-10-09T18:15:08.7070485Z   type: 'test'
2026-10-09T18:15:08.7070693Z   ...
2026-10-09T18:15:08.7206189Z 1..4
2026-10-09T18:15:08.7206393Z # tests 4
2026-10-09T18:15:08.7206522Z # suites 0
2026-10-09T18:15:08.7206707Z # pass 4
2026-10-09T18:15:08.7206942Z # fail 0
2026-10-09T18:15:08.7207212Z # cancelled 0
2026-10-09T18:15:08.7207450Z # skipped 0
2026-10-09T18:15:08.7207710Z # todo 0
2026-10-09T18:15:08.7208012Z # duration_ms 367872.993684
2026-10-09T18:15:08.7269722Z ##[group]Run sudo apt-get install -y python3-venv pkg-config gdb
2026-10-09T18:15:08.7269993Z [36;1msudo apt-get install -y python3-venv pkg-config gdb[0m
2026-10-09T18:15:08.7270307Z [36;1m# Installed .NET Fin entry counters run the probe as GDB's own child; record the debugger and ptrace policy.[0m
2026-10-09T18:15:08.7270716Z [36;1mtest -x /usr/bin/gdb[0m
2026-10-09T18:15:08.7270854Z [36;1m/usr/bin/gdb --version[0m
2026-10-09T18:15:08.7271010Z [36;1mcat /proc/sys/kernel/yama/ptrace_scope[0m
2026-10-09T18:15:08.7329362Z shell: /usr/bin/bash -e {0}
2026-10-09T18:15:08.7329499Z env:
2026-10-09T18:15:08.7329605Z   NODE_VERSION: 22
2026-10-09T18:15:08.7329775Z   LEAN_BRIDGE_CONSUMER_PERFORMANCE_DIR: build/consumer-ci/performance
2026-10-09T18:15:08.7329975Z   TMPDIR: /home/runner/work/_temp
2026-10-09T18:15:08.7330163Z   NIX_PROFILES: /nix/var/nix/profiles/default /home/runner/.nix-profile
2026-10-09T18:15:08.7330408Z   NIX_SSL_CERT_FILE: /etc/ssl/certs/ca-certificates.crt
2026-10-09T18:15:08.7330582Z   DOTNET_ROOT: /usr/share/dotnet
2026-10-09T18:15:08.7330715Z ##[endgroup]
2026-10-09T18:15:08.7555657Z Reading package lists...
2026-10-09T18:15:08.8787159Z Building dependency tree...
2026-10-09T18:15:08.8795369Z Reading state information...
2026-10-09T18:15:08.9862416Z python3-venv is already the newest version (3.12.3-0ubuntu2.1).
2026-10-09T18:15:08.9863147Z pkg-config is already the newest version (1.8.1-2build1).
2026-10-09T18:15:08.9863761Z The following additional packages will be installed:
2026-10-09T18:15:08.9864539Z   libbabeltrace1 libc6-dbg libdebuginfod-common libdebuginfod1t64 libipt2
2026-10-09T18:15:08.9865337Z   libsource-highlight-common libsource-highlight4t64
2026-10-09T18:15:08.9869154Z Suggested packages:
2026-10-09T18:15:08.9869659Z   gdb-doc gdbserver
2026-10-09T18:15:09.0018325Z The following NEW packages will be installed:
2026-10-09T18:15:09.0020026Z   gdb libbabeltrace1 libc6-dbg libdebuginfod-common libdebuginfod1t64 libipt2
2026-10-09T18:15:09.0021056Z   libsource-highlight-common libsource-highlight4t64
2026-10-09T18:15:09.0148501Z 0 upgraded, 8 newly installed, 0 to remove and 23 not upgraded.
2026-10-09T18:15:09.0148893Z Need to get 12.1 MB of archives.
2026-10-09T18:15:09.0149145Z After this operation, 23.8 MB of additional disk space will be used.
2026-10-09T18:15:09.0149451Z Get:1 file:/etc/apt/apt-mirrors.txt Mirrorlist [144 B]
2026-10-09T18:15:09.0819106Z Get:2 http://azure.archive.ubuntu.com/ubuntu noble-updates/main amd64 libdebuginfod-common all 0.190-1.1ubuntu0.1 [14.6 kB]
2026-10-09T18:15:09.1190142Z Get:3 http://azure.archive.ubuntu.com/ubuntu noble/main amd64 libbabeltrace1 amd64 1.5.11-3build3 [164 kB]
2026-10-09T18:15:09.1510351Z Get:4 http://azure.archive.ubuntu.com/ubuntu noble-updates/main amd64 libdebuginfod1t64 amd64 0.190-1.1ubuntu0.1 [17.1 kB]
2026-10-09T18:15:09.1823463Z Get:5 http://azure.archive.ubuntu.com/ubuntu noble/main amd64 libipt2 amd64 2.0.6-1build1 [45.7 kB]
2026-10-09T18:15:09.2134542Z Get:6 http://azure.archive.ubuntu.com/ubuntu noble/main amd64 libsource-highlight-common all 3.1.9-4.3build1 [64.2 kB]
2026-10-09T18:15:09.2450013Z Get:7 http://azure.archive.ubuntu.com/ubuntu noble/main amd64 libsource-highlight4t64 amd64 3.1.9-4.3build1 [258 kB]
2026-10-09T18:15:09.2771899Z Get:8 http://azure.archive.ubuntu.com/ubuntu noble-updates/main amd64 gdb amd64 15.1-1ubuntu1~24.04.1 [4083 kB]
2026-10-09T18:15:09.3546645Z Get:9 http://azure.archive.ubuntu.com/ubuntu noble-updates/main amd64 libc6-dbg amd64 2.39-0ubuntu8.9 [7474 kB]
2026-10-09T18:15:09.5934655Z Preconfiguring packages ...
2026-10-09T18:15:09.6405914Z Fetched 12.1 MB in 0s (27.5 MB/s)
2026-10-09T18:15:09.6567128Z Selecting previously unselected package libdebuginfod-common.
2026-10-09T18:15:09.6612295Z (Reading database ... 
2026-10-09T18:15:09.6612594Z (Reading database ... 5%
2026-10-09T18:15:09.6612894Z (Reading database ... 10%
2026-10-09T18:15:09.6613191Z (Reading database ... 15%
2026-10-09T18:15:09.6613461Z (Reading database ... 20%
2026-10-09T18:15:09.6613981Z (Reading database ... 25%
2026-10-09T18:15:09.6614510Z (Reading database ... 30%
2026-10-09T18:15:09.6615207Z (Reading database ... 35%
2026-10-09T18:15:09.6615598Z (Reading database ... 40%
2026-10-09T18:15:09.6615744Z (Reading database ... 45%
2026-10-09T18:15:09.6616016Z (Reading database ... 50%
2026-10-09T18:15:09.6661492Z (Reading database ... 55%
2026-10-09T18:15:09.7359681Z (Reading database ... 60%
2026-10-09T18:15:09.9762217Z (Reading database ... 65%
2026-10-09T18:15:10.1266407Z (Reading database ... 70%
2026-10-09T18:15:10.3255786Z (Reading database ... 75%
2026-10-09T18:15:10.4286755Z (Reading database ... 80%
2026-10-09T18:15:10.5562214Z (Reading database ... 85%
2026-10-09T18:15:10.6769878Z (Reading database ... 90%
2026-10-09T18:15:10.7823027Z (Reading database ... 95%
2026-10-09T18:15:10.7823304Z (Reading database ... 100%
2026-10-09T18:15:10.7823717Z (Reading database ... 203208 files and directories currently installed.)
2026-10-09T18:15:10.7858696Z Preparing to unpack .../0-libdebuginfod-common_0.190-1.1ubuntu0.1_all.deb ...
2026-10-09T18:15:10.7865513Z Unpacking libdebuginfod-common (0.190-1.1ubuntu0.1) ...
2026-10-09T18:15:10.8060434Z Selecting previously unselected package libbabeltrace1:amd64.
2026-10-09T18:15:10.8148994Z Preparing to unpack .../1-libbabeltrace1_1.5.11-3build3_amd64.deb ...
2026-10-09T18:15:10.8162289Z Unpacking libbabeltrace1:amd64 (1.5.11-3build3) ...
2026-10-09T18:15:10.8341793Z Selecting previously unselected package libdebuginfod1t64:amd64.
2026-10-09T18:15:10.8430043Z Preparing to unpack .../2-libdebuginfod1t64_0.190-1.1ubuntu0.1_amd64.deb ...
2026-10-09T18:15:10.8435515Z Unpacking libdebuginfod1t64:amd64 (0.190-1.1ubuntu0.1) ...
2026-10-09T18:15:10.8587410Z Selecting previously unselected package libipt2.
2026-10-09T18:15:10.8673851Z Preparing to unpack .../3-libipt2_2.0.6-1build1_amd64.deb ...
2026-10-09T18:15:10.8678657Z Unpacking libipt2 (2.0.6-1build1) ...
2026-10-09T18:15:10.8845477Z Selecting previously unselected package libsource-highlight-common.
2026-10-09T18:15:10.8932063Z Preparing to unpack .../4-libsource-highlight-common_3.1.9-4.3build1_all.deb ...
2026-10-09T18:15:10.8936795Z Unpacking libsource-highlight-common (3.1.9-4.3build1) ...
2026-10-09T18:15:10.9259861Z Selecting previously unselected package libsource-highlight4t64:amd64.
2026-10-09T18:15:10.9347983Z Preparing to unpack .../5-libsource-highlight4t64_3.1.9-4.3build1_amd64.deb ...
2026-10-09T18:15:10.9353642Z Unpacking libsource-highlight4t64:amd64 (3.1.9-4.3build1) ...
2026-10-09T18:15:10.9523070Z Selecting previously unselected package gdb.
2026-10-09T18:15:10.9609877Z Preparing to unpack .../6-gdb_15.1-1ubuntu1~24.04.1_amd64.deb ...
2026-10-09T18:15:10.9615882Z Unpacking gdb (15.1-1ubuntu1~24.04.1) ...
2026-10-09T18:15:11.0447325Z Selecting previously unselected package libc6-dbg:amd64.
2026-10-09T18:15:11.0541230Z Preparing to unpack .../7-libc6-dbg_2.39-0ubuntu8.9_amd64.deb ...
2026-10-09T18:15:11.0546275Z Unpacking libc6-dbg:amd64 (2.39-0ubuntu8.9) ...
2026-10-09T18:15:11.1522994Z Setting up libdebuginfod-common (0.190-1.1ubuntu0.1) ...
2026-10-09T18:15:11.2151255Z Setting up libsource-highlight-common (3.1.9-4.3build1) ...
2026-10-09T18:15:11.2214655Z Setting up libc6-dbg:amd64 (2.39-0ubuntu8.9) ...
2026-10-09T18:15:11.2227097Z Setting up libipt2 (2.0.6-1build1) ...
2026-10-09T18:15:11.2240869Z Setting up libbabeltrace1:amd64 (1.5.11-3build3) ...
2026-10-09T18:15:11.2254372Z Setting up libdebuginfod1t64:amd64 (0.190-1.1ubuntu0.1) ...
2026-10-09T18:15:11.2268883Z Setting up libsource-highlight4t64:amd64 (3.1.9-4.3build1) ...
2026-10-09T18:15:11.2282602Z Setting up gdb (15.1-1ubuntu1~24.04.1) ...
2026-10-09T18:15:11.2303004Z Processing triggers for man-db (2.12.0-4build2) ...
2026-10-09T18:15:11.2315151Z Not building database; man-db/auto-update is not 'true'.
2026-10-09T18:15:11.2324759Z Processing triggers for libc-bin (2.39-0ubuntu8.9) ...
2026-10-09T18:15:11.9861632Z 
2026-10-09T18:15:11.9862267Z Running kernel seems to be up-to-date.
2026-10-09T18:15:11.9862506Z 
2026-10-09T18:15:11.9862980Z No services need to be restarted.
2026-10-09T18:15:11.9863086Z 
2026-10-09T18:15:11.9863174Z No containers need to be restarted.
2026-10-09T18:15:11.9863276Z 
2026-10-09T18:15:11.9863508Z No user sessions are running outdated binaries.
2026-10-09T18:15:11.9863627Z 
2026-10-09T18:15:11.9863910Z No VM guests are running outdated hypervisor (qemu) binaries on this host.
2026-10-09T18:15:13.1150923Z GNU gdb (Ubuntu 15.1-1ubuntu1~24.04.1) 15.1
2026-10-09T18:15:13.1151224Z Copyright (C) 2024 Free Software Foundation, Inc.
2026-10-09T18:15:13.1151550Z License GPLv3+: GNU GPL version 3 or later <http://gnu.org/licenses/gpl.html>
2026-10-09T18:15:13.1151868Z This is free software: you are free to change and redistribute it.
2026-10-09T18:15:13.1152129Z There is NO WARRANTY, to the extent permitted by law.
2026-10-09T18:15:13.1173719Z 1
2026-10-09T18:15:13.1199382Z ##[group]Run bash scripts/bootstrap-rust-ci.sh
2026-10-09T18:15:13.1199684Z [36;1mbash scripts/bootstrap-rust-ci.sh[0m
2026-10-09T18:15:13.1199889Z [36;1mexport LEAN_BRIDGE_RUSTC="$PWD/.toolchains/rust-1.90.0/bin/rustc"[0m
2026-10-09T18:15:13.1200137Z [36;1mexport LEAN_BRIDGE_CARGO="$PWD/.toolchains/rust-1.90.0/bin/cargo"[0m
2026-10-09T18:15:13.1200361Z [36;1mexport CARGO_HOME="${CARGO_HOME:-$HOME/.cargo}"[0m
2026-10-09T18:15:13.1200574Z [36;1mexport LEAN_BRIDGE_PYTHON="$(command -v python3)"[0m
2026-10-09T18:15:13.1200767Z [36;1mexport LEAN_BRIDGE_RUBY="$(command -v ruby)"[0m
2026-10-09T18:15:13.1200945Z [36;1mexport LEAN_BRIDGE_GEM="$(command -v gem)"[0m
2026-10-09T18:15:13.1201133Z [36;1mexport LEAN_BRIDGE_DOTNET="$(command -v dotnet)"[0m
2026-10-09T18:15:13.1201303Z [36;1msource scripts/env.sh[0m
2026-10-09T18:15:13.1201632Z [36;1mnpm run test:type-corpus:dotnet && LEAN_BRIDGE_REVIEWED_NATIVE_PROFILES=dotnet node --test tests/type-corpus-reviewed-native.test.mjs[0m
2026-10-09T18:15:13.1202020Z [36;1mLEAN_BRIDGE_CHAR_PROFILES=dotnet node --test tests/native-char.test.mjs[0m
2026-10-09T18:15:13.1202298Z [36;1mLEAN_BRIDGE_WORD_PROFILES=dotnet node --test tests/native-words.test.mjs[0m
2026-10-09T18:15:13.1202661Z [36;1mLEAN_BRIDGE_DOTNET_CALLABLE_TEST=1 node --test tests/dotnet-callables.test.mjs tests/dotnet-callable-contract.test.mjs[0m
2026-10-09T18:15:13.1203073Z [36;1mLEAN_BRIDGE_DOTNET_STRUCTURED_CALLABLE_TEST=1 node --test tests/dotnet-structured-callables.test.mjs[0m
2026-10-09T18:15:13.1203364Z [36;1mtest -s build/structured-callables/dotnet.json[0m
2026-10-09T18:15:13.1203642Z [36;1mLEAN_BRIDGE_DOTNET_RECURSIVE_CALLABLE_TEST=1 node --test tests/dotnet-recursive-callables.test.mjs[0m
2026-10-09T18:15:13.1203920Z [36;1mtest -s build/recursive-callables/dotnet.json[0m
2026-10-09T18:15:13.1204567Z [36;1mLEAN_BRIDGE_OWNED_NATIVE_TEST=1 node --test --test-concurrency=1 tests/owned-dotnet-runtime.test.mjs tests/owned-dotnet-layout.test.mjs tests/owned-dotnet-values.test.mjs tests/owned-dotnet-conversions.test.mjs[0m
2026-10-09T18:15:13.1205393Z [36;1mLEAN_BRIDGE_OWNED_NATIVE_TEST=1 node --test --test-concurrency=1 tests/owned-dotnet-callables.test.mjs tests/owned-dotnet-callback-signatures.test.mjs tests/owned-dotnet-package.test.mjs[0m
2026-10-09T18:15:13.1206011Z [36;1mLEAN_BRIDGE_OWNED_NATIVE_TEST=1 node --test --test-concurrency=1 tests/owned-dotnet-packaging.test.mjs tests/owned-dotnet-coexistence.test.mjs[0m
2026-10-09T18:15:13.1206413Z [36;1mtest -s build/owned-dotnet-packaging/compositions-ordinary.json[0m
2026-10-09T18:15:13.1206676Z [36;1mtest -s build/owned-dotnet-packaging/compositions-reviewed.json[0m
2026-10-09T18:15:13.1206921Z [36;1mtest -s build/owned-dotnet-packaging/scalars-ordinary.json[0m
2026-10-09T18:15:13.1207153Z [36;1mtest -s build/owned-dotnet-packaging/scalars-reviewed.json[0m
2026-10-09T18:15:13.1207378Z [36;1mtest -s build/owned-dotnet-packaging/coexistence.json[0m
2026-10-09T18:15:13.1207579Z [36;1mnpm run test:owned-dotnet-transfers[0m
2026-10-09T18:15:13.1207805Z [36;1mnpm run test:owned-dotnet-borrows > build/owned-dotnet-borrows.log 2>&1[0m
2026-10-09T18:15:13.1208031Z [36;1mcat build/owned-dotnet-borrows.log[0m
2026-10-09T18:15:13.1208216Z [36;1mrg '^# pass 7$' build/owned-dotnet-borrows.log[0m
2026-10-09T18:15:13.1208404Z [36;1mrg '^# fail 0$' build/owned-dotnet-borrows.log[0m
2026-10-09T18:15:13.1208595Z [36;1mrg '^# skipped 0$' build/owned-dotnet-borrows.log[0m
2026-10-09T18:15:13.1208917Z [36;1mtest -s build/owned-dotnet-borrows/ordinary.json[0m
2026-10-09T18:15:13.1209122Z [36;1mtest -s build/owned-dotnet-borrows/reviewed.json[0m
2026-10-09T18:15:13.1209332Z [36;1mtest -s build/owned-dotnet-borrows/borrow-only.json[0m
2026-10-09T18:15:13.1209552Z [36;1mtest -s build/owned-dotnet-borrow-packaging/ordinary.json[0m
2026-10-09T18:15:13.1209783Z [36;1mtest -s build/owned-dotnet-borrow-packaging/reviewed.json[0m
2026-10-09T18:15:13.1210154Z [36;1mnpm run test:owned-dotnet-receivers > build/owned-dotnet-receivers.log 2>&1[0m
2026-10-09T18:15:13.1210392Z [36;1mcat build/owned-dotnet-receivers.log[0m
2026-10-09T18:15:13.1210580Z [36;1mrg '^# tests 10$' build/owned-dotnet-receivers.log[0m
2026-10-09T18:15:13.1210779Z [36;1mrg '^# pass 10$' build/owned-dotnet-receivers.log[0m
2026-10-09T18:15:13.1210976Z [36;1mrg '^# fail 0$' build/owned-dotnet-receivers.log[0m
2026-10-09T18:15:13.1211175Z [36;1mrg '^# cancelled 0$' build/owned-dotnet-receivers.log[0m
2026-10-09T18:15:13.1211385Z [36;1mrg '^# skipped 0$' build/owned-dotnet-receivers.log[0m
2026-10-09T18:15:13.1211592Z [36;1mtest -s build/owned-dotnet-receivers/ordinary.json[0m
2026-10-09T18:15:13.1211811Z [36;1mtest -s build/owned-dotnet-receivers/ordinary-package.json[0m
2026-10-09T18:15:13.1212039Z [36;1mtest -s build/owned-dotnet-receivers/ordinary-plain.json[0m
2026-10-09T18:15:13.1212273Z [36;1mtest -s build/owned-dotnet-receivers/ordinary-consuming.json[0m
2026-10-09T18:15:13.1212500Z [36;1mtest -s build/owned-dotnet-receivers/reviewed.json[0m
2026-10-09T18:15:13.1212715Z [36;1mtest -s build/owned-dotnet-receivers/reviewed-package.json[0m
2026-10-09T18:15:13.1212940Z [36;1mtest -s build/owned-dotnet-receivers/reviewed-plain.json[0m
2026-10-09T18:15:13.1213173Z [36;1mtest -s build/owned-dotnet-receivers/reviewed-consuming.json[0m
2026-10-09T18:15:13.1213396Z [36;1mtest -s build/owned-dotnet-transfers/ordinary.json[0m
2026-10-09T18:15:13.1213598Z [36;1mtest -s build/owned-dotnet-transfers/reviewed.json[0m
2026-10-09T18:15:13.1213823Z [36;1mtest -s build/owned-dotnet-transfer-packaging/ordinary.json[0m
2026-10-09T18:15:13.1214081Z [36;1mtest -s build/owned-dotnet-transfer-packaging/reviewed.json[0m
2026-10-09T18:15:13.1214560Z [36;1mLEAN_BRIDGE_DOTNET_COMPOUND_TEST=1 node --test tests/dotnet-compounds.test.mjs tests/dotnet-compound-contract.test.mjs[0m
2026-10-09T18:15:13.1214961Z [36;1mtest -s build/compounds/dotnet.json[0m
2026-10-09T18:15:13.1215247Z [36;1mLEAN_BRIDGE_DOTNET_LIST_TEST=1 node --test tests/dotnet-lists.test.mjs tests/dotnet-list-contract.test.mjs[0m
2026-10-09T18:15:13.1215526Z [36;1mtest -s build/lists/dotnet.json[0m
2026-10-09T18:15:13.1215736Z [36;1mLEAN_BRIDGE_DOTNET_ALIAS_TEST=1 node --test tests/dotnet-aliases.test.mjs[0m
2026-10-09T18:15:13.1215957Z [36;1mtest -s build/aliases/dotnet.json[0m
2026-10-09T18:15:13.1216210Z [36;1mLEAN_BRIDGE_GDB=/usr/bin/gdb LEAN_BRIDGE_DOTNET_FIN_TEST=1 node --test tests/dotnet-fin.test.mjs[0m
2026-10-09T18:15:13.1216472Z [36;1mtest -s build/native-fin/dotnet.json[0m
2026-10-09T18:15:13.1216653Z [36;1mtest -s build/native-fin/dotnet-reviewed.json[0m
2026-10-09T18:15:13.1216921Z [36;1mLEAN_BRIDGE_SPECIALIZATION_PROFILES=dotnet node --test tests/native-specializations.test.mjs[0m
2026-10-09T18:15:13.1217207Z [36;1mtest -s build/native-specializations/dotnet.json[0m
2026-10-09T18:15:13.1217593Z [36;1mLEAN_BRIDGE_GENERIC_RECORD_PROFILES=dotnet node --test --test-name-pattern='relocated source-free native packages construct' tests/generic-records.test.mjs[0m
2026-10-09T18:15:13.1217965Z [36;1mtest -s build/generic-records/dotnet.json[0m
2026-10-09T18:15:13.1218167Z [36;1mtest -s build/generic-records/specialized-dotnet.json[0m
2026-10-09T18:15:13.1218490Z [36;1mLEAN_BRIDGE_GENERIC_RECORD_ARRAY_PROFILES=dotnet node --test --test-concurrency=1 tests/generic-record-arrays.test.mjs[0m
2026-10-09T18:15:13.1218805Z [36;1mtest -s build/generic-records/array-dotnet.json[0m
2026-10-09T18:15:13.1219381Z [36;1mLEAN_BRIDGE_FIN_CONTAINER_ENTRY_COUNTERS=1 LEAN_BRIDGE_GDB=/usr/bin/gdb LEAN_BRIDGE_FIN_CONTAINER_PROFILES=dotnet LEAN_BRIDGE_REVIEWED_FIN_CONTAINER_PROFILES=dotnet node --test tests/native-fin-containers.test.mjs[0m
2026-10-09T18:15:13.1219849Z [36;1mtest -s build/native-fin-containers/dotnet.json[0m
2026-10-09T18:15:13.1220063Z [36;1mtest -s build/native-fin-containers/reviewed-dotnet.json[0m
2026-10-09T18:15:13.1220561Z [36;1mnode scripts/check-fin-container-entry-reports.mjs dotnet build/native-fin-containers/dotnet.json build/native-fin-containers/reviewed-dotnet.json[0m
2026-10-09T18:15:13.1221144Z [36;1mLEAN_BRIDGE_FIN_PRODUCT_PROFILES=dotnet LEAN_BRIDGE_REVIEWED_FIN_PRODUCT_PROFILES=dotnet node --test tests/native-fin-products.test.mjs[0m
2026-10-09T18:15:13.1221587Z [36;1mtest -s build/native-fin-products/dotnet.json[0m
2026-10-09T18:15:13.1221991Z [36;1mtest -s build/native-fin-products/reviewed-dotnet.json[0m
2026-10-09T18:15:13.1222477Z [36;1mLEAN_BRIDGE_FIN_PRODUCT_ARRAY_PROFILES=dotnet LEAN_BRIDGE_REVIEWED_FIN_PRODUCT_ARRAY_PROFILES=dotnet node --test tests/native-fin-product-arrays.test.mjs[0m
2026-10-09T18:15:13.1222926Z [36;1mtest -s build/native-fin-product-arrays/dotnet.json[0m
2026-10-09T18:15:13.1223277Z [36;1mtest -s build/native-fin-product-arrays/reviewed-dotnet.json[0m
2026-10-09T18:15:13.1223734Z [36;1mLEAN_BRIDGE_FIN_RECORD_PROFILES=dotnet LEAN_BRIDGE_REVIEWED_FIN_RECORD_PROFILES=dotnet node --test tests/native-fin-records.test.mjs[0m
2026-10-09T18:15:13.1224182Z [36;1mtest -s build/native-fin-records/dotnet.json[0m
2026-10-09T18:15:13.1224625Z [36;1mtest -s build/native-fin-records/reviewed-dotnet.json[0m
2026-10-09T18:15:13.1225036Z [36;1mLEAN_BRIDGE_SUBTYPE_PROFILES=dotnet node --test tests/native-subtype.test.mjs[0m
2026-10-09T18:15:13.1225365Z [36;1mtest -s build/native-subtype/dotnet.json[0m
2026-10-09T18:15:13.1225667Z [36;1mLEAN_BRIDGE_DOTNET_VARIANT_TEST=1 node --test tests/dotnet-variants.test.mjs[0m
2026-10-09T18:15:13.1226034Z [36;1mtest -s build/variants/dotnet.json[0m
2026-10-09T18:15:13.1226390Z [36;1mLEAN_BRIDGE_DOTNET_CONVERSION_TEST=1 node --test tests/dotnet-collection-conversions.test.mjs[0m
2026-10-09T18:15:13.1226767Z [36;1mtest -s build/collections/dotnet-conversions.json[0m
2026-10-09T18:15:13.1227108Z [36;1mLEAN_BRIDGE_DOTNET_COLLECTION_TEST=1 node --test tests/dotnet-collections.test.mjs[0m
2026-10-09T18:15:13.1227443Z [36;1mtest -s build/collections/dotnet.json[0m
2026-10-09T18:15:13.1227801Z [36;1mLEAN_BRIDGE_DOTNET_EQUALITY_TEST=1 node --test tests/dotnet-value-equality.test.mjs[0m
2026-10-09T18:15:13.1228142Z [36;1mtest -s build/equality/dotnet.json[0m
2026-10-09T18:15:13.1228510Z [36;1mLEAN_BRIDGE_DOTNET_GRAPH_TEST=1 node --test tests/dotnet-copied-graph-values.test.mjs[0m
2026-10-09T18:15:13.1228838Z [36;1mtest -s build/recursive/dotnet-values.json[0m
2026-10-09T18:15:13.1229244Z [36;1mLEAN_BRIDGE_DOTNET_GRAPH_CONVERSION_TEST=1 LEAN_BRIDGE_DOTNET_GRAPH_NATIVE_TEST=1 node --test tests/dotnet-copied-graph-conversions.test.mjs[0m
2026-10-09T18:15:13.1229776Z [36;1mtest -s build/recursive/dotnet-conversions.json[0m
2026-10-09T18:15:13.1230041Z [36;1mtest -s build/recursive/dotnet-native.json[0m
2026-10-09T18:15:13.1230466Z [36;1mLEAN_BRIDGE_DOTNET_GRAPH_PACKAGE_TEST=1 LEAN_BRIDGE_DOTNET_GRAPH_INSTALLED_TEST=1 node --test tests/dotnet-graph-package.test.mjs[0m
2026-10-09T18:15:13.1230867Z [36;1mtest -s build/recursive/dotnet-packages.json[0m
2026-10-09T18:15:13.1231259Z [36;1mLEAN_BRIDGE_DOTNET_GRAPH_COMPOSITION_TEST=1 node --test tests/dotnet-graph-package.test.mjs[0m
2026-10-09T18:15:13.1231644Z [36;1mtest -s build/recursive/dotnet-composition.json[0m
2026-10-09T18:15:13.1231992Z [36;1mLEAN_BRIDGE_DOTNET_GRAPH_REPRODUCIBILITY_TEST=1 node --test tests/dotnet-graph-package.test.mjs[0m
2026-10-09T18:15:13.1232413Z [36;1mtest -s build/recursive/dotnet-reproducibility.json[0m
2026-10-09T18:15:13.1232754Z [36;1mLEAN_BRIDGE_DOTNET_GRAPH_CONFLICT_TEST=1 node --test tests/dotnet-graph-package.test.mjs[0m
2026-10-09T18:15:13.1233203Z [36;1mtest -s build/recursive/dotnet-conflicts.json[0m
2026-10-09T18:15:13.1233523Z [36;1mtest -s build/type-corpus/dotnet.json[0m
2026-10-09T18:15:13.1233781Z [36;1mtest -s build/type-corpus/reviewed-native-dotnet.json[0m
2026-10-09T18:15:13.1285150Z shell: /usr/bin/bash -e {0}
2026-10-09T18:15:13.1285460Z env:
2026-10-09T18:15:13.1285640Z   NODE_VERSION: 22
2026-10-09T18:15:13.1285902Z   LEAN_BRIDGE_CONSUMER_PERFORMANCE_DIR: build/consumer-ci/performance
2026-10-09T18:15:13.1286279Z   TMPDIR: /home/runner/work/_temp
2026-10-09T18:15:13.1286590Z   NIX_PROFILES: /nix/var/nix/profiles/default /home/runner/.nix-profile
2026-10-09T18:15:13.1286921Z   NIX_SSL_CERT_FILE: /etc/ssl/certs/ca-certificates.crt
2026-10-09T18:15:13.1287161Z   DOTNET_ROOT: /usr/share/dotnet
2026-10-09T18:15:13.1287424Z ##[endgroup]
2026-10-09T18:15:13.1412141Z   % Total    % Received % Xferd  Average Speed   Time    Time     Time  Current
2026-10-09T18:15:13.1412814Z                                  Dload  Upload   Total   Spent    Left  Speed
2026-10-09T18:15:13.1413064Z 
2026-10-09T18:15:13.7403132Z   0     0    0     0    0     0      0      0 --:--:-- --:--:-- --:--:--     0
2026-10-09T18:15:13.8969760Z  67  193M   67  130M    0     0   218M      0 --:--:-- --:--:-- --:--:--  217M
2026-10-09T18:15:13.8970471Z 100  193M  100  193M    0     0   256M      0 --:--:-- --:--:-- --:--:--  256M
2026-10-09T18:15:23.1694543Z install: creating uninstall script at /home/runner/work/lean-bridge/lean-bridge/.toolchains/rust-1.90.0/lib/rustlib/uninstall.sh
2026-10-09T18:15:23.1705758Z install: installing component 'rustc'
2026-10-09T18:15:24.0031929Z install: installing component 'cargo'
2026-10-09T18:15:24.8474876Z install: installing component 'rust-std-x86_64-unknown-linux-gnu'
2026-10-09T18:15:25.5430141Z 
2026-10-09T18:15:25.5430741Z     rust installed.
2026-10-09T18:15:25.5430902Z 
2026-10-09T18:15:25.5490052Z rustc 1.90.0 (1159e78c4 2025-09-14)
2026-10-09T18:15:25.7680129Z 
2026-10-09T18:15:25.7680969Z > @lean-wasm/bridge-poc@0.0.0-poc test:type-corpus:dotnet
2026-10-09T18:15:25.7681528Z > LEAN_BRIDGE_TYPE_CORPUS_PROFILES=dotnet node --test tests/type-corpus.test.mjs
2026-10-09T18:15:25.7681773Z 
2026-10-09T18:15:25.7975564Z TAP version 13
2026-10-09T18:15:28.8151158Z # Subtest: corpus cases cover two renamed nested libraries, valid positions and explicit host errors
2026-10-09T18:15:28.8153466Z ok 1 - corpus cases cover two renamed nested libraries, valid positions and explicit host errors
2026-10-09T18:15:28.8153978Z   ---
2026-10-09T18:15:28.8154340Z   duration_ms: 18.73713
2026-10-09T18:15:28.8154798Z   type: 'test'
2026-10-09T18:15:28.8155162Z   ...
2026-10-09T18:15:29.5420792Z # Subtest: corpus identity binds the cases, consumers, Lean sources, oracles and harness
2026-10-09T18:15:29.5421723Z ok 2 - corpus identity binds the cases, consumers, Lean sources, oracles and harness
2026-10-09T18:15:29.5470073Z   ---
2026-10-09T18:15:29.5507832Z   duration_ms: 47.694016
2026-10-09T18:15:29.5543760Z   type: 'test'
2026-10-09T18:15:29.5544791Z   ...
2026-10-09T18:15:29.5545640Z # Subtest: every inventoried profile and position remains a gap without executed cases
2026-10-09T18:15:29.5546588Z ok 3 - every inventoried profile and position remains a gap without executed cases
2026-10-09T18:15:29.5561926Z   ---
2026-10-09T18:15:29.5562592Z   duration_ms: 136.398311
2026-10-09T18:15:29.5563010Z   type: 'test'
2026-10-09T18:15:29.5563310Z   ...
2026-10-09T18:15:29.5564015Z # Subtest: validator-only observations cannot cross source paths, profiles or uncovered positions
2026-10-09T18:15:29.5565123Z ok 4 - validator-only observations cannot cross source paths, profiles or uncovered positions
2026-10-09T18:15:29.5565639Z   ---
2026-10-09T18:15:29.5565981Z   duration_ms: 82.55183
2026-10-09T18:15:29.5566387Z   type: 'test'
2026-10-09T18:15:29.5566650Z   ...
2026-10-09T18:15:29.5567097Z # Subtest: corpus report rejects missing case
2026-10-09T18:15:29.5567591Z ok 5 - corpus report rejects missing case
2026-10-09T18:15:29.5568361Z   ---
2026-10-09T18:15:29.5568703Z   duration_ms: 1.336199
2026-10-09T18:15:29.5568989Z   type: 'test'
2026-10-09T18:15:29.5569366Z   ...
2026-10-09T18:15:29.5569744Z # Subtest: corpus report rejects duplicate case
2026-10-09T18:15:29.5570298Z ok 6 - corpus report rejects duplicate case
2026-10-09T18:15:29.5570672Z   ---
2026-10-09T18:15:29.5570918Z   duration_ms: 1.079061
2026-10-09T18:15:29.5571113Z   type: 'test'
2026-10-09T18:15:29.5571278Z   ...
2026-10-09T18:15:29.5571532Z # Subtest: corpus report rejects extra case
2026-10-09T18:15:29.5572122Z ok 7 - corpus report rejects extra case
2026-10-09T18:15:29.5572380Z   ---
2026-10-09T18:15:29.5572569Z   duration_ms: 0.433124
2026-10-09T18:15:29.5572768Z   type: 'test'
2026-10-09T18:15:29.5572942Z   ...
2026-10-09T18:15:29.5573213Z # Subtest: corpus report rejects wrong value
2026-10-09T18:15:29.5573557Z ok 8 - corpus report rejects wrong value
2026-10-09T18:15:29.5573802Z   ---
2026-10-09T18:15:29.5573993Z   duration_ms: 0.54249
2026-10-09T18:15:29.5574197Z   type: 'test'
2026-10-09T18:15:29.5574372Z   ...
2026-10-09T18:15:29.5574778Z # Subtest: corpus report rejects wrong consumer profile
2026-10-09T18:15:29.5575188Z ok 9 - corpus report rejects wrong consumer profile
2026-10-09T18:15:29.5575460Z   ---
2026-10-09T18:15:29.5575645Z   duration_ms: 0.447726
2026-10-09T18:15:29.5575837Z   type: 'test'
2026-10-09T18:15:29.5576017Z   ...
2026-10-09T18:15:29.5576282Z # Subtest: corpus report rejects wrong module
2026-10-09T18:15:29.5576637Z ok 10 - corpus report rejects wrong module
2026-10-09T18:15:29.5576897Z   ---
2026-10-09T18:15:29.5577083Z   duration_ms: 2.895927
2026-10-09T18:15:29.5577281Z   type: 'test'
2026-10-09T18:15:29.5577459Z   ...
2026-10-09T18:15:29.5577743Z # Subtest: corpus report rejects unverified copy
2026-10-09T18:15:29.5578106Z ok 11 - corpus report rejects unverified copy
2026-10-09T18:15:29.5578359Z   ---
2026-10-09T18:15:29.5578549Z   duration_ms: 0.55588
2026-10-09T18:15:29.5578742Z   type: 'test'
2026-10-09T18:15:29.5578922Z   ...
2026-10-09T18:15:29.5579205Z # Subtest: corpus report rejects wrong host error
2026-10-09T18:15:29.5579576Z ok 12 - corpus report rejects wrong host error
2026-10-09T18:15:29.5579832Z   ---
2026-10-09T18:15:29.5580027Z   duration_ms: 0.758507
2026-10-09T18:15:29.5580225Z   type: 'test'
2026-10-09T18:15:29.5580401Z   ...
2026-10-09T18:15:29.5580675Z # Subtest: corpus report rejects failed recovery
2026-10-09T18:15:29.5581046Z ok 13 - corpus report rejects failed recovery
2026-10-09T18:15:29.5581299Z   ---
2026-10-09T18:15:29.5581489Z   duration_ms: 0.66141
2026-10-09T18:15:29.5581684Z   type: 'test'
2026-10-09T18:15:29.5581857Z   ...
2026-10-09T18:15:29.5582149Z # Subtest: corpus report rejects missing oracle result
2026-10-09T18:15:29.5582541Z ok 14 - corpus report rejects missing oracle result
2026-10-09T18:15:29.5582798Z   ---
2026-10-09T18:15:29.5582989Z   duration_ms: 0.435048
2026-10-09T18:15:29.5583187Z   type: 'test'
2026-10-09T18:15:29.5583362Z   ...
2026-10-09T18:15:29.5583650Z # Subtest: corpus report rejects extra oracle result
2026-10-09T18:15:29.5584045Z ok 15 - corpus report rejects extra oracle result
2026-10-09T18:15:29.5584308Z   ---
2026-10-09T18:15:29.5584611Z   duration_ms: 0.747069
2026-10-09T18:15:29.5584810Z   type: 'test'
2026-10-09T18:15:29.5584984Z   ...
2026-10-09T18:15:29.5585256Z # Subtest: corpus report rejects unknown adapter
2026-10-09T18:15:29.5585629Z ok 16 - corpus report rejects unknown adapter
2026-10-09T18:15:29.5585878Z   ---
2026-10-09T18:15:29.5586060Z   duration_ms: 4.785203
2026-10-09T18:15:29.5586268Z   type: 'test'
2026-10-09T18:15:29.5586442Z   ...
2026-10-09T18:15:29.5586760Z # Subtest: corpus report rejects unimplemented source path
2026-10-09T18:15:29.5587199Z ok 17 - corpus report rejects unimplemented source path
2026-10-09T18:15:29.5587479Z   ---
2026-10-09T18:15:29.5587661Z   duration_ms: 0.493416
2026-10-09T18:15:29.5587858Z   type: 'test'
2026-10-09T18:15:29.5588037Z   ...
2026-10-09T18:15:29.5588315Z # Subtest: corpus report rejects unknown library
2026-10-09T18:15:29.5588873Z ok 18 - corpus report rejects unknown library
2026-10-09T18:15:29.5589117Z   ---
2026-10-09T18:15:29.5589304Z   duration_ms: 0.289958
2026-10-09T18:15:29.5589498Z   type: 'test'
2026-10-09T18:15:29.5589671Z   ...
2026-10-09T18:15:29.5589983Z # Subtest: corpus report rejects missing runtime identity
2026-10-09T18:15:29.5590408Z ok 19 - corpus report rejects missing runtime identity
2026-10-09T18:15:29.5590685Z   ---
2026-10-09T18:15:29.5590874Z   duration_ms: 0.247093
2026-10-09T18:15:29.5591073Z   type: 'test'
2026-10-09T18:15:29.5591383Z   ...
2026-10-09T18:15:29.5591679Z # Subtest: corpus report rejects invalid archive hash
2026-10-09T18:15:29.5592074Z ok 20 - corpus report rejects invalid archive hash
2026-10-09T18:15:29.5592341Z   ---
2026-10-09T18:15:29.5592529Z   duration_ms: 0.247464
2026-10-09T18:15:29.5592731Z   type: 'test'
2026-10-09T18:15:29.5592904Z   ...
2026-10-09T18:15:29.5593206Z # Subtest: corpus report rejects different archive hash
2026-10-09T18:15:29.5593620Z ok 21 - corpus report rejects different archive hash
2026-10-09T18:15:29.5593894Z   ---
2026-10-09T18:15:29.5594081Z   duration_ms: 0.293795
2026-10-09T18:15:29.5594284Z   type: 'test'
2026-10-09T18:15:29.5594560Z   ...
2026-10-09T18:15:29.5594851Z # Subtest: corpus report rejects wrong archive target
2026-10-09T18:15:29.5595248Z ok 22 - corpus report rejects wrong archive target
2026-10-09T18:15:29.5595515Z   ---
2026-10-09T18:15:29.5595702Z   duration_ms: 0.245742
2026-10-09T18:15:29.5595906Z   type: 'test'
2026-10-09T18:15:29.5596076Z   ...
2026-10-09T18:15:29.5596285Z # Subtest: corpus report rejects cross-profile observation
2026-10-09T18:15:29.5596535Z ok 23 - corpus report rejects cross-profile observation
2026-10-09T18:15:29.5596701Z   ---
2026-10-09T18:15:29.5596812Z   duration_ms: 0.429509
2026-10-09T18:15:29.5596929Z   type: 'test'
2026-10-09T18:15:29.5597058Z   ...
2026-10-09T18:15:29.5597260Z # Subtest: corpus report rejects incorrect floating-point bits
2026-10-09T18:15:29.5597529Z ok 24 - corpus report rejects incorrect floating-point bits
2026-10-09T18:15:29.5597703Z   ---
2026-10-09T18:15:29.5597816Z   duration_ms: 0.577713
2026-10-09T18:15:29.5597936Z   type: 'test'
2026-10-09T18:15:29.5598041Z   ...
2026-10-09T18:15:29.5598233Z # Subtest: corpus report rejects missing declaration evidence
2026-10-09T18:15:29.5598495Z ok 25 - corpus report rejects missing declaration evidence
2026-10-09T18:15:29.5598664Z   ---
2026-10-09T18:15:29.5598777Z   duration_ms: 0.38409
2026-10-09T18:15:29.5598896Z   type: 'test'
2026-10-09T18:15:29.5599004Z   ...
2026-10-09T18:15:29.5599182Z # Subtest: corpus report rejects wrong declaration type
2026-10-09T18:15:29.5599416Z ok 26 - corpus report rejects wrong declaration type
2026-10-09T18:15:29.5599578Z   ---
2026-10-09T18:15:29.5599690Z   duration_ms: 0.640358
2026-10-09T18:15:29.5599811Z   type: 'test'
2026-10-09T18:15:29.5599918Z   ...
2026-10-09T18:15:29.5600164Z # Subtest: the corpus rejects duplicate runs and accepts only complete observations
2026-10-09T18:15:29.5600521Z ok 27 - the corpus rejects duplicate runs and accepts only complete observations
2026-10-09T18:15:29.5600730Z   ---
2026-10-09T18:15:29.5600841Z   duration_ms: 2.859232
2026-10-09T18:15:29.5600964Z   type: 'test'
2026-10-09T18:15:29.5601070Z   ...
2026-10-09T18:15:29.5601322Z # Subtest: explicit corpus selections reject absent, misspelled and duplicate adapters
2026-10-09T18:15:29.5601691Z ok 28 - explicit corpus selections reject absent, misspelled and duplicate adapters
2026-10-09T18:15:29.5601904Z   ---
2026-10-09T18:15:29.5602018Z   duration_ms: 0.287244
2026-10-09T18:15:29.5602139Z   type: 'test'
2026-10-09T18:15:29.5602246Z   ...
2026-10-09T18:15:29.5602485Z # Subtest: the shared inputs cover all sixteen primitive parameter/result positions
2026-10-09T18:15:29.5602825Z ok 29 - the shared inputs cover all sixteen primitive parameter/result positions
2026-10-09T18:15:29.5603030Z   ---
2026-10-09T18:15:29.5603177Z   duration_ms: 76.435488
2026-10-09T18:15:29.5603302Z   type: 'test'
2026-10-09T18:15:29.5603539Z   ...
2026-10-09T18:15:29.5603820Z # Subtest: Perl numeric acceptance uses fresh Lean results without weakening other profiles
2026-10-09T18:15:29.5604205Z ok 30 - Perl numeric acceptance uses fresh Lean results without weakening other profiles
2026-10-09T18:15:29.5604556Z   ---
2026-10-09T18:15:29.5604669Z   duration_ms: 3.499099
2026-10-09T18:15:29.5604789Z   type: 'test'
2026-10-09T18:15:29.5604896Z   ...
2026-10-09T18:15:29.5605161Z # Subtest: Perl observations bind the separate runtime archive and compiled interpreter ABI
2026-10-09T18:15:29.5605641Z ok 31 - Perl observations bind the separate runtime archive and compiled interpreter ABI
2026-10-09T18:15:29.5605864Z   ---
2026-10-09T18:15:29.5605975Z   duration_ms: 3.724449
2026-10-09T18:15:29.5606096Z   type: 'test'
2026-10-09T18:15:29.5606201Z   ...
2026-10-09T18:15:29.5606464Z # Subtest: declaration evidence checks names, nested fields and type positions separately
2026-10-09T18:15:29.5606846Z ok 32 - declaration evidence checks names, nested fields and type positions separately
2026-10-09T18:15:29.5607072Z   ---
2026-10-09T18:15:29.5607187Z   duration_ms: 2.89093
2026-10-09T18:15:29.5607307Z   type: 'test'
2026-10-09T18:15:29.5607414Z   ...
2026-10-09T18:15:29.5607651Z # Subtest: profile-specific host errors cannot be borrowed from another adapter
2026-10-09T18:15:29.5607989Z ok 33 - profile-specific host errors cannot be borrowed from another adapter
2026-10-09T18:15:29.5608195Z   ---
2026-10-09T18:15:29.5608310Z   duration_ms: 1.294396
2026-10-09T18:15:29.5608431Z   type: 'test'
2026-10-09T18:15:29.5608542Z   ...
2026-10-09T18:15:29.5608863Z # Subtest: Node profiles keep unsupported array and record cases as gaps
2026-10-09T18:15:29.5609200Z ok 34 - Node profiles keep unsupported array and record cases as gaps
2026-10-09T18:15:29.5609390Z   ---
2026-10-09T18:15:29.5620012Z   duration_ms: 159.821866
2026-10-09T18:15:29.5620156Z   type: 'test'
2026-10-09T18:15:29.5620268Z   ...
2026-10-09T18:15:29.5620544Z # Subtest: strict TypeScript uses the installed public API and independent exact signatures
2026-10-09T18:15:29.5620942Z ok 35 - strict TypeScript uses the installed public API and independent exact signatures
2026-10-09T18:15:29.5621167Z   ---
2026-10-09T18:15:29.5621289Z   duration_ms: 2.919002
2026-10-09T18:15:29.5621417Z   type: 'test'
2026-10-09T18:15:29.5621534Z   ...
2026-10-09T18:15:29.5621766Z # Subtest: browser engine selections are explicit and never silently skipped
2026-10-09T18:15:29.5622091Z ok 36 - browser engine selections are explicit and never silently skipped
2026-10-09T18:15:29.5622299Z   ---
2026-10-09T18:15:29.5622417Z   duration_ms: 0.300905
2026-10-09T18:15:29.5622541Z   type: 'test'
2026-10-09T18:15:29.5622655Z   ...
2026-10-09T18:15:29.5622945Z # Subtest: browser profiles require every selected engine and retain unsupported projections as gaps
2026-10-09T18:15:29.5623369Z ok 37 - browser profiles require every selected engine and retain unsupported projections as gaps
2026-10-09T18:15:29.5623616Z   ---
2026-10-09T18:15:29.5623736Z   duration_ms: 76.269239
2026-10-09T18:15:29.5623866Z   type: 'test'
2026-10-09T18:15:29.5623981Z   ...
2026-10-09T18:15:29.5624151Z # Subtest: browser corpus rejects missing evidence
2026-10-09T18:15:29.5624377Z ok 38 - browser corpus rejects missing evidence
2026-10-09T18:15:29.5624624Z   ---
2026-10-09T18:15:29.5624744Z   duration_ms: 1.082072
2026-10-09T18:15:29.5624868Z   type: 'test'
2026-10-09T18:15:29.5624978Z   ...
2026-10-09T18:15:29.5625199Z # Subtest: browser corpus rejects duplicate engine
2026-10-09T18:15:29.5625553Z ok 39 - browser corpus rejects duplicate engine
2026-10-09T18:15:29.5625781Z   ---
2026-10-09T18:15:29.5625959Z   duration_ms: 3.080365
2026-10-09T18:15:29.5626150Z   type: 'test'
2026-10-09T18:15:29.5626318Z   ...
2026-10-09T18:15:29.5626572Z # Subtest: browser corpus rejects missing engine
2026-10-09T18:15:29.5626910Z ok 40 - browser corpus rejects missing engine
2026-10-09T18:15:29.5627148Z   ---
2026-10-09T18:15:29.5627326Z   duration_ms: 0.910753
2026-10-09T18:15:29.5627713Z   type: 'test'
2026-10-09T18:15:29.5627897Z   ...
2026-10-09T18:15:29.5628177Z # Subtest: browser corpus rejects missing StrictMode
2026-10-09T18:15:29.5628551Z ok 41 - browser corpus rejects missing StrictMode
2026-10-09T18:15:29.5628814Z   ---
2026-10-09T18:15:29.5628998Z   duration_ms: 0.972306
2026-10-09T18:15:29.5629196Z   type: 'test'
2026-10-09T18:15:29.5629375Z   ...
2026-10-09T18:15:29.5629664Z # Subtest: browser corpus rejects duplicate execution
2026-10-09T18:15:29.5630041Z ok 42 - browser corpus rejects duplicate execution
2026-10-09T18:15:29.5630456Z   ---
2026-10-09T18:15:29.5630639Z   duration_ms: 0.867468
2026-10-09T18:15:29.5630839Z   type: 'test'
2026-10-09T18:15:29.5631018Z   ...
2026-10-09T18:15:29.5631320Z # Subtest: browser corpus rejects wrong browser result
2026-10-09T18:15:29.5631734Z ok 43 - browser corpus rejects wrong browser result
2026-10-09T18:15:29.5631997Z   ---
2026-10-09T18:15:29.5632179Z   duration_ms: 1.231978
2026-10-09T18:15:29.5632372Z   type: 'test'
2026-10-09T18:15:29.5632547Z   ...
2026-10-09T18:15:29.5632818Z # Subtest: browser corpus rejects wrong profile
2026-10-09T18:15:29.5633175Z ok 44 - browser corpus rejects wrong profile
2026-10-09T18:15:29.5633422Z   ---
2026-10-09T18:15:29.5633607Z   duration_ms: 1.564669
2026-10-09T18:15:29.5633796Z   type: 'test'
2026-10-09T18:15:29.5633969Z   ...
2026-10-09T18:15:29.5634302Z # Subtest: browser corpus rejects window standing in for worker
2026-10-09T18:15:29.5634913Z ok 45 - browser corpus rejects window standing in for worker
2026-10-09T18:15:29.5635199Z   ---
2026-10-09T18:15:29.5635385Z   duration_ms: 4.336539
2026-10-09T18:15:29.5635572Z   type: 'test'
2026-10-09T18:15:29.5635745Z   ...
2026-10-09T18:15:29.5636077Z # Subtest: browser corpus rejects mismatched primary result
2026-10-09T18:15:29.5636555Z ok 46 - browser corpus rejects mismatched primary result
2026-10-09T18:15:29.5636829Z   ---
2026-10-09T18:15:29.5637010Z   duration_ms: 2.07568
2026-10-09T18:15:29.5637248Z   type: 'test'
2026-10-09T18:15:29.5637424Z   ...
2026-10-09T18:15:29.5637696Z # Subtest: browser corpus rejects wrong WASM digest
2026-10-09T18:15:29.5638066Z ok 47 - browser corpus rejects wrong WASM digest
2026-10-09T18:15:29.5638316Z   ---
2026-10-09T18:15:29.5638505Z   duration_ms: 1.500122
2026-10-09T18:15:29.5638699Z   type: 'test'
2026-10-09T18:15:29.5638870Z   ...
2026-10-09T18:15:29.5639144Z # Subtest: browser corpus rejects wrong WASM MIME
2026-10-09T18:15:29.5639494Z ok 48 - browser corpus rejects wrong WASM MIME
2026-10-09T18:15:29.5639744Z   ---
2026-10-09T18:15:29.5639936Z   duration_ms: 1.353091
2026-10-09T18:15:29.5640133Z   type: 'test'
2026-10-09T18:15:29.5640300Z   ...
2026-10-09T18:15:29.5640595Z # Subtest: browser corpus rejects wrong deployment prefix
2026-10-09T18:15:29.5641013Z ok 49 - browser corpus rejects wrong deployment prefix
2026-10-09T18:15:29.5641280Z   ---
2026-10-09T18:15:29.5641468Z   duration_ms: 2.043581
2026-10-09T18:15:29.5641665Z   type: 'test'
2026-10-09T18:15:29.5641837Z   ...
2026-10-09T18:15:29.5642116Z # Subtest: browser corpus rejects missing runtime fetch
2026-10-09T18:15:29.5642491Z ok 50 - browser corpus rejects missing runtime fetch
2026-10-09T18:15:29.5642759Z   ---
2026-10-09T18:15:29.5642935Z   duration_ms: 1.765482
2026-10-09T18:15:29.5643123Z   type: 'test'
2026-10-09T18:15:29.5643283Z   ...
2026-10-09T18:15:29.5643570Z # Subtest: browser corpus rejects unbound deployment
2026-10-09T18:15:29.5643932Z ok 51 - browser corpus rejects unbound deployment
2026-10-09T18:15:29.5644187Z   ---
2026-10-09T18:15:29.5644365Z   duration_ms: 1.131727
2026-10-09T18:15:29.5644730Z   type: 'test'
2026-10-09T18:15:29.5644896Z   ...
2026-10-09T18:15:29.5645170Z # Subtest: browser corpus rejects source tree present
2026-10-09T18:15:29.5645531Z ok 52 - browser corpus rejects source tree present
2026-10-09T18:15:29.5645782Z   ---
2026-10-09T18:15:29.5645966Z   duration_ms: 0.639454
2026-10-09T18:15:29.5646157Z   type: 'test'
2026-10-09T18:15:29.5646326Z   ...
2026-10-09T18:15:29.5646595Z # Subtest: browser corpus rejects network access
2026-10-09T18:15:29.5647158Z ok 53 - browser corpus rejects network access
2026-10-09T18:15:29.5647406Z   ---
2026-10-09T18:15:29.5647591Z   duration_ms: 1.111356
2026-10-09T18:15:29.5647787Z   type: 'test'
2026-10-09T18:15:29.5647958Z   ...
2026-10-09T18:15:29.5648257Z # Subtest: browser corpus rejects missing React framework
2026-10-09T18:15:29.5648654Z ok 54 - browser corpus rejects missing React framework
2026-10-09T18:15:29.5648866Z   ---
2026-10-09T18:15:29.5648981Z   duration_ms: 0.730341
2026-10-09T18:15:29.5649241Z   type: 'test'
2026-10-09T18:15:29.5649396Z   ...
2026-10-09T18:15:29.5649659Z # Subtest: browser corpus rejects missing public API import
2026-10-09T18:15:29.5649923Z ok 55 - browser corpus rejects missing public API import
2026-10-09T18:15:29.5650086Z   ---
2026-10-09T18:15:29.5650198Z   duration_ms: 0.677231
2026-10-09T18:15:29.5650319Z   type: 'test'
2026-10-09T18:15:29.5650425Z   ...
2026-10-09T18:15:29.5650601Z # Subtest: browser corpus rejects missing asset recovery
2026-10-09T18:15:29.5650843Z ok 56 - browser corpus rejects missing asset recovery
2026-10-09T18:15:29.5651005Z   ---
2026-10-09T18:15:29.5651116Z   duration_ms: 0.885465
2026-10-09T18:15:29.5651236Z   type: 'test'
2026-10-09T18:15:29.5651345Z   ...
2026-10-09T18:15:29.5651510Z # Subtest: browser corpus rejects stale React effect
2026-10-09T18:15:29.5651728Z ok 57 - browser corpus rejects stale React effect
2026-10-09T18:15:29.5651885Z   ---
2026-10-09T18:15:29.5651995Z   duration_ms: 1.191967
2026-10-09T18:15:29.5652113Z   type: 'test'
2026-10-09T18:15:29.5652225Z   ...
2026-10-09T18:15:29.5652399Z # Subtest: browser corpus rejects pending React unmount
2026-10-09T18:15:29.5652633Z ok 58 - browser corpus rejects pending React unmount
2026-10-09T18:15:29.5652789Z   ---
2026-10-09T18:15:29.5652903Z   duration_ms: 1.0219
2026-10-09T18:15:29.5653021Z   type: 'test'
2026-10-09T18:15:29.5653126Z   ...
2026-10-09T18:15:29.5653288Z # Subtest: browser corpus rejects leaked worker
2026-10-09T18:15:29.5653497Z ok 59 - browser corpus rejects leaked worker
2026-10-09T18:15:29.5653645Z   ---
2026-10-09T18:15:29.5653759Z   duration_ms: 0.899767
2026-10-09T18:15:29.5653878Z   type: 'test'
2026-10-09T18:15:29.5653984Z   ...
2026-10-09T18:15:29.5654220Z # Subtest: Rust records compiler rejection separately from executed public calls
2026-10-09T18:15:29.5654703Z ok 60 - Rust records compiler rejection separately from executed public calls
2026-10-09T18:15:29.5654906Z   ---
2026-10-09T18:15:29.5655019Z   duration_ms: 87.388576
2026-10-09T18:15:29.5655145Z   type: 'test'
2026-10-09T18:15:29.5655259Z   ...
2026-10-09T18:15:31.3164177Z # Subtest: Rust compile-rejection evidence retains JSON beyond the display-tail limit
2026-10-09T18:15:31.3165274Z ok 61 - Rust compile-rejection evidence retains JSON beyond the display-tail limit
2026-10-09T18:15:31.3165854Z   ---
2026-10-09T18:15:31.3166181Z   duration_ms: 44.924014
2026-10-09T18:15:31.3166511Z   type: 'test'
2026-10-09T18:15:31.3166801Z   ...
2026-10-09T18:15:31.3167422Z # Subtest: Rust callers use independent typed signatures, borrowed inputs and owned results
2026-10-09T18:15:31.3168204Z ok 62 - Rust callers use independent typed signatures, borrowed inputs and owned results
2026-10-09T18:15:31.3168692Z   ---
2026-10-09T18:15:31.3168990Z   duration_ms: 2.1555
2026-10-09T18:15:31.3169297Z   type: 'test'
2026-10-09T18:15:31.3169581Z   ...
2026-10-09T18:15:31.3170009Z # Subtest: Rust corpus rejects missing compiler evidence
2026-10-09T18:15:31.3170526Z ok 63 - Rust corpus rejects missing compiler evidence
2026-10-09T18:15:31.3170911Z   ---
2026-10-09T18:15:31.3171189Z   duration_ms: 1.646713
2026-10-09T18:15:31.3171483Z   type: 'test'
2026-10-09T18:15:31.3171740Z   ...
2026-10-09T18:15:31.3172113Z # Subtest: Rust corpus rejects wrong compiler version
2026-10-09T18:15:31.3172582Z ok 64 - Rust corpus rejects wrong compiler version
2026-10-09T18:15:31.3172932Z   ---
2026-10-09T18:15:31.3173211Z   duration_ms: 1.164736
2026-10-09T18:15:31.3173495Z   type: 'test'
2026-10-09T18:15:31.3174200Z   ...
2026-10-09T18:15:31.3174704Z # Subtest: Rust corpus rejects unbound consumer source
2026-10-09T18:15:31.3175169Z ok 65 - Rust corpus rejects unbound consumer source
2026-10-09T18:15:31.3175505Z   ---
2026-10-09T18:15:31.3175781Z   duration_ms: 3.407478
2026-10-09T18:15:31.3176073Z   type: 'test'
2026-10-09T18:15:31.3176351Z   ...
2026-10-09T18:15:31.3176732Z # Subtest: Rust corpus rejects unchecked signatures
2026-10-09T18:15:31.3177233Z ok 66 - Rust corpus rejects unchecked signatures
2026-10-09T18:15:31.3177620Z   ---
2026-10-09T18:15:31.3178069Z   duration_ms: 1.888107
2026-10-09T18:15:31.3178378Z   type: 'test'
2026-10-09T18:15:31.3178660Z   ...
2026-10-09T18:15:31.3179023Z # Subtest: Rust corpus rejects wrong binding IR
2026-10-09T18:15:31.3183370Z ok 67 - Rust corpus rejects wrong binding IR
2026-10-09T18:15:31.3183766Z   ---
2026-10-09T18:15:31.3184069Z   duration_ms: 1.285759
2026-10-09T18:15:31.3184372Z   type: 'test'
2026-10-09T18:15:31.3184780Z   ...
2026-10-09T18:15:31.3185161Z # Subtest: Rust corpus rejects warm global cache
2026-10-09T18:15:31.3185609Z ok 68 - Rust corpus rejects warm global cache
2026-10-09T18:15:31.3185976Z   ---
2026-10-09T18:15:31.3186260Z   duration_ms: 2.25503
2026-10-09T18:15:31.3186556Z   type: 'test'
2026-10-09T18:15:31.3186823Z   ...
2026-10-09T18:15:31.3187259Z # Subtest: Rust corpus rejects online installation
2026-10-09T18:15:31.3195205Z ok 69 - Rust corpus rejects online installation
2026-10-09T18:15:31.3195648Z   ---
2026-10-09T18:15:31.3195968Z   duration_ms: 3.123039
2026-10-09T18:15:31.3196291Z   type: 'test'
2026-10-09T18:15:31.3196576Z   ...
2026-10-09T18:15:31.3196990Z # Subtest: Rust corpus rejects remaining source tree
2026-10-09T18:15:31.3197487Z ok 70 - Rust corpus rejects remaining source tree
2026-10-09T18:15:31.3197870Z   ---
2026-10-09T18:15:31.3198172Z   duration_ms: 1.85704
2026-10-09T18:15:31.3198475Z   type: 'test'
2026-10-09T18:15:31.3198755Z   ...
2026-10-09T18:15:31.3199152Z # Subtest: Rust corpus rejects missing exact integers
2026-10-09T18:15:31.3199653Z ok 71 - Rust corpus rejects missing exact integers
2026-10-09T18:15:31.3200026Z   ---
2026-10-09T18:15:31.3200316Z   duration_ms: 2.024543
2026-10-09T18:15:31.3200621Z   type: 'test'
2026-10-09T18:15:31.3200900Z   ...
2026-10-09T18:15:31.3201339Z # Subtest: Rust corpus rejects duplicate dependency
2026-10-09T18:15:31.3201831Z ok 72 - Rust corpus rejects duplicate dependency
2026-10-09T18:15:31.3202198Z   ---
2026-10-09T18:15:31.3202490Z   duration_ms: 2.251074
2026-10-09T18:15:31.3202799Z   type: 'test'
2026-10-09T18:15:31.3203086Z   ...
2026-10-09T18:15:31.3203467Z # Subtest: Rust corpus rejects unhashed executable
2026-10-09T18:15:31.3203957Z ok 73 - Rust corpus rejects unhashed executable
2026-10-09T18:15:31.3204320Z   ---
2026-10-09T18:15:31.3204718Z   duration_ms: 1.22676
2026-10-09T18:15:31.3205021Z   type: 'test'
2026-10-09T18:15:31.3205305Z   ...
2026-10-09T18:15:31.3205672Z # Subtest: Rust corpus rejects missing cleanup
2026-10-09T18:15:31.3206127Z ok 74 - Rust corpus rejects missing cleanup
2026-10-09T18:15:31.3206492Z   ---
2026-10-09T18:15:31.3206777Z   duration_ms: 2.378737
2026-10-09T18:15:31.3207062Z   type: 'test'
2026-10-09T18:15:31.3207325Z   ...
2026-10-09T18:15:31.3207685Z # Subtest: Rust corpus rejects unverified copies
2026-10-09T18:15:31.3208150Z ok 75 - Rust corpus rejects unverified copies
2026-10-09T18:15:31.3208510Z   ---
2026-10-09T18:15:31.3208798Z   duration_ms: 1.714646
2026-10-09T18:15:31.3209101Z   type: 'test'
2026-10-09T18:15:31.3209381Z   ...
2026-10-09T18:15:31.3209841Z # Subtest: Rust corpus rejects compiler failure counted as runtime
2026-10-09T18:15:31.3210430Z ok 76 - Rust corpus rejects compiler failure counted as runtime
2026-10-09T18:15:31.3210840Z   ---
2026-10-09T18:15:31.3211132Z   duration_ms: 1.97604
2026-10-09T18:15:31.3211432Z   type: 'test'
2026-10-09T18:15:31.3211712Z   ...
2026-10-09T18:15:31.3212109Z # Subtest: Rust corpus rejects unrelated compiler failure
2026-10-09T18:15:31.3212603Z ok 77 - Rust corpus rejects unrelated compiler failure
2026-10-09T18:15:31.3213195Z   ---
2026-10-09T18:15:31.3213489Z   duration_ms: 2.350624
2026-10-09T18:15:31.3213788Z   type: 'test'
2026-10-09T18:15:31.3214066Z   ...
2026-10-09T18:15:31.3214617Z # Subtest: Rust corpus rejects dependency compiler failure
2026-10-09T18:15:31.3215204Z ok 78 - Rust corpus rejects dependency compiler failure
2026-10-09T18:15:31.3215591Z   ---
2026-10-09T18:15:31.3215881Z   duration_ms: 1.951292
2026-10-09T18:15:31.3216183Z   type: 'test'
2026-10-09T18:15:31.3216464Z   ...
2026-10-09T18:15:31.3217029Z # Subtest: Rust corpus rejects missing compiler diagnostic
2026-10-09T18:15:31.3217568Z ok 79 - Rust corpus rejects missing compiler diagnostic
2026-10-09T18:15:31.3217942Z   ---
2026-10-09T18:15:31.3218226Z   duration_ms: 2.08252
2026-10-09T18:15:31.3218523Z   type: 'test'
2026-10-09T18:15:31.3218798Z   ...
2026-10-09T18:15:31.3219191Z # Subtest: Rust corpus rejects changed rejected source
2026-10-09T18:15:31.3219676Z ok 80 - Rust corpus rejects changed rejected source
2026-10-09T18:15:31.3220051Z   ---
2026-10-09T18:15:31.3220339Z   duration_ms: 1.91021
2026-10-09T18:15:31.3220633Z   type: 'test'
2026-10-09T18:15:31.3220905Z   ...
2026-10-09T18:15:31.3221299Z # Subtest: Rust corpus rejects wrong runtime error
2026-10-09T18:15:31.3221772Z ok 81 - Rust corpus rejects wrong runtime error
2026-10-09T18:15:31.3222152Z   ---
2026-10-09T18:15:31.3222429Z   duration_ms: 3.256861
2026-10-09T18:15:31.3222715Z   type: 'test'
2026-10-09T18:15:31.3222982Z   ...
2026-10-09T18:15:31.3223367Z # Subtest: Rust corpus rejects missing limit rejection
2026-10-09T18:15:31.3223840Z ok 82 - Rust corpus rejects missing limit rejection
2026-10-09T18:15:31.3235652Z   ---
2026-10-09T18:15:31.3236019Z   duration_ms: 2.784087
2026-10-09T18:15:31.3236339Z   type: 'test'
2026-10-09T18:15:31.3236621Z   ...
2026-10-09T18:15:31.3237024Z # Subtest: Rust corpus rejects failed limit recovery
2026-10-09T18:15:31.3237518Z ok 83 - Rust corpus rejects failed limit recovery
2026-10-09T18:15:31.3237882Z   ---
2026-10-09T18:15:31.3238183Z   duration_ms: 2.412023
2026-10-09T18:15:31.3238479Z   type: 'test'
2026-10-09T18:15:31.3238755Z   ...
2026-10-09T18:15:31.3273343Z # Subtest: c corpus separates native numeric acceptance from compiler rejection
2026-10-09T18:15:31.3274080Z ok 84 - c corpus separates native numeric acceptance from compiler rejection
2026-10-09T18:15:31.3277097Z   ---
2026-10-09T18:15:31.3277303Z   duration_ms: 80.645879
2026-10-09T18:15:31.3277508Z   type: 'test'
2026-10-09T18:15:31.3277682Z   ...
2026-10-09T18:15:31.3278097Z # Subtest: cpp corpus separates native numeric acceptance from compiler rejection
2026-10-09T18:15:31.3278657Z ok 85 - cpp corpus separates native numeric acceptance from compiler rejection
2026-10-09T18:15:31.3278989Z   ---
2026-10-09T18:15:31.3279177Z   duration_ms: 71.248023
2026-10-09T18:15:31.3279374Z   type: 'test'
2026-10-09T18:15:31.3279544Z   ...
2026-10-09T18:15:31.3279832Z # Subtest: c corpus rejects missing compiler evidence
2026-10-09T18:15:31.3280344Z ok 86 - c corpus rejects missing compiler evidence
2026-10-09T18:15:31.3280633Z   ---
2026-10-09T18:15:31.3280831Z   duration_ms: 2.511377
2026-10-09T18:15:31.3281026Z   type: 'test'
2026-10-09T18:15:31.3281250Z   ...
2026-10-09T18:15:31.3281492Z # Subtest: c corpus rejects old compiler
2026-10-09T18:15:31.3281815Z ok 87 - c corpus rejects old compiler
2026-10-09T18:15:31.3282043Z   ---
2026-10-09T18:15:31.3282226Z   duration_ms: 3.917377
2026-10-09T18:15:31.3282425Z   type: 'test'
2026-10-09T18:15:31.3282667Z   ...
2026-10-09T18:15:31.3282917Z # Subtest: c corpus rejects wrong standard
2026-10-09T18:15:31.3283229Z ok 88 - c corpus rejects wrong standard
2026-10-09T18:15:31.3283458Z   ---
2026-10-09T18:15:31.3283641Z   duration_ms: 2.246428
2026-10-09T18:15:31.3283829Z   type: 'test'
2026-10-09T18:15:31.3283998Z   ...
2026-10-09T18:15:31.3284311Z # Subtest: c corpus rejects unbound source
2026-10-09T18:15:31.3284784Z ok 89 - c corpus rejects unbound source
2026-10-09T18:15:31.3285052Z   ---
2026-10-09T18:15:31.3285245Z   duration_ms: 2.587862
2026-10-09T18:15:31.3285634Z   type: 'test'
2026-10-09T18:15:31.3285798Z   ...
2026-10-09T18:15:31.3286107Z # Subtest: c corpus rejects unchecked signatures
2026-10-09T18:15:31.3286468Z ok 90 - c corpus rejects unchecked signatures
2026-10-09T18:15:31.3286727Z   ---
2026-10-09T18:15:31.3286978Z   duration_ms: 3.187276
2026-10-09T18:15:31.3287168Z   type: 'test'
2026-10-09T18:15:31.3287378Z   ...
2026-10-09T18:15:31.3287704Z # Subtest: c corpus rejects wrong binding IR
2026-10-09T18:15:31.3288064Z ok 91 - c corpus rejects wrong binding IR
2026-10-09T18:15:31.3288442Z   ---
2026-10-09T18:15:31.3288661Z   duration_ms: 1.460713
2026-10-09T18:15:31.3288849Z   type: 'test'
2026-10-09T18:15:31.3289022Z   ...
2026-10-09T18:15:31.3289343Z # Subtest: c corpus rejects remaining sources
2026-10-09T18:15:31.3289706Z ok 92 - c corpus rejects remaining sources
2026-10-09T18:15:31.3290069Z   ---
2026-10-09T18:15:31.3290284Z   duration_ms: 2.333228
2026-10-09T18:15:31.3290481Z   type: 'test'
2026-10-09T18:15:31.3290708Z   ...
2026-10-09T18:15:31.3291104Z # Subtest: c corpus rejects compiler during execution
2026-10-09T18:15:31.3291523Z ok 93 - c corpus rejects compiler during execution
2026-10-09T18:15:31.3291789Z   ---
2026-10-09T18:15:31.3294979Z   duration_ms: 3.730505
2026-10-09T18:15:31.3314808Z   type: 'test'
2026-10-09T18:15:31.3318404Z   ...
2026-10-09T18:15:31.3318816Z # Subtest: c corpus rejects runtime override
2026-10-09T18:15:31.3319282Z ok 94 - c corpus rejects runtime override
2026-10-09T18:15:31.3319640Z   ---
2026-10-09T18:15:31.3319956Z   duration_ms: 2.252747
2026-10-09T18:15:31.3320271Z   type: 'test'
2026-10-09T18:15:31.3320553Z   ...
2026-10-09T18:15:31.3320921Z # Subtest: c corpus rejects private headers
2026-10-09T18:15:31.3321368Z ok 95 - c corpus rejects private headers
2026-10-09T18:15:31.3321717Z   ---
2026-10-09T18:15:31.3322006Z   duration_ms: 2.919452
2026-10-09T18:15:31.3322298Z   type: 'test'
2026-10-09T18:15:31.3322565Z   ...
2026-10-09T18:15:31.3322924Z # Subtest: c corpus rejects unchecked narrowing
2026-10-09T18:15:31.3323389Z ok 96 - c corpus rejects unchecked narrowing
2026-10-09T18:15:31.3323722Z   ---
2026-10-09T18:15:31.3323992Z   duration_ms: 2.342312
2026-10-09T18:15:31.3324281Z   type: 'test'
2026-10-09T18:15:31.3324684Z   ...
2026-10-09T18:15:31.3325034Z # Subtest: c corpus rejects missing CMake
2026-10-09T18:15:31.3325451Z ok 97 - c corpus rejects missing CMake
2026-10-09T18:15:31.3325787Z   ---
2026-10-09T18:15:31.3326078Z   duration_ms: 3.75363
2026-10-09T18:15:31.3326385Z   type: 'test'
2026-10-09T18:15:31.3326662Z   ...
2026-10-09T18:15:31.3327053Z # Subtest: c corpus rejects unexecuted integration
2026-10-09T18:15:31.3327540Z ok 98 - c corpus rejects unexecuted integration
2026-10-09T18:15:31.3327900Z   ---
2026-10-09T18:15:31.3328189Z   duration_ms: 4.251751
2026-10-09T18:15:31.3328493Z   type: 'test'
2026-10-09T18:15:31.3328771Z   ...
2026-10-09T18:15:31.3329128Z # Subtest: c corpus rejects nonlocal runtime
2026-10-09T18:15:31.3329571Z ok 99 - c corpus rejects nonlocal runtime
2026-10-09T18:15:31.3329921Z   ---
2026-10-09T18:15:31.3330210Z   duration_ms: 3.944263
2026-10-09T18:15:31.3330513Z   type: 'test'
2026-10-09T18:15:31.3330788Z   ...
2026-10-09T18:15:31.3331170Z # Subtest: c corpus rejects missing runtime library
2026-10-09T18:15:31.3331658Z ok 100 - c corpus rejects missing runtime library
2026-10-09T18:15:31.3332025Z   ---
2026-10-09T18:15:31.3332319Z   duration_ms: 5.367953
2026-10-09T18:15:31.3332620Z   type: 'test'
2026-10-09T18:15:31.3332897Z   ...
2026-10-09T18:15:31.3333272Z # Subtest: c corpus rejects wrong runtime rejection
2026-10-09T18:15:31.3333738Z ok 101 - c corpus rejects wrong runtime rejection
2026-10-09T18:15:31.3334108Z   ---
2026-10-09T18:15:31.3334536Z   duration_ms: 4.246533
2026-10-09T18:15:31.3334850Z   type: 'test'
2026-10-09T18:15:31.3335128Z   ...
2026-10-09T18:15:31.3335492Z # Subtest: c corpus rejects failed recovery
2026-10-09T18:15:31.3335929Z ok 102 - c corpus rejects failed recovery
2026-10-09T18:15:31.3336272Z   ---
2026-10-09T18:15:31.3336806Z   duration_ms: 5.181093
2026-10-09T18:15:31.3337109Z   type: 'test'
2026-10-09T18:15:31.3337386Z   ...
2026-10-09T18:15:31.3337761Z # Subtest: c corpus rejects missing error check
2026-10-09T18:15:31.3338323Z ok 103 - c corpus rejects missing error check
2026-10-09T18:15:31.3340933Z   ---
2026-10-09T18:15:31.3341275Z   duration_ms: 4.181105
2026-10-09T18:15:31.3341586Z   type: 'test'
2026-10-09T18:15:31.3341867Z   ...
2026-10-09T18:15:31.3342227Z # Subtest: c corpus rejects aliased record
2026-10-09T18:15:31.3342863Z ok 104 - c corpus rejects aliased record
2026-10-09T18:15:31.3343222Z   ---
2026-10-09T18:15:31.3343515Z   duration_ms: 1.4326
2026-10-09T18:15:31.3343815Z   type: 'test'
2026-10-09T18:15:31.3344089Z   ...
2026-10-09T18:15:31.3344646Z # Subtest: c corpus rejects unrelated compiler failure
2026-10-09T18:15:31.3345159Z ok 105 - c corpus rejects unrelated compiler failure
2026-10-09T18:15:31.3345529Z   ---
2026-10-09T18:15:31.3345821Z   duration_ms: 1.387171
2026-10-09T18:15:31.3346130Z   type: 'test'
2026-10-09T18:15:31.3346408Z   ...
2026-10-09T18:15:31.3346790Z # Subtest: c corpus rejects header compiler failure
2026-10-09T18:15:31.3347268Z ok 106 - c corpus rejects header compiler failure
2026-10-09T18:15:31.3347625Z   ---
2026-10-09T18:15:31.3347914Z   duration_ms: 2.650166
2026-10-09T18:15:31.3348222Z   type: 'test'
2026-10-09T18:15:31.3348494Z   ...
2026-10-09T18:15:31.3348872Z # Subtest: c corpus rejects changed rejected input
2026-10-09T18:15:31.3349341Z ok 107 - c corpus rejects changed rejected input
2026-10-09T18:15:31.3349700Z   ---
2026-10-09T18:15:31.3349991Z   duration_ms: 1.542306
2026-10-09T18:15:31.3350284Z   type: 'test'
2026-10-09T18:15:31.3350554Z   ...
2026-10-09T18:15:31.3350952Z # Subtest: cpp corpus rejects missing compiler evidence
2026-10-09T18:15:31.3351451Z ok 108 - cpp corpus rejects missing compiler evidence
2026-10-09T18:15:31.3351812Z   ---
2026-10-09T18:15:31.3352097Z   duration_ms: 2.16198
2026-10-09T18:15:31.3352386Z   type: 'test'
2026-10-09T18:15:31.3352658Z   ...
2026-10-09T18:15:31.3353011Z # Subtest: cpp corpus rejects old compiler
2026-10-09T18:15:31.3353436Z ok 109 - cpp corpus rejects old compiler
2026-10-09T18:15:31.3353773Z   ---
2026-10-09T18:15:31.3354059Z   duration_ms: 1.633983
2026-10-09T18:15:31.3354357Z   type: 'test'
2026-10-09T18:15:31.3354777Z   ...
2026-10-09T18:15:31.3355136Z # Subtest: cpp corpus rejects wrong standard
2026-10-09T18:15:31.3355568Z ok 110 - cpp corpus rejects wrong standard
2026-10-09T18:15:31.3355900Z   ---
2026-10-09T18:15:31.3356182Z   duration_ms: 1.313961
2026-10-09T18:15:31.3356481Z   type: 'test'
2026-10-09T18:15:31.3356749Z   ...
2026-10-09T18:15:31.3357105Z # Subtest: cpp corpus rejects unbound source
2026-10-09T18:15:31.3357543Z ok 111 - cpp corpus rejects unbound source
2026-10-09T18:15:31.3357883Z   ---
2026-10-09T18:15:31.3358166Z   duration_ms: 3.146895
2026-10-09T18:15:31.3358460Z   type: 'test'
2026-10-09T18:15:31.3358733Z   ...
2026-10-09T18:15:31.3359141Z # Subtest: cpp corpus rejects unchecked signatures
2026-10-09T18:15:31.3359619Z ok 112 - cpp corpus rejects unchecked signatures
2026-10-09T18:15:31.3359980Z   ---
2026-10-09T18:15:31.3360265Z   duration_ms: 3.329581
2026-10-09T18:15:31.3360563Z   type: 'test'
2026-10-09T18:15:31.3360835Z   ...
2026-10-09T18:15:31.3361190Z # Subtest: cpp corpus rejects wrong binding IR
2026-10-09T18:15:31.3361631Z ok 113 - cpp corpus rejects wrong binding IR
2026-10-09T18:15:31.3361972Z   ---
2026-10-09T18:15:31.3362250Z   duration_ms: 2.298736
2026-10-09T18:15:31.3362541Z   type: 'test'
2026-10-09T18:15:31.3362814Z   ...
2026-10-09T18:15:31.3363175Z # Subtest: cpp corpus rejects remaining sources
2026-10-09T18:15:31.3363621Z ok 114 - cpp corpus rejects remaining sources
2026-10-09T18:15:31.3363965Z   ---
2026-10-09T18:15:31.3364248Z   duration_ms: 2.831419
2026-10-09T18:15:31.3364657Z   type: 'test'
2026-10-09T18:15:31.3364922Z   ...
2026-10-09T18:15:31.3365311Z # Subtest: cpp corpus rejects compiler during execution
2026-10-09T18:15:31.3365814Z ok 115 - cpp corpus rejects compiler during execution
2026-10-09T18:15:31.3366376Z   ---
2026-10-09T18:15:31.3366659Z   duration_ms: 1.838632
2026-10-09T18:15:31.3366947Z   type: 'test'
2026-10-09T18:15:31.3367215Z   ...
2026-10-09T18:15:31.3367578Z # Subtest: cpp corpus rejects runtime override
2026-10-09T18:15:31.3368032Z ok 116 - cpp corpus rejects runtime override
2026-10-09T18:15:31.3368376Z   ---
2026-10-09T18:15:31.3368656Z   duration_ms: 1.852633
2026-10-09T18:15:31.3368949Z   type: 'test'
2026-10-09T18:15:31.3369220Z   ...
2026-10-09T18:15:31.3369737Z # Subtest: cpp corpus rejects private headers
2026-10-09T18:15:31.3370195Z ok 117 - cpp corpus rejects private headers
2026-10-09T18:15:31.3378584Z   ---
2026-10-09T18:15:31.3424934Z   duration_ms: 2.683173
2026-10-09T18:15:31.3425177Z   type: 'test'
2026-10-09T18:15:31.3425357Z   ...
2026-10-09T18:15:31.3455345Z # Subtest: cpp corpus rejects unchecked narrowing
2026-10-09T18:15:31.3492477Z ok 118 - cpp corpus rejects unchecked narrowing
2026-10-09T18:15:31.3541968Z   ---
2026-10-09T18:15:31.3548440Z   duration_ms: 1.899364
2026-10-09T18:15:31.3554330Z   type: 'test'
2026-10-09T18:15:31.3554649Z   ...
2026-10-09T18:15:31.3554910Z # Subtest: cpp corpus rejects missing CMake
2026-10-09T18:15:31.3555237Z ok 119 - cpp corpus rejects missing CMake
2026-10-09T18:15:31.3555463Z   ---
2026-10-09T18:15:31.3555718Z   duration_ms: 1.853094
2026-10-09T18:15:31.3555925Z   type: 'test'
2026-10-09T18:15:31.3556565Z   ...
2026-10-09T18:15:31.3557080Z # Subtest: cpp corpus rejects unexecuted integration
2026-10-09T18:15:31.3557689Z ok 120 - cpp corpus rejects unexecuted integration
2026-10-09T18:15:31.3557938Z   ---
2026-10-09T18:15:31.3558116Z   duration_ms: 2.713762
2026-10-09T18:15:31.3558312Z   type: 'test'
2026-10-09T18:15:31.3558482Z   ...
2026-10-09T18:15:31.3558727Z # Subtest: cpp corpus rejects nonlocal runtime
2026-10-09T18:15:31.3559079Z ok 121 - cpp corpus rejects nonlocal runtime
2026-10-09T18:15:31.3559323Z   ---
2026-10-09T18:15:31.3559505Z   duration_ms: 1.874116
2026-10-09T18:15:31.3559698Z   type: 'test'
2026-10-09T18:15:31.3559859Z   ...
2026-10-09T18:15:31.3560133Z # Subtest: cpp corpus rejects missing runtime library
2026-10-09T18:15:31.3560502Z ok 122 - cpp corpus rejects missing runtime library
2026-10-09T18:15:31.3560765Z   ---
2026-10-09T18:15:31.3560944Z   duration_ms: 2.36085
2026-10-09T18:15:31.3561134Z   type: 'test'
2026-10-09T18:15:31.3561306Z   ...
2026-10-09T18:15:31.3561588Z # Subtest: cpp corpus rejects wrong runtime rejection
2026-10-09T18:15:31.3561969Z ok 123 - cpp corpus rejects wrong runtime rejection
2026-10-09T18:15:31.3562239Z   ---
2026-10-09T18:15:31.3562418Z   duration_ms: 3.162529
2026-10-09T18:15:31.3562611Z   type: 'test'
2026-10-09T18:15:31.3562779Z   ...
2026-10-09T18:15:31.3563036Z # Subtest: cpp corpus rejects failed recovery
2026-10-09T18:15:31.3563472Z ok 124 - cpp corpus rejects failed recovery
2026-10-09T18:15:31.3563741Z   ---
2026-10-09T18:15:31.3563927Z   duration_ms: 2.312888
2026-10-09T18:15:31.3564158Z   type: 'test'
2026-10-09T18:15:31.3564337Z   ...
2026-10-09T18:15:31.3564813Z # Subtest: cpp corpus rejects missing error check
2026-10-09T18:15:31.3565217Z ok 125 - cpp corpus rejects missing error check
2026-10-09T18:15:31.3565507Z   ---
2026-10-09T18:15:31.3565693Z   duration_ms: 3.274247
2026-10-09T18:15:31.3565924Z   type: 'test'
2026-10-09T18:15:31.3566100Z   ...
2026-10-09T18:15:31.3566386Z # Subtest: cpp corpus rejects aliased record
2026-10-09T18:15:31.3566756Z ok 126 - cpp corpus rejects aliased record
2026-10-09T18:15:31.3567029Z   ---
2026-10-09T18:15:31.3567220Z   duration_ms: 1.077264
2026-10-09T18:15:31.3567446Z   type: 'test'
2026-10-09T18:15:31.3567621Z   ...
2026-10-09T18:15:31.3567938Z # Subtest: cpp corpus rejects unrelated compiler failure
2026-10-09T18:15:31.3568267Z ok 127 - cpp corpus rejects unrelated compiler failure
2026-10-09T18:15:31.3568452Z   ---
2026-10-09T18:15:31.3568566Z   duration_ms: 1.038465
2026-10-09T18:15:31.3568688Z   type: 'test'
2026-10-09T18:15:31.3568799Z   ...
2026-10-09T18:15:31.3568968Z # Subtest: cpp corpus rejects header compiler failure
2026-10-09T18:15:31.3569433Z ok 128 - cpp corpus rejects header compiler failure
2026-10-09T18:15:31.3569616Z   ---
2026-10-09T18:15:31.3569729Z   duration_ms: 1.024926
2026-10-09T18:15:31.3569851Z   type: 'test'
2026-10-09T18:15:31.3569963Z   ...
2026-10-09T18:15:31.3570132Z # Subtest: cpp corpus rejects changed rejected input
2026-10-09T18:15:31.3570379Z ok 129 - cpp corpus rejects changed rejected input
2026-10-09T18:15:31.3570583Z   ---
2026-10-09T18:15:31.3570697Z   duration_ms: 1.017485
2026-10-09T18:15:31.3570913Z   type: 'test'
2026-10-09T18:15:31.3571018Z   ...
2026-10-09T18:15:31.3571284Z # Subtest: .NET separates C\# type errors from executed public calls and recovery
2026-10-09T18:15:31.3571646Z ok 130 - .NET separates C\# type errors from executed public calls and recovery
2026-10-09T18:15:31.3571868Z   ---
2026-10-09T18:15:31.3571987Z   duration_ms: 70.720022
2026-10-09T18:15:31.3572116Z   type: 'test'
2026-10-09T18:15:31.3572224Z   ...
2026-10-09T18:15:31.3572476Z # Subtest: .NET requires source-located Roslyn diagnostics for the exact rejected input
2026-10-09T18:15:31.3572863Z ok 131 - .NET requires source-located Roslyn diagnostics for the exact rejected input
2026-10-09T18:15:31.3573102Z   ---
2026-10-09T18:15:31.3573215Z   duration_ms: 0.91526
2026-10-09T18:15:31.3573339Z   type: 'test'
2026-10-09T18:15:31.3573446Z   ...
2026-10-09T18:15:31.3573635Z # Subtest: .NET corpus rejects missing compiler evidence
2026-10-09T18:15:31.3573897Z ok 132 - .NET corpus rejects missing compiler evidence
2026-10-09T18:15:31.3574083Z   ---
2026-10-09T18:15:31.3574198Z   duration_ms: 1.343917
2026-10-09T18:15:31.3574320Z   type: 'test'
2026-10-09T18:15:31.3574575Z   ...
2026-10-09T18:15:31.3574826Z # Subtest: .NET corpus rejects wrong SDK
2026-10-09T18:15:31.3575132Z ok 133 - .NET corpus rejects wrong SDK
2026-10-09T18:15:31.3575350Z   ---
2026-10-09T18:15:31.3575524Z   duration_ms: 1.106338
2026-10-09T18:15:31.3575709Z   type: 'test'
2026-10-09T18:15:31.3575873Z   ...
2026-10-09T18:15:31.3576107Z # Subtest: .NET corpus rejects wrong runtime
2026-10-09T18:15:31.3576417Z ok 134 - .NET corpus rejects wrong runtime
2026-10-09T18:15:31.3576638Z   ---
2026-10-09T18:15:31.3576810Z   duration_ms: 1.095893
2026-10-09T18:15:31.3576995Z   type: 'test'
2026-10-09T18:15:31.3577155Z   ...
2026-10-09T18:15:31.3577395Z # Subtest: .NET corpus rejects wrong compiler
2026-10-09T18:15:31.3638069Z ok 135 - .NET corpus rejects wrong compiler
2026-10-09T18:15:31.3638344Z   ---
2026-10-09T18:15:31.3638545Z   duration_ms: 1.000699
2026-10-09T18:15:31.3638758Z   type: 'test'
2026-10-09T18:15:31.3638935Z   ...
2026-10-09T18:15:31.3639242Z # Subtest: .NET corpus rejects unchecked compiler flags
2026-10-09T18:15:31.3639654Z ok 136 - .NET corpus rejects unchecked compiler flags
2026-10-09T18:15:31.3639929Z   ---
2026-10-09T18:15:31.3640124Z   duration_ms: 2.533209
2026-10-09T18:15:31.3640321Z   type: 'test'
2026-10-09T18:15:31.3640493Z   ...
2026-10-09T18:15:31.3640773Z # Subtest: .NET corpus rejects unbound source
2026-10-09T18:15:31.3641151Z ok 137 - .NET corpus rejects unbound source
2026-10-09T18:15:31.3641415Z   ---
2026-10-09T18:15:31.3641618Z   duration_ms: 1.390447
2026-10-09T18:15:31.3641828Z   type: 'test'
2026-10-09T18:15:31.3642010Z   ...
2026-10-09T18:15:31.3642308Z # Subtest: .NET corpus rejects unchecked signatures
2026-10-09T18:15:31.3642713Z ok 138 - .NET corpus rejects unchecked signatures
2026-10-09T18:15:31.3643041Z   ---
2026-10-09T18:15:31.3643232Z   duration_ms: 1.39909
2026-10-09T18:15:31.3643432Z   type: 'test'
2026-10-09T18:15:31.3643616Z   ...
2026-10-09T18:15:31.3643890Z # Subtest: .NET corpus rejects wrong binding IR
2026-10-09T18:15:31.3644257Z ok 139 - .NET corpus rejects wrong binding IR
2026-10-09T18:15:31.3644640Z   ---
2026-10-09T18:15:31.3644834Z   duration_ms: 1.386911
2026-10-09T18:15:31.3645036Z   type: 'test'
2026-10-09T18:15:31.3645214Z   ...
2026-10-09T18:15:31.3645515Z # Subtest: .NET corpus rejects unhashed declarations
2026-10-09T18:15:31.3645910Z ok 140 - .NET corpus rejects unhashed declarations
2026-10-09T18:15:31.3646378Z   ---
2026-10-09T18:15:31.3646572Z   duration_ms: 1.561164
2026-10-09T18:15:31.3646774Z   type: 'test'
2026-10-09T18:15:31.3646948Z   ...
2026-10-09T18:15:31.3647224Z # Subtest: .NET corpus rejects unhashed package
2026-10-09T18:15:31.3647592Z ok 141 - .NET corpus rejects unhashed package
2026-10-09T18:15:31.3647818Z   ---
2026-10-09T18:15:31.3647990Z   duration_ms: 1.336575
2026-10-09T18:15:31.3648175Z   type: 'test'
2026-10-09T18:15:31.3648336Z   ...
2026-10-09T18:15:31.3648725Z # Subtest: .NET corpus rejects missing reference assembly
2026-10-09T18:15:31.3649152Z ok 142 - .NET corpus rejects missing reference assembly
2026-10-09T18:15:31.3649433Z   ---
2026-10-09T18:15:31.3649619Z   duration_ms: 1.535285
2026-10-09T18:15:31.3649807Z   type: 'test'
2026-10-09T18:15:31.3649971Z   ...
2026-10-09T18:15:31.3650217Z # Subtest: .NET corpus rejects private API
2026-10-09T18:15:31.3650548Z ok 143 - .NET corpus rejects private API
2026-10-09T18:15:31.3650788Z   ---
2026-10-09T18:15:31.3650966Z   duration_ms: 1.846945
2026-10-09T18:15:31.3651158Z   type: 'test'
2026-10-09T18:15:31.3651332Z   ...
2026-10-09T18:15:31.3651605Z # Subtest: .NET corpus rejects remaining sources
2026-10-09T18:15:31.3651961Z ok 144 - .NET corpus rejects remaining sources
2026-10-09T18:15:31.3652211Z   ---
2026-10-09T18:15:31.3652385Z   duration_ms: 3.051471
2026-10-09T18:15:31.3652578Z   type: 'test'
2026-10-09T18:15:31.3652744Z   ...
2026-10-09T18:15:31.3654946Z # Subtest: .NET corpus rejects warm package cache
2026-10-09T18:15:31.3655320Z ok 145 - .NET corpus rejects warm package cache
2026-10-09T18:15:31.3655561Z   ---
2026-10-09T18:15:31.3655731Z   duration_ms: 1.427122
2026-10-09T18:15:31.3655911Z   type: 'test'
2026-10-09T18:15:31.3656067Z   ...
2026-10-09T18:15:31.3656302Z # Subtest: .NET corpus rejects warm CLI home
2026-10-09T18:15:31.3656610Z ok 146 - .NET corpus rejects warm CLI home
2026-10-09T18:15:31.3656826Z   ---
2026-10-09T18:15:31.3657016Z   duration_ms: 1.403917
2026-10-09T18:15:31.3657206Z   type: 'test'
2026-10-09T18:15:31.3657364Z   ...
2026-10-09T18:15:31.3657601Z # Subtest: .NET corpus rejects online restore
2026-10-09T18:15:31.3657911Z ok 147 - .NET corpus rejects online restore
2026-10-09T18:15:31.3658139Z   ---
2026-10-09T18:15:31.3658309Z   duration_ms: 1.321743
2026-10-09T18:15:31.3658489Z   type: 'test'
2026-10-09T18:15:31.3658652Z   ...
2026-10-09T18:15:31.3658902Z # Subtest: .NET corpus rejects unlocked restore
2026-10-09T18:15:31.3659242Z ok 148 - .NET corpus rejects unlocked restore
2026-10-09T18:15:31.3659499Z   ---
2026-10-09T18:15:31.3659681Z   duration_ms: 1.340441
2026-10-09T18:15:31.3659877Z   type: 'test'
2026-10-09T18:15:31.3660046Z   ...
2026-10-09T18:15:31.3660336Z # Subtest: .NET corpus rejects compiler during execution
2026-10-09T18:15:31.3660710Z ok 149 - .NET corpus rejects compiler during execution
2026-10-09T18:15:31.3660974Z   ---
2026-10-09T18:15:31.3661150Z   duration_ms: 1.879564
2026-10-09T18:15:31.3661338Z   type: 'test'
2026-10-09T18:15:31.3661508Z   ...
2026-10-09T18:15:31.3661760Z # Subtest: .NET corpus rejects SDK at runtime
2026-10-09T18:15:31.3662087Z ok 150 - .NET corpus rejects SDK at runtime
2026-10-09T18:15:31.3662319Z   ---
2026-10-09T18:15:31.3662499Z   duration_ms: 1.456016
2026-10-09T18:15:31.3662714Z   type: 'test'
2026-10-09T18:15:31.3662878Z   ...
2026-10-09T18:15:31.3663161Z # Subtest: .NET corpus rejects missing native runtime
2026-10-09T18:15:31.3663532Z ok 151 - .NET corpus rejects missing native runtime
2026-10-09T18:15:31.3663796Z   ---
2026-10-09T18:15:31.3663973Z   duration_ms: 1.523607
2026-10-09T18:15:31.3664164Z   type: 'test'
2026-10-09T18:15:31.3664330Z   ...
2026-10-09T18:15:31.3664707Z # Subtest: .NET corpus rejects changed assembly
2026-10-09T18:15:31.3665059Z ok 152 - .NET corpus rejects changed assembly
2026-10-09T18:15:31.3665307Z   ---
2026-10-09T18:15:31.3665484Z   duration_ms: 2.194529
2026-10-09T18:15:31.3665675Z   type: 'test'
2026-10-09T18:15:31.3665845Z   ...
2026-10-09T18:15:31.3666284Z # Subtest: .NET corpus rejects wrong host binary
2026-10-09T18:15:31.3666614Z ok 153 - .NET corpus rejects wrong host binary
2026-10-09T18:15:31.3666857Z   ---
2026-10-09T18:15:31.3667032Z   duration_ms: 2.835396
2026-10-09T18:15:31.3667222Z   type: 'test'
2026-10-09T18:15:31.3667390Z   ...
2026-10-09T18:15:31.3667684Z # Subtest: .NET corpus rejects wrong loaded library
2026-10-09T18:15:31.3668072Z ok 154 - .NET corpus rejects wrong loaded library
2026-10-09T18:15:31.3668331Z   ---
2026-10-09T18:15:31.3668519Z   duration_ms: 2.36764
2026-10-09T18:15:31.3668834Z   type: 'test'
2026-10-09T18:15:31.3668994Z   ...
2026-10-09T18:15:31.3669255Z # Subtest: .NET corpus rejects wrong assembly path
2026-10-09T18:15:31.3669623Z ok 155 - .NET corpus rejects wrong assembly path
2026-10-09T18:15:31.3669880Z   ---
2026-10-09T18:15:31.3670064Z   duration_ms: 2.216381
2026-10-09T18:15:31.3670258Z   type: 'test'
2026-10-09T18:15:31.3670423Z   ...
2026-10-09T18:15:31.3670706Z # Subtest: .NET corpus rejects retained copied records
2026-10-09T18:15:31.3671105Z ok 156 - .NET corpus rejects retained copied records
2026-10-09T18:15:31.3671356Z   ---
2026-10-09T18:15:31.3671533Z   duration_ms: 1.437527
2026-10-09T18:15:31.3671727Z   type: 'test'
2026-10-09T18:15:31.3671882Z   ...
2026-10-09T18:15:31.3672045Z # Subtest: .NET corpus rejects missing runtime error
2026-10-09T18:15:31.3672262Z ok 157 - .NET corpus rejects missing runtime error
2026-10-09T18:15:31.3672415Z   ---
2026-10-09T18:15:31.3672523Z   duration_ms: 2.310294
2026-10-09T18:15:31.3672639Z   type: 'test'
2026-10-09T18:15:31.3672744Z   ...
2026-10-09T18:15:31.3672897Z # Subtest: .NET corpus rejects wrong runtime error
2026-10-09T18:15:31.3673102Z ok 158 - .NET corpus rejects wrong runtime error
2026-10-09T18:15:31.3673249Z   ---
2026-10-09T18:15:31.3673356Z   duration_ms: 2.291615
2026-10-09T18:15:31.3673470Z   type: 'test'
2026-10-09T18:15:31.3673573Z   ...
2026-10-09T18:15:31.3673730Z # Subtest: .NET corpus rejects failed error recovery
2026-10-09T18:15:31.3673941Z ok 159 - .NET corpus rejects failed error recovery
2026-10-09T18:15:31.3674095Z   ---
2026-10-09T18:15:31.3674201Z   duration_ms: 2.204214
2026-10-09T18:15:31.3674316Z   type: 'test'
2026-10-09T18:15:31.3674560Z   ...
2026-10-09T18:15:31.3674813Z # Subtest: .NET corpus rejects failed Nat recovery
2026-10-09T18:15:31.3675170Z ok 160 - .NET corpus rejects failed Nat recovery
2026-10-09T18:15:31.3675317Z   ---
2026-10-09T18:15:31.3675425Z   duration_ms: 0.976583
2026-10-09T18:15:31.3675540Z   type: 'test'
2026-10-09T18:15:31.3675642Z   ...
2026-10-09T18:15:31.3675819Z # Subtest: .NET corpus rejects unrelated compiler failure
2026-10-09T18:15:31.3676051Z ok 161 - .NET corpus rejects unrelated compiler failure
2026-10-09T18:15:31.3676207Z   ---
2026-10-09T18:15:31.3676317Z   duration_ms: 0.840738
2026-10-09T18:15:31.3676432Z   type: 'test'
2026-10-09T18:15:31.3676533Z   ...
2026-10-09T18:15:31.3676708Z # Subtest: .NET corpus rejects dependency compiler failure
2026-10-09T18:15:31.3676950Z ok 162 - .NET corpus rejects dependency compiler failure
2026-10-09T18:15:31.3677110Z   ---
2026-10-09T18:15:31.3677217Z   duration_ms: 1.460522
2026-10-09T18:15:31.3677334Z   type: 'test'
2026-10-09T18:15:31.3677435Z   ...
2026-10-09T18:15:31.3677588Z # Subtest: .NET corpus rejects missing diagnostic
2026-10-09T18:15:31.3677797Z ok 163 - .NET corpus rejects missing diagnostic
2026-10-09T18:15:31.3677945Z   ---
2026-10-09T18:15:31.3678056Z   duration_ms: 0.924655
2026-10-09T18:15:31.3678171Z   type: 'test'
2026-10-09T18:15:31.3678280Z   ...
2026-10-09T18:15:31.3678445Z # Subtest: .NET corpus rejects changed invalid source
2026-10-09T18:15:31.3678662Z ok 164 - .NET corpus rejects changed invalid source
2026-10-09T18:15:31.3678818Z   ---
2026-10-09T18:15:31.3678924Z   duration_ms: 0.845304
2026-10-09T18:15:31.3679041Z   type: 'test'
2026-10-09T18:15:31.3679302Z   ...
2026-10-09T18:15:31.3679546Z # Subtest: java corpus separates compiler errors, unsigned range checks and Lean results
2026-10-09T18:15:31.3679908Z ok 165 - java corpus separates compiler errors, unsigned range checks and Lean results
2026-10-09T18:15:31.3680245Z   ---
2026-10-09T18:15:31.3680355Z   duration_ms: 68.059378
2026-10-09T18:15:31.3680475Z   type: 'test'
2026-10-09T18:15:31.3680577Z   ...
2026-10-09T18:15:31.3680779Z # Subtest: java diagnostics bind rejection to the exact invalid call
2026-10-09T18:15:31.3681062Z ok 166 - java diagnostics bind rejection to the exact invalid call
2026-10-09T18:15:31.3681240Z   ---
2026-10-09T18:15:31.3681350Z   duration_ms: 0.933948
2026-10-09T18:15:31.3681466Z   type: 'test'
2026-10-09T18:15:31.3681647Z   ...
2026-10-09T18:15:31.3681802Z # Subtest: java corpus rejects missing evidence
2026-10-09T18:15:31.3682009Z ok 167 - java corpus rejects missing evidence
2026-10-09T18:15:31.3682158Z   ---
2026-10-09T18:15:31.3682269Z   duration_ms: 1.30641
2026-10-09T18:15:31.3682388Z   type: 'test'
2026-10-09T18:15:31.3682491Z   ...
2026-10-09T18:15:31.3682634Z # Subtest: java corpus rejects wrong JVM
2026-10-09T18:15:31.3682818Z ok 168 - java corpus rejects wrong JVM
2026-10-09T18:15:31.3682954Z   ---
2026-10-09T18:15:31.3683063Z   duration_ms: 2.563044
2026-10-09T18:15:31.3683184Z   type: 'test'
2026-10-09T18:15:31.3683287Z   ...
2026-10-09T18:15:31.3683436Z # Subtest: java corpus rejects wrong compiler
2026-10-09T18:15:31.3683628Z ok 169 - java corpus rejects wrong compiler
2026-10-09T18:15:31.3683776Z   ---
2026-10-09T18:15:31.3683884Z   duration_ms: 1.15447
2026-10-09T18:15:31.3684001Z   type: 'test'
2026-10-09T18:15:31.3684106Z   ...
2026-10-09T18:15:31.3684249Z # Subtest: java corpus rejects wrong Maven
2026-10-09T18:15:31.3684594Z ok 170 - java corpus rejects wrong Maven
2026-10-09T18:15:31.3684739Z   ---
2026-10-09T18:15:31.3684847Z   duration_ms: 1.024565
2026-10-09T18:15:31.3684964Z   type: 'test'
2026-10-09T18:15:31.3685066Z   ...
2026-10-09T18:15:31.3685231Z # Subtest: java corpus rejects missing compiler hash
2026-10-09T18:15:31.3685450Z ok 171 - java corpus rejects missing compiler hash
2026-10-09T18:15:31.3685601Z   ---
2026-10-09T18:15:31.3685714Z   duration_ms: 1.02745
2026-10-09T18:15:31.3685829Z   type: 'test'
2026-10-09T18:15:31.3685932Z   ...
2026-10-09T18:15:31.3686096Z # Subtest: java corpus rejects wrong consumer source
2026-10-09T18:15:31.3686311Z ok 172 - java corpus rejects wrong consumer source
2026-10-09T18:15:31.3686463Z   ---
2026-10-09T18:15:31.3686575Z   duration_ms: 1.473102
2026-10-09T18:15:31.3686690Z   type: 'test'
2026-10-09T18:15:31.3686794Z   ...
2026-10-09T18:15:31.3686959Z # Subtest: java corpus rejects wrong public signatures
2026-10-09T18:15:31.3687186Z ok 173 - java corpus rejects wrong public signatures
2026-10-09T18:15:31.3687339Z   ---
2026-10-09T18:15:31.3687446Z   duration_ms: 2.111193
2026-10-09T18:15:31.3687565Z   type: 'test'
2026-10-09T18:15:31.3687670Z   ...
2026-10-09T18:15:31.3687822Z # Subtest: java corpus rejects wrong binding IR
2026-10-09T18:15:31.3688024Z ok 174 - java corpus rejects wrong binding IR
2026-10-09T18:15:31.3688168Z   ---
2026-10-09T18:15:31.3688274Z   duration_ms: 1.37973
2026-10-09T18:15:31.3688391Z   type: 'test'
2026-10-09T18:15:31.3688496Z   ...
2026-10-09T18:15:31.3688636Z # Subtest: java corpus rejects wrong POM
2026-10-09T18:15:31.3688817Z ok 175 - java corpus rejects wrong POM
2026-10-09T18:15:31.3688955Z   ---
2026-10-09T18:15:31.3689061Z   duration_ms: 1.357627
2026-10-09T18:15:31.3689179Z   type: 'test'
2026-10-09T18:15:31.3689285Z   ...
2026-10-09T18:15:31.3689423Z # Subtest: java corpus rejects wrong JAR
2026-10-09T18:15:31.3689601Z ok 176 - java corpus rejects wrong JAR
2026-10-09T18:15:31.3689737Z   ---
2026-10-09T18:15:31.3689849Z   duration_ms: 1.415294
2026-10-09T18:15:31.3689965Z   type: 'test'
2026-10-09T18:15:31.3690069Z   ...
2026-10-09T18:15:31.3690222Z # Subtest: java corpus rejects ambient settings
2026-10-09T18:15:31.3690423Z ok 177 - java corpus rejects ambient settings
2026-10-09T18:15:31.3690569Z   ---
2026-10-09T18:15:31.3690683Z   duration_ms: 1.89034
2026-10-09T18:15:31.3690799Z   type: 'test'
2026-10-09T18:15:31.3690903Z   ...
2026-10-09T18:15:31.3691160Z # Subtest: java corpus rejects weakened compiler
2026-10-09T18:15:31.3691370Z ok 178 - java corpus rejects weakened compiler
2026-10-09T18:15:31.3691518Z   ---
2026-10-09T18:15:31.3691625Z   duration_ms: 1.899043
2026-10-09T18:15:31.3691744Z   type: 'test'
2026-10-09T18:15:31.3691847Z   ...
2026-10-09T18:15:31.3691994Z # Subtest: java corpus rejects ambient cache
2026-10-09T18:15:31.3692189Z ok 179 - java corpus rejects ambient cache
2026-10-09T18:15:31.3692328Z   ---
2026-10-09T18:15:31.3692435Z   duration_ms: 2.216963
2026-10-09T18:15:31.3692634Z   type: 'test'
2026-10-09T18:15:31.3692743Z   ...
2026-10-09T18:15:31.3692885Z # Subtest: java corpus rejects ambient home
2026-10-09T18:15:31.3693073Z ok 180 - java corpus rejects ambient home
2026-10-09T18:15:31.3693217Z   ---
2026-10-09T18:15:31.3693326Z   duration_ms: 2.186136
2026-10-09T18:15:31.3693445Z   type: 'test'
2026-10-09T18:15:31.3693555Z   ...
2026-10-09T18:15:31.3693710Z # Subtest: java corpus rejects online resolution
2026-10-09T18:15:31.3693916Z ok 181 - java corpus rejects online resolution
2026-10-09T18:15:31.3694062Z   ---
2026-10-09T18:15:31.3694171Z   duration_ms: 3.103519
2026-10-09T18:15:31.3694289Z   type: 'test'
2026-10-09T18:15:31.3694390Z   ...
2026-10-09T18:15:31.3694668Z # Subtest: java corpus rejects extra classpath
2026-10-09T18:15:31.3694867Z ok 182 - java corpus rejects extra classpath
2026-10-09T18:15:31.3695010Z   ---
2026-10-09T18:15:31.3695117Z   duration_ms: 1.499141
2026-10-09T18:15:31.3695234Z   type: 'test'
2026-10-09T18:15:31.3695335Z   ...
2026-10-09T18:15:31.3695518Z # Subtest: java corpus rejects missing resolved dependencies
2026-10-09T18:15:31.3695768Z ok 183 - java corpus rejects missing resolved dependencies
2026-10-09T18:15:31.3695930Z   ---
2026-10-09T18:15:31.3696037Z   duration_ms: 1.480752
2026-10-09T18:15:31.3696153Z   type: 'test'
2026-10-09T18:15:31.3696257Z   ...
2026-10-09T18:15:31.3696429Z # Subtest: java corpus rejects missing runtime dependency
2026-10-09T18:15:31.3696662Z ok 184 - java corpus rejects missing runtime dependency
2026-10-09T18:15:31.3696828Z   ---
2026-10-09T18:15:31.3696936Z   duration_ms: 1.657569
2026-10-09T18:15:31.3697052Z   type: 'test'
2026-10-09T18:15:31.3697155Z   ...
2026-10-09T18:15:31.3697333Z # Subtest: java corpus rejects duplicate runtime dependency
2026-10-09T18:15:31.3697578Z ok 185 - java corpus rejects duplicate runtime dependency
2026-10-09T18:15:31.3697741Z   ---
2026-10-09T18:15:31.3697850Z   duration_ms: 1.621165
2026-10-09T18:15:31.3697965Z   type: 'test'
2026-10-09T18:15:31.3698067Z   ...
2026-10-09T18:15:31.3698243Z # Subtest: java corpus rejects unlocked runtime dependency
2026-10-09T18:15:31.3698479Z ok 186 - java corpus rejects unlocked runtime dependency
2026-10-09T18:15:31.3698636Z   ---
2026-10-09T18:15:31.3698744Z   duration_ms: 2.187959
2026-10-09T18:15:31.3698858Z   type: 'test'
2026-10-09T18:15:31.3698960Z   ...
2026-10-09T18:15:31.3699134Z # Subtest: java corpus rejects changed resolved dependency
2026-10-09T18:15:31.3699371Z ok 187 - java corpus rejects changed resolved dependency
2026-10-09T18:15:31.3699528Z   ---
2026-10-09T18:15:31.3699636Z   duration_ms: 2.118494
2026-10-09T18:15:31.3699756Z   type: 'test'
2026-10-09T18:15:31.3699857Z   ...
2026-10-09T18:15:31.3700029Z # Subtest: java corpus rejects changed deployed dependency
2026-10-09T18:15:31.3700265Z ok 188 - java corpus rejects changed deployed dependency
2026-10-09T18:15:31.3700421Z   ---
2026-10-09T18:15:31.3700529Z   duration_ms: 2.378506
2026-10-09T18:15:31.3700646Z   type: 'test'
2026-10-09T18:15:31.3700751Z   ...
2026-10-09T18:15:31.3700919Z # Subtest: java corpus rejects wrong dependency size
2026-10-09T18:15:31.3701137Z ok 189 - java corpus rejects wrong dependency size
2026-10-09T18:15:31.3701318Z   ---
2026-10-09T18:15:31.3701429Z   duration_ms: 2.414791
2026-10-09T18:15:31.3701544Z   type: 'test'
2026-10-09T18:15:31.3701649Z   ...
2026-10-09T18:15:31.3701832Z # Subtest: java corpus rejects missing annotations dependency
2026-10-09T18:15:31.3702087Z ok 190 - java corpus rejects missing annotations dependency
2026-10-09T18:15:31.3702353Z   ---
2026-10-09T18:15:31.3702461Z   duration_ms: 3.123039
2026-10-09T18:15:31.3702577Z   type: 'test'
2026-10-09T18:15:31.3702681Z   ...
2026-10-09T18:15:31.3702864Z # Subtest: java corpus rejects undeclared deployed dependency
2026-10-09T18:15:31.3703114Z ok 191 - java corpus rejects undeclared deployed dependency
2026-10-09T18:15:31.3703276Z   ---
2026-10-09T18:15:31.3703385Z   duration_ms: 3.851037
2026-10-09T18:15:31.3703501Z   type: 'test'
2026-10-09T18:15:31.3703602Z   ...
2026-10-09T18:15:31.3703865Z # Subtest: java corpus rejects old standard library location
2026-10-09T18:15:31.3704109Z ok 192 - java corpus rejects old standard library location
2026-10-09T18:15:31.3704271Z   ---
2026-10-09T18:15:31.3704383Z   duration_ms: 2.392287
2026-10-09T18:15:31.3704637Z   type: 'test'
2026-10-09T18:15:31.3704741Z   ...
2026-10-09T18:15:31.3704921Z # Subtest: java corpus rejects compiler as runtime dependency
2026-10-09T18:15:31.3705172Z ok 193 - java corpus rejects compiler as runtime dependency
2026-10-09T18:15:31.3705338Z   ---
2026-10-09T18:15:31.3705446Z   duration_ms: 2.318245
2026-10-09T18:15:31.3705566Z   type: 'test'
2026-10-09T18:15:31.3705668Z   ...
2026-10-09T18:15:31.3705848Z # Subtest: java corpus rejects unsafe runtime dependency path
2026-10-09T18:15:31.3706098Z ok 194 - java corpus rejects unsafe runtime dependency path
2026-10-09T18:15:31.3706262Z   ---
2026-10-09T18:15:31.3706371Z   duration_ms: 3.043008
2026-10-09T18:15:31.3706487Z   type: 'test'
2026-10-09T18:15:31.3706590Z   ...
2026-10-09T18:15:31.3706744Z # Subtest: java corpus rejects runtime override
2026-10-09T18:15:31.3706944Z ok 195 - java corpus rejects runtime override
2026-10-09T18:15:31.3707091Z   ---
2026-10-09T18:15:31.3707198Z   duration_ms: 2.316833
2026-10-09T18:15:31.3707312Z   type: 'test'
2026-10-09T18:15:31.3707415Z   ...
2026-10-09T18:15:31.3707571Z # Subtest: java corpus rejects source tree present
2026-10-09T18:15:31.3707779Z ok 196 - java corpus rejects source tree present
2026-10-09T18:15:31.3707931Z   ---
2026-10-09T18:15:31.3708037Z   duration_ms: 2.261039
2026-10-09T18:15:31.3708153Z   type: 'test'
2026-10-09T18:15:31.3708254Z   ...
2026-10-09T18:15:31.3708426Z # Subtest: java corpus rejects compiler during execution
2026-10-09T18:15:31.3708654Z ok 197 - java corpus rejects compiler during execution
2026-10-09T18:15:31.3708808Z   ---
2026-10-09T18:15:31.3708927Z   duration_ms: 2.264765
2026-10-09T18:15:31.3709047Z   type: 'test'
2026-10-09T18:15:31.3709149Z   ...
2026-10-09T18:15:31.3709328Z # Subtest: java corpus rejects uncleared native extraction
2026-10-09T18:15:31.3709567Z ok 198 - java corpus rejects uncleared native extraction
2026-10-09T18:15:31.3709722Z   ---
2026-10-09T18:15:31.3709829Z   duration_ms: 2.954825
2026-10-09T18:15:31.3709949Z   type: 'test'
2026-10-09T18:15:31.3710050Z   ...
2026-10-09T18:15:31.3710204Z # Subtest: java corpus rejects single execution
2026-10-09T18:15:31.3710408Z ok 199 - java corpus rejects single execution
2026-10-09T18:15:31.3710554Z   ---
2026-10-09T18:15:31.3710662Z   duration_ms: 2.223963
2026-10-09T18:15:31.3710780Z   type: 'test'
2026-10-09T18:15:31.3710882Z   ...
2026-10-09T18:15:31.3711030Z # Subtest: java corpus rejects missing plugin
2026-10-09T18:15:31.3711225Z ok 200 - java corpus rejects missing plugin
2026-10-09T18:15:31.3711369Z   ---
2026-10-09T18:15:31.3711477Z   duration_ms: 2.446549
2026-10-09T18:15:31.3711595Z   type: 'test'
2026-10-09T18:15:31.3711701Z   ...
2026-10-09T18:15:31.3711848Z # Subtest: java corpus rejects mutable plugin
2026-10-09T18:15:31.3712043Z ok 201 - java corpus rejects mutable plugin
2026-10-09T18:15:31.3712188Z   ---
2026-10-09T18:15:31.3712296Z   duration_ms: 1.572591
2026-10-09T18:15:31.3712413Z   type: 'test'
2026-10-09T18:15:31.3712516Z   ...
2026-10-09T18:15:31.3712662Z # Subtest: java corpus rejects unbound plugin
2026-10-09T18:15:31.3712853Z ok 202 - java corpus rejects unbound plugin
2026-10-09T18:15:31.3712994Z   ---
2026-10-09T18:15:31.3713105Z   duration_ms: 2.133708
2026-10-09T18:15:31.3713318Z   type: 'test'
2026-10-09T18:15:31.3713422Z   ...
2026-10-09T18:15:31.3713584Z # Subtest: java corpus rejects unsafe plugin path
2026-10-09T18:15:31.3713793Z ok 203 - java corpus rejects unsafe plugin path
2026-10-09T18:15:31.3713994Z   ---
2026-10-09T18:15:31.3714170Z   duration_ms: 1.741246
2026-10-09T18:15:31.3714354Z   type: 'test'
2026-10-09T18:15:31.3714599Z   ...
2026-10-09T18:15:31.3714849Z # Subtest: java corpus rejects compiler at runtime
2026-10-09T18:15:31.3715196Z ok 204 - java corpus rejects compiler at runtime
2026-10-09T18:15:31.3715538Z   ---
2026-10-09T18:15:31.3715717Z   duration_ms: 1.885112
2026-10-09T18:15:31.3715907Z   type: 'test'
2026-10-09T18:15:31.3716072Z   ...
2026-10-09T18:15:31.3716286Z # Subtest: java corpus rejects extra runtime module
2026-10-09T18:15:31.3716505Z ok 205 - java corpus rejects extra runtime module
2026-10-09T18:15:31.3716657Z   ---
2026-10-09T18:15:31.3716766Z   duration_ms: 1.440592
2026-10-09T18:15:31.3716881Z   type: 'test'
2026-10-09T18:15:31.3716988Z   ...
2026-10-09T18:15:31.3717154Z # Subtest: java corpus rejects author source at runtime
2026-10-09T18:15:31.3717380Z ok 206 - java corpus rejects author source at runtime
2026-10-09T18:15:31.3717535Z   ---
2026-10-09T18:15:31.3717646Z   duration_ms: 1.665211
2026-10-09T18:15:31.3717763Z   type: 'test'
2026-10-09T18:15:31.3717866Z   ...
2026-10-09T18:15:31.3718023Z # Subtest: java corpus rejects wrong native binary
2026-10-09T18:15:31.3718232Z ok 207 - java corpus rejects wrong native binary
2026-10-09T18:15:31.3718384Z   ---
2026-10-09T18:15:31.3718496Z   duration_ms: 2.098594
2026-10-09T18:15:31.3718610Z   type: 'test'
2026-10-09T18:15:31.3718712Z   ...
2026-10-09T18:15:31.3718880Z # Subtest: java corpus rejects missing native runtime
2026-10-09T18:15:31.3719095Z ok 208 - java corpus rejects missing native runtime
2026-10-09T18:15:31.3719247Z   ---
2026-10-09T18:15:31.3719356Z   duration_ms: 1.497017
2026-10-09T18:15:31.3719471Z   type: 'test'
2026-10-09T18:15:31.3719573Z   ...
2026-10-09T18:15:31.3719737Z # Subtest: java corpus rejects multiple native roots
2026-10-09T18:15:31.3719953Z ok 209 - java corpus rejects multiple native roots
2026-10-09T18:15:31.3720104Z   ---
2026-10-09T18:15:31.3720213Z   duration_ms: 1.330266
2026-10-09T18:15:31.3720333Z   type: 'test'
2026-10-09T18:15:31.3720434Z   ...
2026-10-09T18:15:31.3720598Z # Subtest: java corpus rejects wrong public API path
2026-10-09T18:15:31.3720817Z ok 210 - java corpus rejects wrong public API path
2026-10-09T18:15:31.3720968Z   ---
2026-10-09T18:15:31.3721076Z   duration_ms: 1.354272
2026-10-09T18:15:31.3721195Z   type: 'test'
2026-10-09T18:15:31.3721297Z   ...
2026-10-09T18:15:31.3721456Z # Subtest: java corpus rejects missing runtime error
2026-10-09T18:15:31.3721670Z ok 211 - java corpus rejects missing runtime error
2026-10-09T18:15:31.3721822Z   ---
2026-10-09T18:15:31.3721929Z   duration_ms: 2.542744
2026-10-09T18:15:31.3722044Z   type: 'test'
2026-10-09T18:15:31.3722147Z   ...
2026-10-09T18:15:31.3722302Z # Subtest: java corpus rejects wrong runtime error
2026-10-09T18:15:31.3722511Z ok 212 - java corpus rejects wrong runtime error
2026-10-09T18:15:31.3722661Z   ---
2026-10-09T18:15:31.3722768Z   duration_ms: 1.844842
2026-10-09T18:15:31.3722882Z   type: 'test'
2026-10-09T18:15:31.3722984Z   ...
2026-10-09T18:15:31.3723137Z # Subtest: java corpus rejects failed recovery
2026-10-09T18:15:31.3723333Z ok 213 - java corpus rejects failed recovery
2026-10-09T18:15:31.3723477Z   ---
2026-10-09T18:15:31.3723587Z   duration_ms: 1.678922
2026-10-09T18:15:31.3723704Z   type: 'test'
2026-10-09T18:15:31.3723808Z   ...
2026-10-09T18:15:31.3723966Z # Subtest: java corpus rejects failed Nat recovery
2026-10-09T18:15:31.3724172Z ok 214 - java corpus rejects failed Nat recovery
2026-10-09T18:15:31.3724319Z   ---
2026-10-09T18:15:31.3724546Z   duration_ms: 0.86214
2026-10-09T18:15:31.3724665Z   type: 'test'
2026-10-09T18:15:31.3724767Z   ...
2026-10-09T18:15:31.3724934Z # Subtest: java corpus rejects unrelated compiler error
2026-10-09T18:15:31.3725260Z ok 215 - java corpus rejects unrelated compiler error
2026-10-09T18:15:31.3725441Z   ---
2026-10-09T18:15:31.3725551Z   duration_ms: 0.824553
2026-10-09T18:15:31.3725688Z   type: 'test'
2026-10-09T18:15:31.3725815Z   ...
2026-10-09T18:15:31.3726072Z # Subtest: java corpus rejects wrong diagnostic source
2026-10-09T18:15:31.3726418Z ok 216 - java corpus rejects wrong diagnostic source
2026-10-09T18:15:31.3726647Z   ---
2026-10-09T18:15:31.3726809Z   duration_ms: 1.418148
2026-10-09T18:15:31.3726947Z   type: 'test'
2026-10-09T18:15:31.3727079Z   ...
2026-10-09T18:15:31.3727457Z # Subtest: java corpus rejects missing diagnostic
2026-10-09T18:15:31.3727787Z ok 217 - java corpus rejects missing diagnostic
2026-10-09T18:15:31.3728013Z   ---
2026-10-09T18:15:31.3728132Z   duration_ms: 0.848549
2026-10-09T18:15:31.3728322Z   type: 'test'
2026-10-09T18:15:31.3728476Z   ...
2026-10-09T18:15:31.3728724Z # Subtest: java corpus rejects wrong invalid source
2026-10-09T18:15:31.3729056Z ok 218 - java corpus rejects wrong invalid source
2026-10-09T18:15:31.3729209Z   ---
2026-10-09T18:15:31.3729365Z   duration_ms: 0.8026
2026-10-09T18:15:31.3729539Z   type: 'test'
2026-10-09T18:15:31.3729692Z   ...
2026-10-09T18:15:31.3730094Z # Subtest: kotlin corpus separates compiler errors, unsigned range checks and Lean results
2026-10-09T18:15:31.3730680Z ok 219 - kotlin corpus separates compiler errors, unsigned range checks and Lean results
2026-10-09T18:15:31.3730944Z   ---
2026-10-09T18:15:31.3731056Z   duration_ms: 63.61428
2026-10-09T18:15:31.3731172Z   type: 'test'
2026-10-09T18:15:31.3731327Z   ...
2026-10-09T18:15:31.3731652Z # Subtest: kotlin diagnostics bind rejection to the exact invalid call
2026-10-09T18:15:31.3732114Z ok 220 - kotlin diagnostics bind rejection to the exact invalid call
2026-10-09T18:15:31.3732395Z   ---
2026-10-09T18:15:31.3732560Z   duration_ms: 0.771253
2026-10-09T18:15:31.3732739Z   type: 'test'
2026-10-09T18:15:31.3732895Z   ...
2026-10-09T18:15:31.3733152Z # Subtest: kotlin corpus rejects missing evidence
2026-10-09T18:15:31.3733496Z ok 221 - kotlin corpus rejects missing evidence
2026-10-09T18:15:31.3733739Z   ---
2026-10-09T18:15:31.3733914Z   duration_ms: 1.287582
2026-10-09T18:15:31.3734057Z   type: 'test'
2026-10-09T18:15:31.3734200Z   ...
2026-10-09T18:15:31.3734510Z # Subtest: kotlin corpus rejects wrong JVM
2026-10-09T18:15:31.3734809Z ok 222 - kotlin corpus rejects wrong JVM
2026-10-09T18:15:31.3735013Z   ---
2026-10-09T18:15:31.3735121Z   duration_ms: 2.885911
2026-10-09T18:15:31.3735237Z   type: 'test'
2026-10-09T18:15:31.3735342Z   ...
2026-10-09T18:15:31.3735496Z # Subtest: kotlin corpus rejects wrong compiler
2026-10-09T18:15:31.3735696Z ok 223 - kotlin corpus rejects wrong compiler
2026-10-09T18:15:31.3735842Z   ---
2026-10-09T18:15:31.3735948Z   duration_ms: 1.02133
2026-10-09T18:15:31.3736061Z   type: 'test'
2026-10-09T18:15:31.3736164Z   ...
2026-10-09T18:15:31.3736307Z # Subtest: kotlin corpus rejects wrong Maven
2026-10-09T18:15:31.3736497Z ok 224 - kotlin corpus rejects wrong Maven
2026-10-09T18:15:31.3736637Z   ---
2026-10-09T18:15:31.3736746Z   duration_ms: 0.984335
2026-10-09T18:15:31.3736860Z   type: 'test'
2026-10-09T18:15:31.3736960Z   ...
2026-10-09T18:15:31.3737126Z # Subtest: kotlin corpus rejects missing compiler hash
2026-10-09T18:15:31.3737351Z ok 225 - kotlin corpus rejects missing compiler hash
2026-10-09T18:15:31.3737503Z   ---
2026-10-09T18:15:31.3737612Z   duration_ms: 1.004745
2026-10-09T18:15:31.3737726Z   type: 'test'
2026-10-09T18:15:31.3737828Z   ...
2026-10-09T18:15:31.3737993Z # Subtest: kotlin corpus rejects wrong consumer source
2026-10-09T18:15:31.3738215Z ok 226 - kotlin corpus rejects wrong consumer source
2026-10-09T18:15:31.3738365Z   ---
2026-10-09T18:15:31.3738472Z   duration_ms: 2.534461
2026-10-09T18:15:31.3738587Z   type: 'test'
2026-10-09T18:15:31.3738688Z   ...
2026-10-09T18:15:31.3738859Z # Subtest: kotlin corpus rejects wrong public signatures
2026-10-09T18:15:31.3739090Z ok 227 - kotlin corpus rejects wrong public signatures
2026-10-09T18:15:31.3739345Z   ---
2026-10-09T18:15:31.3739453Z   duration_ms: 1.427472
2026-10-09T18:15:31.3739568Z   type: 'test'
2026-10-09T18:15:31.3739671Z   ...
2026-10-09T18:15:31.3739824Z # Subtest: kotlin corpus rejects wrong binding IR
2026-10-09T18:15:31.3740029Z ok 228 - kotlin corpus rejects wrong binding IR
2026-10-09T18:15:31.3740179Z   ---
2026-10-09T18:15:31.3740285Z   duration_ms: 1.407503
2026-10-09T18:15:31.3740399Z   type: 'test'
2026-10-09T18:15:31.3740502Z   ...
2026-10-09T18:15:31.3740644Z # Subtest: kotlin corpus rejects wrong POM
2026-10-09T18:15:31.3740903Z ok 229 - kotlin corpus rejects wrong POM
2026-10-09T18:15:31.3741043Z   ---
2026-10-09T18:15:31.3741149Z   duration_ms: 1.417327
2026-10-09T18:15:31.3741265Z   type: 'test'
2026-10-09T18:15:31.3741365Z   ...
2026-10-09T18:15:31.3741507Z # Subtest: kotlin corpus rejects wrong JAR
2026-10-09T18:15:31.3741690Z ok 230 - kotlin corpus rejects wrong JAR
2026-10-09T18:15:31.3741827Z   ---
2026-10-09T18:15:31.3741935Z   duration_ms: 1.401153
2026-10-09T18:15:31.3742052Z   type: 'test'
2026-10-09T18:15:31.3742152Z   ...
2026-10-09T18:15:31.3742305Z # Subtest: kotlin corpus rejects ambient settings
2026-10-09T18:15:31.3742510Z ok 231 - kotlin corpus rejects ambient settings
2026-10-09T18:15:31.3742657Z   ---
2026-10-09T18:15:31.3742764Z   duration_ms: 2.013335
2026-10-09T18:15:31.3742880Z   type: 'test'
2026-10-09T18:15:31.3742922Z   ...
2026-10-09T18:15:31.3743030Z # Subtest: kotlin corpus rejects weakened compiler
2026-10-09T18:15:31.3743133Z ok 232 - kotlin corpus rejects weakened compiler
2026-10-09T18:15:31.3743180Z   ---
2026-10-09T18:15:31.3743236Z   duration_ms: 1.413431
2026-10-09T18:15:31.3743287Z   type: 'test'
2026-10-09T18:15:31.3743331Z   ...
2026-10-09T18:15:31.3743429Z # Subtest: kotlin corpus rejects ambient cache
2026-10-09T18:15:31.3743525Z ok 233 - kotlin corpus rejects ambient cache
2026-10-09T18:15:31.3743569Z   ---
2026-10-09T18:15:31.3743624Z   duration_ms: 1.448344
2026-10-09T18:15:31.3743672Z   type: 'test'
2026-10-09T18:15:31.3743716Z   ...
2026-10-09T18:15:31.3743816Z # Subtest: kotlin corpus rejects ambient home
2026-10-09T18:15:31.3743906Z ok 234 - kotlin corpus rejects ambient home
2026-10-09T18:15:31.3743951Z   ---
2026-10-09T18:15:31.3744009Z   duration_ms: 1.589597
2026-10-09T18:15:31.3744054Z   type: 'test'
2026-10-09T18:15:31.3744098Z   ...
2026-10-09T18:15:31.3744208Z # Subtest: kotlin corpus rejects online resolution
2026-10-09T18:15:31.3744308Z ok 235 - kotlin corpus rejects online resolution
2026-10-09T18:15:31.3744353Z   ---
2026-10-09T18:15:31.3744548Z   duration_ms: 2.91814
2026-10-09T18:15:31.3744598Z   type: 'test'
2026-10-09T18:15:31.3744640Z   ...
2026-10-09T18:15:31.3744743Z # Subtest: kotlin corpus rejects extra classpath
2026-10-09T18:15:31.3744843Z ok 236 - kotlin corpus rejects extra classpath
2026-10-09T18:15:31.3744885Z   ---
2026-10-09T18:15:31.3744943Z   duration_ms: 2.282191
2026-10-09T18:15:31.3744990Z   type: 'test'
2026-10-09T18:15:31.3745032Z   ...
2026-10-09T18:15:31.3745169Z # Subtest: kotlin corpus rejects missing resolved dependencies
2026-10-09T18:15:31.3745301Z ok 237 - kotlin corpus rejects missing resolved dependencies
2026-10-09T18:15:31.3745346Z   ---
2026-10-09T18:15:31.3745402Z   duration_ms: 2.396714
2026-10-09T18:15:31.3745449Z   type: 'test'
2026-10-09T18:15:31.3745493Z   ...
2026-10-09T18:15:31.3745620Z # Subtest: kotlin corpus rejects missing runtime dependency
2026-10-09T18:15:31.3745742Z ok 238 - kotlin corpus rejects missing runtime dependency
2026-10-09T18:15:31.3745786Z   ---
2026-10-09T18:15:31.3745843Z   duration_ms: 1.989851
2026-10-09T18:15:31.3745890Z   type: 'test'
2026-10-09T18:15:31.3745935Z   ...
2026-10-09T18:15:31.3746067Z # Subtest: kotlin corpus rejects duplicate runtime dependency
2026-10-09T18:15:31.3746191Z ok 239 - kotlin corpus rejects duplicate runtime dependency
2026-10-09T18:15:31.3746236Z   ---
2026-10-09T18:15:31.3755286Z   duration_ms: 2.136101
2026-10-09T18:15:31.3755362Z   type: 'test'
2026-10-09T18:15:31.3755412Z   ...
2026-10-09T18:15:31.3755557Z # Subtest: kotlin corpus rejects unlocked runtime dependency
2026-10-09T18:15:31.3755810Z ok 240 - kotlin corpus rejects unlocked runtime dependency
2026-10-09T18:15:31.3755857Z   ---
2026-10-09T18:15:31.3755917Z   duration_ms: 1.449636
2026-10-09T18:15:31.3755968Z   type: 'test'
2026-10-09T18:15:31.3756014Z   ...
2026-10-09T18:15:31.3756149Z # Subtest: kotlin corpus rejects changed resolved dependency
2026-10-09T18:15:31.3756270Z ok 241 - kotlin corpus rejects changed resolved dependency
2026-10-09T18:15:31.3756317Z   ---
2026-10-09T18:15:31.3756378Z   duration_ms: 1.398278
2026-10-09T18:15:31.3756501Z   type: 'test'
2026-10-09T18:15:31.3756549Z   ...
2026-10-09T18:15:31.3756680Z # Subtest: kotlin corpus rejects changed deployed dependency
2026-10-09T18:15:31.3756799Z ok 242 - kotlin corpus rejects changed deployed dependency
2026-10-09T18:15:31.3756846Z   ---
2026-10-09T18:15:31.3756906Z   duration_ms: 1.387572
2026-10-09T18:15:31.3756955Z   type: 'test'
2026-10-09T18:15:31.3756998Z   ...
2026-10-09T18:15:31.3757118Z # Subtest: kotlin corpus rejects wrong dependency size
2026-10-09T18:15:31.3757236Z ok 243 - kotlin corpus rejects wrong dependency size
2026-10-09T18:15:31.3757280Z   ---
2026-10-09T18:15:31.3757340Z   duration_ms: 2.277524
2026-10-09T18:15:31.3757390Z   type: 'test'
2026-10-09T18:15:31.3757433Z   ...
2026-10-09T18:15:31.3757575Z # Subtest: kotlin corpus rejects missing annotations dependency
2026-10-09T18:15:31.3757706Z ok 244 - kotlin corpus rejects missing annotations dependency
2026-10-09T18:15:31.3757754Z   ---
2026-10-09T18:15:31.3757811Z   duration_ms: 1.372139
2026-10-09T18:15:31.3757861Z   type: 'test'
2026-10-09T18:15:31.3757908Z   ...
2026-10-09T18:15:31.3758042Z # Subtest: kotlin corpus rejects undeclared deployed dependency
2026-10-09T18:15:31.3758173Z ok 245 - kotlin corpus rejects undeclared deployed dependency
2026-10-09T18:15:31.3758220Z   ---
2026-10-09T18:15:31.3758280Z   duration_ms: 1.574905
2026-10-09T18:15:31.3758328Z   type: 'test'
2026-10-09T18:15:31.3758374Z   ...
2026-10-09T18:15:31.3758512Z # Subtest: kotlin corpus rejects old standard library location
2026-10-09T18:15:31.3758637Z ok 246 - kotlin corpus rejects old standard library location
2026-10-09T18:15:31.3758684Z   ---
2026-10-09T18:15:31.3758745Z   duration_ms: 1.456727
2026-10-09T18:15:31.3758792Z   type: 'test'
2026-10-09T18:15:31.3758837Z   ...
2026-10-09T18:15:31.3758974Z # Subtest: kotlin corpus rejects compiler as runtime dependency
2026-10-09T18:15:31.3759105Z ok 247 - kotlin corpus rejects compiler as runtime dependency
2026-10-09T18:15:31.3759149Z   ---
2026-10-09T18:15:31.3759211Z   duration_ms: 1.999285
2026-10-09T18:15:31.3759260Z   type: 'test'
2026-10-09T18:15:31.3759305Z   ...
2026-10-09T18:15:31.3759443Z # Subtest: kotlin corpus rejects unsafe runtime dependency path
2026-10-09T18:15:31.3759572Z ok 248 - kotlin corpus rejects unsafe runtime dependency path
2026-10-09T18:15:31.3759616Z   ---
2026-10-09T18:15:31.3759672Z   duration_ms: 1.451569
2026-10-09T18:15:31.3759724Z   type: 'test'
2026-10-09T18:15:31.3759770Z   ...
2026-10-09T18:15:31.3759878Z # Subtest: kotlin corpus rejects runtime override
2026-10-09T18:15:31.3759982Z ok 249 - kotlin corpus rejects runtime override
2026-10-09T18:15:31.3760025Z   ---
2026-10-09T18:15:31.3760080Z   duration_ms: 1.345389
2026-10-09T18:15:31.3760128Z   type: 'test'
2026-10-09T18:15:31.3760171Z   ...
2026-10-09T18:15:31.3760281Z # Subtest: kotlin corpus rejects source tree present
2026-10-09T18:15:31.3760385Z ok 250 - kotlin corpus rejects source tree present
2026-10-09T18:15:31.3760429Z   ---
2026-10-09T18:15:31.3760485Z   duration_ms: 1.316064
2026-10-09T18:15:31.3760529Z   type: 'test'
2026-10-09T18:15:31.3760572Z   ...
2026-10-09T18:15:31.3760698Z # Subtest: kotlin corpus rejects compiler during execution
2026-10-09T18:15:31.3760813Z ok 251 - kotlin corpus rejects compiler during execution
2026-10-09T18:15:31.3760855Z   ---
2026-10-09T18:15:31.3760911Z   duration_ms: 1.974587
2026-10-09T18:15:31.3760957Z   type: 'test'
2026-10-09T18:15:31.3760997Z   ...
2026-10-09T18:15:31.3761125Z # Subtest: kotlin corpus rejects uncleared native extraction
2026-10-09T18:15:31.3761312Z ok 252 - kotlin corpus rejects uncleared native extraction
2026-10-09T18:15:31.3761353Z   ---
2026-10-09T18:15:31.3761410Z   duration_ms: 1.352129
2026-10-09T18:15:31.3761456Z   type: 'test'
2026-10-09T18:15:31.3761497Z   ...
2026-10-09T18:15:31.3761601Z # Subtest: kotlin corpus rejects single execution
2026-10-09T18:15:31.3761701Z ok 253 - kotlin corpus rejects single execution
2026-10-09T18:15:31.3761744Z   ---
2026-10-09T18:15:31.3761799Z   duration_ms: 1.847746
2026-10-09T18:15:31.3761900Z   type: 'test'
2026-10-09T18:15:31.3761944Z   ...
2026-10-09T18:15:31.3762046Z # Subtest: kotlin corpus rejects missing plugin
2026-10-09T18:15:31.3762146Z ok 254 - kotlin corpus rejects missing plugin
2026-10-09T18:15:31.3762195Z   ---
2026-10-09T18:15:31.3762254Z   duration_ms: 1.805192
2026-10-09T18:15:31.3762300Z   type: 'test'
2026-10-09T18:15:31.3762346Z   ...
2026-10-09T18:15:31.3762450Z # Subtest: kotlin corpus rejects mutable plugin
2026-10-09T18:15:31.3762548Z ok 255 - kotlin corpus rejects mutable plugin
2026-10-09T18:15:31.3762595Z   ---
2026-10-09T18:15:31.3762655Z   duration_ms: 2.459809
2026-10-09T18:15:31.3762701Z   type: 'test'
2026-10-09T18:15:31.3762748Z   ...
2026-10-09T18:15:31.3762850Z # Subtest: kotlin corpus rejects unbound plugin
2026-10-09T18:15:31.3762948Z ok 256 - kotlin corpus rejects unbound plugin
2026-10-09T18:15:31.3762991Z   ---
2026-10-09T18:15:31.3763051Z   duration_ms: 2.823527
2026-10-09T18:15:31.3763100Z   type: 'test'
2026-10-09T18:15:31.3763144Z   ...
2026-10-09T18:15:31.3763259Z # Subtest: kotlin corpus rejects unsafe plugin path
2026-10-09T18:15:31.3763366Z ok 257 - kotlin corpus rejects unsafe plugin path
2026-10-09T18:15:31.3763409Z   ---
2026-10-09T18:15:31.3763469Z   duration_ms: 2.219617
2026-10-09T18:15:31.3763519Z   type: 'test'
2026-10-09T18:15:31.3763565Z   ...
2026-10-09T18:15:31.3763677Z # Subtest: kotlin corpus rejects compiler at runtime
2026-10-09T18:15:31.3763784Z ok 258 - kotlin corpus rejects compiler at runtime
2026-10-09T18:15:31.3763833Z   ---
2026-10-09T18:15:31.3763889Z   duration_ms: 2.436414
2026-10-09T18:15:31.3763939Z   type: 'test'
2026-10-09T18:15:31.3763985Z   ...
2026-10-09T18:15:31.3764097Z # Subtest: kotlin corpus rejects extra runtime module
2026-10-09T18:15:31.3764207Z ok 259 - kotlin corpus rejects extra runtime module
2026-10-09T18:15:31.3764254Z   ---
2026-10-09T18:15:31.3764313Z   duration_ms: 2.367129
2026-10-09T18:15:31.3764360Z   type: 'test'
2026-10-09T18:15:31.3764522Z   ...
2026-10-09T18:15:31.3764669Z # Subtest: kotlin corpus rejects author source at runtime
2026-10-09T18:15:31.3764787Z ok 260 - kotlin corpus rejects author source at runtime
2026-10-09T18:15:31.3764835Z   ---
2026-10-09T18:15:31.3764896Z   duration_ms: 3.38896
2026-10-09T18:15:31.3764950Z   type: 'test'
2026-10-09T18:15:31.3764993Z   ...
2026-10-09T18:15:31.3765105Z # Subtest: kotlin corpus rejects wrong native binary
2026-10-09T18:15:31.3765213Z ok 261 - kotlin corpus rejects wrong native binary
2026-10-09T18:15:31.3765258Z   ---
2026-10-09T18:15:31.3765319Z   duration_ms: 1.503037
2026-10-09T18:15:31.3765369Z   type: 'test'
2026-10-09T18:15:31.3765413Z   ...
2026-10-09T18:15:31.3765533Z # Subtest: kotlin corpus rejects missing native runtime
2026-10-09T18:15:31.3765647Z ok 262 - kotlin corpus rejects missing native runtime
2026-10-09T18:15:31.3765692Z   ---
2026-10-09T18:15:31.3765750Z   duration_ms: 1.464758
2026-10-09T18:15:31.3765799Z   type: 'test'
2026-10-09T18:15:31.3765845Z   ...
2026-10-09T18:15:31.3765964Z # Subtest: kotlin corpus rejects multiple native roots
2026-10-09T18:15:31.3766074Z ok 263 - kotlin corpus rejects multiple native roots
2026-10-09T18:15:31.3766119Z   ---
2026-10-09T18:15:31.3766174Z   duration_ms: 1.384437
2026-10-09T18:15:31.3766223Z   type: 'test'
2026-10-09T18:15:31.3766270Z   ...
2026-10-09T18:15:31.3766385Z # Subtest: kotlin corpus rejects wrong public API path
2026-10-09T18:15:31.3766496Z ok 264 - kotlin corpus rejects wrong public API path
2026-10-09T18:15:31.3766632Z   ---
2026-10-09T18:15:31.3766688Z   duration_ms: 2.079806
2026-10-09T18:15:31.3766735Z   type: 'test'
2026-10-09T18:15:31.3766779Z   ...
2026-10-09T18:15:31.3766892Z # Subtest: kotlin corpus rejects missing runtime error
2026-10-09T18:15:31.3766998Z ok 265 - kotlin corpus rejects missing runtime error
2026-10-09T18:15:31.3767043Z   ---
2026-10-09T18:15:31.3767100Z   duration_ms: 1.701876
2026-10-09T18:15:31.3767144Z   type: 'test'
2026-10-09T18:15:31.3767189Z   ...
2026-10-09T18:15:31.3767298Z # Subtest: kotlin corpus rejects wrong runtime error
2026-10-09T18:15:31.3767478Z ok 266 - kotlin corpus rejects wrong runtime error
2026-10-09T18:15:31.3767523Z   ---
2026-10-09T18:15:31.3767580Z   duration_ms: 1.673803
2026-10-09T18:15:31.3767627Z   type: 'test'
2026-10-09T18:15:31.3767668Z   ...
2026-10-09T18:15:31.3767772Z # Subtest: kotlin corpus rejects failed recovery
2026-10-09T18:15:31.3767870Z ok 267 - kotlin corpus rejects failed recovery
2026-10-09T18:15:31.3767913Z   ---
2026-10-09T18:15:31.3767972Z   duration_ms: 1.678641
2026-10-09T18:15:31.3768024Z   type: 'test'
2026-10-09T18:15:31.3768070Z   ...
2026-10-09T18:15:31.3768177Z # Subtest: kotlin corpus rejects failed Nat recovery
2026-10-09T18:15:31.3768282Z ok 268 - kotlin corpus rejects failed Nat recovery
2026-10-09T18:15:31.3768328Z   ---
2026-10-09T18:15:31.3768382Z   duration_ms: 1.668215
2026-10-09T18:15:31.3768432Z   type: 'test'
2026-10-09T18:15:31.3768476Z   ...
2026-10-09T18:15:31.3768597Z # Subtest: kotlin corpus rejects unrelated compiler error
2026-10-09T18:15:31.3768715Z ok 269 - kotlin corpus rejects unrelated compiler error
2026-10-09T18:15:31.3768760Z   ---
2026-10-09T18:15:31.3768817Z   duration_ms: 2.126737
2026-10-09T18:15:31.3768862Z   type: 'test'
2026-10-09T18:15:31.3768906Z   ...
2026-10-09T18:15:31.3769028Z # Subtest: kotlin corpus rejects wrong diagnostic source
2026-10-09T18:15:31.3769138Z ok 270 - kotlin corpus rejects wrong diagnostic source
2026-10-09T18:15:31.3769183Z   ---
2026-10-09T18:15:31.3769240Z   duration_ms: 1.306019
2026-10-09T18:15:31.3769288Z   type: 'test'
2026-10-09T18:15:31.3769331Z   ...
2026-10-09T18:15:31.3769440Z # Subtest: kotlin corpus rejects missing diagnostic
2026-10-09T18:15:31.3769544Z ok 271 - kotlin corpus rejects missing diagnostic
2026-10-09T18:15:31.3769586Z   ---
2026-10-09T18:15:31.3769644Z   duration_ms: 1.402414
2026-10-09T18:15:31.3769691Z   type: 'test'
2026-10-09T18:15:31.3769735Z   ...
2026-10-09T18:15:31.3769848Z # Subtest: kotlin corpus rejects wrong invalid source
2026-10-09T18:15:31.3769957Z ok 272 - kotlin corpus rejects wrong invalid source
2026-10-09T18:15:31.3770002Z   ---
2026-10-09T18:15:31.3770057Z   duration_ms: 1.347141
2026-10-09T18:15:31.3770104Z   type: 'test'
2026-10-09T18:15:31.3770149Z   ...
2026-10-09T18:15:31.3770261Z # Subtest: Kotlin corpus rejects wrong Kotlin compiler
2026-10-09T18:15:31.3770370Z ok 273 - Kotlin corpus rejects wrong Kotlin compiler
2026-10-09T18:15:31.3770414Z   ---
2026-10-09T18:15:31.3770470Z   duration_ms: 2.567171
2026-10-09T18:15:31.3770519Z   type: 'test'
2026-10-09T18:15:31.3770564Z   ...
2026-10-09T18:15:31.3770686Z # Subtest: Kotlin corpus rejects missing Kotlin compiler
2026-10-09T18:15:31.3770796Z ok 274 - Kotlin corpus rejects missing Kotlin compiler
2026-10-09T18:15:31.3770841Z   ---
2026-10-09T18:15:31.3770899Z   duration_ms: 2.218375
2026-10-09T18:15:31.3770944Z   type: 'test'
2026-10-09T18:15:31.3770988Z   ...
2026-10-09T18:15:31.3771108Z # Subtest: Kotlin corpus rejects changed standard library
2026-10-09T18:15:31.3771223Z ok 275 - Kotlin corpus rejects changed standard library
2026-10-09T18:15:31.3771268Z   ---
2026-10-09T18:15:31.3771326Z   duration_ms: 1.474944
2026-10-09T18:15:31.3771374Z   type: 'test'
2026-10-09T18:15:31.3771417Z   ...
2026-10-09T18:15:31.3771531Z # Subtest: Kotlin corpus rejects wrong Kotlin version
2026-10-09T18:15:31.3771639Z ok 276 - Kotlin corpus rejects wrong Kotlin version
2026-10-09T18:15:31.3771682Z   ---
2026-10-09T18:15:31.3771741Z   duration_ms: 0.813897
2026-10-09T18:15:31.3771789Z   type: 'test'
2026-10-09T18:15:31.3771898Z   ...
2026-10-09T18:15:31.3772110Z # Subtest: PHP corpus binds separate weak and strict public callers to the same fresh oracle
2026-10-09T18:15:31.3772304Z ok 277 - PHP corpus binds separate weak and strict public callers to the same fresh oracle
2026-10-09T18:15:31.3772350Z   ---
2026-10-09T18:15:31.3772409Z   duration_ms: 94.570169
2026-10-09T18:15:31.3772457Z   type: 'test'
2026-10-09T18:15:31.3772501Z   ...
2026-10-09T18:15:31.3772603Z # Subtest: PHP corpus rejects missing evidence
2026-10-09T18:15:31.3772755Z ok 278 - PHP corpus rejects missing evidence
2026-10-09T18:15:31.3772801Z   ---
2026-10-09T18:15:31.3772860Z   duration_ms: 2.690317
2026-10-09T18:15:31.3772905Z   type: 'test'
2026-10-09T18:15:31.3772949Z   ...
2026-10-09T18:15:31.3773052Z # Subtest: PHP corpus rejects unsupported PHP
2026-10-09T18:15:31.3773147Z ok 279 - PHP corpus rejects unsupported PHP
2026-10-09T18:15:31.3773191Z   ---
2026-10-09T18:15:31.3773248Z   duration_ms: 2.082109
2026-10-09T18:15:31.3773295Z   type: 'test'
2026-10-09T18:15:31.3773341Z   ...
2026-10-09T18:15:31.3773438Z # Subtest: PHP corpus rejects wrong Composer
2026-10-09T18:15:31.3773531Z ok 280 - PHP corpus rejects wrong Composer
2026-10-09T18:15:31.3773573Z   ---
2026-10-09T18:15:31.3773631Z   duration_ms: 4.963303
2026-10-09T18:15:31.3773680Z   type: 'test'
2026-10-09T18:15:31.3773723Z   ...
2026-10-09T18:15:31.3773818Z # Subtest: PHP corpus rejects unhashed host
2026-10-09T18:15:31.3773909Z ok 281 - PHP corpus rejects unhashed host
2026-10-09T18:15:31.3773952Z   ---
2026-10-09T18:15:31.3774011Z   duration_ms: 2.09593
2026-10-09T18:15:31.3774059Z   type: 'test'
2026-10-09T18:15:31.3774103Z   ...
2026-10-09T18:15:31.3774212Z # Subtest: PHP corpus rejects unidentified Composer
2026-10-09T18:15:31.3774318Z ok 282 - PHP corpus rejects unidentified Composer
2026-10-09T18:15:31.3774363Z   ---
2026-10-09T18:15:31.3774535Z   duration_ms: 3.013333
2026-10-09T18:15:31.3774607Z   type: 'test'
2026-10-09T18:15:31.3774653Z   ...
2026-10-09T18:15:31.3774755Z # Subtest: PHP corpus rejects project tool code
2026-10-09T18:15:31.3774856Z ok 283 - PHP corpus rejects project tool code
2026-10-09T18:15:31.3774901Z   ---
2026-10-09T18:15:31.3774959Z   duration_ms: 3.1834
2026-10-09T18:15:31.3775007Z   type: 'test'
2026-10-09T18:15:31.3775051Z   ...
2026-10-09T18:15:31.3775160Z # Subtest: PHP corpus rejects unbound Composer maps
2026-10-09T18:15:31.3775263Z ok 284 - PHP corpus rejects unbound Composer maps
2026-10-09T18:15:31.3775308Z   ---
2026-10-09T18:15:31.3775366Z   duration_ms: 3.425054
2026-10-09T18:15:31.3775416Z   type: 'test'
2026-10-09T18:15:31.3775458Z   ...
2026-10-09T18:15:31.3775592Z # Subtest: PHP corpus rejects unrelated Composer-loaded file
2026-10-09T18:15:31.3775717Z ok 285 - PHP corpus rejects unrelated Composer-loaded file
2026-10-09T18:15:31.3775761Z   ---
2026-10-09T18:15:31.3775819Z   duration_ms: 2.976999
2026-10-09T18:15:31.3775866Z   type: 'test'
2026-10-09T18:15:31.3775908Z   ...
2026-10-09T18:15:31.3776016Z # Subtest: PHP corpus rejects changed Composer map
2026-10-09T18:15:31.3776121Z ok 286 - PHP corpus rejects changed Composer map
2026-10-09T18:15:31.3776167Z   ---
2026-10-09T18:15:31.3776223Z   duration_ms: 3.041846
2026-10-09T18:15:31.3776270Z   type: 'test'
2026-10-09T18:15:31.3776314Z   ...
2026-10-09T18:15:31.3776407Z # Subtest: PHP corpus rejects unbound probe
2026-10-09T18:15:31.3776500Z ok 287 - PHP corpus rejects unbound probe
2026-10-09T18:15:31.3776544Z   ---
2026-10-09T18:15:31.3776599Z   duration_ms: 3.975945
2026-10-09T18:15:31.3776646Z   type: 'test'
2026-10-09T18:15:31.3776692Z   ...
2026-10-09T18:15:31.3776791Z # Subtest: PHP corpus rejects changed request
2026-10-09T18:15:31.3776883Z ok 288 - PHP corpus rejects changed request
2026-10-09T18:15:31.3776927Z   ---
2026-10-09T18:15:31.3776985Z   duration_ms: 2.502093
2026-10-09T18:15:31.3777031Z   type: 'test'
2026-10-09T18:15:31.3777075Z   ...
2026-10-09T18:15:31.3777173Z # Subtest: PHP corpus rejects changed source
2026-10-09T18:15:31.3777266Z ok 289 - PHP corpus rejects changed source
2026-10-09T18:15:31.3777408Z   ---
2026-10-09T18:15:31.3777469Z   duration_ms: 4.014564
2026-10-09T18:15:31.3777517Z   type: 'test'
2026-10-09T18:15:31.3777560Z   ...
2026-10-09T18:15:31.3777663Z # Subtest: PHP corpus rejects wrong binding IR
2026-10-09T18:15:31.3777760Z ok 290 - PHP corpus rejects wrong binding IR
2026-10-09T18:15:31.3777803Z   ---
2026-10-09T18:15:31.3777863Z   duration_ms: 2.481241
2026-10-09T18:15:31.3777910Z   type: 'test'
2026-10-09T18:15:31.3777952Z   ...
2026-10-09T18:15:31.3778122Z # Subtest: PHP corpus rejects wrong archive
2026-10-09T18:15:31.3778215Z ok 291 - PHP corpus rejects wrong archive
2026-10-09T18:15:31.3778260Z   ---
2026-10-09T18:15:31.3778315Z   duration_ms: 2.399078
2026-10-09T18:15:31.3778364Z   type: 'test'
2026-10-09T18:15:31.3778409Z   ...
2026-10-09T18:15:31.3778497Z # Subtest: PHP corpus rejects ambient INI
2026-10-09T18:15:31.3778587Z ok 292 - PHP corpus rejects ambient INI
2026-10-09T18:15:31.3778631Z   ---
2026-10-09T18:15:31.3778689Z   duration_ms: 2.867173
2026-10-09T18:15:31.3778737Z   type: 'test'
2026-10-09T18:15:31.3778783Z   ...
2026-10-09T18:15:31.3778894Z # Subtest: PHP corpus rejects runtime auto prepend
2026-10-09T18:15:31.3778996Z ok 293 - PHP corpus rejects runtime auto prepend
2026-10-09T18:15:31.3779041Z   ---
2026-10-09T18:15:31.3779099Z   duration_ms: 2.938911
2026-10-09T18:15:31.3779144Z   type: 'test'
2026-10-09T18:15:31.3779189Z   ...
2026-10-09T18:15:31.3779287Z # Subtest: PHP corpus rejects extra extension
2026-10-09T18:15:31.3779381Z ok 294 - PHP corpus rejects extra extension
2026-10-09T18:15:31.3779426Z   ---
2026-10-09T18:15:31.3779486Z   duration_ms: 4.720608
2026-10-09T18:15:31.3779534Z   type: 'test'
2026-10-09T18:15:31.3779576Z   ...
2026-10-09T18:15:31.3779674Z # Subtest: PHP corpus rejects unbound receipt
2026-10-09T18:15:31.3779767Z ok 295 - PHP corpus rejects unbound receipt
2026-10-09T18:15:31.3779809Z   ---
2026-10-09T18:15:31.3779867Z   duration_ms: 2.945051
2026-10-09T18:15:31.3779914Z   type: 'test'
2026-10-09T18:15:31.3779963Z   ...
2026-10-09T18:15:31.3780067Z # Subtest: PHP corpus rejects extra locked package
2026-10-09T18:15:31.3780171Z ok 296 - PHP corpus rejects extra locked package
2026-10-09T18:15:31.3780214Z   ---
2026-10-09T18:15:31.3780269Z   duration_ms: 2.69289
2026-10-09T18:15:31.3780317Z   type: 'test'
2026-10-09T18:15:31.3780361Z   ...
2026-10-09T18:15:31.3780481Z # Subtest: PHP corpus rejects changed integer dependency
2026-10-09T18:15:31.3780596Z ok 297 - PHP corpus rejects changed integer dependency
2026-10-09T18:15:31.3780641Z   ---
2026-10-09T18:15:31.3780701Z   duration_ms: 2.527652
2026-10-09T18:15:31.3780748Z   type: 'test'
2026-10-09T18:15:31.3780793Z   ...
2026-10-09T18:15:31.3780905Z # Subtest: PHP corpus rejects missing integer source
2026-10-09T18:15:31.3781009Z ok 298 - PHP corpus rejects missing integer source
2026-10-09T18:15:31.3781053Z   ---
2026-10-09T18:15:31.3781112Z   duration_ms: 2.675034
2026-10-09T18:15:31.3781158Z   type: 'test'
2026-10-09T18:15:31.3781202Z   ...
2026-10-09T18:15:31.3781314Z # Subtest: PHP corpus rejects changed integer source
2026-10-09T18:15:31.3781419Z ok 299 - PHP corpus rejects changed integer source
2026-10-09T18:15:31.3781462Z   ---
2026-10-09T18:15:31.3781519Z   duration_ms: 2.735114
2026-10-09T18:15:31.3781567Z   type: 'test'
2026-10-09T18:15:31.3781610Z   ...
2026-10-09T18:15:31.3781713Z # Subtest: PHP corpus rejects extra dev package
2026-10-09T18:15:31.3781812Z ok 300 - PHP corpus rejects extra dev package
2026-10-09T18:15:31.3781855Z   ---
2026-10-09T18:15:31.3781915Z   duration_ms: 2.940925
2026-10-09T18:15:31.3781964Z   type: 'test'
2026-10-09T18:15:31.3782009Z   ...
2026-10-09T18:15:31.3782122Z # Subtest: PHP corpus rejects wrong installed package
2026-10-09T18:15:31.3782232Z ok 301 - PHP corpus rejects wrong installed package
2026-10-09T18:15:31.3782277Z   ---
2026-10-09T18:15:31.3782333Z   duration_ms: 4.559224
2026-10-09T18:15:31.3782381Z   type: 'test'
2026-10-09T18:15:31.3782425Z   ...
2026-10-09T18:15:31.3782535Z # Subtest: PHP corpus rejects extra deployed payload
2026-10-09T18:15:31.3782741Z ok 302 - PHP corpus rejects extra deployed payload
2026-10-09T18:15:31.3782786Z   ---
2026-10-09T18:15:31.3782845Z   duration_ms: 3.168578
2026-10-09T18:15:31.3782890Z   type: 'test'
2026-10-09T18:15:31.3782935Z   ...
2026-10-09T18:15:31.3783027Z # Subtest: PHP corpus rejects changed API
2026-10-09T18:15:31.3783116Z ok 303 - PHP corpus rejects changed API
2026-10-09T18:15:31.3783162Z   ---
2026-10-09T18:15:31.3783222Z   duration_ms: 3.11005
2026-10-09T18:15:31.3783271Z   type: 'test'
2026-10-09T18:15:31.3783393Z   ...
2026-10-09T18:15:31.3783491Z # Subtest: PHP corpus rejects single caller
2026-10-09T18:15:31.3783584Z ok 304 - PHP corpus rejects single caller
2026-10-09T18:15:31.3783627Z   ---
2026-10-09T18:15:31.3783687Z   duration_ms: 2.978711
2026-10-09T18:15:31.3783734Z   type: 'test'
2026-10-09T18:15:31.3783779Z   ...
2026-10-09T18:15:31.3783885Z # Subtest: PHP corpus rejects mislabeled caller
2026-10-09T18:15:31.3783986Z ok 305 - PHP corpus rejects mislabeled caller
2026-10-09T18:15:31.3784035Z   ---
2026-10-09T18:15:31.3784092Z   duration_ms: 3.303301
2026-10-09T18:15:31.3784142Z   type: 'test'
2026-10-09T18:15:31.3784189Z   ...
2026-10-09T18:15:31.3784279Z # Subtest: PHP corpus rejects 32-bit host
2026-10-09T18:15:31.3784368Z ok 306 - PHP corpus rejects 32-bit host
2026-10-09T18:15:31.3784543Z   ---
2026-10-09T18:15:31.3784621Z   duration_ms: 3.099874
2026-10-09T18:15:31.3784670Z   type: 'test'
2026-10-09T18:15:31.3784716Z   ...
2026-10-09T18:15:31.3784812Z # Subtest: PHP corpus rejects threaded host
2026-10-09T18:15:31.3784903Z ok 307 - PHP corpus rejects threaded host
2026-10-09T18:15:31.3784948Z   ---
2026-10-09T18:15:31.3785007Z   duration_ms: 4.774549
2026-10-09T18:15:31.3785052Z   type: 'test'
2026-10-09T18:15:31.3785099Z   ...
2026-10-09T18:15:31.3785193Z # Subtest: PHP corpus rejects web SAPI
2026-10-09T18:15:31.3785277Z ok 308 - PHP corpus rejects web SAPI
2026-10-09T18:15:31.3785323Z   ---
2026-10-09T18:15:31.3785381Z   duration_ms: 3.221097
2026-10-09T18:15:31.3785434Z   type: 'test'
2026-10-09T18:15:31.3785477Z   ...
2026-10-09T18:15:31.3785584Z # Subtest: PHP corpus rejects retained records
2026-10-09T18:15:31.3785682Z ok 309 - PHP corpus rejects retained records
2026-10-09T18:15:31.3785725Z   ---
2026-10-09T18:15:31.3785785Z   duration_ms: 3.297942
2026-10-09T18:15:31.3785833Z   type: 'test'
2026-10-09T18:15:31.3785878Z   ...
2026-10-09T18:15:31.3785967Z # Subtest: PHP corpus rejects outside API
2026-10-09T18:15:31.3786058Z ok 310 - PHP corpus rejects outside API
2026-10-09T18:15:31.3786105Z   ---
2026-10-09T18:15:31.3786161Z   duration_ms: 3.429661
2026-10-09T18:15:31.3786211Z   type: 'test'
2026-10-09T18:15:31.3786256Z   ...
2026-10-09T18:15:31.3786367Z # Subtest: PHP corpus rejects missing native runtime
2026-10-09T18:15:31.3786475Z ok 311 - PHP corpus rejects missing native runtime
2026-10-09T18:15:31.3786521Z   ---
2026-10-09T18:15:31.3786582Z   duration_ms: 3.179584
2026-10-09T18:15:31.3786628Z   type: 'test'
2026-10-09T18:15:31.3786678Z   ...
2026-10-09T18:15:31.3786782Z # Subtest: PHP corpus rejects ambient PHP file
2026-10-09T18:15:31.3786878Z ok 312 - PHP corpus rejects ambient PHP file
2026-10-09T18:15:31.3786925Z   ---
2026-10-09T18:15:31.3786983Z   duration_ms: 3.281689
2026-10-09T18:15:31.3787031Z   type: 'test'
2026-10-09T18:15:31.3787077Z   ...
2026-10-09T18:15:31.3787197Z # Subtest: PHP corpus rejects strict calls in weak file
2026-10-09T18:15:31.3787312Z ok 313 - PHP corpus rejects strict calls in weak file
2026-10-09T18:15:31.3787355Z   ---
2026-10-09T18:15:31.3787416Z   duration_ms: 5.179199
2026-10-09T18:15:31.3787465Z   type: 'test'
2026-10-09T18:15:31.3787507Z   ...
2026-10-09T18:15:31.3787615Z # Subtest: PHP corpus rejects strict result drift
2026-10-09T18:15:31.3787718Z ok 314 - PHP corpus rejects strict result drift
2026-10-09T18:15:31.3787761Z   ---
2026-10-09T18:15:31.3787822Z   duration_ms: 3.371945
2026-10-09T18:15:31.3787870Z   type: 'test'
2026-10-09T18:15:31.3787915Z   ...
2026-10-09T18:15:31.3788119Z # Subtest: PHP corpus rejects missing strict error
2026-10-09T18:15:31.3788222Z ok 315 - PHP corpus rejects missing strict error
2026-10-09T18:15:31.3788268Z   ---
2026-10-09T18:15:31.3788327Z   duration_ms: 4.022786
2026-10-09T18:15:31.3788377Z   type: 'test'
2026-10-09T18:15:31.3788423Z   ...
2026-10-09T18:15:31.3788529Z # Subtest: PHP corpus rejects wrong error recovery
2026-10-09T18:15:31.3788632Z ok 316 - PHP corpus rejects wrong error recovery
2026-10-09T18:15:31.3788679Z   ---
2026-10-09T18:15:31.3788738Z   duration_ms: 3.929616
2026-10-09T18:15:31.3788895Z   type: 'test'
2026-10-09T18:15:31.3788944Z   ...
2026-10-09T18:15:31.3789053Z # Subtest: PHP corpus rejects wrong rejection stage
2026-10-09T18:15:31.3789158Z ok 317 - PHP corpus rejects wrong rejection stage
2026-10-09T18:15:31.3789205Z   ---
2026-10-09T18:15:31.3789264Z   duration_ms: 2.950209
2026-10-09T18:15:31.3789314Z   type: 'test'
2026-10-09T18:15:31.3789356Z   ...
2026-10-09T18:15:31.3789472Z # Subtest: PHP corpus rejects wrong rejection message
2026-10-09T18:15:31.3789583Z ok 318 - PHP corpus rejects wrong rejection message
2026-10-09T18:15:31.3789627Z   ---
2026-10-09T18:15:31.3789685Z   duration_ms: 2.89134
2026-10-09T18:15:31.3789736Z   type: 'test'
2026-10-09T18:15:31.3789778Z   ...
2026-10-09T18:15:31.3789884Z # Subtest: PHP corpus rejects wrong base recovery
2026-10-09T18:15:31.3789986Z ok 319 - PHP corpus rejects wrong base recovery
2026-10-09T18:15:31.3790032Z   ---
2026-10-09T18:15:31.3790088Z   duration_ms: 3.528871
2026-10-09T18:15:31.3790138Z   type: 'test'
2026-10-09T18:15:31.3790186Z   ...
2026-10-09T18:15:31.3790306Z # Subtest: PHP corpus rejects missing emptyComposerHome
2026-10-09T18:15:31.3790422Z ok 320 - PHP corpus rejects missing emptyComposerHome
2026-10-09T18:15:31.3790468Z   ---
2026-10-09T18:15:31.3790523Z   duration_ms: 2.026255
2026-10-09T18:15:31.3790573Z   type: 'test'
2026-10-09T18:15:31.3790621Z   ...
2026-10-09T18:15:31.3790726Z # Subtest: PHP corpus rejects missing emptyCache
2026-10-09T18:15:31.3790826Z ok 321 - PHP corpus rejects missing emptyCache
2026-10-09T18:15:31.3790873Z   ---
2026-10-09T18:15:31.3790931Z   duration_ms: 2.286548
2026-10-09T18:15:31.3790977Z   type: 'test'
2026-10-09T18:15:31.3791022Z   ...
2026-10-09T18:15:31.3791124Z # Subtest: PHP corpus rejects missing offline
2026-10-09T18:15:31.3791218Z ok 322 - PHP corpus rejects missing offline
2026-10-09T18:15:31.3791264Z   ---
2026-10-09T18:15:31.3791323Z   duration_ms: 1.987857
2026-10-09T18:15:31.3791372Z   type: 'test'
2026-10-09T18:15:31.3791414Z   ...
2026-10-09T18:15:31.3791532Z # Subtest: PHP corpus rejects missing lockedInstall
2026-10-09T18:15:31.3791640Z ok 323 - PHP corpus rejects missing lockedInstall
2026-10-09T18:15:31.3791683Z   ---
2026-10-09T18:15:31.3791742Z   duration_ms: 1.964442
2026-10-09T18:15:31.3791791Z   type: 'test'
2026-10-09T18:15:31.3791833Z   ...
2026-10-09T18:15:31.3791968Z # Subtest: PHP corpus rejects missing exactPublicSignatures
2026-10-09T18:15:31.3792097Z ok 324 - PHP corpus rejects missing exactPublicSignatures
2026-10-09T18:15:31.3792145Z   ---
2026-10-09T18:15:31.3792201Z   duration_ms: 2.021237
2026-10-09T18:15:31.3792249Z   type: 'test'
2026-10-09T18:15:31.3792294Z   ...
2026-10-09T18:15:31.3792404Z # Subtest: PHP corpus rejects missing publicApiOnly
2026-10-09T18:15:31.3792511Z ok 325 - PHP corpus rejects missing publicApiOnly
2026-10-09T18:15:31.3792557Z   ---
2026-10-09T18:15:31.3792614Z   duration_ms: 1.972053
2026-10-09T18:15:31.3792661Z   type: 'test'
2026-10-09T18:15:31.3792706Z   ...
2026-10-09T18:15:31.3792812Z # Subtest: PHP corpus rejects missing relocated
2026-10-09T18:15:31.3792909Z ok 326 - PHP corpus rejects missing relocated
2026-10-09T18:15:31.3792954Z   ---
2026-10-09T18:15:31.3793013Z   duration_ms: 1.957171
2026-10-09T18:15:31.3793059Z   type: 'test'
2026-10-09T18:15:31.3793103Z   ...
2026-10-09T18:15:31.3793235Z # Subtest: PHP corpus rejects missing compilerFreeExecution
2026-10-09T18:15:31.3793359Z ok 327 - PHP corpus rejects missing compilerFreeExecution
2026-10-09T18:15:31.3793401Z   ---
2026-10-09T18:15:31.3793553Z   duration_ms: 3.65468
2026-10-09T18:15:31.3793602Z   type: 'test'
2026-10-09T18:15:31.3793648Z   ...
2026-10-09T18:15:31.3793790Z # Subtest: PHP corpus rejects missing runtimeOverridesDisabled
2026-10-09T18:15:31.3793924Z ok 328 - PHP corpus rejects missing runtimeOverridesDisabled
2026-10-09T18:15:31.3793967Z   ---
2026-10-09T18:15:31.3794027Z   duration_ms: 2.099726
2026-10-09T18:15:31.3794075Z   type: 'test'
2026-10-09T18:15:31.3794120Z   ...
2026-10-09T18:15:31.3794224Z # Subtest: PHP corpus rejects missing iniDisabled
2026-10-09T18:15:31.3794486Z ok 329 - PHP corpus rejects missing iniDisabled
2026-10-09T18:15:31.3794534Z   ---
2026-10-09T18:15:31.3794590Z   duration_ms: 1.977191
2026-10-09T18:15:31.3794640Z   type: 'test'
2026-10-09T18:15:31.3794687Z   ...
2026-10-09T18:15:31.3794803Z # Subtest: PHP corpus rejects missing repeatExecution
2026-10-09T18:15:31.3794912Z ok 330 - PHP corpus rejects missing repeatExecution
2026-10-09T18:15:31.3794957Z   ---
2026-10-09T18:15:31.3795016Z   duration_ms: 2.101309
2026-10-09T18:15:31.3795065Z   type: 'test'
2026-10-09T18:15:31.3795110Z   ...
2026-10-09T18:15:31.3795231Z # Subtest: PHP corpus rejects missing unchangedDeployment
2026-10-09T18:15:31.3795351Z ok 331 - PHP corpus rejects missing unchangedDeployment
2026-10-09T18:15:31.3795396Z   ---
2026-10-09T18:15:31.3795454Z   duration_ms: 1.953265
2026-10-09T18:15:31.3795500Z   type: 'test'
2026-10-09T18:15:31.3795545Z   ...
2026-10-09T18:15:31.3795658Z # Subtest: PHP corpus rejects missing localLibraries
2026-10-09T18:15:31.3795765Z ok 332 - PHP corpus rejects missing localLibraries
2026-10-09T18:15:31.3795811Z   ---
2026-10-09T18:15:31.3795869Z   duration_ms: 1.970291
2026-10-09T18:15:31.3795915Z   type: 'test'
2026-10-09T18:15:31.3795960Z   ...
2026-10-09T18:15:31.3796111Z # Subtest: native PHP corpus accepts the PHP 8.4 boolean NTS constant
2026-10-09T18:15:31.3796257Z ok 333 - native PHP corpus accepts the PHP 8.4 boolean NTS constant
2026-10-09T18:15:31.3796301Z   ---
2026-10-09T18:15:31.3796364Z   duration_ms: 86.780404
2026-10-09T18:15:31.3796411Z   type: 'test'
2026-10-09T18:15:31.3796456Z   ...
2026-10-09T18:15:31.3796641Z # Subtest: PHP-Wasm corpus requires all installed loading routes and 32-bit callers
2026-10-09T18:15:31.3796817Z ok 334 - PHP-Wasm corpus requires all installed loading routes and 32-bit callers
2026-10-09T18:15:31.3796862Z   ---
2026-10-09T18:15:31.3796921Z   duration_ms: 88.959514
2026-10-09T18:15:31.3796968Z   type: 'test'
2026-10-09T18:15:31.3797013Z   ...
2026-10-09T18:15:31.3797123Z # Subtest: PHP-Wasm corpus rejects missing evidence
2026-10-09T18:15:31.3797228Z ok 335 - PHP-Wasm corpus rejects missing evidence
2026-10-09T18:15:31.3797273Z   ---
2026-10-09T18:15:31.3797328Z   duration_ms: 6.981978
2026-10-09T18:15:31.3797377Z   type: 'test'
2026-10-09T18:15:31.3797421Z   ...
2026-10-09T18:15:31.3797549Z # Subtest: PHP-Wasm corpus rejects missing runtime archive
2026-10-09T18:15:31.3797669Z ok 336 - PHP-Wasm corpus rejects missing runtime archive
2026-10-09T18:15:31.3797717Z   ---
2026-10-09T18:15:31.3797775Z   duration_ms: 4.37761
2026-10-09T18:15:31.3797820Z   type: 'test'
2026-10-09T18:15:31.3797865Z   ...
2026-10-09T18:15:31.3797988Z # Subtest: PHP-Wasm corpus rejects wrong Composer archive
2026-10-09T18:15:31.3798104Z ok 337 - PHP-Wasm corpus rejects wrong Composer archive
2026-10-09T18:15:31.3798150Z   ---
2026-10-09T18:15:31.3798207Z   duration_ms: 3.593198
2026-10-09T18:15:31.3798254Z   type: 'test'
2026-10-09T18:15:31.3798296Z   ...
2026-10-09T18:15:31.3798422Z # Subtest: PHP-Wasm corpus rejects wrong runtime identity
2026-10-09T18:15:31.3798540Z ok 338 - PHP-Wasm corpus rejects wrong runtime identity
2026-10-09T18:15:31.3798583Z   ---
2026-10-09T18:15:31.3798642Z   duration_ms: 3.396161
2026-10-09T18:15:31.3798690Z   type: 'test'
2026-10-09T18:15:31.3798734Z   ...
2026-10-09T18:15:31.3798839Z # Subtest: PHP-Wasm corpus rejects wrong PHP host
2026-10-09T18:15:31.3798942Z ok 339 - PHP-Wasm corpus rejects wrong PHP host
2026-10-09T18:15:31.3798987Z   ---
2026-10-09T18:15:31.3799136Z   duration_ms: 5.752554
2026-10-09T18:15:31.3799186Z   type: 'test'
2026-10-09T18:15:31.3799231Z   ...
2026-10-09T18:15:31.3799357Z # Subtest: PHP-Wasm corpus rejects unidentified host files
2026-10-09T18:15:31.3799478Z ok 340 - PHP-Wasm corpus rejects unidentified host files
2026-10-09T18:15:31.3799524Z   ---
2026-10-09T18:15:31.3799581Z   duration_ms: 3.459125
2026-10-09T18:15:31.3799626Z   type: 'test'
2026-10-09T18:15:31.3799672Z   ...
2026-10-09T18:15:31.3799775Z # Subtest: PHP-Wasm corpus rejects changed host
2026-10-09T18:15:31.3799948Z ok 341 - PHP-Wasm corpus rejects changed host
2026-10-09T18:15:31.3799996Z   ---
2026-10-09T18:15:31.3800056Z   duration_ms: 4.27141
2026-10-09T18:15:31.3800101Z   type: 'test'
2026-10-09T18:15:31.3800146Z   ...
2026-10-09T18:15:31.3800253Z # Subtest: PHP-Wasm corpus rejects wrong word size
2026-10-09T18:15:31.3800356Z ok 342 - PHP-Wasm corpus rejects wrong word size
2026-10-09T18:15:31.3800400Z   ---
2026-10-09T18:15:31.3800457Z   duration_ms: 9.962522
2026-10-09T18:15:31.3800507Z   type: 'test'
2026-10-09T18:15:31.3800550Z   ...
2026-10-09T18:15:31.3800652Z # Subtest: PHP-Wasm corpus rejects native SAPI
2026-10-09T18:15:31.3800751Z ok 343 - PHP-Wasm corpus rejects native SAPI
2026-10-09T18:15:31.3800794Z   ---
2026-10-09T18:15:31.3800851Z   duration_ms: 9.139611
2026-10-09T18:15:31.3800899Z   type: 'test'
2026-10-09T18:15:31.3800943Z   ...
2026-10-09T18:15:31.3801053Z # Subtest: PHP-Wasm corpus rejects wrong PHP version
2026-10-09T18:15:31.3801163Z ok 344 - PHP-Wasm corpus rejects wrong PHP version
2026-10-09T18:15:31.3801209Z   ---
2026-10-09T18:15:31.3801264Z   duration_ms: 2.934374
2026-10-09T18:15:31.3801336Z   type: 'test'
2026-10-09T18:15:31.3801381Z   ...
2026-10-09T18:15:31.3801483Z # Subtest: PHP-Wasm corpus rejects threaded host
2026-10-09T18:15:31.3801584Z ok 345 - PHP-Wasm corpus rejects threaded host
2026-10-09T18:15:31.3801630Z   ---
2026-10-09T18:15:31.3801689Z   duration_ms: 9.423038
2026-10-09T18:15:31.3801735Z   type: 'test'
2026-10-09T18:15:31.3801783Z   ...
2026-10-09T18:15:31.3801891Z # Subtest: PHP-Wasm corpus rejects retained record
2026-10-09T18:15:31.3801990Z ok 346 - PHP-Wasm corpus rejects retained record
2026-10-09T18:15:31.3802037Z   ---
2026-10-09T18:15:31.3802095Z   duration_ms: 9.654057
2026-10-09T18:15:31.3802143Z   type: 'test'
2026-10-09T18:15:31.3802186Z   ...
2026-10-09T18:15:31.3802300Z # Subtest: PHP-Wasm corpus rejects wrong API location
2026-10-09T18:15:31.3802410Z ok 347 - PHP-Wasm corpus rejects wrong API location
2026-10-09T18:15:31.3802453Z   ---
2026-10-09T18:15:31.3802514Z   duration_ms: 10.507944
2026-10-09T18:15:31.3802562Z   type: 'test'
2026-10-09T18:15:31.3802604Z   ...
2026-10-09T18:15:31.3802721Z # Subtest: PHP-Wasm corpus rejects foreign PHP include
2026-10-09T18:15:31.3802833Z ok 348 - PHP-Wasm corpus rejects foreign PHP include
2026-10-09T18:15:31.3802877Z   ---
2026-10-09T18:15:31.3802933Z   duration_ms: 5.755338
2026-10-09T18:15:31.3802980Z   type: 'test'
2026-10-09T18:15:31.3803025Z   ...
2026-10-09T18:15:31.3803130Z # Subtest: PHP-Wasm corpus rejects changed caller
2026-10-09T18:15:31.3803232Z ok 349 - PHP-Wasm corpus rejects changed caller
2026-10-09T18:15:31.3803278Z   ---
2026-10-09T18:15:31.3803334Z   duration_ms: 3.895083
2026-10-09T18:15:31.3803382Z   type: 'test'
2026-10-09T18:15:31.3803426Z   ...
2026-10-09T18:15:31.3803533Z # Subtest: PHP-Wasm corpus rejects changed request
2026-10-09T18:15:31.3803633Z ok 350 - PHP-Wasm corpus rejects changed request
2026-10-09T18:15:31.3803678Z   ---
2026-10-09T18:15:31.3803738Z   duration_ms: 4.448598
2026-10-09T18:15:31.3803784Z   type: 'test'
2026-10-09T18:15:31.3803829Z   ...
2026-10-09T18:15:31.3803931Z # Subtest: PHP-Wasm corpus rejects missing route
2026-10-09T18:15:31.3804029Z ok 351 - PHP-Wasm corpus rejects missing route
2026-10-09T18:15:31.3804074Z   ---
2026-10-09T18:15:31.3804132Z   duration_ms: 5.268785
2026-10-09T18:15:31.3804180Z   type: 'test'
2026-10-09T18:15:31.3804222Z   ...
2026-10-09T18:15:31.3804333Z # Subtest: PHP-Wasm corpus rejects duplicate route
2026-10-09T18:15:31.3804573Z ok 352 - PHP-Wasm corpus rejects duplicate route
2026-10-09T18:15:31.3804616Z   ---
2026-10-09T18:15:31.3804676Z   duration_ms: 9.888971
2026-10-09T18:15:31.3804723Z   type: 'test'
2026-10-09T18:15:31.3804766Z   ...
2026-10-09T18:15:31.3804878Z # Subtest: PHP-Wasm corpus rejects wrong caller mode
2026-10-09T18:15:31.3804986Z ok 353 - PHP-Wasm corpus rejects wrong caller mode
2026-10-09T18:15:31.3805032Z   ---
2026-10-09T18:15:31.3805087Z   duration_ms: 5.704191
2026-10-09T18:15:31.3805135Z   type: 'test'
2026-10-09T18:15:31.3805261Z   ...
2026-10-09T18:15:31.3805368Z # Subtest: PHP-Wasm corpus rejects cold eager fetch
2026-10-09T18:15:31.3805474Z ok 354 - PHP-Wasm corpus rejects cold eager fetch
2026-10-09T18:15:31.3805520Z   ---
2026-10-09T18:15:31.3805578Z   duration_ms: 6.971141
2026-10-09T18:15:31.3805623Z   type: 'test'
2026-10-09T18:15:31.3805669Z   ...
2026-10-09T18:15:31.3805788Z # Subtest: PHP-Wasm corpus rejects invalid input fetch
2026-10-09T18:15:31.3805898Z ok 355 - PHP-Wasm corpus rejects invalid input fetch
2026-10-09T18:15:31.3805944Z   ---
2026-10-09T18:15:31.3806001Z   duration_ms: 5.742498
2026-10-09T18:15:31.3806046Z   type: 'test'
2026-10-09T18:15:31.3806091Z   ...
2026-10-09T18:15:31.3806214Z # Subtest: PHP-Wasm corpus rejects missing library fetch
2026-10-09T18:15:31.3806329Z ok 356 - PHP-Wasm corpus rejects missing library fetch
2026-10-09T18:15:31.3806372Z   ---
2026-10-09T18:15:31.3806432Z   duration_ms: 5.267031
2026-10-09T18:15:31.3806479Z   type: 'test'
2026-10-09T18:15:31.3806522Z   ...
2026-10-09T18:15:31.3806640Z # Subtest: PHP-Wasm corpus rejects wrong browser result
2026-10-09T18:15:31.3806753Z ok 357 - PHP-Wasm corpus rejects wrong browser result
2026-10-09T18:15:31.3806796Z   ---
2026-10-09T18:15:31.3806854Z   duration_ms: 8.279464
2026-10-09T18:15:31.3806902Z   type: 'test'
2026-10-09T18:15:31.3806947Z   ...
2026-10-09T18:15:31.3807065Z # Subtest: PHP-Wasm corpus rejects missing browser asset
2026-10-09T18:15:31.3807183Z ok 358 - PHP-Wasm corpus rejects missing browser asset
2026-10-09T18:15:31.3807229Z   ---
2026-10-09T18:15:31.3807286Z   duration_ms: 7.153416
2026-10-09T18:15:31.3807333Z   type: 'test'
2026-10-09T18:15:31.3807378Z   ...
2026-10-09T18:15:31.3807501Z # Subtest: PHP-Wasm corpus rejects unbound browser request
2026-10-09T18:15:31.3807619Z ok 359 - PHP-Wasm corpus rejects unbound browser request
2026-10-09T18:15:31.3807664Z   ---
2026-10-09T18:15:31.3807722Z   duration_ms: 9.120632
2026-10-09T18:15:31.3807768Z   type: 'test'
2026-10-09T18:15:31.3807815Z   ...
2026-10-09T18:15:31.3807939Z # Subtest: PHP-Wasm corpus rejects external browser asset
2026-10-09T18:15:31.3808055Z ok 360 - PHP-Wasm corpus rejects external browser asset
2026-10-09T18:15:31.3808100Z   ---
2026-10-09T18:15:31.3808157Z   duration_ms: 7.200867
2026-10-09T18:15:31.3808204Z   type: 'test'
2026-10-09T18:15:31.3808248Z   ...
2026-10-09T18:15:31.3808383Z # Subtest: PHP-Wasm corpus rejects missing supplemental error
2026-10-09T18:15:31.3808511Z ok 361 - PHP-Wasm corpus rejects missing supplemental error
2026-10-09T18:15:31.3808555Z   ---
2026-10-09T18:15:31.3808614Z   duration_ms: 7.804998
2026-10-09T18:15:31.3808661Z   type: 'test'
2026-10-09T18:15:31.3808703Z   ...
2026-10-09T18:15:31.3808839Z # Subtest: PHP-Wasm corpus rejects wrong supplemental recovery
2026-10-09T18:15:31.3808967Z ok 362 - PHP-Wasm corpus rejects wrong supplemental recovery
2026-10-09T18:15:31.3809013Z   ---
2026-10-09T18:15:31.3809070Z   duration_ms: 5.839655
2026-10-09T18:15:31.3809118Z   type: 'test'
2026-10-09T18:15:31.3809164Z   ...
2026-10-09T18:15:31.3809284Z # Subtest: PHP-Wasm corpus rejects wrong primary recovery
2026-10-09T18:15:31.3809402Z ok 363 - PHP-Wasm corpus rejects wrong primary recovery
2026-10-09T18:15:31.3809448Z   ---
2026-10-09T18:15:31.3809505Z   duration_ms: 3.060845
2026-10-09T18:15:31.3809551Z   type: 'test'
2026-10-09T18:15:31.3809595Z   ...
2026-10-09T18:15:31.3809715Z # Subtest: PHP-Wasm corpus rejects wrong rejection stage
2026-10-09T18:15:31.3809920Z ok 364 - PHP-Wasm corpus rejects wrong rejection stage
2026-10-09T18:15:31.3809965Z   ---
2026-10-09T18:15:31.3810023Z   duration_ms: 3.054165
2026-10-09T18:15:31.3810069Z   type: 'test'
2026-10-09T18:15:31.3810113Z   ...
2026-10-09T18:15:31.3810223Z # Subtest: PHP-Wasm corpus rejects unbound npm lock
2026-10-09T18:15:31.3810330Z ok 365 - PHP-Wasm corpus rejects unbound npm lock
2026-10-09T18:15:31.3810373Z   ---
2026-10-09T18:15:31.3810431Z   duration_ms: 4.845316
2026-10-09T18:15:31.3810479Z   type: 'test'
2026-10-09T18:15:31.3810520Z   ...
2026-10-09T18:15:31.3810700Z # Subtest: PHP-Wasm corpus rejects unbound Composer lock
2026-10-09T18:15:31.3810817Z ok 366 - PHP-Wasm corpus rejects unbound Composer lock
2026-10-09T18:15:31.3810860Z   ---
2026-10-09T18:15:31.3810920Z   duration_ms: 6.828726
2026-10-09T18:15:31.3810968Z   type: 'test'
2026-10-09T18:15:31.3811013Z   ...
2026-10-09T18:15:31.3811143Z # Subtest: PHP-Wasm corpus rejects changed integer dependency
2026-10-09T18:15:31.3811269Z ok 367 - PHP-Wasm corpus rejects changed integer dependency
2026-10-09T18:15:31.3811317Z   ---
2026-10-09T18:15:31.3811373Z   duration_ms: 4.799998
2026-10-09T18:15:31.3811422Z   type: 'test'
2026-10-09T18:15:31.3811469Z   ...
2026-10-09T18:15:31.3811590Z # Subtest: PHP-Wasm corpus rejects missing integer source
2026-10-09T18:15:31.3811707Z ok 368 - PHP-Wasm corpus rejects missing integer source
2026-10-09T18:15:31.3811753Z   ---
2026-10-09T18:15:31.3811811Z   duration_ms: 5.121532
2026-10-09T18:15:31.3811858Z   type: 'test'
2026-10-09T18:15:31.3811903Z   ...
2026-10-09T18:15:31.3812047Z # Subtest: PHP-Wasm corpus rejects changed bundled integer source
2026-10-09T18:15:31.3812178Z ok 369 - PHP-Wasm corpus rejects changed bundled integer source
2026-10-09T18:15:31.3812223Z   ---
2026-10-09T18:15:31.3812282Z   duration_ms: 3.984258
2026-10-09T18:15:31.3812330Z   type: 'test'
2026-10-09T18:15:31.3812372Z   ...
2026-10-09T18:15:31.3812503Z # Subtest: PHP-Wasm corpus rejects missing bundled bootstrap
2026-10-09T18:15:31.3812629Z ok 370 - PHP-Wasm corpus rejects missing bundled bootstrap
2026-10-09T18:15:31.3812672Z   ---
2026-10-09T18:15:31.3812732Z   duration_ms: 5.573053
2026-10-09T18:15:31.3812779Z   type: 'test'
2026-10-09T18:15:31.3812822Z   ...
2026-10-09T18:15:31.3812958Z # Subtest: PHP-Wasm corpus rejects missing loaded integer class
2026-10-09T18:15:31.3813088Z ok 371 - PHP-Wasm corpus rejects missing loaded integer class
2026-10-09T18:15:31.3813133Z   ---
2026-10-09T18:15:31.3813189Z   duration_ms: 7.476763
2026-10-09T18:15:31.3813237Z   type: 'test'
2026-10-09T18:15:31.3813283Z   ...
2026-10-09T18:15:31.3813403Z # Subtest: PHP-Wasm corpus rejects unidentified Composer
2026-10-09T18:15:31.3813520Z ok 372 - PHP-Wasm corpus rejects unidentified Composer
2026-10-09T18:15:31.3813566Z   ---
2026-10-09T18:15:31.3813622Z   duration_ms: 6.26696
2026-10-09T18:15:31.3813670Z   type: 'test'
2026-10-09T18:15:31.3813715Z   ...
2026-10-09T18:15:31.3813842Z # Subtest: PHP-Wasm corpus rejects ambient Composer plugin
2026-10-09T18:15:31.3813960Z ok 373 - PHP-Wasm corpus rejects ambient Composer plugin
2026-10-09T18:15:31.3814005Z   ---
2026-10-09T18:15:31.3814063Z   duration_ms: 6.146028
2026-10-09T18:15:31.3814109Z   type: 'test'
2026-10-09T18:15:31.3814153Z   ...
2026-10-09T18:15:31.3814276Z # Subtest: PHP-Wasm corpus rejects ambient PHP extension
2026-10-09T18:15:31.3814392Z ok 374 - PHP-Wasm corpus rejects ambient PHP extension
2026-10-09T18:15:31.3814545Z   ---
2026-10-09T18:15:31.3814606Z   duration_ms: 5.131046
2026-10-09T18:15:31.3814655Z   type: 'test'
2026-10-09T18:15:31.3814699Z   ...
2026-10-09T18:15:31.3814830Z # Subtest: PHP-Wasm corpus rejects unbound compiled receipt
2026-10-09T18:15:31.3814951Z ok 375 - PHP-Wasm corpus rejects unbound compiled receipt
2026-10-09T18:15:31.3814994Z   ---
2026-10-09T18:15:31.3815052Z   duration_ms: 3.636312
2026-10-09T18:15:31.3815101Z   type: 'test'
2026-10-09T18:15:31.3815147Z   ...
2026-10-09T18:15:31.3815263Z # Subtest: PHP-Wasm corpus rejects unbound declarations
2026-10-09T18:15:31.3815473Z ok 376 - PHP-Wasm corpus rejects unbound declarations
2026-10-09T18:15:31.3815518Z   ---
2026-10-09T18:15:31.3815574Z   duration_ms: 5.719354
2026-10-09T18:15:31.3815622Z   type: 'test'
2026-10-09T18:15:31.3815667Z   ...
2026-10-09T18:15:31.3815801Z # Subtest: PHP-Wasm corpus rejects wrong pending type rejection
2026-10-09T18:15:31.3815932Z ok 377 - PHP-Wasm corpus rejects wrong pending type rejection
2026-10-09T18:15:31.3815977Z   ---
2026-10-09T18:15:31.3816037Z   duration_ms: 7.132925
2026-10-09T18:15:31.3816081Z   type: 'test'
2026-10-09T18:15:31.3816202Z   ...
2026-10-09T18:15:31.3816327Z # Subtest: PHP-Wasm corpus rejects missing offlineInstall
2026-10-09T18:15:31.3816443Z ok 378 - PHP-Wasm corpus rejects missing offlineInstall
2026-10-09T18:15:31.3816488Z   ---
2026-10-09T18:15:31.3816546Z   duration_ms: 2.999393
2026-10-09T18:15:31.3816594Z   type: 'test'
2026-10-09T18:15:31.3816636Z   ...
2026-10-09T18:15:31.3816752Z # Subtest: PHP-Wasm corpus rejects missing emptyCaches
2026-10-09T18:15:31.3816868Z ok 379 - PHP-Wasm corpus rejects missing emptyCaches
2026-10-09T18:15:31.3816911Z   ---
2026-10-09T18:15:31.3816969Z   duration_ms: 2.960934
2026-10-09T18:15:31.3817019Z   type: 'test'
2026-10-09T18:15:31.3817063Z   ...
2026-10-09T18:15:31.3817185Z # Subtest: PHP-Wasm corpus rejects missing lockedInstall
2026-10-09T18:15:31.3817300Z ok 380 - PHP-Wasm corpus rejects missing lockedInstall
2026-10-09T18:15:31.3817345Z   ---
2026-10-09T18:15:31.3817401Z   duration_ms: 4.422228
2026-10-09T18:15:31.3817449Z   type: 'test'
2026-10-09T18:15:31.3817493Z   ...
2026-10-09T18:15:31.3817605Z # Subtest: PHP-Wasm corpus rejects missing relocated
2026-10-09T18:15:31.3817713Z ok 381 - PHP-Wasm corpus rejects missing relocated
2026-10-09T18:15:31.3817759Z   ---
2026-10-09T18:15:31.3817814Z   duration_ms: 3.003669
2026-10-09T18:15:31.3817862Z   type: 'test'
2026-10-09T18:15:31.3817906Z   ...
2026-10-09T18:15:31.3818027Z # Subtest: PHP-Wasm corpus rejects missing publicApiOnly
2026-10-09T18:15:31.3818142Z ok 382 - PHP-Wasm corpus rejects missing publicApiOnly
2026-10-09T18:15:31.3818189Z   ---
2026-10-09T18:15:31.3818248Z   duration_ms: 2.999683
2026-10-09T18:15:31.3818294Z   type: 'test'
2026-10-09T18:15:31.3818339Z   ...
2026-10-09T18:15:31.3818465Z # Subtest: PHP-Wasm corpus rejects missing repeatExecution
2026-10-09T18:15:31.3818585Z ok 383 - PHP-Wasm corpus rejects missing repeatExecution
2026-10-09T18:15:31.3818627Z   ---
2026-10-09T18:15:31.3818687Z   duration_ms: 3.325434
2026-10-09T18:15:31.3818734Z   type: 'test'
2026-10-09T18:15:31.3818776Z   ...
2026-10-09T18:15:31.3818915Z # Subtest: PHP-Wasm corpus rejects missing unchangedDeployment
2026-10-09T18:15:31.3819044Z ok 384 - PHP-Wasm corpus rejects missing unchangedDeployment
2026-10-09T18:15:31.3819087Z   ---
2026-10-09T18:15:31.3819145Z   duration_ms: 2.99753
2026-10-09T18:15:31.3819194Z   type: 'test'
2026-10-09T18:15:31.3819240Z   ...
2026-10-09T18:15:31.3819381Z # Subtest: PHP-Wasm corpus rejects missing compilerFreeExecution
2026-10-09T18:15:31.3819516Z ok 385 - PHP-Wasm corpus rejects missing compilerFreeExecution
2026-10-09T18:15:31.3819562Z   ---
2026-10-09T18:15:31.3819617Z   duration_ms: 2.9778
2026-10-09T18:15:31.3819666Z   type: 'test'
2026-10-09T18:15:31.3819710Z   ...
2026-10-09T18:15:31.3819909Z # Subtest: WIT corpus distinguishes public calls, typed-field range failures and recovery
2026-10-09T18:15:31.3820097Z ok 386 - WIT corpus distinguishes public calls, typed-field range failures and recovery
2026-10-09T18:15:31.3820143Z   ---
2026-10-09T18:15:31.3820203Z   duration_ms: 83.399511
2026-10-09T18:15:31.3820250Z   type: 'test'
2026-10-09T18:15:31.3820295Z   ...
2026-10-09T18:15:31.3820400Z # Subtest: WIT corpus rejects missing evidence
2026-10-09T18:15:31.3820496Z ok 387 - WIT corpus rejects missing evidence
2026-10-09T18:15:31.3820541Z   ---
2026-10-09T18:15:31.3820599Z   duration_ms: 2.173046
2026-10-09T18:15:31.3820646Z   type: 'test'
2026-10-09T18:15:31.3820689Z   ...
2026-10-09T18:15:31.3820800Z # Subtest: WIT corpus rejects wrong Wasmtime version
2026-10-09T18:15:31.3820971Z ok 388 - WIT corpus rejects wrong Wasmtime version
2026-10-09T18:15:31.3821014Z   ---
2026-10-09T18:15:31.3821072Z   duration_ms: 1.57786
2026-10-09T18:15:31.3821119Z   type: 'test'
2026-10-09T18:15:31.3821162Z   ...
2026-10-09T18:15:31.3821278Z # Subtest: WIT corpus rejects missing package receipt
2026-10-09T18:15:31.3821389Z ok 389 - WIT corpus rejects missing package receipt
2026-10-09T18:15:31.3821434Z   ---
2026-10-09T18:15:31.3821490Z   duration_ms: 4.680627
2026-10-09T18:15:31.3821537Z   type: 'test'
2026-10-09T18:15:31.3821636Z   ...
2026-10-09T18:15:31.3821754Z # Subtest: WIT corpus rejects different package receipt
2026-10-09T18:15:31.3821867Z ok 390 - WIT corpus rejects different package receipt
2026-10-09T18:15:31.3821913Z   ---
2026-10-09T18:15:31.3821968Z   duration_ms: 2.474521
2026-10-09T18:15:31.3822016Z   type: 'test'
2026-10-09T18:15:31.3822061Z   ...
2026-10-09T18:15:31.3822165Z # Subtest: WIT corpus rejects different archive
2026-10-09T18:15:31.3822261Z ok 391 - WIT corpus rejects different archive
2026-10-09T18:15:31.3822309Z   ---
2026-10-09T18:15:31.3822367Z   duration_ms: 2.317865
2026-10-09T18:15:31.3822412Z   type: 'test'
2026-10-09T18:15:31.3822460Z   ...
2026-10-09T18:15:31.3822564Z # Subtest: WIT corpus rejects different compiler
2026-10-09T18:15:31.3822661Z ok 392 - WIT corpus rejects different compiler
2026-10-09T18:15:31.3822707Z   ---
2026-10-09T18:15:31.3822764Z   duration_ms: 2.41348
2026-10-09T18:15:31.3822812Z   type: 'test'
2026-10-09T18:15:31.3822855Z   ...
2026-10-09T18:15:31.3822990Z # Subtest: WIT corpus rejects disabled conversion diagnostics
2026-10-09T18:15:31.3823116Z ok 393 - WIT corpus rejects disabled conversion diagnostics
2026-10-09T18:15:31.3823158Z   ---
2026-10-09T18:15:31.3823217Z   duration_ms: 2.263202
2026-10-09T18:15:31.3823265Z   type: 'test'
2026-10-09T18:15:31.3823309Z   ...
2026-10-09T18:15:31.3823413Z # Subtest: WIT corpus rejects disabled assertions
2026-10-09T18:15:31.3823515Z ok 394 - WIT corpus rejects disabled assertions
2026-10-09T18:15:31.3823562Z   ---
2026-10-09T18:15:31.3823620Z   duration_ms: 3.079504
2026-10-09T18:15:31.3823668Z   type: 'test'
2026-10-09T18:15:31.3823712Z   ...
2026-10-09T18:15:31.3823811Z # Subtest: WIT corpus rejects different caller
2026-10-09T18:15:31.3823908Z ok 395 - WIT corpus rejects different caller
2026-10-09T18:15:31.3823954Z   ---
2026-10-09T18:15:31.3824011Z   duration_ms: 3.490724
2026-10-09T18:15:31.3824057Z   type: 'test'
2026-10-09T18:15:31.3824102Z   ...
2026-10-09T18:15:31.3824227Z # Subtest: WIT corpus rejects missing executable identity
2026-10-09T18:15:31.3824340Z ok 396 - WIT corpus rejects missing executable identity
2026-10-09T18:15:31.3824388Z   ---
2026-10-09T18:15:31.3824574Z   duration_ms: 1.596627
2026-10-09T18:15:31.3824625Z   type: 'test'
2026-10-09T18:15:31.3824671Z   ...
2026-10-09T18:15:31.3824779Z # Subtest: WIT corpus rejects different wasm-tools
2026-10-09T18:15:31.3824883Z ok 397 - WIT corpus rejects different wasm-tools
2026-10-09T18:15:31.3824926Z   ---
2026-10-09T18:15:31.3824986Z   duration_ms: 2.18884
2026-10-09T18:15:31.3825034Z   type: 'test'
2026-10-09T18:15:31.3825077Z   ...
2026-10-09T18:15:31.3825190Z # Subtest: WIT corpus rejects missing parser identity
2026-10-09T18:15:31.3825298Z ok 398 - WIT corpus rejects missing parser identity
2026-10-09T18:15:31.3825341Z   ---
2026-10-09T18:15:31.3825398Z   duration_ms: 1.829098
2026-10-09T18:15:31.3825446Z   type: 'test'
2026-10-09T18:15:31.3825491Z   ...
2026-10-09T18:15:31.3825611Z # Subtest: WIT corpus rejects different component receipt
2026-10-09T18:15:31.3825729Z ok 399 - WIT corpus rejects different component receipt
2026-10-09T18:15:31.3825774Z   ---
2026-10-09T18:15:31.3825829Z   duration_ms: 3.468049
2026-10-09T18:15:31.3825876Z   type: 'test'
2026-10-09T18:15:31.3825921Z   ...
2026-10-09T18:15:31.3826055Z # Subtest: WIT corpus rejects different native adapter
2026-10-09T18:15:31.3826167Z ok 400 - WIT corpus rejects different native adapter
2026-10-09T18:15:31.3826212Z   ---
2026-10-09T18:15:31.3826399Z   duration_ms: 2.662735
2026-10-09T18:15:31.3826455Z   type: 'test'
2026-10-09T18:15:31.3826512Z   ...
2026-10-09T18:15:31.3826646Z # Subtest: WIT corpus rejects different runtime
2026-10-09T18:15:31.3826773Z ok 401 - WIT corpus rejects different runtime
2026-10-09T18:15:31.3826829Z   ---
2026-10-09T18:15:31.3826900Z   duration_ms: 2.263994
2026-10-09T18:15:31.3826959Z   type: 'test'
2026-10-09T18:15:31.3827021Z   ...
2026-10-09T18:15:31.3827132Z # Subtest: WIT corpus rejects changed public header
2026-10-09T18:15:31.3827313Z ok 402 - WIT corpus rejects changed public header
2026-10-09T18:15:31.3827358Z   ---
2026-10-09T18:15:31.3827416Z   duration_ms: 2.968065
2026-10-09T18:15:31.3827464Z   type: 'test'
2026-10-09T18:15:31.3827506Z   ...
2026-10-09T18:15:31.3827618Z # Subtest: WIT corpus rejects changed engine payload
2026-10-09T18:15:31.3827723Z ok 403 - WIT corpus rejects changed engine payload
2026-10-09T18:15:31.3827769Z   ---
2026-10-09T18:15:31.3827824Z   duration_ms: 2.398296
2026-10-09T18:15:31.3827874Z   type: 'test'
2026-10-09T18:15:31.3827919Z   ...
2026-10-09T18:15:31.3828025Z # Subtest: WIT corpus rejects different engine pin
2026-10-09T18:15:31.3828127Z ok 404 - WIT corpus rejects different engine pin
2026-10-09T18:15:31.3828173Z   ---
2026-10-09T18:15:31.3828229Z   duration_ms: 2.534962
2026-10-09T18:15:31.3828276Z   type: 'test'
2026-10-09T18:15:31.3828321Z   ...
2026-10-09T18:15:31.3828449Z # Subtest: WIT corpus rejects different component binary
2026-10-09T18:15:31.3828560Z ok 405 - WIT corpus rejects different component binary
2026-10-09T18:15:31.3828606Z   ---
2026-10-09T18:15:31.3828664Z   duration_ms: 3.497214
2026-10-09T18:15:31.3828709Z   type: 'test'
2026-10-09T18:15:31.3828755Z   ...
2026-10-09T18:15:31.3828862Z # Subtest: WIT corpus rejects different WIT source
2026-10-09T18:15:31.3828968Z ok 406 - WIT corpus rejects different WIT source
2026-10-09T18:15:31.3829011Z   ---
2026-10-09T18:15:31.3829068Z   duration_ms: 2.64675
2026-10-09T18:15:31.3829116Z   type: 'test'
2026-10-09T18:15:31.3829159Z   ...
2026-10-09T18:15:31.3829281Z # Subtest: WIT corpus rejects missing binary declarations
2026-10-09T18:15:31.3829397Z ok 407 - WIT corpus rejects missing binary declarations
2026-10-09T18:15:31.3829440Z   ---
2026-10-09T18:15:31.3829498Z   duration_ms: 2.606169
2026-10-09T18:15:31.3829546Z   type: 'test'
2026-10-09T18:15:31.3829591Z   ...
2026-10-09T18:15:31.3829704Z # Subtest: WIT corpus rejects missing WIT declarations
2026-10-09T18:15:31.3829815Z ok 408 - WIT corpus rejects missing WIT declarations
2026-10-09T18:15:31.3829860Z   ---
2026-10-09T18:15:31.3829917Z   duration_ms: 3.311403
2026-10-09T18:15:31.3829966Z   type: 'test'
2026-10-09T18:15:31.3830010Z   ...
2026-10-09T18:15:31.3830127Z # Subtest: WIT corpus rejects different binary signature
2026-10-09T18:15:31.3830240Z ok 409 - WIT corpus rejects different binary signature
2026-10-09T18:15:31.3830285Z   ---
2026-10-09T18:15:31.3830342Z   duration_ms: 3.062257
2026-10-09T18:15:31.3830388Z   type: 'test'
2026-10-09T18:15:31.3830433Z   ...
2026-10-09T18:15:31.3830547Z # Subtest: WIT corpus rejects different WIT signature
2026-10-09T18:15:31.3830651Z ok 410 - WIT corpus rejects different WIT signature
2026-10-09T18:15:31.3830696Z   ---
2026-10-09T18:15:31.3830753Z   duration_ms: 4.2376
2026-10-09T18:15:31.3830800Z   type: 'test'
2026-10-09T18:15:31.3830846Z   ...
2026-10-09T18:15:31.3830969Z # Subtest: WIT corpus rejects different nested field type
2026-10-09T18:15:31.3831086Z ok 411 - WIT corpus rejects different nested field type
2026-10-09T18:15:31.3831129Z   ---
2026-10-09T18:15:31.3831188Z   duration_ms: 5.360863
2026-10-09T18:15:31.3831236Z   type: 'test'
2026-10-09T18:15:31.3831278Z   ...
2026-10-09T18:15:31.3831391Z # Subtest: WIT corpus rejects reordered record fields
2026-10-09T18:15:31.3831498Z ok 412 - WIT corpus rejects reordered record fields
2026-10-09T18:15:31.3831542Z   ---
2026-10-09T18:15:31.3831598Z   duration_ms: 3.157
2026-10-09T18:15:31.3831646Z   type: 'test'
2026-10-09T18:15:31.3831692Z   ...
2026-10-09T18:15:31.3831895Z # Subtest: WIT corpus rejects changed Unit enum
2026-10-09T18:15:31.3831995Z ok 413 - WIT corpus rejects changed Unit enum
2026-10-09T18:15:31.3832040Z   ---
2026-10-09T18:15:31.3832096Z   duration_ms: 3.561601
2026-10-09T18:15:31.3832143Z   type: 'test'
2026-10-09T18:15:31.3832187Z   ...
2026-10-09T18:15:31.3832319Z # Subtest: WIT corpus rejects missing public interface export
2026-10-09T18:15:31.3832442Z ok 414 - WIT corpus rejects missing public interface export
2026-10-09T18:15:31.3832487Z   ---
2026-10-09T18:15:31.3832545Z   duration_ms: 2.701333
2026-10-09T18:15:31.3832646Z   type: 'test'
2026-10-09T18:15:31.3832692Z   ...
2026-10-09T18:15:31.3832806Z # Subtest: WIT corpus rejects unexpected world import
2026-10-09T18:15:31.3832913Z ok 415 - WIT corpus rejects unexpected world import
2026-10-09T18:15:31.3832958Z   ---
2026-10-09T18:15:31.3833016Z   duration_ms: 2.56706
2026-10-09T18:15:31.3833064Z   type: 'test'
2026-10-09T18:15:31.3833107Z   ...
2026-10-09T18:15:31.3833234Z # Subtest: WIT corpus rejects changed WIT package identity
2026-10-09T18:15:31.3833353Z ok 416 - WIT corpus rejects changed WIT package identity
2026-10-09T18:15:31.3833396Z   ---
2026-10-09T18:15:31.3833455Z   duration_ms: 3.577935
2026-10-09T18:15:31.3833502Z   type: 'test'
2026-10-09T18:15:31.3833545Z   ...
2026-10-09T18:15:31.3833649Z # Subtest: WIT corpus rejects cyclic type alias
2026-10-09T18:15:31.3833748Z ok 417 - WIT corpus rejects cyclic type alias
2026-10-09T18:15:31.3833793Z   ---
2026-10-09T18:15:31.3833849Z   duration_ms: 3.2894
2026-10-09T18:15:31.3833900Z   type: 'test'
2026-10-09T18:15:31.3833944Z   ...
2026-10-09T18:15:31.3834051Z # Subtest: WIT corpus rejects missing loaded engine
2026-10-09T18:15:31.3834156Z ok 418 - WIT corpus rejects missing loaded engine
2026-10-09T18:15:31.3834200Z   ---
2026-10-09T18:15:31.3834258Z   duration_ms: 2.932091
2026-10-09T18:15:31.3834303Z   type: 'test'
2026-10-09T18:15:31.3834348Z   ...
2026-10-09T18:15:31.3834591Z # Subtest: WIT corpus rejects unexpected local library
2026-10-09T18:15:31.3834704Z ok 419 - WIT corpus rejects unexpected local library
2026-10-09T18:15:31.3834748Z   ---
2026-10-09T18:15:31.3834807Z   duration_ms: 5.319851
2026-10-09T18:15:31.3834853Z   type: 'test'
2026-10-09T18:15:31.3834897Z   ...
2026-10-09T18:15:31.3835014Z # Subtest: WIT corpus rejects external engine override
2026-10-09T18:15:31.3835124Z ok 420 - WIT corpus rejects external engine override
2026-10-09T18:15:31.3835167Z   ---
2026-10-09T18:15:31.3835225Z   duration_ms: 3.335439
2026-10-09T18:15:31.3835272Z   type: 'test'
2026-10-09T18:15:31.3835316Z   ...
2026-10-09T18:15:31.3835424Z # Subtest: WIT corpus rejects changed loaded engine
2026-10-09T18:15:31.3835528Z ok 421 - WIT corpus rejects changed loaded engine
2026-10-09T18:15:31.3835571Z   ---
2026-10-09T18:15:31.3835629Z   duration_ms: 2.807503
2026-10-09T18:15:31.3835677Z   type: 'test'
2026-10-09T18:15:31.3835721Z   ...
2026-10-09T18:15:31.3835842Z # Subtest: WIT corpus rejects missing pkg-config identity
2026-10-09T18:15:31.3835957Z ok 422 - WIT corpus rejects missing pkg-config identity
2026-10-09T18:15:31.3836005Z   ---
2026-10-09T18:15:31.3836062Z   duration_ms: 3.415059
2026-10-09T18:15:31.3836109Z   type: 'test'
2026-10-09T18:15:31.3836153Z   ...
2026-10-09T18:15:31.3836268Z # Subtest: WIT corpus rejects external pkg-config flags
2026-10-09T18:15:31.3836380Z ok 423 - WIT corpus rejects external pkg-config flags
2026-10-09T18:15:31.3836424Z   ---
2026-10-09T18:15:31.3836482Z   duration_ms: 2.714183
2026-10-09T18:15:31.3836528Z   type: 'test'
2026-10-09T18:15:31.3836572Z   ...
2026-10-09T18:15:31.3836678Z # Subtest: WIT corpus rejects missing repeat run
2026-10-09T18:15:31.3836777Z ok 424 - WIT corpus rejects missing repeat run
2026-10-09T18:15:31.3836822Z   ---
2026-10-09T18:15:31.3836879Z   duration_ms: 1.523267
2026-10-09T18:15:31.3836926Z   type: 'test'
2026-10-09T18:15:31.3836969Z   ...
2026-10-09T18:15:31.3837092Z # Subtest: WIT corpus rejects unproved session ownership
2026-10-09T18:15:31.3837206Z ok 425 - WIT corpus rejects unproved session ownership
2026-10-09T18:15:31.3837349Z   ---
2026-10-09T18:15:31.3837409Z   duration_ms: 3.243781
2026-10-09T18:15:31.3837459Z   type: 'test'
2026-10-09T18:15:31.3837502Z   ...
2026-10-09T18:15:31.3837612Z # Subtest: WIT corpus rejects changed failed output
2026-10-09T18:15:31.3837718Z ok 426 - WIT corpus rejects changed failed output
2026-10-09T18:15:31.3837762Z   ---
2026-10-09T18:15:31.3837817Z   duration_ms: 1.449095
2026-10-09T18:15:31.3837864Z   type: 'test'
2026-10-09T18:15:31.3837908Z   ...
2026-10-09T18:15:31.3838089Z # Subtest: WIT corpus rejects wrong rejection stage
2026-10-09T18:15:31.3838195Z ok 427 - WIT corpus rejects wrong rejection stage
2026-10-09T18:15:31.3838240Z   ---
2026-10-09T18:15:31.3838295Z   duration_ms: 1.395945
2026-10-09T18:15:31.3838344Z   type: 'test'
2026-10-09T18:15:31.3838390Z   ...
2026-10-09T18:15:31.3838503Z # Subtest: WIT corpus rejects wrong rejection message
2026-10-09T18:15:31.3838608Z ok 428 - WIT corpus rejects wrong rejection message
2026-10-09T18:15:31.3838655Z   ---
2026-10-09T18:15:31.3838712Z   duration_ms: 1.404968
2026-10-09T18:15:31.3838757Z   type: 'test'
2026-10-09T18:15:31.3838802Z   ...
2026-10-09T18:15:31.3838918Z # Subtest: WIT corpus rejects different negative caller
2026-10-09T18:15:31.3839029Z ok 429 - WIT corpus rejects different negative caller
2026-10-09T18:15:31.3839075Z   ---
2026-10-09T18:15:31.3839132Z   duration_ms: 1.437317
2026-10-09T18:15:31.3839182Z   type: 'test'
2026-10-09T18:15:31.3839224Z   ...
2026-10-09T18:15:31.3839340Z # Subtest: WIT corpus rejects unrelated compiler error
2026-10-09T18:15:31.3839452Z ok 430 - WIT corpus rejects unrelated compiler error
2026-10-09T18:15:31.3839496Z   ---
2026-10-09T18:15:31.3839554Z   duration_ms: 2.058253
2026-10-09T18:15:31.3839601Z   type: 'test'
2026-10-09T18:15:31.3839648Z   ...
2026-10-09T18:15:31.3839754Z # Subtest: WIT corpus rejects missing runtime error
2026-10-09T18:15:31.3839857Z ok 431 - WIT corpus rejects missing runtime error
2026-10-09T18:15:31.3839903Z   ---
2026-10-09T18:15:31.3839961Z   duration_ms: 2.814974
2026-10-09T18:15:31.3840008Z   type: 'test'
2026-10-09T18:15:31.3840052Z   ...
2026-10-09T18:15:31.3840165Z # Subtest: WIT corpus rejects duplicated runtime error
2026-10-09T18:15:31.3840275Z ok 432 - WIT corpus rejects duplicated runtime error
2026-10-09T18:15:31.3840319Z   ---
2026-10-09T18:15:31.3840376Z   duration_ms: 2.960073
2026-10-09T18:15:31.3840423Z   type: 'test'
2026-10-09T18:15:31.3840468Z   ...
2026-10-09T18:15:31.3840588Z # Subtest: WIT corpus rejects wrong supplemental message
2026-10-09T18:15:31.3840701Z ok 433 - WIT corpus rejects wrong supplemental message
2026-10-09T18:15:31.3840747Z   ---
2026-10-09T18:15:31.3840804Z   duration_ms: 3.860911
2026-10-09T18:15:31.3840850Z   type: 'test'
2026-10-09T18:15:31.3840895Z   ...
2026-10-09T18:15:31.3841002Z # Subtest: WIT corpus rejects failed trap recovery
2026-10-09T18:15:31.3841104Z ok 434 - WIT corpus rejects failed trap recovery
2026-10-09T18:15:31.3841147Z   ---
2026-10-09T18:15:31.3841205Z   duration_ms: 4.401156
2026-10-09T18:15:31.3841254Z   type: 'test'
2026-10-09T18:15:31.3841297Z   ...
2026-10-09T18:15:31.3841450Z # Subtest: WIT corpus rejects failed supplemental output preservation
2026-10-09T18:15:31.3841596Z ok 435 - WIT corpus rejects failed supplemental output preservation
2026-10-09T18:15:31.3841641Z   ---
2026-10-09T18:15:31.3841697Z   duration_ms: 4.168526
2026-10-09T18:15:31.3841744Z   type: 'test'
2026-10-09T18:15:31.3841790Z   ...
2026-10-09T18:15:31.3841935Z # Subtest: WIT corpus rejects missing sourcesRemovedBeforeInstall
2026-10-09T18:15:31.3842073Z ok 436 - WIT corpus rejects missing sourcesRemovedBeforeInstall
2026-10-09T18:15:31.3842117Z   ---
2026-10-09T18:15:31.3842173Z   duration_ms: 2.339197
2026-10-09T18:15:31.3842220Z   type: 'test'
2026-10-09T18:15:31.3842264Z   ...
2026-10-09T18:15:31.3842400Z # Subtest: WIT corpus rejects missing installedSourcesRemoved
2026-10-09T18:15:31.3842528Z ok 437 - WIT corpus rejects missing installedSourcesRemoved
2026-10-09T18:15:31.3842574Z   ---
2026-10-09T18:15:31.3842699Z   duration_ms: 1.515916
2026-10-09T18:15:31.3842745Z   type: 'test'
2026-10-09T18:15:31.3842793Z   ...
2026-10-09T18:15:31.3842892Z # Subtest: WIT corpus rejects missing offline
2026-10-09T18:15:31.3842985Z ok 438 - WIT corpus rejects missing offline
2026-10-09T18:15:31.3843030Z   ---
2026-10-09T18:15:31.3843088Z   duration_ms: 1.444609
2026-10-09T18:15:31.3843136Z   type: 'test'
2026-10-09T18:15:31.3843179Z   ...
2026-10-09T18:15:31.3843316Z # Subtest: WIT corpus rejects missing runtimeOverridesDisabled
2026-10-09T18:15:31.3849529Z ok 439 - WIT corpus rejects missing runtimeOverridesDisabled
2026-10-09T18:15:31.3849594Z   ---
2026-10-09T18:15:31.3849663Z   duration_ms: 1.481173
2026-10-09T18:15:31.3849713Z   type: 'test'
2026-10-09T18:15:31.3849761Z   ...
2026-10-09T18:15:31.3849890Z # Subtest: WIT corpus rejects missing publicHeadersOnly
2026-10-09T18:15:31.3850006Z ok 440 - WIT corpus rejects missing publicHeadersOnly
2026-10-09T18:15:31.3850054Z   ---
2026-10-09T18:15:31.3850118Z   duration_ms: 1.428194
2026-10-09T18:15:31.3850167Z   type: 'test'
2026-10-09T18:15:31.3850213Z   ...
2026-10-09T18:15:31.3850348Z # Subtest: WIT corpus rejects missing compilerFreeExecution
2026-10-09T18:15:31.3850473Z ok 441 - WIT corpus rejects missing compilerFreeExecution
2026-10-09T18:15:31.3850518Z   ---
2026-10-09T18:15:31.3850579Z   duration_ms: 2.40067
2026-10-09T18:15:31.3850629Z   type: 'test'
2026-10-09T18:15:31.3850673Z   ...
2026-10-09T18:15:31.3850790Z # Subtest: WIT corpus rejects missing localLibraries
2026-10-09T18:15:31.3850901Z ok 442 - WIT corpus rejects missing localLibraries
2026-10-09T18:15:31.3850945Z   ---
2026-10-09T18:15:31.3851005Z   duration_ms: 2.30154
2026-10-09T18:15:31.3851055Z   type: 'test'
2026-10-09T18:15:31.3851102Z   ...
2026-10-09T18:18:30.0019289Z # Subtest: real Lean corpus matches independently rebuilt archives in source-free consumers
2026-10-09T18:18:30.0023359Z ok 443 - real Lean corpus matches independently rebuilt archives in source-free consumers
2026-10-09T18:18:30.0024972Z   ---
2026-10-09T18:18:30.0025429Z   duration_ms: 178685.722196
2026-10-09T18:18:30.0027419Z   type: 'test'
2026-10-09T18:18:30.0027614Z   ...
2026-10-09T18:18:30.0027854Z # shop: compiling Lean oracle
2026-10-09T18:18:30.0028177Z # shop: building nuget archives 1/2
2026-10-09T18:18:30.0028561Z # shop: building nuget archives 2/2
2026-10-09T18:18:30.0029116Z # shop: installing and executing dotnet without Lean sources; compiling only the downstream consumer
2026-10-09T18:18:30.0029581Z # telemetry: compiling Lean oracle
2026-10-09T18:18:30.0029915Z # telemetry: building nuget archives 1/2
2026-10-09T18:18:30.0030275Z # telemetry: building nuget archives 2/2
2026-10-09T18:18:30.0030896Z # telemetry: installing and executing dotnet without Lean sources; compiling only the downstream consumer
2026-10-09T18:18:30.0032891Z # Corpus report: build/type-corpus/dotnet.json (124 cases, 41 scoped cells, 6691 gaps)
2026-10-09T18:18:30.0342460Z 1..443
2026-10-09T18:18:30.0352096Z # tests 443
2026-10-09T18:18:30.0355082Z # suites 0
2026-10-09T18:18:30.0355353Z # pass 443
2026-10-09T18:18:30.0355577Z # fail 0
2026-10-09T18:18:30.0355795Z # cancelled 0
2026-10-09T18:18:30.0356031Z # skipped 0
2026-10-09T18:18:30.0356222Z # todo 0
2026-10-09T18:18:30.0356444Z # duration_ms 184244.0542
2026-10-09T18:18:30.0708617Z TAP version 13
2026-10-09T18:21:27.9475852Z # Subtest: reviewed native corpus executes installed public APIs after compiler reconciliation
2026-10-09T18:21:27.9486274Z ok 1 - reviewed native corpus executes installed public APIs after compiler reconciliation
2026-10-09T18:21:27.9486721Z   ---
2026-10-09T18:21:27.9486934Z   duration_ms: 177612.925798
2026-10-09T18:21:27.9487155Z   type: 'test'
2026-10-09T18:21:27.9487326Z   ...
2026-10-09T18:21:27.9487529Z # shop: compiling Lean oracle
2026-10-09T18:21:27.9487815Z # shop: building nuget archives 1/2
2026-10-09T18:21:27.9488120Z # shop: building nuget archives 2/2
2026-10-09T18:21:27.9488675Z # shop: installing and executing dotnet without Lean sources; compiling only the downstream consumer
2026-10-09T18:21:27.9489566Z # telemetry: compiling Lean oracle
2026-10-09T18:21:27.9489859Z # telemetry: building nuget archives 1/2
2026-10-09T18:21:27.9490166Z # telemetry: building nuget archives 2/2
2026-10-09T18:21:27.9490740Z # telemetry: installing and executing dotnet without Lean sources; compiling only the downstream consumer
2026-10-09T18:21:27.9492154Z # Compiler-checked reviewed native report: {"libraries":2,"profiles":1,"installedRuns":2,"catalogCases":124,"executedCases":92,"compileRejectedCases":32,"observedCells":41,"gapCells":6691}
2026-10-09T18:21:27.9729230Z 1..1
2026-10-09T18:21:27.9729512Z # tests 1
2026-10-09T18:21:27.9729716Z # suites 0
2026-10-09T18:21:27.9729914Z # pass 1
2026-10-09T18:21:27.9730271Z # fail 0
2026-10-09T18:21:27.9730612Z # cancelled 0
2026-10-09T18:21:27.9730882Z # skipped 0
2026-10-09T18:21:27.9731337Z # todo 0
2026-10-09T18:21:27.9731647Z # duration_ms 177908.958663
2026-10-09T18:21:28.0085968Z TAP version 13
2026-10-09T18:22:39.6346730Z # Subtest: ordinary and reviewed Char packages preserve Unicode scalars in installed native consumers
2026-10-09T18:22:39.6350533Z ok 1 - ordinary and reviewed Char packages preserve Unicode scalars in installed native consumers
2026-10-09T18:22:39.6352321Z   ---
2026-10-09T18:22:39.6352560Z   duration_ms: 71440.690419
2026-10-09T18:22:39.6352796Z   type: 'test'
2026-10-09T18:22:39.6353159Z   ...
2026-10-09T18:22:39.6354294Z # ordinary-source: building dotnet
2026-10-09T18:22:39.6356293Z # ordinary-source: installing and checking dotnet
2026-10-09T18:22:39.6361895Z # reviewed-ir: building dotnet
2026-10-09T18:22:39.6362844Z # reviewed-ir: installing and checking dotnet
2026-10-09T18:22:39.6497482Z 1..1
2026-10-09T18:22:39.6497742Z # tests 1
2026-10-09T18:22:39.6500431Z # suites 0
2026-10-09T18:22:39.6500860Z # pass 1
2026-10-09T18:22:39.6501732Z # fail 0
2026-10-09T18:22:39.6501947Z # cancelled 0
2026-10-09T18:22:39.6502136Z # skipped 0
2026-10-09T18:22:39.6502306Z # todo 0
2026-10-09T18:22:39.6502593Z # duration_ms 71650.737779
2026-10-09T18:22:39.6843153Z TAP version 13
2026-10-09T18:23:53.0161904Z # Subtest: ordinary and reviewed Word packages preserve compiled platform integers in installed native consumers
2026-10-09T18:23:53.0167279Z ok 1 - ordinary and reviewed Word packages preserve compiled platform integers in installed native consumers
2026-10-09T18:23:53.0167731Z   ---
2026-10-09T18:23:53.0167965Z   duration_ms: 73148.44257
2026-10-09T18:23:53.0168241Z   type: 'test'
2026-10-09T18:23:53.0168426Z   ...
2026-10-09T18:23:53.0168687Z # ordinary-source: building dotnet
2026-10-09T18:23:53.0172878Z # ordinary-source: installing and checking dotnet
2026-10-09T18:23:53.0173253Z # reviewed-ir: building dotnet
2026-10-09T18:23:53.0175416Z # reviewed-ir: installing and checking dotnet
2026-10-09T18:23:53.0300966Z 1..1
2026-10-09T18:23:53.0301208Z # tests 1
2026-10-09T18:23:53.0301447Z # suites 0
2026-10-09T18:23:53.0301622Z # pass 1
2026-10-09T18:23:53.0301791Z # fail 0
2026-10-09T18:23:53.0301964Z # cancelled 0
2026-10-09T18:23:53.0302173Z # skipped 0
2026-10-09T18:23:53.0302666Z # todo 0
2026-10-09T18:23:53.0302982Z # duration_ms 73353.580775
2026-10-09T18:23:53.0730554Z TAP version 13
2026-10-09T18:23:53.2536944Z # Subtest: .NET callables expose delegates and disposable closures without FFI
2026-10-09T18:23:53.2537581Z ok 1 - .NET callables expose delegates and disposable closures without FFI
2026-10-09T18:23:53.2537869Z   ---
2026-10-09T18:23:53.2538013Z   duration_ms: 100.84972
2026-10-09T18:23:53.2538202Z   type: 'test'
2026-10-09T18:23:53.2563272Z   ...
2026-10-09T18:23:53.2571960Z # Subtest: .NET callable admission rejects retained callback
2026-10-09T18:23:53.2575082Z ok 2 - .NET callable admission rejects retained callback
2026-10-09T18:23:53.2575407Z   ---
2026-10-09T18:23:53.2579573Z   duration_ms: 0.963933
2026-10-09T18:23:53.2580100Z   type: 'test'
2026-10-09T18:23:53.2580303Z   ...
2026-10-09T18:23:53.2580630Z # Subtest: .NET callable admission rejects async callback
2026-10-09T18:23:53.2581316Z ok 3 - .NET callable admission rejects async callback
2026-10-09T18:23:53.2581593Z   ---
2026-10-09T18:23:53.2581788Z   duration_ms: 0.429667
2026-10-09T18:23:53.2581994Z   type: 'test'
2026-10-09T18:23:53.2582172Z   ...
2026-10-09T18:23:53.2582529Z # Subtest: .NET callable admission rejects higher-order callback
2026-10-09T18:23:53.2583001Z ok 4 - .NET callable admission rejects higher-order callback
2026-10-09T18:23:53.2583292Z   ---
2026-10-09T18:23:53.2583492Z   duration_ms: 0.480765
2026-10-09T18:23:53.2583700Z   type: 'test'
2026-10-09T18:23:53.2584046Z   ...
2026-10-09T18:23:53.2584543Z # Subtest: .NET callable admission rejects closure name collision
2026-10-09T18:23:53.2584993Z ok 5 - .NET callable admission rejects closure name collision
2026-10-09T18:23:53.2585292Z   ---
2026-10-09T18:23:53.2585490Z   duration_ms: 12.385256
2026-10-09T18:23:53.2585697Z   type: 'test'
2026-10-09T18:23:53.2585869Z   ...
2026-10-09T18:23:55.5120515Z # Subtest: .NET lease cleanup defers active close and checks process identity before locks
2026-10-09T18:23:55.5128453Z ok 6 - .NET lease cleanup defers active close and checks process identity before locks
2026-10-09T18:23:55.5129087Z   ---
2026-10-09T18:23:55.5129462Z   duration_ms: 2265.464864
2026-10-09T18:23:55.5129806Z   type: 'test'
2026-10-09T18:23:55.5130106Z   ...
2026-10-09T18:25:32.1633229Z # Subtest: installed .NET callables preserve all nineteen primitives on both source paths
2026-10-09T18:25:32.1633955Z ok 7 - installed .NET callables preserve all nineteen primitives on both source paths
2026-10-09T18:25:32.1634361Z   ---
2026-10-09T18:25:32.1634924Z   duration_ms: 98897.0419
2026-10-09T18:25:32.1635148Z   type: 'test'
2026-10-09T18:25:32.1635330Z   ...
2026-10-09T18:25:32.1635755Z # ordinary-source: compiling the 62-export .NET callable library
2026-10-09T18:25:32.1636830Z # ordinary-source: installing the relocated NuGet package offline
2026-10-09T18:25:32.1637462Z # ordinary-source: 128247 assertions, 7 compile rejections and two runtime-only reruns passed
2026-10-09T18:25:32.1638049Z # reviewed-ir: compiling the 62-export .NET callable library
2026-10-09T18:25:32.1638511Z # reviewed-ir: installing the relocated NuGet package offline
2026-10-09T18:25:32.1639067Z # reviewed-ir: 128247 assertions, 7 compile rejections and two runtime-only reruns passed
2026-10-09T18:25:32.1814206Z 1..7
2026-10-09T18:25:32.1814581Z # tests 7
2026-10-09T18:25:32.1814756Z # suites 0
2026-10-09T18:25:32.1814902Z # pass 7
2026-10-09T18:25:32.1815012Z # fail 0
2026-10-09T18:25:32.1818392Z # cancelled 0
2026-10-09T18:25:32.1818660Z # skipped 0
2026-10-09T18:25:32.1818834Z # todo 0
2026-10-09T18:25:32.1819059Z # duration_ms 99119.544464
2026-10-09T18:25:32.2186864Z TAP version 13
2026-10-09T18:27:23.0808531Z # Subtest: installed Dotnet structured callbacks preserve nested values, exception cleanup and source-free closures
2026-10-09T18:27:23.0815929Z ok 1 - installed Dotnet structured callbacks preserve nested values, exception cleanup and source-free closures
2026-10-09T18:27:23.0816408Z   ---
2026-10-09T18:27:23.0816664Z   duration_ms: 110681.547215
2026-10-09T18:27:23.0816953Z   type: 'test'
2026-10-09T18:27:23.0817149Z   ...
2026-10-09T18:27:23.0817504Z # ordinary-source: compiling eight structured Dotnet callback/closure shapes
2026-10-09T18:27:23.0818339Z # ordinary-source: testing the relocated original NuGet package offline without producer files
2026-10-09T18:27:23.0834906Z # ordinary-source: 274237 public checks and 5444 injected failures
2026-10-09T18:27:23.0835666Z # reviewed-ir: compiling eight structured Dotnet callback/closure shapes
2026-10-09T18:27:23.0836146Z # reviewed-ir: testing the relocated original NuGet package offline without producer files
2026-10-09T18:27:23.0836546Z # reviewed-ir: 274237 public checks and 5444 injected failures
2026-10-09T18:27:23.0999509Z 1..1
2026-10-09T18:27:23.0999732Z # tests 1
2026-10-09T18:27:23.0999868Z # suites 0
2026-10-09T18:27:23.1000006Z # pass 1
2026-10-09T18:27:23.1000146Z # fail 0
2026-10-09T18:27:23.1000267Z # cancelled 0
2026-10-09T18:27:23.1000811Z # skipped 0
2026-10-09T18:27:23.1000924Z # todo 0
2026-10-09T18:27:23.1001083Z # duration_ms 110889.583807
2026-10-09T18:27:23.1366862Z TAP version 13
2026-10-09T18:28:18.8797839Z # fresh NuGet sources: 8808 recursive checks and 19 lifetime checks
2026-10-09T18:28:25.3272511Z # fresh NuGet isolated copies: 23663 injected failures; malformed output clears and retires once
2026-10-09T18:28:28.4613352Z # fresh NuGet ownership: baseline
2026-10-09T18:28:28.6847769Z # {"checks":9,"errors":[],"checkedBeforeDecode":true}
2026-10-09T18:28:31.7841591Z # fresh NuGet ownership: reply-scope
2026-10-09T18:28:31.9984558Z # {"checks":1,"errors":["Array","List","Result","Tuple","Record","Variant","Alias","Recursive"],"checkedBeforeDecode":true}
2026-10-09T18:28:35.0561564Z # fresh NuGet ownership: retirement
2026-10-09T18:28:35.2422612Z # {"rejected":true,"exitCode":32,"stderr":"System.Exception: retirement missing after malformed output 35\\n   at FaultProbe.Check(Boolean condition, String detail) in /home/runner/work/_temp/lean-bridge-dotnet-recursive-callables-MtdGiV/recursive/ordinary-source/isolated-probes/ownership-retirement/Faults.cs:line 14\\n   at FaultCases.Poison() in /home/runner/work/_temp/lean-bridge-dotnet-recursive-callables-MtdGiV/recursive/ordinary-source/isolated-probes/ownership-retirement/Faults.cs:line 117\\n   at FaultProgram.Main(String[] args) in /home/runner/work/_temp/lean-bridge-dotnet-recursive-callables-MtdGiV/recursive/ordinary-source/isolated-probes/ownership-retirement/Faults.cs:line 130\\n"}
2026-10-09T18:29:53.2574783Z # fresh NuGet sources: 8808 recursive checks and 19 lifetime checks
2026-10-09T18:29:59.7326362Z # fresh NuGet isolated copies: 23663 injected failures; malformed output clears and retires once
2026-10-09T18:30:02.8575724Z # fresh NuGet ownership: baseline
2026-10-09T18:30:03.0746797Z # {"checks":9,"errors":[],"checkedBeforeDecode":true}
2026-10-09T18:30:06.1967348Z # fresh NuGet ownership: reply-scope
2026-10-09T18:30:06.4205803Z # {"checks":1,"errors":["Array","List","Result","Tuple","Record","Variant","Alias","Recursive"],"checkedBeforeDecode":true}
2026-10-09T18:30:09.7155723Z # fresh NuGet ownership: retirement
2026-10-09T18:30:09.9015233Z # {"rejected":true,"exitCode":32,"stderr":"System.Exception: retirement missing after malformed output 35\\n   at FaultProbe.Check(Boolean condition, String detail) in /home/runner/work/_temp/lean-bridge-dotnet-recursive-callables-MtdGiV/recursive/reviewed-ir/isolated-probes/ownership-retirement/Faults.cs:line 14\\n   at FaultCases.Poison() in /home/runner/work/_temp/lean-bridge-dotnet-recursive-callables-MtdGiV/recursive/reviewed-ir/isolated-probes/ownership-retirement/Faults.cs:line 117\\n   at FaultProgram.Main(String[] args) in /home/runner/work/_temp/lean-bridge-dotnet-recursive-callables-MtdGiV/recursive/reviewed-ir/isolated-probes/ownership-retirement/Faults.cs:line 130\\n"}
2026-10-09T18:32:41.7786115Z # Subtest: original recursive NuGet archives preserve typed callbacks and owned closures without producer tools
2026-10-09T18:32:41.7789792Z ok 1 - original recursive NuGet archives preserve typed callbacks and owned closures without producer tools
2026-10-09T18:32:41.7790396Z   ---
2026-10-09T18:32:41.7790641Z   duration_ms: 318466.945607
2026-10-09T18:32:41.7791751Z   type: 'test'
2026-10-09T18:32:41.7791947Z   ...
2026-10-09T18:32:41.7792313Z # ordinary-source: build fresh NuGet-only author package
2026-10-09T18:32:41.7793011Z # ordinary-source: Compiling checked native Lean exports
2026-10-09T18:32:41.7794022Z # ordinary-source: author removed; install original archive into an empty offline cache
2026-10-09T18:32:41.7800378Z # ordinary-source: original NuGet archive passed public, acyclic, cold-input and all four asset-tamper checks after relocation without SDK or source
2026-10-09T18:32:41.7801121Z # reviewed-ir: build fresh NuGet-only author package
2026-10-09T18:32:41.7801526Z # reviewed-ir: Compiling checked native Lean exports
2026-10-09T18:32:41.7802036Z # reviewed-ir: author removed; install original archive into an empty offline cache
2026-10-09T18:32:41.7803318Z # reviewed-ir: original NuGet archive passed public, acyclic, cold-input and all four asset-tamper checks after relocation without SDK or source
2026-10-09T18:32:41.7803983Z # ordinary-source: build fresh NuGet-only author package
2026-10-09T18:32:41.7804394Z # ordinary-source: Compiling checked native Lean exports
2026-10-09T18:32:41.7805169Z # ordinary-source: author removed; install original archive into an empty offline cache
2026-10-09T18:32:41.7806144Z # ordinary-source: mixed primitive/recursive package passed 128266 primitive and sixteen-argument callable checks
2026-10-09T18:32:41.7807158Z # ordinary-source: original NuGet archive passed public, acyclic, cold-input and all four asset-tamper checks after relocation without SDK or source
2026-10-09T18:32:41.7807853Z # reviewed-ir: build fresh NuGet-only author package
2026-10-09T18:32:41.7808238Z # reviewed-ir: Compiling checked native Lean exports
2026-10-09T18:32:41.7808766Z # reviewed-ir: author removed; install original archive into an empty offline cache
2026-10-09T18:32:41.7809531Z # reviewed-ir: mixed primitive/recursive package passed 128266 primitive and sixteen-argument callable checks
2026-10-09T18:32:41.7810523Z # reviewed-ir: original NuGet archive passed public, acyclic, cold-input and all four asset-tamper checks after relocation without SDK or source
2026-10-09T18:32:41.8029868Z 1..1
2026-10-09T18:32:41.8030277Z # tests 1
2026-10-09T18:32:41.8030491Z # suites 0
2026-10-09T18:32:41.8030747Z # pass 1
2026-10-09T18:32:41.8030964Z # fail 0
2026-10-09T18:32:41.8031133Z # cancelled 0
2026-10-09T18:32:41.8032734Z # skipped 0
2026-10-09T18:32:41.8032919Z # todo 0
2026-10-09T18:32:41.8033149Z # duration_ms 318674.812861
2026-10-09T18:32:41.8386886Z TAP version 13
2026-10-09T18:32:41.9934386Z # Subtest: owned C\# declarations preserve recursion, typed higher-order signatures and all scalar widths
2026-10-09T18:32:41.9941170Z ok 1 - owned C\# declarations preserve recursion, typed higher-order signatures and all scalar widths
2026-10-09T18:32:41.9941572Z   ---
2026-10-09T18:32:41.9941717Z   duration_ms: 83.144581
2026-10-09T18:32:41.9941857Z   type: 'test'
2026-10-09T18:32:41.9941987Z   ...
2026-10-09T18:33:01.6837713Z # Subtest: real Lean owned C\# compositions (ordinary)
2026-10-09T18:33:01.6839237Z ok 2 - real Lean owned C\# compositions (ordinary)
2026-10-09T18:33:01.6839793Z   ---
2026-10-09T18:33:01.6839995Z   duration_ms: 19694.49105
2026-10-09T18:33:01.6840154Z   type: 'test'
2026-10-09T18:33:01.6840393Z   ...
2026-10-09T18:33:01.6840781Z # {"checks":679,"managedFailures":177,"nativeFailures":115,"live":0,"identities":0}
2026-10-09T18:33:20.5771794Z # Subtest: real Lean owned C\# compositions (reviewed)
2026-10-09T18:33:20.5773862Z ok 3 - real Lean owned C\# compositions (reviewed)
2026-10-09T18:33:20.5774304Z   ---
2026-10-09T18:33:20.5777207Z   duration_ms: 18894.961028
2026-10-09T18:33:20.5777452Z   type: 'test'
2026-10-09T18:33:20.5777629Z   ...
2026-10-09T18:33:20.5778038Z # {"checks":679,"managedFailures":177,"nativeFailures":115,"live":0,"identities":0}
2026-10-09T18:33:36.1895050Z # Subtest: real Lean owned C\# scalars (ordinary)
2026-10-09T18:33:36.1895558Z ok 4 - real Lean owned C\# scalars (ordinary)
2026-10-09T18:33:36.1895831Z   ---
2026-10-09T18:33:36.1896046Z   duration_ms: 15611.730636
2026-10-09T18:33:36.1896264Z   type: 'test'
2026-10-09T18:33:36.1896439Z   ...
2026-10-09T18:33:36.1897037Z # {"checks":238,"managedFailures":38,"nativeFailures":23,"live":0,"identities":0}
2026-10-09T18:33:51.1249849Z # Subtest: real Lean owned C\# scalars (reviewed)
2026-10-09T18:33:51.1250274Z ok 5 - real Lean owned C\# scalars (reviewed)
2026-10-09T18:33:51.1250450Z   ---
2026-10-09T18:33:51.1250592Z   duration_ms: 14936.070931
2026-10-09T18:33:51.1250788Z   type: 'test'
2026-10-09T18:33:51.1250908Z   ...
2026-10-09T18:33:51.1251161Z # {"checks":238,"managedFailures":38,"nativeFailures":23,"live":0,"identities":0}
2026-10-09T18:33:51.2417705Z # Subtest: C\# owned layouts preserve finite recursion, opaque identities and all scalar widths
2026-10-09T18:33:51.2418958Z ok 6 - C\# owned layouts preserve finite recursion, opaque identities and all scalar widths
2026-10-09T18:33:51.2419285Z   ---
2026-10-09T18:33:51.2419501Z   duration_ms: 44.247663
2026-10-09T18:33:51.2419772Z   type: 'test'
2026-10-09T18:33:51.2419957Z   ...
2026-10-09T18:34:05.8345463Z # Subtest: C and CLR verify owned composed storage (ordinary)
2026-10-09T18:34:05.8346221Z ok 7 - C and CLR verify owned composed storage (ordinary)
2026-10-09T18:34:05.8346761Z   ---
2026-10-09T18:34:05.8347206Z   duration_ms: 14594.469994
2026-10-09T18:34:05.8347365Z   type: 'test'
2026-10-09T18:34:05.8347481Z   ...
2026-10-09T18:34:05.8347659Z # 205 C and 226 CLR storage assertions passed
2026-10-09T18:34:19.8608219Z # Subtest: C and CLR verify owned composed storage (reviewed)
2026-10-09T18:34:19.8610310Z ok 8 - C and CLR verify owned composed storage (reviewed)
2026-10-09T18:34:19.8610650Z   ---
2026-10-09T18:34:19.8610860Z   duration_ms: 14026.519228
2026-10-09T18:34:19.8611150Z   type: 'test'
2026-10-09T18:34:19.8611324Z   ...
2026-10-09T18:34:19.8611609Z # 205 C and 226 CLR storage assertions passed
2026-10-09T18:34:33.3292629Z # Subtest: C and CLR verify owned scalar storage (ordinary)
2026-10-09T18:34:33.3293339Z ok 9 - C and CLR verify owned scalar storage (ordinary)
2026-10-09T18:34:33.3295219Z   ---
2026-10-09T18:34:33.3295490Z   duration_ms: 13467.469794
2026-10-09T18:34:33.3295721Z   type: 'test'
2026-10-09T18:34:33.3295843Z   ...
2026-10-09T18:34:33.3296055Z # 93 C and 90 CLR storage assertions passed
2026-10-09T18:34:46.7117691Z # Subtest: C and CLR verify owned scalar storage (reviewed)
2026-10-09T18:34:46.7118338Z ok 10 - C and CLR verify owned scalar storage (reviewed)
2026-10-09T18:34:46.7118891Z   ---
2026-10-09T18:34:46.7119160Z   duration_ms: 13383.387281
2026-10-09T18:34:46.7119395Z   type: 'test'
2026-10-09T18:34:46.7119576Z   ...
2026-10-09T18:34:46.7119838Z # 93 C and 90 CLR storage assertions passed
2026-10-09T18:34:46.7817880Z # Subtest: owned .NET support rejects injected native identifiers
2026-10-09T18:34:46.7818379Z ok 11 - owned .NET support rejects injected native identifiers
2026-10-09T18:34:46.7818573Z   ---
2026-10-09T18:34:46.7818713Z   duration_ms: 0.758945
2026-10-09T18:34:46.7818844Z   type: 'test'
2026-10-09T18:34:46.7818957Z   ...
2026-10-09T18:35:01.7448913Z # Subtest: C\# leases and native TLS reclaim real Lean owners (ordinary)
2026-10-09T18:35:01.7451281Z ok 12 - C\# leases and native TLS reclaim real Lean owners (ordinary)
2026-10-09T18:35:01.7451627Z   ---
2026-10-09T18:35:01.7451876Z   duration_ms: 14964.610396
2026-10-09T18:35:01.7452088Z   type: 'test'
2026-10-09T18:35:01.7452259Z   ...
2026-10-09T18:35:01.7452837Z # {"checks":1784,"managedFailures":6,"nativeFailures":8,"deadThreadsHeld":40,"live":0,"identities":0,"exits":40,"exitErrors":0}
2026-10-09T18:35:01.7453664Z # {"checks":16,"managedFailures":0,"nativeFailures":0,"deadThreadsHeld":4,"live":0,"identities":0,"exits":4,"exitErrors":0}
2026-10-09T18:35:16.2066459Z # Subtest: C\# leases and native TLS reclaim real Lean owners (reviewed)
2026-10-09T18:35:16.2067107Z ok 13 - C\# leases and native TLS reclaim real Lean owners (reviewed)
2026-10-09T18:35:16.2067409Z   ---
2026-10-09T18:35:16.2067621Z   duration_ms: 14462.222233
2026-10-09T18:35:16.2067895Z   type: 'test'
2026-10-09T18:35:16.2068075Z   ...
2026-10-09T18:35:16.2068590Z # {"checks":1784,"managedFailures":6,"nativeFailures":8,"deadThreadsHeld":40,"live":0,"identities":0,"exits":40,"exitErrors":0}
2026-10-09T18:35:16.2069264Z # {"checks":16,"managedFailures":0,"nativeFailures":0,"deadThreadsHeld":4,"live":0,"identities":0,"exits":4,"exitErrors":0}
2026-10-09T18:35:36.5293609Z # Subtest: owned C\# consumer types stay safe, closed and typed across assembly boundaries
2026-10-09T18:35:36.5294701Z ok 14 - owned C\# consumer types stay safe, closed and typed across assembly boundaries
2026-10-09T18:35:36.5295159Z   ---
2026-10-09T18:35:36.5295427Z   duration_ms: 20262.082619
2026-10-09T18:35:36.5296046Z   type: 'test'
2026-10-09T18:35:36.5296235Z   ...
2026-10-09T18:35:36.5296676Z # 16 runtime checks and 11 rejected external consumers; no native library loaded
2026-10-09T18:35:36.5370227Z 1..14
2026-10-09T18:35:36.5371718Z # tests 14
2026-10-09T18:35:36.5371957Z # suites 0
2026-10-09T18:35:36.5372140Z # pass 14
2026-10-09T18:35:36.5372305Z # fail 0
2026-10-09T18:35:36.5372466Z # cancelled 0
2026-10-09T18:35:36.5372591Z # skipped 0
2026-10-09T18:35:36.5372771Z # todo 0
2026-10-09T18:35:36.5372990Z # duration_ms 174706.902477
2026-10-09T18:35:36.5698825Z TAP version 13
2026-10-09T18:35:54.4965714Z # Subtest: owned C\# host callbacks execute real Lean (ordinary)
2026-10-09T18:35:54.4970226Z ok 1 - owned C\# host callbacks execute real Lean (ordinary)
2026-10-09T18:35:54.4970761Z   ---
2026-10-09T18:35:54.4971248Z   duration_ms: 17841.88526
2026-10-09T18:35:54.4971878Z   type: 'test'
2026-10-09T18:35:54.4972218Z   ...
2026-10-09T18:35:54.4973000Z # {"mode":"callbacks","checks":504,"managedFailures":96,"nativeFailures":95,"boundedInvocations":1023,"live":0,"identities":0}
2026-10-09T18:35:54.4977818Z # {"mode":"retirement","checks":3,"managedFailures":0,"nativeFailures":0,"boundedInvocations":0,"live":0,"identities":0}
2026-10-09T18:36:12.4535436Z # Subtest: owned C\# host callbacks execute real Lean (reviewed)
2026-10-09T18:36:12.4536589Z ok 2 - owned C\# host callbacks execute real Lean (reviewed)
2026-10-09T18:36:12.4536910Z   ---
2026-10-09T18:36:12.4537117Z   duration_ms: 17958.326208
2026-10-09T18:36:12.4537393Z   type: 'test'
2026-10-09T18:36:12.4537604Z   ...
2026-10-09T18:36:12.4538547Z # {"mode":"callbacks","checks":504,"managedFailures":96,"nativeFailures":95,"boundedInvocations":1023,"live":0,"identities":0}
2026-10-09T18:36:12.4539242Z # {"mode":"retirement","checks":3,"managedFailures":0,"nativeFailures":0,"boundedInvocations":0,"live":0,"identities":0}
2026-10-09T18:36:12.5868945Z # Subtest: owned C\# callback model preserves every scalar and directional higher-order signature
2026-10-09T18:36:12.5869463Z ok 3 - owned C\# callback model preserves every scalar and directional higher-order signature
2026-10-09T18:36:12.5869727Z   ---
2026-10-09T18:36:12.5869872Z   duration_ms: 59.919232
2026-10-09T18:36:12.5870085Z   type: 'test'
2026-10-09T18:36:12.5870256Z   ...
2026-10-09T18:36:35.6498963Z # Subtest: owned C\# scalar and higher-order callback signatures (ordinary)
2026-10-09T18:36:35.6499592Z ok 4 - owned C\# scalar and higher-order callback signatures (ordinary)
2026-10-09T18:36:35.6499883Z   ---
2026-10-09T18:36:35.6500132Z   duration_ms: 23064.180969
2026-10-09T18:36:35.6500375Z   type: 'test'
2026-10-09T18:36:35.6500555Z   ...
2026-10-09T18:36:35.6500848Z # {"checks":38,"calls":20,"primitives":19,"live":0,"identities":0}
2026-10-09T18:36:58.1211266Z # Subtest: owned C\# scalar and higher-order callback signatures (reviewed)
2026-10-09T18:36:58.1211954Z ok 5 - owned C\# scalar and higher-order callback signatures (reviewed)
2026-10-09T18:36:58.1212250Z   ---
2026-10-09T18:36:58.1212464Z   duration_ms: 22472.154853
2026-10-09T18:36:58.1213502Z   type: 'test'
2026-10-09T18:36:58.1214813Z   ...
2026-10-09T18:36:58.1215395Z # {"checks":38,"calls":20,"primitives":19,"live":0,"identities":0}
2026-10-09T18:36:58.2481130Z # Subtest: owned C\# package generation binds its loader to exact private native assets
2026-10-09T18:36:58.2485045Z ok 6 - owned C\# package generation binds its loader to exact private native assets
2026-10-09T18:36:58.2487078Z   ---
2026-10-09T18:36:58.2487286Z   duration_ms: 53.174615
2026-10-09T18:36:58.2487597Z   type: 'test'
2026-10-09T18:36:58.2487819Z   ...
2026-10-09T18:38:10.5537958Z # Subtest: owned C\# package sources load real Lean with private GMP (ordinary)
2026-10-09T18:38:10.5538716Z ok 7 - owned C\# package sources load real Lean with private GMP (ordinary)
2026-10-09T18:38:10.5538990Z   ---
2026-10-09T18:38:10.5539227Z   duration_ms: 72305.457386
2026-10-09T18:38:10.5539484Z   type: 'test'
2026-10-09T18:38:10.5539707Z   ...
2026-10-09T18:38:10.5540085Z # {"checks":167,"privateGmp":true,"forkBeforeLock":true,"identities":0}
2026-10-09T18:39:23.9223229Z # Subtest: owned C\# package sources load real Lean with private GMP (reviewed)
2026-10-09T18:39:23.9223974Z ok 8 - owned C\# package sources load real Lean with private GMP (reviewed)
2026-10-09T18:39:23.9224308Z   ---
2026-10-09T18:39:23.9224754Z   duration_ms: 73370.010097
2026-10-09T18:39:23.9224974Z   type: 'test'
2026-10-09T18:39:23.9225157Z   ...
2026-10-09T18:39:23.9225530Z # {"checks":167,"privateGmp":true,"forkBeforeLock":true,"identities":0}
2026-10-09T18:39:23.9353704Z 1..8
2026-10-09T18:39:23.9353958Z # tests 8
2026-10-09T18:39:23.9354151Z # suites 0
2026-10-09T18:39:23.9354337Z # pass 8
2026-10-09T18:39:23.9354688Z # fail 0
2026-10-09T18:39:23.9354853Z # cancelled 0
2026-10-09T18:39:23.9355031Z # skipped 0
2026-10-09T18:39:23.9355194Z # todo 0
2026-10-09T18:39:23.9355405Z # duration_ms 227373.738019
2026-10-09T18:39:23.9700672Z TAP version 13
2026-10-09T18:43:38.7495367Z # Subtest: owned, copied and ordinary NuGet peers share loading, fork guards and retirement
2026-10-09T18:43:38.7525697Z ok 1 - owned, copied and ordinary NuGet peers share loading, fork guards and retirement
2026-10-09T18:43:38.7526131Z   ---
2026-10-09T18:43:38.7526343Z   duration_ms: 254621.197241
2026-10-09T18:43:38.7526559Z   type: 'test'
2026-10-09T18:43:38.7526733Z   ...
2026-10-09T18:43:38.7526944Z # built peer owned-aggregates
2026-10-09T18:43:38.7527183Z # built peer owned-peer
2026-10-09T18:43:38.7527416Z # built peer copied-peer
2026-10-09T18:43:38.7527674Z # built peer plain-peer
2026-10-09T18:43:38.7528675Z # {"checks":213,"order":"copied-first","retiredBy":"copied","rejectedCalls":4,"threadedCalls":64,"components":4,"runtimeInitializations":1,"liveIdentities":0,"forkChecks":1,"forkKind":0,"libraries":11}
2026-10-09T18:43:38.7530104Z # {"checks":213,"order":"copied-first","retiredBy":"copied","rejectedCalls":4,"threadedCalls":64,"components":4,"runtimeInitializations":1,"liveIdentities":0,"forkChecks":1,"forkKind":1,"libraries":11}
2026-10-09T18:43:38.7531539Z # {"checks":213,"order":"copied-first","retiredBy":"copied","rejectedCalls":4,"threadedCalls":64,"components":4,"runtimeInitializations":1,"liveIdentities":0,"forkChecks":1,"forkKind":2,"libraries":11}
2026-10-09T18:43:38.7532948Z # {"checks":213,"order":"copied-first","retiredBy":"owned","rejectedCalls":4,"threadedCalls":64,"components":4,"runtimeInitializations":1,"liveIdentities":0,"forkChecks":1,"forkKind":0,"libraries":11}
2026-10-09T18:43:38.7534388Z # {"checks":213,"order":"copied-first","retiredBy":"owned","rejectedCalls":4,"threadedCalls":64,"components":4,"runtimeInitializations":1,"liveIdentities":0,"forkChecks":1,"forkKind":1,"libraries":11}
2026-10-09T18:43:38.7535921Z # {"checks":213,"order":"copied-first","retiredBy":"owned","rejectedCalls":4,"threadedCalls":64,"components":4,"runtimeInitializations":1,"liveIdentities":0,"forkChecks":1,"forkKind":2,"libraries":11}
2026-10-09T18:43:38.7537337Z # {"checks":212,"order":"owned-first","retiredBy":"copied","rejectedCalls":4,"threadedCalls":64,"components":4,"runtimeInitializations":1,"liveIdentities":0,"forkChecks":1,"forkKind":0,"libraries":11}
2026-10-09T18:43:38.7538784Z # {"checks":212,"order":"owned-first","retiredBy":"copied","rejectedCalls":4,"threadedCalls":64,"components":4,"runtimeInitializations":1,"liveIdentities":0,"forkChecks":1,"forkKind":1,"libraries":11}
2026-10-09T18:43:38.7540219Z # {"checks":212,"order":"owned-first","retiredBy":"copied","rejectedCalls":4,"threadedCalls":64,"components":4,"runtimeInitializations":1,"liveIdentities":0,"forkChecks":1,"forkKind":2,"libraries":11}
2026-10-09T18:43:38.7541623Z # {"checks":212,"order":"owned-first","retiredBy":"owned","rejectedCalls":4,"threadedCalls":64,"components":4,"runtimeInitializations":1,"liveIdentities":0,"forkChecks":1,"forkKind":0,"libraries":11}
2026-10-09T18:43:38.7543019Z # {"checks":212,"order":"owned-first","retiredBy":"owned","rejectedCalls":4,"threadedCalls":64,"components":4,"runtimeInitializations":1,"liveIdentities":0,"forkChecks":1,"forkKind":1,"libraries":11}
2026-10-09T18:43:38.7545625Z # {"checks":212,"order":"owned-first","retiredBy":"owned","rejectedCalls":4,"threadedCalls":64,"components":4,"runtimeInitializations":1,"liveIdentities":0,"forkChecks":1,"forkKind":2,"libraries":11}
2026-10-09T18:43:38.7547067Z # {"checks":213,"order":"plain-first","retiredBy":"copied","rejectedCalls":4,"threadedCalls":64,"components":4,"runtimeInitializations":1,"liveIdentities":0,"forkChecks":1,"forkKind":0,"libraries":11}
2026-10-09T18:43:38.7548657Z # {"checks":213,"order":"plain-first","retiredBy":"copied","rejectedCalls":4,"threadedCalls":64,"components":4,"runtimeInitializations":1,"liveIdentities":0,"forkChecks":1,"forkKind":1,"libraries":11}
2026-10-09T18:43:38.7550050Z # {"checks":213,"order":"plain-first","retiredBy":"copied","rejectedCalls":4,"threadedCalls":64,"components":4,"runtimeInitializations":1,"liveIdentities":0,"forkChecks":1,"forkKind":2,"libraries":11}
2026-10-09T18:43:38.7551481Z # {"checks":213,"order":"plain-first","retiredBy":"owned","rejectedCalls":4,"threadedCalls":64,"components":4,"runtimeInitializations":1,"liveIdentities":0,"forkChecks":1,"forkKind":0,"libraries":11}
2026-10-09T18:43:38.7552901Z # {"checks":213,"order":"plain-first","retiredBy":"owned","rejectedCalls":4,"threadedCalls":64,"components":4,"runtimeInitializations":1,"liveIdentities":0,"forkChecks":1,"forkKind":1,"libraries":11}
2026-10-09T18:43:38.7554325Z # {"checks":213,"order":"plain-first","retiredBy":"owned","rejectedCalls":4,"threadedCalls":64,"components":4,"runtimeInitializations":1,"liveIdentities":0,"forkChecks":1,"forkKind":2,"libraries":11}
2026-10-09T18:43:38.7559651Z # cold loader: [{"origin":"owned","kind":0,"installedOrigin":true,"coldInParent":true,"registryLockHeld":true,"defaultClrProtections":true,"counterfactual":false,"childExit":0,"exitCode":0},{"origin":"owned","kind":1,"installedOrigin":true,"coldInParent":true,"registryLockHeld":true,"defaultClrProtections":true,"counterfactual":true,"childExit":1,"exitCode":0},{"origin":"copied","kind":0,"installedOrigin":true,"coldInParent":true,"registryLockHeld":true,"defaultClrProtections":true,"counterfactual":false,"childExit":0,"exitCode":0},{"origin":"copied","kind":1,"installedOrigin":true,"coldInParent":true,"registryLockHeld":true,"defaultClrProtections":true,"counterfactual":true,"childExit":1,"exitCode":0},{"origin":"plain","kind":0,"installedOrigin":true,"coldInParent":true,"registryLockHeld":true,"defaultClrProtections":true,"counterfactual":false,"childExit":0,"exitCode":0},{"origin":"plain","kind":1,"installedOrigin":true,"coldInParent":true,"registryLockHeld":true,"defaultClrProtections":true,"counterfactual":true,"childExit":1,"exitCode":0}]
2026-10-09T18:45:45.3781792Z # Subtest: installed C\# owned compositions and callbacks preserve semantics (ordinary)
2026-10-09T18:45:45.3782651Z ok 2 - installed C\# owned compositions and callbacks preserve semantics (ordinary)
2026-10-09T18:45:45.3783074Z   ---
2026-10-09T18:45:45.3783301Z   duration_ms: 126454.269958
2026-10-09T18:45:45.3783564Z   type: 'test'
2026-10-09T18:45:45.3783823Z   ...
2026-10-09T18:45:45.3784101Z # ordinary: Compiling checked native Lean exports
2026-10-09T18:45:45.3784688Z # {"checks":630,"calls":20,"primitives":19,"safePublicApi":true}
2026-10-09T18:48:06.9982185Z # Subtest: installed C\# owned compositions and callbacks preserve semantics (reviewed)
2026-10-09T18:48:06.9982955Z ok 3 - installed C\# owned compositions and callbacks preserve semantics (reviewed)
2026-10-09T18:48:06.9987224Z   ---
2026-10-09T18:48:06.9987469Z   duration_ms: 141618.735408
2026-10-09T18:48:06.9987739Z   type: 'test'
2026-10-09T18:48:06.9987911Z   ...
2026-10-09T18:48:06.9988190Z # reviewed: Compiling checked native Lean exports
2026-10-09T18:48:06.9988638Z # {"checks":630,"calls":20,"primitives":19,"safePublicApi":true}
2026-10-09T18:50:03.3709891Z # Subtest: installed C\# owned scalars preserve semantics (ordinary)
2026-10-09T18:50:03.3710854Z ok 4 - installed C\# owned scalars preserve semantics (ordinary)
2026-10-09T18:50:03.3711223Z   ---
2026-10-09T18:50:03.3711862Z   duration_ms: 116373.054022
2026-10-09T18:50:03.3712028Z   type: 'test'
2026-10-09T18:50:03.3712183Z   ...
2026-10-09T18:50:03.3712418Z # ordinary: Compiling checked native Lean exports
2026-10-09T18:50:03.3712735Z # {"checks":255,"primitives":19,"safePublicApi":true}
2026-10-09T18:51:59.8616410Z # Subtest: installed C\# owned scalars preserve semantics (reviewed)
2026-10-09T18:51:59.8619644Z ok 5 - installed C\# owned scalars preserve semantics (reviewed)
2026-10-09T18:51:59.8620110Z   ---
2026-10-09T18:51:59.8620767Z   duration_ms: 116490.512842
2026-10-09T18:51:59.8621069Z   type: 'test'
2026-10-09T18:51:59.8621249Z   ...
2026-10-09T18:51:59.8621543Z # reviewed: Compiling checked native Lean exports
2026-10-09T18:51:59.8622019Z # {"checks":255,"primitives":19,"safePublicApi":true}
2026-10-09T18:51:59.8812936Z 1..5
2026-10-09T18:51:59.8813178Z # tests 5
2026-10-09T18:51:59.8813304Z # suites 0
2026-10-09T18:51:59.8813428Z # pass 5
2026-10-09T18:51:59.8813533Z # fail 0
2026-10-09T18:51:59.8825414Z # cancelled 0
2026-10-09T18:51:59.8836495Z # skipped 0
2026-10-09T18:51:59.8836750Z # todo 0
2026-10-09T18:51:59.8837026Z # duration_ms 755919.446914
2026-10-09T18:51:59.9559724Z 
2026-10-09T18:51:59.9560531Z > @lean-wasm/bridge-poc@0.0.0-poc test:owned-dotnet-transfers
2026-10-09T18:51:59.9561171Z > LEAN_BRIDGE_OWNED_DOTNET_TRANSFER_TEST=1 node --test --test-concurrency=1 tests/owned-dotnet-transfers.test.mjs tests/owned-dotnet-transfer-packaging.test.mjs
2026-10-09T18:51:59.9561518Z 
2026-10-09T18:51:59.9916967Z TAP version 13
2026-10-09T18:52:00.2576486Z # Subtest: NuGet contracts bind consuming inputs without changing borrow-only packages
2026-10-09T18:52:00.2579317Z ok 1 - NuGet contracts bind consuming inputs without changing borrow-only packages
2026-10-09T18:52:00.2579853Z   ---
2026-10-09T18:52:00.2580096Z   duration_ms: 80.634984
2026-10-09T18:52:00.2580384Z   type: 'test'
2026-10-09T18:52:00.2580578Z   ...
2026-10-09T18:54:16.8743213Z # Subtest: installed NuGet inputs preserve transfer decisions (ordinary)
2026-10-09T18:54:16.8743975Z ok 2 - installed NuGet inputs preserve transfer decisions (ordinary)
2026-10-09T18:54:16.8747097Z   ---
2026-10-09T18:54:16.8749786Z   duration_ms: 136617.710825
2026-10-09T18:54:16.8750102Z   type: 'test'
2026-10-09T18:54:16.8750306Z   ...
2026-10-09T18:54:16.8750678Z # ordinary: Compiling checked native Lean exports
2026-10-09T18:54:16.8752037Z # {"checks":141,"safePublicApi":true}
2026-10-09T18:54:16.8752301Z # ordinary: 141+141 installed and relocated checks
2026-10-09T18:59:43.9760769Z # Subtest: installed NuGet inputs preserve transfer decisions (reviewed)
2026-10-09T18:59:43.9761834Z ok 3 - installed NuGet inputs preserve transfer decisions (reviewed)
2026-10-09T18:59:43.9762479Z   ---
2026-10-09T18:59:43.9762763Z   duration_ms: 327102.524496
2026-10-09T18:59:43.9763031Z   type: 'test'
2026-10-09T18:59:43.9763242Z   ...
2026-10-09T18:59:43.9763569Z # reviewed: Compiling checked native Lean exports
2026-10-09T18:59:43.9763959Z # {"checks":141,"safePublicApi":true}
2026-10-09T18:59:43.9764359Z # reviewed: 141+141 installed and relocated checks
2026-10-09T18:59:44.1360546Z # Subtest: C\# consuming inputs require capability and preserve borrow-only APIs
2026-10-09T18:59:44.1360992Z ok 4 - C\# consuming inputs require capability and preserve borrow-only APIs
2026-10-09T18:59:44.1361217Z   ---
2026-10-09T18:59:44.1361359Z   duration_ms: 71.810783
2026-10-09T18:59:44.1361500Z   type: 'test'
2026-10-09T18:59:44.1361616Z   ...
2026-10-09T19:00:01.9069737Z # Subtest: C\# leases follow the compiled Lean handoff (ordinary)
2026-10-09T19:00:01.9070242Z ok 5 - C\# leases follow the compiled Lean handoff (ordinary)
2026-10-09T19:00:01.9070433Z   ---
2026-10-09T19:00:01.9070575Z   duration_ms: 17773.0574
2026-10-09T19:00:01.9070778Z   type: 'test'
2026-10-09T19:00:01.9070950Z   ...
2026-10-09T19:00:01.9071952Z # {"checks":1018,"managedBefore":40,"managedAfter":72,"nativeBefore":44,"nativeAfter":85,"multiManagedBefore":24,"multiManagedAfter":14,"multiNativeBefore":12,"multiNativeAfter":15,"live":0,"identities":0}
2026-10-09T19:00:19.6087679Z # Subtest: C\# leases follow the compiled Lean handoff (reviewed)
2026-10-09T19:00:19.6088253Z ok 6 - C\# leases follow the compiled Lean handoff (reviewed)
2026-10-09T19:00:19.6088559Z   ---
2026-10-09T19:00:19.6088763Z   duration_ms: 17702.634174
2026-10-09T19:00:19.6088977Z   type: 'test'
2026-10-09T19:00:19.6089147Z   ...
2026-10-09T19:00:19.6090005Z # {"checks":1018,"managedBefore":40,"managedAfter":72,"nativeBefore":44,"nativeAfter":85,"multiManagedBefore":24,"multiManagedAfter":14,"multiNativeBefore":12,"multiNativeAfter":15,"live":0,"identities":0}
2026-10-09T19:00:19.6218893Z 1..6
2026-10-09T19:00:19.6219120Z # tests 6
2026-10-09T19:00:19.6219295Z # suites 0
2026-10-09T19:00:19.6219486Z # pass 6
2026-10-09T19:00:19.6219645Z # fail 0
2026-10-09T19:00:19.6221765Z # cancelled 0
2026-10-09T19:00:19.6221967Z # skipped 0
2026-10-09T19:00:19.6222210Z # todo 0
2026-10-09T19:00:19.6222565Z # duration_ms 499639.930013
2026-10-09T19:10:14.0429280Z 
2026-10-09T19:10:14.0430007Z > @lean-wasm/bridge-poc@0.0.0-poc test:owned-dotnet-borrows
2026-10-09T19:10:14.0430662Z > LEAN_BRIDGE_OWNED_DOTNET_BORROW_TEST=1 node --test --test-concurrency=1 tests/owned-dotnet-borrows.test.mjs tests/owned-dotnet-borrow-packaging.test.mjs
2026-10-09T19:10:14.0431035Z 
2026-10-09T19:10:14.0431094Z TAP version 13
2026-10-09T19:10:14.0431424Z # Subtest: NuGet contracts preserve whole result owners without changing unanchored packages
2026-10-09T19:10:14.0431913Z ok 1 - NuGet contracts preserve whole result owners without changing unanchored packages
2026-10-09T19:10:14.0432171Z   ---
2026-10-09T19:10:14.0432313Z   duration_ms: 76.464636
2026-10-09T19:10:14.0432456Z   type: 'test'
2026-10-09T19:10:14.0432575Z   ...
2026-10-09T19:10:14.0432813Z # Subtest: installed NuGet results preserve original owners (ordinary)
2026-10-09T19:10:14.0433141Z ok 2 - installed NuGet results preserve original owners (ordinary)
2026-10-09T19:10:14.0433337Z   ---
2026-10-09T19:10:14.0445131Z   duration_ms: 127349.097256
2026-10-09T19:10:14.0445357Z   type: 'test'
2026-10-09T19:10:14.0445489Z   ...
2026-10-09T19:10:14.0445694Z # ordinary: Compiling checked native Lean exports
2026-10-09T19:10:14.0445967Z # {"checks":138,"safePublicApi":true}
2026-10-09T19:10:14.0446227Z # ordinary: 138+138 installed and relocated checks
2026-10-09T19:10:14.0446553Z # Subtest: installed NuGet results preserve original owners (reviewed)
2026-10-09T19:10:14.0446915Z ok 3 - installed NuGet results preserve original owners (reviewed)
2026-10-09T19:10:14.0447123Z   ---
2026-10-09T19:10:14.0447269Z   duration_ms: 327794.748899
2026-10-09T19:10:14.0447418Z   type: 'test'
2026-10-09T19:10:14.0447541Z   ...
2026-10-09T19:10:14.0447729Z # reviewed: Compiling checked native Lean exports
2026-10-09T19:10:14.0447972Z # {"checks":138,"safePublicApi":true}
2026-10-09T19:10:14.0448235Z # reviewed: 138+138 installed and relocated checks
2026-10-09T19:10:14.0448601Z # Subtest: C\# whole owners require capability and preserve unanchored generated APIs
2026-10-09T19:10:14.0449010Z ok 4 - C\# whole owners require capability and preserve unanchored generated APIs
2026-10-09T19:10:14.0449246Z   ---
2026-10-09T19:10:14.0449384Z   duration_ms: 58.653562
2026-10-09T19:10:14.0449531Z   type: 'test'
2026-10-09T19:10:14.0449654Z   ...
2026-10-09T19:10:14.0449890Z # Subtest: C\# borrowed results expire with original owners (ordinary)
2026-10-09T19:10:14.0450214Z ok 5 - C\# borrowed results expire with original owners (ordinary)
2026-10-09T19:10:14.0450421Z   ---
2026-10-09T19:10:14.0450558Z   duration_ms: 49918.233296
2026-10-09T19:10:14.0450710Z   type: 'test'
2026-10-09T19:10:14.0450828Z   ...
2026-10-09T19:10:14.0451233Z # {"checks":547,"managedBefore":36,"managedAfter":62,"nativeBefore":10,"nativeAfter":68,"receiverCollections":21,"live":0,"identities":0}
2026-10-09T19:10:14.0451673Z # Subtest: C\# borrowed results expire with original owners (reviewed)
2026-10-09T19:10:14.0451981Z ok 6 - C\# borrowed results expire with original owners (reviewed)
2026-10-09T19:10:14.0452473Z   ---
2026-10-09T19:10:14.0452599Z   duration_ms: 51995.868283
2026-10-09T19:10:14.0452740Z   type: 'test'
2026-10-09T19:10:14.0452855Z   ...
2026-10-09T19:10:14.0453243Z # {"checks":547,"managedBefore":36,"managedAfter":62,"nativeBefore":10,"nativeAfter":68,"receiverCollections":21,"live":0,"identities":0}
2026-10-09T19:10:14.0453680Z # Subtest: C\# borrowed results compile and execute without input transfers
2026-10-09T19:10:14.0454003Z ok 7 - C\# borrowed results compile and execute without input transfers
2026-10-09T19:10:14.0454329Z   ---
2026-10-09T19:10:14.0454630Z   duration_ms: 36846.369208
2026-10-09T19:10:14.0454769Z   type: 'test'
2026-10-09T19:10:14.0454884Z   ...
2026-10-09T19:10:14.0454993Z 1..7
2026-10-09T19:10:14.0455101Z # tests 7
2026-10-09T19:10:14.0455211Z # suites 0
2026-10-09T19:10:14.0455327Z # pass 7
2026-10-09T19:10:14.0455436Z # fail 0
2026-10-09T19:10:14.0455545Z # cancelled 0
2026-10-09T19:10:14.0455662Z # skipped 0
2026-10-09T19:10:14.0455775Z # todo 0
2026-10-09T19:10:14.0455911Z # duration_ms 594312.358009
2026-10-09T19:10:14.0579091Z # pass 7
2026-10-09T19:10:14.0602853Z # fail 0
2026-10-09T19:10:14.0622720Z # skipped 0
2026-10-09T19:26:18.3099736Z 
2026-10-09T19:26:18.3100466Z > @lean-wasm/bridge-poc@0.0.0-poc test:owned-dotnet-receivers
2026-10-09T19:26:18.3101368Z > LEAN_BRIDGE_OWNED_DOTNET_RECEIVER_TEST=1 node --test --test-concurrency=1 tests/owned-dotnet-receivers.test.mjs tests/owned-dotnet-receiver-packaging.test.mjs tests/owned-dotnet-receiver-plain.test.mjs
2026-10-09T19:26:18.3101869Z 
2026-10-09T19:26:18.3101960Z TAP version 13
2026-10-09T19:26:18.3102230Z # Subtest: installed NuGet receiver members preserve original owners (ordinary)
2026-10-09T19:26:18.3102582Z ok 1 - installed NuGet receiver members preserve original owners (ordinary)
2026-10-09T19:26:18.3102797Z   ---
2026-10-09T19:26:18.3102941Z   duration_ms: 237213.543801
2026-10-09T19:26:18.3103084Z   type: 'test'
2026-10-09T19:26:18.3103197Z   ...
2026-10-09T19:26:18.3103349Z # {"checks":178,"safePublicApi":true}
2026-10-09T19:26:18.3103578Z # ordinary: 178+178 installed and relocated checks
2026-10-09T19:26:18.3103882Z # Subtest: installed NuGet receiver members preserve original owners (reviewed)
2026-10-09T19:26:18.3104221Z ok 2 - installed NuGet receiver members preserve original owners (reviewed)
2026-10-09T19:26:18.3104585Z   ---
2026-10-09T19:26:18.3104776Z   duration_ms: 576675.997997
2026-10-09T19:26:18.3104983Z   type: 'test'
2026-10-09T19:26:18.3105156Z   ...
2026-10-09T19:26:18.3105368Z # {"checks":178,"safePublicApi":true}
2026-10-09T19:26:18.3105585Z # reviewed: 178+178 installed and relocated checks
2026-10-09T19:26:18.3105888Z # Subtest: C\# ordinary resource-only receivers need no optional capabilities
2026-10-09T19:26:18.3106216Z ok 3 - C\# ordinary resource-only receivers need no optional capabilities
2026-10-09T19:26:18.3106417Z   ---
2026-10-09T19:26:18.3106540Z   duration_ms: 12763.878455
2026-10-09T19:26:18.3106675Z   type: 'test'
2026-10-09T19:26:18.3106784Z   ...
2026-10-09T19:26:18.3107014Z # {"mode":"ordinary","consuming":false,"checks":12,"live":0,"identities":0}
2026-10-09T19:26:18.3107345Z # Subtest: C\# reviewed resource-only receivers need no optional capabilities
2026-10-09T19:26:18.3107667Z ok 4 - C\# reviewed resource-only receivers need no optional capabilities
2026-10-09T19:26:18.3107864Z   ---
2026-10-09T19:26:18.3107987Z   duration_ms: 12568.973677
2026-10-09T19:26:18.3108121Z   type: 'test'
2026-10-09T19:26:18.3108231Z   ...
2026-10-09T19:26:18.3108459Z # {"mode":"reviewed","consuming":false,"checks":12,"live":0,"identities":0}
2026-10-09T19:26:18.3108772Z # Subtest: C\# ordinary resource-only receivers consume without anchors
2026-10-09T19:26:18.3109072Z ok 5 - C\# ordinary resource-only receivers consume without anchors
2026-10-09T19:26:18.3109265Z   ---
2026-10-09T19:26:18.3109385Z   duration_ms: 12480.369234
2026-10-09T19:26:18.3109518Z   type: 'test'
2026-10-09T19:26:18.3109629Z   ...
2026-10-09T19:26:18.3109847Z # {"mode":"ordinary","consuming":true,"checks":13,"live":0,"identities":0}
2026-10-09T19:26:18.3110402Z # Subtest: C\# reviewed resource-only receivers consume without anchors
2026-10-09T19:26:18.3110700Z ok 6 - C\# reviewed resource-only receivers consume without anchors
2026-10-09T19:26:18.3110886Z   ---
2026-10-09T19:26:18.3111004Z   duration_ms: 12469.880118
2026-10-09T19:26:18.3111134Z   type: 'test'
2026-10-09T19:26:18.3111248Z   ...
2026-10-09T19:26:18.3111465Z # {"mode":"reviewed","consuming":true,"checks":13,"live":0,"identities":0}
2026-10-09T19:26:18.3111943Z # Subtest: C\# receivers expose typed owners and actual properties without changing older APIs
2026-10-09T19:26:18.3112348Z ok 7 - C\# receivers expose typed owners and actual properties without changing older APIs
2026-10-09T19:26:18.3112581Z   ---
2026-10-09T19:26:18.3112699Z   duration_ms: 94.152165
2026-10-09T19:26:18.3112831Z   type: 'test'
2026-10-09T19:26:18.3112942Z   ...
2026-10-09T19:26:18.3113191Z # Subtest: C\# resource receivers need neither result-anchor nor callback capability
2026-10-09T19:26:18.3113554Z ok 8 - C\# resource receivers need neither result-anchor nor callback capability
2026-10-09T19:26:18.3113766Z   ---
2026-10-09T19:26:18.3113882Z   duration_ms: 2.713829
2026-10-09T19:26:18.3114010Z   type: 'test'
2026-10-09T19:26:18.3114119Z   ...
2026-10-09T19:26:18.3114324Z # Subtest: C\# receiver members preserve original owners (ordinary)
2026-10-09T19:26:18.3114757Z ok 9 - C\# receiver members preserve original owners (ordinary)
2026-10-09T19:26:18.3114943Z   ---
2026-10-09T19:26:18.3115065Z   duration_ms: 50347.424604
2026-10-09T19:26:18.3115197Z   type: 'test'
2026-10-09T19:26:18.3115312Z   ...
2026-10-09T19:26:18.3115839Z # {"mode":"ordinary","phase":"baseline","checks":606,"managedBefore":36,"managedAfter":62,"nativeBefore":10,"nativeAfter":68,"receiverCollections":21,"memberCollections":9,"live":0,"identities":0}
2026-10-09T19:26:18.3116622Z # {"mode":"ordinary","checks":606,"managedBefore":36,"managedAfter":62,"nativeBefore":10,"nativeAfter":68,"receiverCollections":21,"memberCollections":9,"live":0,"identities":0}
2026-10-09T19:26:18.3117106Z # Subtest: C\# receiver members preserve original owners (reviewed)
2026-10-09T19:26:18.3117393Z ok 10 - C\# receiver members preserve original owners (reviewed)
2026-10-09T19:26:18.3117577Z   ---
2026-10-09T19:26:18.3117698Z   duration_ms: 49264.782466
2026-10-09T19:26:18.3117829Z   type: 'test'
2026-10-09T19:26:18.3117938Z   ...
2026-10-09T19:26:18.3118460Z # {"mode":"reviewed","phase":"baseline","checks":606,"managedBefore":36,"managedAfter":62,"nativeBefore":10,"nativeAfter":68,"receiverCollections":21,"memberCollections":9,"live":0,"identities":0}
2026-10-09T19:26:18.3119231Z # {"mode":"reviewed","checks":606,"managedBefore":36,"managedAfter":62,"nativeBefore":10,"nativeAfter":68,"receiverCollections":21,"memberCollections":9,"live":0,"identities":0}
2026-10-09T19:26:18.3119598Z 1..10
2026-10-09T19:26:18.3119704Z # tests 10
2026-10-09T19:26:18.3119811Z # suites 0
2026-10-09T19:26:18.3119921Z # pass 10
2026-10-09T19:26:18.3120111Z # fail 0
2026-10-09T19:26:18.3120275Z # cancelled 0
2026-10-09T19:26:18.3120450Z # skipped 0
2026-10-09T19:26:18.3120616Z # todo 0
2026-10-09T19:26:18.3120823Z # duration_ms 964141.627589
2026-10-09T19:26:18.3121022Z # tests 10
2026-10-09T19:26:18.3138352Z # pass 10
2026-10-09T19:26:18.3154662Z # fail 0
2026-10-09T19:26:18.3171130Z # cancelled 0
2026-10-09T19:26:18.3187907Z # skipped 0
2026-10-09T19:26:18.3477577Z TAP version 13
2026-10-09T19:26:18.6006854Z # Subtest: .NET compound evidence binds installed assemblies and separate cleanup probes on both paths
2026-10-09T19:26:18.6054148Z ok 1 - .NET compound evidence binds installed assemblies and separate cleanup probes on both paths
2026-10-09T19:26:18.6054954Z   ---
2026-10-09T19:26:18.6065196Z   duration_ms: 9.946595
2026-10-09T19:26:18.6086292Z   type: 'test'
2026-10-09T19:26:18.6086519Z   ...
2026-10-09T19:26:18.6086980Z # Subtest: .NET compounds use typed value wrappers and native binary tuples
2026-10-09T19:26:18.6087552Z ok 2 - .NET compounds use typed value wrappers and native binary tuples
2026-10-09T19:26:18.6088160Z   ---
2026-10-09T19:26:18.6088362Z   duration_ms: 143.660341
2026-10-09T19:26:18.6088716Z   type: 'test'
2026-10-09T19:26:18.6088902Z   ...
2026-10-09T19:26:18.6089328Z # Subtest: .NET compound Option cannot collide with a generated record
2026-10-09T19:26:18.6089897Z ok 3 - .NET compound Option cannot collide with a generated record
2026-10-09T19:26:18.6090282Z   ---
2026-10-09T19:26:18.6090491Z   duration_ms: 22.541747
2026-10-09T19:26:18.6090746Z   type: 'test'
2026-10-09T19:26:18.6091119Z   ...
2026-10-09T19:26:18.6106356Z # Subtest: .NET compound Result cannot collide with a generated record
2026-10-09T19:26:18.6107100Z ok 4 - .NET compound Result cannot collide with a generated record
2026-10-09T19:26:18.6107701Z   ---
2026-10-09T19:26:18.6107980Z   duration_ms: 23.526744
2026-10-09T19:26:18.6108233Z   type: 'test'
2026-10-09T19:26:18.6108441Z   ...
2026-10-09T19:26:18.6108955Z # Subtest: .NET compounds admit copied callable payloads but reject borrowed copied identity
2026-10-09T19:26:18.6109697Z ok 5 - .NET compounds admit copied callable payloads but reject borrowed copied identity
2026-10-09T19:26:18.6110106Z   ---
2026-10-09T19:26:18.6110331Z   duration_ms: 12.406207
2026-10-09T19:26:18.6110543Z   type: 'test'
2026-10-09T19:26:18.6110745Z   ...
2026-10-09T19:27:49.9820862Z # Subtest: installed .NET compounds preserve copied values on both source paths
2026-10-09T19:27:49.9821685Z ok 6 - installed .NET compounds preserve copied values on both source paths
2026-10-09T19:27:49.9822120Z   ---
2026-10-09T19:27:49.9822357Z   duration_ms: 91447.332643
2026-10-09T19:27:49.9822621Z   type: 'test'
2026-10-09T19:27:49.9822812Z   ...
2026-10-09T19:27:49.9823123Z # ordinary-source: compiling .NET compounds
2026-10-09T19:27:49.9823654Z # ordinary-source: installing the relocated NuGet package offline without producer inputs
2026-10-09T19:27:49.9825759Z # ordinary-source: 41534 assertions, 12 compiler rejections, 94 injected failures and two runtime-only reruns passed
2026-10-09T19:27:49.9826175Z # reviewed-ir: compiling .NET compounds
2026-10-09T19:27:49.9826478Z # reviewed-ir: installing the relocated NuGet package offline without producer inputs
2026-10-09T19:27:49.9826911Z # reviewed-ir: 41534 assertions, 12 compiler rejections, 94 injected failures and two runtime-only reruns passed
2026-10-09T19:27:49.9991120Z 1..6
2026-10-09T19:27:49.9991325Z # tests 6
2026-10-09T19:27:49.9991504Z # suites 0
2026-10-09T19:27:49.9991685Z # pass 6
2026-10-09T19:27:49.9991850Z # fail 0
2026-10-09T19:27:49.9992044Z # cancelled 0
2026-10-09T19:27:49.9992284Z # skipped 0
2026-10-09T19:27:49.9992631Z # todo 0
2026-10-09T19:27:49.9992917Z # duration_ms 91661.218958
2026-10-09T19:27:50.0325104Z TAP version 13
2026-10-09T19:27:50.2146836Z # Subtest: .NET List evidence binds both installed archives to signatures, cleanup probes and runtime-only execution
2026-10-09T19:27:50.2148066Z ok 1 - .NET List evidence binds both installed archives to signatures, cleanup probes and runtime-only execution
2026-10-09T19:27:50.2148749Z   ---
2026-10-09T19:27:50.2153965Z   duration_ms: 10.045047
2026-10-09T19:27:50.2164999Z   type: 'test'
2026-10-09T19:27:50.2165206Z   ...
2026-10-09T19:27:50.2165734Z # Subtest: .NET Lists use typed owned arrays with separate List/Array contract and native identities
2026-10-09T19:27:50.2166448Z ok 2 - .NET Lists use typed owned arrays with separate List/Array contract and native identities
2026-10-09T19:27:50.2166843Z   ---
2026-10-09T19:27:50.2167048Z   duration_ms: 70.57328
2026-10-09T19:27:50.2167276Z   type: 'test'
2026-10-09T19:27:50.2167451Z   ...
2026-10-09T19:27:50.2167955Z # Subtest: .NET Lists admit copied callbacks but reject borrowed identities and record name collisions
2026-10-09T19:27:50.2168861Z ok 3 - .NET Lists admit copied callbacks but reject borrowed identities and record name collisions
2026-10-09T19:27:50.2169321Z   ---
2026-10-09T19:27:50.2169537Z   duration_ms: 32.947685
2026-10-09T19:27:50.2169745Z   type: 'test'
2026-10-09T19:27:50.2170503Z   ...
2026-10-09T19:27:50.2175251Z # Subtest: .NET List output guards use scalar and compound alignment before allocation
2026-10-09T19:27:50.2175893Z ok 4 - .NET List output guards use scalar and compound alignment before allocation
2026-10-09T19:27:50.2176252Z   ---
2026-10-09T19:27:50.2176445Z   duration_ms: 23.95306
2026-10-09T19:27:50.2176686Z   type: 'test'
2026-10-09T19:27:50.2176871Z   ...
2026-10-09T19:29:21.6320623Z # Subtest: installed .NET lists preserve copied values on both source paths
2026-10-09T19:29:21.6321587Z ok 5 - installed .NET lists preserve copied values on both source paths
2026-10-09T19:29:21.6321923Z   ---
2026-10-09T19:29:21.6322164Z   duration_ms: 91408.745615
2026-10-09T19:29:21.6322474Z   type: 'test'
2026-10-09T19:29:21.6322686Z   ...
2026-10-09T19:29:21.6322975Z # ordinary-source: compiling .NET lists
2026-10-09T19:29:21.6323353Z # ordinary-source: installing the relocated NuGet package offline without producer inputs
2026-10-09T19:29:21.6324028Z # ordinary-source: 99180 assertions, 12 compiler rejections, 214 injected failures and two runtime-only reruns passed
2026-10-09T19:29:21.6324841Z # reviewed-ir: compiling .NET lists
2026-10-09T19:29:21.6325361Z # reviewed-ir: installing the relocated NuGet package offline without producer inputs
2026-10-09T19:29:21.6327282Z # reviewed-ir: 99180 assertions, 12 compiler rejections, 214 injected failures and two runtime-only reruns passed
2026-10-09T19:29:21.6475942Z 1..5
2026-10-09T19:29:21.6476161Z # tests 5
2026-10-09T19:29:21.6476482Z # suites 0
2026-10-09T19:29:21.6476708Z # pass 5
2026-10-09T19:29:21.6476885Z # fail 0
2026-10-09T19:29:21.6477074Z # cancelled 0
2026-10-09T19:29:21.6477272Z # skipped 0
2026-10-09T19:29:21.6477448Z # todo 0
2026-10-09T19:29:21.6477700Z # duration_ms 91625.090523
2026-10-09T19:29:21.6805976Z TAP version 13
2026-10-09T19:30:46.0850882Z # Subtest: installed .NET aliases preserve named contracts and transparent relocated values
2026-10-09T19:30:46.0855169Z ok 1 - installed .NET aliases preserve named contracts and transparent relocated values
2026-10-09T19:30:46.0856225Z   ---
2026-10-09T19:30:46.0856447Z   duration_ms: 84240.903587
2026-10-09T19:30:46.0856677Z   type: 'test'
2026-10-09T19:30:46.0868974Z   ...
2026-10-09T19:30:46.0869534Z # ordinary-source: compiling .NET alias metadata, documentation and values
2026-10-09T19:30:46.0870171Z # ordinary-source: offline installation without producer files or Lean/C compilers
2026-10-09T19:30:46.0871033Z # ordinary-source: 3876 assertions, 12 compiler rejections, 180 injected failures and two runtime-only reruns passed
2026-10-09T19:30:46.0871737Z # reviewed-ir: compiling .NET alias metadata, documentation and values
2026-10-09T19:30:46.0872383Z # reviewed-ir: offline installation without producer files or Lean/C compilers
2026-10-09T19:30:46.0873210Z # reviewed-ir: 3876 assertions, 12 compiler rejections, 180 injected failures and two runtime-only reruns passed
2026-10-09T19:30:46.0992993Z 1..1
2026-10-09T19:30:46.0993453Z # tests 1
2026-10-09T19:30:46.0993703Z # suites 0
2026-10-09T19:30:46.0993978Z # pass 1
2026-10-09T19:30:46.0994197Z # fail 0
2026-10-09T19:30:46.0994555Z # cancelled 0
2026-10-09T19:30:46.0994908Z # skipped 0
2026-10-09T19:30:46.0995126Z # todo 0
2026-10-09T19:30:46.0995434Z # duration_ms 84426.202961
2026-10-09T19:30:46.1297365Z TAP version 13
2026-10-09T19:30:46.2902040Z # Subtest: .NET packages are checked Fin consumers beside C, C++, Python, Rust and Ruby
2026-10-09T19:30:46.2904729Z ok 1 - .NET packages are checked Fin consumers beside C, C++, Python, Rust and Ruby
2026-10-09T19:30:46.2905629Z   ---
2026-10-09T19:30:46.2905847Z   duration_ms: 0.557892
2026-10-09T19:30:46.2906058Z   type: 'test'
2026-10-09T19:30:46.2906235Z   ...
2026-10-09T19:30:46.2909649Z # Subtest: generated .NET bound docs come only from checked refinement metadata
2026-10-09T19:30:46.2910189Z ok 2 - generated .NET bound docs come only from checked refinement metadata
2026-10-09T19:30:46.2910406Z   ---
2026-10-09T19:30:46.2910546Z   duration_ms: 12.89758
2026-10-09T19:30:46.2910958Z   type: 'test'
2026-10-09T19:30:46.2911074Z   ...
2026-10-09T19:31:01.8409641Z # Subtest: GDB entry breakpoints count a deep-bound .NET stand-in after its explicit load trigger and refuse missing, early, stale, foreign and leaking runs
2026-10-09T19:31:01.8410987Z ok 3 - GDB entry breakpoints count a deep-bound .NET stand-in after its explicit load trigger and refuse missing, early, stale, foreign and leaking runs
2026-10-09T19:31:01.8411407Z   ---
2026-10-09T19:31:01.8411563Z   duration_ms: 15551.822867
2026-10-09T19:31:01.8411957Z   type: 'test'
2026-10-09T19:31:01.8412131Z   ...
2026-10-09T19:34:08.9195703Z # Subtest: relocated source-free .NET packages check Fin bounds through the bundled C adapter
2026-10-09T19:34:08.9198122Z ok 4 - relocated source-free .NET packages check Fin bounds through the bundled C adapter
2026-10-09T19:34:08.9198570Z   ---
2026-10-09T19:34:08.9198723Z   duration_ms: 187078.823238
2026-10-09T19:34:08.9198863Z   type: 'test'
2026-10-09T19:34:08.9199079Z   ...
2026-10-09T19:34:08.9199399Z # build 0: compiling the shared C library and NuGet package
2026-10-09T19:34:08.9199936Z # offline NuGet restore and build without producer files or Lean/C compilers
2026-10-09T19:34:08.9200572Z # per-step source and adapter counts in a relocated .NET process under GDB entry breakpoints
2026-10-09T19:34:08.9201092Z # build 1: compiling the shared C library and NuGet package
2026-10-09T19:37:19.9946120Z # Subtest: independently reviewed Dotnet packages check scalar Fin through installed consumers
2026-10-09T19:37:19.9947120Z ok 5 - independently reviewed Dotnet packages check scalar Fin through installed consumers
2026-10-09T19:37:19.9947587Z   ---
2026-10-09T19:37:19.9947821Z   duration_ms: 191075.330137
2026-10-09T19:37:19.9948111Z   type: 'test'
2026-10-09T19:37:19.9948440Z   ...
2026-10-09T19:37:19.9948901Z # build 0: compiling the shared C library and NuGet package
2026-10-09T19:37:19.9949429Z # offline NuGet restore and build without producer files or Lean/C compilers
2026-10-09T19:37:19.9950084Z # per-step source and adapter counts in a relocated .NET process under GDB entry breakpoints
2026-10-09T19:37:19.9950634Z # build 1: compiling the shared C library and NuGet package
2026-10-09T19:37:20.0130023Z 1..5
2026-10-09T19:37:20.0130216Z # tests 5
2026-10-09T19:37:20.0134841Z # suites 0
2026-10-09T19:37:20.0148956Z # pass 5
2026-10-09T19:37:20.0149161Z # fail 0
2026-10-09T19:37:20.0149332Z # cancelled 0
2026-10-09T19:37:20.0149459Z # skipped 0
2026-10-09T19:37:20.0149593Z # todo 0
2026-10-09T19:37:20.0149762Z # duration_ms 393890.143021
2026-10-09T19:37:20.0438169Z TAP version 13
2026-10-09T19:37:20.6760895Z # Subtest: Native consumer CI repair integration authenticates each exact source predecessor
2026-10-09T19:37:20.6765468Z ok 1 - Native consumer CI repair integration authenticates each exact source predecessor
2026-10-09T19:37:20.6766175Z   ---
2026-10-09T19:37:20.6766377Z   duration_ms: 431.595113
2026-10-09T19:37:20.6766611Z   type: 'test'
2026-10-09T19:37:20.6766850Z   ...
2026-10-09T19:37:20.9502605Z # Subtest: Native consumer CI repair source pins do not change observations or other inventory claims
2026-10-09T19:37:20.9504295Z ok 2 - Native consumer CI repair source pins do not change observations or other inventory claims
2026-10-09T19:37:20.9504852Z   ---
2026-10-09T19:37:20.9505058Z   duration_ms: 274.100136
2026-10-09T19:37:20.9505372Z   type: 'test'
2026-10-09T19:37:20.9505559Z   ...
2026-10-09T19:37:20.9532589Z # Subtest: every native profile has a specialization consumer for the same concrete exports
2026-10-09T19:37:20.9543856Z ok 3 - every native profile has a specialization consumer for the same concrete exports
2026-10-09T19:37:20.9544122Z   ---
2026-10-09T19:37:20.9544263Z   duration_ms: 2.408921
2026-10-09T19:37:20.9544587Z   type: 'test'
2026-10-09T19:37:20.9544750Z   ...
2026-10-09T19:37:20.9545236Z # Subtest: native builds admit a generic structure instantiation named by an alias, with its provenance
2026-10-09T19:37:20.9545941Z ok 4 - native builds admit a generic structure instantiation named by an alias, with its provenance # SKIP
2026-10-09T19:37:20.9546647Z   ---
2026-10-09T19:37:20.9546772Z   duration_ms: 0.231889
2026-10-09T19:37:20.9546904Z   type: 'test'
2026-10-09T19:37:20.9547011Z   ...
2026-10-09T19:38:26.2514155Z # Subtest: relocated source-free native packages install concrete specializations without the generic declaration
2026-10-09T19:38:26.2521605Z ok 5 - relocated source-free native packages install concrete specializations without the generic declaration
2026-10-09T19:38:26.2535634Z   ---
2026-10-09T19:38:26.2541448Z   duration_ms: 65298.335049
2026-10-09T19:38:26.2541714Z   type: 'test'
2026-10-09T19:38:26.2541846Z   ...
2026-10-09T19:38:26.2541980Z # build 0: dotnet
2026-10-09T19:38:26.2542146Z # installing and checking dotnet
2026-10-09T19:38:26.2542306Z # build 1: dotnet
2026-10-09T19:38:26.2712042Z 1..5
2026-10-09T19:38:26.2712272Z # tests 5
2026-10-09T19:38:26.2712443Z # suites 0
2026-10-09T19:38:26.2712627Z # pass 4
2026-10-09T19:38:26.2712830Z # fail 0
2026-10-09T19:38:26.2713002Z # cancelled 0
2026-10-09T19:38:26.2713188Z # skipped 1
2026-10-09T19:38:26.2713357Z # todo 0
2026-10-09T19:38:26.2713581Z # duration_ms 66234.386827
2026-10-09T19:38:26.3042710Z TAP version 13
2026-10-09T19:39:34.0306312Z # Subtest: relocated source-free native packages construct and project alias-named generic records
2026-10-09T19:39:34.0311119Z ok 1 - relocated source-free native packages construct and project alias-named generic records
2026-10-09T19:39:34.0311611Z   ---
2026-10-09T19:39:34.0311893Z   duration_ms: 67436.678075
2026-10-09T19:39:34.0312126Z   type: 'test'
2026-10-09T19:39:34.0312314Z   ...
2026-10-09T19:39:34.0312688Z # build 0: dotnet
2026-10-09T19:39:34.0316044Z # installing and checking dotnet
2026-10-09T19:39:34.0317373Z # build 1: dotnet
2026-10-09T19:40:44.1063152Z # Subtest: relocated source-free native packages construct specialized generic records in two namespaces and Option/List aliases
2026-10-09T19:40:44.1064603Z ok 2 - relocated source-free native packages construct specialized generic records in two namespaces and Option/List aliases
2026-10-09T19:40:44.1065133Z   ---
2026-10-09T19:40:44.1065366Z   duration_ms: 70076.368537
2026-10-09T19:40:44.1065596Z   type: 'test'
2026-10-09T19:40:44.1065792Z   ...
2026-10-09T19:40:44.1066009Z # build 0: dotnet
2026-10-09T19:40:44.1066337Z # installing and checking dotnet
2026-10-09T19:40:44.1069953Z # build 1: dotnet
2026-10-09T19:40:44.1215185Z 1..2
2026-10-09T19:40:44.1215416Z # tests 2
2026-10-09T19:40:44.1215628Z # suites 0
2026-10-09T19:40:44.1215798Z # pass 2
2026-10-09T19:40:44.1215961Z # fail 0
2026-10-09T19:40:44.1216132Z # cancelled 0
2026-10-09T19:40:44.1216314Z # skipped 0
2026-10-09T19:40:44.1216482Z # todo 0
2026-10-09T19:40:44.1216702Z # duration_ms 137824.708802
2026-10-09T19:40:44.1533816Z TAP version 13
2026-10-09T19:40:44.4372640Z # Subtest: the Array source is the accepted specialization source with GenericRecordArrays.lean appended
2026-10-09T19:40:44.4377707Z ok 1 - the Array source is the accepted specialization source with GenericRecordArrays.lean appended
2026-10-09T19:40:44.4378288Z   ---
2026-10-09T19:40:44.4378515Z   duration_ms: 4.803708
2026-10-09T19:40:44.4378769Z   type: 'test'
2026-10-09T19:40:44.4378960Z   ...
2026-10-09T19:40:44.4382432Z # Subtest: the Array configuration keeps every specialized export and decision and adds exactly four exports
2026-10-09T19:40:44.4383255Z ok 2 - the Array configuration keeps every specialized export and decision and adds exactly four exports
2026-10-09T19:40:44.4383756Z   ---
2026-10-09T19:40:44.4383964Z   duration_ms: 0.965511
2026-10-09T19:40:44.4384209Z   type: 'test'
2026-10-09T19:40:44.4384700Z   ...
2026-10-09T19:40:44.4521128Z # Subtest: each Array consumer is the pinned specialized consumer with one fragment inserted at its marker
2026-10-09T19:40:44.4521983Z ok 3 - each Array consumer is the pinned specialized consumer with one fragment inserted at its marker
2026-10-09T19:40:44.4522286Z   ---
2026-10-09T19:40:44.4522790Z   duration_ms: 14.366755
2026-10-09T19:40:44.4522925Z   type: 'test'
2026-10-09T19:40:44.4523037Z   ...
2026-10-09T19:40:44.4696184Z # Subtest: the old generic-record consumers stay byte-identical and keep their List, Option and nominal-identity checks
2026-10-09T19:40:44.4697370Z ok 4 - the old generic-record consumers stay byte-identical and keep their List, Option and nominal-identity checks
2026-10-09T19:40:44.4697970Z   ---
2026-10-09T19:40:44.4698409Z   duration_ms: 17.352172
2026-10-09T19:40:44.4698658Z   type: 'test'
2026-10-09T19:40:44.4699329Z   ...
2026-10-09T19:40:44.4717354Z # Subtest: every C Array refusal seeds its output and the rounds refuse a negative member of the real row
2026-10-09T19:40:44.4718405Z ok 5 - every C Array refusal seeds its output and the rounds refuse a negative member of the real row
2026-10-09T19:40:44.4719047Z   ---
2026-10-09T19:40:44.4719442Z   duration_ms: 1.541787
2026-10-09T19:40:44.4719812Z   type: 'test'
2026-10-09T19:40:44.4720113Z   ...
2026-10-09T19:40:44.5040133Z # Subtest: every Perl Array diagnostic is in the plain XS its inlined records render
2026-10-09T19:40:44.5041174Z ok 6 - every Perl Array diagnostic is in the plain XS its inlined records render
2026-10-09T19:40:44.5041752Z   ---
2026-10-09T19:40:44.5042178Z   duration_ms: 29.800639
2026-10-09T19:40:44.5042533Z   type: 'test'
2026-10-09T19:40:44.5042870Z   ...
2026-10-09T19:40:44.5043453Z # Subtest: each profile has its expected case list and an exact check total
2026-10-09T19:40:44.5044226Z ok 7 - each profile has its expected case list and an exact check total
2026-10-09T19:40:44.5044868Z   ---
2026-10-09T19:40:44.5045195Z   duration_ms: 0.407166
2026-10-09T19:40:44.5045533Z   type: 'test'
2026-10-09T19:40:44.5045848Z   ...
2026-10-09T19:40:44.5046392Z # Subtest: Array profile selection accepts only this slice's hosts, each once
2026-10-09T19:40:44.5047103Z ok 8 - Array profile selection accepts only this slice's hosts, each once
2026-10-09T19:40:44.5047559Z   ---
2026-10-09T19:40:44.5047885Z   duration_ms: 1.524626
2026-10-09T19:40:44.5048190Z   type: 'test'
2026-10-09T19:40:44.5048409Z   ...
2026-10-09T19:40:44.5048816Z # Subtest: Array reports are written apart from every ordinary and specialized generic-record report
2026-10-09T19:40:44.5049369Z ok 9 - Array reports are written apart from every ordinary and specialized generic-record report
2026-10-09T19:40:44.5049718Z   ---
2026-10-09T19:40:44.5050034Z   duration_ms: 0.782053
2026-10-09T19:40:44.5050347Z   type: 'test'
2026-10-09T19:40:44.5050603Z   ...
2026-10-09T19:40:44.5127224Z # Subtest: an existing Array report is refused before work and never overwritten
2026-10-09T19:40:44.5128035Z ok 10 - an existing Array report is refused before work and never overwritten
2026-10-09T19:40:44.5128653Z   ---
2026-10-09T19:40:44.5129012Z   duration_ms: 4.897279
2026-10-09T19:40:44.5129248Z   type: 'test'
2026-10-09T19:40:44.5129455Z   ...
2026-10-09T19:40:44.5130048Z # Subtest: the native Array IR assertion is module-qualified and preserves origins, argument order and field types
2026-10-09T19:40:44.5130909Z ok 11 - the native Array IR assertion is module-qualified and preserves origins, argument order and field types
2026-10-09T19:40:44.5131803Z   ---
2026-10-09T19:40:44.5132002Z   duration_ms: 3.43736
2026-10-09T19:40:44.5132203Z   type: 'test'
2026-10-09T19:40:44.5132376Z   ...
2026-10-09T19:41:53.0092493Z # Subtest: relocated source-free native packages carry Array fields and results over alias-named generic records
2026-10-09T19:41:53.0093667Z ok 12 - relocated source-free native packages carry Array fields and results over alias-named generic records
2026-10-09T19:41:53.0094146Z   ---
2026-10-09T19:41:53.0094365Z   duration_ms: 68497.002977
2026-10-09T19:41:53.0094760Z   type: 'test'
2026-10-09T19:41:53.0094939Z   ...
2026-10-09T19:41:53.0095143Z # array build 0: dotnet
2026-10-09T19:41:53.0095600Z # installing and checking Arrays in dotnet
2026-10-09T19:41:53.0097737Z # array build 1: dotnet
2026-10-09T19:41:53.0259947Z 1..12
2026-10-09T19:41:53.0260596Z # tests 12
2026-10-09T19:41:53.0260769Z # suites 0
2026-10-09T19:41:53.0260945Z # pass 12
2026-10-09T19:41:53.0261119Z # fail 0
2026-10-09T19:41:53.0261302Z # cancelled 0
2026-10-09T19:41:53.0261491Z # skipped 0
2026-10-09T19:41:53.0261665Z # todo 0
2026-10-09T19:41:53.0261890Z # duration_ms 68879.718405
2026-10-09T19:41:53.0590983Z TAP version 13
2026-10-09T19:41:53.2579743Z # Subtest: container host dispatch requires every ordered public and raw control
2026-10-09T19:41:53.2582708Z ok 1 - container host dispatch requires every ordered public and raw control
2026-10-09T19:41:53.2583014Z   ---
2026-10-09T19:41:53.2583285Z   duration_ms: 11.378887
2026-10-09T19:41:53.2583504Z   type: 'test'
2026-10-09T19:41:53.2583679Z   ...
2026-10-09T19:41:53.9216214Z # Subtest: container dispatch history authenticates exact predecessors and rejects unknown edits
2026-10-09T19:41:53.9217132Z ok 2 - container dispatch history authenticates exact predecessors and rejects unknown edits
2026-10-09T19:41:53.9217583Z   ---
2026-10-09T19:41:53.9217832Z   duration_ms: 665.731459
2026-10-09T19:41:53.9218124Z   type: 'test'
2026-10-09T19:41:53.9218307Z   ...
2026-10-09T19:41:54.4871074Z # Subtest: container dispatch adds no support claims or rewritten archived observations
2026-10-09T19:41:54.4872038Z ok 3 - container dispatch adds no support claims or rewritten archived observations
2026-10-09T19:41:54.4872474Z   ---
2026-10-09T19:41:54.4872698Z   duration_ms: 565.476829
2026-10-09T19:41:54.4872954Z   type: 'test'
2026-10-09T19:41:54.4873092Z   ...
2026-10-09T19:41:55.0171148Z # Subtest: Perl Fin archive inspection authenticates each exact source predecessor
2026-10-09T19:41:55.0171825Z ok 4 - Perl Fin archive inspection authenticates each exact source predecessor
2026-10-09T19:41:55.0172089Z   ---
2026-10-09T19:41:55.0172255Z   duration_ms: 529.844829
2026-10-09T19:41:55.0172424Z   type: 'test'
2026-10-09T19:41:55.0172551Z   ...
2026-10-09T19:41:55.5520097Z # Subtest: Perl Fin archive inspection changes current source pins without inventing installed evidence
2026-10-09T19:41:55.5520933Z ok 5 - Perl Fin archive inspection changes current source pins without inventing installed evidence
2026-10-09T19:41:55.5521279Z   ---
2026-10-09T19:41:55.5521483Z   duration_ms: 534.96463
2026-10-09T19:41:55.5526563Z   type: 'test'
2026-10-09T19:41:55.5526773Z   ...
2026-10-09T19:41:56.0553843Z # Subtest: Perl Fin XS audit authenticates each exact source predecessor
2026-10-09T19:41:56.0554257Z ok 6 - Perl Fin XS audit authenticates each exact source predecessor
2026-10-09T19:41:56.0554702Z   ---
2026-10-09T19:41:56.0554903Z   duration_ms: 503.014867
2026-10-09T19:41:56.0555125Z   type: 'test'
2026-10-09T19:41:56.0555303Z   ...
2026-10-09T19:41:56.5653007Z # Subtest: Perl Fin XS audit changes current source pins without inventing installed evidence
2026-10-09T19:41:56.5653999Z ok 7 - Perl Fin XS audit changes current source pins without inventing installed evidence
2026-10-09T19:41:56.5654743Z   ---
2026-10-09T19:41:56.5655092Z   duration_ms: 509.751517
2026-10-09T19:41:56.5655467Z   type: 'test'
2026-10-09T19:41:56.5655753Z   ...
2026-10-09T19:41:56.5823939Z # Subtest: Perl Fin archive inspection works with the compiler-free consumer PATH
2026-10-09T19:41:56.5824670Z ok 8 - Perl Fin archive inspection works with the compiler-free consumer PATH
2026-10-09T19:41:56.5825009Z   ---
2026-10-09T19:41:56.5825218Z   duration_ms: 14.405907
2026-10-09T19:41:56.5825375Z   type: 'test'
2026-10-09T19:41:56.5825491Z   ...
2026-10-09T19:41:56.5827233Z # Subtest: native types admit Fin at top level, inside structural containers and in plain record and variant fields
2026-10-09T19:41:56.5828518Z ok 9 - native types admit Fin at top level, inside structural containers and in plain record and variant fields
2026-10-09T19:41:56.5829041Z   ---
2026-10-09T19:41:56.5829242Z   duration_ms: 1.846858
2026-10-09T19:41:56.5829536Z   type: 'test'
2026-10-09T19:41:56.5829714Z   ...
2026-10-09T19:41:56.5830272Z # Subtest: Lean adapters check container elements with typed construction and keep the scalar form byte for byte
2026-10-09T19:41:56.5831137Z ok 10 - Lean adapters check container elements with typed construction and keep the scalar form byte for byte
2026-10-09T19:41:56.5831477Z   ---
2026-10-09T19:41:56.5831665Z   duration_ms: 1.381285
2026-10-09T19:41:56.5831827Z   type: 'test'
2026-10-09T19:41:56.5831939Z   ...
2026-10-09T19:41:56.5845264Z # Subtest: every native profile has a Fin container consumer
2026-10-09T19:41:56.5851107Z ok 11 - every native profile has a Fin container consumer
2026-10-09T19:41:56.5851639Z   ---
2026-10-09T19:41:56.5851846Z   duration_ms: 1.09989
2026-10-09T19:41:56.5852041Z   type: 'test'
2026-10-09T19:41:56.5852159Z   ...
2026-10-09T19:41:56.5852511Z # Subtest: native builds still reject Fin in callbacks and generic record instantiations, including containers there
2026-10-09T19:41:56.5853038Z ok 12 - native builds still reject Fin in callbacks and generic record instantiations, including containers there # SKIP
2026-10-09T19:41:56.5853336Z   ---
2026-10-09T19:41:56.5853460Z   duration_ms: 0.184259
2026-10-09T19:41:56.5853591Z   type: 'test'
2026-10-09T19:41:56.5853702Z   ...
2026-10-09T19:43:14.5606250Z # Subtest: relocated source-free native packages check Fin inside arrays, lists and options
2026-10-09T19:43:14.5606755Z ok 13 - relocated source-free native packages check Fin inside arrays, lists and options
2026-10-09T19:43:14.5607120Z   ---
2026-10-09T19:43:14.5607322Z   duration_ms: 77975.93093
2026-10-09T19:43:14.5607559Z   type: 'test'
2026-10-09T19:43:14.5607760Z   ...
2026-10-09T19:43:14.5608002Z # build 0: dotnet
2026-10-09T19:43:14.5609588Z # installing and checking dotnet
2026-10-09T19:43:14.5609835Z # build 1: dotnet
2026-10-09T19:44:32.4330329Z # Subtest: independently reviewed native packages check container and alias Fin bounds after source-free installation
2026-10-09T19:44:32.4331309Z ok 14 - independently reviewed native packages check container and alias Fin bounds after source-free installation
2026-10-09T19:44:32.4331817Z   ---
2026-10-09T19:44:32.4331970Z   duration_ms: 77872.663619
2026-10-09T19:44:32.4332118Z   type: 'test'
2026-10-09T19:44:32.4332237Z   ...
2026-10-09T19:44:32.4332359Z # build 0: dotnet
2026-10-09T19:44:32.4332518Z # installing and checking dotnet
2026-10-09T19:44:32.4332675Z # build 1: dotnet
2026-10-09T19:44:32.4715204Z 1..14
2026-10-09T19:44:32.4715469Z # tests 14
2026-10-09T19:44:32.4715649Z # suites 0
2026-10-09T19:44:32.4720132Z # pass 13
2026-10-09T19:44:32.4720374Z # fail 0
2026-10-09T19:44:32.4720565Z # cancelled 0
2026-10-09T19:44:32.4720799Z # skipped 1
2026-10-09T19:44:32.4720973Z # todo 0
2026-10-09T19:44:32.4721210Z # duration_ms 159419.553268
2026-10-09T19:44:32.5341160Z FinContainers entry counters observed for dotnet on both routes.
2026-10-09T19:44:32.5707269Z TAP version 13
2026-10-09T19:44:32.8357179Z # Subtest: PHP-safe product name authenticates each exact source predecessor
2026-10-09T19:44:32.8359972Z ok 1 - PHP-safe product name authenticates each exact source predecessor
2026-10-09T19:44:32.8360490Z   ---
2026-10-09T19:44:32.8360736Z   duration_ms: 57.350112
2026-10-09T19:44:32.8361034Z   type: 'test'
2026-10-09T19:44:32.8361251Z   ...
2026-10-09T19:44:33.4295682Z # Subtest: Fin products authenticates each exact source predecessor
2026-10-09T19:44:33.4296564Z ok 2 - Fin products authenticates each exact source predecessor
2026-10-09T19:44:33.4297118Z   ---
2026-10-09T19:44:33.4297655Z   duration_ms: 593.517608
2026-10-09T19:44:33.4297958Z   type: 'test'
2026-10-09T19:44:33.4298213Z   ...
2026-10-09T19:44:34.3125791Z # Subtest: Fin products changes current source pins without inventing installed evidence
2026-10-09T19:44:34.3126534Z ok 3 - Fin products changes current source pins without inventing installed evidence
2026-10-09T19:44:34.3126896Z   ---
2026-10-09T19:44:34.3127096Z   duration_ms: 881.897128
2026-10-09T19:44:34.3127330Z   type: 'test'
2026-10-09T19:44:34.3127507Z   ...
2026-10-09T19:44:34.8965496Z # Subtest: Fin products CI authenticates each exact source predecessor
2026-10-09T19:44:34.8966765Z ok 4 - Fin products CI authenticates each exact source predecessor
2026-10-09T19:44:34.8967105Z   ---
2026-10-09T19:44:34.8967338Z   duration_ms: 585.042375
2026-10-09T19:44:34.8967573Z   type: 'test'
2026-10-09T19:44:34.8967772Z   ...
2026-10-09T19:44:36.0501530Z # Subtest: Fin products CI changes current source pins without inventing installed evidence
2026-10-09T19:44:36.0514901Z ok 5 - Fin products CI changes current source pins without inventing installed evidence
2026-10-09T19:44:36.0515328Z   ---
2026-10-09T19:44:36.0516260Z   duration_ms: 1153.542323
2026-10-09T19:44:36.0516538Z   type: 'test'
2026-10-09T19:44:36.0516709Z   ...
2026-10-09T19:44:36.6072338Z # Subtest: Fin products floors authenticates each exact source predecessor
2026-10-09T19:44:36.6072949Z ok 6 - Fin products floors authenticates each exact source predecessor
2026-10-09T19:44:36.6073172Z   ---
2026-10-09T19:44:36.6073326Z   duration_ms: 557.065604
2026-10-09T19:44:36.6073489Z   type: 'test'
2026-10-09T19:44:36.6073646Z   ...
2026-10-09T19:44:37.7257098Z # Subtest: Fin products floors changes current source pins without inventing installed evidence
2026-10-09T19:44:37.7257759Z ok 7 - Fin products floors changes current source pins without inventing installed evidence
2026-10-09T19:44:37.7258142Z   ---
2026-10-09T19:44:37.7258399Z   duration_ms: 1118.262079
2026-10-09T19:44:37.7258653Z   type: 'test'
2026-10-09T19:44:37.7258854Z   ...
2026-10-09T19:44:37.7314127Z # Subtest: Array dispatch archives retain exact installed packages and ten measured C rows
2026-10-09T19:44:37.7315378Z ok 8 - Array dispatch archives retain exact installed packages and ten measured C rows
2026-10-09T19:44:37.7315661Z   ---
2026-10-09T19:44:37.7315829Z   duration_ms: 6.01768
2026-10-09T19:44:37.7315978Z   type: 'test'
2026-10-09T19:44:37.7316100Z   ...
2026-10-09T19:44:37.7362465Z # Subtest: Array dispatch evidence refuses missing positions, false counters and inherited C++ dispatch
2026-10-09T19:44:37.7366360Z ok 9 - Array dispatch evidence refuses missing positions, false counters and inherited C++ dispatch
2026-10-09T19:44:37.7366966Z   ---
2026-10-09T19:44:37.7367520Z   duration_ms: 4.589034
2026-10-09T19:44:37.7367735Z   type: 'test'
2026-10-09T19:44:37.7367930Z   ...
2026-10-09T19:44:37.7394608Z # Subtest: Array product archives retain exact installed C/C++ results and unmeasured dispatch
2026-10-09T19:44:37.7395253Z ok 10 - Array product archives retain exact installed C/C++ results and unmeasured dispatch
2026-10-09T19:44:37.7395520Z   ---
2026-10-09T19:44:37.7395696Z   duration_ms: 3.310156
2026-10-09T19:44:37.7395837Z   type: 'test'
2026-10-09T19:44:37.7395955Z   ...
2026-10-09T19:44:37.7405102Z # Subtest: the product follow-up preserves all five fresh-Lean refusal results
2026-10-09T19:44:37.7405786Z ok 11 - the product follow-up preserves all five fresh-Lean refusal results
2026-10-09T19:44:37.7406338Z   ---
2026-10-09T19:44:37.7406893Z   duration_ms: 1.114993
2026-10-09T19:44:37.7407125Z   type: 'test'
2026-10-09T19:44:37.7407335Z   ...
2026-10-09T19:44:37.7454083Z # Subtest: C/C++ product archives bind both source paths to exact bounds and measured dispatch
2026-10-09T19:44:37.7455232Z ok 12 - C/C++ product archives bind both source paths to exact bounds and measured dispatch
2026-10-09T19:44:37.7455715Z   ---
2026-10-09T19:44:37.7456001Z   duration_ms: 4.78461
2026-10-09T19:44:37.7456308Z   type: 'test'
2026-10-09T19:44:37.7456517Z   ...
2026-10-09T19:44:37.7523043Z # Subtest: PHP-safe product names preserve every original bound and independently reviewed site
2026-10-09T19:44:37.7523915Z ok 13 - PHP-safe product names preserve every original bound and independently reviewed site
2026-10-09T19:44:37.7525052Z   ---
2026-10-09T19:44:37.7525277Z   duration_ms: 6.738277
2026-10-09T19:44:37.7525503Z   type: 'test'
2026-10-09T19:44:37.7525678Z   ...
2026-10-09T19:44:37.8216642Z # Subtest: product logs retain the failed baseline review and the corrected run with four mismatches
2026-10-09T19:44:37.8217675Z ok 14 - product logs retain the failed baseline review and the corrected run with four mismatches
2026-10-09T19:44:37.8218694Z   ---
2026-10-09T19:44:37.8219004Z   duration_ms: 1.841869
2026-10-09T19:44:37.8219237Z   type: 'test'
2026-10-09T19:44:37.8235211Z   ...
2026-10-09T19:44:37.8236183Z # Subtest: native refinement trees keep both product components and both Except branches
2026-10-09T19:44:37.8236967Z ok 15 - native refinement trees keep both product components and both Except branches
2026-10-09T19:44:37.8237424Z   ---
2026-10-09T19:44:37.8237662Z   duration_ms: 21.056862
2026-10-09T19:44:37.8238229Z   type: 'test'
2026-10-09T19:44:37.8238418Z   ...
2026-10-09T19:44:37.8238860Z # Subtest: documentation paths name product components and the active Except branch
2026-10-09T19:44:37.8239476Z ok 16 - documentation paths name product components and the active Except branch
2026-10-09T19:44:37.8239845Z   ---
2026-10-09T19:44:37.8240043Z   duration_ms: 2.53161
2026-10-09T19:44:37.8240245Z   type: 'test'
2026-10-09T19:44:37.8240427Z   ...
2026-10-09T19:44:37.8240933Z # Subtest: the independent product review passes reviewed admission and states every compiled bound
2026-10-09T19:44:37.8241626Z ok 17 - the independent product review passes reviewed admission and states every compiled bound
2026-10-09T19:44:37.8242022Z   ---
2026-10-09T19:44:37.8242220Z   duration_ms: 8.573316
2026-10-09T19:44:37.8242430Z   type: 'test'
2026-10-09T19:44:37.8242610Z   ...
2026-10-09T19:44:37.8243041Z # Subtest: generated host documentation lists product and Except bound paths
2026-10-09T19:44:37.8243604Z ok 18 - generated host documentation lists product and Except bound paths
2026-10-09T19:44:37.8243935Z   ---
2026-10-09T19:44:37.8244092Z   duration_ms: 11.421594
2026-10-09T19:44:37.8244226Z   type: 'test'
2026-10-09T19:44:37.8244543Z   ...
2026-10-09T19:44:37.8245005Z # Subtest: the installed WIT patterns match the WIT generated from the fixture's compiler model
2026-10-09T19:44:37.8245430Z ok 19 - the installed WIT patterns match the WIT generated from the fixture's compiler model
2026-10-09T19:44:37.8245667Z   ---
2026-10-09T19:44:37.8245784Z   duration_ms: 10.773806
2026-10-09T19:44:37.8245972Z   type: 'test'
2026-10-09T19:44:37.8246142Z   ...
2026-10-09T19:44:37.8246643Z # Subtest: C adapters compare both components and only the active branch on caller limbs before Lean runs
2026-10-09T19:44:37.8247412Z ok 20 - C adapters compare both components and only the active branch on caller limbs before Lean runs
2026-10-09T19:44:37.8247804Z   ---
2026-10-09T19:44:37.8247990Z   duration_ms: 5.113936
2026-10-09T19:44:37.8248204Z   type: 'test'
2026-10-09T19:44:37.8248379Z   ...
2026-10-09T19:44:37.8248913Z # Subtest: Lean adapters construct every Fin of both components and the active branch before one source call
2026-10-09T19:44:37.8249690Z ok 21 - Lean adapters construct every Fin of both components and the active branch before one source call
2026-10-09T19:44:37.8250102Z   ---
2026-10-09T19:44:37.8250285Z   duration_ms: 2.585
2026-10-09T19:44:37.8250471Z   type: 'test'
2026-10-09T19:44:37.8250657Z   ...
2026-10-09T19:44:37.8251064Z # Subtest: Perl XS walks both components and the active branch, naming each path
2026-10-09T19:44:37.8251638Z ok 22 - Perl XS walks both components and the active branch, naming each path
2026-10-09T19:44:37.8251957Z   ---
2026-10-09T19:44:37.8252136Z   duration_ms: 2.480583
2026-10-09T19:44:37.8252335Z   type: 'test'
2026-10-09T19:44:37.8252504Z   ...
2026-10-09T19:44:37.8252920Z # Subtest: reviewed product and Except bounds must equal the freshly compiled tree
2026-10-09T19:44:37.8253526Z ok 23 - reviewed product and Except bounds must equal the freshly compiled tree
2026-10-09T19:44:37.8253874Z   ---
2026-10-09T19:44:37.8254070Z   duration_ms: 2.408224
2026-10-09T19:44:37.8254269Z   type: 'test'
2026-10-09T19:44:37.8254643Z   ...
2026-10-09T19:44:37.8255021Z # Subtest: every native profile has a Fin product consumer and a target
2026-10-09T19:44:37.8255534Z ok 24 - every native profile has a Fin product consumer and a target
2026-10-09T19:44:37.8256074Z   ---
2026-10-09T19:44:37.8256268Z   duration_ms: 1.933087
2026-10-09T19:44:37.8256467Z   type: 'test'
2026-10-09T19:44:37.8256635Z   ...
2026-10-09T19:45:47.7586017Z # Subtest: relocated source-free native packages check Fin inside products and the active Except branch
2026-10-09T19:45:47.7587483Z ok 25 - relocated source-free native packages check Fin inside products and the active Except branch
2026-10-09T19:45:47.7587926Z   ---
2026-10-09T19:45:47.7589401Z   duration_ms: 69934.568688
2026-10-09T19:45:47.7589578Z   type: 'test'
2026-10-09T19:45:47.7589923Z   ...
2026-10-09T19:45:47.7590134Z # build 0: dotnet
2026-10-09T19:45:47.7590322Z # installing and checking dotnet
2026-10-09T19:45:47.7590484Z # build 1: dotnet
2026-10-09T19:46:54.8773406Z # Subtest: independently reviewed native packages check product and Except bounds after source-free installation
2026-10-09T19:46:54.8777275Z ok 26 - independently reviewed native packages check product and Except bounds after source-free installation
2026-10-09T19:46:54.8777848Z   ---
2026-10-09T19:46:54.8778072Z   duration_ms: 67118.821032
2026-10-09T19:46:54.8778293Z   type: 'test'
2026-10-09T19:46:54.8778467Z   ...
2026-10-09T19:46:54.8778660Z # build 0: dotnet
2026-10-09T19:46:54.8778924Z # installing and checking dotnet
2026-10-09T19:46:54.8779171Z # build 1: dotnet
2026-10-09T19:46:54.8779753Z # Subtest: the independent product review passes reviewed admission, and changed bounds are refused against fresh Lean
2026-10-09T19:46:54.8780611Z ok 27 - the independent product review passes reviewed admission, and changed bounds are refused against fresh Lean # SKIP
2026-10-09T19:46:54.8781061Z   ---
2026-10-09T19:46:54.8781249Z   duration_ms: 0.164138
2026-10-09T19:46:54.8781459Z   type: 'test'
2026-10-09T19:46:54.8781641Z   ...
2026-10-09T19:46:54.9007173Z 1..27
2026-10-09T19:46:54.9007427Z # tests 27
2026-10-09T19:46:54.9007607Z # suites 0
2026-10-09T19:46:54.9007793Z # pass 26
2026-10-09T19:46:54.9007981Z # fail 0
2026-10-09T19:46:54.9008163Z # cancelled 0
2026-10-09T19:46:54.9008403Z # skipped 1
2026-10-09T19:46:54.9008577Z # todo 0
2026-10-09T19:46:54.9008819Z # duration_ms 142338.154551
2026-10-09T19:46:54.9346298Z TAP version 13
2026-10-09T19:46:55.7171328Z # Subtest: Fin product arrays authenticates each exact source predecessor
2026-10-09T19:46:55.7173940Z ok 1 - Fin product arrays authenticates each exact source predecessor
2026-10-09T19:46:55.7174307Z   ---
2026-10-09T19:46:55.7174679Z   duration_ms: 580.647041
2026-10-09T19:46:55.7174977Z   type: 'test'
2026-10-09T19:46:55.7175184Z   ...
2026-10-09T19:46:56.8951866Z # Subtest: Fin product arrays changes current source pins without inventing installed evidence
2026-10-09T19:46:56.8955439Z ok 2 - Fin product arrays changes current source pins without inventing installed evidence
2026-10-09T19:46:56.8955850Z   ---
2026-10-09T19:46:56.8956073Z   duration_ms: 1132.446294
2026-10-09T19:46:56.8956295Z   type: 'test'
2026-10-09T19:46:56.8956473Z   ...
2026-10-09T19:46:56.8956973Z # Subtest: an array directly over a product keeps the component bound and only the error-branch bound
2026-10-09T19:46:56.8957863Z ok 3 - an array directly over a product keeps the component bound and only the error-branch bound
2026-10-09T19:46:56.8958317Z   ---
2026-10-09T19:46:56.8958531Z   duration_ms: 23.811301
2026-10-09T19:46:56.8958777Z   type: 'test'
2026-10-09T19:46:56.8958961Z   ...
2026-10-09T19:46:56.8959558Z # Subtest: C adapters compare every element's component and active error branch on caller limbs before Lean runs
2026-10-09T19:46:56.8960459Z ok 4 - C adapters compare every element's component and active error branch on caller limbs before Lean runs
2026-10-09T19:46:56.8961182Z   ---
2026-10-09T19:46:56.8961559Z   duration_ms: 5.705537
2026-10-09T19:46:56.8962001Z   type: 'test'
2026-10-09T19:46:56.8962238Z   ...
2026-10-09T19:46:56.8962686Z # Subtest: Lean adapters construct Fin for every element before one source call
2026-10-09T19:46:56.8963278Z ok 5 - Lean adapters construct Fin for every element before one source call
2026-10-09T19:46:56.8964017Z   ---
2026-10-09T19:46:56.8964222Z   duration_ms: 5.22346
2026-10-09T19:46:56.8964568Z   type: 'test'
2026-10-09T19:46:56.8964753Z   ...
2026-10-09T19:46:56.8965198Z # Subtest: Perl XS names the element index, the component and the active branch
2026-10-09T19:46:56.8979351Z ok 6 - Perl XS names the element index, the component and the active branch
2026-10-09T19:46:56.8979718Z   ---
2026-10-09T19:46:56.8979926Z   duration_ms: 3.627723
2026-10-09T19:46:56.8980132Z   type: 'test'
2026-10-09T19:46:56.8980309Z   ...
2026-10-09T19:46:56.8981143Z # Subtest: the independent array review passes reviewed admission and equals the compiled trees
2026-10-09T19:46:56.8981871Z ok 7 - the independent array review passes reviewed admission and equals the compiled trees
2026-10-09T19:46:56.8982281Z   ---
2026-10-09T19:46:56.8982483Z   duration_ms: 2.363095
2026-10-09T19:46:56.8982693Z   type: 'test'
2026-10-09T19:46:56.8982885Z   ...
2026-10-09T19:46:56.8983311Z # Subtest: reviewed array bounds and positions must equal the freshly compiled tree
2026-10-09T19:46:56.8983918Z ok 8 - reviewed array bounds and positions must equal the freshly compiled tree
2026-10-09T19:46:56.8984264Z   ---
2026-10-09T19:46:56.8984599Z   duration_ms: 4.601271
2026-10-09T19:46:56.8984801Z   type: 'test'
2026-10-09T19:46:56.8984977Z   ...
2026-10-09T19:46:56.8985381Z # Subtest: every native profile has a Fin product array consumer and a target
2026-10-09T19:46:56.8985951Z ok 9 - every native profile has a Fin product array consumer and a target
2026-10-09T19:46:56.8986296Z   ---
2026-10-09T19:46:56.8986494Z   duration_ms: 1.419602
2026-10-09T19:46:56.8986699Z   type: 'test'
2026-10-09T19:46:56.8986875Z   ...
2026-10-09T19:46:57.0930832Z # Subtest: the C consumer passes a faithful stand-in and fails one that rewrites the rejected leaf
2026-10-09T19:46:57.0931649Z ok 10 - the C consumer passes a faithful stand-in and fails one that rewrites the rejected leaf
2026-10-09T19:46:57.0932065Z   ---
2026-10-09T19:46:57.0932323Z   duration_ms: 195.734179
2026-10-09T19:46:57.0932540Z   type: 'test'
2026-10-09T19:46:57.0932722Z   ...
2026-10-09T19:48:01.8996068Z # Subtest: relocated source-free native packages check Fin inside every element of an array of products
2026-10-09T19:48:01.8999098Z ok 11 - relocated source-free native packages check Fin inside every element of an array of products
2026-10-09T19:48:01.8999569Z   ---
2026-10-09T19:48:01.8999784Z   duration_ms: 64806.831951
2026-10-09T19:48:01.9000031Z   type: 'test'
2026-10-09T19:48:01.9000223Z   ...
2026-10-09T19:48:01.9000469Z # build 0: dotnet
2026-10-09T19:48:01.9003523Z # installing and checking dotnet
2026-10-09T19:48:01.9012636Z # build 1: dotnet
2026-10-09T19:49:06.7435449Z # Subtest: independently reviewed native packages check array-of-product bounds after source-free installation
2026-10-09T19:49:06.7436382Z ok 12 - independently reviewed native packages check array-of-product bounds after source-free installation
2026-10-09T19:49:06.7436853Z   ---
2026-10-09T19:49:06.7437106Z   duration_ms: 64844.053967
2026-10-09T19:49:06.7437334Z   type: 'test'
2026-10-09T19:49:06.7437510Z   ...
2026-10-09T19:49:06.7437924Z # build 0: dotnet
2026-10-09T19:49:06.7459002Z # installing and checking dotnet
2026-10-09T19:49:06.7459483Z # build 1: dotnet
2026-10-09T19:49:06.7460212Z # Subtest: changed array-of-product reviews are refused against fresh Lean before any output
2026-10-09T19:49:06.7461203Z ok 13 - changed array-of-product reviews are refused against fresh Lean before any output # SKIP
2026-10-09T19:49:06.7461839Z   ---
2026-10-09T19:49:06.7462122Z   duration_ms: 0.127312
2026-10-09T19:49:06.7462299Z   type: 'test'
2026-10-09T19:49:06.7462418Z   ...
2026-10-09T19:49:06.7640499Z 1..13
2026-10-09T19:49:06.7640704Z # tests 13
2026-10-09T19:49:06.7640882Z # suites 0
2026-10-09T19:49:06.7641051Z # pass 12
2026-10-09T19:49:06.7641217Z # fail 0
2026-10-09T19:49:06.7641389Z # cancelled 0
2026-10-09T19:49:06.7641571Z # skipped 1
2026-10-09T19:49:06.7641767Z # todo 0
2026-10-09T19:49:06.7642411Z # duration_ms 131837.397191
2026-10-09T19:49:06.7956230Z TAP version 13
2026-10-09T19:49:07.6350327Z # Subtest: Native Fin records authenticates each exact source predecessor
2026-10-09T19:49:07.6353384Z ok 1 - Native Fin records authenticates each exact source predecessor
2026-10-09T19:49:07.6353745Z   ---
2026-10-09T19:49:07.6353970Z   duration_ms: 574.633317
2026-10-09T19:49:07.6354188Z   type: 'test'
2026-10-09T19:49:07.6354384Z   ...
2026-10-09T19:49:08.9944628Z # Subtest: Native Fin records changes current source pins without inventing installed evidence
2026-10-09T19:49:08.9945836Z ok 2 - Native Fin records changes current source pins without inventing installed evidence
2026-10-09T19:49:08.9946156Z   ---
2026-10-09T19:49:08.9946357Z   duration_ms: 1359.384995
2026-10-09T19:49:08.9946554Z   type: 'test'
2026-10-09T19:49:08.9946724Z   ...
2026-10-09T19:49:09.4903555Z # Subtest: native Fin promotion authenticates each exact source predecessor
2026-10-09T19:49:09.4905060Z ok 3 - native Fin promotion authenticates each exact source predecessor
2026-10-09T19:49:09.4906611Z   ---
2026-10-09T19:49:09.4906825Z   duration_ms: 495.782851
2026-10-09T19:49:09.4907027Z   type: 'test'
2026-10-09T19:49:09.4907150Z   ...
2026-10-09T19:49:09.5033103Z # Subtest: PHP-safe product name authenticates each exact source predecessor
2026-10-09T19:49:09.5033771Z ok 4 - PHP-safe product name authenticates each exact source predecessor
2026-10-09T19:49:09.5034100Z   ---
2026-10-09T19:49:09.5034299Z   duration_ms: 12.894294
2026-10-09T19:49:09.5034639Z   type: 'test'
2026-10-09T19:49:09.5034804Z   ...
2026-10-09T19:49:09.8561957Z # Subtest: Fin record WIT formatting authenticates each exact source predecessor
2026-10-09T19:49:09.8562697Z ok 5 - Fin record WIT formatting authenticates each exact source predecessor
2026-10-09T19:49:09.8563034Z   ---
2026-10-09T19:49:09.8563260Z   duration_ms: 352.74204
2026-10-09T19:49:09.8563458Z   type: 'test'
2026-10-09T19:49:09.8563642Z   ...
2026-10-09T19:49:09.8614310Z # Subtest: WIT record evidence archive authenticates each exact source predecessor
2026-10-09T19:49:09.8615295Z ok 6 - WIT record evidence archive authenticates each exact source predecessor
2026-10-09T19:49:09.8615636Z   ---
2026-10-09T19:49:09.8615831Z   duration_ms: 5.384249
2026-10-09T19:49:09.8616030Z   type: 'test'
2026-10-09T19:49:09.8616200Z   ...
2026-10-09T19:49:09.8670036Z # Subtest: record archives bind the expanded frozen fixture, original packages and C dispatch
2026-10-09T19:49:09.8670775Z ok 7 - record archives bind the expanded frozen fixture, original packages and C dispatch
2026-10-09T19:49:09.8671353Z   ---
2026-10-09T19:49:09.8671546Z   duration_ms: 5.820747
2026-10-09T19:49:09.8671754Z   type: 'test'
2026-10-09T19:49:09.8671923Z   ...
2026-10-09T19:49:09.8760390Z # Subtest: record evidence refuses lost compositions, false counters and inherited C++ dispatch
2026-10-09T19:49:09.8761162Z ok 8 - record evidence refuses lost compositions, false counters and inherited C++ dispatch
2026-10-09T19:49:09.8761593Z   ---
2026-10-09T19:49:09.8761805Z   duration_ms: 7.839562
2026-10-09T19:49:09.8762024Z   type: 'test'
2026-10-09T19:49:09.8762207Z   ...
2026-10-09T19:49:09.8790663Z # Subtest: Array dispatch archives retain exact installed packages and ten measured C rows
2026-10-09T19:49:09.8791482Z ok 9 - Array dispatch archives retain exact installed packages and ten measured C rows
2026-10-09T19:49:09.8791875Z   ---
2026-10-09T19:49:09.8792072Z   duration_ms: 3.894978
2026-10-09T19:49:09.8792277Z   type: 'test'
2026-10-09T19:49:09.8792419Z   ...
2026-10-09T19:49:09.8813781Z # Subtest: Array dispatch evidence refuses missing positions, false counters and inherited C++ dispatch
2026-10-09T19:49:09.8814895Z ok 10 - Array dispatch evidence refuses missing positions, false counters and inherited C++ dispatch
2026-10-09T19:49:09.8815538Z   ---
2026-10-09T19:49:09.8816063Z   duration_ms: 2.417645
2026-10-09T19:49:09.8816290Z   type: 'test'
2026-10-09T19:49:09.8816479Z   ...
2026-10-09T19:49:09.8833531Z # Subtest: Array product archives retain exact installed C/C++ results and unmeasured dispatch
2026-10-09T19:49:09.8834892Z ok 11 - Array product archives retain exact installed C/C++ results and unmeasured dispatch
2026-10-09T19:49:09.8835219Z   ---
2026-10-09T19:49:09.8835426Z   duration_ms: 1.975269
2026-10-09T19:49:09.8835596Z   type: 'test'
2026-10-09T19:49:09.8835716Z   ...
2026-10-09T19:49:09.8845208Z # Subtest: the product follow-up preserves all five fresh-Lean refusal results
2026-10-09T19:49:09.8845905Z ok 12 - the product follow-up preserves all five fresh-Lean refusal results
2026-10-09T19:49:09.8846125Z   ---
2026-10-09T19:49:09.8846260Z   duration_ms: 0.866537
2026-10-09T19:49:09.8846398Z   type: 'test'
2026-10-09T19:49:09.8846513Z   ...
2026-10-09T19:49:09.8873506Z # Subtest: C/C++ product archives bind both source paths to exact bounds and measured dispatch
2026-10-09T19:49:09.8874328Z ok 13 - C/C++ product archives bind both source paths to exact bounds and measured dispatch
2026-10-09T19:49:09.8874909Z   ---
2026-10-09T19:49:09.8875082Z   duration_ms: 3.120466
2026-10-09T19:49:09.8875222Z   type: 'test'
2026-10-09T19:49:09.8875337Z   ...
2026-10-09T19:49:09.8937845Z # Subtest: PHP-safe product names preserve every original bound and independently reviewed site
2026-10-09T19:49:09.8939734Z ok 14 - PHP-safe product names preserve every original bound and independently reviewed site
2026-10-09T19:49:09.8940129Z   ---
2026-10-09T19:49:09.8940338Z   duration_ms: 6.412119
2026-10-09T19:49:09.8940541Z   type: 'test'
2026-10-09T19:49:09.8940712Z   ...
2026-10-09T19:49:09.8950511Z # Subtest: product logs retain the failed baseline review and the corrected run with four mismatches
2026-10-09T19:49:09.8951201Z ok 15 - product logs retain the failed baseline review and the corrected run with four mismatches
2026-10-09T19:49:09.8951493Z   ---
2026-10-09T19:49:09.8951634Z   duration_ms: 1.109343
2026-10-09T19:49:09.8951784Z   type: 'test'
2026-10-09T19:49:09.8951904Z   ...
2026-10-09T19:49:12.7686219Z # Subtest: native Fin promotion retains all eight original reports and artifact identities
2026-10-09T19:49:12.7687009Z ok 16 - native Fin promotion retains all eight original reports and artifact identities
2026-10-09T19:49:12.7687340Z   ---
2026-10-09T19:49:12.7687558Z   duration_ms: 2872.808846
2026-10-09T19:49:12.7687830Z   type: 'test'
2026-10-09T19:49:12.7688019Z   ...
2026-10-09T19:49:15.8963883Z # Subtest: native Fin promotion changes four field cells and supplements eight structural cells only
2026-10-09T19:49:15.8965054Z ok 17 - native Fin promotion changes four field cells and supplements eight structural cells only
2026-10-09T19:49:15.8965492Z   ---
2026-10-09T19:49:15.8965725Z   duration_ms: 3072.757987
2026-10-09T19:49:15.8973844Z   type: 'test'
2026-10-09T19:49:15.8974040Z   ...
2026-10-09T19:49:15.8974616Z # Subtest: Fin record WIT assertions accept compact and multiline trailing-comma layouts
2026-10-09T19:49:15.8975209Z ok 18 - Fin record WIT assertions accept compact and multiline trailing-comma layouts
2026-10-09T19:49:15.8975562Z   ---
2026-10-09T19:49:15.8975753Z   duration_ms: 54.5522
2026-10-09T19:49:15.8975944Z   type: 'test'
2026-10-09T19:49:15.8976112Z   ...
2026-10-09T19:49:15.8976534Z # Subtest: actual wasm-tools Fin record round trip preserves strict signature assertions
2026-10-09T19:49:15.8977165Z ok 19 - actual wasm-tools Fin record round trip preserves strict signature assertions # SKIP
2026-10-09T19:49:15.8977539Z   ---
2026-10-09T19:49:15.8977758Z   duration_ms: 0.460765
2026-10-09T19:49:15.8977974Z   type: 'test'
2026-10-09T19:49:15.8978153Z   ...
2026-10-09T19:49:15.9049485Z # Subtest: WIT record evidence authenticates both source routes, exact fixture trees and seven original artifacts
2026-10-09T19:49:15.9050346Z ok 20 - WIT record evidence authenticates both source routes, exact fixture trees and seven original artifacts
2026-10-09T19:49:15.9050640Z   ---
2026-10-09T19:49:15.9050780Z   duration_ms: 8.702809
2026-10-09T19:49:15.9050912Z   type: 'test'
2026-10-09T19:49:15.9051024Z   ...
2026-10-09T19:49:15.9090931Z # Subtest: WIT record execution retains measured tools and separates failed hosted acceptance
2026-10-09T19:49:15.9091579Z ok 21 - WIT record execution retains measured tools and separates failed hosted acceptance
2026-10-09T19:49:15.9091894Z   ---
2026-10-09T19:49:15.9092089Z   duration_ms: 4.249216
2026-10-09T19:49:15.9092216Z   type: 'test'
2026-10-09T19:49:15.9375938Z   ...
2026-10-09T19:49:15.9376570Z # Subtest: WIT record report checks reject changed bounds, provenance, isolation and invented dispatch
2026-10-09T19:49:15.9378042Z ok 22 - WIT record report checks reject changed bounds, provenance, isolation and invented dispatch
2026-10-09T19:49:15.9378598Z   ---
2026-10-09T19:49:15.9405438Z   duration_ms: 28.057999
2026-10-09T19:49:15.9435069Z   type: 'test'
2026-10-09T19:49:15.9435548Z   ...
2026-10-09T19:49:16.0676474Z # Subtest: WIT execution validation rejects missing, skipped, cancelled or misidentified runs
2026-10-09T19:49:16.0706558Z ok 23 - WIT execution validation rejects missing, skipped, cancelled or misidentified runs
2026-10-09T19:49:16.0735462Z   ---
2026-10-09T19:49:16.0761065Z   duration_ms: 29.850301
2026-10-09T19:49:16.0761378Z   type: 'test'
2026-10-09T19:49:16.0761575Z   ...
2026-10-09T19:49:16.0762120Z # Subtest: record and variant fields carry their bounds in site trees and per-definition Binding IR
2026-10-09T19:49:16.0762767Z ok 24 - record and variant fields carry their bounds in site trees and per-definition Binding IR
2026-10-09T19:49:16.0763100Z   ---
2026-10-09T19:49:16.0763322Z   duration_ms: 28.369789
2026-10-09T19:49:16.0763551Z   type: 'test'
2026-10-09T19:49:16.0763668Z   ...
2026-10-09T19:49:16.0763988Z # Subtest: C adapters check record fields and only the active variant case on caller limbs before Lean runs
2026-10-09T19:49:16.0764746Z ok 25 - C adapters check record fields and only the active variant case on caller limbs before Lean runs
2026-10-09T19:49:16.0765084Z   ---
2026-10-09T19:49:16.0765283Z   duration_ms: 10.833382
2026-10-09T19:49:16.0765569Z   type: 'test'
2026-10-09T19:49:16.0765751Z   ...
2026-10-09T19:49:16.0766261Z # Subtest: Lean adapters pass refined records and variants as erased mirrors checked once before one source call
2026-10-09T19:49:16.0766932Z ok 26 - Lean adapters pass refined records and variants as erased mirrors checked once before one source call
2026-10-09T19:49:16.0767277Z   ---
2026-10-09T19:49:16.0767477Z   duration_ms: 7.773319
2026-10-09T19:49:16.0767666Z   type: 'test'
2026-10-09T19:49:16.0767864Z   ...
2026-10-09T19:49:16.0768212Z # Subtest: records and variants without bounds keep their helpers byte for byte
2026-10-09T19:49:16.0768732Z ok 27 - records and variants without bounds keep their helpers byte for byte
2026-10-09T19:49:16.0769021Z   ---
2026-10-09T19:49:16.0769218Z   duration_ms: 1.176404
2026-10-09T19:49:16.0769481Z   type: 'test'
2026-10-09T19:49:16.0769662Z   ...
2026-10-09T19:49:16.0770085Z # Subtest: Perl XS walks record fields and the active case, naming each path
2026-10-09T19:49:16.0770576Z ok 28 - Perl XS walks record fields and the active case, naming each path
2026-10-09T19:49:16.0770875Z   ---
2026-10-09T19:49:16.0771072Z   duration_ms: 10.327479
2026-10-09T19:49:16.0771331Z   type: 'test'
2026-10-09T19:49:16.0771510Z   ...
2026-10-09T19:49:16.0771973Z # Subtest: hosts reading only the Binding IR document record and variant bounds from their definitions
2026-10-09T19:49:16.0772593Z ok 29 - hosts reading only the Binding IR document record and variant bounds from their definitions
2026-10-09T19:49:16.0772921Z   ---
2026-10-09T19:49:16.0773119Z   duration_ms: 11.52849
2026-10-09T19:49:16.0773374Z   type: 'test'
2026-10-09T19:49:16.0773555Z   ...
2026-10-09T19:49:16.0774028Z # Subtest: the independent record review passes reviewed admission and equals the compiled contract
2026-10-09T19:49:16.0774740Z ok 30 - the independent record review passes reviewed admission and equals the compiled contract
2026-10-09T19:49:16.0775168Z   ---
2026-10-09T19:49:16.0775363Z   duration_ms: 10.238625
2026-10-09T19:49:16.0776057Z   type: 'test'
2026-10-09T19:49:16.0776248Z   ...
2026-10-09T19:49:16.0776711Z # Subtest: reviewed record and variant field bounds must equal the freshly compiled definitions
2026-10-09T19:49:16.0777304Z ok 31 - reviewed record and variant field bounds must equal the freshly compiled definitions
2026-10-09T19:49:16.0777621Z   ---
2026-10-09T19:49:16.0777813Z   duration_ms: 17.29233
2026-10-09T19:49:16.0778089Z   type: 'test'
2026-10-09T19:49:16.0778272Z   ...
2026-10-09T19:49:16.0805814Z # Subtest: every native profile has a Fin record consumer and a target
2026-10-09T19:49:16.0807037Z ok 32 - every native profile has a Fin record consumer and a target
2026-10-09T19:49:16.0807395Z   ---
2026-10-09T19:49:16.0807588Z   duration_ms: 13.78439
2026-10-09T19:49:16.0807717Z   type: 'test'
2026-10-09T19:49:16.0807917Z   ...
2026-10-09T19:50:25.9120973Z # Subtest: relocated source-free native packages check Fin inside record fields and the active variant case
2026-10-09T19:50:25.9122064Z ok 33 - relocated source-free native packages check Fin inside record fields and the active variant case
2026-10-09T19:50:25.9122644Z   ---
2026-10-09T19:50:25.9122876Z   duration_ms: 69832.494114
2026-10-09T19:50:25.9123096Z   type: 'test'
2026-10-09T19:50:25.9123246Z   ...
2026-10-09T19:50:25.9123486Z # build 0: dotnet
2026-10-09T19:50:25.9123744Z # installing and checking dotnet
2026-10-09T19:50:25.9124042Z # build 1: dotnet
2026-10-09T19:51:34.8352959Z # Subtest: independently reviewed native packages check record and variant field bounds after source-free installation
2026-10-09T19:51:34.8353935Z ok 34 - independently reviewed native packages check record and variant field bounds after source-free installation
2026-10-09T19:51:34.8354591Z   ---
2026-10-09T19:51:34.8354867Z   duration_ms: 68923.429613
2026-10-09T19:51:34.8355090Z   type: 'test'
2026-10-09T19:51:34.8355275Z   ...
2026-10-09T19:51:34.8355478Z # build 0: dotnet
2026-10-09T19:51:34.8355733Z # installing and checking dotnet
2026-10-09T19:51:34.8355990Z # build 1: dotnet
2026-10-09T19:51:34.8356467Z # Subtest: changed record and variant reviews are refused against fresh Lean before any output
2026-10-09T19:51:34.8357179Z ok 35 - changed record and variant reviews are refused against fresh Lean before any output # SKIP
2026-10-09T19:51:34.8357567Z   ---
2026-10-09T19:51:34.8357764Z   duration_ms: 0.145049
2026-10-09T19:51:34.8357971Z   type: 'test'
2026-10-09T19:51:34.8358138Z   ...
2026-10-09T19:51:34.8574022Z 1..35
2026-10-09T19:51:34.8574269Z # tests 35
2026-10-09T19:51:34.8574530Z # suites 0
2026-10-09T19:51:34.8574735Z # pass 33
2026-10-09T19:51:34.8582891Z # fail 0
2026-10-09T19:51:34.8583105Z # cancelled 0
2026-10-09T19:51:34.8583310Z # skipped 2
2026-10-09T19:51:34.8583508Z # todo 0
2026-10-09T19:51:34.8583759Z # duration_ms 148069.080862
2026-10-09T19:51:34.8896868Z TAP version 13
2026-10-09T19:51:35.4756220Z # Subtest: Subtype alias position authenticates each exact source predecessor
2026-10-09T19:51:35.4759917Z ok 1 - Subtype alias position authenticates each exact source predecessor
2026-10-09T19:51:35.4760346Z   ---
2026-10-09T19:51:35.4760556Z   duration_ms: 403.250045
2026-10-09T19:51:35.4760785Z   type: 'test'
2026-10-09T19:51:35.4760970Z   ...
2026-10-09T19:51:35.8299545Z # Subtest: Subtype XS archive authenticates each exact source predecessor
2026-10-09T19:51:35.8300175Z ok 2 - Subtype XS archive authenticates each exact source predecessor
2026-10-09T19:51:35.8300492Z   ---
2026-10-09T19:51:35.8300690Z   duration_ms: 354.161476
2026-10-09T19:51:35.8300898Z   type: 'test'
2026-10-09T19:51:35.8301082Z   ...
2026-10-09T19:51:36.2301264Z # Subtest: Checked-record admission authenticates each exact source predecessor
2026-10-09T19:51:36.2301710Z ok 3 - Checked-record admission authenticates each exact source predecessor
2026-10-09T19:51:36.2302050Z   ---
2026-10-09T19:51:36.2302206Z   duration_ms: 399.952056
2026-10-09T19:51:36.2302347Z   type: 'test'
2026-10-09T19:51:36.2302464Z   ...
2026-10-09T19:51:36.2469896Z # Subtest: archived Subtype XS remains readable without a PATH-provided decompressor
2026-10-09T19:51:36.2470966Z ok 4 - archived Subtype XS remains readable without a PATH-provided decompressor
2026-10-09T19:51:36.2479831Z   ---
2026-10-09T19:51:36.2480785Z   duration_ms: 14.710073
2026-10-09T19:51:36.2481499Z   type: 'test'
2026-10-09T19:51:36.2481648Z   ...
2026-10-09T19:51:36.2481937Z # Subtest: native types admit Subtype only at a top-level site over a primitive base
2026-10-09T19:51:36.2482310Z ok 5 - native types admit Subtype only at a top-level site over a primitive base
2026-10-09T19:51:36.2482731Z   ---
2026-10-09T19:51:36.2482864Z   duration_ms: 1.310032
2026-10-09T19:51:36.2482999Z   type: 'test'
2026-10-09T19:51:36.2483117Z   ...
2026-10-09T19:51:36.2483490Z # Subtest: Lean adapters construct each Subtype through its checked constructor and export one validator per checked parameter
2026-10-09T19:51:36.2484033Z ok 6 - Lean adapters construct each Subtype through its checked constructor and export one validator per checked parameter
2026-10-09T19:51:36.2484335Z   ---
2026-10-09T19:51:36.2484625Z   duration_ms: 1.27633
2026-10-09T19:51:36.2484776Z   type: 'test'
2026-10-09T19:51:36.2484896Z   ...
2026-10-09T19:51:36.2489099Z # Subtest: every native profile has a Subtype consumer
2026-10-09T19:51:36.2489543Z ok 7 - every native profile has a Subtype consumer
2026-10-09T19:51:36.2489828Z   ---
2026-10-09T19:51:36.2499215Z   duration_ms: 1.116808
2026-10-09T19:51:36.2499914Z   type: 'test'
2026-10-09T19:51:36.2500135Z   ...
2026-10-09T19:51:36.2500647Z # Subtest: native builds reject Subtype outside top-level sites and without a constructor
2026-10-09T19:51:36.2501350Z ok 8 - native builds reject Subtype outside top-level sites and without a constructor # SKIP
2026-10-09T19:51:36.2501747Z   ---
2026-10-09T19:51:36.2501963Z   duration_ms: 0.281265
2026-10-09T19:51:36.2502172Z   type: 'test'
2026-10-09T19:51:36.2502358Z   ...
2026-10-09T19:52:41.7261570Z # Subtest: relocated source-free native packages run author-checked constructors at every refined site
2026-10-09T19:52:41.7263646Z ok 9 - relocated source-free native packages run author-checked constructors at every refined site
2026-10-09T19:52:41.7264009Z   ---
2026-10-09T19:52:41.7264271Z   duration_ms: 65477.447131
2026-10-09T19:52:41.7264700Z   type: 'test'
2026-10-09T19:52:41.7264903Z   ...
2026-10-09T19:52:41.7265160Z # build 0: dotnet
2026-10-09T19:52:41.7265401Z # installing and checking dotnet
2026-10-09T19:52:41.7265797Z # build 1: dotnet
2026-10-09T19:52:41.7430721Z 1..9
2026-10-09T19:52:41.7430921Z # tests 9
2026-10-09T19:52:41.7431088Z # suites 0
2026-10-09T19:52:41.7431395Z # pass 8
2026-10-09T19:52:41.7431561Z # fail 0
2026-10-09T19:52:41.7433990Z # cancelled 0
2026-10-09T19:52:41.7434228Z # skipped 1
2026-10-09T19:52:41.7434570Z # todo 0
2026-10-09T19:52:41.7434833Z # duration_ms 66860.743234
2026-10-09T19:52:41.7776484Z TAP version 13
2026-10-09T19:54:09.5864770Z # Subtest: installed .NET variants preserve named constructors and runtime-only deployment
2026-10-09T19:54:09.5869687Z ok 1 - installed .NET variants preserve named constructors and runtime-only deployment
2026-10-09T19:54:09.5870610Z   ---
2026-10-09T19:54:09.5870824Z   duration_ms: 87651.251374
2026-10-09T19:54:09.5872815Z   type: 'test'
2026-10-09T19:54:09.5873214Z   ...
2026-10-09T19:54:09.5873513Z # ordinary-source: compiling named .NET variants
2026-10-09T19:54:09.5874024Z # ordinary-source: offline install without producer files or Lean/C compilers
2026-10-09T19:54:09.5877179Z # ordinary-source: 209519 public assertions, 152 injected failures and two runtime-only reruns passed
2026-10-09T19:54:09.5878704Z # reviewed-ir: compiling named .NET variants
2026-10-09T19:54:09.5879734Z # reviewed-ir: offline install without producer files or Lean/C compilers
2026-10-09T19:54:09.5881214Z # reviewed-ir: 209519 public assertions, 152 injected failures and two runtime-only reruns passed
2026-10-09T19:54:09.6003391Z 1..1
2026-10-09T19:54:09.6003619Z # tests 1
2026-10-09T19:54:09.6003747Z # suites 0
2026-10-09T19:54:09.6003934Z # pass 1
2026-10-09T19:54:09.6004749Z # fail 0
2026-10-09T19:54:09.6004948Z # cancelled 0
2026-10-09T19:54:09.6005081Z # skipped 0
2026-10-09T19:54:09.6005256Z # todo 0
2026-10-09T19:54:09.6005413Z # duration_ms 87829.778991
2026-10-09T19:54:09.6341751Z TAP version 13
2026-10-09T19:54:19.0765251Z # Subtest: generated C\# collection conversions validate copied values without loading Lean
2026-10-09T19:54:19.0770207Z ok 1 - generated C\# collection conversions validate copied values without loading Lean
2026-10-09T19:54:19.0770655Z   ---
2026-10-09T19:54:19.0777857Z   duration_ms: 9389.833032
2026-10-09T19:54:19.0778075Z   type: 'test'
2026-10-09T19:54:19.0778250Z   ...
2026-10-09T19:54:19.0778633Z # 21709 host-conversion checks, 97 rejections; no Lean library was loaded
2026-10-09T19:54:19.0843733Z 1..1
2026-10-09T19:54:19.0843959Z # tests 1
2026-10-09T19:54:19.0844141Z # suites 0
2026-10-09T19:54:19.0845318Z # pass 1
2026-10-09T19:54:19.0845776Z # fail 0
2026-10-09T19:54:19.0846136Z # cancelled 0
2026-10-09T19:54:19.0846761Z # skipped 0
2026-10-09T19:54:19.0847052Z # todo 0
2026-10-09T19:54:19.0847409Z # duration_ms 9457.916176
2026-10-09T19:54:19.1140515Z TAP version 13
2026-10-09T19:56:03.1357180Z # Subtest: installed .NET arrays and records preserve values on both source paths
2026-10-09T19:56:03.1361946Z ok 1 - installed .NET arrays and records preserve values on both source paths
2026-10-09T19:56:03.1362468Z   ---
2026-10-09T19:56:03.1362713Z   duration_ms: 103858.411137
2026-10-09T19:56:03.1363008Z   type: 'test'
2026-10-09T19:56:03.1363209Z   ...
2026-10-09T19:56:03.1363550Z # ordinary-source: compiling .NET collections
2026-10-09T19:56:03.1364229Z # ordinary-source: original offline NuGet package, typed callers, isolated failure probes and relocation
2026-10-09T19:56:03.1365171Z # ordinary-source: 660970 public assertions, 3364 calls, 551 injected failures
2026-10-09T19:56:03.1365998Z # reviewed-ir: compiling .NET collections
2026-10-09T19:56:03.1367025Z # reviewed-ir: original offline NuGet package, typed callers, isolated failure probes and relocation
2026-10-09T19:56:03.1371421Z # reviewed-ir: 660970 public assertions, 3364 calls, 551 injected failures
2026-10-09T19:56:03.1518970Z 1..1
2026-10-09T19:56:03.1519553Z # tests 1
2026-10-09T19:56:03.1519864Z # suites 0
2026-10-09T19:56:03.1520207Z # pass 1
2026-10-09T19:56:03.1520472Z # fail 0
2026-10-09T19:56:03.1520785Z # cancelled 0
2026-10-09T19:56:03.1521050Z # skipped 0
2026-10-09T19:56:03.1521332Z # todo 0
2026-10-09T19:56:03.1521677Z # duration_ms 104044.936906
2026-10-09T19:56:03.1852386Z TAP version 13
2026-10-09T19:56:06.0016443Z # Subtest: generated C\# values compare nested payloads and hash by value without loading Lean
2026-10-09T19:56:06.0023110Z ok 1 - generated C\# values compare nested payloads and hash by value without loading Lean
2026-10-09T19:56:06.0023457Z   ---
2026-10-09T19:56:06.0023648Z   duration_ms: 2762.822322
2026-10-09T19:56:06.0023793Z   type: 'test'
2026-10-09T19:56:06.0024004Z   ...
2026-10-09T19:56:06.0025074Z # 3246 public equality/hash checks across five generated C\# projections; no native library loaded
2026-10-09T19:56:06.0114813Z 1..1
2026-10-09T19:56:06.0115377Z # tests 1
2026-10-09T19:56:06.0115784Z # suites 0
2026-10-09T19:56:06.0116654Z # pass 1
2026-10-09T19:56:06.0117083Z # fail 0
2026-10-09T19:56:06.0117583Z # cancelled 0
2026-10-09T19:56:06.0118172Z # skipped 0
2026-10-09T19:56:06.0118401Z # todo 0
2026-10-09T19:56:06.0118792Z # duration_ms 2833.996799
2026-10-09T19:56:06.0428038Z TAP version 13
2026-10-09T19:56:06.8182271Z # Subtest: C\# recursive declarations preserve nominal edges, branch names and transparent aliases
2026-10-09T19:56:06.8183390Z ok 1 - C\# recursive declarations preserve nominal edges, branch names and transparent aliases
2026-10-09T19:56:06.8184060Z   ---
2026-10-09T19:56:06.8184388Z   duration_ms: 126.07079
2026-10-09T19:56:06.8184899Z   type: 'test'
2026-10-09T19:56:06.8185197Z   ...
2026-10-09T19:56:06.8185817Z # Subtest: C\# graph declarations reject name collisions and preserve distinct underscored cases
2026-10-09T19:56:06.8187104Z ok 2 - C\# graph declarations reject name collisions and preserve distinct underscored cases
2026-10-09T19:56:06.8187624Z   ---
2026-10-09T19:56:06.8187944Z   duration_ms: 304.148219
2026-10-09T19:56:06.8188273Z   type: 'test'
2026-10-09T19:56:06.8188562Z   ...
2026-10-09T19:56:06.8189115Z # Subtest: C\# aliases have bounded CLR expansion without inventing nominal wrappers
2026-10-09T19:56:06.8189849Z ok 3 - C\# aliases have bounded CLR expansion without inventing nominal wrappers
2026-10-09T19:56:06.8190316Z   ---
2026-10-09T19:56:06.8190798Z   duration_ms: 61.07599
2026-10-09T19:56:06.8191122Z   type: 'test'
2026-10-09T19:56:06.8191416Z   ...
2026-10-09T19:56:21.9579321Z # Subtest: C\# recursive types execute equality, hashing, patterns and bounded rejection
2026-10-09T19:56:21.9580177Z ok 4 - C\# recursive types execute equality, hashing, patterns and bounded rejection
2026-10-09T19:56:21.9580561Z   ---
2026-10-09T19:56:21.9580720Z   duration_ms: 15144.178069
2026-10-09T19:56:21.9580933Z   type: 'test'
2026-10-09T19:56:21.9581279Z   ...
2026-10-09T19:56:21.9585548Z # Subtest: C\# recursive declaration execution is required in downstream CI
2026-10-09T19:56:21.9586033Z ok 5 - C\# recursive declaration execution is required in downstream CI
2026-10-09T19:56:21.9586298Z   ---
2026-10-09T19:56:21.9586492Z   duration_ms: 0.863648
2026-10-09T19:56:21.9586699Z   type: 'test'
2026-10-09T19:56:21.9586874Z   ...
2026-10-09T19:56:23.3174243Z # Subtest: new test registrations retain the original Perl acceptance sources
2026-10-09T19:56:23.3175489Z ok 6 - new test registrations retain the original Perl acceptance sources
2026-10-09T19:56:23.3176277Z   ---
2026-10-09T19:56:23.3176594Z   duration_ms: 1358.370375
2026-10-09T19:56:23.3176812Z   type: 'test'
2026-10-09T19:56:23.3176986Z   ...
2026-10-09T19:56:23.3624174Z 1..6
2026-10-09T19:56:23.3624378Z # tests 6
2026-10-09T19:56:23.3624646Z # suites 0
2026-10-09T19:56:23.3624819Z # pass 6
2026-10-09T19:56:23.3624981Z # fail 0
2026-10-09T19:56:23.3625189Z # cancelled 0
2026-10-09T19:56:23.3625404Z # skipped 0
2026-10-09T19:56:23.3625692Z # todo 0
2026-10-09T19:56:23.3625988Z # duration_ms 17327.097371
2026-10-09T19:56:23.3925492Z TAP version 13
2026-10-09T19:56:25.2006330Z # Subtest: recorded C\# graph conversions bind independent probes and compiled Lean without claiming NuGet
2026-10-09T19:56:25.2010355Z ok 1 - recorded C\# graph conversions bind independent probes and compiled Lean without claiming NuGet
2026-10-09T19:56:25.2010744Z   ---
2026-10-09T19:56:25.2011039Z   duration_ms: 1518.967515
2026-10-09T19:56:25.2011298Z   type: 'test'
2026-10-09T19:56:25.2011482Z   ...
2026-10-09T19:56:25.2013645Z # Subtest: C\# graph conversions keep deterministic native storage and prevalidate before allocation and initialization
2026-10-09T19:56:25.2016169Z ok 2 - C\# graph conversions keep deterministic native storage and prevalidate before allocation and initialization
2026-10-09T19:56:25.2016821Z   ---
2026-10-09T19:56:25.2017150Z   duration_ms: 64.361364
2026-10-09T19:56:25.2017489Z   type: 'test'
2026-10-09T19:56:25.2017769Z   ...
2026-10-09T19:56:25.2045671Z # Subtest: C\# converter source budgets reject repeated large signatures before expansion
2026-10-09T19:56:25.2046113Z ok 3 - C\# converter source budgets reject repeated large signatures before expansion
2026-10-09T19:56:25.2046487Z   ---
2026-10-09T19:56:25.2046691Z   duration_ms: 26.939194
2026-10-09T19:56:25.2046900Z   type: 'test'
2026-10-09T19:56:25.2047074Z   ...
2026-10-09T19:56:29.4107301Z # Subtest: C\# graph adapters match independent C layouts and clean up injected conversion failures
2026-10-09T19:56:29.4107967Z ok 4 - C\# graph adapters match independent C layouts and clean up injected conversion failures
2026-10-09T19:56:29.4108278Z   ---
2026-10-09T19:56:29.4108434Z   duration_ms: 4210.686191
2026-10-09T19:56:29.4108607Z   type: 'test'
2026-10-09T19:56:29.4108726Z   ...
2026-10-09T20:00:10.1040654Z # Subtest: ordinary and reviewed Lean graphs execute through C\# with cleanup and retirement
2026-10-09T20:00:10.1041383Z ok 5 - ordinary and reviewed Lean graphs execute through C\# with cleanup and retirement
2026-10-09T20:00:10.1041816Z   ---
2026-10-09T20:00:10.1042042Z   duration_ms: 220693.031091
2026-10-09T20:00:10.1042258Z   type: 'test'
2026-10-09T20:00:10.1042436Z   ...
2026-10-09T20:00:10.1052030Z # Subtest: downstream CI requires isolated and compiled C\# graph conversions
2026-10-09T20:00:10.1052555Z ok 6 - downstream CI requires isolated and compiled C\# graph conversions
2026-10-09T20:00:10.1052794Z   ---
2026-10-09T20:00:10.1053098Z   duration_ms: 1.761079
2026-10-09T20:00:10.1053259Z   type: 'test'
2026-10-09T20:00:10.1053376Z   ...
2026-10-09T20:00:10.1427379Z 1..6
2026-10-09T20:00:10.1427637Z # tests 6
2026-10-09T20:00:10.1427868Z # suites 0
2026-10-09T20:00:10.1428036Z # pass 6
2026-10-09T20:00:10.1428265Z # fail 0
2026-10-09T20:00:10.1428487Z # cancelled 0
2026-10-09T20:00:10.1428720Z # skipped 0
2026-10-09T20:00:10.1428945Z # todo 0
2026-10-09T20:00:10.1429152Z # duration_ms 226757.449824
2026-10-09T20:00:10.1743277Z TAP version 13
2026-10-09T20:00:10.4173295Z # Subtest: C\# regression signatures preserve parameter order and reconstruct reviewed compound sources
2026-10-09T20:00:10.4174627Z ok 1 - C\# regression signatures preserve parameter order and reconstruct reviewed compound sources
2026-10-09T20:00:10.4176118Z   ---
2026-10-09T20:00:10.4176562Z   duration_ms: 15.200226
2026-10-09T20:00:10.4176820Z   type: 'test'
2026-10-09T20:00:10.4177009Z   ...
2026-10-09T20:00:11.0491193Z # Subtest: C\# existing-family regressions bind all source paths and reject weakened observations
2026-10-09T20:00:11.0496273Z ok 2 - C\# existing-family regressions bind all source paths and reject weakened observations
2026-10-09T20:00:11.0496992Z   ---
2026-10-09T20:00:11.0497253Z   duration_ms: 632.027433
2026-10-09T20:00:11.0497487Z   type: 'test'
2026-10-09T20:00:11.0497682Z   ...
2026-10-09T20:00:11.1379880Z # Subtest: recursive C\# package observations bind original installs, reproduction and shared loading
2026-10-09T20:00:11.1380728Z ok 3 - recursive C\# package observations bind original installs, reproduction and shared loading
2026-10-09T20:00:11.1381551Z   ---
2026-10-09T20:00:11.1381769Z   duration_ms: 88.714745
2026-10-09T20:00:11.1381970Z   type: 'test'
2026-10-09T20:00:11.1382138Z   ...
2026-10-09T20:00:11.1483129Z # Subtest: NuGet graph admission reconstructs exact shared sources without masking other edits
2026-10-09T20:00:11.1483915Z ok 4 - NuGet graph admission reconstructs exact shared sources without masking other edits
2026-10-09T20:00:11.1484369Z   ---
2026-10-09T20:00:11.1484713Z   duration_ms: 10.676403
2026-10-09T20:00:11.1484881Z   type: 'test'
2026-10-09T20:00:11.1485061Z   ...
2026-10-09T20:00:12.3643609Z # Subtest: shared NuGet regression controls reject changed archive identities and glibc floors
2026-10-09T20:00:12.3644609Z ok 5 - shared NuGet regression controls reject changed archive identities and glibc floors
2026-10-09T20:00:12.3645024Z   ---
2026-10-09T20:00:12.3645279Z   duration_ms: 9.48275
2026-10-09T20:00:12.3645489Z   type: 'test'
2026-10-09T20:00:12.3645667Z   ...
2026-10-09T20:00:12.3646161Z # Subtest: recursive C\# package APIs are deterministic, typed and separate from native loading
2026-10-09T20:00:12.3646859Z ok 6 - recursive C\# package APIs are deterministic, typed and separate from native loading
2026-10-09T20:00:12.3647238Z   ---
2026-10-09T20:00:12.3647434Z   duration_ms: 192.20298
2026-10-09T20:00:12.3647632Z   type: 'test'
2026-10-09T20:00:12.3647803Z   ...
2026-10-09T20:00:12.3648274Z # Subtest: recursive C\# loading requires exact native identities and safe parameter names
2026-10-09T20:00:12.3648907Z ok 7 - recursive C\# loading requires exact native identities and safe parameter names
2026-10-09T20:00:12.3649286Z   ---
2026-10-09T20:00:12.3649482Z   duration_ms: 285.883971
2026-10-09T20:00:12.3649696Z   type: 'test'
2026-10-09T20:00:12.3649871Z   ...
2026-10-09T20:00:12.3658736Z # Subtest: recursive C\# auditing accepts nominal FFI-like names only in exact generated public source
2026-10-09T20:00:12.3660037Z ok 8 - recursive C\# auditing accepts nominal FFI-like names only in exact generated public source
2026-10-09T20:00:12.3660472Z   ---
2026-10-09T20:00:12.3660689Z   duration_ms: 264.2908
2026-10-09T20:00:12.3660931Z   type: 'test'
2026-10-09T20:00:12.3661119Z   ...
2026-10-09T20:00:12.3661647Z # Subtest: recursive NuGet admission validates requested graph targets without requiring public C
2026-10-09T20:00:12.3662577Z ok 9 - recursive NuGet admission validates requested graph targets without requiring public C
2026-10-09T20:00:12.3663004Z   ---
2026-10-09T20:00:12.3663208Z   duration_ms: 463.274009
2026-10-09T20:00:12.3663427Z   type: 'test'
2026-10-09T20:00:12.3663616Z   ...
2026-10-09T20:00:22.0018536Z # Subtest: recursive C\# package assemblies compile and cold invalid calls never load assets
2026-10-09T20:00:22.0019473Z ok 10 - recursive C\# package assemblies compile and cold invalid calls never load assets
2026-10-09T20:00:22.0019891Z   ---
2026-10-09T20:00:22.0020098Z   duration_ms: 9637.890249
2026-10-09T20:00:22.0020304Z   type: 'test'
2026-10-09T20:00:22.0020475Z   ...
2026-10-09T20:05:00.7793543Z # Subtest: ordinary and reviewed recursive NuGet archives install and run without Lean or the SDK
2026-10-09T20:05:00.7799097Z ok 11 - ordinary and reviewed recursive NuGet archives install and run without Lean or the SDK
2026-10-09T20:05:00.7799619Z   ---
2026-10-09T20:05:00.7800015Z   duration_ms: 278777.389866
2026-10-09T20:05:00.7800477Z   type: 'test'
2026-10-09T20:05:00.7800818Z   ...
2026-10-09T20:05:00.7801269Z # ordinary: building NuGet-only recursive release
2026-10-09T20:05:00.7801892Z # ordinary: installing original archive and running source-free consumers
2026-10-09T20:05:00.7802454Z # reviewed: building NuGet-only recursive release
2026-10-09T20:05:00.7803046Z # reviewed: installing original archive and running source-free consumers
2026-10-09T20:05:00.7806449Z # Subtest: downstream CI requires original recursive NuGet installs and retains their report
2026-10-09T20:05:00.7807690Z ok 12 - downstream CI requires original recursive NuGet installs and retains their report
2026-10-09T20:05:00.7808122Z   ---
2026-10-09T20:05:00.7808353Z   duration_ms: 1.403393
2026-10-09T20:05:00.7808639Z   type: 'test'
2026-10-09T20:05:00.7808826Z   ...
2026-10-09T20:05:00.7810423Z # Subtest: recursive and ordinary installed NuGet packages share retirement and allow mixed C++ builds
2026-10-09T20:05:00.7811337Z ok 13 - recursive and ordinary installed NuGet packages share retirement and allow mixed C++ builds # SKIP
2026-10-09T20:05:00.7811806Z   ---
2026-10-09T20:05:00.7812007Z   duration_ms: 0.150378
2026-10-09T20:05:00.7812264Z   type: 'test'
2026-10-09T20:05:00.7812449Z   ...
2026-10-09T20:05:00.7812795Z # Subtest: independent recursive NuGet builds reproduce the original installed archives
2026-10-09T20:05:00.7813503Z ok 14 - independent recursive NuGet builds reproduce the original installed archives # SKIP
2026-10-09T20:05:00.7813829Z   ---
2026-10-09T20:05:00.7814030Z   duration_ms: 0.038498
2026-10-09T20:05:00.7814289Z   type: 'test'
2026-10-09T20:05:00.7814817Z   ...
2026-10-09T20:05:00.7815219Z # Subtest: original NuGet coordinate conflicts reject before loading and identical builds compose
2026-10-09T20:05:00.7815867Z ok 15 - original NuGet coordinate conflicts reject before loading and identical builds compose # SKIP
2026-10-09T20:05:00.7816309Z   ---
2026-10-09T20:05:00.7816502Z   duration_ms: 0.019429
2026-10-09T20:05:00.7816758Z   type: 'test'
2026-10-09T20:05:00.7816939Z   ...
2026-10-09T20:05:00.8170837Z 1..15
2026-10-09T20:05:00.8171062Z # tests 15
2026-10-09T20:05:00.8174917Z # suites 0
2026-10-09T20:05:00.8175117Z # pass 12
2026-10-09T20:05:00.8175284Z # fail 0
2026-10-09T20:05:00.8175461Z # cancelled 0
2026-10-09T20:05:00.8175649Z # skipped 3
2026-10-09T20:05:00.8175818Z # todo 0
2026-10-09T20:05:00.8176040Z # duration_ms 290649.656197
2026-10-09T20:05:00.8487558Z TAP version 13
2026-10-09T20:05:01.0736268Z # Subtest: C\# regression signatures preserve parameter order and reconstruct reviewed compound sources
2026-10-09T20:05:01.0741890Z ok 1 - C\# regression signatures preserve parameter order and reconstruct reviewed compound sources
2026-10-09T20:05:01.0742369Z   ---
2026-10-09T20:05:01.0742601Z   duration_ms: 15.628439
2026-10-09T20:05:01.0742824Z   type: 'test'
2026-10-09T20:05:01.0743009Z   ...
2026-10-09T20:05:01.6873112Z # Subtest: C\# existing-family regressions bind all source paths and reject weakened observations
2026-10-09T20:05:01.6874648Z ok 2 - C\# existing-family regressions bind all source paths and reject weakened observations
2026-10-09T20:05:01.6883888Z   ---
2026-10-09T20:05:01.6884120Z   duration_ms: 613.401976
2026-10-09T20:05:01.6884281Z   type: 'test'
2026-10-09T20:05:01.6884550Z   ...
2026-10-09T20:05:01.7721655Z # Subtest: recursive C\# package observations bind original installs, reproduction and shared loading
2026-10-09T20:05:01.7722583Z ok 3 - recursive C\# package observations bind original installs, reproduction and shared loading
2026-10-09T20:05:01.7723110Z   ---
2026-10-09T20:05:01.7723349Z   duration_ms: 85.033978
2026-10-09T20:05:01.7723531Z   type: 'test'
2026-10-09T20:05:01.7723655Z   ...
2026-10-09T20:05:01.7814010Z # Subtest: NuGet graph admission reconstructs exact shared sources without masking other edits
2026-10-09T20:05:01.7815015Z ok 4 - NuGet graph admission reconstructs exact shared sources without masking other edits
2026-10-09T20:05:01.7815306Z   ---
2026-10-09T20:05:01.7815459Z   duration_ms: 9.734494
2026-10-09T20:05:01.7815620Z   type: 'test'
2026-10-09T20:05:01.7815747Z   ...
2026-10-09T20:05:02.8092065Z # Subtest: shared NuGet regression controls reject changed archive identities and glibc floors
2026-10-09T20:05:02.8099971Z ok 5 - shared NuGet regression controls reject changed archive identities and glibc floors
2026-10-09T20:05:02.8100323Z   ---
2026-10-09T20:05:02.8100463Z   duration_ms: 8.763706
2026-10-09T20:05:02.8100604Z   type: 'test'
2026-10-09T20:05:02.8100783Z   ...
2026-10-09T20:05:02.8101249Z # Subtest: recursive C\# package APIs are deterministic, typed and separate from native loading
2026-10-09T20:05:02.8101672Z ok 6 - recursive C\# package APIs are deterministic, typed and separate from native loading
2026-10-09T20:05:02.8101918Z   ---
2026-10-09T20:05:02.8102050Z   duration_ms: 178.403951
2026-10-09T20:05:02.8102190Z   type: 'test'
2026-10-09T20:05:02.8102306Z   ...
2026-10-09T20:05:02.8105989Z # Subtest: recursive C\# loading requires exact native identities and safe parameter names
2026-10-09T20:05:02.8115227Z ok 7 - recursive C\# loading requires exact native identities and safe parameter names
2026-10-09T20:05:02.8115618Z   ---
2026-10-09T20:05:02.8115818Z   duration_ms: 193.633715
2026-10-09T20:05:02.8116030Z   type: 'test'
2026-10-09T20:05:02.8116213Z   ...
2026-10-09T20:05:02.8116716Z # Subtest: recursive C\# auditing accepts nominal FFI-like names only in exact generated public source
2026-10-09T20:05:02.8117446Z ok 8 - recursive C\# auditing accepts nominal FFI-like names only in exact generated public source
2026-10-09T20:05:02.8117853Z   ---
2026-10-09T20:05:02.8118047Z   duration_ms: 176.949947
2026-10-09T20:05:02.8118255Z   type: 'test'
2026-10-09T20:05:02.8118432Z   ...
2026-10-09T20:05:02.8118925Z # Subtest: recursive NuGet admission validates requested graph targets without requiring public C
2026-10-09T20:05:02.8119630Z ok 9 - recursive NuGet admission validates requested graph targets without requiring public C
2026-10-09T20:05:02.8120019Z   ---
2026-10-09T20:05:02.8120215Z   duration_ms: 468.820561
2026-10-09T20:05:02.8120423Z   type: 'test'
2026-10-09T20:05:02.8120602Z   ...
2026-10-09T20:05:02.8121059Z # Subtest: recursive C\# package assemblies compile and cold invalid calls never load assets
2026-10-09T20:05:02.8121746Z ok 10 - recursive C\# package assemblies compile and cold invalid calls never load assets # SKIP
2026-10-09T20:05:02.8122041Z   ---
2026-10-09T20:05:02.8122167Z   duration_ms: 0.329997
2026-10-09T20:05:02.8122299Z   type: 'test'
2026-10-09T20:05:02.8122676Z   ...
2026-10-09T20:05:02.8122971Z # Subtest: ordinary and reviewed recursive NuGet archives install and run without Lean or the SDK
2026-10-09T20:05:02.8123415Z ok 11 - ordinary and reviewed recursive NuGet archives install and run without Lean or the SDK # SKIP
2026-10-09T20:05:02.8123674Z   ---
2026-10-09T20:05:02.8123797Z   duration_ms: 0.101042
2026-10-09T20:05:02.8123929Z   type: 'test'
2026-10-09T20:05:02.8124044Z   ...
2026-10-09T20:05:02.8124535Z # Subtest: downstream CI requires original recursive NuGet installs and retains their report
2026-10-09T20:05:02.8124942Z ok 12 - downstream CI requires original recursive NuGet installs and retains their report
2026-10-09T20:05:02.8125181Z   ---
2026-10-09T20:05:02.8125301Z   duration_ms: 2.114459
2026-10-09T20:05:02.8125433Z   type: 'test'
2026-10-09T20:05:02.8125547Z   ...
2026-10-09T20:06:42.6465507Z # Subtest: recursive and ordinary installed NuGet packages share retirement and allow mixed C++ builds
2026-10-09T20:06:42.6467943Z ok 13 - recursive and ordinary installed NuGet packages share retirement and allow mixed C++ builds
2026-10-09T20:06:42.6468297Z   ---
2026-10-09T20:06:42.6468609Z   duration_ms: 99835.182201
2026-10-09T20:06:42.6468830Z   type: 'test'
2026-10-09T20:06:42.6469047Z   ...
2026-10-09T20:06:42.6469293Z # composition: building graph_one (nuget)
2026-10-09T20:06:42.6469683Z # composition: building graph_two (cpp, nuget)
2026-10-09T20:06:42.6470030Z # composition: building graph_peer (nuget)
2026-10-09T20:06:42.6470585Z # Subtest: independent recursive NuGet builds reproduce the original installed archives
2026-10-09T20:06:42.6471370Z ok 14 - independent recursive NuGet builds reproduce the original installed archives # SKIP
2026-10-09T20:06:42.6471901Z   ---
2026-10-09T20:06:42.6472085Z   duration_ms: 0.124178
2026-10-09T20:06:42.6472283Z   type: 'test'
2026-10-09T20:06:42.6472443Z   ...
2026-10-09T20:06:42.6472852Z # Subtest: original NuGet coordinate conflicts reject before loading and identical builds compose
2026-10-09T20:06:42.6475706Z ok 15 - original NuGet coordinate conflicts reject before loading and identical builds compose # SKIP
2026-10-09T20:06:42.6476038Z   ---
2026-10-09T20:06:42.6476212Z   duration_ms: 0.029735
2026-10-09T20:06:42.6476410Z   type: 'test'
2026-10-09T20:06:42.6476543Z   ...
2026-10-09T20:06:42.6778372Z 1..15
2026-10-09T20:06:42.6778643Z # tests 15
2026-10-09T20:06:42.6778858Z # suites 0
2026-10-09T20:06:42.6779080Z # pass 11
2026-10-09T20:06:42.6779234Z # fail 0
2026-10-09T20:06:42.6779394Z # cancelled 0
2026-10-09T20:06:42.6779583Z # skipped 4
2026-10-09T20:06:42.6784032Z # todo 0
2026-10-09T20:06:42.6784238Z # duration_ms 101836.344966
2026-10-09T20:06:42.7083693Z TAP version 13
2026-10-09T20:06:42.9136226Z # Subtest: C\# regression signatures preserve parameter order and reconstruct reviewed compound sources
2026-10-09T20:06:42.9137951Z ok 1 - C\# regression signatures preserve parameter order and reconstruct reviewed compound sources
2026-10-09T20:06:42.9154900Z   ---
2026-10-09T20:06:42.9159694Z   duration_ms: 14.271212
2026-10-09T20:06:42.9159857Z   type: 'test'
2026-10-09T20:06:42.9159973Z   ...
2026-10-09T20:06:43.4764858Z # Subtest: C\# existing-family regressions bind all source paths and reject weakened observations
2026-10-09T20:06:43.4765381Z ok 2 - C\# existing-family regressions bind all source paths and reject weakened observations
2026-10-09T20:06:43.4765752Z   ---
2026-10-09T20:06:43.4765954Z   duration_ms: 562.706635
2026-10-09T20:06:43.4766167Z   type: 'test'
2026-10-09T20:06:43.4766334Z   ...
2026-10-09T20:06:43.5546436Z # Subtest: recursive C\# package observations bind original installs, reproduction and shared loading
2026-10-09T20:06:43.5547913Z ok 3 - recursive C\# package observations bind original installs, reproduction and shared loading
2026-10-09T20:06:43.5548161Z   ---
2026-10-09T20:06:43.5548290Z   duration_ms: 78.398106
2026-10-09T20:06:43.5548420Z   type: 'test'
2026-10-09T20:06:43.5548528Z   ...
2026-10-09T20:06:43.5631274Z # Subtest: NuGet graph admission reconstructs exact shared sources without masking other edits
2026-10-09T20:06:43.5632460Z ok 4 - NuGet graph admission reconstructs exact shared sources without masking other edits
2026-10-09T20:06:43.5632715Z   ---
2026-10-09T20:06:43.5632841Z   duration_ms: 8.996267
2026-10-09T20:06:43.5632966Z   type: 'test'
2026-10-09T20:06:43.5633113Z   ...
2026-10-09T20:06:44.5419147Z # Subtest: shared NuGet regression controls reject changed archive identities and glibc floors
2026-10-09T20:06:44.5420593Z ok 5 - shared NuGet regression controls reject changed archive identities and glibc floors
2026-10-09T20:06:44.5420986Z   ---
2026-10-09T20:06:44.5421189Z   duration_ms: 8.077977
2026-10-09T20:06:44.5421382Z   type: 'test'
2026-10-09T20:06:44.5421549Z   ...
2026-10-09T20:06:44.5422000Z # Subtest: recursive C\# package APIs are deterministic, typed and separate from native loading
2026-10-09T20:06:44.5422622Z ok 6 - recursive C\# package APIs are deterministic, typed and separate from native loading
2026-10-09T20:06:44.5422977Z   ---
2026-10-09T20:06:44.5423160Z   duration_ms: 161.829041
2026-10-09T20:06:44.5423354Z   type: 'test'
2026-10-09T20:06:44.5423514Z   ...
2026-10-09T20:06:44.5423914Z # Subtest: recursive C\# loading requires exact native identities and safe parameter names
2026-10-09T20:06:44.5424842Z ok 7 - recursive C\# loading requires exact native identities and safe parameter names
2026-10-09T20:06:44.5425176Z   ---
2026-10-09T20:06:44.5425350Z   duration_ms: 182.976549
2026-10-09T20:06:44.5425536Z   type: 'test'
2026-10-09T20:06:44.5425695Z   ...
2026-10-09T20:06:44.5432217Z # Subtest: recursive C\# auditing accepts nominal FFI-like names only in exact generated public source
2026-10-09T20:06:44.5432975Z ok 8 - recursive C\# auditing accepts nominal FFI-like names only in exact generated public source
2026-10-09T20:06:44.5435400Z   ---
2026-10-09T20:06:44.5435622Z   duration_ms: 170.60807
2026-10-09T20:06:44.5435835Z   type: 'test'
2026-10-09T20:06:44.5435991Z   ...
2026-10-09T20:06:44.5436444Z # Subtest: recursive NuGet admission validates requested graph targets without requiring public C
2026-10-09T20:06:44.5437158Z ok 9 - recursive NuGet admission validates requested graph targets without requiring public C
2026-10-09T20:06:44.5437516Z   ---
2026-10-09T20:06:44.5437704Z   duration_ms: 454.156749
2026-10-09T20:06:44.5437829Z   type: 'test'
2026-10-09T20:06:44.5437951Z   ...
2026-10-09T20:06:44.5438208Z # Subtest: recursive C\# package assemblies compile and cold invalid calls never load assets
2026-10-09T20:06:44.5438597Z ok 10 - recursive C\# package assemblies compile and cold invalid calls never load assets # SKIP
2026-10-09T20:06:44.5438826Z   ---
2026-10-09T20:06:44.5438969Z   duration_ms: 0.30534
2026-10-09T20:06:44.5439150Z   type: 'test'
2026-10-09T20:06:44.5439308Z   ...
2026-10-09T20:06:44.5439721Z # Subtest: ordinary and reviewed recursive NuGet archives install and run without Lean or the SDK
2026-10-09T20:06:44.5440366Z ok 11 - ordinary and reviewed recursive NuGet archives install and run without Lean or the SDK # SKIP
2026-10-09T20:06:44.5440733Z   ---
2026-10-09T20:06:44.5440906Z   duration_ms: 0.093121
2026-10-09T20:06:44.5441090Z   type: 'test'
2026-10-09T20:06:44.5441250Z   ...
2026-10-09T20:06:44.5441659Z # Subtest: downstream CI requires original recursive NuGet installs and retains their report
2026-10-09T20:06:44.5442245Z ok 12 - downstream CI requires original recursive NuGet installs and retains their report
2026-10-09T20:06:44.5442574Z   ---
2026-10-09T20:06:44.5442743Z   duration_ms: 1.718842
2026-10-09T20:06:44.5442921Z   type: 'test'
2026-10-09T20:06:44.5443086Z   ...
2026-10-09T20:06:44.5443529Z # Subtest: recursive and ordinary installed NuGet packages share retirement and allow mixed C++ builds
2026-10-09T20:06:44.5444209Z ok 13 - recursive and ordinary installed NuGet packages share retirement and allow mixed C++ builds # SKIP
2026-10-09T20:06:44.5444738Z   ---
2026-10-09T20:06:44.5444909Z   duration_ms: 0.083126
2026-10-09T20:06:44.5445091Z   type: 'test'
2026-10-09T20:06:44.5445463Z   ...
2026-10-09T20:10:55.0033065Z # Subtest: independent recursive NuGet builds reproduce the original installed archives
2026-10-09T20:10:55.0033811Z ok 14 - independent recursive NuGet builds reproduce the original installed archives
2026-10-09T20:10:55.0034127Z   ---
2026-10-09T20:10:55.0034337Z   duration_ms: 250459.294347
2026-10-09T20:10:55.0034700Z   type: 'test'
2026-10-09T20:10:55.0034883Z   ...
2026-10-09T20:10:55.0035163Z # ordinary: building NuGet-only recursive release
2026-10-09T20:10:55.0035747Z # reviewed: building NuGet-only recursive release
2026-10-09T20:10:55.0036259Z # Subtest: original NuGet coordinate conflicts reject before loading and identical builds compose
2026-10-09T20:10:55.0036858Z ok 15 - original NuGet coordinate conflicts reject before loading and identical builds compose # SKIP
2026-10-09T20:10:55.0037178Z   ---
2026-10-09T20:10:55.0037375Z   duration_ms: 0.115234
2026-10-09T20:10:55.0037622Z   type: 'test'
2026-10-09T20:10:55.0037799Z   ...
2026-10-09T20:10:55.0378211Z 1..15
2026-10-09T20:10:55.0378370Z # tests 15
2026-10-09T20:10:55.0384869Z # suites 0
2026-10-09T20:10:55.0396527Z # pass 11
2026-10-09T20:10:55.0396702Z # fail 0
2026-10-09T20:10:55.0396891Z # cancelled 0
2026-10-09T20:10:55.0397073Z # skipped 4
2026-10-09T20:10:55.0397273Z # todo 0
2026-10-09T20:10:55.0397460Z # duration_ms 252336.141093
2026-10-09T20:10:55.0685259Z TAP version 13
2026-10-09T20:10:55.2836203Z # Subtest: C\# regression signatures preserve parameter order and reconstruct reviewed compound sources
2026-10-09T20:10:55.2855698Z ok 1 - C\# regression signatures preserve parameter order and reconstruct reviewed compound sources
2026-10-09T20:10:55.2875160Z   ---
2026-10-09T20:10:55.2875428Z   duration_ms: 14.673758
2026-10-09T20:10:55.2875674Z   type: 'test'
2026-10-09T20:10:55.2875860Z   ...
2026-10-09T20:10:55.8733925Z # Subtest: C\# existing-family regressions bind all source paths and reject weakened observations
2026-10-09T20:10:55.8734771Z ok 2 - C\# existing-family regressions bind all source paths and reject weakened observations
2026-10-09T20:10:55.8735062Z   ---
2026-10-09T20:10:55.8735201Z   duration_ms: 589.73514
2026-10-09T20:10:55.8735335Z   type: 'test'
2026-10-09T20:10:55.8735450Z   ...
2026-10-09T20:10:55.9563953Z # Subtest: recursive C\# package observations bind original installs, reproduction and shared loading
2026-10-09T20:10:55.9564810Z ok 3 - recursive C\# package observations bind original installs, reproduction and shared loading
2026-10-09T20:10:55.9565357Z   ---
2026-10-09T20:10:55.9565552Z   duration_ms: 83.152834
2026-10-09T20:10:55.9565873Z   type: 'test'
2026-10-09T20:10:55.9566390Z   ...
2026-10-09T20:10:55.9655446Z # Subtest: NuGet graph admission reconstructs exact shared sources without masking other edits
2026-10-09T20:10:55.9656293Z ok 4 - NuGet graph admission reconstructs exact shared sources without masking other edits
2026-10-09T20:10:55.9656731Z   ---
2026-10-09T20:10:55.9657004Z   duration_ms: 9.402344
2026-10-09T20:10:55.9657205Z   type: 'test'
2026-10-09T20:10:55.9657401Z   ...
2026-10-09T20:10:57.0497388Z # Subtest: shared NuGet regression controls reject changed archive identities and glibc floors
2026-10-09T20:10:57.0498384Z ok 5 - shared NuGet regression controls reject changed archive identities and glibc floors
2026-10-09T20:10:57.0498856Z   ---
2026-10-09T20:10:57.0499086Z   duration_ms: 8.973566
2026-10-09T20:10:57.0499345Z   type: 'test'
2026-10-09T20:10:57.0499531Z   ...
2026-10-09T20:10:57.0500003Z # Subtest: recursive C\# package APIs are deterministic, typed and separate from native loading
2026-10-09T20:10:57.0500793Z ok 6 - recursive C\# package APIs are deterministic, typed and separate from native loading
2026-10-09T20:10:57.0501260Z   ---
2026-10-09T20:10:57.0501759Z   duration_ms: 174.09835
2026-10-09T20:10:57.0502165Z   type: 'test'
2026-10-09T20:10:57.0502571Z   ...
2026-10-09T20:10:57.0503087Z # Subtest: recursive C\# loading requires exact native identities and safe parameter names
2026-10-09T20:10:57.0503762Z ok 7 - recursive C\# loading requires exact native identities and safe parameter names
2026-10-09T20:10:57.0504966Z   ---
2026-10-09T20:10:57.0505172Z   duration_ms: 237.741507
2026-10-09T20:10:57.0505380Z   type: 'test'
2026-10-09T20:10:57.0505549Z   ...
2026-10-09T20:10:57.0506040Z # Subtest: recursive C\# auditing accepts nominal FFI-like names only in exact generated public source
2026-10-09T20:10:57.0506748Z ok 8 - recursive C\# auditing accepts nominal FFI-like names only in exact generated public source
2026-10-09T20:10:57.0507128Z   ---
2026-10-09T20:10:57.0507471Z   duration_ms: 181.084926
2026-10-09T20:10:57.0507676Z   type: 'test'
2026-10-09T20:10:57.0507841Z   ...
2026-10-09T20:10:57.0512621Z # Subtest: recursive NuGet admission validates requested graph targets without requiring public C
2026-10-09T20:10:57.0513436Z ok 9 - recursive NuGet admission validates requested graph targets without requiring public C
2026-10-09T20:10:57.0519721Z   ---
2026-10-09T20:10:57.0520031Z   duration_ms: 481.224788
2026-10-09T20:10:57.0520262Z   type: 'test'
2026-10-09T20:10:57.0520434Z   ...
2026-10-09T20:10:57.0520886Z # Subtest: recursive C\# package assemblies compile and cold invalid calls never load assets
2026-10-09T20:10:57.0521331Z ok 10 - recursive C\# package assemblies compile and cold invalid calls never load assets # SKIP
2026-10-09T20:10:57.0521574Z   ---
2026-10-09T20:10:57.0521697Z   duration_ms: 0.359453
2026-10-09T20:10:57.0521826Z   type: 'test'
2026-10-09T20:10:57.0521936Z   ...
2026-10-09T20:10:57.0522225Z # Subtest: ordinary and reviewed recursive NuGet archives install and run without Lean or the SDK
2026-10-09T20:10:57.0522656Z ok 11 - ordinary and reviewed recursive NuGet archives install and run without Lean or the SDK # SKIP
2026-10-09T20:10:57.0522914Z   ---
2026-10-09T20:10:57.0523030Z   duration_ms: 0.102915
2026-10-09T20:10:57.0523154Z   type: 'test'
2026-10-09T20:10:57.0523268Z   ...
2026-10-09T20:10:57.0523537Z # Subtest: downstream CI requires original recursive NuGet installs and retains their report
2026-10-09T20:10:57.0523931Z ok 12 - downstream CI requires original recursive NuGet installs and retains their report
2026-10-09T20:10:57.0524160Z   ---
2026-10-09T20:10:57.0524274Z   duration_ms: 2.104799
2026-10-09T20:10:57.0524396Z   type: 'test'
2026-10-09T20:10:57.0524682Z   ...
2026-10-09T20:10:57.0524973Z # Subtest: recursive and ordinary installed NuGet packages share retirement and allow mixed C++ builds
2026-10-09T20:10:57.0525421Z ok 13 - recursive and ordinary installed NuGet packages share retirement and allow mixed C++ builds # SKIP
2026-10-09T20:10:57.0525682Z   ---
2026-10-09T20:10:57.0525796Z   duration_ms: 0.076917
2026-10-09T20:10:57.0525917Z   type: 'test'
2026-10-09T20:10:57.0526027Z   ...
2026-10-09T20:10:57.0526281Z # Subtest: independent recursive NuGet builds reproduce the original installed archives
2026-10-09T20:10:57.0526675Z ok 14 - independent recursive NuGet builds reproduce the original installed archives # SKIP
2026-10-09T20:10:57.0526908Z   ---
2026-10-09T20:10:57.0527021Z   duration_ms: 0.027131
2026-10-09T20:10:57.0527149Z   type: 'test'
2026-10-09T20:10:57.0527256Z   ...
2026-10-09T20:12:05.8725409Z # Subtest: original NuGet coordinate conflicts reject before loading and identical builds compose
2026-10-09T20:12:05.8726309Z ok 15 - original NuGet coordinate conflicts reject before loading and identical builds compose
2026-10-09T20:12:05.8726823Z   ---
2026-10-09T20:12:05.8727055Z   duration_ms: 68820.530803
2026-10-09T20:12:05.8727327Z   type: 'test'
2026-10-09T20:12:05.8727519Z   ...
2026-10-09T20:12:05.8727911Z # coordinate conflicts: building Lean.Collision41
2026-10-09T20:12:05.8728357Z # coordinate conflicts: building Lean.Collision43
2026-10-09T20:12:05.9011373Z 1..15
2026-10-09T20:12:05.9011589Z # tests 15
2026-10-09T20:12:05.9015184Z # suites 0
2026-10-09T20:12:05.9028272Z # pass 11
2026-10-09T20:12:05.9028447Z # fail 0
2026-10-09T20:12:05.9028707Z # cancelled 0
2026-10-09T20:12:05.9030925Z # skipped 4
2026-10-09T20:12:05.9031129Z # todo 0
2026-10-09T20:12:05.9031350Z # duration_ms 70839.662084
2026-10-09T20:12:05.9093820Z ##[group]Run actions/upload-artifact@v7
2026-10-09T20:12:05.9093979Z with:
2026-10-09T20:12:05.9094149Z   name: type-corpus-dotnet-ff71335c762628da47887bfd4f208e62c39b94b7
2026-10-09T20:12:05.9098125Z   path: build/type-corpus/dotnet.json
build/type-corpus/reviewed-native-dotnet.json
build/char-native/dotnet.json
build/word-native/dotnet.json
build/callables/dotnet.json
build/structured-callables/dotnet.json
build/recursive-callables/dotnet.json
build/compounds/dotnet.json
build/lists/dotnet.json
build/aliases/dotnet.json
build/native-fin/dotnet.json
build/native-fin/dotnet-reviewed.json
build/native-specializations/dotnet.json
build/generic-records/dotnet.json
build/generic-records/specialized-dotnet.json
build/generic-records/array-dotnet.json
build/native-fin-containers/dotnet.json
build/native-fin-containers/reviewed-dotnet.json
build/native-fin-products/dotnet.json
build/native-fin-products/reviewed-dotnet.json
build/native-fin-product-arrays/dotnet.json
build/native-fin-product-arrays/reviewed-dotnet.json
build/native-fin-records/dotnet.json
build/native-fin-records/reviewed-dotnet.json
build/native-subtype/dotnet.json
build/variants/dotnet.json
build/collections/dotnet-conversions.json
build/collections/dotnet.json
build/equality/dotnet.json
build/recursive/dotnet-values.json
build/recursive/dotnet-conversions.json
build/recursive/dotnet-native.json
build/recursive/dotnet-packages.json
build/recursive/dotnet-composition.json
build/recursive/dotnet-reproducibility.json
build/recursive/dotnet-conflicts.json
build/owned-dotnet-runtime/
build/owned-dotnet-layout/
build/owned-dotnet-values/
build/owned-dotnet-conversions/
build/owned-dotnet-callables/
build/owned-dotnet-callback-signatures/
build/owned-dotnet-loading/
build/owned-dotnet-packaging/
build/owned-dotnet-transfers/
build/owned-dotnet-transfer-packaging/
build/owned-dotnet-borrows/
build/owned-dotnet-borrow-packaging/
build/owned-dotnet-borrows.log
build/owned-dotnet-receivers/
build/owned-dotnet-receivers.log

2026-10-09T20:12:05.9101653Z   if-no-files-found: error
2026-10-09T20:12:05.9101782Z   overwrite: true
2026-10-09T20:12:05.9101898Z   retention-days: 30
2026-10-09T20:12:05.9102018Z   compression-level: 6
2026-10-09T20:12:05.9102145Z   include-hidden-files: false
2026-10-09T20:12:05.9102275Z   archive: true
2026-10-09T20:12:05.9102385Z env:
2026-10-09T20:12:05.9102486Z   NODE_VERSION: 22
2026-10-09T20:12:05.9102651Z   LEAN_BRIDGE_CONSUMER_PERFORMANCE_DIR: build/consumer-ci/performance
2026-10-09T20:12:05.9102853Z   TMPDIR: /home/runner/work/_temp
2026-10-09T20:12:05.9103048Z   NIX_PROFILES: /nix/var/nix/profiles/default /home/runner/.nix-profile
2026-10-09T20:12:05.9103270Z   NIX_SSL_CERT_FILE: /etc/ssl/certs/ca-certificates.crt
2026-10-09T20:12:05.9103442Z   DOTNET_ROOT: /usr/share/dotnet
2026-10-09T20:12:05.9103576Z ##[endgroup]
2026-10-09T20:12:06.0877029Z Multiple search paths detected. Calculating the least common ancestor of all paths
2026-10-09T20:12:06.0883664Z The least common ancestor is /home/runner/work/lean-bridge/lean-bridge/build. This will be the root directory of the artifact
2026-10-09T20:12:06.0884337Z With the provided path, there will be 77 files uploaded
2026-10-09T20:12:06.2643151Z Artifact name is valid!
2026-10-09T20:12:06.2643646Z Root directory input is valid!
2026-10-09T20:12:06.5495997Z Uploading artifact: type-corpus-dotnet-ff71335c762628da47887bfd4f208e62c39b94b7.zip
2026-10-09T20:12:06.5519489Z Beginning upload of artifact content to blob storage
2026-10-09T20:12:07.1081605Z Uploaded bytes 1053898
2026-10-09T20:12:07.1511411Z Finished uploading artifact content to blob storage!
2026-10-09T20:12:07.1512055Z SHA256 digest of uploaded artifact is 7400c6590c614ab7496c5c15c3d471a8a603899e5d540f456198731bd4e742d1
2026-10-09T20:12:07.1512513Z Finalizing artifact upload
2026-10-09T20:12:07.4517900Z Artifact type-corpus-dotnet-ff71335c762628da47887bfd4f208e62c39b94b7 successfully finalized. Artifact ID 11642638267
2026-10-09T20:12:07.4519056Z Artifact type-corpus-dotnet-ff71335c762628da47887bfd4f208e62c39b94b7 has been successfully uploaded! Final size is 1053898 bytes. Artifact ID is 11642638267
2026-10-09T20:12:07.4520481Z Artifact download URL: https://github.com/seanmorris/lean-bridge/actions/runs/37969725049/artifacts/11642638267
2026-10-09T20:12:07.4686530Z ##[group]Run for consumer in dotnet; do
2026-10-09T20:12:07.4686873Z [36;1mfor consumer in dotnet; do[0m
2026-10-09T20:12:07.4687065Z [36;1m  consumer_command="npm run test:consumer:managed"[0m
2026-10-09T20:12:07.4687255Z [36;1m  test_result="passed"[0m
2026-10-09T20:12:07.4687400Z [36;1m  executed="true"[0m
2026-10-09T20:12:07.4687550Z [36;1m  if [ "$consumer" = dotnet ]; then[0m
2026-10-09T20:12:07.4688339Z [36;1m    consumer_command="$consumer_command && LEAN_BRIDGE_NATIVE_DOTNET_TEST=1 node --test tests/native-dotnet.test.mjs && npm run test:type-corpus:dotnet && LEAN_BRIDGE_REVIEWED_NATIVE_PROFILES=dotnet node --test tests/type-corpus-reviewed-native.test.mjs && LEAN_BRIDGE_DOTNET_CALLABLE_TEST=1 node --test tests/dotnet-callables.test.mjs tests/dotnet-callable-contract.test.mjs"[0m
2026-10-09T20:12:07.4689319Z [36;1m    consumer_command="$consumer_command && LEAN_BRIDGE_DOTNET_STRUCTURED_CALLABLE_TEST=1 node --test tests/dotnet-structured-callables.test.mjs"[0m
2026-10-09T20:12:07.4689857Z [36;1m    consumer_command="$consumer_command && LEAN_BRIDGE_DOTNET_RECURSIVE_CALLABLE_TEST=1 node --test tests/dotnet-recursive-callables.test.mjs"[0m
2026-10-09T20:12:07.4690609Z [36;1m    consumer_command="$consumer_command && LEAN_BRIDGE_OWNED_NATIVE_TEST=1 node --test --test-concurrency=1 tests/owned-dotnet-runtime.test.mjs tests/owned-dotnet-layout.test.mjs tests/owned-dotnet-values.test.mjs tests/owned-dotnet-conversions.test.mjs"[0m
2026-10-09T20:12:07.4691536Z [36;1m    consumer_command="$consumer_command && LEAN_BRIDGE_OWNED_NATIVE_TEST=1 node --test --test-concurrency=1 tests/owned-dotnet-callables.test.mjs tests/owned-dotnet-callback-signatures.test.mjs tests/owned-dotnet-package.test.mjs"[0m
2026-10-09T20:12:07.4692331Z [36;1m    consumer_command="$consumer_command && LEAN_BRIDGE_OWNED_NATIVE_TEST=1 node --test --test-concurrency=1 tests/owned-dotnet-packaging.test.mjs tests/owned-dotnet-coexistence.test.mjs"[0m
2026-10-09T20:12:07.4692840Z [36;1m    consumer_command="$consumer_command && npm run test:owned-dotnet-transfers"[0m
2026-10-09T20:12:07.4693154Z [36;1m    consumer_command="$consumer_command && npm run test:owned-dotnet-borrows"[0m
2026-10-09T20:12:07.4693456Z [36;1m    consumer_command="$consumer_command && npm run test:owned-dotnet-receivers"[0m
2026-10-09T20:12:07.4693918Z [36;1m    consumer_command="$consumer_command && LEAN_BRIDGE_DOTNET_COMPOUND_TEST=1 node --test tests/dotnet-compounds.test.mjs tests/dotnet-compound-contract.test.mjs"[0m
2026-10-09T20:12:07.4694683Z [36;1m    consumer_command="$consumer_command && LEAN_BRIDGE_DOTNET_LIST_TEST=1 node --test tests/dotnet-lists.test.mjs tests/dotnet-list-contract.test.mjs"[0m
2026-10-09T20:12:07.4695177Z [36;1m    consumer_command="$consumer_command && LEAN_BRIDGE_DOTNET_ALIAS_TEST=1 node --test tests/dotnet-aliases.test.mjs"[0m
2026-10-09T20:12:07.4695653Z [36;1m    consumer_command="$consumer_command && LEAN_BRIDGE_GDB=/usr/bin/gdb LEAN_BRIDGE_DOTNET_FIN_TEST=1 node --test tests/dotnet-fin.test.mjs"[0m
2026-10-09T20:12:07.4696688Z [36;1m    consumer_command="$consumer_command && LEAN_BRIDGE_SPECIALIZATION_PROFILES=dotnet node --test tests/native-specializations.test.mjs && LEAN_BRIDGE_GENERIC_RECORD_PROFILES=dotnet node --test --test-name-pattern='relocated source-free native packages construct' tests/generic-records.test.mjs && LEAN_BRIDGE_GENERIC_RECORD_ARRAY_PROFILES=dotnet node --test --test-concurrency=1 tests/generic-record-arrays.test.mjs"[0m
2026-10-09T20:12:07.4697912Z [36;1m    consumer_command="$consumer_command && LEAN_BRIDGE_FIN_CONTAINER_ENTRY_COUNTERS=1 LEAN_BRIDGE_GDB=/usr/bin/gdb LEAN_BRIDGE_FIN_CONTAINER_PROFILES=dotnet LEAN_BRIDGE_REVIEWED_FIN_CONTAINER_PROFILES=dotnet node --test tests/native-fin-containers.test.mjs"[0m
2026-10-09T20:12:07.4698832Z [36;1m    consumer_command="$consumer_command && LEAN_BRIDGE_FIN_PRODUCT_PROFILES=dotnet LEAN_BRIDGE_REVIEWED_FIN_PRODUCT_PROFILES=dotnet node --test tests/native-fin-products.test.mjs"[0m
2026-10-09T20:12:07.4699636Z [36;1m    consumer_command="$consumer_command && LEAN_BRIDGE_FIN_PRODUCT_ARRAY_PROFILES=dotnet LEAN_BRIDGE_REVIEWED_FIN_PRODUCT_ARRAY_PROFILES=dotnet node --test tests/native-fin-product-arrays.test.mjs"[0m
2026-10-09T20:12:07.4700314Z [36;1m    consumer_command="$consumer_command && LEAN_BRIDGE_FIN_RECORD_PROFILES=dotnet LEAN_BRIDGE_REVIEWED_FIN_RECORD_PROFILES=dotnet node --test tests/native-fin-records.test.mjs"[0m
2026-10-09T20:12:07.4700865Z [36;1m    consumer_command="$consumer_command && LEAN_BRIDGE_SUBTYPE_PROFILES=dotnet node --test tests/native-subtype.test.mjs"[0m
2026-10-09T20:12:07.4701318Z [36;1m    consumer_command="$consumer_command && LEAN_BRIDGE_DOTNET_VARIANT_TEST=1 node --test tests/dotnet-variants.test.mjs"[0m
2026-10-09T20:12:07.4701802Z [36;1m    consumer_command="$consumer_command && LEAN_BRIDGE_DOTNET_CONVERSION_TEST=1 node --test tests/dotnet-collection-conversions.test.mjs"[0m
2026-10-09T20:12:07.4702292Z [36;1m    consumer_command="$consumer_command && LEAN_BRIDGE_DOTNET_COLLECTION_TEST=1 node --test tests/dotnet-collections.test.mjs"[0m
2026-10-09T20:12:07.4702764Z [36;1m    consumer_command="$consumer_command && LEAN_BRIDGE_DOTNET_EQUALITY_TEST=1 node --test tests/dotnet-value-equality.test.mjs"[0m
2026-10-09T20:12:07.4703236Z [36;1m    consumer_command="$consumer_command && LEAN_BRIDGE_DOTNET_GRAPH_TEST=1 node --test tests/dotnet-copied-graph-values.test.mjs"[0m
2026-10-09T20:12:07.4703819Z [36;1m    consumer_command="$consumer_command && LEAN_BRIDGE_DOTNET_GRAPH_CONVERSION_TEST=1 LEAN_BRIDGE_DOTNET_GRAPH_NATIVE_TEST=1 node --test tests/dotnet-copied-graph-conversions.test.mjs"[0m
2026-10-09T20:12:07.4704614Z [36;1m    consumer_command="$consumer_command && LEAN_BRIDGE_DOTNET_GRAPH_PACKAGE_TEST=1 LEAN_BRIDGE_DOTNET_GRAPH_INSTALLED_TEST=1 node --test tests/dotnet-graph-package.test.mjs"[0m
2026-10-09T20:12:07.4705185Z [36;1m    consumer_command="$consumer_command && LEAN_BRIDGE_DOTNET_GRAPH_COMPOSITION_TEST=1 node --test tests/dotnet-graph-package.test.mjs"[0m
2026-10-09T20:12:07.4705688Z [36;1m    consumer_command="$consumer_command && LEAN_BRIDGE_DOTNET_GRAPH_REPRODUCIBILITY_TEST=1 node --test tests/dotnet-graph-package.test.mjs"[0m
2026-10-09T20:12:07.4706183Z [36;1m    consumer_command="$consumer_command && LEAN_BRIDGE_DOTNET_GRAPH_CONFLICT_TEST=1 node --test tests/dotnet-graph-package.test.mjs"[0m
2026-10-09T20:12:07.4706546Z [36;1m    if [ "success" != success ] || [ "success" != success ]; then[0m
2026-10-09T20:12:07.4706751Z [36;1m      test_result=failed[0m
2026-10-09T20:12:07.4706903Z [36;1m      executed=false[0m
2026-10-09T20:12:07.4707038Z [36;1m    fi[0m
2026-10-09T20:12:07.4707152Z [36;1m  fi[0m
2026-10-09T20:12:07.4707275Z [36;1m  if [ "$consumer" = jvm ]; then[0m
2026-10-09T20:12:07.4707815Z [36;1m    consumer_command="$consumer_command && LEAN_BRIDGE_NATIVE_JVM_TEST=1 node --test tests/native-jvm.test.mjs && npm run test:type-corpus:jvm && LEAN_BRIDGE_REVIEWED_NATIVE_PROFILES=java,kotlin node --test tests/type-corpus-reviewed-native.test.mjs"[0m
2026-10-09T20:12:07.4708542Z [36;1m    consumer_command="$consumer_command && LEAN_BRIDGE_JVM_CALLABLE_TEST=1 node --test tests/jvm-callables.test.mjs tests/jvm-callable-contract.test.mjs"[0m
2026-10-09T20:12:07.4709078Z [36;1m    consumer_command="$consumer_command && LEAN_BRIDGE_JVM_STRUCTURED_CALLABLE_TEST=1 node --test tests/jvm-structured-callables.test.mjs"[0m
2026-10-09T20:12:07.4709583Z [36;1m    consumer_command="$consumer_command && LEAN_BRIDGE_JVM_RECURSIVE_CALLABLE_TEST=1 node --test tests/jvm-recursive-callables.test.mjs"[0m
2026-10-09T20:12:07.4710112Z [36;1m    consumer_command="$consumer_command && LEAN_BRIDGE_JVM_COMPOUND_TEST=1 node --test tests/jvm-compounds.test.mjs tests/jvm-compound-contract.test.mjs"[0m
2026-10-09T20:12:07.4710753Z [36;1m    consumer_command="$consumer_command && LEAN_BRIDGE_JVM_LIST_TEST=1 node --test tests/jvm-lists.test.mjs tests/jvm-list-contract.test.mjs"[0m
2026-10-09T20:12:07.4711307Z [36;1m    consumer_command="$consumer_command && LEAN_BRIDGE_JVM_ALIAS_TEST=1 node --test tests/jvm-aliases.test.mjs"[0m
2026-10-09T20:12:07.4711751Z [36;1m    consumer_command="$consumer_command && LEAN_BRIDGE_GDB=/usr/bin/gdb LEAN_BRIDGE_JVM_FIN_TEST=1 node --test tests/jvm-fin.test.mjs"[0m
2026-10-09T20:12:07.4712774Z [36;1m    consumer_command="$consumer_command && LEAN_BRIDGE_SPECIALIZATION_PROFILES=java,kotlin node --test tests/native-specializations.test.mjs && LEAN_BRIDGE_GENERIC_RECORD_PROFILES=java,kotlin node --test --test-name-pattern='relocated source-free native packages construct' tests/generic-records.test.mjs && LEAN_BRIDGE_GENERIC_RECORD_ARRAY_PROFILES=java,kotlin node --test --test-concurrency=1 tests/generic-record-arrays.test.mjs"[0m
2026-10-09T20:12:07.4714027Z [36;1m    consumer_command="$consumer_command && LEAN_BRIDGE_FIN_CONTAINER_ENTRY_COUNTERS=1 LEAN_BRIDGE_GDB=/usr/bin/gdb LEAN_BRIDGE_FIN_CONTAINER_PROFILES=java,kotlin LEAN_BRIDGE_REVIEWED_FIN_CONTAINER_PROFILES=java,kotlin node --test tests/native-fin-containers.test.mjs"[0m
2026-10-09T20:12:07.4714996Z [36;1m    consumer_command="$consumer_command && LEAN_BRIDGE_FIN_PRODUCT_PROFILES=java,kotlin LEAN_BRIDGE_REVIEWED_FIN_PRODUCT_PROFILES=java,kotlin node --test tests/native-fin-products.test.mjs"[0m
2026-10-09T20:12:07.4715711Z [36;1m    consumer_command="$consumer_command && LEAN_BRIDGE_FIN_PRODUCT_ARRAY_PROFILES=java,kotlin LEAN_BRIDGE_REVIEWED_FIN_PRODUCT_ARRAY_PROFILES=java,kotlin node --test tests/native-fin-product-arrays.test.mjs"[0m
2026-10-09T20:12:07.4716426Z [36;1m    consumer_command="$consumer_command && LEAN_BRIDGE_FIN_RECORD_PROFILES=java,kotlin LEAN_BRIDGE_REVIEWED_FIN_RECORD_PROFILES=java,kotlin node --test tests/native-fin-records.test.mjs"[0m
2026-10-09T20:12:07.4716995Z [36;1m    consumer_command="$consumer_command && LEAN_BRIDGE_SUBTYPE_PROFILES=java,kotlin node --test tests/native-subtype.test.mjs"[0m
2026-10-09T20:12:07.4717443Z [36;1m    consumer_command="$consumer_command && LEAN_BRIDGE_JVM_VARIANT_TEST=1 node --test tests/jvm-variants.test.mjs"[0m
2026-10-09T20:12:07.4717874Z [36;1m    consumer_command="$consumer_command && LEAN_BRIDGE_JVM_EQUALITY_TEST=1 node --test tests/jvm-value-equality.test.mjs"[0m
2026-10-09T20:12:07.4718322Z [36;1m    consumer_command="$consumer_command && LEAN_BRIDGE_JVM_GRAPH_TEST=1 node --test tests/jvm-copied-graph-values.test.mjs"[0m
2026-10-09T20:12:07.4718777Z [36;1m    consumer_command="$consumer_command && LEAN_BRIDGE_KOTLIN_GRAPH_TEST=1 node --test tests/jvm-copied-graph-kotlin.test.mjs"[0m
2026-10-09T20:12:07.4719302Z [36;1m    consumer_command="$consumer_command && LEAN_BRIDGE_JVM_GRAPH_PACKAGE_TEST=1 LEAN_BRIDGE_JVM_GRAPH_INSTALLED_TEST=1 node --test tests/jvm-graph-package.test.mjs"[0m
2026-10-09T20:12:07.4719881Z [36;1m    consumer_command="$consumer_command && LEAN_BRIDGE_JVM_GRAPH_REPRO_TEST=1 LEAN_BRIDGE_JVM_GRAPH_LOADING_TEST=1 node --test tests/jvm-graph-package.test.mjs"[0m
2026-10-09T20:12:07.4720488Z [36;1m    consumer_command="$consumer_command && LEAN_BRIDGE_JVM_GRAPH_CONVERSION_TEST=1 LEAN_BRIDGE_JVM_GRAPH_NATIVE_TEST=1 node --test tests/jvm-copied-graph-conversions.test.mjs"[0m
2026-10-09T20:12:07.4721047Z [36;1m    consumer_command="$consumer_command && LEAN_BRIDGE_JVM_CONVERSIONS_TEST=1 node --test tests/jvm-collection-conversions.test.mjs"[0m
2026-10-09T20:12:07.4721620Z [36;1m    consumer_command="$consumer_command && LEAN_BRIDGE_JVM_COLLECTION_PREFLIGHT=1 LEAN_BRIDGE_JVM_COLLECTION_PROFILES=java,kotlin node --test tests/jvm-collection-callers.test.mjs"[0m
2026-10-09T20:12:07.4722251Z [36;1m    consumer_command="$consumer_command && LEAN_BRIDGE_JVM_COLLECTION_TEST=1 LEAN_BRIDGE_JVM_COLLECTION_PROFILES=java,kotlin node --test tests/jvm-collections.test.mjs"[0m
2026-10-09T20:12:07.4722678Z [36;1m    if [ "skipped" != success ] || [ "skipped" != success ]; then[0m
2026-10-09T20:12:07.4722981Z [36;1m      test_result=failed[0m
2026-10-09T20:12:07.4723135Z [36;1m      executed=false[0m
2026-10-09T20:12:07.4723268Z [36;1m    fi[0m
2026-10-09T20:12:07.4723467Z [36;1m  fi[0m
2026-10-09T20:12:07.4723595Z [36;1m  if [ "$consumer" = ruby ]; then[0m
2026-10-09T20:12:07.4724116Z [36;1m    consumer_command="$consumer_command && LEAN_BRIDGE_NATIVE_RUBY_TEST=1 node --test tests/native-ruby.test.mjs && npm run test:type-corpus:ruby && LEAN_BRIDGE_REVIEWED_NATIVE_PROFILES=ruby node --test tests/type-corpus-reviewed-native.test.mjs"[0m
2026-10-09T20:12:07.4724926Z [36;1m    consumer_command="$consumer_command && LEAN_BRIDGE_RUBY_CALLABLE_TEST=1 node --test tests/ruby-callables.test.mjs"[0m
2026-10-09T20:12:07.4725423Z [36;1m    consumer_command="$consumer_command && LEAN_BRIDGE_RUBY_STRUCTURED_CALLABLE_TEST=1 node --test tests/ruby-structured-callables.test.mjs"[0m
2026-10-09T20:12:07.4726075Z [36;1m    consumer_command="$consumer_command && LEAN_BRIDGE_RUBY_RECURSIVE_CALLABLE_TEST=1 node --test --test-concurrency=1 tests/ruby-recursive-callables.test.mjs tests/ruby-recursive-callable-contract.test.mjs"[0m
2026-10-09T20:12:07.4726938Z [36;1m    consumer_command="$consumer_command && LEAN_BRIDGE_OWNED_NATIVE_TEST=1 node --test --test-concurrency=1 tests/owned-ruby-runtime.test.mjs tests/owned-ruby-values.test.mjs tests/owned-ruby-layout.test.mjs tests/owned-ruby-conversions.test.mjs"[0m
2026-10-09T20:12:07.4727856Z [36;1m    consumer_command="$consumer_command && LEAN_BRIDGE_OWNED_NATIVE_TEST=1 node --test --test-concurrency=1 tests/owned-ruby-gmp.test.mjs tests/owned-ruby-package.test.mjs tests/owned-ruby-packaging.test.mjs tests/owned-ruby-coexistence.test.mjs"[0m
2026-10-09T20:12:07.4728468Z [36;1m    consumer_command="$consumer_command && npm run test:owned-ruby-transfers"[0m
2026-10-09T20:12:07.4728767Z [36;1m    consumer_command="$consumer_command && npm run test:owned-ruby-borrows"[0m
2026-10-09T20:12:07.4729066Z [36;1m    consumer_command="$consumer_command && npm run test:owned-ruby-receivers"[0m
2026-10-09T20:12:07.4729507Z [36;1m    consumer_command="$consumer_command && LEAN_BRIDGE_RUBY_COMPOUND_TEST=1 node --test tests/ruby-compounds.test.mjs tests/ruby-compound-contract.test.mjs"[0m
2026-10-09T20:12:07.4730061Z [36;1m    consumer_command="$consumer_command && LEAN_BRIDGE_RUBY_LIST_TEST=1 node --test tests/ruby-lists.test.mjs tests/ruby-list-contract.test.mjs"[0m
2026-10-09T20:12:07.4730529Z [36;1m    consumer_command="$consumer_command && LEAN_BRIDGE_RUBY_ALIAS_TEST=1 node --test tests/ruby-aliases.test.mjs"[0m
2026-10-09T20:12:07.4730976Z [36;1m    consumer_command="$consumer_command && LEAN_BRIDGE_GDB=/usr/bin/gdb LEAN_BRIDGE_RUBY_FIN_TEST=1 node --test tests/ruby-fin.test.mjs"[0m
2026-10-09T20:12:07.4731963Z [36;1m    consumer_command="$consumer_command && LEAN_BRIDGE_SPECIALIZATION_PROFILES=ruby node --test tests/native-specializations.test.mjs && LEAN_BRIDGE_GENERIC_RECORD_PROFILES=ruby node --test --test-name-pattern='relocated source-free native packages construct' tests/generic-records.test.mjs && LEAN_BRIDGE_GENERIC_RECORD_ARRAY_PROFILES=ruby node --test --test-concurrency=1 tests/generic-record-arrays.test.mjs"[0m
2026-10-09T20:12:07.4733159Z [36;1m    consumer_command="$consumer_command && LEAN_BRIDGE_FIN_CONTAINER_ENTRY_COUNTERS=1 LEAN_BRIDGE_GDB=/usr/bin/gdb LEAN_BRIDGE_FIN_CONTAINER_PROFILES=ruby LEAN_BRIDGE_REVIEWED_FIN_CONTAINER_PROFILES=ruby node --test tests/native-fin-containers.test.mjs"[0m
2026-10-09T20:12:07.4733923Z [36;1m    consumer_command="$consumer_command && LEAN_BRIDGE_FIN_PRODUCT_PROFILES=ruby LEAN_BRIDGE_REVIEWED_FIN_PRODUCT_PROFILES=ruby node --test tests/native-fin-products.test.mjs"[0m
2026-10-09T20:12:07.4734722Z [36;1m    consumer_command="$consumer_command && LEAN_BRIDGE_FIN_PRODUCT_ARRAY_PROFILES=ruby LEAN_BRIDGE_REVIEWED_FIN_PRODUCT_ARRAY_PROFILES=ruby node --test tests/native-fin-product-arrays.test.mjs"[0m
2026-10-09T20:12:07.4735380Z [36;1m    consumer_command="$consumer_command && LEAN_BRIDGE_FIN_RECORD_PROFILES=ruby LEAN_BRIDGE_REVIEWED_FIN_RECORD_PROFILES=ruby node --test tests/native-fin-records.test.mjs"[0m
2026-10-09T20:12:07.4736099Z [36;1m    consumer_command="$consumer_command && LEAN_BRIDGE_SUBTYPE_PROFILES=ruby node --test tests/native-subtype.test.mjs"[0m
2026-10-09T20:12:07.4736537Z [36;1m    consumer_command="$consumer_command && LEAN_BRIDGE_RUBY_VARIANT_TEST=1 node --test tests/ruby-variants.test.mjs"[0m
2026-10-09T20:12:07.4737055Z [36;1m    consumer_command="$consumer_command && LEAN_BRIDGE_RUBY_COLLECTION_TEST=1 node --test tests/ruby-collections.test.mjs tests/ruby-collection-contract.test.mjs"[0m
2026-10-09T20:12:07.4737591Z [36;1m    consumer_command="$consumer_command && LEAN_BRIDGE_RUBY_GRAPH_TEST=1 node --test tests/ruby-copied-graph-values.test.mjs"[0m
2026-10-09T20:12:07.4738127Z [36;1m    consumer_command="$consumer_command && LEAN_BRIDGE_RUBY_GRAPH_TEST=1 LEAN_BRIDGE_RUBY_GRAPH_NATIVE_TEST=1 node --test tests/ruby-copied-graph-conversions.test.mjs"[0m
2026-10-09T20:12:07.4738663Z [36;1m    consumer_command="$consumer_command && LEAN_BRIDGE_RUBY_GRAPH_PACKAGE_TEST=1 node --test tests/ruby-graph-package.test.mjs"[0m
2026-10-09T20:12:07.4739022Z [36;1m    if [ "skipped" != success ] || [ "skipped" != success ]; then[0m
2026-10-09T20:12:07.4739226Z [36;1m      test_result=failed[0m
2026-10-09T20:12:07.4739374Z [36;1m      executed=false[0m
2026-10-09T20:12:07.4739506Z [36;1m    fi[0m
2026-10-09T20:12:07.4739615Z [36;1m  fi[0m
2026-10-09T20:12:07.4740218Z [36;1m  node scripts/consumer-ci.mjs record --consumer "$consumer" --output "build/consumer-ci/results/$consumer.json" --performance "build/consumer-ci/performance/$consumer.json" --test-result "$test_result" --package-installation "$executed" --real-lean-execution "$executed" --command "$consumer_command"[0m
2026-10-09T20:12:07.4740841Z [36;1mdone[0m
2026-10-09T20:12:07.4799497Z shell: /usr/bin/bash --noprofile --norc -e -o pipefail {0}
2026-10-09T20:12:07.4799702Z env:
2026-10-09T20:12:07.4799814Z   NODE_VERSION: 22
2026-10-09T20:12:07.4799996Z   LEAN_BRIDGE_CONSUMER_PERFORMANCE_DIR: build/consumer-ci/performance
2026-10-09T20:12:07.4800220Z   TMPDIR: /home/runner/work/_temp
2026-10-09T20:12:07.4800430Z   NIX_PROFILES: /nix/var/nix/profiles/default /home/runner/.nix-profile
2026-10-09T20:12:07.4800669Z   NIX_SSL_CERT_FILE: /etc/ssl/certs/ca-certificates.crt
2026-10-09T20:12:07.4800853Z   DOTNET_ROOT: /usr/share/dotnet
2026-10-09T20:12:07.4800996Z ##[endgroup]
2026-10-09T20:12:07.5089819Z dotnet: passed
2026-10-09T20:12:07.5168453Z ##[group]Run actions/upload-artifact@v7
2026-10-09T20:12:07.5168614Z with:
2026-10-09T20:12:07.5168821Z   name: consumer-results-managed-dotnet-ff71335c762628da47887bfd4f208e62c39b94b7
2026-10-09T20:12:07.5169083Z   path: build/consumer-ci/results/dotnet.json
2026-10-09T20:12:07.5169247Z   if-no-files-found: error
2026-10-09T20:12:07.5169379Z   overwrite: true
2026-10-09T20:12:07.5169496Z   retention-days: 30
2026-10-09T20:12:07.5169634Z   compression-level: 6
2026-10-09T20:12:07.5169764Z   include-hidden-files: false
2026-10-09T20:12:07.5169902Z   archive: true
2026-10-09T20:12:07.5170011Z env:
2026-10-09T20:12:07.5170119Z   NODE_VERSION: 22
2026-10-09T20:12:07.5170290Z   LEAN_BRIDGE_CONSUMER_PERFORMANCE_DIR: build/consumer-ci/performance
2026-10-09T20:12:07.5170495Z   TMPDIR: /home/runner/work/_temp
2026-10-09T20:12:07.5170695Z   NIX_PROFILES: /nix/var/nix/profiles/default /home/runner/.nix-profile
2026-10-09T20:12:07.5170934Z   NIX_SSL_CERT_FILE: /etc/ssl/certs/ca-certificates.crt
2026-10-09T20:12:07.5171113Z   DOTNET_ROOT: /usr/share/dotnet
2026-10-09T20:12:07.5171252Z ##[endgroup]
2026-10-09T20:12:07.6120765Z With the provided path, there will be 1 file uploaded
2026-10-09T20:12:07.7861198Z Artifact name is valid!
2026-10-09T20:12:07.7861514Z Root directory input is valid!
2026-10-09T20:12:08.0478771Z Uploading artifact: consumer-results-managed-dotnet-ff71335c762628da47887bfd4f208e62c39b94b7.zip
2026-10-09T20:12:08.0504227Z Beginning upload of artifact content to blob storage
2026-10-09T20:12:08.1931151Z Uploaded bytes 1240
2026-10-09T20:12:08.2330848Z Finished uploading artifact content to blob storage!
2026-10-09T20:12:08.2331409Z SHA256 digest of uploaded artifact is 11e20f7b784595e1a56174129d09c71dfbcb611cff9342110212cd3cd7ad9621
2026-10-09T20:12:08.2331767Z Finalizing artifact upload
2026-10-09T20:12:08.5345640Z Artifact consumer-results-managed-dotnet-ff71335c762628da47887bfd4f208e62c39b94b7 successfully finalized. Artifact ID 11642633198
2026-10-09T20:12:08.5346933Z Artifact consumer-results-managed-dotnet-ff71335c762628da47887bfd4f208e62c39b94b7 has been successfully uploaded! Final size is 1240 bytes. Artifact ID is 11642633198
2026-10-09T20:12:08.5347980Z Artifact download URL: https://github.com/seanmorris/lean-bridge/actions/runs/37969725049/artifacts/11642633198
2026-10-09T20:12:08.5485432Z Post job cleanup.
2026-10-09T20:12:08.6398122Z Post job cleanup.
2026-10-09T20:12:08.7215221Z Cache hit occurred on the primary key node-cache-Linux-x64-npm-26a2ea32ff9fbdbc806907cf3b846fc9f2d906ee6b040e7c2c0e2b49f755b41e, not saving cache.
2026-10-09T20:12:08.7332649Z Post job cleanup.
2026-10-09T20:12:08.7945432Z [command]/usr/bin/git version
2026-10-09T20:12:08.7968356Z git version 2.55.0
2026-10-09T20:12:08.7995106Z Temporarily overriding HOME='/home/runner/work/_temp/6b1338f9-e934-4c63-81d0-401e224956f9' before making global git config changes
2026-10-09T20:12:08.7996808Z Adding repository directory to the temporary git global config as a safe directory
2026-10-09T20:12:08.8000912Z [command]/usr/bin/git config --global --add safe.directory /home/runner/work/lean-bridge/lean-bridge
2026-10-09T20:12:08.8030428Z Removing SSH command configuration
2026-10-09T20:12:08.8035077Z [command]/usr/bin/git config --local --name-only --get-regexp core\.sshCommand
2026-10-09T20:12:08.8060800Z [command]/usr/bin/git submodule foreach --recursive sh -c "git config --local --name-only --get-regexp 'core\.sshCommand' && git config --local --unset-all 'core.sshCommand' || :"
2026-10-09T20:12:08.8257455Z Removing HTTP extra header
2026-10-09T20:12:08.8262044Z [command]/usr/bin/git config --local --name-only --get-regexp http\.https\:\/\/github\.com\/\.extraheader
2026-10-09T20:12:08.8289847Z [command]/usr/bin/git submodule foreach --recursive sh -c "git config --local --name-only --get-regexp 'http\.https\:\/\/github\.com\/\.extraheader' && git config --local --unset-all 'http.https://github.com/.extraheader' || :"
2026-10-09T20:12:08.8504100Z Removing includeIf entries pointing to credentials config files
2026-10-09T20:12:08.8510050Z [command]/usr/bin/git config --local --name-only --get-regexp ^includeIf\.gitdir:
2026-10-09T20:12:08.8539342Z [command]/usr/bin/git submodule foreach --recursive git config --local --show-origin --name-only --get-regexp remote.origin.url
2026-10-09T20:12:08.8846638Z Cleaning up orphan processes
