2026-10-09T18:53:32.1836840Z Current runner version: '2.337.0'
2026-10-09T18:53:32.1863828Z ##[group]Runner Image Provisioner
2026-10-09T18:53:32.1864821Z Hosted Compute Agent
2026-10-09T18:53:32.1865446Z Version: 20261002.596
2026-10-09T18:53:32.1866070Z Commit: c3d12f3313a95f25162a1503be624f3b0617f8c0
2026-10-09T18:53:32.1866944Z Build Date: 2026-10-02T22:28:27Z
2026-10-09T18:53:32.1868011Z Worker ID: {fe7437d8-7106-4de0-979a-ca019fc34d29}
2026-10-09T18:53:32.1868843Z Region: westus2
2026-10-09T18:53:32.1869429Z Cloud: Azure
2026-10-09T18:53:32.1869963Z ##[endgroup]
2026-10-09T18:53:32.1871515Z ##[group]Operating System
2026-10-09T18:53:32.1872197Z Ubuntu
2026-10-09T18:53:32.1872786Z 24.04.5
2026-10-09T18:53:32.1873331Z LTS
2026-10-09T18:53:32.1873872Z ##[endgroup]
2026-10-09T18:53:32.1874525Z ##[group]Runner Image
2026-10-09T18:53:32.1875248Z Image: ubuntu-24.04
2026-10-09T18:53:32.1875900Z Version: 20261004.327.1
2026-10-09T18:53:32.1877195Z Included Software: https://github.com/actions/runner-images/blob/ubuntu24/20261004.327/images/ubuntu/Ubuntu2404-Readme.md
2026-10-09T18:53:32.1879078Z Image Release: https://github.com/actions/runner-images/releases/tag/ubuntu24%2F20261004.327
2026-10-09T18:53:32.1880115Z ##[endgroup]
2026-10-09T18:53:32.1881281Z ##[group]GITHUB_TOKEN Permissions
2026-10-09T18:53:32.1883191Z Contents: read
2026-10-09T18:53:32.1883915Z Metadata: read
2026-10-09T18:53:32.1884664Z ##[endgroup]
2026-10-09T18:53:32.1886742Z Secret source: Actions
2026-10-09T18:53:32.1888076Z Cache mode: write
2026-10-09T18:53:32.1888813Z Prepare workflow directory
2026-10-09T18:53:32.2300677Z Prepare all required actions
2026-10-09T18:53:32.2350408Z Getting action download info
2026-10-09T18:53:32.6156332Z Download action repository 'actions/checkout@v6' (SHA:d23441a48e516b6c34aea4fa41551a30e30af803)
2026-10-09T18:53:32.7059597Z Download action repository 'actions/setup-node@v6' (SHA:249970729cb0ef3589644e2896645e5dc5ba9c38)
2026-10-09T18:53:32.7998145Z Download action repository 'cachix/install-nix-action@v31' (SHA:13d8dd58da0234aa297dedd986986ccb8e7f3e24)
2026-10-09T18:53:32.9538679Z Download action repository 'actions/upload-artifact@v7' (SHA:cf430e030ddbb5b0abf93d22962f4752f3646cd9)
2026-10-09T18:53:33.1565768Z Download action repository 'actions/setup-python@v7' (SHA:5fda3b95a4ea91299a34e894583c3862153e4b97)
2026-10-09T18:53:33.3828526Z Complete job name: Native consumer (python)
2026-10-09T18:53:33.4889856Z ##[group]Run actions/checkout@v6
2026-10-09T18:53:33.4890855Z with:
2026-10-09T18:53:33.4891380Z   persist-credentials: false
2026-10-09T18:53:33.4891983Z   repository: seanmorris/lean-bridge
2026-10-09T18:53:33.4896288Z   token: ***
2026-10-09T18:53:33.4896780Z   ssh-strict: true
2026-10-09T18:53:33.4897273Z   ssh-user: git
2026-10-09T18:53:33.4898142Z   clean: true
2026-10-09T18:53:33.4898773Z   sparse-checkout-cone-mode: true
2026-10-09T18:53:33.4899363Z   fetch-depth: 1
2026-10-09T18:53:33.4899851Z   fetch-tags: false
2026-10-09T18:53:33.4900355Z   show-progress: true
2026-10-09T18:53:33.4900863Z   lfs: false
2026-10-09T18:53:33.4901393Z   submodules: false
2026-10-09T18:53:33.4901913Z   set-safe-directory: true
2026-10-09T18:53:33.4902473Z   allow-unsafe-pr-checkout: false
2026-10-09T18:53:33.4903538Z env:
2026-10-09T18:53:33.4904025Z   NODE_VERSION: 22
2026-10-09T18:53:33.4904728Z   LEAN_BRIDGE_CONSUMER_PERFORMANCE_DIR: build/consumer-ci/performance
2026-10-09T18:53:33.4905585Z ##[endgroup]
2026-10-09T18:53:33.5975397Z Syncing repository: seanmorris/lean-bridge
2026-10-09T18:53:33.5978243Z ##[group]Getting Git version info
2026-10-09T18:53:33.5979180Z Working directory is '/home/runner/work/lean-bridge/lean-bridge'
2026-10-09T18:53:33.5980388Z [command]/usr/bin/git version
2026-10-09T18:53:33.6054589Z git version 2.55.0
2026-10-09T18:53:33.6077266Z ##[endgroup]
2026-10-09T18:53:33.6097924Z Temporarily overriding HOME='/home/runner/work/_temp/ef2eccd9-2e36-47b7-a3e7-2f0453ecc482' before making global git config changes
2026-10-09T18:53:33.6101400Z Adding repository directory to the temporary git global config as a safe directory
2026-10-09T18:53:33.6105079Z [command]/usr/bin/git config --global --add safe.directory /home/runner/work/lean-bridge/lean-bridge
2026-10-09T18:53:33.6165987Z Deleting the contents of '/home/runner/work/lean-bridge/lean-bridge'
2026-10-09T18:53:33.6171515Z ##[group]Determining repository object format
2026-10-09T18:53:33.6174455Z ##[endgroup]
2026-10-09T18:53:33.6176000Z ##[group]Initializing the repository
2026-10-09T18:53:33.6181042Z [command]/usr/bin/git init /home/runner/work/lean-bridge/lean-bridge
2026-10-09T18:53:33.6306623Z hint: Using 'master' as the name for the initial branch. This default branch name
2026-10-09T18:53:33.6309155Z hint: will change to "main" in Git 3.0. To configure the initial branch name
2026-10-09T18:53:33.6311321Z hint: to use in all of your new repositories, which will suppress this warning,
2026-10-09T18:53:33.6313167Z hint: call:
2026-10-09T18:53:33.6314145Z hint:
2026-10-09T18:53:33.6315268Z hint: 	git config --global init.defaultBranch <name>
2026-10-09T18:53:33.6316532Z hint:
2026-10-09T18:53:33.6318144Z hint: Names commonly chosen instead of 'master' are 'main', 'trunk' and
2026-10-09T18:53:33.6320169Z hint: 'development'. The just-created branch can be renamed via this command:
2026-10-09T18:53:33.6321599Z hint:
2026-10-09T18:53:33.6322458Z hint: 	git branch -m <name>
2026-10-09T18:53:33.6323489Z hint:
2026-10-09T18:53:33.6324935Z hint: Disable this message with "git config set advice.defaultBranchName false"
2026-10-09T18:53:33.6327079Z Initialized empty Git repository in /home/runner/work/lean-bridge/lean-bridge/.git/
2026-10-09T18:53:33.6330973Z [command]/usr/bin/git remote add origin https://github.com/seanmorris/lean-bridge
2026-10-09T18:53:33.6394019Z ##[endgroup]
2026-10-09T18:53:33.6396002Z ##[group]Disabling automatic garbage collection
2026-10-09T18:53:33.6398298Z [command]/usr/bin/git config --local gc.auto 0
2026-10-09T18:53:33.6439355Z ##[endgroup]
2026-10-09T18:53:33.6441973Z ##[group]Setting up auth
2026-10-09T18:53:33.6443613Z Removing SSH command configuration
2026-10-09T18:53:33.6448469Z [command]/usr/bin/git config --local --name-only --get-regexp core\.sshCommand
2026-10-09T18:53:33.6487283Z [command]/usr/bin/git submodule foreach --recursive sh -c "git config --local --name-only --get-regexp 'core\.sshCommand' && git config --local --unset-all 'core.sshCommand' || :"
2026-10-09T18:53:33.6922915Z Removing HTTP extra header
2026-10-09T18:53:33.6929951Z [command]/usr/bin/git config --local --name-only --get-regexp http\.https\:\/\/github\.com\/\.extraheader
2026-10-09T18:53:33.6970148Z [command]/usr/bin/git submodule foreach --recursive sh -c "git config --local --name-only --get-regexp 'http\.https\:\/\/github\.com\/\.extraheader' && git config --local --unset-all 'http.https://github.com/.extraheader' || :"
2026-10-09T18:53:33.7192820Z Removing includeIf entries pointing to credentials config files
2026-10-09T18:53:33.7200396Z [command]/usr/bin/git config --local --name-only --get-regexp ^includeIf\.gitdir:
2026-10-09T18:53:33.7238678Z [command]/usr/bin/git submodule foreach --recursive git config --local --show-origin --name-only --get-regexp remote.origin.url
2026-10-09T18:53:33.7468340Z [command]/usr/bin/git config --file /home/runner/work/_temp/git-credentials-adfdc87e-da97-4470-a462-06463e19e26e.config http.https://github.com/.extraheader AUTHORIZATION: basic ***
2026-10-09T18:53:33.7511783Z [command]/usr/bin/git config --local includeIf.gitdir:/home/runner/work/lean-bridge/lean-bridge/.git.path /home/runner/work/_temp/git-credentials-adfdc87e-da97-4470-a462-06463e19e26e.config
2026-10-09T18:53:33.7547252Z [command]/usr/bin/git config --local includeIf.gitdir:/home/runner/work/lean-bridge/lean-bridge/.git/worktrees/*.path /home/runner/work/_temp/git-credentials-adfdc87e-da97-4470-a462-06463e19e26e.config
2026-10-09T18:53:33.7590538Z [command]/usr/bin/git config --local includeIf.gitdir:/github/workspace/.git.path /github/runner_temp/git-credentials-adfdc87e-da97-4470-a462-06463e19e26e.config
2026-10-09T18:53:33.7628458Z [command]/usr/bin/git config --local includeIf.gitdir:/github/workspace/.git/worktrees/*.path /github/runner_temp/git-credentials-adfdc87e-da97-4470-a462-06463e19e26e.config
2026-10-09T18:53:33.7676463Z ##[endgroup]
2026-10-09T18:53:33.7677364Z ##[group]Fetching the repository
2026-10-09T18:53:33.7679544Z [command]/usr/bin/git -c protocol.version=2 fetch --no-tags --prune --no-recurse-submodules --depth=1 origin +ff71335c762628da47887bfd4f208e62c39b94b7:refs/remotes/origin/agent/generic-record-arrays-integration-vo1439
2026-10-09T18:53:41.4454130Z From https://github.com/seanmorris/lean-bridge
2026-10-09T18:53:41.4455297Z  * [new ref]         ff71335c762628da47887bfd4f208e62c39b94b7 -> origin/agent/generic-record-arrays-integration-vo1439
2026-10-09T18:53:41.4463623Z [command]/usr/bin/git branch --list --remote origin/agent/generic-record-arrays-integration-vo1439
2026-10-09T18:53:41.4492782Z   origin/agent/generic-record-arrays-integration-vo1439
2026-10-09T18:53:41.4502504Z [command]/usr/bin/git rev-parse refs/remotes/origin/agent/generic-record-arrays-integration-vo1439
2026-10-09T18:53:41.4528305Z ff71335c762628da47887bfd4f208e62c39b94b7
2026-10-09T18:53:41.4533162Z ##[endgroup]
2026-10-09T18:53:41.4534144Z ##[group]Determining the checkout info
2026-10-09T18:53:41.4540477Z ##[endgroup]
2026-10-09T18:53:41.4547128Z [command]/usr/bin/git sparse-checkout disable
2026-10-09T18:53:41.4593231Z [command]/usr/bin/git config --local --unset-all extensions.worktreeConfig
2026-10-09T18:53:41.4624750Z ##[group]Checking out the ref
2026-10-09T18:53:41.4629517Z [command]/usr/bin/git checkout --progress --force -B agent/generic-record-arrays-integration-vo1439 refs/remotes/origin/agent/generic-record-arrays-integration-vo1439
2026-10-09T18:53:42.4922901Z Updating files:  28% (2137/7521)
2026-10-09T18:53:42.5020961Z Updating files:  29% (2182/7521)
2026-10-09T18:53:42.5096064Z Updating files:  30% (2257/7521)
2026-10-09T18:53:42.5199568Z Updating files:  31% (2332/7521)
2026-10-09T18:53:42.5331372Z Updating files:  32% (2407/7521)
2026-10-09T18:53:42.5458313Z Updating files:  33% (2482/7521)
2026-10-09T18:53:42.5537368Z Updating files:  34% (2558/7521)
2026-10-09T18:53:42.6203940Z Updating files:  35% (2633/7521)
2026-10-09T18:53:42.6485964Z Updating files:  36% (2708/7521)
2026-10-09T18:53:42.6536445Z Updating files:  37% (2783/7521)
2026-10-09T18:53:42.6574735Z Updating files:  38% (2858/7521)
2026-10-09T18:53:42.6614979Z Updating files:  39% (2934/7521)
2026-10-09T18:53:42.6658202Z Updating files:  40% (3009/7521)
2026-10-09T18:53:42.6691107Z Updating files:  41% (3084/7521)
2026-10-09T18:53:42.6722891Z Updating files:  42% (3159/7521)
2026-10-09T18:53:42.6769228Z Updating files:  43% (3235/7521)
2026-10-09T18:53:42.6795575Z Updating files:  44% (3310/7521)
2026-10-09T18:53:42.6848741Z Updating files:  45% (3385/7521)
2026-10-09T18:53:42.6948420Z Updating files:  46% (3460/7521)
2026-10-09T18:53:42.7007324Z Updating files:  47% (3535/7521)
2026-10-09T18:53:42.7064074Z Updating files:  48% (3611/7521)
2026-10-09T18:53:42.7123548Z Updating files:  49% (3686/7521)
2026-10-09T18:53:42.7180474Z Updating files:  50% (3761/7521)
2026-10-09T18:53:42.7237574Z Updating files:  51% (3836/7521)
2026-10-09T18:53:42.7294902Z Updating files:  52% (3911/7521)
2026-10-09T18:53:42.7356288Z Updating files:  53% (3987/7521)
2026-10-09T18:53:42.7410860Z Updating files:  54% (4062/7521)
2026-10-09T18:53:42.7473018Z Updating files:  55% (4137/7521)
2026-10-09T18:53:42.7519314Z Updating files:  56% (4212/7521)
2026-10-09T18:53:42.7567058Z Updating files:  57% (4287/7521)
2026-10-09T18:53:42.7603014Z Updating files:  58% (4363/7521)
2026-10-09T18:53:42.7649428Z Updating files:  59% (4438/7521)
2026-10-09T18:53:42.7687920Z Updating files:  60% (4513/7521)
2026-10-09T18:53:42.7721525Z Updating files:  61% (4588/7521)
2026-10-09T18:53:42.7764101Z Updating files:  62% (4664/7521)
2026-10-09T18:53:42.7804424Z Updating files:  63% (4739/7521)
2026-10-09T18:53:42.7851021Z Updating files:  64% (4814/7521)
2026-10-09T18:53:42.7906570Z Updating files:  65% (4889/7521)
2026-10-09T18:53:42.7961744Z Updating files:  66% (4964/7521)
2026-10-09T18:53:42.8012987Z Updating files:  67% (5040/7521)
2026-10-09T18:53:42.8058817Z Updating files:  68% (5115/7521)
2026-10-09T18:53:42.8106063Z Updating files:  69% (5190/7521)
2026-10-09T18:53:42.8155229Z Updating files:  70% (5265/7521)
2026-10-09T18:53:42.8206346Z Updating files:  71% (5340/7521)
2026-10-09T18:53:42.8255747Z Updating files:  72% (5416/7521)
2026-10-09T18:53:42.8309698Z Updating files:  73% (5491/7521)
2026-10-09T18:53:42.8374773Z Updating files:  74% (5566/7521)
2026-10-09T18:53:42.8416529Z Updating files:  75% (5641/7521)
2026-10-09T18:53:42.8475559Z Updating files:  76% (5716/7521)
2026-10-09T18:53:42.8527860Z Updating files:  77% (5792/7521)
2026-10-09T18:53:42.8586398Z Updating files:  78% (5867/7521)
2026-10-09T18:53:42.8641984Z Updating files:  79% (5942/7521)
2026-10-09T18:53:42.8683513Z Updating files:  80% (6017/7521)
2026-10-09T18:53:42.8730254Z Updating files:  81% (6093/7521)
2026-10-09T18:53:42.8774152Z Updating files:  82% (6168/7521)
2026-10-09T18:53:42.8821077Z Updating files:  83% (6243/7521)
2026-10-09T18:53:42.8861988Z Updating files:  84% (6318/7521)
2026-10-09T18:53:42.8903196Z Updating files:  85% (6393/7521)
2026-10-09T18:53:42.8950797Z Updating files:  86% (6469/7521)
2026-10-09T18:53:42.9000082Z Updating files:  87% (6544/7521)
2026-10-09T18:53:42.9050427Z Updating files:  88% (6619/7521)
2026-10-09T18:53:42.9108103Z Updating files:  89% (6694/7521)
2026-10-09T18:53:42.9172966Z Updating files:  90% (6769/7521)
2026-10-09T18:53:42.9225394Z Updating files:  91% (6845/7521)
2026-10-09T18:53:42.9274763Z Updating files:  92% (6920/7521)
2026-10-09T18:53:42.9324892Z Updating files:  93% (6995/7521)
2026-10-09T18:53:42.9370968Z Updating files:  94% (7070/7521)
2026-10-09T18:53:42.9425825Z Updating files:  95% (7145/7521)
2026-10-09T18:53:42.9475560Z Updating files:  96% (7221/7521)
2026-10-09T18:53:42.9529871Z Updating files:  97% (7296/7521)
2026-10-09T18:53:42.9578296Z Updating files:  98% (7371/7521)
2026-10-09T18:53:42.9624995Z Updating files:  99% (7446/7521)
2026-10-09T18:53:42.9625682Z Updating files: 100% (7521/7521)
2026-10-09T18:53:42.9626346Z Updating files: 100% (7521/7521), done.
2026-10-09T18:53:42.9729307Z Switched to a new branch 'agent/generic-record-arrays-integration-vo1439'
2026-10-09T18:53:42.9736050Z branch 'agent/generic-record-arrays-integration-vo1439' set up to track 'origin/agent/generic-record-arrays-integration-vo1439'.
2026-10-09T18:53:42.9798529Z ##[endgroup]
2026-10-09T18:53:42.9852811Z [command]/usr/bin/git log -1 --format=%H
2026-10-09T18:53:42.9882279Z ff71335c762628da47887bfd4f208e62c39b94b7
2026-10-09T18:53:42.9892653Z ##[group]Removing auth
2026-10-09T18:53:42.9893175Z Removing SSH command configuration
2026-10-09T18:53:42.9898717Z [command]/usr/bin/git config --local --name-only --get-regexp core\.sshCommand
2026-10-09T18:53:42.9937039Z [command]/usr/bin/git submodule foreach --recursive sh -c "git config --local --name-only --get-regexp 'core\.sshCommand' && git config --local --unset-all 'core.sshCommand' || :"
2026-10-09T18:53:43.0183465Z Removing HTTP extra header
2026-10-09T18:53:43.0190796Z [command]/usr/bin/git config --local --name-only --get-regexp http\.https\:\/\/github\.com\/\.extraheader
2026-10-09T18:53:43.0229605Z [command]/usr/bin/git submodule foreach --recursive sh -c "git config --local --name-only --get-regexp 'http\.https\:\/\/github\.com\/\.extraheader' && git config --local --unset-all 'http.https://github.com/.extraheader' || :"
2026-10-09T18:53:43.0469310Z Removing includeIf entries pointing to credentials config files
2026-10-09T18:53:43.0475648Z [command]/usr/bin/git config --local --name-only --get-regexp ^includeIf\.gitdir:
2026-10-09T18:53:43.0507873Z includeif.gitdir:/home/runner/work/lean-bridge/lean-bridge/.git.path
2026-10-09T18:53:43.0509102Z includeif.gitdir:/home/runner/work/lean-bridge/lean-bridge/.git/worktrees/*.path
2026-10-09T18:53:43.0509929Z includeif.gitdir:/github/workspace/.git.path
2026-10-09T18:53:43.0510603Z includeif.gitdir:/github/workspace/.git/worktrees/*.path
2026-10-09T18:53:43.0524494Z [command]/usr/bin/git config --local --get-all includeif.gitdir:/home/runner/work/lean-bridge/lean-bridge/.git.path
2026-10-09T18:53:43.0551437Z /home/runner/work/_temp/git-credentials-adfdc87e-da97-4470-a462-06463e19e26e.config
2026-10-09T18:53:43.0561837Z [command]/usr/bin/git config --local --unset includeif.gitdir:/home/runner/work/lean-bridge/lean-bridge/.git.path /home/runner/work/_temp/git-credentials-adfdc87e-da97-4470-a462-06463e19e26e.config
2026-10-09T18:53:43.0602484Z [command]/usr/bin/git config --local --get-all includeif.gitdir:/home/runner/work/lean-bridge/lean-bridge/.git/worktrees/*.path
2026-10-09T18:53:43.0631600Z /home/runner/work/_temp/git-credentials-adfdc87e-da97-4470-a462-06463e19e26e.config
2026-10-09T18:53:43.0641381Z [command]/usr/bin/git config --local --unset includeif.gitdir:/home/runner/work/lean-bridge/lean-bridge/.git/worktrees/*.path /home/runner/work/_temp/git-credentials-adfdc87e-da97-4470-a462-06463e19e26e.config
2026-10-09T18:53:43.0684409Z [command]/usr/bin/git config --local --get-all includeif.gitdir:/github/workspace/.git.path
2026-10-09T18:53:43.0711005Z /github/runner_temp/git-credentials-adfdc87e-da97-4470-a462-06463e19e26e.config
2026-10-09T18:53:43.0719912Z [command]/usr/bin/git config --local --unset includeif.gitdir:/github/workspace/.git.path /github/runner_temp/git-credentials-adfdc87e-da97-4470-a462-06463e19e26e.config
2026-10-09T18:53:43.0755016Z [command]/usr/bin/git config --local --get-all includeif.gitdir:/github/workspace/.git/worktrees/*.path
2026-10-09T18:53:43.0780768Z /github/runner_temp/git-credentials-adfdc87e-da97-4470-a462-06463e19e26e.config
2026-10-09T18:53:43.0787326Z [command]/usr/bin/git config --local --unset includeif.gitdir:/github/workspace/.git/worktrees/*.path /github/runner_temp/git-credentials-adfdc87e-da97-4470-a462-06463e19e26e.config
2026-10-09T18:53:43.0823679Z [command]/usr/bin/git submodule foreach --recursive git config --local --show-origin --name-only --get-regexp remote.origin.url
2026-10-09T18:53:43.1060389Z Removing credentials config '/home/runner/work/_temp/git-credentials-adfdc87e-da97-4470-a462-06463e19e26e.config'
2026-10-09T18:53:43.1067884Z ##[endgroup]
2026-10-09T18:53:43.1329257Z ##[group]Run actions/setup-node@v6
2026-10-09T18:53:43.1329561Z with:
2026-10-09T18:53:43.1329765Z   node-version: 22
2026-10-09T18:53:43.1359887Z   cache: npm
2026-10-09T18:53:43.1360169Z   check-latest: false
2026-10-09T18:53:43.1362986Z   token: ***
2026-10-09T18:53:43.1363232Z   package-manager-cache: true
2026-10-09T18:53:43.1363479Z env:
2026-10-09T18:53:43.1363666Z   NODE_VERSION: 22
2026-10-09T18:53:43.1363982Z   LEAN_BRIDGE_CONSUMER_PERFORMANCE_DIR: build/consumer-ci/performance
2026-10-09T18:53:43.1364364Z ##[endgroup]
2026-10-09T18:53:43.2849098Z Found in cache @ /opt/hostedtoolcache/node/22.23.3/x64
2026-10-09T18:53:43.2850972Z ##[group]Environment details
2026-10-09T18:53:43.7269959Z node: v22.23.3
2026-10-09T18:53:43.7270425Z npm: 10.9.9
2026-10-09T18:53:43.7270820Z yarn: 1.22.22
2026-10-09T18:53:43.7272032Z ##[endgroup]
2026-10-09T18:53:43.7290383Z [command]/opt/hostedtoolcache/node/22.23.3/x64/bin/npm config get cache
2026-10-09T18:53:43.8509330Z /home/runner/.npm
2026-10-09T18:53:44.1221773Z Cache hit for: node-cache-Linux-x64-npm-26a2ea32ff9fbdbc806907cf3b846fc9f2d906ee6b040e7c2c0e2b49f755b41e
2026-10-09T18:53:45.4147995Z Received 0 of 55090959 (0.0%), 0.0 MBs/sec
2026-10-09T18:53:46.0110914Z Received 55090959 of 55090959 (100.0%), 32.9 MBs/sec
2026-10-09T18:53:46.0112150Z Cache Size: ~53 MB (55090959 B)
2026-10-09T18:53:46.0151160Z [command]/usr/bin/tar -xf /home/runner/work/_temp/d62273f0-8a70-45b7-ac87-1509cf0b6785/cache.tzst -P -C /home/runner/work/lean-bridge/lean-bridge --use-compress-program unzstd
2026-10-09T18:53:46.1728375Z Cache restored successfully
2026-10-09T18:53:46.1763466Z Cache restored from key: node-cache-Linux-x64-npm-26a2ea32ff9fbdbc806907cf3b846fc9f2d906ee6b040e7c2c0e2b49f755b41e
2026-10-09T18:53:46.1979486Z ##[group]Run cachix/install-nix-action@v31
2026-10-09T18:53:46.1979993Z with:
2026-10-09T18:53:46.1980198Z   enable_kvm: true
2026-10-09T18:53:46.1980417Z   set_as_trusted_user: true
2026-10-09T18:53:46.1980650Z env:
2026-10-09T18:53:46.1980837Z   NODE_VERSION: 22
2026-10-09T18:53:46.1981152Z   LEAN_BRIDGE_CONSUMER_PERFORMANCE_DIR: build/consumer-ci/performance
2026-10-09T18:53:46.1981525Z ##[endgroup]
2026-10-09T18:53:46.2043006Z ##[start-action display=Run ${GITHUB_ACTION_PATH}/install-nix.sh;id=__cachix_install-nix-action.__run]
2026-10-09T18:53:46.2079538Z ##[group]Run ${GITHUB_ACTION_PATH}/install-nix.sh
2026-10-09T18:53:46.2079957Z [36;1m${GITHUB_ACTION_PATH}/install-nix.sh[0m
2026-10-09T18:53:46.2348122Z shell: /usr/bin/bash --noprofile --norc -e -o pipefail {0}
2026-10-09T18:53:46.2348649Z env:
2026-10-09T18:53:46.2348926Z   NODE_VERSION: 22
2026-10-09T18:53:46.2349389Z   LEAN_BRIDGE_CONSUMER_PERFORMANCE_DIR: build/consumer-ci/performance
2026-10-09T18:53:46.2350016Z   INPUT_EXTRA_NIX_CONFIG: 
2026-10-09T18:53:46.2350367Z   INPUT_GITHUB_ACCESS_TOKEN: 
2026-10-09T18:53:46.2350729Z   INPUT_INSTALL_OPTIONS: 
2026-10-09T18:53:46.2351056Z   INPUT_INSTALL_URL: 
2026-10-09T18:53:46.2351383Z   INPUT_NIX_PATH: 
2026-10-09T18:53:46.2351686Z   INPUT_ENABLE_KVM: true
2026-10-09T18:53:46.2352032Z   INPUT_SET_AS_TRUSTED_USER: true
2026-10-09T18:53:46.2356532Z   GITHUB_TOKEN: ***
2026-10-09T18:53:46.2356760Z ##[endgroup]
2026-10-09T18:53:46.2504982Z ##[group]Enabling KVM support
2026-10-09T18:53:46.2581665Z KERNEL=="kvm", GROUP="kvm", MODE="0666", OPTIONS+="static_node=kvm"
2026-10-09T18:53:46.2899876Z Enabled KVM
2026-10-09T18:53:46.2900409Z ##[endgroup]
2026-10-09T18:53:46.2901083Z ##[group]Installing Nix
2026-10-09T18:53:46.3205144Z installer options: --no-channel-add --nix-extra-conf-file /tmp/tmp.oThOfUMNgg/nix.conf --daemon --daemon-user-count 8
2026-10-09T18:53:46.3366187Z * Host releases.nixos.org:443 was resolved.
2026-10-09T18:53:46.3366788Z * IPv6: 2a04:4e42:5::347
2026-10-09T18:53:46.3367201Z * IPv4: 151.101.21.91
2026-10-09T18:53:46.3367837Z *   Trying 151.101.21.91:443...
2026-10-09T18:53:46.3413558Z * Connected to releases.nixos.org (151.101.21.91) port 443
2026-10-09T18:53:46.3430082Z * ALPN: curl offers h2,http/1.1
2026-10-09T18:53:46.3432135Z } [5 bytes data]
2026-10-09T18:53:46.3432768Z * TLSv1.3 (OUT), TLS handshake, Client hello (1):
2026-10-09T18:53:46.3433328Z } [512 bytes data]
2026-10-09T18:53:46.3611589Z *  CAfile: /etc/ssl/certs/ca-certificates.crt
2026-10-09T18:53:46.3612451Z *  CApath: /etc/ssl/certs
2026-10-09T18:53:46.3612888Z { [5 bytes data]
2026-10-09T18:53:46.3613461Z * TLSv1.3 (IN), TLS handshake, Server hello (2):
2026-10-09T18:53:46.3614052Z { [122 bytes data]
2026-10-09T18:53:46.3614676Z * TLSv1.3 (IN), TLS handshake, Encrypted Extensions (8):
2026-10-09T18:53:46.3615280Z { [19 bytes data]
2026-10-09T18:53:46.3615819Z * TLSv1.3 (IN), TLS handshake, Certificate (11):
2026-10-09T18:53:46.3616384Z { [4081 bytes data]
2026-10-09T18:53:46.3625018Z * TLSv1.3 (IN), TLS handshake, CERT verify (15):
2026-10-09T18:53:46.3625647Z { [264 bytes data]
2026-10-09T18:53:46.3628768Z * TLSv1.3 (IN), TLS handshake, Finished (20):
2026-10-09T18:53:46.3629521Z { [36 bytes data]
2026-10-09T18:53:46.3630361Z * TLSv1.3 (OUT), TLS change cipher, Change cipher spec (1):
2026-10-09T18:53:46.3631150Z } [1 bytes data]
2026-10-09T18:53:46.3631807Z * TLSv1.3 (OUT), TLS handshake, Finished (20):
2026-10-09T18:53:46.3632263Z } [36 bytes data]
2026-10-09T18:53:46.3632882Z * SSL connection using TLSv1.3 / TLS_AES_128_GCM_SHA256 / X25519 / RSASSA-PSS
2026-10-09T18:53:46.3633499Z * ALPN: server accepted h2
2026-10-09T18:53:46.3633872Z * Server certificate:
2026-10-09T18:53:46.3634282Z *  subject: CN=releases.nixos.org
2026-10-09T18:53:46.3634762Z *  start date: Sep  9 22:18:06 2026 GMT
2026-10-09T18:53:46.3635263Z *  expire date: Dec  8 22:18:05 2026 GMT
2026-10-09T18:53:46.3636021Z *  subjectAltName: host "releases.nixos.org" matched cert's "releases.nixos.org"
2026-10-09T18:53:46.3637154Z *  issuer: C=US; O=Let's Encrypt; CN=YR1
2026-10-09T18:53:46.3637893Z *  SSL certificate verify ok.
2026-10-09T18:53:46.3638979Z *   Certificate level 0: Public key type RSA (2048/112 Bits/secBits), signed using sha256WithRSAEncryption
2026-10-09T18:53:46.3639915Z *   Certificate level 1: Public key type RSA (2048/112 Bits/secBits), signed using sha256WithRSAEncryption
2026-10-09T18:53:46.3640798Z *   Certificate level 2: Public key type RSA (4096/152 Bits/secBits), signed using sha256WithRSAEncryption
2026-10-09T18:53:46.3641654Z *   Certificate level 3: Public key type RSA (4096/152 Bits/secBits), signed using sha256WithRSAEncryption
2026-10-09T18:53:46.3642171Z { [5 bytes data]
2026-10-09T18:53:46.3642532Z * TLSv1.3 (IN), TLS handshake, Newsession Ticket (4):
2026-10-09T18:53:46.3642888Z { [201 bytes data]
2026-10-09T18:53:46.3643115Z * using HTTP/2
2026-10-09T18:53:46.3643591Z * [HTTP/2] [1] OPENED stream for https://releases.nixos.org/nix/nix-2.35.2/install
2026-10-09T18:53:46.3644066Z * [HTTP/2] [1] [:method: GET]
2026-10-09T18:53:46.3644382Z * [HTTP/2] [1] [:scheme: https]
2026-10-09T18:53:46.3644756Z * [HTTP/2] [1] [:authority: releases.nixos.org]
2026-10-09T18:53:46.3645164Z * [HTTP/2] [1] [:path: /nix/nix-2.35.2/install]
2026-10-09T18:53:46.3645527Z * [HTTP/2] [1] [user-agent: curl/8.5.0]
2026-10-09T18:53:46.3645848Z * [HTTP/2] [1] [accept: */*]
2026-10-09T18:53:46.3646100Z } [5 bytes data]
2026-10-09T18:53:46.3646379Z > GET /nix/nix-2.35.2/install HTTP/2
2026-10-09T18:53:46.3646687Z > Host: releases.nixos.org
2026-10-09T18:53:46.3646968Z > User-Agent: curl/8.5.0
2026-10-09T18:53:46.3647218Z > Accept: */*
2026-10-09T18:53:46.3647430Z > 
2026-10-09T18:53:46.3676218Z { [5 bytes data]
2026-10-09T18:53:46.3681465Z < HTTP/2 200 
2026-10-09T18:53:46.3682225Z < last-modified: Wed, 12 Aug 2026 22:06:45 GMT
2026-10-09T18:53:46.3682892Z < etag: "9f08ad80caddcb58f53e8551ff155b13"
2026-10-09T18:53:46.3683409Z < x-amz-server-side-encryption: AES256
2026-10-09T18:53:46.3683747Z < content-type: text/plain
2026-10-09T18:53:46.3684033Z < server: AmazonS3
2026-10-09T18:53:46.3684297Z < via: 1.1 varnish, 1.1 varnish
2026-10-09T18:53:46.3684725Z < access-control-allow-origin: *
2026-10-09T18:53:46.3685059Z < accept-ranges: bytes
2026-10-09T18:53:46.3685352Z < date: Fri, 09 Oct 2026 18:53:46 GMT
2026-10-09T18:53:46.3685618Z < age: 140371
2026-10-09T18:53:46.3685988Z < x-served-by: cache-dub4323-DUB, cache-bfi-krnt7300082-BFI
2026-10-09T18:53:46.3686352Z < x-cache: HIT, HIT
2026-10-09T18:53:46.3686585Z < x-cache-hits: 7, 76
2026-10-09T18:53:46.3686825Z < content-length: 4499
2026-10-09T18:53:46.3687055Z < 
2026-10-09T18:53:46.3687240Z { [5 bytes data]
2026-10-09T18:53:46.3687572Z * Connection #0 to host releases.nixos.org left intact
2026-10-09T18:53:46.3758483Z downloading Nix 2.35.2 binary tarball for x86_64-linux from 'https://releases.nixos.org/nix/nix-2.35.2/nix-2.35.2-x86_64-linux.tar.xz' to '/tmp/nix-binary-tarball-unpack.HRmLu1qZFM'...
2026-10-09T18:53:46.3808690Z   % Total    % Received % Xferd  Average Speed   Time    Time     Time  Current
2026-10-09T18:53:46.3809713Z                                  Dload  Upload   Total   Spent    Left  Speed
2026-10-09T18:53:46.3810179Z 
2026-10-09T18:53:46.5221965Z   0     0    0     0    0     0      0      0 --:--:-- --:--:-- --:--:--     0
2026-10-09T18:53:46.5223197Z 100 25.8M  100 25.8M    0     0   183M      0 --:--:-- --:--:-- --:--:--  183M
2026-10-09T18:53:48.3904993Z Note: a multi-user installation is possible. See https://nix.dev/manual/nix/stable/installation/installing-binary.html#multi-user-installation
2026-10-09T18:53:48.3916400Z [1;31mSwitching to the Multi-user Installer[0m
2026-10-09T18:53:48.4019975Z [32mWelcome to the Multi-User Nix Installation
2026-10-09T18:53:48.4030469Z [0m
2026-10-09T18:53:48.4031236Z This installation tool will set up your computer with the Nix package
2026-10-09T18:53:48.4031794Z manager. This will happen in a few stages:
2026-10-09T18:53:48.4032038Z 
2026-10-09T18:53:48.4032864Z 1. Make sure your computer doesn't already have Nix. If it does, I
2026-10-09T18:53:48.4033773Z    will show you instructions on how to clean up your old install.
2026-10-09T18:53:48.4034556Z 
2026-10-09T18:53:48.4035044Z 2. Show you what I am going to install and where. Then I will ask
2026-10-09T18:53:48.4035778Z    if you are ready to continue.
2026-10-09T18:53:48.4036118Z 
2026-10-09T18:53:48.4036857Z 3. Create the system users [34m(uids [30001..30008])[0m and groups [34m(gid 30000)[0m
2026-10-09T18:53:48.4037512Z    that the Nix daemon uses to run builds. To create system users
2026-10-09T18:53:48.4038380Z    in a different range, exit and run this tool again with
2026-10-09T18:53:48.4038747Z    NIX_FIRST_BUILD_UID set.
2026-10-09T18:53:48.4038907Z 
2026-10-09T18:53:48.4039139Z 4. Perform the basic installation of the Nix files daemon.
2026-10-09T18:53:48.4039385Z 
2026-10-09T18:53:48.4039648Z 5. Configure your shell to import special Nix Profile files, so you
2026-10-09T18:53:48.4040014Z    can use Nix.
2026-10-09T18:53:48.4040140Z 
2026-10-09T18:53:48.4040267Z 6. Start the Nix daemon.
2026-10-09T18:53:48.4040419Z 
2026-10-09T18:53:48.4040798Z [32m[4;32mWould you like to see a more detailed list of what I will do?
2026-10-09T18:53:48.4041299Z [0mNo TTY, assuming you would say yes :)
2026-10-09T18:53:48.4044418Z 
2026-10-09T18:53:48.4044598Z I will:
2026-10-09T18:53:48.4044792Z 
2026-10-09T18:53:48.4045128Z  - make sure your computer doesn't already have Nix files
2026-10-09T18:53:48.4045648Z    (if it does, I will tell you how to clean them up.)
2026-10-09T18:53:48.4046471Z  - create local users (see the list above for the users I'll make)
2026-10-09T18:53:48.4047137Z  - create a local group (nixbld)
2026-10-09T18:53:48.4047427Z  - install Nix in /nix
2026-10-09T18:53:48.4048036Z  - create a configuration file in /etc/nix
2026-10-09T18:53:48.4048798Z  - set up the "default profile" by creating some Nix-related files in
2026-10-09T18:53:48.4049488Z    /root
2026-10-09T18:53:48.4061927Z  - back up /etc/bash.bashrc to /etc/bash.bashrc.backup-before-nix
2026-10-09T18:53:48.4062922Z  - update /etc/bash.bashrc to include some Nix configuration
2026-10-09T18:53:48.4074568Z  - load and start a service (at /etc/systemd/system/nix-daemon.service
2026-10-09T18:53:48.4075828Z    and /etc/systemd/system/nix-daemon.socket) for nix-daemon
2026-10-09T18:53:48.4076613Z 
2026-10-09T18:53:48.4077328Z [32m[4;32mReady to continue?
2026-10-09T18:53:48.4078318Z [0mNo TTY, assuming you would say yes :)
2026-10-09T18:53:48.4096463Z 
2026-10-09T18:53:48.4097303Z [34m---- let's talk about sudo -----------------------------------------------------
2026-10-09T18:53:48.4108200Z [0mThis script is going to call sudo a lot. Normally, it would show you
2026-10-09T18:53:48.4109085Z exactly what commands it is running and why. However, the script is
2026-10-09T18:53:48.4109899Z run in a headless fashion, like this:
2026-10-09T18:53:48.4110259Z 
2026-10-09T18:53:48.4110583Z   $ curl -L https://nixos.org/nix/install | sh
2026-10-09T18:53:48.4110989Z 
2026-10-09T18:53:48.4111484Z or maybe in a CI pipeline. Because of that, I'm going to skip the
2026-10-09T18:53:48.4112302Z verbose output in the interest of brevity.
2026-10-09T18:53:48.4112705Z 
2026-10-09T18:53:48.4112878Z If you would like to
2026-10-09T18:53:48.4113174Z see the output, try like this:
2026-10-09T18:53:48.4113347Z 
2026-10-09T18:53:48.4113561Z   $ curl -L -o install-nix https://nixos.org/nix/install
2026-10-09T18:53:48.4113909Z   $ sh ./install-nix
2026-10-09T18:53:48.4114047Z 
2026-10-09T18:53:48.4114061Z 
2026-10-09T18:53:48.4114346Z [32m~~> Checking for artifacts of previous installs
2026-10-09T18:53:48.4121470Z [0mBefore I try to install, I'll check for signs Nix already is or has
2026-10-09T18:53:48.4121999Z been installed on this system.
2026-10-09T18:53:48.4167597Z 
2026-10-09T18:53:48.4168824Z [34m---- Nix config report ---------------------------------------------------------
2026-10-09T18:53:48.4169975Z [0m[1m        Temp Dir[0m:	/tmp/tmp.bEuOkwTsye
2026-10-09T18:53:48.4170723Z [1m        Nix Root[0m:	/nix
2026-10-09T18:53:48.4171746Z [1m     Build Users[0m:	8
2026-10-09T18:53:48.4172448Z [1m  Build Group ID[0m:	30000
2026-10-09T18:53:48.4173045Z [1mBuild Group Name[0m:	nixbld
2026-10-09T18:53:48.4173255Z 
2026-10-09T18:53:48.4173397Z [4;34mbuild users:
2026-10-09T18:53:48.4173713Z [0m[1m    Username[0m:	UID
2026-10-09T18:53:48.4200549Z [1m     nixbld1[0m:	30001
2026-10-09T18:53:48.4211255Z [1m     nixbld2[0m:	30002
2026-10-09T18:53:48.4222827Z [1m     nixbld3[0m:	30003
2026-10-09T18:53:48.4234661Z [1m     nixbld4[0m:	30004
2026-10-09T18:53:48.4244874Z [1m     nixbld5[0m:	30005
2026-10-09T18:53:48.4255698Z [1m     nixbld6[0m:	30006
2026-10-09T18:53:48.4265798Z [1m     nixbld7[0m:	30007
2026-10-09T18:53:48.4276432Z [1m     nixbld8[0m:	30008
2026-10-09T18:53:48.4276780Z 
2026-10-09T18:53:48.4277053Z [32m[4;32mReady to continue?
2026-10-09T18:53:48.4278093Z [0mNo TTY, assuming you would say yes :)
2026-10-09T18:53:48.4278378Z 
2026-10-09T18:53:48.4278658Z [32m~~> Setting up the build group nixbld
2026-10-09T18:53:48.4645610Z [0m[1m            Created[0m:	Yes
2026-10-09T18:53:48.4674730Z 
2026-10-09T18:53:48.4675447Z [32m~~> Setting up the build user nixbld1
2026-10-09T18:53:48.4844372Z useradd warning: nixbld1's uid 30001 is greater than SYS_UID_MAX 999
2026-10-09T18:53:48.4939579Z [0m[1m           Created[0m:	Yes
2026-10-09T18:53:48.4945313Z [1m            Hidden[0m:	Yes
2026-10-09T18:53:48.4965030Z [1m    Home Directory[0m:	/var/empty
2026-10-09T18:53:48.4985013Z [1m              Note[0m:	Nix build user 1
2026-10-09T18:53:48.5002931Z [1m   Logins Disabled[0m:	Yes
2026-10-09T18:53:48.5028598Z [1m  Member of nixbld[0m:	Yes
2026-10-09T18:53:48.5047016Z [1m    PrimaryGroupID[0m:	30000
2026-10-09T18:53:48.5058408Z 
2026-10-09T18:53:48.5058924Z [32m~~> Setting up the build user nixbld2
2026-10-09T18:53:48.5234589Z useradd warning: nixbld2's uid 30002 is greater than SYS_UID_MAX 999
2026-10-09T18:53:48.5326976Z [0m[1m           Created[0m:	Yes
2026-10-09T18:53:48.5332832Z [1m            Hidden[0m:	Yes
2026-10-09T18:53:48.5352281Z [1m    Home Directory[0m:	/var/empty
2026-10-09T18:53:48.5372481Z [1m              Note[0m:	Nix build user 2
2026-10-09T18:53:48.5390421Z [1m   Logins Disabled[0m:	Yes
2026-10-09T18:53:48.5410386Z [1m  Member of nixbld[0m:	Yes
2026-10-09T18:53:48.5428287Z [1m    PrimaryGroupID[0m:	30000
2026-10-09T18:53:48.5439209Z 
2026-10-09T18:53:48.5439763Z [32m~~> Setting up the build user nixbld3
2026-10-09T18:53:48.5577973Z useradd warning: nixbld3's uid 30003 is greater than SYS_UID_MAX 999
2026-10-09T18:53:48.5671949Z [0m[1m           Created[0m:	Yes
2026-10-09T18:53:48.5677475Z [1m            Hidden[0m:	Yes
2026-10-09T18:53:48.5696714Z [1m    Home Directory[0m:	/var/empty
2026-10-09T18:53:48.5717216Z [1m              Note[0m:	Nix build user 3
2026-10-09T18:53:48.5734948Z [1m   Logins Disabled[0m:	Yes
2026-10-09T18:53:48.5754041Z [1m  Member of nixbld[0m:	Yes
2026-10-09T18:53:48.5772137Z [1m    PrimaryGroupID[0m:	30000
2026-10-09T18:53:48.5783447Z 
2026-10-09T18:53:48.5783976Z [32m~~> Setting up the build user nixbld4
2026-10-09T18:53:48.5923295Z useradd warning: nixbld4's uid 30004 is greater than SYS_UID_MAX 999
2026-10-09T18:53:48.6019735Z [0m[1m           Created[0m:	Yes
2026-10-09T18:53:48.6025836Z [1m            Hidden[0m:	Yes
2026-10-09T18:53:48.6044982Z [1m    Home Directory[0m:	/var/empty
2026-10-09T18:53:48.6065369Z [1m              Note[0m:	Nix build user 4
2026-10-09T18:53:48.6084984Z [1m   Logins Disabled[0m:	Yes
2026-10-09T18:53:48.6105004Z [1m  Member of nixbld[0m:	Yes
2026-10-09T18:53:48.6123425Z [1m    PrimaryGroupID[0m:	30000
2026-10-09T18:53:48.6134829Z 
2026-10-09T18:53:48.6135503Z [32m~~> Setting up the build user nixbld5
2026-10-09T18:53:48.6273244Z useradd warning: nixbld5's uid 30005 is greater than SYS_UID_MAX 999
2026-10-09T18:53:48.6385299Z [0m[1m           Created[0m:	Yes
2026-10-09T18:53:48.6391307Z [1m            Hidden[0m:	Yes
2026-10-09T18:53:48.6410807Z [1m    Home Directory[0m:	/var/empty
2026-10-09T18:53:48.6431045Z [1m              Note[0m:	Nix build user 5
2026-10-09T18:53:48.6449358Z [1m   Logins Disabled[0m:	Yes
2026-10-09T18:53:48.6469430Z [1m  Member of nixbld[0m:	Yes
2026-10-09T18:53:48.6487964Z [1m    PrimaryGroupID[0m:	30000
2026-10-09T18:53:48.6498488Z 
2026-10-09T18:53:48.6499314Z [32m~~> Setting up the build user nixbld6
2026-10-09T18:53:48.6638876Z useradd warning: nixbld6's uid 30006 is greater than SYS_UID_MAX 999
2026-10-09T18:53:48.6731234Z [0m[1m           Created[0m:	Yes
2026-10-09T18:53:48.6736727Z [1m            Hidden[0m:	Yes
2026-10-09T18:53:48.6755661Z [1m    Home Directory[0m:	/var/empty
2026-10-09T18:53:48.6776876Z [1m              Note[0m:	Nix build user 6
2026-10-09T18:53:48.6795509Z [1m   Logins Disabled[0m:	Yes
2026-10-09T18:53:48.6816159Z [1m  Member of nixbld[0m:	Yes
2026-10-09T18:53:48.6834894Z [1m    PrimaryGroupID[0m:	30000
2026-10-09T18:53:48.6846108Z 
2026-10-09T18:53:48.6846489Z [32m~~> Setting up the build user nixbld7
2026-10-09T18:53:48.6982064Z useradd warning: nixbld7's uid 30007 is greater than SYS_UID_MAX 999
2026-10-09T18:53:48.7067894Z [0m[1m           Created[0m:	Yes
2026-10-09T18:53:48.7073919Z [1m            Hidden[0m:	Yes
2026-10-09T18:53:48.7093715Z [1m    Home Directory[0m:	/var/empty
2026-10-09T18:53:48.7115014Z [1m              Note[0m:	Nix build user 7
2026-10-09T18:53:48.7132840Z [1m   Logins Disabled[0m:	Yes
2026-10-09T18:53:48.7153198Z [1m  Member of nixbld[0m:	Yes
2026-10-09T18:53:48.7171420Z [1m    PrimaryGroupID[0m:	30000
2026-10-09T18:53:48.7182858Z 
2026-10-09T18:53:48.7183246Z [32m~~> Setting up the build user nixbld8
2026-10-09T18:53:48.7320873Z useradd warning: nixbld8's uid 30008 is greater than SYS_UID_MAX 999
2026-10-09T18:53:48.7404825Z [0m[1m           Created[0m:	Yes
2026-10-09T18:53:48.7410690Z [1m            Hidden[0m:	Yes
2026-10-09T18:53:48.7430097Z [1m    Home Directory[0m:	/var/empty
2026-10-09T18:53:48.7451007Z [1m              Note[0m:	Nix build user 8
2026-10-09T18:53:48.7469483Z [1m   Logins Disabled[0m:	Yes
2026-10-09T18:53:48.7490122Z [1m  Member of nixbld[0m:	Yes
2026-10-09T18:53:48.7508563Z [1m    PrimaryGroupID[0m:	30000
2026-10-09T18:53:48.7509038Z 
2026-10-09T18:53:48.7509683Z [32m~~> Setting up the basic directory structure
2026-10-09T18:53:48.7599856Z [0minstall: creating directory '/nix'
2026-10-09T18:53:48.7600639Z install: creating directory '/nix/var'
2026-10-09T18:53:48.7601329Z install: creating directory '/nix/var/log'
2026-10-09T18:53:48.7602081Z install: creating directory '/nix/var/log/nix'
2026-10-09T18:53:48.7602865Z install: creating directory '/nix/var/log/nix/drvs'
2026-10-09T18:53:48.7603715Z install: creating directory '/nix/var/nix'
2026-10-09T18:53:48.7604512Z install: creating directory '/nix/var/nix/db'
2026-10-09T18:53:48.7605343Z install: creating directory '/nix/var/nix/gcroots'
2026-10-09T18:53:48.7606161Z install: creating directory '/nix/var/nix/profiles'
2026-10-09T18:53:48.7607011Z install: creating directory '/nix/var/nix/temproots'
2026-10-09T18:53:48.7608093Z install: creating directory '/nix/var/nix/userpool'
2026-10-09T18:53:48.7608954Z install: creating directory '/nix/var/nix/daemon-socket'
2026-10-09T18:53:48.7609939Z install: creating directory '/nix/var/nix/gcroots/per-user'
2026-10-09T18:53:48.7610843Z install: creating directory '/nix/var/nix/profiles/per-user'
2026-10-09T18:53:48.7685847Z install: creating directory '/nix/store'
2026-10-09T18:53:48.7770381Z install: creating directory '/etc/nix'
2026-10-09T18:53:48.7780441Z 
2026-10-09T18:53:48.7781004Z [32m~~> Installing Nix
2026-10-09T18:53:48.9676291Z [0m      Alright! We have our first nix at /nix/store/irfrbndi76zhkvqsfhmsn4a99iafck29-nix-2.35.2
2026-10-09T18:53:49.0152125Z       Just finished getting the nix database ready.
2026-10-09T18:53:49.0156144Z 
2026-10-09T18:53:49.0158620Z [32m~~> Setting up shell profiles: /etc/bashrc /etc/profile.d/nix.sh /etc/zshrc /etc/bash.bashrc /etc/zsh/zshrc
2026-10-09T18:53:49.0352005Z [0m
2026-10-09T18:53:49.0352760Z # Nix
2026-10-09T18:53:49.0353601Z if [ -e '/nix/var/nix/profiles/default/etc/profile.d/nix-daemon.sh' ]; then
2026-10-09T18:53:49.0354761Z   . '/nix/var/nix/profiles/default/etc/profile.d/nix-daemon.sh'
2026-10-09T18:53:49.0355363Z fi
2026-10-09T18:53:49.0355558Z # End Nix
2026-10-09T18:53:49.0355678Z 
2026-10-09T18:53:49.0554209Z 
2026-10-09T18:53:49.0554643Z # Nix
2026-10-09T18:53:49.0555538Z if [ -e '/nix/var/nix/profiles/default/etc/profile.d/nix-daemon.sh' ]; then
2026-10-09T18:53:49.0556403Z   . '/nix/var/nix/profiles/default/etc/profile.d/nix-daemon.sh'
2026-10-09T18:53:49.0556845Z fi
2026-10-09T18:53:49.0557053Z # End Nix
2026-10-09T18:53:49.0557180Z 
2026-10-09T18:53:49.0736441Z 
2026-10-09T18:53:49.0737394Z # Nix
2026-10-09T18:53:49.0738446Z if [ -e '/nix/var/nix/profiles/default/etc/profile.d/nix-daemon.sh' ]; then
2026-10-09T18:53:49.0739483Z   . '/nix/var/nix/profiles/default/etc/profile.d/nix-daemon.sh'
2026-10-09T18:53:49.0740152Z fi
2026-10-09T18:53:49.0740544Z # End Nix
2026-10-09T18:53:49.0740821Z 
2026-10-09T18:53:49.0911594Z 
2026-10-09T18:53:49.0912129Z # Nix
2026-10-09T18:53:49.0913234Z if [ -e '/nix/var/nix/profiles/default/etc/profile.d/nix-daemon.sh' ]; then
2026-10-09T18:53:49.0914278Z   . '/nix/var/nix/profiles/default/etc/profile.d/nix-daemon.sh'
2026-10-09T18:53:49.0914935Z fi
2026-10-09T18:53:49.0915270Z # End Nix
2026-10-09T18:53:49.0915474Z 
2026-10-09T18:53:49.0915908Z # System-wide .bashrc file for interactive bash(1) shells.
2026-10-09T18:53:49.0916358Z 
2026-10-09T18:53:49.0916889Z # To enable the settings / commands in this file for login shells as well,
2026-10-09T18:53:49.0917988Z # this file has to be sourced in /etc/profile.
2026-10-09T18:53:49.0918391Z 
2026-10-09T18:53:49.0918736Z # If not running interactively, don't do anything
2026-10-09T18:53:49.0919338Z [ -z "$PS1" ] && return
2026-10-09T18:53:49.0919598Z 
2026-10-09T18:53:49.0920012Z # check the window size after each command and, if necessary,
2026-10-09T18:53:49.0920793Z # update the values of LINES and COLUMNS.
2026-10-09T18:53:49.0921330Z shopt -s checkwinsize
2026-10-09T18:53:49.0921583Z 
2026-10-09T18:53:49.0922161Z # set variable identifying the chroot you work in (used in the prompt below)
2026-10-09T18:53:49.0923223Z if [ -z "${debian_chroot:-}" ] && [ -r /etc/debian_chroot ]; then
2026-10-09T18:53:49.0923949Z     debian_chroot=$(cat /etc/debian_chroot)
2026-10-09T18:53:49.0924437Z fi
2026-10-09T18:53:49.0924617Z 
2026-10-09T18:53:49.0925112Z # set a fancy prompt (non-color, overwrite the one in /etc/profile)
2026-10-09T18:53:49.0926041Z # but only if not SUDOing and have SUDO_PS1 set; then assume smart user.
2026-10-09T18:53:49.0927171Z if ! [ -n "${SUDO_USER}" -a -n "${SUDO_PS1}" ]; then
2026-10-09T18:53:49.0928170Z   PS1='${debian_chroot:+($debian_chroot)}\u@\h:\w\$ '
2026-10-09T18:53:49.0928711Z fi
2026-10-09T18:53:49.0928890Z 
2026-10-09T18:53:49.0929411Z # Commented out, don't overwrite xterm -T "title" -n "icontitle" by default.
2026-10-09T18:53:49.0930313Z # If this is an xterm set the title to user@host:dir
2026-10-09T18:53:49.0930853Z #case "$TERM" in
2026-10-09T18:53:49.0931232Z #xterm*|rxvt*)
2026-10-09T18:53:49.0931679Z #    PROMPT_COMMAND='echo -ne "\033]0;${USER}@${HOSTNAME}: ${PWD}\007"'
2026-10-09T18:53:49.0932037Z #    ;;
2026-10-09T18:53:49.0932216Z #*)
2026-10-09T18:53:49.0932395Z #    ;;
2026-10-09T18:53:49.0932569Z #esac
2026-10-09T18:53:49.0932678Z 
2026-10-09T18:53:49.0932854Z # enable bash completion in interactive shells
2026-10-09T18:53:49.0933187Z #if ! shopt -oq posix; then
2026-10-09T18:53:49.0933567Z #  if [ -f /usr/share/bash-completion/bash_completion ]; then
2026-10-09T18:53:49.0933987Z #    . /usr/share/bash-completion/bash_completion
2026-10-09T18:53:49.0934357Z #  elif [ -f /etc/bash_completion ]; then
2026-10-09T18:53:49.0934670Z #    . /etc/bash_completion
2026-10-09T18:53:49.0934897Z #  fi
2026-10-09T18:53:49.0935074Z #fi
2026-10-09T18:53:49.0935178Z 
2026-10-09T18:53:49.0935265Z # sudo hint
2026-10-09T18:53:49.0935904Z if [ ! -e "$HOME/.sudo_as_admin_successful" ] && [ ! -e "$HOME/.hushlogin" ] ; then
2026-10-09T18:53:49.0936387Z     case " $(groups) " in *\ admin\ *|*\ sudo\ *)
2026-10-09T18:53:49.0936858Z     if [ -x /usr/bin/sudo ]; then
2026-10-09T18:53:49.0937118Z 	cat <<-EOF
2026-10-09T18:53:49.0937459Z 	To run a command as administrator (user "root"), use "sudo <command>".
2026-10-09T18:53:49.0938345Z 	See "man sudo_root" for details.
2026-10-09T18:53:49.0938701Z 	
2026-10-09T18:53:49.0938880Z 	EOF
2026-10-09T18:53:49.0939058Z     fi
2026-10-09T18:53:49.0939248Z     esac
2026-10-09T18:53:49.0939429Z fi
2026-10-09T18:53:49.0939534Z 
2026-10-09T18:53:49.0939745Z # if the command-not-found package is installed, use it
2026-10-09T18:53:49.0940352Z if [ -x /usr/lib/command-not-found -o -x /usr/share/command-not-found/command-not-found ]; then
2026-10-09T18:53:49.0940846Z 	function command_not_found_handle {
2026-10-09T18:53:49.0941231Z 	        # check because c-n-f could've been removed in the meantime
2026-10-09T18:53:49.0941659Z                 if [ -x /usr/lib/command-not-found ]; then
2026-10-09T18:53:49.0942173Z 		   /usr/lib/command-not-found -- "$1"
2026-10-09T18:53:49.0942681Z                    return $?
2026-10-09T18:53:49.0943350Z                 elif [ -x /usr/share/command-not-found/command-not-found ]; then
2026-10-09T18:53:49.0943878Z 		   /usr/share/command-not-found/command-not-found -- "$1"
2026-10-09T18:53:49.0944214Z                    return $?
2026-10-09T18:53:49.0944711Z 		else
2026-10-09T18:53:49.0958902Z 		   printf "%s: command not found\n" "$1" >&2
2026-10-09T18:53:49.0959451Z 		   return 127
2026-10-09T18:53:49.0959757Z 		fi
2026-10-09T18:53:49.0960102Z 	}
2026-10-09T18:53:49.0960283Z fi
2026-10-09T18:53:49.0960405Z 
2026-10-09T18:53:49.0961298Z [32m~~> Setting up shell profiles for Fish with conf.d/nix.fish inside /etc/fish /usr/local/etc/fish /opt/homebrew/etc/fish /opt/local/etc/fish
2026-10-09T18:53:49.1017951Z [0m
2026-10-09T18:53:49.1018395Z [32m~~> Setting up the default profile
2026-10-09T18:53:49.1349117Z installing 'nix-2.35.2'
2026-10-09T18:53:49.1528947Z building '/nix/store/3v9waf1zcy52sd2xf30ndbwssp7d4sza-user-environment.drv'...
2026-10-09T18:53:49.1995830Z installing 'nix-manual-2.35.2-man'
2026-10-09T18:53:49.2182961Z building '/nix/store/87kv2ra7c0a549l86df0y18w8w3ir6qk-user-environment.drv'...
2026-10-09T18:53:49.2628332Z installing 'nss-cacert-3.123'
2026-10-09T18:53:49.2798469Z building '/nix/store/aq6vipp55pqkyy4i7v7sxjrfdibk3a8s-user-environment.drv'...
2026-10-09T18:53:49.3022400Z [0m
2026-10-09T18:53:49.3023107Z [32m~~> Setting up the nix-daemon systemd service
2026-10-09T18:53:49.3420658Z Created symlink /etc/systemd/system/nix-daemon.service → /nix/var/nix/profiles/default/lib/systemd/system/nix-daemon.service.
2026-10-09T18:53:49.6194174Z Created symlink /etc/systemd/system/nix-daemon.socket → /nix/var/nix/profiles/default/lib/systemd/system/nix-daemon.socket.
2026-10-09T18:53:49.6195790Z Created symlink /etc/systemd/system/sockets.target.wants/nix-daemon.socket → /nix/var/nix/profiles/default/lib/systemd/system/nix-daemon.socket.
2026-10-09T18:53:50.1907599Z [0m[32mAlright! We're done!
2026-10-09T18:53:50.1934840Z [0mTry it! Open a new terminal, and type:
2026-10-09T18:53:50.1935267Z 
2026-10-09T18:53:50.1935575Z   $ nix-shell -p nix-info --run "nix-info -m"
2026-10-09T18:53:50.1935966Z 
2026-10-09T18:53:50.1936463Z Thank you for using this installer. If you have any feedback or need
2026-10-09T18:53:50.1937198Z help, don't hesitate:
2026-10-09T18:53:50.1937473Z 
2026-10-09T18:53:50.1937888Z You can open an issue at
2026-10-09T18:53:50.1938786Z https://github.com/NixOS/nix/issues/new?labels=installer&template=installer.md
2026-10-09T18:53:50.1939412Z 
2026-10-09T18:53:50.1939855Z Or get in touch with the community: https://nixos.org/community
2026-10-09T18:53:50.1962589Z 
2026-10-09T18:53:50.1963661Z [34m---- Reminders -----------------------------------------------------------------
2026-10-09T18:53:50.1964520Z [0m[34m[ 1 ][0m
2026-10-09T18:53:50.1970956Z Nix won't work in active shell sessions until you restart them.
2026-10-09T18:53:50.1971639Z 
2026-10-09T18:53:50.2807406Z ##[endgroup]
2026-10-09T18:53:50.2855000Z ##[end-action id=__cachix_install-nix-action.__run;outcome=success;conclusion=success;duration_ms=4081]
2026-10-09T18:53:50.2895471Z ##[group]Run npm ci --ignore-scripts
2026-10-09T18:53:50.2895919Z [36;1mnpm ci --ignore-scripts[0m
2026-10-09T18:53:50.2962832Z shell: /usr/bin/bash -e {0}
2026-10-09T18:53:50.2963125Z env:
2026-10-09T18:53:50.2963343Z   NODE_VERSION: 22
2026-10-09T18:53:50.2963706Z   LEAN_BRIDGE_CONSUMER_PERFORMANCE_DIR: build/consumer-ci/performance
2026-10-09T18:53:50.2964169Z   TMPDIR: /home/runner/work/_temp
2026-10-09T18:53:50.2964581Z   NIX_PROFILES: /nix/var/nix/profiles/default /home/runner/.nix-profile
2026-10-09T18:53:50.2965067Z   NIX_SSL_CERT_FILE: /etc/ssl/certs/ca-certificates.crt
2026-10-09T18:53:50.2965433Z ##[endgroup]
2026-10-09T18:53:55.1714187Z 
2026-10-09T18:53:55.1715612Z added 422 packages, and audited 423 packages in 5s
2026-10-09T18:53:55.1716111Z 
2026-10-09T18:53:55.1716343Z 175 packages are looking for funding
2026-10-09T18:53:55.1716696Z   run `npm fund` for details
2026-10-09T18:53:55.1765735Z 
2026-10-09T18:53:55.1766410Z 9 high severity vulnerabilities
2026-10-09T18:53:55.1767140Z 
2026-10-09T18:53:55.1768021Z To address issues that do not require attention, run:
2026-10-09T18:53:55.1768950Z   npm audit fix
2026-10-09T18:53:55.1769422Z 
2026-10-09T18:53:55.1770040Z To address all issues (including breaking changes), run:
2026-10-09T18:53:55.1770964Z   npm audit fix --force
2026-10-09T18:53:55.1771429Z 
2026-10-09T18:53:55.1771854Z Run `npm audit` for details.
2026-10-09T18:53:55.2460772Z ##[group]Run npm run test:consumer:native
2026-10-09T18:53:55.2461157Z [36;1mnpm run test:consumer:native[0m
2026-10-09T18:53:55.2532343Z shell: /usr/bin/bash -e {0}
2026-10-09T18:53:55.2532632Z env:
2026-10-09T18:53:55.2532846Z   NODE_VERSION: 22
2026-10-09T18:53:55.2533209Z   LEAN_BRIDGE_CONSUMER_PERFORMANCE_DIR: build/consumer-ci/performance
2026-10-09T18:53:55.2533666Z   TMPDIR: /home/runner/work/_temp
2026-10-09T18:53:55.2534068Z   NIX_PROFILES: /nix/var/nix/profiles/default /home/runner/.nix-profile
2026-10-09T18:53:55.2534557Z   NIX_SSL_CERT_FILE: /etc/ssl/certs/ca-certificates.crt
2026-10-09T18:53:55.2534906Z ##[endgroup]
2026-10-09T18:53:55.3579658Z 
2026-10-09T18:53:55.3580776Z > @lean-wasm/bridge-poc@0.0.0-poc test:consumer:native
2026-10-09T18:53:55.3583348Z > nix --extra-experimental-features 'nix-command flakes' build .#universal-release-bundle --out-link build/consumer-universal-bundle && nix --extra-experimental-features 'nix-command flakes' develop . --command node scripts/test-native-consumers.mjs --bundle build/consumer-universal-bundle
2026-10-09T18:53:55.3585078Z 
2026-10-09T18:53:56.0911403Z copying path '/nix/store/lv9bmgm6v1wc3fiz00v29gi4rk13ja6l-source' from 'https://cache.nixos.org'...
2026-10-09T18:54:06.0644063Z these 18 derivations will be built:
2026-10-09T18:54:06.0668448Z   /nix/store/2ybcnzzfr3bdjknz3varn0r8qfy1c5xf-f3b06c705e6c85f5314019d5d3baab0fec5b580c.tar.gz.drv
2026-10-09T18:54:06.0669886Z   /nix/store/3inlh6hn6cbfia2i2a5cw3y4i666rqb8-node-v24.19.0-linux-x64.tar.xz.drv
2026-10-09T18:54:06.0671005Z   /nix/store/m29jv2s8cinaxcy4x0jk5khjqj0hb8ys-emsdk-node-24.19.0.drv
2026-10-09T18:54:06.0672024Z   /nix/store/nhj5xx0k0xj248qdf6pb9pdscw3wja0z-wasm-binaries.tar.xz.drv
2026-10-09T18:54:06.0673117Z   /nix/store/yl9c5g4ppazml4i9gi6iln6znpc3ipli-emscripten-upstream-6.0.6.drv
2026-10-09T18:54:06.0674203Z   /nix/store/355rcf144i12d0fplh3indzy3c1yzzhr-emsdk-6.0.6-immutable.drv
2026-10-09T18:54:06.0675406Z   /nix/store/qxv7zgjbyd40xjls302vk283d4jixzxm-wasmtime-v42.0.1-x86_64-linux-c-api.tar.xz.drv
2026-10-09T18:54:06.0676700Z   /nix/store/5h40czhcd5i6gjkybgc28w8pmdab6yiy-wasmtime-42.0.1-x86_64-linux-c-api.drv
2026-10-09T18:54:06.0684901Z   /nix/store/ha7rp4zbqq9c5j17zcbnmd0jx2jccfqg-lean-source-f3b06c705e6c85f5314019d5d3baab0fec5b580c.drv
2026-10-09T18:54:06.0686334Z   /nix/store/mf14gj5vp344ikb09h9x03qcdb1q3d3l-lean-4.32.2-linux.tar.zst.drv
2026-10-09T18:54:06.0687416Z   /nix/store/s920ynpaayshaba6kk05i5hi8m7hs1vy-lean-host-4.32.2.drv
2026-10-09T18:54:06.0689241Z   /nix/store/61ibg0crs6ackn4v1g2lrl3cadgwxbw4-lean-alpha-native-core-artifacts-0.0.0.drv
2026-10-09T18:54:06.0690710Z   /nix/store/h18wrysd1a2l10nham8ssg03r4k4r1k2-e9f29cb984231524e3931aa0ae2c5dae1a32884e.tar.gz.drv
2026-10-09T18:54:06.0692314Z   /nix/store/alvmygwqln397yw4cxfrs9ff3vkkdvxc-libuv-source-e9f29cb984231524e3931aa0ae2c5dae1a32884e.drv
2026-10-09T18:54:06.0693883Z   /nix/store/896x0r6nw2z64adsp3x7ngl52wg7xyj0-lean-alpha-universal-core-artifacts-0.0.0.drv
2026-10-09T18:54:06.0695299Z   /nix/store/kz9n43s2dfq3667ijs7mfjzpd8f45gjy-lean-alpha-managed-binding-artifacts-0.0.0.drv
2026-10-09T18:54:06.0696739Z   /nix/store/wjd2aavp6xf16d3dm428350z6j70lz0i-lean-alpha-wasi-component-artifacts-0.0.0.drv
2026-10-09T18:54:06.0698422Z   /nix/store/gr780f7svkgfqaqxcijyp79c97s78anl-lean-alpha-universal-release-bundle-0.0.0.drv
2026-10-09T18:54:06.0699655Z these 176 paths will be fetched (902.4 MiB download, 3.4 GiB unpacked):
2026-10-09T18:54:06.0700530Z   /nix/store/80kzdbnl1bmnd8r8hphh1xzmgsvyyf6w-acl-2.3.2
2026-10-09T18:54:06.0701298Z   /nix/store/s894wa8wzbf841myjr7dm4m85177f8rl-attr-2.5.2
2026-10-09T18:54:06.0702197Z   /nix/store/46zq1hcvd2cnl07rjv0ywcgf59p8w9gm-auto-patchelf-hook
2026-10-09T18:54:06.0703034Z   /nix/store/1jzhbwq5rjjaqa75z88ws2b424vh7m53-bash-5.2p32
2026-10-09T18:54:06.0703896Z   /nix/store/9spr3h287vf61j35vh59aqcv7rm0wspb-bash-5.2p32-dev
2026-10-09T18:54:06.0704810Z   /nix/store/z34dss3rj1rnp1g820r64w0na7452jy1-binutils-2.41
2026-10-09T18:54:06.0706023Z   /nix/store/xf9367aw8afx9a8y9r90kdhlaji9bnz8-binutils-2.41-lib
2026-10-09T18:54:06.0707035Z   /nix/store/gq0xyjrkaqvknshf8r6si13ckdv6p7yq-binutils-wrapper-2.41
2026-10-09T18:54:06.0708276Z   /nix/store/rl56awy2w2iwvgdmibv98k0vx7lzyw21-binutils-wrapper-2.41
2026-10-09T18:54:06.0709248Z   /nix/store/nmkjwwbqbsa4nx3ljjxrp746kp53by51-brotli-1.1.0-lib
2026-10-09T18:54:06.0710101Z   /nix/store/0s4k9fh17m2sx8ifj9xdflnjfgxrvbgp-bzip2-1.0.8
2026-10-09T18:54:06.0710940Z   /nix/store/8krchn3igfzz62fnirxj47l2hrz11sj9-bzip2-1.0.8-bin
2026-10-09T18:54:06.0711814Z   /nix/store/jkslyfviqi4n144452p5gdcdv3jg30hs-clang-17.0.6
2026-10-09T18:54:06.0712720Z   /nix/store/sck9m41zz1asdmvbaxjdihxxq7p6qgy7-clang-17.0.6-lib
2026-10-09T18:54:06.0713694Z   /nix/store/9yr64l4j5kghwapqzwd6azk9l57mx87p-clang-wrapper-17.0.6
2026-10-09T18:54:06.0714679Z   /nix/store/z98wicx6x78vlyksv69axn5zqwdah5l8-cmake-3.29.2
2026-10-09T18:54:06.0715678Z   /nix/store/6lwnmjnynb6mvpifwvdx0nx60kfw2vrh-compiler-rt-libc-17.0.6
2026-10-09T18:54:06.0716857Z   /nix/store/412418grw31j2qfi6j6mhic6gfd190n9-compiler-rt-libc-17.0.6-dev
2026-10-09T18:54:06.0718089Z   /nix/store/n9gh8gxx5xx51ihgll2l20ar9b2vmgzy-coreutils-9.5
2026-10-09T18:54:06.0719148Z   /nix/store/fv1plv85qylnw87dlnxaqkgl06drgr1r-curl-8.7.1
2026-10-09T18:54:06.0720015Z   /nix/store/ld1yqvr1db4iv8sk8f4aflgai1b5d2ql-curl-8.7.1
2026-10-09T18:54:06.0720813Z   /nix/store/x6xqf8sk2yb1xb348bc2caiwsms90bp5-curl-8.7.1
2026-10-09T18:54:06.0721666Z   /nix/store/rba8xdxdk082rbppc51vpgxh0z6v11sl-curl-8.7.1-bin
2026-10-09T18:54:06.0722573Z   /nix/store/51jy1xwjbv9a41iwr59h5dfsg624fcij-curl-8.7.1-dev
2026-10-09T18:54:06.0723438Z   /nix/store/1xbn2czqsq3412qs1rk7kwyqxzbqsjjl-curl-8.7.1-man
2026-10-09T18:54:06.0724334Z   /nix/store/k6slgyjf4sv0lpz1pdg6sr3bpvjdr35l-diffutils-3.10
2026-10-09T18:54:06.0725266Z   /nix/store/c67p00lksmyafxl5mhpx8zm67jwk95gr-dotnet-sdk-8.0.300
2026-10-09T18:54:06.0726133Z   /nix/store/bjfycbr15irgfgwqw6bjb5xmrb6jllnq-ed-1.20.2
2026-10-09T18:54:06.0727040Z   /nix/store/13bjf2r63138p99rcdkdb0wr0gbwcc0m-expand-response-params
2026-10-09T18:54:06.0728256Z   /nix/store/sg0xabw675wgc8y1rl6mymmhggqkqmjr-expand-response-params
2026-10-09T18:54:06.0729193Z   /nix/store/nbbg70f6gihj51p65kv19m0fnq8ik5kh-expat-2.6.4
2026-10-09T18:54:06.0730052Z   /nix/store/0vdf5mpd762bw53rgl5nkmhvzq8n4m0d-file-5.45
2026-10-09T18:54:06.0730833Z   /nix/store/1b4si7qr8f04lqpy5m7iis3w8jxhc2vq-file-5.45
2026-10-09T18:54:06.0731638Z   /nix/store/q36rhfg9kml0hf7gmrhvixn17xlbmijm-file-5.45-dev
2026-10-09T18:54:06.0732575Z   /nix/store/qdk6ds72q8xf5fzi16x7736bwz8aydic-findutils-4.9.0
2026-10-09T18:54:06.0733652Z   /nix/store/jziybc6yn78sf0bbh0kmmx50bxjsnr15-gawk-5.2.2
2026-10-09T18:54:06.0734450Z   /nix/store/f2lglcw69yh2yyihxq6kvhpanc3s1n9p-gcc-13.2.0
2026-10-09T18:54:06.0735259Z   /nix/store/90yn7340r8yab8kxpb0p7y0c9j3snjam-gcc-13.2.0-lib
2026-10-09T18:54:06.0736150Z   /nix/store/dd13q38yxm9qppjclsvwn10dscsf0l9w-gcc-13.2.0-libgcc
2026-10-09T18:54:06.0737086Z   /nix/store/rdc1jnyw74mwr2gszqc5zwi433zxs089-gcc-wrapper-13.2.0
2026-10-09T18:54:06.0738205Z   /nix/store/y8fzwmygqh9rl5rc8rvcydcskgszldpn-gdbm-1.23
2026-10-09T18:54:06.0739079Z   /nix/store/6ds32jlmhqjvbkp2pd20dz1wi9anszls-gettext-0.21.1
2026-10-09T18:54:06.0739899Z   /nix/store/lpkn9w3h16wb910g7v2qj9pyd7gvxkld-git-2.44.2
2026-10-09T18:54:06.0740731Z   /nix/store/km0pyarp6b5ppixfgqc03mxsb2m8zxj2-git-2.44.2-doc
2026-10-09T18:54:06.0741602Z   /nix/store/pf5avvvl4ssd6kylcvg2g23hcjp71h19-glibc-2.39-52
2026-10-09T18:54:06.0742483Z   /nix/store/94gaw2ngsnpf3ybxjsg89lf3hf3d55y2-glibc-2.39-52-bin
2026-10-09T18:54:06.0743407Z   /nix/store/jig62nn8174n4dlk05lqwsvs5wd2c64r-glibc-2.39-52-dev
2026-10-09T18:54:06.0744228Z   /nix/store/bz756gkg3lrqjl958d8h7z5qn98z0vn7-gmp-6.3.0
2026-10-09T18:54:06.0745101Z   /nix/store/0pkjhzncyjkvhq8lwmdkzvl4cs4vh0yb-gmp-with-cxx-6.3.0
2026-10-09T18:54:06.0746067Z   /nix/store/d0i8idmbb4jji9ml01xsqgykrbvm7dss-gnu-config-2024-01-01
2026-10-09T18:54:06.0746989Z   /nix/store/8nss7h1yk4jihkmr4xj5ihrbdkv4y1wy-gnugrep-3.11
2026-10-09T18:54:06.0748317Z   /nix/store/0554jm1l1qw1pcfqsliw91hnifn11w8m-gnumake-4.4.1
2026-10-09T18:54:06.0749239Z   /nix/store/vqgpb0anqqfnhb5ww3y8rf1jaxpphqwg-gnumake-4.4.1
2026-10-09T18:54:06.0750093Z   /nix/store/y8br765djcj51ls9lb3kylkrvc2wan3p-gnused-4.9
2026-10-09T18:54:06.0750928Z   /nix/store/llalnjlyrj2zv12q5bjy8cagqv70j73y-gnutar-1.35
2026-10-09T18:54:06.0751772Z   /nix/store/r6apkwli4s0xhzn1bdi9nrkmvqc5arrj-gzip-1.13
2026-10-09T18:54:06.0752568Z   /nix/store/a2qxya11zd3xdn5df34n6axfd6fhgzql-icu4c-73.2
2026-10-09T18:54:06.0753386Z   /nix/store/k6a3db8rpihvjrw27w61vx1wji7mfmq8-icu4c-73.2-dev
2026-10-09T18:54:06.0754218Z   /nix/store/mwa26ixrnf0s1j7923pdzfl9nwwglq4w-isl-0.20
2026-10-09T18:54:06.0755033Z   /nix/store/2b81ihj7pcsr6pkr02vaajprjx9gfpq6-jq-1.7.1
2026-10-09T18:54:06.0755834Z   /nix/store/xylb1pgqnnd2qj9lsy1w2r9p8lmir8qs-jq-1.7.1-bin
2026-10-09T18:54:06.0756724Z   /nix/store/4kvn0yq5dc2gylbwsqbynzxxpkf4b143-jq-1.7.1-dev
2026-10-09T18:54:06.0757547Z   /nix/store/p3ks31bnd9fhvh2cp1wmcalm4bs2bkwq-jq-1.7.1-doc
2026-10-09T18:54:06.0758635Z   /nix/store/bwxp1bkaa4cgz20mrk1hqm8azvv1skif-jq-1.7.1-lib
2026-10-09T18:54:06.0759578Z   /nix/store/xrmh72ajmjxlgnncilm9mg6ww8nsff5m-jq-1.7.1-man
2026-10-09T18:54:06.0760461Z   /nix/store/0b5z0wf3k9y3s3qadnkwsm78avax4jlk-keyutils-1.6.3-lib
2026-10-09T18:54:06.0761394Z   /nix/store/702y72g4yqmylqs1niks1dzm1vh6vaqh-lcms2-2.16
2026-10-09T18:54:06.0762243Z   /nix/store/fbkbkqb1cp46jwgk2lv6g28ik57r764i-libarchive-3.7.7-lib
2026-10-09T18:54:06.0763107Z   /nix/store/gniy4ab9wcijxjpcciddgpzdwq3v3dnb-libffi-3.4.6
2026-10-09T18:54:06.0763908Z   /nix/store/9jivp79yv91fl1i6ayq2107a78q7k43i-libidn2-2.3.7
2026-10-09T18:54:06.0764761Z   /nix/store/rrw0d53ykhyzwbqayrqzx28hm53krb7i-libjpeg-turbo-3.0.3
2026-10-09T18:54:06.0765640Z   /nix/store/2vv5dpcgl9hzcpzf1syjnrld69kfhkfm-libkrb5-1.21.3
2026-10-09T18:54:06.0766507Z   /nix/store/z867fyy7978kh6xf031ghmc6ysmiycq8-libkrb5-1.21.3
2026-10-09T18:54:06.0767342Z   /nix/store/bgh22i946ncj740a3snzlzddc0varib5-libkrb5-1.21.3-dev
2026-10-09T18:54:06.0768408Z   /nix/store/w0gcbzh5w6ds5h2cf1cg7nc2xcpcwxdk-libmpc-1.3.1
2026-10-09T18:54:06.0769212Z   /nix/store/vsq79al9acvxd0nng9h17c9z6a1fgz09-libpfm-4.13.0
2026-10-09T18:54:06.0770012Z   /nix/store/apjs9l6fsvv3d6d5dacinrhy8qj57jgx-libpsl-0.21.5
2026-10-09T18:54:06.0770812Z   /nix/store/8cigxaz31i50m4wrjxdyccb498r24mqb-libssh2-1.11.0
2026-10-09T18:54:06.0771600Z   /nix/store/jcv2dm4lis9g72qh580am3sg1x9vl80b-libssh2-1.11.0
2026-10-09T18:54:06.0772474Z   /nix/store/maifjkmix9nnh5j85s4ndsqad59f31p7-libssh2-1.11.0-dev
2026-10-09T18:54:06.0773347Z   /nix/store/zvwpisszhpkkk8spqyya8n3bpm7wj39p-libunistring-1.1
2026-10-09T18:54:06.0774397Z   /nix/store/1y79passl8570fq00gf4gr7b7ld7pzfl-liburcu-0.14.0
2026-10-09T18:54:06.0775187Z   /nix/store/a4x20x15w3r6iic9pllkzsikdr1ci8zr-libuv-1.48.0
2026-10-09T18:54:06.0775989Z   /nix/store/50bi74rnylylavh7b1ccylfyz0ksw22z-libuv-1.48.0-dev
2026-10-09T18:54:06.0776809Z   /nix/store/bb99dclcsv3r0a8q967bnvga02qicxsf-libxcrypt-4.4.36
2026-10-09T18:54:06.0777858Z   /nix/store/ssy9mnlc9pfkdn6msnirki0yfji4nqjv-libxml2-2.12.9
2026-10-09T18:54:06.0778722Z   /nix/store/d7vji37yjnbji14m4waa5rn35f10jzya-linux-headers-6.7
2026-10-09T18:54:06.0779519Z   /nix/store/jxdn6bj3hq16h1z42zrsz7kj5cjz5ir1-llvm-17.0.6
2026-10-09T18:54:06.0780351Z   /nix/store/hgv9ygk4bq8cscss48qnknmbrjmqvbh5-llvm-17.0.6-dev
2026-10-09T18:54:06.0781210Z   /nix/store/kh8za9c6zmhs2ijsgna5hcqil4j8lsbk-llvm-17.0.6-lib
2026-10-09T18:54:06.0782047Z   /nix/store/ar33fhhpindkrpagrjrjlsv3hj0vndgg-lttng-ust-2.12.2
2026-10-09T18:54:06.0782889Z   /nix/store/v68clh8wa74xxblx0b748vr50gl7xnzc-mailcap-2.1.53
2026-10-09T18:54:06.0783673Z   /nix/store/3214g9h194315pn6fnvl46lyfabwcd36-mirrors-list
2026-10-09T18:54:06.0784447Z   /nix/store/6x0n8ksnajz1kf7n6q0farmyrc6af4mz-mpdecimal-4.0.0
2026-10-09T18:54:06.0785278Z   /nix/store/4dqj8bq01rwapgzgwm0zpr622r6jv8wq-mpfr-4.2.1
2026-10-09T18:54:06.0786020Z   /nix/store/zmi2nlx42h1qrs2v7yn142dq4zjq30im-ncurses-6.4
2026-10-09T18:54:06.0786795Z   /nix/store/wcgzg38c6f5rspj5mp8b865v9c2b9rm7-ncurses-6.4-dev
2026-10-09T18:54:06.0788010Z   /nix/store/y5q23fai4v3rlq1pgw5f8sinhcyk39fq-ncurses-6.4-man
2026-10-09T18:54:06.0788891Z   /nix/store/l5xdryd9mpfmqrz124sqhby8jch87xj4-nghttp2-1.61.0
2026-10-09T18:54:06.0789747Z   /nix/store/v9fw3px4pv25jfqz6ibs0khahhnjxvpx-nghttp2-1.61.0-dev
2026-10-09T18:54:06.0790631Z   /nix/store/j17zmzz6z8fi8rd2yqk36n5jy8whzfhy-nghttp2-1.61.0-lib
2026-10-09T18:54:06.0791492Z   /nix/store/xznnzkxql66sg21aw9xcxfv8d44nna08-nghttp2-1.61.0-lib
2026-10-09T18:54:06.0792342Z   /nix/store/1qkhzhgx9w8rawvy8lvbaxqh4xb0srad-nodejs-22.10.0
2026-10-09T18:54:06.0793168Z   /nix/store/a6prrfmmr6kkbkwk6v3vq4zd96mcc5g4-numactl-2.0.18
2026-10-09T18:54:06.0794063Z   /nix/store/925hihdxx9ybs57cxvh59flm8sxddimh-oniguruma-6.9.9-lib
2026-10-09T18:54:06.0794987Z   /nix/store/4sg2892rfh45fjzz62s7dbsxgnr7kq5h-openjdk-headless-22+36
2026-10-09T18:54:06.0795870Z   /nix/store/nwwm81a4kyx8yhq6xrsyzp5a5b51fnkg-openssl-3.0.14
2026-10-09T18:54:06.0796700Z   /nix/store/p8hw2h465g0byxwpamnk6gv6mp5gnqn2-openssl-3.0.14
2026-10-09T18:54:06.0797539Z   /nix/store/3za4imd3c8r7zm6x62khahdf5dwn2ihq-openssl-3.0.14-bin
2026-10-09T18:54:06.0798641Z   /nix/store/i6phx7d2fzzjrp9cq3y95ysqn85cj1y4-openssl-3.0.14-bin
2026-10-09T18:54:06.0799561Z   /nix/store/75qm0pb8hah3i2wa0mgd3l5fyhknr6p3-openssl-3.0.14-dev
2026-10-09T18:54:06.0800420Z   /nix/store/ng1lqlkhf27xg4d3ahi8rl3vi30kpzqn-openssl-3.0.14-dev
2026-10-09T18:54:06.0801243Z   /nix/store/hxhg0hk4g60yjsbiw1hwdzykidswdvaz-patch-2.7.6
2026-10-09T18:54:06.0802103Z   /nix/store/2wp235bg03gykpixd9v2nyxp08w8xq8a-patchelf-0.15.0
2026-10-09T18:54:06.0802894Z   /nix/store/jk99vx5dhv57zldl5j0id3n23igbj269-pcre2-10.43
2026-10-09T18:54:06.0803651Z   /nix/store/mdadnfhlp7m6778zhlmpbn9qy37xkrmh-perl-5.38.2
2026-10-09T18:54:06.0804573Z   /nix/store/lgs9i0988prw414dls42dc5agsvj88wg-perl5.38.2-Authen-SASL-2.1700
2026-10-09T18:54:06.0805553Z   /nix/store/cv05k9nr90lciyxyrpkwmqrq9lhl1rn4-perl5.38.2-CGI-4.59
2026-10-09T18:54:06.0806616Z   /nix/store/fsikhb1i0bf4pz9b819bp33y2vbhfq2f-perl5.38.2-CGI-Fast-2.16
2026-10-09T18:54:06.0807841Z   /nix/store/aa1nmdsivj49bfgkzimi12fjz7wchwbn-perl5.38.2-Clone-0.46
2026-10-09T18:54:06.0808874Z   /nix/store/jvzprd7j5kh2xmmq62v05lchl31dj1d8-perl5.38.2-Digest-HMAC-1.04
2026-10-09T18:54:06.0809914Z   /nix/store/ws540wqk99bs78nj6sf94l58p9q0j206-perl5.38.2-Encode-Locale-1.05
2026-10-09T18:54:06.0810908Z   /nix/store/5x04zrxvdamhi4gbhpb6d8wmrgi5s046-perl5.38.2-FCGI-0.82
2026-10-09T18:54:06.0811928Z   /nix/store/1rs6r53nbr8d3bxgp50c5pj822p2ldgk-perl5.38.2-FCGI-ProcManager-0.28
2026-10-09T18:54:06.0813034Z   /nix/store/8rld2a5k3r7sj12lmymal6hbpks13rkf-perl5.38.2-File-Listing-6.16
2026-10-09T18:54:06.0814370Z   /nix/store/8vnznycxwsghawc0fgxfasfhrfgggjsc-perl5.38.2-HTML-Parser-3.81
2026-10-09T18:54:06.0815452Z   /nix/store/sazs3vywbi6sipfccvih8f88r9v621w7-perl5.38.2-HTML-TagCloud-0.38
2026-10-09T18:54:06.0816559Z   /nix/store/l1r74jzcj016i2zr14l75zfcdx46vpxd-perl5.38.2-HTML-Tagset-3.20
2026-10-09T18:54:06.0817906Z   /nix/store/pdczdajinqqf013h6srx3mvrizr5053w-perl5.38.2-HTTP-CookieJar-0.014
2026-10-09T18:54:06.0818759Z   /nix/store/xwa7k3qirvbi4j1nd6c910i8xcqzq0zc-perl5.38.2-HTTP-Cookies-6.10
2026-10-09T18:54:06.0819351Z   /nix/store/96k4wa4181zg5inxbzkqk81f3pvs1zf6-perl5.38.2-HTTP-Daemon-6.16
2026-10-09T18:54:06.0819917Z   /nix/store/5gxibfsyjvfhkxpnz18r8qqld393d2nn-perl5.38.2-HTTP-Date-6.06
2026-10-09T18:54:06.0820474Z   /nix/store/nmiy52nfg19qh56mpnshy2pi7ms2inga-perl5.38.2-HTTP-Message-6.45
2026-10-09T18:54:06.0821063Z   /nix/store/m22x0xhiqxgswiihn5vxi4cm9rww9fjm-perl5.38.2-HTTP-Negotiate-6.01
2026-10-09T18:54:06.0821877Z   /nix/store/p7aaqwkfbczvw7fkw2yqsz0bhfhsq4zy-perl5.38.2-IO-HTML-1.004
2026-10-09T18:54:06.0822484Z   /nix/store/32si5ivv66qixzs0qgwcwh7ik7qhjcdj-perl5.38.2-IO-Socket-SSL-2.083
2026-10-09T18:54:06.0823088Z   /nix/store/4bd6wmi1x1nk9b8gdnypjrhil19y3jq0-perl5.38.2-LWP-MediaTypes-6.04
2026-10-09T18:54:06.0823674Z   /nix/store/3bpaa568fnrx0jz7lzp2sfhgp2sjbqi0-perl5.38.2-Mozilla-CA-20230821
2026-10-09T18:54:06.0824259Z   /nix/store/s4xiws1ayv3l297k7xdhs6lng8sds08a-perl5.38.2-Net-HTTP-6.23
2026-10-09T18:54:06.0825048Z   /nix/store/6dcc1j2x8gm4vmk4fijb0fmbabqwjscs-perl5.38.2-Net-SMTP-SSL-1.04
2026-10-09T18:54:06.0825654Z   /nix/store/a75jgdhdgbp18ij8r3khdkb9hb1ypykl-perl5.38.2-Net-SSLeay-1.92
2026-10-09T18:54:06.0826229Z   /nix/store/i0wk9fviyymf3vq86w6nc1jikc9209pp-perl5.38.2-TermReadKey-2.38
2026-10-09T18:54:06.0826788Z   /nix/store/gd5gbdkkc21hnyd1i1975lzckg3vyy0q-perl5.38.2-Test-Fatal-0.017
2026-10-09T18:54:06.0827360Z   /nix/store/5yah4mdd0cwfwvjgln32m5v4x73pzyjr-perl5.38.2-Test-Needs-0.002010
2026-10-09T18:54:06.0828187Z   /nix/store/1vhgsh0mvsmd10jy0jf3k1yfjr7vjiqa-perl5.38.2-Test-RequiresInternet-0.05
2026-10-09T18:54:06.0828823Z   /nix/store/za4zp2sff6p86j0mmbd874qipbiads43-perl5.38.2-TimeDate-2.33
2026-10-09T18:54:06.0829389Z   /nix/store/iw3l5vqxajdgyqh32xvh50hgryfs53ih-perl5.38.2-Try-Tiny-0.31
2026-10-09T18:54:06.0829919Z   /nix/store/8p2jwlmgk4vwynqks5di2svvlwg468nw-perl5.38.2-URI-5.21
2026-10-09T18:54:06.0830462Z   /nix/store/4hpxdsfcn9qjyv1c3rb8wp6gg4xalh1g-perl5.38.2-WWW-RobotRules-6.02
2026-10-09T18:54:06.0831042Z   /nix/store/5xcbphhkys4b7nnxbrn37fnm70bncyr7-perl5.38.2-libnet-3.15
2026-10-09T18:54:06.0831590Z   /nix/store/mvnig14jxhfn1qnzmlpy855dxbd0rvf1-perl5.38.2-libwww-perl-6.72
2026-10-09T18:54:06.0832124Z   /nix/store/qhwavx7kpnazsmfdbbvvafs0vsnkn49p-pkg-config-0.29.2
2026-10-09T18:54:06.0832653Z   /nix/store/dr2969ydf41s2i345dg751cabi9wnksn-pkg-config-wrapper-0.29.2
2026-10-09T18:54:06.0833284Z   /nix/store/bmjdb3wc1z2nh78k23p9akgqiabi2way-publicsuffix-list-0-unstable-2024-01-07
2026-10-09T18:54:06.0833863Z   /nix/store/s0p1kr5mvs0j42dq5r08kgqbi0k028f2-python3-3.11.10
2026-10-09T18:54:06.0834357Z   /nix/store/v9zjfpkffznvnlaa28mdkc5kr3ka9y6c-python3-3.11.10-env
2026-10-09T18:54:06.0834901Z   /nix/store/6frx0rrqvrjgc5axzih8ybp6x8i3lnfc-python3.11-pyelftools-0.31
2026-10-09T18:54:06.0835421Z   /nix/store/rafcl7sl3f9757z4m5hl7vaklppi8xkr-readline-8.2p10
2026-10-09T18:54:06.0835863Z   /nix/store/vnhidpihmbp8wr949ri7a457y0hnb6bn-rhash-1.4.4
2026-10-09T18:54:06.0836347Z   /nix/store/18wh4fyaiar3bz1vz041518yg9dj41w3-set-java-classpath-hook
2026-10-09T18:54:06.0836833Z   /nix/store/0pjc3s5k0zlc56xs2z0cmvq885zkij9h-sqlite-3.45.3
2026-10-09T18:54:06.0837265Z   /nix/store/80wijs24wjp619zmrasrh805bax02xjm-stdenv-linux
2026-10-09T18:54:06.0837806Z   /nix/store/zix67r268ihi4c362zw7c0989z12jmy7-stdenv-linux
2026-10-09T18:54:06.0838228Z   /nix/store/vil8wqacfkz8qx09aymahxv48d1zq3g2-tzdata-2024b
2026-10-09T18:54:06.0838796Z   /nix/store/2329271b42wh6b6yhl7jmjyi0cs4428b-update-autotools-gnu-config-scripts-hook
2026-10-09T18:54:06.0839496Z   /nix/store/ai8khzi02bspxjgdxqhx02bdgdnmk1yx-wabt-1.0.35
2026-10-09T18:54:06.0839948Z   /nix/store/zx7p1fa3n2f316p82005j50h87kd2q2b-wasm-tools-1.215.0
2026-10-09T18:54:06.0840418Z   /nix/store/2y852kcvb7shrj8f3z8j22pa0iybcbgj-xgcc-13.2.0-libgcc
2026-10-09T18:54:06.0840857Z   /nix/store/p1m1hbbfyvix5390xgslhq3d30zzhp7f-xz-5.4.7
2026-10-09T18:54:06.0841266Z   /nix/store/1h4vhcpa6nqln9x0w03dy5i1x97z8svc-xz-5.4.7-bin
2026-10-09T18:54:06.0841696Z   /nix/store/qg40mg3yyyazi6phd5vxygk05xcmrkc9-xz-5.4.7-dev
2026-10-09T18:54:06.0842118Z   /nix/store/6ghariqqf33l5xqn7alx58dys7kz2wm5-zlib-1.3.1
2026-10-09T18:54:06.0842574Z   /nix/store/i44dhfrwi3qaz3f8xkxiva6zqkq3f65v-zlib-1.3.1-dev
2026-10-09T18:54:06.0843005Z   /nix/store/c1hff4nzawfkzvjmqn609pfdc3m3dk5z-zstd-1.5.6
2026-10-09T18:54:06.0843447Z   /nix/store/g7kjsdrig65ykzi0056abrb84dxm1mqv-zstd-1.5.6-bin
2026-10-09T18:54:06.0843892Z   /nix/store/m1vwc9blmwijw7ngrxz6rmybhzvamp08-zstd-1.5.6-dev
2026-10-09T18:54:06.0939373Z copying path '/nix/store/dd13q38yxm9qppjclsvwn10dscsf0l9w-gcc-13.2.0-libgcc' from 'https://cache.nixos.org'...
2026-10-09T18:54:06.0941060Z copying path '/nix/store/km0pyarp6b5ppixfgqc03mxsb2m8zxj2-git-2.44.2-doc' from 'https://cache.nixos.org'...
2026-10-09T18:54:06.0942819Z copying path '/nix/store/d0i8idmbb4jji9ml01xsqgykrbvm7dss-gnu-config-2024-01-01' from 'https://cache.nixos.org'...
2026-10-09T18:54:06.0944542Z copying path '/nix/store/2b81ihj7pcsr6pkr02vaajprjx9gfpq6-jq-1.7.1' from 'https://cache.nixos.org'...
2026-10-09T18:54:06.0947954Z copying path '/nix/store/v68clh8wa74xxblx0b748vr50gl7xnzc-mailcap-2.1.53' from 'https://cache.nixos.org'...
2026-10-09T18:54:06.0950387Z copying path '/nix/store/jvzprd7j5kh2xmmq62v05lchl31dj1d8-perl5.38.2-Digest-HMAC-1.04' from 'https://cache.nixos.org'...
2026-10-09T18:54:06.0955546Z copying path '/nix/store/8p2jwlmgk4vwynqks5di2svvlwg468nw-perl5.38.2-URI-5.21' from 'https://cache.nixos.org'...
2026-10-09T18:54:06.0960276Z copying path '/nix/store/18wh4fyaiar3bz1vz041518yg9dj41w3-set-java-classpath-hook' from 'https://cache.nixos.org'...
2026-10-09T18:54:06.0962098Z copying path '/nix/store/5xcbphhkys4b7nnxbrn37fnm70bncyr7-perl5.38.2-libnet-3.15' from 'https://cache.nixos.org'...
2026-10-09T18:54:06.0969012Z copying path '/nix/store/vil8wqacfkz8qx09aymahxv48d1zq3g2-tzdata-2024b' from 'https://cache.nixos.org'...
2026-10-09T18:54:06.0985368Z copying path '/nix/store/2y852kcvb7shrj8f3z8j22pa0iybcbgj-xgcc-13.2.0-libgcc' from 'https://cache.nixos.org'...
2026-10-09T18:54:06.0990237Z copying path '/nix/store/1rs6r53nbr8d3bxgp50c5pj822p2ldgk-perl5.38.2-FCGI-ProcManager-0.28' from 'https://cache.nixos.org'...
2026-10-09T18:54:06.1013524Z copying path '/nix/store/sazs3vywbi6sipfccvih8f88r9v621w7-perl5.38.2-HTML-TagCloud-0.38' from 'https://cache.nixos.org'...
2026-10-09T18:54:06.1083055Z copying path '/nix/store/zvwpisszhpkkk8spqyya8n3bpm7wj39p-libunistring-1.1' from 'https://cache.nixos.org'...
2026-10-09T18:54:06.1089451Z copying path '/nix/store/xrmh72ajmjxlgnncilm9mg6ww8nsff5m-jq-1.7.1-man' from 'https://cache.nixos.org'...
2026-10-09T18:54:06.1091784Z copying path '/nix/store/p3ks31bnd9fhvh2cp1wmcalm4bs2bkwq-jq-1.7.1-doc' from 'https://cache.nixos.org'...
2026-10-09T18:54:06.1130480Z copying path '/nix/store/d7vji37yjnbji14m4waa5rn35f10jzya-linux-headers-6.7' from 'https://cache.nixos.org'...
2026-10-09T18:54:06.1132690Z copying path '/nix/store/l5xdryd9mpfmqrz124sqhby8jch87xj4-nghttp2-1.61.0' from 'https://cache.nixos.org'...
2026-10-09T18:54:06.1134580Z copying path '/nix/store/bmjdb3wc1z2nh78k23p9akgqiabi2way-publicsuffix-list-0-unstable-2024-01-07' from 'https://cache.nixos.org'...
2026-10-09T18:54:06.1202513Z copying path '/nix/store/2329271b42wh6b6yhl7jmjyi0cs4428b-update-autotools-gnu-config-scripts-hook' from 'https://cache.nixos.org'...
2026-10-09T18:54:06.1209476Z copying path '/nix/store/y5q23fai4v3rlq1pgw5f8sinhcyk39fq-ncurses-6.4-man' from 'https://cache.nixos.org'...
2026-10-09T18:54:06.1243715Z copying path '/nix/store/l1r74jzcj016i2zr14l75zfcdx46vpxd-perl5.38.2-HTML-Tagset-3.20' from 'https://cache.nixos.org'...
2026-10-09T18:54:06.1926513Z copying path '/nix/store/3bpaa568fnrx0jz7lzp2sfhgp2sjbqi0-perl5.38.2-Mozilla-CA-20230821' from 'https://cache.nixos.org'...
2026-10-09T18:54:06.1929638Z copying path '/nix/store/1vhgsh0mvsmd10jy0jf3k1yfjr7vjiqa-perl5.38.2-Test-RequiresInternet-0.05' from 'https://cache.nixos.org'...
2026-10-09T18:54:06.1950074Z copying path '/nix/store/lgs9i0988prw414dls42dc5agsvj88wg-perl5.38.2-Authen-SASL-2.1700' from 'https://cache.nixos.org'...
2026-10-09T18:54:06.2048645Z copying path '/nix/store/p7aaqwkfbczvw7fkw2yqsz0bhfhsq4zy-perl5.38.2-IO-HTML-1.004' from 'https://cache.nixos.org'...
2026-10-09T18:54:06.2050757Z copying path '/nix/store/4hpxdsfcn9qjyv1c3rb8wp6gg4xalh1g-perl5.38.2-WWW-RobotRules-6.02' from 'https://cache.nixos.org'...
2026-10-09T18:54:06.2052676Z copying path '/nix/store/4bd6wmi1x1nk9b8gdnypjrhil19y3jq0-perl5.38.2-LWP-MediaTypes-6.04' from 'https://cache.nixos.org'...
2026-10-09T18:54:06.2054829Z copying path '/nix/store/iw3l5vqxajdgyqh32xvh50hgryfs53ih-perl5.38.2-Try-Tiny-0.31' from 'https://cache.nixos.org'...
2026-10-09T18:54:06.2058387Z copying path '/nix/store/5yah4mdd0cwfwvjgln32m5v4x73pzyjr-perl5.38.2-Test-Needs-0.002010' from 'https://cache.nixos.org'...
2026-10-09T18:54:06.2984551Z copying path '/nix/store/s4xiws1ayv3l297k7xdhs6lng8sds08a-perl5.38.2-Net-HTTP-6.23' from 'https://cache.nixos.org'...
2026-10-09T18:54:06.3409657Z copying path '/nix/store/ws540wqk99bs78nj6sf94l58p9q0j206-perl5.38.2-Encode-Locale-1.05' from 'https://cache.nixos.org'...
2026-10-09T18:54:06.3493083Z copying path '/nix/store/za4zp2sff6p86j0mmbd874qipbiads43-perl5.38.2-TimeDate-2.33' from 'https://cache.nixos.org'...
2026-10-09T18:54:06.3496131Z copying path '/nix/store/1xbn2czqsq3412qs1rk7kwyqxzbqsjjl-curl-8.7.1-man' from 'https://cache.nixos.org'...
2026-10-09T18:54:06.3498837Z copying path '/nix/store/9jivp79yv91fl1i6ayq2107a78q7k43i-libidn2-2.3.7' from 'https://cache.nixos.org'...
2026-10-09T18:54:06.3502362Z copying path '/nix/store/3214g9h194315pn6fnvl46lyfabwcd36-mirrors-list' from 'https://cache.nixos.org'...
2026-10-09T18:54:06.3514965Z copying path '/nix/store/gd5gbdkkc21hnyd1i1975lzckg3vyy0q-perl5.38.2-Test-Fatal-0.017' from 'https://cache.nixos.org'...
2026-10-09T18:54:06.5537490Z copying path '/nix/store/pf5avvvl4ssd6kylcvg2g23hcjp71h19-glibc-2.39-52' from 'https://cache.nixos.org'...
2026-10-09T18:54:06.5615424Z copying path '/nix/store/5gxibfsyjvfhkxpnz18r8qqld393d2nn-perl5.38.2-HTTP-Date-6.06' from 'https://cache.nixos.org'...
2026-10-09T18:54:06.6111373Z copying path '/nix/store/8rld2a5k3r7sj12lmymal6hbpks13rkf-perl5.38.2-File-Listing-6.16' from 'https://cache.nixos.org'...
2026-10-09T18:54:06.6228615Z copying path '/nix/store/pdczdajinqqf013h6srx3mvrizr5053w-perl5.38.2-HTTP-CookieJar-0.014' from 'https://cache.nixos.org'...
2026-10-09T18:54:07.2349907Z copying path '/nix/store/s894wa8wzbf841myjr7dm4m85177f8rl-attr-2.5.2' from 'https://cache.nixos.org'...
2026-10-09T18:54:07.2352117Z copying path '/nix/store/1jzhbwq5rjjaqa75z88ws2b424vh7m53-bash-5.2p32' from 'https://cache.nixos.org'...
2026-10-09T18:54:07.2354639Z copying path '/nix/store/nmkjwwbqbsa4nx3ljjxrp746kp53by51-brotli-1.1.0-lib' from 'https://cache.nixos.org'...
2026-10-09T18:54:07.2358987Z copying path '/nix/store/0s4k9fh17m2sx8ifj9xdflnjfgxrvbgp-bzip2-1.0.8' from 'https://cache.nixos.org'...
2026-10-09T18:54:07.2362332Z copying path '/nix/store/bjfycbr15irgfgwqw6bjb5xmrb6jllnq-ed-1.20.2' from 'https://cache.nixos.org'...
2026-10-09T18:54:07.2364387Z copying path '/nix/store/jziybc6yn78sf0bbh0kmmx50bxjsnr15-gawk-5.2.2' from 'https://cache.nixos.org'...
2026-10-09T18:54:07.2366265Z copying path '/nix/store/nbbg70f6gihj51p65kv19m0fnq8ik5kh-expat-2.6.4' from 'https://cache.nixos.org'...
2026-10-09T18:54:07.2369369Z copying path '/nix/store/13bjf2r63138p99rcdkdb0wr0gbwcc0m-expand-response-params' from 'https://cache.nixos.org'...
2026-10-09T18:54:07.2374181Z copying path '/nix/store/90yn7340r8yab8kxpb0p7y0c9j3snjam-gcc-13.2.0-lib' from 'https://cache.nixos.org'...
2026-10-09T18:54:07.2376243Z copying path '/nix/store/y8fzwmygqh9rl5rc8rvcydcskgszldpn-gdbm-1.23' from 'https://cache.nixos.org'...
2026-10-09T18:54:07.2378920Z copying path '/nix/store/94gaw2ngsnpf3ybxjsg89lf3hf3d55y2-glibc-2.39-52-bin' from 'https://cache.nixos.org'...
2026-10-09T18:54:07.2380890Z copying path '/nix/store/y8br765djcj51ls9lb3kylkrvc2wan3p-gnused-4.9' from 'https://cache.nixos.org'...
2026-10-09T18:54:07.2382103Z copying path '/nix/store/sg0xabw675wgc8y1rl6mymmhggqkqmjr-expand-response-params' from 'https://cache.nixos.org'...
2026-10-09T18:54:07.2383712Z copying path '/nix/store/0554jm1l1qw1pcfqsliw91hnifn11w8m-gnumake-4.4.1' from 'https://cache.nixos.org'...
2026-10-09T18:54:07.2385686Z copying path '/nix/store/vqgpb0anqqfnhb5ww3y8rf1jaxpphqwg-gnumake-4.4.1' from 'https://cache.nixos.org'...
2026-10-09T18:54:07.2387282Z copying path '/nix/store/bz756gkg3lrqjl958d8h7z5qn98z0vn7-gmp-6.3.0' from 'https://cache.nixos.org'...
2026-10-09T18:54:07.2496649Z copying path '/nix/store/6ghariqqf33l5xqn7alx58dys7kz2wm5-zlib-1.3.1' from 'https://cache.nixos.org'...
2026-10-09T18:54:07.2596586Z copying path '/nix/store/a4x20x15w3r6iic9pllkzsikdr1ci8zr-libuv-1.48.0' from 'https://cache.nixos.org'...
2026-10-09T18:54:07.2605525Z copying path '/nix/store/p8hw2h465g0byxwpamnk6gv6mp5gnqn2-openssl-3.0.14' from 'https://cache.nixos.org'...
2026-10-09T18:54:07.2611276Z copying path '/nix/store/8krchn3igfzz62fnirxj47l2hrz11sj9-bzip2-1.0.8-bin' from 'https://cache.nixos.org'...
2026-10-09T18:54:07.2684572Z copying path '/nix/store/hxhg0hk4g60yjsbiw1hwdzykidswdvaz-patch-2.7.6' from 'https://cache.nixos.org'...
2026-10-09T18:54:07.2934672Z copying path '/nix/store/r6apkwli4s0xhzn1bdi9nrkmvqc5arrj-gzip-1.13' from 'https://cache.nixos.org'...
2026-10-09T18:54:07.2944143Z copying path '/nix/store/vnhidpihmbp8wr949ri7a457y0hnb6bn-rhash-1.4.4' from 'https://cache.nixos.org'...
2026-10-09T18:54:07.2970266Z copying path '/nix/store/9spr3h287vf61j35vh59aqcv7rm0wspb-bash-5.2p32-dev' from 'https://cache.nixos.org'...
2026-10-09T18:54:07.2972358Z copying path '/nix/store/5x04zrxvdamhi4gbhpb6d8wmrgi5s046-perl5.38.2-FCGI-0.82' from 'https://cache.nixos.org'...
2026-10-09T18:54:07.3208673Z copying path '/nix/store/i0wk9fviyymf3vq86w6nc1jikc9209pp-perl5.38.2-TermReadKey-2.38' from 'https://cache.nixos.org'...
2026-10-09T18:54:07.3214196Z copying path '/nix/store/jk99vx5dhv57zldl5j0id3n23igbj269-pcre2-10.43' from 'https://cache.nixos.org'...
2026-10-09T18:54:07.3268759Z copying path '/nix/store/i44dhfrwi3qaz3f8xkxiva6zqkq3f65v-zlib-1.3.1-dev' from 'https://cache.nixos.org'...
2026-10-09T18:54:07.3282008Z copying path '/nix/store/0vdf5mpd762bw53rgl5nkmhvzq8n4m0d-file-5.45' from 'https://cache.nixos.org'...
2026-10-09T18:54:07.3437114Z copying path '/nix/store/50bi74rnylylavh7b1ccylfyz0ksw22z-libuv-1.48.0-dev' from 'https://cache.nixos.org'...
2026-10-09T18:54:07.3472691Z copying path '/nix/store/1b4si7qr8f04lqpy5m7iis3w8jxhc2vq-file-5.45' from 'https://cache.nixos.org'...
2026-10-09T18:54:07.3581062Z copying path '/nix/store/zmi2nlx42h1qrs2v7yn142dq4zjq30im-ncurses-6.4' from 'https://cache.nixos.org'...
2026-10-09T18:54:07.3635416Z copying path '/nix/store/702y72g4yqmylqs1niks1dzm1vh6vaqh-lcms2-2.16' from 'https://cache.nixos.org'...
2026-10-09T18:54:07.3656096Z copying path '/nix/store/rrw0d53ykhyzwbqayrqzx28hm53krb7i-libjpeg-turbo-3.0.3' from 'https://cache.nixos.org'...
2026-10-09T18:54:07.3687315Z copying path '/nix/store/80kzdbnl1bmnd8r8hphh1xzmgsvyyf6w-acl-2.3.2' from 'https://cache.nixos.org'...
2026-10-09T18:54:07.3705596Z copying path '/nix/store/6x0n8ksnajz1kf7n6q0farmyrc6af4mz-mpdecimal-4.0.0' from 'https://cache.nixos.org'...
2026-10-09T18:54:07.3706929Z copying path '/nix/store/qhwavx7kpnazsmfdbbvvafs0vsnkn49p-pkg-config-0.29.2' from 'https://cache.nixos.org'...
2026-10-09T18:54:07.3745154Z copying path '/nix/store/gniy4ab9wcijxjpcciddgpzdwq3v3dnb-libffi-3.4.6' from 'https://cache.nixos.org'...
2026-10-09T18:54:07.3747252Z copying path '/nix/store/bb99dclcsv3r0a8q967bnvga02qicxsf-libxcrypt-4.4.36' from 'https://cache.nixos.org'...
2026-10-09T18:54:07.3752158Z copying path '/nix/store/0pjc3s5k0zlc56xs2z0cmvq885zkij9h-sqlite-3.45.3' from 'https://cache.nixos.org'...
2026-10-09T18:54:07.3873186Z copying path '/nix/store/p1m1hbbfyvix5390xgslhq3d30zzhp7f-xz-5.4.7' from 'https://cache.nixos.org'...
2026-10-09T18:54:07.3997161Z copying path '/nix/store/xznnzkxql66sg21aw9xcxfv8d44nna08-nghttp2-1.61.0-lib' from 'https://cache.nixos.org'...
2026-10-09T18:54:07.4033039Z copying path '/nix/store/jig62nn8174n4dlk05lqwsvs5wd2c64r-glibc-2.39-52-dev' from 'https://cache.nixos.org'...
2026-10-09T18:54:07.4090032Z copying path '/nix/store/apjs9l6fsvv3d6d5dacinrhy8qj57jgx-libpsl-0.21.5' from 'https://cache.nixos.org'...
2026-10-09T18:54:07.4120482Z copying path '/nix/store/4dqj8bq01rwapgzgwm0zpr622r6jv8wq-mpfr-4.2.1' from 'https://cache.nixos.org'...
2026-10-09T18:54:07.4135581Z copying path '/nix/store/j17zmzz6z8fi8rd2yqk36n5jy8whzfhy-nghttp2-1.61.0-lib' from 'https://cache.nixos.org'...
2026-10-09T18:54:07.4156343Z copying path '/nix/store/llalnjlyrj2zv12q5bjy8cagqv70j73y-gnutar-1.35' from 'https://cache.nixos.org'...
2026-10-09T18:54:07.4456524Z copying path '/nix/store/mwa26ixrnf0s1j7923pdzfl9nwwglq4w-isl-0.20' from 'https://cache.nixos.org'...
2026-10-09T18:54:07.4595377Z copying path '/nix/store/dr2969ydf41s2i345dg751cabi9wnksn-pkg-config-wrapper-0.29.2' from 'https://cache.nixos.org'...
2026-10-09T18:54:07.4598461Z copying path '/nix/store/ssy9mnlc9pfkdn6msnirki0yfji4nqjv-libxml2-2.12.9' from 'https://cache.nixos.org'...
2026-10-09T18:54:07.4612141Z copying path '/nix/store/925hihdxx9ybs57cxvh59flm8sxddimh-oniguruma-6.9.9-lib' from 'https://cache.nixos.org'...
2026-10-09T18:54:07.4874430Z copying path '/nix/store/0b5z0wf3k9y3s3qadnkwsm78avax4jlk-keyutils-1.6.3-lib' from 'https://cache.nixos.org'...
2026-10-09T18:54:07.4890478Z copying path '/nix/store/8nss7h1yk4jihkmr4xj5ihrbdkv4y1wy-gnugrep-3.11' from 'https://cache.nixos.org'...
2026-10-09T18:54:07.4895341Z copying path '/nix/store/1h4vhcpa6nqln9x0w03dy5i1x97z8svc-xz-5.4.7-bin' from 'https://cache.nixos.org'...
2026-10-09T18:54:07.5412080Z copying path '/nix/store/1y79passl8570fq00gf4gr7b7ld7pzfl-liburcu-0.14.0' from 'https://cache.nixos.org'...
2026-10-09T18:54:07.5414691Z copying path '/nix/store/w0gcbzh5w6ds5h2cf1cg7nc2xcpcwxdk-libmpc-1.3.1' from 'https://cache.nixos.org'...
2026-10-09T18:54:07.5498361Z copying path '/nix/store/vsq79al9acvxd0nng9h17c9z6a1fgz09-libpfm-4.13.0' from 'https://cache.nixos.org'...
2026-10-09T18:54:07.5590307Z copying path '/nix/store/2vv5dpcgl9hzcpzf1syjnrld69kfhkfm-libkrb5-1.21.3' from 'https://cache.nixos.org'...
2026-10-09T18:54:07.5715442Z copying path '/nix/store/qg40mg3yyyazi6phd5vxygk05xcmrkc9-xz-5.4.7-dev' from 'https://cache.nixos.org'...
2026-10-09T18:54:07.5782501Z copying path '/nix/store/bwxp1bkaa4cgz20mrk1hqm8azvv1skif-jq-1.7.1-lib' from 'https://cache.nixos.org'...
2026-10-09T18:54:07.5919841Z copying path '/nix/store/aa1nmdsivj49bfgkzimi12fjz7wchwbn-perl5.38.2-Clone-0.46' from 'https://cache.nixos.org'...
2026-10-09T18:54:07.5960163Z copying path '/nix/store/xf9367aw8afx9a8y9r90kdhlaji9bnz8-binutils-2.41-lib' from 'https://cache.nixos.org'...
2026-10-09T18:54:07.6059933Z copying path '/nix/store/v9fw3px4pv25jfqz6ibs0khahhnjxvpx-nghttp2-1.61.0-dev' from 'https://cache.nixos.org'...
2026-10-09T18:54:07.6178903Z copying path '/nix/store/z867fyy7978kh6xf031ghmc6ysmiycq8-libkrb5-1.21.3' from 'https://cache.nixos.org'...
2026-10-09T18:54:07.6337590Z copying path '/nix/store/nmiy52nfg19qh56mpnshy2pi7ms2inga-perl5.38.2-HTTP-Message-6.45' from 'https://cache.nixos.org'...
2026-10-09T18:54:07.6352659Z copying path '/nix/store/nwwm81a4kyx8yhq6xrsyzp5a5b51fnkg-openssl-3.0.14' from 'https://cache.nixos.org'...
2026-10-09T18:54:07.6513908Z copying path '/nix/store/xylb1pgqnnd2qj9lsy1w2r9p8lmir8qs-jq-1.7.1-bin' from 'https://cache.nixos.org'...
2026-10-09T18:54:07.6794284Z copying path '/nix/store/q36rhfg9kml0hf7gmrhvixn17xlbmijm-file-5.45-dev' from 'https://cache.nixos.org'...
2026-10-09T18:54:07.6890364Z copying path '/nix/store/8vnznycxwsghawc0fgxfasfhrfgggjsc-perl5.38.2-HTML-Parser-3.81' from 'https://cache.nixos.org'...
2026-10-09T18:54:07.6894683Z copying path '/nix/store/96k4wa4181zg5inxbzkqk81f3pvs1zf6-perl5.38.2-HTTP-Daemon-6.16' from 'https://cache.nixos.org'...
2026-10-09T18:54:07.6897569Z copying path '/nix/store/m22x0xhiqxgswiihn5vxi4cm9rww9fjm-perl5.38.2-HTTP-Negotiate-6.01' from 'https://cache.nixos.org'...
2026-10-09T18:54:07.6902432Z copying path '/nix/store/xwa7k3qirvbi4j1nd6c910i8xcqzq0zc-perl5.38.2-HTTP-Cookies-6.10' from 'https://cache.nixos.org'...
2026-10-09T18:54:07.7002506Z copying path '/nix/store/6lwnmjnynb6mvpifwvdx0nx60kfw2vrh-compiler-rt-libc-17.0.6' from 'https://cache.nixos.org'...
2026-10-09T18:54:07.7005422Z copying path '/nix/store/f2lglcw69yh2yyihxq6kvhpanc3s1n9p-gcc-13.2.0' from 'https://cache.nixos.org'...
2026-10-09T18:54:07.7008416Z copying path '/nix/store/6ds32jlmhqjvbkp2pd20dz1wi9anszls-gettext-0.21.1' from 'https://cache.nixos.org'...
2026-10-09T18:54:07.7190527Z copying path '/nix/store/a2qxya11zd3xdn5df34n6axfd6fhgzql-icu4c-73.2' from 'https://cache.nixos.org'...
2026-10-09T18:54:07.7242085Z copying path '/nix/store/4sg2892rfh45fjzz62s7dbsxgnr7kq5h-openjdk-headless-22+36' from 'https://cache.nixos.org'...
2026-10-09T18:54:07.7248956Z copying path '/nix/store/2wp235bg03gykpixd9v2nyxp08w8xq8a-patchelf-0.15.0' from 'https://cache.nixos.org'...
2026-10-09T18:54:07.7298977Z copying path '/nix/store/ai8khzi02bspxjgdxqhx02bdgdnmk1yx-wabt-1.0.35' from 'https://cache.nixos.org'...
2026-10-09T18:54:07.7333551Z copying path '/nix/store/zx7p1fa3n2f316p82005j50h87kd2q2b-wasm-tools-1.215.0' from 'https://cache.nixos.org'...
2026-10-09T18:54:07.7373138Z copying path '/nix/store/0pkjhzncyjkvhq8lwmdkzvl4cs4vh0yb-gmp-with-cxx-6.3.0' from 'https://cache.nixos.org'...
2026-10-09T18:54:07.7672729Z copying path '/nix/store/a75jgdhdgbp18ij8r3khdkb9hb1ypykl-perl5.38.2-Net-SSLeay-1.92' from 'https://cache.nixos.org'...
2026-10-09T18:54:07.7682168Z copying path '/nix/store/i6phx7d2fzzjrp9cq3y95ysqn85cj1y4-openssl-3.0.14-bin' from 'https://cache.nixos.org'...
2026-10-09T18:54:07.7909276Z copying path '/nix/store/z34dss3rj1rnp1g820r64w0na7452jy1-binutils-2.41' from 'https://cache.nixos.org'...
2026-10-09T18:54:07.8331062Z copying path '/nix/store/c1hff4nzawfkzvjmqn609pfdc3m3dk5z-zstd-1.5.6' from 'https://cache.nixos.org'...
2026-10-09T18:54:07.8409924Z copying path '/nix/store/jcv2dm4lis9g72qh580am3sg1x9vl80b-libssh2-1.11.0' from 'https://cache.nixos.org'...
2026-10-09T18:54:07.8838310Z copying path '/nix/store/4kvn0yq5dc2gylbwsqbynzxxpkf4b143-jq-1.7.1-dev' from 'https://cache.nixos.org'...
2026-10-09T18:54:07.9409841Z copying path '/nix/store/kh8za9c6zmhs2ijsgna5hcqil4j8lsbk-llvm-17.0.6-lib' from 'https://cache.nixos.org'...
2026-10-09T18:54:07.9485936Z copying path '/nix/store/n9gh8gxx5xx51ihgll2l20ar9b2vmgzy-coreutils-9.5' from 'https://cache.nixos.org'...
2026-10-09T18:54:07.9804542Z copying path '/nix/store/wcgzg38c6f5rspj5mp8b865v9c2b9rm7-ncurses-6.4-dev' from 'https://cache.nixos.org'...
2026-10-09T18:54:08.0002916Z copying path '/nix/store/cv05k9nr90lciyxyrpkwmqrq9lhl1rn4-perl5.38.2-CGI-4.59' from 'https://cache.nixos.org'...
2026-10-09T18:54:08.0041886Z copying path '/nix/store/32si5ivv66qixzs0qgwcwh7ik7qhjcdj-perl5.38.2-IO-Socket-SSL-2.083' from 'https://cache.nixos.org'...
2026-10-09T18:54:08.0743953Z copying path '/nix/store/75qm0pb8hah3i2wa0mgd3l5fyhknr6p3-openssl-3.0.14-dev' from 'https://cache.nixos.org'...
2026-10-09T18:54:08.0870230Z copying path '/nix/store/ld1yqvr1db4iv8sk8f4aflgai1b5d2ql-curl-8.7.1' from 'https://cache.nixos.org'...
2026-10-09T18:54:08.1100313Z copying path '/nix/store/rafcl7sl3f9757z4m5hl7vaklppi8xkr-readline-8.2p10' from 'https://cache.nixos.org'...
2026-10-09T18:54:08.1760316Z copying path '/nix/store/fbkbkqb1cp46jwgk2lv6g28ik57r764i-libarchive-3.7.7-lib' from 'https://cache.nixos.org'...
2026-10-09T18:54:08.2292750Z copying path '/nix/store/fv1plv85qylnw87dlnxaqkgl06drgr1r-curl-8.7.1' from 'https://cache.nixos.org'...
2026-10-09T18:54:08.2630134Z copying path '/nix/store/a6prrfmmr6kkbkwk6v3vq4zd96mcc5g4-numactl-2.0.18' from 'https://cache.nixos.org'...
2026-10-09T18:54:08.2635383Z copying path '/nix/store/fsikhb1i0bf4pz9b819bp33y2vbhfq2f-perl5.38.2-CGI-Fast-2.16' from 'https://cache.nixos.org'...
2026-10-09T18:54:08.2972439Z copying path '/nix/store/k6slgyjf4sv0lpz1pdg6sr3bpvjdr35l-diffutils-3.10' from 'https://cache.nixos.org'...
2026-10-09T18:54:08.3385870Z copying path '/nix/store/qdk6ds72q8xf5fzi16x7736bwz8aydic-findutils-4.9.0' from 'https://cache.nixos.org'...
2026-10-09T18:54:08.3903639Z copying path '/nix/store/6dcc1j2x8gm4vmk4fijb0fmbabqwjscs-perl5.38.2-Net-SMTP-SSL-1.04' from 'https://cache.nixos.org'...
2026-10-09T18:54:08.4066031Z copying path '/nix/store/s0p1kr5mvs0j42dq5r08kgqbi0k028f2-python3-3.11.10' from 'https://cache.nixos.org'...
2026-10-09T18:54:08.4269496Z copying path '/nix/store/mdadnfhlp7m6778zhlmpbn9qy37xkrmh-perl-5.38.2' from 'https://cache.nixos.org'...
2026-10-09T18:54:08.4505785Z copying path '/nix/store/8cigxaz31i50m4wrjxdyccb498r24mqb-libssh2-1.11.0' from 'https://cache.nixos.org'...
2026-10-09T18:54:08.4700472Z copying path '/nix/store/z98wicx6x78vlyksv69axn5zqwdah5l8-cmake-3.29.2' from 'https://cache.nixos.org'...
2026-10-09T18:54:08.4719735Z copying path '/nix/store/bgh22i946ncj740a3snzlzddc0varib5-libkrb5-1.21.3-dev' from 'https://cache.nixos.org'...
2026-10-09T18:54:08.4873104Z copying path '/nix/store/412418grw31j2qfi6j6mhic6gfd190n9-compiler-rt-libc-17.0.6-dev' from 'https://cache.nixos.org'...
2026-10-09T18:54:08.4888522Z copying path '/nix/store/g7kjsdrig65ykzi0056abrb84dxm1mqv-zstd-1.5.6-bin' from 'https://cache.nixos.org'...
2026-10-09T18:54:08.5050979Z copying path '/nix/store/ar33fhhpindkrpagrjrjlsv3hj0vndgg-lttng-ust-2.12.2' from 'https://cache.nixos.org'...
2026-10-09T18:54:08.5622086Z copying path '/nix/store/3za4imd3c8r7zm6x62khahdf5dwn2ihq-openssl-3.0.14-bin' from 'https://cache.nixos.org'...
2026-10-09T18:54:08.5858181Z copying path '/nix/store/zix67r268ihi4c362zw7c0989z12jmy7-stdenv-linux' from 'https://cache.nixos.org'...
2026-10-09T18:54:08.6582533Z copying path '/nix/store/x6xqf8sk2yb1xb348bc2caiwsms90bp5-curl-8.7.1' from 'https://cache.nixos.org'...
2026-10-09T18:54:08.7231207Z copying path '/nix/store/m1vwc9blmwijw7ngrxz6rmybhzvamp08-zstd-1.5.6-dev' from 'https://cache.nixos.org'...
2026-10-09T18:54:09.0840694Z copying path '/nix/store/rba8xdxdk082rbppc51vpgxh0z6v11sl-curl-8.7.1-bin' from 'https://cache.nixos.org'...
2026-10-09T18:54:09.1060399Z copying path '/nix/store/ng1lqlkhf27xg4d3ahi8rl3vi30kpzqn-openssl-3.0.14-dev' from 'https://cache.nixos.org'...
2026-10-09T18:54:09.2621983Z copying path '/nix/store/gq0xyjrkaqvknshf8r6si13ckdv6p7yq-binutils-wrapper-2.41' from 'https://cache.nixos.org'...
2026-10-09T18:54:09.2623875Z copying path '/nix/store/rl56awy2w2iwvgdmibv98k0vx7lzyw21-binutils-wrapper-2.41' from 'https://cache.nixos.org'...
2026-10-09T18:54:09.2774512Z copying path '/nix/store/k6a3db8rpihvjrw27w61vx1wji7mfmq8-icu4c-73.2-dev' from 'https://cache.nixos.org'...
2026-10-09T18:54:09.2796692Z copying path '/nix/store/c67p00lksmyafxl5mhpx8zm67jwk95gr-dotnet-sdk-8.0.300' from 'https://cache.nixos.org'...
2026-10-09T18:54:09.3658967Z copying path '/nix/store/maifjkmix9nnh5j85s4ndsqad59f31p7-libssh2-1.11.0-dev' from 'https://cache.nixos.org'...
2026-10-09T18:54:09.5491882Z copying path '/nix/store/1qkhzhgx9w8rawvy8lvbaxqh4xb0srad-nodejs-22.10.0' from 'https://cache.nixos.org'...
2026-10-09T18:54:09.5982633Z copying path '/nix/store/51jy1xwjbv9a41iwr59h5dfsg624fcij-curl-8.7.1-dev' from 'https://cache.nixos.org'...
2026-10-09T18:54:09.8551416Z building '/nix/store/h18wrysd1a2l10nham8ssg03r4k4r1k2-e9f29cb984231524e3931aa0ae2c5dae1a32884e.tar.gz.drv'...
2026-10-09T18:54:09.9108731Z building '/nix/store/2ybcnzzfr3bdjknz3varn0r8qfy1c5xf-f3b06c705e6c85f5314019d5d3baab0fec5b580c.tar.gz.drv'...
2026-10-09T18:54:09.9683196Z building '/nix/store/mf14gj5vp344ikb09h9x03qcdb1q3d3l-lean-4.32.2-linux.tar.zst.drv'...
2026-10-09T18:54:10.0381857Z building '/nix/store/3inlh6hn6cbfia2i2a5cw3y4i666rqb8-node-v24.19.0-linux-x64.tar.xz.drv'...
2026-10-09T18:54:10.7111411Z building '/nix/store/qxv7zgjbyd40xjls302vk283d4jixzxm-wasmtime-v42.0.1-x86_64-linux-c-api.tar.xz.drv'...
2026-10-09T18:54:11.2102686Z building '/nix/store/alvmygwqln397yw4cxfrs9ff3vkkdvxc-libuv-source-e9f29cb984231524e3931aa0ae2c5dae1a32884e.drv'...
2026-10-09T18:54:11.3402577Z copying path '/nix/store/mvnig14jxhfn1qnzmlpy855dxbd0rvf1-perl5.38.2-libwww-perl-6.72' from 'https://cache.nixos.org'...
2026-10-09T18:54:11.5548390Z building '/nix/store/nhj5xx0k0xj248qdf6pb9pdscw3wja0z-wasm-binaries.tar.xz.drv'...
2026-10-09T18:54:12.0313797Z building '/nix/store/5h40czhcd5i6gjkybgc28w8pmdab6yiy-wasmtime-42.0.1-x86_64-linux-c-api.drv'...
2026-10-09T18:54:14.9486748Z copying path '/nix/store/6frx0rrqvrjgc5axzih8ybp6x8i3lnfc-python3.11-pyelftools-0.31' from 'https://cache.nixos.org'...
2026-10-09T18:54:14.9489631Z copying path '/nix/store/lpkn9w3h16wb910g7v2qj9pyd7gvxkld-git-2.44.2' from 'https://cache.nixos.org'...
2026-10-09T18:54:15.8258527Z copying path '/nix/store/v9zjfpkffznvnlaa28mdkc5kr3ka9y6c-python3-3.11.10-env' from 'https://cache.nixos.org'...
2026-10-09T18:54:15.9511523Z copying path '/nix/store/46zq1hcvd2cnl07rjv0ywcgf59p8w9gm-auto-patchelf-hook' from 'https://cache.nixos.org'...
2026-10-09T18:54:16.5852068Z copying path '/nix/store/rdc1jnyw74mwr2gszqc5zwi433zxs089-gcc-wrapper-13.2.0' from 'https://cache.nixos.org'...
2026-10-09T18:54:16.5983059Z copying path '/nix/store/80wijs24wjp619zmrasrh805bax02xjm-stdenv-linux' from 'https://cache.nixos.org'...
2026-10-09T18:54:16.6549855Z building '/nix/store/yl9c5g4ppazml4i9gi6iln6znpc3ipli-emscripten-upstream-6.0.6.drv'...
2026-10-09T18:54:16.7100254Z building '/nix/store/m29jv2s8cinaxcy4x0jk5khjqj0hb8ys-emsdk-node-24.19.0.drv'...
2026-10-09T18:54:16.7371167Z building '/nix/store/s920ynpaayshaba6kk05i5hi8m7hs1vy-lean-host-4.32.2.drv'...
2026-10-09T18:54:21.6798015Z copying path '/nix/store/sck9m41zz1asdmvbaxjdihxxq7p6qgy7-clang-17.0.6-lib' from 'https://cache.nixos.org'...
2026-10-09T18:54:21.6823936Z copying path '/nix/store/jxdn6bj3hq16h1z42zrsz7kj5cjz5ir1-llvm-17.0.6' from 'https://cache.nixos.org'...
2026-10-09T18:54:27.4858696Z building '/nix/store/ha7rp4zbqq9c5j17zcbnmd0jx2jccfqg-lean-source-f3b06c705e6c85f5314019d5d3baab0fec5b580c.drv'...
2026-10-09T18:54:28.3560643Z copying path '/nix/store/hgv9ygk4bq8cscss48qnknmbrjmqvbh5-llvm-17.0.6-dev' from 'https://cache.nixos.org'...
2026-10-09T18:54:35.5137555Z building '/nix/store/kz9n43s2dfq3667ijs7mfjzpd8f45gjy-lean-alpha-managed-binding-artifacts-0.0.0.drv'...
2026-10-09T18:54:38.0731317Z copying path '/nix/store/jkslyfviqi4n144452p5gdcdv3jg30hs-clang-17.0.6' from 'https://cache.nixos.org'...
2026-10-09T18:54:39.0927114Z copying path '/nix/store/9yr64l4j5kghwapqzwd6azk9l57mx87p-clang-wrapper-17.0.6' from 'https://cache.nixos.org'...
2026-10-09T18:55:07.8563884Z building '/nix/store/61ibg0crs6ackn4v1g2lrl3cadgwxbw4-lean-alpha-native-core-artifacts-0.0.0.drv'...
2026-10-09T18:55:10.1798537Z building '/nix/store/355rcf144i12d0fplh3indzy3c1yzzhr-emsdk-6.0.6-immutable.drv'...
2026-10-09T18:55:10.2503734Z building '/nix/store/896x0r6nw2z64adsp3x7ngl52wg7xyj0-lean-alpha-universal-core-artifacts-0.0.0.drv'...
2026-10-09T19:06:08.9752311Z building '/nix/store/wjd2aavp6xf16d3dm428350z6j70lz0i-lean-alpha-wasi-component-artifacts-0.0.0.drv'...
2026-10-09T19:11:56.1919371Z building '/nix/store/gr780f7svkgfqaqxcijyp79c97s78anl-lean-alpha-universal-release-bundle-0.0.0.drv'...
2026-10-09T19:12:00.1640774Z copying path '/nix/store/w5dzdm57c0228959pcavmjmhjnvvam9m-re2c-3.1' from 'https://cache.nixos.org'...
2026-10-09T19:12:00.1659750Z copying path '/nix/store/jb2mh4asq1klvf3nzj9blr2q6dyhwkrb-nss-cacert-3.107' from 'https://cache.nixos.org'...
2026-10-09T19:12:00.1667430Z copying path '/nix/store/az1vlcldx7vaqq533a8x31vvqa6dvqgb-gnum4-1.4.19' from 'https://cache.nixos.org'...
2026-10-09T19:12:00.1669566Z copying path '/nix/store/751xmj0fqpmg845n72hxkpqaaf71xpjz-ninja-1.11.1' from 'https://cache.nixos.org'...
2026-10-09T19:12:00.1671028Z copying path '/nix/store/ragzs7i0z740sv0v9apcigm4qdr0l6rb-gperf-3.1' from 'https://cache.nixos.org'...
2026-10-09T19:12:00.1681359Z copying path '/nix/store/mjab8xmxjgnzfq854s54p0c9gqdfmpsh-zip-3.0' from 'https://cache.nixos.org'...
2026-10-09T19:12:00.1720334Z copying path '/nix/store/76a4wzlz2iydzin9w6ag5m7nldjpv3pm-gtest-1.14.0' from 'https://cache.nixos.org'...
2026-10-09T19:12:00.1747563Z copying path '/nix/store/3di38dhhw8vyxkdmwmn1nkb7sz06n57j-system-sendmail-1.0' from 'https://cache.nixos.org'...
2026-10-09T19:12:00.1817164Z copying path '/nix/store/xq0f47jqw5c804mia8hb5a74c3w389il-rustc-1.77.2' from 'https://cache.nixos.org'...
2026-10-09T19:12:00.1825468Z copying path '/nix/store/fwnm0vr8bylbgwpmzic6xg07kl4prqzc-curl-8.7.1-man' from 'https://cache.nixos.org'...
2026-10-09T19:12:00.1850455Z copying path '/nix/store/1qv6fxvi61vjjrgkw7r799kf7b8382k3-libkrb5-1.21.3-dev' from 'https://cache.nixos.org'...
2026-10-09T19:12:00.2010187Z copying path '/nix/store/s8q3rch0wd3shdnznz9bcj8mj6pvz1gr-gmp-with-cxx-6.3.0' from 'https://cache.nixos.org'...
2026-10-09T19:12:00.2017483Z copying path '/nix/store/xz6qa1y8a7nm544iqkh3nx9pgysnpl0j-libpng-apng-1.6.43' from 'https://cache.nixos.org'...
2026-10-09T19:12:00.2024410Z copying path '/nix/store/v0p0p0mf7k2zy6ackxv1qjrm06pkn98r-libssh2-1.11.0-dev' from 'https://cache.nixos.org'...
2026-10-09T19:12:00.2258958Z copying path '/nix/store/fv20wfhs3bh97mhrff67lvbdqn8v0k4y-libtool-2.4.7-lib' from 'https://cache.nixos.org'...
2026-10-09T19:12:00.2328520Z copying path '/nix/store/jaapy8mk67cbflvmj7gjpylgahl0pj69-curl-8.7.1-bin' from 'https://cache.nixos.org'...
2026-10-09T19:12:00.2372708Z copying path '/nix/store/czcrq1nad23isbaikj0qi6xyxv0b34vw-libargon2-20190702' from 'https://cache.nixos.org'...
2026-10-09T19:12:00.2374798Z copying path '/nix/store/glaw1jn0m9p1hgm5s681zad1dg4bwq4b-pcre2-10.43' from 'https://cache.nixos.org'...
2026-10-09T19:12:00.2443587Z copying path '/nix/store/yg9vibnm03mp77p108ixmdm1i84qfz7d-libpsl-0.21.5-bin' from 'https://cache.nixos.org'...
2026-10-09T19:12:00.2448035Z copying path '/nix/store/kxqn898rczp3yl3bcxxbik0fkyz6jp1d-php-bcmath-8.2.27' from 'https://cache.nixos.org'...
2026-10-09T19:12:00.2457272Z copying path '/nix/store/kicssx0z70wnfk4p7cm96ay0na2kzxm1-php-ctype-8.2.27' from 'https://cache.nixos.org'...
2026-10-09T19:12:00.2475088Z copying path '/nix/store/l6asfy7npczfvppniyk5q46gzh6bml16-binaryen-116' from 'https://cache.nixos.org'...
2026-10-09T19:12:00.2487543Z copying path '/nix/store/23zympjadqd3d0hcrzq9f1g3xnp1ax5n-php-fileinfo-8.2.27' from 'https://cache.nixos.org'...
2026-10-09T19:12:00.2489883Z copying path '/nix/store/kvig16f9v2nasmr0k7fiym96ksr9pgs1-php-session-8.2.27' from 'https://cache.nixos.org'...
2026-10-09T19:12:00.2491744Z copying path '/nix/store/0isp0ns9ykis59j0hayk6xp0p5gcfdjy-brotli-1.1.0' from 'https://cache.nixos.org'...
2026-10-09T19:12:00.2499203Z copying path '/nix/store/fph4bljbll0h5ahsbl72hd3dgbr8n7lf-php-soap-8.2.27' from 'https://cache.nixos.org'...
2026-10-09T19:12:00.2687861Z copying path '/nix/store/k47nm761i280s2pyl9a5rmv75fd9is19-php-opcache-8.2.27' from 'https://cache.nixos.org'...
2026-10-09T19:12:00.2791109Z copying path '/nix/store/5pd8825vnd563qbvbv0p5p29hqirvw5c-libyaml-0.2.5' from 'https://cache.nixos.org'...
2026-10-09T19:12:00.2794900Z copying path '/nix/store/mlkzgivx42k092w0icqj2jdlldyni1vk-alsa-ucm-conf-1.2.11' from 'https://cache.nixos.org'...
2026-10-09T19:12:00.2849247Z copying path '/nix/store/aj6vf0b6b8kbmj7m2lclfkfqj8nyapmb-lld-17.0.6-lib' from 'https://cache.nixos.org'...
2026-10-09T19:12:00.2854550Z copying path '/nix/store/gpz26sz3x7gx8cf649jhyxzzxcfxrgh8-php-mysqli-8.2.27' from 'https://cache.nixos.org'...
2026-10-09T19:12:00.3181504Z copying path '/nix/store/j0bkgwhdynvc6fpazg09kmi7jhflnfw2-php-mbstring-8.2.27' from 'https://cache.nixos.org'...
2026-10-09T19:12:00.3184896Z copying path '/nix/store/k4jy37njjyw4p4d8p6cnzg5nk0mchf1b-php-readline-8.2.27' from 'https://cache.nixos.org'...
2026-10-09T19:12:00.3199279Z copying path '/nix/store/3il1kqd5s4ii26x3x5kf2fmc9hdychs7-bison-3.8.2' from 'https://cache.nixos.org'...
2026-10-09T19:12:00.3213262Z copying path '/nix/store/21l5snjs8ngip4qysl71dlhvfp2ci63a-flex-2.6.4' from 'https://cache.nixos.org'...
2026-10-09T19:12:00.3215250Z copying path '/nix/store/mwqnsdm4kcx3b4zk23i8196j1y492kn3-gmp-with-cxx-6.3.0-dev' from 'https://cache.nixos.org'...
2026-10-09T19:12:00.3253953Z copying path '/nix/store/0rbsn0qisd8hmpzbrh1a9gli5y80fpv0-brotli-1.1.0-dev' from 'https://cache.nixos.org'...
2026-10-09T19:12:00.3279792Z copying path '/nix/store/1rr497fk0jmibaj65983i7nipz2knmc8-gsettings-desktop-schemas-46.0' from 'https://cache.nixos.org'...
2026-10-09T19:12:00.3561648Z copying path '/nix/store/qks0d4mmbnfvq2dx8hbhdgm8c5q4j3ay-c-ares-1.27.0' from 'https://cache.nixos.org'...
2026-10-09T19:12:00.3813810Z copying path '/nix/store/gv406dcs0265ydgc6nnjzhw8s3yl5bpa-pixman-0.43.4' from 'https://cache.nixos.org'...
2026-10-09T19:12:00.3891488Z copying path '/nix/store/wbl8nwdhrcfj3v4m51qlr383sg8a7qn3-libev-4.33' from 'https://cache.nixos.org'...
2026-10-09T19:12:00.3909576Z copying path '/nix/store/lr7988lx4zrrcf67dhjd8ckpqw89vsi7-xkeyboard-config-2.41' from 'https://cache.nixos.org'...
2026-10-09T19:12:00.4148171Z copying path '/nix/store/9ll9fqfsdjqwy2ibrnd5sni1mg60lzah-libtasn1-4.19.0' from 'https://cache.nixos.org'...
2026-10-09T19:12:00.4250971Z copying path '/nix/store/0npkjmcmq2zjmwfr8n9qiphikhi0h27n-freetype-2.13.2' from 'https://cache.nixos.org'...
2026-10-09T19:12:00.4253453Z copying path '/nix/store/vp7w0kmm5w9r4iws7xqrfmwsys8af5ps-libpsl-0.21.5-dev' from 'https://cache.nixos.org'...
2026-10-09T19:12:00.4301774Z copying path '/nix/store/2g8xw8syn8jjfxd4cybr8vhcc50lp8wm-php-gettext-8.2.27' from 'https://cache.nixos.org'...
2026-10-09T19:12:00.4432939Z copying path '/nix/store/1k6gl682rx4ypbh7hsvsczn1x4rm1rwq-ruby-3.3.5' from 'https://cache.nixos.org'...
2026-10-09T19:12:00.4566199Z copying path '/nix/store/592gjj66s8xdhgn86r44fqz3ss0kzccv-php-pdo_sqlite-8.2.27' from 'https://cache.nixos.org'...
2026-10-09T19:12:00.4682315Z copying path '/nix/store/9yir03i6l4c3pv54q86k57p50mc3jnh4-nettle-3.9.1' from 'https://cache.nixos.org'...
2026-10-09T19:12:00.4689317Z copying path '/nix/store/xzcf7d64zqhpnk9lh3s73804fjvwdijn-giflib-5.2.2' from 'https://cache.nixos.org'...
2026-10-09T19:12:00.5149255Z copying path '/nix/store/mwn21av99yxvf4jhs0xf6hq1dfd4fzky-libnfnetlink-1.0.2' from 'https://cache.nixos.org'...
2026-10-09T19:12:00.5156455Z copying path '/nix/store/03361762s52sdi4rn0y13asdghw207l5-php-ftp-8.2.27' from 'https://cache.nixos.org'...
2026-10-09T19:12:00.5312317Z copying path '/nix/store/52li110fvwczbi6997qisxw9py5iymb3-php-zlib-8.2.27' from 'https://cache.nixos.org'...
2026-10-09T19:12:00.5430398Z copying path '/nix/store/mk838fcw7xqf597q6milpp400fq2wrb5-p11-kit-0.25.3' from 'https://cache.nixos.org'...
2026-10-09T19:12:00.5510957Z copying path '/nix/store/6iqv491s3aac1d2zkqs05c8gsyp41spm-php-sockets-8.2.27' from 'https://cache.nixos.org'...
2026-10-09T19:12:00.5619275Z copying path '/nix/store/7rl489pr9gv74al5chah4dxw8mllsvjm-php-sysvsem-8.2.27' from 'https://cache.nixos.org'...
2026-10-09T19:12:00.5775644Z copying path '/nix/store/956arzl1877bnphsgzlar6ccgxnidm3l-php-exif-8.2.27' from 'https://cache.nixos.org'...
2026-10-09T19:12:00.6063609Z copying path '/nix/store/9qaa51n0fchydi8csjkg74n3fc94q7di-php-filter-8.2.27' from 'https://cache.nixos.org'...
2026-10-09T19:12:00.6075167Z copying path '/nix/store/9zj1ajq1am0sqlg1z2ibkdmsl9qpnrp9-php-pdo-8.2.27' from 'https://cache.nixos.org'...
2026-10-09T19:12:00.6169560Z copying path '/nix/store/abg8jvr85qsrb88n07chxrx8f9n0ylil-php-posix-8.2.27' from 'https://cache.nixos.org'...
2026-10-09T19:12:00.6249972Z copying path '/nix/store/brqgyn0dplq8lslwp447ndabvc0az8ss-php-pdo_mysql-8.2.27' from 'https://cache.nixos.org'...
2026-10-09T19:12:00.6516433Z copying path '/nix/store/bs252b4mm3bawssz4b9km51ml9clbh9g-php-dom-8.2.27' from 'https://cache.nixos.org'...
2026-10-09T19:12:00.6565950Z copying path '/nix/store/c0smig9qbp5xqv1icyjihp1yw5kwilcm-php-xmlwriter-8.2.27' from 'https://cache.nixos.org'...
2026-10-09T19:12:00.6580173Z copying path '/nix/store/fdhg0jq8k59in7ava10qkph9k9j8pzh3-lld-17.0.6' from 'https://cache.nixos.org'...
2026-10-09T19:12:00.6606840Z copying path '/nix/store/c7q14qaj75bna6rbn0mk6jj90fn0m5gb-php-sqlite3-8.2.27' from 'https://cache.nixos.org'...
2026-10-09T19:12:00.6638773Z copying path '/nix/store/w14121h1n3kg8pjaw790mkr7z7cb238y-die-hook' from 'https://cache.nixos.org'...
2026-10-09T19:12:00.6710953Z copying path '/nix/store/28q4r7zcrl59qaxrbrfl65kx1wgkkay5-dav1d-1.4.1' from 'https://cache.nixos.org'...
2026-10-09T19:12:00.6764345Z copying path '/nix/store/3lanyd7681hn1mg7imzzbk9a3vvbd6w5-libvmaf-3.0.0' from 'https://cache.nixos.org'...
2026-10-09T19:12:00.6821864Z copying path '/nix/store/90nwq55nj0nr3qgrsrk396ziazzyjh06-ncompress-5.0' from 'https://cache.nixos.org'...
2026-10-09T19:12:00.6896299Z copying path '/nix/store/crl81hy8cnqs4g5gn68s8sjqd1b3r0ps-libyuv-1787' from 'https://cache.nixos.org'...
2026-10-09T19:12:00.6952547Z copying path '/nix/store/i16ggyd7qbfwx0b9vyfjpay990lcjlc7-libnl-3.8.0' from 'https://cache.nixos.org'...
2026-10-09T19:12:00.7030378Z copying path '/nix/store/2cbbwpr4awcw7h5zys1vdsv5jyaizkbs-db-4.8.30' from 'https://cache.nixos.org'...
2026-10-09T19:12:00.7051157Z copying path '/nix/store/yjxx5ahf8qyzpazzc60p5sj4gdjjhd6w-builder.pl' from 'https://cache.nixos.org'...
2026-10-09T19:12:00.7161554Z copying path '/nix/store/xhhxxvir1nyg8j3ci3da403x966gz13h-python3.11-pip-24.0-man' from 'https://cache.nixos.org'...
2026-10-09T19:12:00.7201914Z copying path '/nix/store/brz6ns6myghnxm27pfqlrig1bw2r8h6k-python3.11-pip-24.0' from 'https://cache.nixos.org'...
2026-10-09T19:12:00.7246665Z copying path '/nix/store/7ssrf0drpxh2dkg7y6q4l5fnscr9a7hn-libseccomp-2.5.5-lib' from 'https://cache.nixos.org'...
2026-10-09T19:12:00.7266531Z copying path '/nix/store/y9qvkwvhaqvk5i4h82smlrlml8mkbk7x-libdaemon-0.14' from 'https://cache.nixos.org'...
2026-10-09T19:12:00.7470978Z copying path '/nix/store/dszlrj4lkzmcq6pl8r692b95h4xsh3nv-make-binary-wrapper-hook' from 'https://cache.nixos.org'...
2026-10-09T19:12:00.7765717Z copying path '/nix/store/0nl55z21knp8fq18zcyfkgra0i2hijyv-db-5.3.28' from 'https://cache.nixos.org'...
2026-10-09T19:12:00.7910740Z copying path '/nix/store/bwcshjy7xk875nw3qd0zch639bfc2v3v-libaom-3.9.0' from 'https://cache.nixos.org'...
2026-10-09T19:12:00.8168975Z copying path '/nix/store/ak0iy34rfd9r0x62gm7144gp15gisbwh-libossp-uuid-1.6.2' from 'https://cache.nixos.org'...
2026-10-09T19:12:00.8315927Z copying path '/nix/store/a47zkhmy1lpql508q65vkxfm3c52hxhs-qrencode-4.1.1' from 'https://cache.nixos.org'...
2026-10-09T19:12:00.8349055Z copying path '/nix/store/lh0b381npmiyg4x6b7v3q487pz2nzk0y-libpcap-1.10.5' from 'https://cache.nixos.org'...
2026-10-09T19:12:00.8511605Z copying path '/nix/store/a8vav5wzx1fd1zizxxr0vn4knhm8gmhr-audit-3.1.2' from 'https://cache.nixos.org'...
2026-10-09T19:12:00.8613183Z copying path '/nix/store/afmksdmk6b1zvg6i0arpn3q9xkzsnd9v-kexec-tools-2.0.28' from 'https://cache.nixos.org'...
2026-10-09T19:12:00.8666062Z copying path '/nix/store/7iny0ax59ib0pgfgkcph49zxg8zym30w-pcsclite-2.1.0-lib' from 'https://cache.nixos.org'...
2026-10-09T19:12:00.8925330Z copying path '/nix/store/i7190zhkrx6l6iqjqfdcsjblisqi5zn7-duktape-2.7.0' from 'https://cache.nixos.org'...
2026-10-09T19:12:00.9036960Z copying path '/nix/store/gms3c80sldm4r0pyxj987227y49lx1ks-lz4-1.9.4' from 'https://cache.nixos.org'...
2026-10-09T19:12:00.9065185Z copying path '/nix/store/hh2gg2hcslfrgrszc7lxqb43i5lmalxq-util-linux-minimal-2.39.4-login' from 'https://cache.nixos.org'...
2026-10-09T19:12:00.9123459Z copying path '/nix/store/hix5711xrj6fwg23qs03w8w7zy29whfw-bash-interactive-5.2p32' from 'https://cache.nixos.org'...
2026-10-09T19:12:00.9250483Z copying path '/nix/store/j67whcybdcm598p442ja0x5idiknsvyc-libcap-2.69-lib' from 'https://cache.nixos.org'...
2026-10-09T19:12:00.9722582Z copying path '/nix/store/jsizfglsm40vsjc81xnm3wa0rxshpnz0-elfutils-0.191' from 'https://cache.nixos.org'...
2026-10-09T19:12:00.9791615Z copying path '/nix/store/l0v5pkl7cv999ns3jawq1hx53jj3p1qk-libapparmor-3.1.7' from 'https://cache.nixos.org'...
2026-10-09T19:12:00.9793631Z copying path '/nix/store/mgrsh2jnmxwv384q810fkgm2bzp3fwvz-kbd-2.6.4' from 'https://cache.nixos.org'...
2026-10-09T19:12:00.9795675Z copying path '/nix/store/rcazl4zhbdvc9w357vlwk95v8gcfjhr2-lerc-4.0.0' from 'https://cache.nixos.org'...
2026-10-09T19:12:00.9827435Z copying path '/nix/store/n9h67rrlpqq6lk7piw059ddxiydlfzbd-kmod-31-lib' from 'https://cache.nixos.org'...
2026-10-09T19:12:00.9998632Z copying path '/nix/store/p3ls8qj9db0zxqyh1yl1xhza2007ydyg-libgpg-error-1.48' from 'https://cache.nixos.org'...
2026-10-09T19:12:01.0020690Z copying path '/nix/store/kh4996rfh9sm32l026igm88ipz34ivvb-json-c-0.17' from 'https://cache.nixos.org'...
2026-10-09T19:12:01.0165682Z copying path '/nix/store/dcdhs0cqc45ryd2836yvjv34z6jxfc3l-libdeflate-1.20' from 'https://cache.nixos.org'...
2026-10-09T19:12:01.0457515Z copying path '/nix/store/w6zi8q7la3f5vpl9gl81b0dvfq4wj8p0-kmod-31' from 'https://cache.nixos.org'...
2026-10-09T19:12:01.0475743Z copying path '/nix/store/7bfn2wlkmjp6f1y2i4r2l72gc3xy6d5n-icu4c-64.2' from 'https://cache.nixos.org'...
2026-10-09T19:12:01.0534346Z copying path '/nix/store/2g8q946s9ngv63ssh93i3p4mc0z5q054-libdatrie-2019-12-20-lib' from 'https://cache.nixos.org'...
2026-10-09T19:12:01.0709657Z copying path '/nix/store/s3w5cr4c4s6ydfgw17l4wgxs0yr0vxwd-libcbor-0.11.0' from 'https://cache.nixos.org'...
2026-10-09T19:12:01.0832539Z copying path '/nix/store/z04c92z7f7pp1r3g58fg8wcxjf4pak8w-libthai-0.1.29' from 'https://cache.nixos.org'...
2026-10-09T19:12:01.0837481Z copying path '/nix/store/hfy39pxmyvs4sjbwqv4si92ixmj2crx5-libXau-1.0.11' from 'https://cache.nixos.org'...
2026-10-09T19:12:01.1064302Z copying path '/nix/store/pm7i9hd073plr28fppi417najx3vx2vv-libevent-2.1.12' from 'https://cache.nixos.org'...
2026-10-09T19:12:01.1353101Z copying path '/nix/store/4b5w9n7781c99pwa0qvsg25my65i0zq9-libXdmcp-1.1.5' from 'https://cache.nixos.org'...
2026-10-09T19:12:01.1356726Z copying path '/nix/store/azc06066h201z880m78k002cgq02h5a1-systemd-minimal-libs-255.9' from 'https://cache.nixos.org'...
2026-10-09T19:12:01.1383131Z copying path '/nix/store/pffh6d501fj27h886lmbj8x3l80y93d3-libgcrypt-1.10.3' from 'https://cache.nixos.org'...
2026-10-09T19:12:01.1491690Z copying path '/nix/store/xs3gk42g7dlsndzwgx72c71h76clzfsv-libbpf-1.4.2' from 'https://cache.nixos.org'...
2026-10-09T19:12:01.1708778Z copying path '/nix/store/950jxlcd0zi3p0sjifs3v8i8y0nin140-cracklib-2.9.11' from 'https://cache.nixos.org'...
2026-10-09T19:12:01.1820768Z copying path '/nix/store/mq2lm1hbxzsdyjk7admb17kzx3zwqcfv-glibc-2.39-52-getent' from 'https://cache.nixos.org'...
2026-10-09T19:12:01.1861446Z copying path '/nix/store/xc1aw6cjm3hj8qdaj8x9g089lm4abrr9-libassuan-2.5.7' from 'https://cache.nixos.org'...
2026-10-09T19:12:01.2260944Z copying path '/nix/store/myr5cqynx2nh0x4f68pprg4jgps9ivcl-unbound-1.20.0-lib' from 'https://cache.nixos.org'...
2026-10-09T19:12:01.2465040Z copying path '/nix/store/9dkh8lhl686qjdf364myq9haklz3qpzv-libxcb-1.17.0' from 'https://cache.nixos.org'...
2026-10-09T19:12:01.2505785Z copying path '/nix/store/dx0m5lpqxsfd6f96nwxb6zj08gq36jqg-libmnl-1.0.5' from 'https://cache.nixos.org'...
2026-10-09T19:12:01.2654488Z copying path '/nix/store/71mk6wddlb93pwc36gw6qwssgf1xp0yn-libfido2-1.14.0' from 'https://cache.nixos.org'...
2026-10-09T19:12:01.2744500Z copying path '/nix/store/w3iakl1f2p0b9rj1kbr7ilh69jhq6jgz-lvm2-2.03.23-lib' from 'https://cache.nixos.org'...
2026-10-09T19:12:01.2749775Z copying path '/nix/store/m2f2412dk3l1kdr160w7w2agdx9c9cc3-php-iconv-8.2.27' from 'https://cache.nixos.org'...
2026-10-09T19:12:01.2774887Z copying path '/nix/store/mkwp52yrg74l5jbdag5zmjl3ylcvvdfc-php-gmp-8.2.27' from 'https://cache.nixos.org'...
2026-10-09T19:12:01.2952874Z copying path '/nix/store/nicjrs3zca8rbkdzggv6gc726gqhpxng-php-xmlreader-8.2.27' from 'https://cache.nixos.org'...
2026-10-09T19:12:01.3399485Z copying path '/nix/store/p9fg3x9zmvyiy0sdhskz2nsh4vj0m3mw-php-pcntl-8.2.27' from 'https://cache.nixos.org'...
2026-10-09T19:12:01.3509519Z copying path '/nix/store/1bzgjxzx4c6ni628qhl9v2lj7b7rx1bw-getent-glibc-2.39-52' from 'https://cache.nixos.org'...
2026-10-09T19:12:01.3710976Z copying path '/nix/store/pr466wm1vk392rxv90gzyzf9bsyws3rv-php-calendar-8.2.27' from 'https://cache.nixos.org'...
2026-10-09T19:12:01.3764599Z copying path '/nix/store/w4rnk5xnvg07jlazglxzn2iikdvclj9m-libnetfilter_conntrack-1.0.9' from 'https://cache.nixos.org'...
2026-10-09T19:12:01.3800354Z copying path '/nix/store/1rg4zjc4zqabzd3wa1l2inzvyj3s441p-libnftnl-1.2.6' from 'https://cache.nixos.org'...
2026-10-09T19:12:01.3922633Z copying path '/nix/store/xh8gy1gn38qlgzsa62w1vja6x0hqf39x-php-openssl-8.2.27' from 'https://cache.nixos.org'...
2026-10-09T19:12:01.3942176Z copying path '/nix/store/y05l6l1il9grw68ds58rwk5zims9dakz-php-tokenizer-8.2.27' from 'https://cache.nixos.org'...
2026-10-09T19:12:01.3951329Z copying path '/nix/store/s77bsrkpddx1k5kp2iv20xfnlpnhz2vn-php-mysqlnd-8.2.27' from 'https://cache.nixos.org'...
2026-10-09T19:12:01.4050951Z copying path '/nix/store/yxa962ayj287w005rahw1pigyxg5afnx-php-simplexml-8.2.27' from 'https://cache.nixos.org'...
2026-10-09T19:12:01.4112825Z copying path '/nix/store/z6axzmnxjkhj1k3yyyqq8qxf55li1qvd-php-curl-8.2.27' from 'https://cache.nixos.org'...
2026-10-09T19:12:01.4115607Z copying path '/nix/store/iqga1xby2s1l6lx9riqicsqa2f88hnrj-alsa-topology-conf-1.2.5.1' from 'https://cache.nixos.org'...
2026-10-09T19:12:01.4198091Z copying path '/nix/store/302ncx9jpsj9ip869nx98as9drlbjqpn-libsodium-1.0.19' from 'https://cache.nixos.org'...
2026-10-09T19:12:01.4221374Z copying path '/nix/store/1mjlla0fc468wl9cphnn2ivpfx02mr7j-dejavu-fonts-minimal-2.37' from 'https://cache.nixos.org'...
2026-10-09T19:12:01.4225986Z copying path '/nix/store/zr2gp0yli9vjsqfp28526jcajcivq2ag-dns-root-data-2023-11-27' from 'https://cache.nixos.org'...
2026-10-09T19:12:01.4229547Z copying path '/nix/store/hw4kkx5bzx5srw17x9gkyakis1ipqcl7-npth-1.7' from 'https://cache.nixos.org'...
2026-10-09T19:12:01.4280472Z copying path '/nix/store/n9zl05kdpgl5pgdrp0fgyg28gbrsrlw3-lld-17.0.6-dev' from 'https://cache.nixos.org'...
2026-10-09T19:12:01.4284254Z copying path '/nix/store/13fpkr1p4z6fbfk8k0x7r3yaj23xhnq5-unzip-6.0' from 'https://cache.nixos.org'...
2026-10-09T19:12:01.4286094Z copying path '/nix/store/5vgxahzhcvsxvgq6qjw4f09bnc07mq3c-libselinux-3.6' from 'https://cache.nixos.org'...
2026-10-09T19:12:01.4288404Z copying path '/nix/store/5z1p38q7crvid944wrhmiiglvvald0j4-libX11-1.8.9' from 'https://cache.nixos.org'...
2026-10-09T19:12:01.4290530Z copying path '/nix/store/7yqrkq8ff0s9xysk3kj2lf76wvyjk2wn-iptables-1.8.10' from 'https://cache.nixos.org'...
2026-10-09T19:12:01.4346062Z copying path '/nix/store/9r2if8vhzvzqlx6n5knx2ckjfcjpd3yr-alsa-lib-1.2.11' from 'https://cache.nixos.org'...
2026-10-09T19:12:01.4371888Z copying path '/nix/store/ixlnf1frsa2df5jjm82n0gs8h3wi6lby-util-linux-minimal-2.39.4-lib' from 'https://cache.nixos.org'...
2026-10-09T19:12:01.4434755Z copying path '/nix/store/svf1rly63z1wivpzm7q7d1xkb48pm3l2-cyrus-sasl-2.1.28' from 'https://cache.nixos.org'...
2026-10-09T19:12:01.4488397Z copying path '/nix/store/hqll9vi4g6krj2yfxc4vqndvsfssas7x-gnutls-3.8.5' from 'https://cache.nixos.org'...
2026-10-09T19:12:01.4553418Z copying path '/nix/store/0filj1ph0ddsc6bnhdhcjrqdvhvjdjiw-gnupg-2.4.5' from 'https://cache.nixos.org'...
2026-10-09T19:12:01.4728054Z copying path '/nix/store/74v3nlm7lh9ad4r79dn1mynnainfzilm-php-sodium-8.2.27' from 'https://cache.nixos.org'...
2026-10-09T19:12:01.4830859Z copying path '/nix/store/7r4nw8z7wrf07mxk3m71rav47xlmj50m-fontconfig-2.15.0' from 'https://cache.nixos.org'...
2026-10-09T19:12:01.5069954Z copying path '/nix/store/khkz2gncg3i5qwma2s89mlkbgwhpqckf-7zz-24.08' from 'https://cache.nixos.org'...
2026-10-09T19:12:01.5225952Z copying path '/nix/store/aqc10czb2whr64agvcpihg96im5i7mi6-wayland-1.22.0' from 'https://cache.nixos.org'...
2026-10-09T19:12:01.5330445Z copying path '/nix/store/jalq9yqbfprgkfm64g7hm0qdjf1p0vn9-fribidi-1.0.13' from 'https://cache.nixos.org'...
2026-10-09T19:12:01.5402925Z copying path '/nix/store/zx2wnh4wp39mkc9rx4jlzd3jljnhcwb5-iso-codes-4.16.0' from 'https://cache.nixos.org'...
2026-10-09T19:12:01.5916485Z copying path '/nix/store/3c275grvmby79gqgnjych830sld6bziw-glib-2.80.2' from 'https://cache.nixos.org'...
2026-10-09T19:12:01.5922504Z copying path '/nix/store/87xgc04881wzdx7wnfn0d05gdx66jw73-cryptsetup-2.7.3' from 'https://cache.nixos.org'...
2026-10-09T19:12:01.5940573Z copying path '/nix/store/g9qxpv2q2bvr4g8ziay97baqniir3ksf-util-linux-minimal-2.39.4-swap' from 'https://cache.nixos.org'...
2026-10-09T19:12:01.5984993Z copying path '/nix/store/gv9sis616azky4gydszlqckiwbpqk5yn-util-linux-minimal-2.39.4-mount' from 'https://cache.nixos.org'...
2026-10-09T19:12:01.6003337Z copying path '/nix/store/ihjg8v8902jly2i3xnbj3714i135pqf4-tpm2-tss-4.1.1' from 'https://cache.nixos.org'...
2026-10-09T19:12:01.6410420Z copying path '/nix/store/37zka02vgfsrjqsbxr1bgwzpwv9g167a-libidn2-2.3.7-bin' from 'https://cache.nixos.org'...
2026-10-09T19:12:01.6551218Z copying path '/nix/store/298lasn37whh7042pbfz0jxp403pai76-libXext-1.3.6' from 'https://cache.nixos.org'...
2026-10-09T19:12:01.6674790Z copying path '/nix/store/qa0w8kji1jrkw2a8baxnd49dczci9bf8-libXpm-3.5.17' from 'https://cache.nixos.org'...
2026-10-09T19:12:01.6676560Z copying path '/nix/store/2ffppfzsjcp1q3bdxn96a2hqdlkijvr8-libXrender-0.9.11' from 'https://cache.nixos.org'...
2026-10-09T19:12:01.6968173Z copying path '/nix/store/ibc28k85i5va38ilqn44z9y7a174x9xs-libXcomposite-0.4.6' from 'https://cache.nixos.org'...
2026-10-09T19:12:01.7832401Z building '/nix/store/1qhy7ard0qbrmp7airyf66prcfl0n04w-python3-3.11.10-env.drv'...
2026-10-09T19:12:01.7863281Z copying path '/nix/store/m4r9jmsvgv8k0vsb72vkq91667yjdf9h-libxkbcommon-1.7.0' from 'https://cache.nixos.org'...
2026-10-09T19:12:01.7883705Z copying path '/nix/store/j3irb77rvrqsn57y88mjlppwsim5ldx4-libXfixes-6.0.1' from 'https://cache.nixos.org'...
2026-10-09T19:12:01.7996752Z copying path '/nix/store/12cr0szjhy5zp23nl45wd0ybwm7w7x6a-libzip-1.10.1' from 'https://cache.nixos.org'...
2026-10-09T19:12:01.8023079Z copying path '/nix/store/6lymlrmrh285vr8cy2gppdbq8a6gi2c0-nghttp2-1.61.0' from 'https://cache.nixos.org'...
2026-10-09T19:12:01.8024881Z copying path '/nix/store/rsxw8yx21701xp3x6n0yfg517k29s2qf-postgresql-15.10-lib' from 'https://cache.nixos.org'...
2026-10-09T19:12:01.8035437Z copying path '/nix/store/falcaavkhml14j79g95mvqbd2ci4g12j-linux-pam-1.6.1' from 'https://cache.nixos.org'...
2026-10-09T19:12:01.8037316Z copying path '/nix/store/fcx7psmgkzdd88i9kydpf8j3476fbrgp-libidn2-2.3.7-dev' from 'https://cache.nixos.org'...
2026-10-09T19:12:01.8130585Z copying path '/nix/store/35kyrfkzrm1am5l91iz0srdp2wh8j1an-fontconfig-2.15.0-lib' from 'https://cache.nixos.org'...
2026-10-09T19:12:01.8132904Z copying path '/nix/store/4gzp3wr5mi1k4fvlynci0y7n6qip0kkv-libmicrohttpd-0.9.77' from 'https://cache.nixos.org'...
2026-10-09T19:12:01.8381087Z copying path '/nix/store/acw4dh5a3dwbm5w8fdgiq9hxd7sd6a0v-libXrandr-1.5.4' from 'https://cache.nixos.org'...
2026-10-09T19:12:01.8395341Z copying path '/nix/store/d6w4gyllmnp26i2vjydylbz27x5mrbww-libXinerama-1.1.5' from 'https://cache.nixos.org'...
2026-10-09T19:12:01.8523173Z copying path '/nix/store/ki12z1h2m3qhnn2jps234x9ls1li30bi-php-zip-8.2.27' from 'https://cache.nixos.org'...
2026-10-09T19:12:01.8808267Z copying path '/nix/store/r5j717nmw6yg894a885r3a9wb2kj8sk2-libXi-1.8.1' from 'https://cache.nixos.org'...
2026-10-09T19:12:01.8830591Z copying path '/nix/store/6lzcb4zv3lysq4yjhmgi1dkc6fqrgphy-libglvnd-1.7.0' from 'https://cache.nixos.org'...
2026-10-09T19:12:01.8832524Z copying path '/nix/store/l6cqv0aflnlvlshkxfchik6gnafqm24g-libXcursor-1.2.2' from 'https://cache.nixos.org'...
2026-10-09T19:12:01.8968694Z copying path '/nix/store/wlfigacigim7vsr0j9macqgzga40wi51-libXdamage-1.1.6' from 'https://cache.nixos.org'...
2026-10-09T19:12:01.9156066Z copying path '/nix/store/8sx26kvcn36kz7b3bimr9pdq2mc4ag0j-openldap-2.6.9' from 'https://cache.nixos.org'...
2026-10-09T19:12:01.9171898Z copying path '/nix/store/f77zp1fs5gblzrhz96mpicrqzb09r555-systemd-minimal-255.9' from 'https://cache.nixos.org'...
2026-10-09T19:12:01.9178746Z copying path '/nix/store/hp6bg5zs7nzcc8al4i99lfbrvqs9f6rs-unixODBC-2.3.12' from 'https://cache.nixos.org'...
2026-10-09T19:12:01.9246866Z copying path '/nix/store/p4brhgwc11hfk13vwad4ix5xr7vkavhx-libXft-2.3.8' from 'https://cache.nixos.org'...
2026-10-09T19:12:01.9302949Z copying path '/nix/store/9q6wjrav2m5ikwf3yznj96fxmxvdz02v-graphite2-1.3.14' from 'https://cache.nixos.org'...
2026-10-09T19:12:01.9304636Z copying path '/nix/store/ass5rpw3li6xxyjp0cykfx5l6yjcj400-libtiff-4.6.0' from 'https://cache.nixos.org'...
2026-10-09T19:12:01.9351224Z copying path '/nix/store/vl868md5gc199rcrfdc7cl4mi5kb9jq9-libXtst-1.2.4' from 'https://cache.nixos.org'...
2026-10-09T19:12:01.9454142Z copying path '/nix/store/44913fk21ikjqkispa7bjkvaqj5hhwvi-nghttp2-1.61.0-dev' from 'https://cache.nixos.org'...
2026-10-09T19:12:02.0082951Z copying path '/nix/store/ggsml34r3iva43lp7pcv6rcgisfl7anx-php-pdo_odbc-8.2.27' from 'https://cache.nixos.org'...
2026-10-09T19:12:02.0266569Z copying path '/nix/store/xc9l92rl3ndvhwi8a6yj01icn1d8vfp9-libGL-1.7.0' from 'https://cache.nixos.org'...
2026-10-09T19:12:02.0430857Z copying path '/nix/store/3jp4h3hmz4bqv3rrj439lpkzkmxqxdwi-libpwquality-1.4.5-lib' from 'https://cache.nixos.org'...
2026-10-09T19:12:02.0433590Z copying path '/nix/store/y2hq2yxrwr3jda2nk8baiyc9i73b66rg-php-imap-8.2.27' from 'https://cache.nixos.org'...
2026-10-09T19:12:02.0641667Z copying path '/nix/store/mdl97z9dp8dhjdim472qiqqwd94bhp0j-libwebp-1.4.0' from 'https://cache.nixos.org'...
2026-10-09T19:12:02.0784095Z copying path '/nix/store/g9h3w8nvry6ciwq6dbfiq4g0y2lmlsdd-libepoxy-1.5.10' from 'https://cache.nixos.org'...
2026-10-09T19:12:02.0909788Z copying path '/nix/store/hmmi4i6d3q59p5qg534n8wfjhj8jiwsj-curl-8.7.1-dev' from 'https://cache.nixos.org'...
2026-10-09T19:12:02.1601078Z copying path '/nix/store/rhq3rwyghbqq4lnkmdf4vsrazr2aa5a7-systemd-255.9' from 'https://cache.nixos.org'...
2026-10-09T19:12:02.1845198Z copying path '/nix/store/mnd2mjkp7mi9y1a44mijrxv09lap0nfw-php-pgsql-8.2.27' from 'https://cache.nixos.org'...
2026-10-09T19:12:02.1850690Z copying path '/nix/store/3kgrj4cp4fa58fcl1qy0zy2sza7nv74q-php-pdo_pgsql-8.2.27' from 'https://cache.nixos.org'...
2026-10-09T19:12:02.1934054Z copying path '/nix/store/9w1bbklppmr4ib3zrzangxc1aigh3nwg-php-ldap-8.2.27' from 'https://cache.nixos.org'...
2026-10-09T19:12:02.3531750Z copying path '/nix/store/484qnnssg3n2md24vpxw3qk0dspkppsb-gdk-pixbuf-2.42.12' from 'https://cache.nixos.org'...
2026-10-09T19:12:02.3538340Z copying path '/nix/store/nb06pbh9j1b44ply234vvkaar1w3gvgi-dconf-0.40.0-lib' from 'https://cache.nixos.org'...
2026-10-09T19:12:02.3540013Z copying path '/nix/store/vppn7lhz5ljvydmbdppibfjg6xrfh0vx-cairo-1.18.0' from 'https://cache.nixos.org'...
2026-10-09T19:12:02.3541679Z copying path '/nix/store/i7avvg2mbw505cd6jx9k5admny6v9k8d-json-glib-1.8.0' from 'https://cache.nixos.org'...
2026-10-09T19:12:02.3549225Z copying path '/nix/store/an0kn9gd4z0k4qr7mi9975fa2mqs9248-libsoup-2.74.3' from 'https://cache.nixos.org'...
2026-10-09T19:12:02.3551104Z copying path '/nix/store/vwlfmr1i7idc0s32ay6r00wy4b8a4rx7-libsoup-3.4.4' from 'https://cache.nixos.org'...
2026-10-09T19:12:02.3569136Z copying path '/nix/store/wazdn869j9x8g36w1mvpcpicd7p97lpw-harfbuzz-8.4.0' from 'https://cache.nixos.org'...
2026-10-09T19:12:02.3589364Z copying path '/nix/store/d6vlrbn4hqygslpri73cgrjh9gjvx9wk-gamin-0.1.10' from 'https://cache.nixos.org'...
2026-10-09T19:12:02.3591745Z copying path '/nix/store/xl8skgn2spbim1q2rjad1dal9qpi0vwa-libIDL-0.8.14' from 'https://cache.nixos.org'...
2026-10-09T19:12:02.4820305Z copying path '/nix/store/zbpdgrh184qyrdyjvxz00pgqhvrcqca1-ORBit2-2.14.19' from 'https://cache.nixos.org'...
2026-10-09T19:12:02.5352153Z copying path '/nix/store/ir4sims0vzmjc43m80pk9vsra38dwfl7-php-intl-8.2.27' from 'https://cache.nixos.org'...
2026-10-09T19:12:02.5369487Z copying path '/nix/store/fhfza8gyfnrqn3q605w5cw327gn0hz5s-gobject-introspection-1.80.1' from 'https://cache.nixos.org'...
2026-10-09T19:12:02.5901573Z copying path '/nix/store/45alyjrs2xflv0fyy08ng2qy62klrash-pango-1.52.2' from 'https://cache.nixos.org'...
2026-10-09T19:12:02.5998760Z copying path '/nix/store/hw3hwpk0gmcmhajsjsvhxk2vn9h30bq7-libavif-1.0.4' from 'https://cache.nixos.org'...
2026-10-09T19:12:02.6190864Z copying path '/nix/store/c1pvi36v9d02by7s9fcx204qg3ic9xgh-dbus-1.14.10-lib' from 'https://cache.nixos.org'...
2026-10-09T19:12:02.6199356Z copying path '/nix/store/bz42yf9cn89m97n2d7py0yw1cysyd5ir-polkit-124' from 'https://cache.nixos.org'...
2026-10-09T19:12:02.6300858Z copying path '/nix/store/z7hrcpmiv2kxcmwmsh430w6kikpgfl3l-gd-2.3.3' from 'https://cache.nixos.org'...
2026-10-09T19:12:02.6479375Z copying path '/nix/store/26s529dd6j0dsl4z360zl5czr7kkf2s6-avahi-0.8' from 'https://cache.nixos.org'...
2026-10-09T19:12:02.6481578Z copying path '/nix/store/0v6km0ak85aa043rr8hw9x5dxc49b3f3-dbus-glib-0.112' from 'https://cache.nixos.org'...
2026-10-09T19:12:02.6715143Z copying path '/nix/store/i06w8344d692yz2fnfkdzn3mgi6fkbas-gconf-3.2.6' from 'https://cache.nixos.org'...
2026-10-09T19:12:02.6938180Z copying path '/nix/store/aykqqwb1xmv2hfmswv7fgmlij28my0q0-cups-2.4.8-lib' from 'https://cache.nixos.org'...
2026-10-09T19:12:02.6951904Z copying path '/nix/store/58n0pnldj7w7szplmgaxjz6ycvff19rh-tracker-3.7.3' from 'https://cache.nixos.org'...
2026-10-09T19:12:02.7243726Z copying path '/nix/store/pr90dnz2x5hzq6asld160dim7zh4pm7p-php-gd-8.2.27' from 'https://cache.nixos.org'...
2026-10-09T19:12:02.7440686Z copying path '/nix/store/1kqxlb2jyj6ls4l8l6780w1qafp07380-php-extra-init-8.2.27.ini' from 'https://cache.nixos.org'...
2026-10-09T19:12:02.8749169Z copying path '/nix/store/bg1y5crvvc98fcnslsnm57w0ldv7jy05-gnome-vfs-2.24.4' from 'https://cache.nixos.org'...
2026-10-09T19:12:03.0444166Z copying path '/nix/store/am54j7wy47l77ssr2q84sr9xzmfi9n5l-at-spi2-core-2.52.0' from 'https://cache.nixos.org'...
2026-10-09T19:12:03.0448736Z copying path '/nix/store/vbid0lnigw2vlk8a1gpk0i9fib1cz27m-php-8.2.27' from 'https://cache.nixos.org'...
2026-10-09T19:12:03.1202624Z copying path '/nix/store/hdn2gb5xa3amcpn4g90hscplwbnk56bz-gtk+3-3.24.43' from 'https://cache.nixos.org'...
2026-10-09T19:12:03.6771618Z copying path '/nix/store/iwmqcnpfjqgb4rnk8mx2p0b2myb4f5hb-php-8.2.27-dev' from 'https://cache.nixos.org'...
2026-10-09T19:12:03.6773481Z copying path '/nix/store/m09gapmazf945n2s252wmyjk1qbqg7si-php-with-extensions-8.2.27' from 'https://cache.nixos.org'...
2026-10-09T19:12:03.7082737Z copying path '/nix/store/5j4c1hk6r8v1jdfz3a6r6bsxblphmhn6-composer-2.7.7' from 'https://cache.nixos.org'...
2026-10-09T19:12:03.7526312Z copying path '/nix/store/vpdmpgah6rzaja7d3c8va1yfdks75bqq-openjdk-21.0.3+9' from 'https://cache.nixos.org'...
2026-10-09T19:12:10.2119039Z copying path '/nix/store/n56wk2kpgq06703g19zhsx9q81bif7s2-rustc-wrapper-1.77.2' from 'https://cache.nixos.org'...
2026-10-09T19:12:10.2200233Z copying path '/nix/store/4wcb3jbxw9mc6vspwx4s625fp2sn003q-cargo-1.77.2' from 'https://cache.nixos.org'...
2026-10-09T19:12:20.9929343Z copying path '/nix/store/6fh7dbvgbbh117xrba68kh4mwvv866qa-apache-maven-3.9.6' from 'https://cache.nixos.org'...
2026-10-09T19:12:20.9931291Z copying path '/nix/store/fc5x9sqr7syp9r385r74mvync4yzcbcq-kotlin-1.9.24' from 'https://cache.nixos.org'...
2026-10-09T19:12:24.3747478Z building '/nix/store/r0yp1q7m1pqva84car7fvqkkjzbs4ivc-nix-shell-env.drv'...
2026-10-09T19:12:25.1828980Z this path will be fetched (97.3 KiB download, 97.3 KiB unpacked):
2026-10-09T19:12:25.1830214Z   /nix/store/71h52hv3lqrr7vsik73hkzd0fbmng830-bash-interactive-5.2p32-man
2026-10-09T19:12:25.1838456Z copying path '/nix/store/71h52hv3lqrr7vsik73hkzd0fbmng830-bash-interactive-5.2p32-man' from 'https://cache.nixos.org'...
2026-10-09T19:12:25.2189540Z Run: npm run bootstrap
2026-10-09T19:12:58.4773510Z {
2026-10-09T19:12:58.4774170Z   "result": "passed",
2026-10-09T19:12:58.4805830Z   "consumers": [
2026-10-09T19:12:58.4806334Z     "c",
2026-10-09T19:12:58.4808331Z     "cpp",
2026-10-09T19:12:58.4808723Z     "python",
2026-10-09T19:12:58.4809142Z     "rust"
2026-10-09T19:12:58.4809532Z   ],
2026-10-09T19:12:58.4810074Z   "packages": [
2026-10-09T19:12:58.4810589Z     "lean-bridge-alpha-0.0.0-c.tar.gz",
2026-10-09T19:12:58.4811173Z     "lean-bridge-alpha-0.0.0-cpp.tar.gz",
2026-10-09T19:12:58.4811879Z     "lean_bridge_alpha-0.0.0-py3-none-manylinux_2_38_x86_64.whl",
2026-10-09T19:12:58.4812565Z     "lean_bridge_alpha-0.0.0.crate"
2026-10-09T19:12:58.4813349Z   ],
2026-10-09T19:12:58.4813840Z   "cleanRoots": [
2026-10-09T19:12:58.4814246Z     "c-consumer",
2026-10-09T19:12:58.4814788Z     "c-documentation",
2026-10-09T19:12:58.4815230Z     "c-release",
2026-10-09T19:12:58.4815738Z     "cargo-release",
2026-10-09T19:12:58.4816161Z     "cpp-consumer",
2026-10-09T19:12:58.4816704Z     "cpp-documentation",
2026-10-09T19:12:58.4817108Z     "cpp-release",
2026-10-09T19:12:58.4817452Z     "python-consumer",
2026-10-09T19:12:58.4821688Z     "python-release",
2026-10-09T19:12:58.4822084Z     "rust-consumer",
2026-10-09T19:12:58.4822482Z     "rust-documentation"
2026-10-09T19:12:58.4823048Z   ],
2026-10-09T19:12:58.4823412Z   "realLeanExecution": true,
2026-10-09T19:12:58.4824009Z   "documentation": {
2026-10-09T19:12:58.4837208Z     "c": {
2026-10-09T19:12:58.4838016Z       "result": "passed",
2026-10-09T19:12:58.4839067Z       "stdout": "Box: 42; payload: 42; callback: 44; closure: 42"
2026-10-09T19:12:58.4843344Z     },
2026-10-09T19:12:58.4843686Z     "cpp": {
2026-10-09T19:12:58.4844068Z       "result": "passed",
2026-10-09T19:12:58.4844669Z       "stdout": "Box: 42; payload: 42; callback: 44; closure: 42"
2026-10-09T19:12:58.4845255Z     },
2026-10-09T19:12:58.4845597Z     "python": {
2026-10-09T19:12:58.4846003Z       "result": "passed",
2026-10-09T19:12:58.4846718Z       "stdout": "Box: 42; payload: 42; callback: 44; closure: 42"
2026-10-09T19:12:58.4847354Z     },
2026-10-09T19:12:58.4847990Z     "rust": {
2026-10-09T19:12:58.4848719Z       "result": "passed",
2026-10-09T19:12:58.4849261Z       "stdout": "Box: 42; payload: 42; callback: 44; closure: 42"
2026-10-09T19:12:58.4849759Z     }
2026-10-09T19:12:58.4849950Z   }
2026-10-09T19:12:58.4850127Z }
2026-10-09T19:12:58.5893378Z Prepare all required actions
2026-10-09T19:12:58.5925215Z ##[group]Run ./.github/actions/bounded-apt
2026-10-09T19:12:58.5925516Z env:
2026-10-09T19:12:58.5925704Z   NODE_VERSION: 22
2026-10-09T19:12:58.5926024Z   LEAN_BRIDGE_CONSUMER_PERFORMANCE_DIR: build/consumer-ci/performance
2026-10-09T19:12:58.5926417Z   TMPDIR: /home/runner/work/_temp
2026-10-09T19:12:58.5926772Z   NIX_PROFILES: /nix/var/nix/profiles/default /home/runner/.nix-profile
2026-10-09T19:12:58.5927187Z   NIX_SSL_CERT_FILE: /etc/ssl/certs/ca-certificates.crt
2026-10-09T19:12:58.5927495Z ##[endgroup]
2026-10-09T19:12:58.5933386Z ##[start-action display=Configure apt network limits;id=__self.__run]
2026-10-09T19:12:58.5972529Z ##[group]Run sudo install -m 0644 "/home/runner/work/lean-bridge/lean-bridge/./.github/actions/bounded-apt/apt-network.conf" /etc/apt/apt.conf.d/99lean-bridge-network
2026-10-09T19:12:58.5973730Z [36;1msudo install -m 0644 "/home/runner/work/lean-bridge/lean-bridge/./.github/actions/bounded-apt/apt-network.conf" /etc/apt/apt.conf.d/99lean-bridge-network[0m
2026-10-09T19:12:58.5974425Z [36;1mapt-config dump[0m
2026-10-09T19:12:58.6076753Z shell: /usr/bin/bash --noprofile --norc -e -o pipefail {0}
2026-10-09T19:12:58.6077170Z env:
2026-10-09T19:12:58.6077420Z   NODE_VERSION: 22
2026-10-09T19:12:58.6077936Z   LEAN_BRIDGE_CONSUMER_PERFORMANCE_DIR: build/consumer-ci/performance
2026-10-09T19:12:58.6078417Z   TMPDIR: /home/runner/work/_temp
2026-10-09T19:12:58.6078847Z   NIX_PROFILES: /nix/var/nix/profiles/default /home/runner/.nix-profile
2026-10-09T19:12:58.6079357Z   NIX_SSL_CERT_FILE: /etc/ssl/certs/ca-certificates.crt
2026-10-09T19:12:58.6079727Z ##[endgroup]
2026-10-09T19:12:58.6446489Z APT "";
2026-10-09T19:12:58.6447243Z APT::Architecture "amd64";
2026-10-09T19:12:58.6448175Z APT::Build-Essential "";
2026-10-09T19:12:58.6449019Z APT::Build-Essential:: "build-essential";
2026-10-09T19:12:58.6449743Z APT::Install-Recommends "1";
2026-10-09T19:12:58.6450298Z APT::Install-Suggests "0";
2026-10-09T19:12:58.6450770Z APT::Key "";
2026-10-09T19:12:58.6452824Z APT::Key::Assert-Pubkey-Algo ">=rsa1024,ed25519,ed448,nistp256,nistp384,nistp512,brainpoolP256r1,brainpoolP320r1,brainpoolP384r1,brainpoolP512r1,secp256k1";
2026-10-09T19:12:58.6455155Z APT::Key::Assert-Pubkey-Algo::Next ">=rsa2048,ed25519,ed448,nistp256,nistp384,nistp512";
2026-10-09T19:12:58.6456631Z APT::Key::Assert-Pubkey-Algo::Future ">=rsa3072,ed25519,ed448";
2026-10-09T19:12:58.6457340Z APT::Sandbox "";
2026-10-09T19:12:58.6457999Z APT::Sandbox::User "_apt";
2026-10-09T19:12:58.6458467Z APT::NeverAutoRemove "";
2026-10-09T19:12:58.6459067Z APT::NeverAutoRemove:: "^firmware-linux.*";
2026-10-09T19:12:58.6459920Z APT::NeverAutoRemove:: "^linux-firmware$";
2026-10-09T19:12:58.6460657Z APT::NeverAutoRemove:: "^linux-image-[a-z0-9]*$";
2026-10-09T19:12:58.6461334Z APT::NeverAutoRemove:: "^linux-image-[a-z0-9]*-[a-z0-9]*$";
2026-10-09T19:12:58.6461835Z APT::NeverAutoRemove:: "^postgresql.*-16";
2026-10-09T19:12:58.6462280Z APT::VersionedKernelPackages "";
2026-10-09T19:12:58.6462707Z APT::VersionedKernelPackages:: "linux-.*";
2026-10-09T19:12:58.6463174Z APT::VersionedKernelPackages:: "kfreebsd-.*";
2026-10-09T19:12:58.6463646Z APT::VersionedKernelPackages:: "gnumach-.*";
2026-10-09T19:12:58.6464047Z APT::VersionedKernelPackages:: ".*-modules";
2026-10-09T19:12:58.6464434Z APT::VersionedKernelPackages:: ".*-kernel";
2026-10-09T19:12:58.6464783Z APT::Never-MarkAuto-Sections "";
2026-10-09T19:12:58.6465147Z APT::Never-MarkAuto-Sections:: "metapackages";
2026-10-09T19:12:58.6465528Z APT::Never-MarkAuto-Sections:: "tasks";
2026-10-09T19:12:58.6465864Z APT::Move-Autobit-Sections "";
2026-10-09T19:12:58.6466193Z APT::Move-Autobit-Sections:: "oldlibs";
2026-10-09T19:12:58.6466465Z APT::Get "";
2026-10-09T19:12:58.6466730Z APT::Get::AutomaticRemove "0";
2026-10-09T19:12:58.6467018Z APT::Get::HideAutoRemove "1";
2026-10-09T19:12:58.6467288Z APT::Get::Assume-Yes "true";
2026-10-09T19:12:58.6467890Z APT::Get::Always-Include-Phased-Updates "true";
2026-10-09T19:12:58.6468518Z APT::Periodic "";
2026-10-09T19:12:58.6468845Z APT::Periodic::Update-Package-Lists "1";
2026-10-09T19:12:58.6469254Z APT::Periodic::Download-Upgradeable-Packages "0";
2026-10-09T19:12:58.6469650Z APT::Periodic::AutocleanInterval "0";
2026-10-09T19:12:58.6469930Z APT::Update "";
2026-10-09T19:12:58.6470202Z APT::Update::Post-Invoke-Success "";
2026-10-09T19:12:58.6470824Z APT::Update::Post-Invoke-Success:: "touch /var/lib/apt/periodic/update-success-stamp 2>/dev/null || true";
2026-10-09T19:12:58.6473042Z APT::Update::Post-Invoke-Success:: "/usr/bin/test -e /usr/share/dbus-1/system-services/org.freedesktop.PackageKit.service && /usr/bin/test -S /var/run/dbus/system_bus_socket && /usr/bin/gdbus call --system --dest org.freedesktop.PackageKit --object-path /org/freedesktop/PackageKit --timeout 4 --method org.freedesktop.PackageKit.StateHasChanged cache-update > /dev/null; /bin/echo > /dev/null";
2026-10-09T19:12:58.6475198Z APT::Update::Post-Invoke-Success:: "if /usr/bin/test -w /var/cache/swcatalog -a -e /usr/bin/appstreamcli; then appstreamcli refresh --source=os > /dev/null || true; fi";
2026-10-09T19:12:58.6476494Z APT::Update::Post-Invoke-Success:: "if /usr/bin/test -w /var/lib/command-not-found/ -a -e /usr/lib/cnf-update-db; then /usr/lib/cnf-update-db > /dev/null; fi";
2026-10-09T19:12:58.6477547Z APT::Update::Post-Invoke-Success:: "/usr/lib/update-notifier/update-motd-updates-available 2>/dev/null || true";
2026-10-09T19:12:58.6478365Z APT::Update::Pre-Invoke "";
2026-10-09T19:12:58.6479207Z APT::Update::Pre-Invoke:: "[ ! -e /run/systemd/system ] || [ $(id -u) -ne 0 ] || systemctl start --no-block apt-news.service esm-cache.service >/dev/null 2>&1 || true";
2026-10-09T19:12:58.6479917Z APT::Update::Error-Mode "any";
2026-10-09T19:12:58.6480186Z APT::Archives "";
2026-10-09T19:12:58.6480430Z APT::Archives::MaxAge "30";
2026-10-09T19:12:58.6480691Z APT::Archives::MinAge "2";
2026-10-09T19:12:58.6480950Z APT::Archives::MaxSize "500";
2026-10-09T19:12:58.6481214Z APT::Architectures "";
2026-10-09T19:12:58.6481469Z APT::Architectures:: "amd64";
2026-10-09T19:12:58.6481724Z APT::Compressor "";
2026-10-09T19:12:58.6481963Z APT::Compressor::. "";
2026-10-09T19:12:58.6482209Z APT::Compressor::.::Name ".";
2026-10-09T19:12:58.6482503Z APT::Compressor::.::Extension "";
2026-10-09T19:12:58.6482966Z APT::Compressor::.::Binary "";
2026-10-09T19:12:58.6483238Z APT::Compressor::.::Cost "0";
2026-10-09T19:12:58.6483500Z APT::Compressor::zstd "";
2026-10-09T19:12:58.6483787Z APT::Compressor::zstd::Name "zstd";
2026-10-09T19:12:58.6484126Z APT::Compressor::zstd::Extension ".zst";
2026-10-09T19:12:58.6484464Z APT::Compressor::zstd::Binary "zstd";
2026-10-09T19:12:58.6484780Z APT::Compressor::zstd::Cost "60";
2026-10-09T19:12:58.6485104Z APT::Compressor::zstd::CompressArg "";
2026-10-09T19:12:58.6485449Z APT::Compressor::zstd::CompressArg:: "-19";
2026-10-09T19:12:58.6485806Z APT::Compressor::zstd::UncompressArg "";
2026-10-09T19:12:58.6486169Z APT::Compressor::zstd::UncompressArg:: "-d";
2026-10-09T19:12:58.6486492Z APT::Compressor::lz4 "";
2026-10-09T19:12:58.6486778Z APT::Compressor::lz4::Name "lz4";
2026-10-09T19:12:58.6487096Z APT::Compressor::lz4::Extension ".lz4";
2026-10-09T19:12:58.6487431Z APT::Compressor::lz4::Binary "lz4";
2026-10-09T19:12:58.6487990Z APT::Compressor::lz4::Cost "50";
2026-10-09T19:12:58.6488351Z APT::Compressor::lz4::CompressArg "";
2026-10-09T19:12:58.6488703Z APT::Compressor::lz4::CompressArg:: "-1";
2026-10-09T19:12:58.6489050Z APT::Compressor::lz4::UncompressArg "";
2026-10-09T19:12:58.6489399Z APT::Compressor::lz4::UncompressArg:: "-d";
2026-10-09T19:12:58.6489707Z APT::Compressor::gzip "";
2026-10-09T19:12:58.6490005Z APT::Compressor::gzip::Name "gzip";
2026-10-09T19:12:58.6490325Z APT::Compressor::gzip::Extension ".gz";
2026-10-09T19:12:58.6490653Z APT::Compressor::gzip::Binary "gzip";
2026-10-09T19:12:58.6490976Z APT::Compressor::gzip::Cost "100";
2026-10-09T19:12:58.6491297Z APT::Compressor::gzip::CompressArg "";
2026-10-09T19:12:58.6491646Z APT::Compressor::gzip::CompressArg:: "-6n";
2026-10-09T19:12:58.6492151Z APT::Compressor::gzip::UncompressArg "";
2026-10-09T19:12:58.6492520Z APT::Compressor::gzip::UncompressArg:: "-d";
2026-10-09T19:12:58.6492835Z APT::Compressor::xz "";
2026-10-09T19:12:58.6493119Z APT::Compressor::xz::Name "xz";
2026-10-09T19:12:58.6493434Z APT::Compressor::xz::Extension ".xz";
2026-10-09T19:12:58.6493750Z APT::Compressor::xz::Binary "xz";
2026-10-09T19:12:58.6494053Z APT::Compressor::xz::Cost "200";
2026-10-09T19:12:58.6494363Z APT::Compressor::xz::CompressArg "";
2026-10-09T19:12:58.6494693Z APT::Compressor::xz::CompressArg:: "-6";
2026-10-09T19:12:58.6495026Z APT::Compressor::xz::UncompressArg "";
2026-10-09T19:12:58.6495374Z APT::Compressor::xz::UncompressArg:: "-d";
2026-10-09T19:12:58.6495680Z APT::Compressor::bzip2 "";
2026-10-09T19:12:58.6495970Z APT::Compressor::bzip2::Name "bzip2";
2026-10-09T19:12:58.6496302Z APT::Compressor::bzip2::Extension ".bz2";
2026-10-09T19:12:58.6496636Z APT::Compressor::bzip2::Binary "bzip2";
2026-10-09T19:12:58.6496962Z APT::Compressor::bzip2::Cost "300";
2026-10-09T19:12:58.6497282Z APT::Compressor::bzip2::CompressArg "";
2026-10-09T19:12:58.6497857Z APT::Compressor::bzip2::CompressArg:: "-6";
2026-10-09T19:12:58.6498349Z APT::Compressor::bzip2::UncompressArg "";
2026-10-09T19:12:58.6498721Z APT::Compressor::bzip2::UncompressArg:: "-d";
2026-10-09T19:12:58.6499055Z APT::Compressor::lzma "";
2026-10-09T19:12:58.6499345Z APT::Compressor::lzma::Name "lzma";
2026-10-09T19:12:58.6499675Z APT::Compressor::lzma::Extension ".lzma";
2026-10-09T19:12:58.6500000Z APT::Compressor::lzma::Binary "xz";
2026-10-09T19:12:58.6500307Z APT::Compressor::lzma::Cost "400";
2026-10-09T19:12:58.6500630Z APT::Compressor::lzma::CompressArg "";
2026-10-09T19:12:58.6501011Z APT::Compressor::lzma::CompressArg:: "--format=lzma";
2026-10-09T19:12:58.6501394Z APT::Compressor::lzma::CompressArg:: "-6";
2026-10-09T19:12:58.6501750Z APT::Compressor::lzma::UncompressArg "";
2026-10-09T19:12:58.6502146Z APT::Compressor::lzma::UncompressArg:: "--format=lzma";
2026-10-09T19:12:58.6502548Z APT::Compressor::lzma::UncompressArg:: "-d";
2026-10-09T19:12:58.6502848Z Dir "/";
2026-10-09T19:12:58.6503065Z Dir::State "var/lib/apt";
2026-10-09T19:12:58.6503320Z Dir::State::lists "lists/";
2026-10-09T19:12:58.6503612Z Dir::State::cdroms "cdroms.list";
2026-10-09T19:12:58.6504110Z Dir::State::extended_states "extended_states";
2026-10-09T19:12:58.6504472Z Dir::State::status "/var/lib/dpkg/status";
2026-10-09T19:12:58.6504771Z Dir::Cache "var/cache/apt";
2026-10-09T19:12:58.6505063Z Dir::Cache::archives "archives/";
2026-10-09T19:12:58.6505384Z Dir::Cache::srcpkgcache "srcpkgcache.bin";
2026-10-09T19:12:58.6505722Z Dir::Cache::pkgcache "pkgcache.bin";
2026-10-09T19:12:58.6506003Z Dir::Etc "etc/apt";
2026-10-09T19:12:58.6506267Z Dir::Etc::sourcelist "sources.list";
2026-10-09T19:12:58.6506589Z Dir::Etc::sourceparts "sources.list.d";
2026-10-09T19:12:58.6506888Z Dir::Etc::main "apt.conf";
2026-10-09T19:12:58.6507158Z Dir::Etc::netrc "auth.conf";
2026-10-09T19:12:58.6507456Z Dir::Etc::netrcparts "auth.conf.d";
2026-10-09T19:12:58.6507985Z Dir::Etc::parts "apt.conf.d";
2026-10-09T19:12:58.6508295Z Dir::Etc::preferences "preferences";
2026-10-09T19:12:58.6508640Z Dir::Etc::preferencesparts "preferences.d";
2026-10-09T19:12:58.6508980Z Dir::Etc::trusted "trusted.gpg";
2026-10-09T19:12:58.6509304Z Dir::Etc::trustedparts "trusted.gpg.d";
2026-10-09T19:12:58.6509574Z Dir::Bin "";
2026-10-09T19:12:58.6509835Z Dir::Bin::methods "/usr/lib/apt/methods";
2026-10-09T19:12:58.6510124Z Dir::Bin::solvers "";
2026-10-09T19:12:58.6510416Z Dir::Bin::solvers:: "/usr/lib/apt/solvers";
2026-10-09T19:12:58.6510709Z Dir::Bin::planners "";
2026-10-09T19:12:58.6511008Z Dir::Bin::planners:: "/usr/lib/apt/planners";
2026-10-09T19:12:58.6511348Z Dir::Bin::dpkg "/usr/bin/dpkg";
2026-10-09T19:12:58.6511619Z Dir::Bin::gzip "/bin/gzip";
2026-10-09T19:12:58.6511881Z Dir::Bin::bzip2 "/bin/bzip2";
2026-10-09T19:12:58.6512143Z Dir::Bin::xz "/usr/bin/xz";
2026-10-09T19:12:58.6512395Z Dir::Bin::lz4 "/usr/bin/lz4";
2026-10-09T19:12:58.6512826Z Dir::Bin::zstd "/usr/bin/zstd";
2026-10-09T19:12:58.6513099Z Dir::Bin::lzma "/usr/bin/xz";
2026-10-09T19:12:58.6513336Z Dir::Media "";
2026-10-09T19:12:58.6513592Z Dir::Media::MountPath "/media/apt";
2026-10-09T19:12:58.6513867Z Dir::Log "var/log/apt";
2026-10-09T19:12:58.6514146Z Dir::Log::Terminal "term.log";
2026-10-09T19:12:58.6514440Z Dir::Log::History "history.log";
2026-10-09T19:12:58.6514736Z Dir::Log::Planner "eipp.log.xz";
2026-10-09T19:12:58.6515034Z Dir::Ignore-Files-Silently "";
2026-10-09T19:12:58.6515337Z Dir::Ignore-Files-Silently:: "~$";
2026-10-09T19:12:58.6515672Z Dir::Ignore-Files-Silently:: "\.disabled$";
2026-10-09T19:12:58.6516018Z Dir::Ignore-Files-Silently:: "\.bak$";
2026-10-09T19:12:58.6516377Z Dir::Ignore-Files-Silently:: "\.dpkg-[a-z]+$";
2026-10-09T19:12:58.6516756Z Dir::Ignore-Files-Silently:: "\.ucf-[a-z]+$";
2026-10-09T19:12:58.6517112Z Dir::Ignore-Files-Silently:: "\.save$";
2026-10-09T19:12:58.6517452Z Dir::Ignore-Files-Silently:: "\.orig$";
2026-10-09T19:12:58.6518019Z Dir::Ignore-Files-Silently:: "\.distUpgrade$";
2026-10-09T19:12:58.6518310Z Acquire "";
2026-10-09T19:12:58.6518579Z Acquire::AllowInsecureRepositories "0";
2026-10-09T19:12:58.6518913Z Acquire::AllowWeakRepositories "0";
2026-10-09T19:12:58.6519293Z Acquire::AllowDowngradeToInsecureRepositories "0";
2026-10-09T19:12:58.6519624Z Acquire::cdrom "";
2026-10-09T19:12:58.6519899Z Acquire::cdrom::mount "/media/cdrom/";
2026-10-09T19:12:58.6520191Z Acquire::IndexTargets "";
2026-10-09T19:12:58.6520471Z Acquire::IndexTargets::deb "";
2026-10-09T19:12:58.6520788Z Acquire::IndexTargets::deb::Packages "";
2026-10-09T19:12:58.6521345Z Acquire::IndexTargets::deb::Packages::MetaKey "$(COMPONENT)/binary-$(ARCHITECTURE)/Packages";
2026-10-09T19:12:58.6521948Z Acquire::IndexTargets::deb::Packages::flatMetaKey "Packages";
2026-10-09T19:12:58.6522466Z Acquire::IndexTargets::deb::Packages::ShortDescription "Packages";
2026-10-09T19:12:58.6523157Z Acquire::IndexTargets::deb::Packages::Description "$(RELEASE)/$(COMPONENT) $(ARCHITECTURE) Packages";
2026-10-09T19:12:58.6523843Z Acquire::IndexTargets::deb::Packages::flatDescription "$(RELEASE) Packages";
2026-10-09T19:12:58.6524354Z Acquire::IndexTargets::deb::Packages::Optional "0";
2026-10-09T19:12:58.6524745Z Acquire::IndexTargets::deb::Translations "";
2026-10-09T19:12:58.6525456Z Acquire::IndexTargets::deb::Translations::MetaKey "$(COMPONENT)/i18n/Translation-$(LANGUAGE)";
2026-10-09T19:12:58.6526088Z Acquire::IndexTargets::deb::Translations::flatMetaKey "$(LANGUAGE)";
2026-10-09T19:12:58.6526698Z Acquire::IndexTargets::deb::Translations::ShortDescription "Translation-$(LANGUAGE)";
2026-10-09T19:12:58.6527447Z Acquire::IndexTargets::deb::Translations::Description "$(RELEASE)/$(COMPONENT) Translation-$(LANGUAGE)";
2026-10-09T19:12:58.6528437Z Acquire::IndexTargets::deb::Translations::flatDescription "$(RELEASE) Translation-$(LANGUAGE)";
2026-10-09T19:12:58.6528969Z Acquire::IndexTargets::deb::DEP-11 "";
2026-10-09T19:12:58.6529604Z Acquire::IndexTargets::deb::DEP-11::MetaKey "$(COMPONENT)/dep11/Components-$(NATIVE_ARCHITECTURE).yml";
2026-10-09T19:12:58.6530342Z Acquire::IndexTargets::deb::DEP-11::ShortDescription "Components-$(NATIVE_ARCHITECTURE)";
2026-10-09T19:12:58.6531127Z Acquire::IndexTargets::deb::DEP-11::Description "$(RELEASE)/$(COMPONENT) $(NATIVE_ARCHITECTURE) Components";
2026-10-09T19:12:58.6531756Z Acquire::IndexTargets::deb::DEP-11::KeepCompressed "true";
2026-10-09T19:12:58.6532221Z Acquire::IndexTargets::deb::DEP-11::KeepCompressedAs "gz";
2026-10-09T19:12:58.6532694Z Acquire::IndexTargets::deb::DEP-11::DefaultEnabled "false";
2026-10-09T19:12:58.6533130Z Acquire::IndexTargets::deb::DEP-11-icons-small "";
2026-10-09T19:12:58.6533717Z Acquire::IndexTargets::deb::DEP-11-icons-small::MetaKey "$(COMPONENT)/dep11/icons-48x48.tar";
2026-10-09T19:12:58.6534397Z Acquire::IndexTargets::deb::DEP-11-icons-small::ShortDescription "icons-48x48";
2026-10-09T19:12:58.6535252Z Acquire::IndexTargets::deb::DEP-11-icons-small::Description "$(RELEASE)/$(COMPONENT) Icons (48x48)";
2026-10-09T19:12:58.6535916Z Acquire::IndexTargets::deb::DEP-11-icons-small::KeepCompressed "true";
2026-10-09T19:12:58.6536477Z Acquire::IndexTargets::deb::DEP-11-icons-small::KeepCompressedAs "gz";
2026-10-09T19:12:58.6537039Z Acquire::IndexTargets::deb::DEP-11-icons-small::DefaultEnabled "false";
2026-10-09T19:12:58.6537499Z Acquire::IndexTargets::deb::DEP-11-icons "";
2026-10-09T19:12:58.6538348Z Acquire::IndexTargets::deb::DEP-11-icons::MetaKey "$(COMPONENT)/dep11/icons-64x64.tar";
2026-10-09T19:12:58.6538999Z Acquire::IndexTargets::deb::DEP-11-icons::ShortDescription "icons-64x64";
2026-10-09T19:12:58.6539680Z Acquire::IndexTargets::deb::DEP-11-icons::Description "$(RELEASE)/$(COMPONENT) Icons (64x64)";
2026-10-09T19:12:58.6540306Z Acquire::IndexTargets::deb::DEP-11-icons::KeepCompressed "true";
2026-10-09T19:12:58.6540816Z Acquire::IndexTargets::deb::DEP-11-icons::KeepCompressedAs "gz";
2026-10-09T19:12:58.6541327Z Acquire::IndexTargets::deb::DEP-11-icons::DefaultEnabled "false";
2026-10-09T19:12:58.6541786Z Acquire::IndexTargets::deb::DEP-11-icons-hidpi "";
2026-10-09T19:12:58.6542390Z Acquire::IndexTargets::deb::DEP-11-icons-hidpi::MetaKey "$(COMPONENT)/dep11/icons-64x64@2.tar";
2026-10-09T19:12:58.6543078Z Acquire::IndexTargets::deb::DEP-11-icons-hidpi::ShortDescription "icons-64x64@2";
2026-10-09T19:12:58.6543809Z Acquire::IndexTargets::deb::DEP-11-icons-hidpi::Description "$(RELEASE)/$(COMPONENT) Icons (64x64@2)";
2026-10-09T19:12:58.6544481Z Acquire::IndexTargets::deb::DEP-11-icons-hidpi::KeepCompressed "true";
2026-10-09T19:12:58.6545041Z Acquire::IndexTargets::deb::DEP-11-icons-hidpi::KeepCompressedAs "gz";
2026-10-09T19:12:58.6545601Z Acquire::IndexTargets::deb::DEP-11-icons-hidpi::DefaultEnabled "false";
2026-10-09T19:12:58.6546079Z Acquire::IndexTargets::deb::DEP-11-icons-large "";
2026-10-09T19:12:58.6546664Z Acquire::IndexTargets::deb::DEP-11-icons-large::MetaKey "$(COMPONENT)/dep11/icons-128x128.tar";
2026-10-09T19:12:58.6547347Z Acquire::IndexTargets::deb::DEP-11-icons-large::ShortDescription "icons-128x128";
2026-10-09T19:12:58.6548306Z Acquire::IndexTargets::deb::DEP-11-icons-large::Description "$(RELEASE)/$(COMPONENT) Icons (128x128)";
2026-10-09T19:12:58.6548964Z Acquire::IndexTargets::deb::DEP-11-icons-large::KeepCompressed "true";
2026-10-09T19:12:58.6549666Z Acquire::IndexTargets::deb::DEP-11-icons-large::KeepCompressedAs "gz";
2026-10-09T19:12:58.6550226Z Acquire::IndexTargets::deb::DEP-11-icons-large::DefaultEnabled "false";
2026-10-09T19:12:58.6550731Z Acquire::IndexTargets::deb::DEP-11-icons-large-hidpi "";
2026-10-09T19:12:58.6551378Z Acquire::IndexTargets::deb::DEP-11-icons-large-hidpi::MetaKey "$(COMPONENT)/dep11/icons-128x128@2.tar";
2026-10-09T19:12:58.6552132Z Acquire::IndexTargets::deb::DEP-11-icons-large-hidpi::ShortDescription "icons-128x128@2";
2026-10-09T19:12:58.6552938Z Acquire::IndexTargets::deb::DEP-11-icons-large-hidpi::Description "$(RELEASE)/$(COMPONENT) Icons (128x128@2)";
2026-10-09T19:12:58.6553664Z Acquire::IndexTargets::deb::DEP-11-icons-large-hidpi::KeepCompressed "true";
2026-10-09T19:12:58.6554264Z Acquire::IndexTargets::deb::DEP-11-icons-large-hidpi::KeepCompressedAs "gz";
2026-10-09T19:12:58.6554886Z Acquire::IndexTargets::deb::DEP-11-icons-large-hidpi::DefaultEnabled "false";
2026-10-09T19:12:58.6555353Z Acquire::IndexTargets::deb::CNF "";
2026-10-09T19:12:58.6555886Z Acquire::IndexTargets::deb::CNF::MetaKey "$(COMPONENT)/cnf/Commands-$(NATIVE_ARCHITECTURE)";
2026-10-09T19:12:58.6556565Z Acquire::IndexTargets::deb::CNF::ShortDescription "Commands-$(NATIVE_ARCHITECTURE)";
2026-10-09T19:12:58.6557331Z Acquire::IndexTargets::deb::CNF::Description "$(RELEASE)/$(COMPONENT) $(NATIVE_ARCHITECTURE) c-n-f Metadata";
2026-10-09T19:12:58.6558110Z Acquire::IndexTargets::deb-src "";
2026-10-09T19:12:58.6558458Z Acquire::IndexTargets::deb-src::Sources "";
2026-10-09T19:12:58.6558967Z Acquire::IndexTargets::deb-src::Sources::MetaKey "$(COMPONENT)/source/Sources";
2026-10-09T19:12:58.6559538Z Acquire::IndexTargets::deb-src::Sources::flatMetaKey "Sources";
2026-10-09T19:12:58.6560239Z Acquire::IndexTargets::deb-src::Sources::ShortDescription "Sources";
2026-10-09T19:12:58.6560926Z Acquire::IndexTargets::deb-src::Sources::Description "$(RELEASE)/$(COMPONENT) Sources";
2026-10-09T19:12:58.6561578Z Acquire::IndexTargets::deb-src::Sources::flatDescription "$(RELEASE) Sources";
2026-10-09T19:12:58.6562103Z Acquire::IndexTargets::deb-src::Sources::Optional "0";
2026-10-09T19:12:58.6562444Z Acquire::Changelogs "";
2026-10-09T19:12:58.6562715Z Acquire::Changelogs::URI "";
2026-10-09T19:12:58.6563018Z Acquire::Changelogs::URI::Origin "";
2026-10-09T19:12:58.6563687Z Acquire::Changelogs::URI::Origin::Debian "https://metadata.ftp-master.debian.org/changelogs/@CHANGEPATH@_changelog";
2026-10-09T19:12:58.6564615Z Acquire::Changelogs::URI::Origin::Ubuntu "https://changelogs.ubuntu.com/changelogs/pool/@CHANGEPATH@/changelog";
2026-10-09T19:12:58.6565213Z Acquire::Changelogs::AlwaysOnline "true";
2026-10-09T19:12:58.6565586Z Acquire::Changelogs::AlwaysOnline::Origin "";
2026-10-09T19:12:58.6566003Z Acquire::Changelogs::AlwaysOnline::Origin::Ubuntu "1";
2026-10-09T19:12:58.6566339Z Acquire::Snapshots "";
2026-10-09T19:12:58.6566589Z Acquire::Snapshots::URI "";
2026-10-09T19:12:58.6566892Z Acquire::Snapshots::URI::Origin "";
2026-10-09T19:12:58.6567462Z Acquire::Snapshots::URI::Origin::Debian "https://snapshot.debian.org/archive/debian/@SNAPSHOTID@/";
2026-10-09T19:12:58.6568449Z Acquire::Snapshots::URI::Origin::Ubuntu "https://snapshot.ubuntu.com/ubuntu/@SNAPSHOTID@/";
2026-10-09T19:12:58.6568972Z Acquire::Snapshots::URI::Override "";
2026-10-09T19:12:58.6569328Z Acquire::Snapshots::URI::Override::Label "";
2026-10-09T19:12:58.6570055Z Acquire::Snapshots::URI::Override::Label::Debian-Security "https://snapshot.debian.org/archive/debian-security/@SNAPSHOTID@/";
2026-10-09T19:12:58.6570694Z Acquire::Snapshots::URI::Host "";
2026-10-09T19:12:58.6571272Z Acquire::Snapshots::URI::Host::archive.ubuntu.com "https://snapshot.ubuntu.com/@PATH@/@SNAPSHOTID@/";
2026-10-09T19:12:58.6572116Z Acquire::Snapshots::URI::Host::deb.debian.org "https://snapshot.debian.org/archive/@PATH@/@SNAPSHOTID@/";
2026-10-09T19:12:58.6572939Z Acquire::Snapshots::URI::Host::.archive.ubuntu.com "https://snapshot.ubuntu.com/@PATH@/@SNAPSHOTID@/";
2026-10-09T19:12:58.6573747Z Acquire::Snapshots::URI::Host::security.ubuntu.com "https://snapshot.ubuntu.com/@PATH@/@SNAPSHOTID@/";
2026-10-09T19:12:58.6574803Z Acquire::Snapshots::URI::Host::ppa.launchpadcontent.net "https://snapshot.ppa.launchpadcontent.net/@PATH@/@SNAPSHOTID@/";
2026-10-09T19:12:58.6575780Z Acquire::Snapshots::URI::Host::ppa.launchpad.net "https://snapshot.ppa.launchpadcontent.net/@PATH@/@SNAPSHOTID@/";
2026-10-09T19:12:58.6576336Z Acquire::http "";
2026-10-09T19:12:58.6576654Z Acquire::http::User-Agent-Non-Interactive "true";
2026-10-09T19:12:58.6577001Z Acquire::http::Timeout "15";
2026-10-09T19:12:58.6577305Z Acquire::http::Pipeline-Depth "0";
2026-10-09T19:12:58.6577852Z Acquire::http::No-Cache "true";
2026-10-09T19:12:58.6578155Z Acquire::Retries "1";
2026-10-09T19:12:58.6578398Z Acquire::https "";
2026-10-09T19:12:58.6578641Z Acquire::https::Timeout "15";
2026-10-09T19:12:58.6578951Z Acquire::https::Pipeline-Depth "0";
2026-10-09T19:12:58.6579280Z Acquire::https::No-Cache "true";
2026-10-09T19:12:58.6579557Z Acquire::BrokenProxy "true";
2026-10-09T19:12:58.6579822Z Acquire::Languages "";
2026-10-09T19:12:58.6580070Z Acquire::Languages:: "en";
2026-10-09T19:12:58.6580335Z Acquire::Languages:: "none";
2026-10-09T19:12:58.6580604Z Acquire::CompressionTypes "";
2026-10-09T19:12:58.6580913Z Acquire::CompressionTypes::xz "xz";
2026-10-09T19:12:58.6581254Z Acquire::CompressionTypes::bz2 "bzip2";
2026-10-09T19:12:58.6581595Z Acquire::CompressionTypes::lzma "lzma";
2026-10-09T19:12:58.6581930Z Acquire::CompressionTypes::gz "gzip";
2026-10-09T19:12:58.6582264Z Acquire::CompressionTypes::lz4 "lz4";
2026-10-09T19:12:58.6582594Z Acquire::CompressionTypes::zst "zstd";
2026-10-09T19:12:58.6582860Z DPkg "";
2026-10-09T19:12:58.6583132Z DPkg::Path "/usr/sbin:/usr/bin:/sbin:/bin";
2026-10-09T19:12:58.6583612Z DPkg::Options "";
2026-10-09T19:12:58.6583902Z DPkg::Options:: "--force-confdef";
2026-10-09T19:12:58.6584222Z DPkg::Options:: "--force-confold";
2026-10-09T19:12:58.6584544Z DPkg::Options:: "--force-unsafe-io";
2026-10-09T19:12:58.6584865Z DPkg::Options:: "--force-confdef";
2026-10-09T19:12:58.6585172Z DPkg::Options:: "--force-confold";
2026-10-09T19:12:58.6585451Z DPkg::Post-Invoke "";
2026-10-09T19:12:58.6587269Z DPkg::Post-Invoke:: "/usr/bin/test -e /usr/share/dbus-1/system-services/org.freedesktop.PackageKit.service && /usr/bin/test -S /var/run/dbus/system_bus_socket && /usr/bin/gdbus call --system --dest org.freedesktop.PackageKit --object-path /org/freedesktop/PackageKit --timeout 4 --method org.freedesktop.PackageKit.StateHasChanged cache-update > /dev/null; /bin/echo > /dev/null";
2026-10-09T19:12:58.6589356Z DPkg::Post-Invoke:: "test -x /usr/lib/needrestart/apt-pinvoke && /usr/lib/needrestart/apt-pinvoke -m u || true";
2026-10-09T19:12:58.6590594Z DPkg::Post-Invoke:: "if [ -d /var/lib/update-notifier ]; then touch /var/lib/update-notifier/dpkg-run-stamp; fi; /usr/lib/update-notifier/update-motd-updates-available 2>/dev/null || true";
2026-10-09T19:12:58.6591412Z DPkg::Pre-Install-Pkgs "";
2026-10-09T19:12:58.6591849Z DPkg::Pre-Install-Pkgs:: "/usr/sbin/dpkg-preconfigure --apt || true";
2026-10-09T19:12:58.6592252Z binary "apt-config";
2026-10-09T19:12:58.6592474Z binary::apt "";
2026-10-09T19:12:58.6592708Z binary::apt::AptCli "";
2026-10-09T19:12:58.6592982Z binary::apt::AptCli::Hooks "";
2026-10-09T19:12:58.6593297Z binary::apt::AptCli::Hooks::Upgrade "";
2026-10-09T19:12:58.6594353Z binary::apt::AptCli::Hooks::Upgrade:: "[ ! -f /usr/lib/ubuntu-advantage/apt-esm-json-hook ] || [ $(id -u) -ne 0 ] || /usr/lib/ubuntu-advantage/apt-esm-json-hook 2>> /var/log/ubuntu-advantage-apt-hook.log || true";
2026-10-09T19:12:58.6595242Z binary::apt::AptCli::Hooks::Install "";
2026-10-09T19:12:58.6595896Z binary::apt::AptCli::Hooks::Install:: "[ ! -f /usr/bin/snap ] || /usr/bin/snap advise-snap --from-apt 2>/dev/null || true";
2026-10-09T19:12:58.6596436Z binary::apt::APT "";
2026-10-09T19:12:58.6596685Z binary::apt::APT::Color "1";
2026-10-09T19:12:58.6596950Z binary::apt::APT::Cache "";
2026-10-09T19:12:58.6597245Z binary::apt::APT::Cache::Show "";
2026-10-09T19:12:58.6597928Z binary::apt::APT::Cache::Show::Version "2";
2026-10-09T19:12:58.6598299Z binary::apt::APT::Cache::AllVersions "0";
2026-10-09T19:12:58.6598654Z binary::apt::APT::Cache::ShowVirtuals "1";
2026-10-09T19:12:58.6598997Z binary::apt::APT::Cache::Search "";
2026-10-09T19:12:58.6599338Z binary::apt::APT::Cache::Search::Version "2";
2026-10-09T19:12:58.6599726Z binary::apt::APT::Cache::ShowDependencyType "1";
2026-10-09T19:12:58.6600104Z binary::apt::APT::Cache::ShowVersion "1";
2026-10-09T19:12:58.6600405Z binary::apt::APT::Get "";
2026-10-09T19:12:58.6600727Z binary::apt::APT::Get::Upgrade-Allow-New "1";
2026-10-09T19:12:58.6601071Z binary::apt::APT::Get::Update "";
2026-10-09T19:12:58.6601497Z binary::apt::APT::Get::Update::InteractiveReleaseInfoChanges "1";
2026-10-09T19:12:58.6601882Z binary::apt::APT::Cmd "";
2026-10-09T19:12:58.6602198Z binary::apt::APT::Cmd::Show-Update-Stats "1";
2026-10-09T19:12:58.6602560Z binary::apt::APT::Cmd::Pattern-Only "1";
2026-10-09T19:12:58.6602933Z binary::apt::APT::Keep-Downloaded-Packages "0";
2026-10-09T19:12:58.6603264Z binary::apt::DPkg "";
2026-10-09T19:12:58.6603560Z binary::apt::DPkg::Progress-Fancy "1";
2026-10-09T19:12:58.6603861Z binary::apt::DPkg::Lock "";
2026-10-09T19:12:58.6604160Z binary::apt::DPkg::Lock::Timeout "120";
2026-10-09T19:12:58.6604438Z CommandLine "";
2026-10-09T19:12:58.6604713Z CommandLine::AsString "apt-config dump";
2026-10-09T19:12:58.6610706Z ##[end-action id=__self.__run;outcome=success;conclusion=success;duration_ms=67]
2026-10-09T19:12:58.6640101Z ##[group]Run sudo apt-get update && sudo apt-get install -y build-essential cmake pkg-config zstd m4 libgmp-dev
2026-10-09T19:12:58.6640898Z [36;1msudo apt-get update && sudo apt-get install -y build-essential cmake pkg-config zstd m4 libgmp-dev[0m
2026-10-09T19:12:58.6706490Z shell: /usr/bin/bash -e {0}
2026-10-09T19:12:58.6706745Z env:
2026-10-09T19:12:58.6706938Z   NODE_VERSION: 22
2026-10-09T19:12:58.6707269Z   LEAN_BRIDGE_CONSUMER_PERFORMANCE_DIR: build/consumer-ci/performance
2026-10-09T19:12:58.6707937Z   TMPDIR: /home/runner/work/_temp
2026-10-09T19:12:58.6708324Z   NIX_PROFILES: /nix/var/nix/profiles/default /home/runner/.nix-profile
2026-10-09T19:12:58.6708762Z   NIX_SSL_CERT_FILE: /etc/ssl/certs/ca-certificates.crt
2026-10-09T19:12:58.6709082Z ##[endgroup]
2026-10-09T19:12:58.7513321Z Get:1 file:/etc/apt/apt-mirrors.txt Mirrorlist [144 B]
2026-10-09T19:12:58.7871537Z Hit:2 http://azure.archive.ubuntu.com/ubuntu noble InRelease
2026-10-09T19:12:58.7877038Z Get:6 https://packages.microsoft.com/ubuntu/24.04/prod noble InRelease [3600 B]
2026-10-09T19:12:58.7914208Z Get:3 http://azure.archive.ubuntu.com/ubuntu noble-updates InRelease [126 kB]
2026-10-09T19:12:58.7938847Z Get:4 http://azure.archive.ubuntu.com/ubuntu noble-backports InRelease [126 kB]
2026-10-09T19:12:58.7940343Z Get:5 http://azure.archive.ubuntu.com/ubuntu noble-security InRelease [126 kB]
2026-10-09T19:12:58.9349285Z Get:7 https://packages.microsoft.com/ubuntu/24.04/prod noble/main all Packages [640 B]
2026-10-09T19:12:58.9475724Z Get:8 https://packages.microsoft.com/ubuntu/24.04/prod noble/main arm64 Packages [475 kB]
2026-10-09T19:12:58.9568827Z Get:9 https://packages.microsoft.com/ubuntu/24.04/prod noble/main amd64 Packages [531 kB]
2026-10-09T19:12:58.9641964Z Get:10 https://packages.microsoft.com/ubuntu/24.04/prod noble/main armhf Packages [12.3 kB]
2026-10-09T19:12:58.9903565Z Get:11 http://azure.archive.ubuntu.com/ubuntu noble-updates/main amd64 Packages [1375 kB]
2026-10-09T19:12:58.9974263Z Get:12 http://azure.archive.ubuntu.com/ubuntu noble-updates/main Translation-en [306 kB]
2026-10-09T19:12:58.9994746Z Get:13 http://azure.archive.ubuntu.com/ubuntu noble-updates/universe amd64 Packages [1702 kB]
2026-10-09T19:12:59.0080834Z Get:14 http://azure.archive.ubuntu.com/ubuntu noble-updates/universe Translation-en [342 kB]
2026-10-09T19:12:59.0110039Z Get:15 http://azure.archive.ubuntu.com/ubuntu noble-updates/restricted amd64 Packages [1761 kB]
2026-10-09T19:12:59.0209178Z Get:16 http://azure.archive.ubuntu.com/ubuntu noble-updates/restricted Translation-en [401 kB]
2026-10-09T19:12:59.0210932Z Get:17 http://azure.archive.ubuntu.com/ubuntu noble-updates/multiverse amd64 Packages [55.0 kB]
2026-10-09T19:12:59.0219088Z Get:18 http://azure.archive.ubuntu.com/ubuntu noble-updates/multiverse Translation-en [14.3 kB]
2026-10-09T19:12:59.1171804Z Get:19 http://azure.archive.ubuntu.com/ubuntu noble-security/main amd64 Packages [1121 kB]
2026-10-09T19:12:59.1228197Z Get:20 http://azure.archive.ubuntu.com/ubuntu noble-security/main Translation-en [228 kB]
2026-10-09T19:12:59.1676763Z Get:21 http://azure.archive.ubuntu.com/ubuntu noble-security/universe amd64 Packages [1220 kB]
2026-10-09T19:12:59.1735309Z Get:22 http://azure.archive.ubuntu.com/ubuntu noble-security/universe Translation-en [245 kB]
2026-10-09T19:12:59.1752776Z Get:23 http://azure.archive.ubuntu.com/ubuntu noble-security/restricted amd64 Packages [1669 kB]
2026-10-09T19:12:59.1839790Z Get:24 http://azure.archive.ubuntu.com/ubuntu noble-security/restricted Translation-en [383 kB]
2026-10-09T19:12:59.1853875Z Get:25 http://azure.archive.ubuntu.com/ubuntu noble-security/multiverse amd64 Packages [49.8 kB]
2026-10-09T19:12:59.1865963Z Get:26 http://azure.archive.ubuntu.com/ubuntu noble-security/multiverse Translation-en [12.4 kB]
2026-10-09T19:13:02.1370116Z Fetched 12.3 MB in 1s (9558 kB/s)
2026-10-09T19:13:03.0034699Z Reading package lists...
2026-10-09T19:13:03.0355508Z Reading package lists...
2026-10-09T19:13:03.2359322Z Building dependency tree...
2026-10-09T19:13:03.2366963Z Reading state information...
2026-10-09T19:13:03.3963039Z pkg-config is already the newest version (1.8.1-2build1).
2026-10-09T19:13:03.3963906Z zstd is already the newest version (1.5.5+dfsg2-2build1.1).
2026-10-09T19:13:03.3964549Z zstd set to manually installed.
2026-10-09T19:13:03.3965124Z m4 is already the newest version (1.4.19-4build1).
2026-10-09T19:13:03.3965916Z libgmp-dev is already the newest version (2:6.3.0+dfsg-2ubuntu6.1).
2026-10-09T19:13:03.3966712Z The following additional packages will be installed:
2026-10-09T19:13:03.3969791Z   cmake-data libjsoncpp25 librhash0
2026-10-09T19:13:03.3975902Z Suggested packages:
2026-10-09T19:13:03.3976486Z   cmake-doc cmake-format elpa-cmake-mode ninja-build
2026-10-09T19:13:03.4153471Z The following NEW packages will be installed:
2026-10-09T19:13:03.4161832Z   build-essential cmake cmake-data libjsoncpp25 librhash0
2026-10-09T19:13:03.4345968Z 0 upgraded, 5 newly installed, 0 to remove and 23 not upgraded.
2026-10-09T19:13:03.4346481Z Need to get 13.6 MB of archives.
2026-10-09T19:13:03.4346922Z After this operation, 49.1 MB of additional disk space will be used.
2026-10-09T19:13:03.5878956Z Get:1 file:/etc/apt/apt-mirrors.txt Mirrorlist [144 B]
2026-10-09T19:13:03.5880491Z Get:2 http://azure.archive.ubuntu.com/ubuntu noble/main amd64 build-essential amd64 12.10ubuntu1 [4928 B]
2026-10-09T19:13:03.7251103Z Get:3 http://azure.archive.ubuntu.com/ubuntu noble/main amd64 libjsoncpp25 amd64 1.9.5-6build1 [82.8 kB]
2026-10-09T19:13:03.8658877Z Get:4 http://azure.archive.ubuntu.com/ubuntu noble/main amd64 librhash0 amd64 1.4.3-3build1 [129 kB]
2026-10-09T19:13:04.0065975Z Get:5 http://azure.archive.ubuntu.com/ubuntu noble/main amd64 cmake-data all 3.28.3-1build7 [2155 kB]
2026-10-09T19:13:04.2192991Z Get:6 http://azure.archive.ubuntu.com/ubuntu noble/main amd64 cmake amd64 3.28.3-1build7 [11.2 MB]
2026-10-09T19:13:04.9942245Z Fetched 13.6 MB in 1s (10.7 MB/s)
2026-10-09T19:13:05.0173716Z Selecting previously unselected package build-essential.
2026-10-09T19:13:05.0533098Z (Reading database ... 
2026-10-09T19:13:05.0533651Z (Reading database ... 5%
2026-10-09T19:13:05.0534186Z (Reading database ... 10%
2026-10-09T19:13:05.0534559Z (Reading database ... 15%
2026-10-09T19:13:05.0534894Z (Reading database ... 20%
2026-10-09T19:13:05.0535221Z (Reading database ... 25%
2026-10-09T19:13:05.0535538Z (Reading database ... 30%
2026-10-09T19:13:05.0535856Z (Reading database ... 35%
2026-10-09T19:13:05.0536178Z (Reading database ... 40%
2026-10-09T19:13:05.0536849Z (Reading database ... 45%
2026-10-09T19:13:05.0537174Z (Reading database ... 50%
2026-10-09T19:13:05.0593481Z (Reading database ... 55%
2026-10-09T19:13:05.1494191Z (Reading database ... 60%
2026-10-09T19:13:05.3128808Z (Reading database ... 65%
2026-10-09T19:13:05.5017561Z (Reading database ... 70%
2026-10-09T19:13:05.6636636Z (Reading database ... 75%
2026-10-09T19:13:05.7990634Z (Reading database ... 80%
2026-10-09T19:13:05.9346177Z (Reading database ... 85%
2026-10-09T19:13:06.0481137Z (Reading database ... 90%
2026-10-09T19:13:06.1600822Z (Reading database ... 95%
2026-10-09T19:13:06.1601328Z (Reading database ... 100%
2026-10-09T19:13:06.1601908Z (Reading database ... 203191 files and directories currently installed.)
2026-10-09T19:13:06.1646081Z Preparing to unpack .../build-essential_12.10ubuntu1_amd64.deb ...
2026-10-09T19:13:06.1670977Z Unpacking build-essential (12.10ubuntu1) ...
2026-10-09T19:13:06.1879269Z Selecting previously unselected package libjsoncpp25:amd64.
2026-10-09T19:13:06.2010621Z Preparing to unpack .../libjsoncpp25_1.9.5-6build1_amd64.deb ...
2026-10-09T19:13:06.2025252Z Unpacking libjsoncpp25:amd64 (1.9.5-6build1) ...
2026-10-09T19:13:06.2236765Z Selecting previously unselected package librhash0:amd64.
2026-10-09T19:13:06.2368605Z Preparing to unpack .../librhash0_1.4.3-3build1_amd64.deb ...
2026-10-09T19:13:06.2375027Z Unpacking librhash0:amd64 (1.4.3-3build1) ...
2026-10-09T19:13:06.2592844Z Selecting previously unselected package cmake-data.
2026-10-09T19:13:06.2725825Z Preparing to unpack .../cmake-data_3.28.3-1build7_all.deb ...
2026-10-09T19:13:06.2796320Z Unpacking cmake-data (3.28.3-1build7) ...
2026-10-09T19:13:06.8059675Z Selecting previously unselected package cmake.
2026-10-09T19:13:06.8209183Z Preparing to unpack .../cmake_3.28.3-1build7_amd64.deb ...
2026-10-09T19:13:06.8215829Z Unpacking cmake (3.28.3-1build7) ...
2026-10-09T19:13:06.9917297Z Setting up libjsoncpp25:amd64 (1.9.5-6build1) ...
2026-10-09T19:13:06.9934363Z Setting up librhash0:amd64 (1.4.3-3build1) ...
2026-10-09T19:13:06.9962907Z Setting up build-essential (12.10ubuntu1) ...
2026-10-09T19:13:06.9978934Z Setting up cmake-data (3.28.3-1build7) ...
2026-10-09T19:13:07.0038480Z Setting up cmake (3.28.3-1build7) ...
2026-10-09T19:13:07.0057352Z Processing triggers for man-db (2.12.0-4build2) ...
2026-10-09T19:13:07.0076501Z Not building database; man-db/auto-update is not 'true'.
2026-10-09T19:13:07.0086282Z Processing triggers for libc-bin (2.39-0ubuntu8.9) ...
2026-10-09T19:13:07.7082134Z 
2026-10-09T19:13:07.7083073Z Running kernel seems to be up-to-date.
2026-10-09T19:13:07.7085550Z 
2026-10-09T19:13:07.7085959Z No services need to be restarted.
2026-10-09T19:13:07.7086364Z 
2026-10-09T19:13:07.7086670Z No containers need to be restarted.
2026-10-09T19:13:07.7087100Z 
2026-10-09T19:13:07.7087522Z No user sessions are running outdated binaries.
2026-10-09T19:13:07.7088345Z 
2026-10-09T19:13:07.7088996Z No VM guests are running outdated hypervisor (qemu) binaries on this host.
2026-10-09T19:13:08.6545830Z ##[group]Run bash scripts/bootstrap-toolchains.sh --lean-only
2026-10-09T19:13:08.6546696Z [36;1mbash scripts/bootstrap-toolchains.sh --lean-only[0m
2026-10-09T19:13:08.6634461Z shell: /usr/bin/bash -e {0}
2026-10-09T19:13:08.6634719Z env:
2026-10-09T19:13:08.6634907Z   NODE_VERSION: 22
2026-10-09T19:13:08.6635240Z   LEAN_BRIDGE_CONSUMER_PERFORMANCE_DIR: build/consumer-ci/performance
2026-10-09T19:13:08.6635633Z   TMPDIR: /home/runner/work/_temp
2026-10-09T19:13:08.6635996Z   NIX_PROFILES: /nix/var/nix/profiles/default /home/runner/.nix-profile
2026-10-09T19:13:08.6636417Z   NIX_SSL_CERT_FILE: /etc/ssl/certs/ca-certificates.crt
2026-10-09T19:13:08.6636721Z ##[endgroup]
2026-10-09T19:13:08.9410854Z /home/runner/work/lean-bridge/lean-bridge/.toolchains/downloads/elan-x86_64-unknown-linux-gnu.tar.gz: OK
2026-10-09T19:13:09.5805010Z info: Version 4.2.4 of elan is available! Use `elan self update` to update.
2026-10-09T19:13:09.8596592Z info: downloading https://releases.lean-lang.org/lean4/v4.32.2/lean-4.32.2-linux.tar.zst
2026-10-09T19:13:16.4995826Z info: installing /home/runner/work/lean-bridge/lean-bridge/.toolchains/elan/toolchains/leanprover--lean4---v4.32.2
2026-10-09T19:13:23.1319877Z 
2026-10-09T19:13:23.2424872Z leanprover/lean4:v4.32.2 installed - Lean (version 4.32.2, x86_64-unknown-linux-gnu, commit f3b06c705e6c85f5314019d5d3baab0fec5b580c, Release)
2026-10-09T19:13:23.2425873Z 
2026-10-09T19:13:23.5069332Z info: default toolchain set to 'leanprover/lean4:v4.32.2'
2026-10-09T19:13:23.5527901Z ##[group]Run sudo apt-get install -y ripgrep
2026-10-09T19:13:23.5528583Z [36;1msudo apt-get install -y ripgrep[0m
2026-10-09T19:13:23.5619997Z shell: /usr/bin/bash -e {0}
2026-10-09T19:13:23.5620260Z env:
2026-10-09T19:13:23.5620451Z   NODE_VERSION: 22
2026-10-09T19:13:23.5620775Z   LEAN_BRIDGE_CONSUMER_PERFORMANCE_DIR: build/consumer-ci/performance
2026-10-09T19:13:23.5621182Z   TMPDIR: /home/runner/work/_temp
2026-10-09T19:13:23.5621549Z   NIX_PROFILES: /nix/var/nix/profiles/default /home/runner/.nix-profile
2026-10-09T19:13:23.5621992Z   NIX_SSL_CERT_FILE: /etc/ssl/certs/ca-certificates.crt
2026-10-09T19:13:23.5622310Z ##[endgroup]
2026-10-09T19:13:23.8629130Z Reading package lists...
2026-10-09T19:13:24.0784969Z Building dependency tree...
2026-10-09T19:13:24.0792890Z Reading state information...
2026-10-09T19:13:24.2505901Z The following NEW packages will be installed:
2026-10-09T19:13:24.2506283Z   ripgrep
2026-10-09T19:13:24.2683970Z 0 upgraded, 1 newly installed, 0 to remove and 23 not upgraded.
2026-10-09T19:13:24.2684448Z Need to get 1551 kB of archives.
2026-10-09T19:13:24.2684893Z After this operation, 5335 kB of additional disk space will be used.
2026-10-09T19:13:24.2685840Z Get:1 file:/etc/apt/apt-mirrors.txt Mirrorlist [144 B]
2026-10-09T19:13:24.4986362Z Get:2 http://azure.archive.ubuntu.com/ubuntu noble/universe amd64 ripgrep amd64 14.1.0-1 [1551 kB]
2026-10-09T19:13:24.8128169Z Fetched 1551 kB in 0s (5381 kB/s)
2026-10-09T19:13:24.9569482Z Selecting previously unselected package ripgrep.
2026-10-09T19:13:24.9650727Z (Reading database ... 
2026-10-09T19:13:24.9651327Z (Reading database ... 5%
2026-10-09T19:13:24.9651767Z (Reading database ... 10%
2026-10-09T19:13:24.9652141Z (Reading database ... 15%
2026-10-09T19:13:24.9652750Z (Reading database ... 20%
2026-10-09T19:13:24.9653698Z (Reading database ... 25%
2026-10-09T19:13:24.9654092Z (Reading database ... 30%
2026-10-09T19:13:24.9654457Z (Reading database ... 35%
2026-10-09T19:13:24.9654833Z (Reading database ... 40%
2026-10-09T19:13:24.9655184Z (Reading database ... 45%
2026-10-09T19:13:24.9655537Z (Reading database ... 50%
2026-10-09T19:13:24.9672242Z (Reading database ... 55%
2026-10-09T19:13:24.9789194Z (Reading database ... 60%
2026-10-09T19:13:24.9818004Z (Reading database ... 65%
2026-10-09T19:13:24.9840192Z (Reading database ... 70%
2026-10-09T19:13:24.9878868Z (Reading database ... 75%
2026-10-09T19:13:24.9904811Z (Reading database ... 80%
2026-10-09T19:13:25.0063126Z (Reading database ... 85%
2026-10-09T19:13:25.0146851Z (Reading database ... 90%
2026-10-09T19:13:25.0398382Z (Reading database ... 95%
2026-10-09T19:13:25.0399170Z (Reading database ... 100%
2026-10-09T19:13:25.0399989Z (Reading database ... 206609 files and directories currently installed.)
2026-10-09T19:13:25.0444834Z Preparing to unpack .../ripgrep_14.1.0-1_amd64.deb ...
2026-10-09T19:13:25.0556176Z Unpacking ripgrep (14.1.0-1) ...
2026-10-09T19:13:25.5410101Z Setting up ripgrep (14.1.0-1) ...
2026-10-09T19:13:25.5433856Z Processing triggers for man-db (2.12.0-4build2) ...
2026-10-09T19:13:25.5449437Z Not building database; man-db/auto-update is not 'true'.
2026-10-09T19:13:26.1249760Z 
2026-10-09T19:13:26.1250522Z Running kernel seems to be up-to-date.
2026-10-09T19:13:26.1250977Z 
2026-10-09T19:13:26.1251255Z No services need to be restarted.
2026-10-09T19:13:26.1251562Z 
2026-10-09T19:13:26.1251828Z No containers need to be restarted.
2026-10-09T19:13:26.1252154Z 
2026-10-09T19:13:26.1252467Z No user sessions are running outdated binaries.
2026-10-09T19:13:26.1253319Z 
2026-10-09T19:13:26.1253838Z No VM guests are running outdated hypervisor (qemu) binaries on this host.
2026-10-09T19:13:27.0987473Z ##[group]Run actions/setup-python@v7
2026-10-09T19:13:27.0987948Z with:
2026-10-09T19:13:27.0988153Z   python-version: 3.11
2026-10-09T19:13:27.0988383Z   check-latest: false
2026-10-09T19:13:27.0991085Z   token: ***
2026-10-09T19:13:27.0991303Z   update-environment: true
2026-10-09T19:13:27.0991556Z   allow-prereleases: false
2026-10-09T19:13:27.0991799Z   freethreaded: false
2026-10-09T19:13:27.0992008Z env:
2026-10-09T19:13:27.0992187Z   NODE_VERSION: 22
2026-10-09T19:13:27.0992495Z   LEAN_BRIDGE_CONSUMER_PERFORMANCE_DIR: build/consumer-ci/performance
2026-10-09T19:13:27.0992885Z   TMPDIR: /home/runner/work/_temp
2026-10-09T19:13:27.0993239Z   NIX_PROFILES: /nix/var/nix/profiles/default /home/runner/.nix-profile
2026-10-09T19:13:27.0993656Z   NIX_SSL_CERT_FILE: /etc/ssl/certs/ca-certificates.crt
2026-10-09T19:13:27.0993960Z ##[endgroup]
2026-10-09T19:13:27.3417293Z ##[group]Installed versions
2026-10-09T19:13:27.3501249Z Successfully set up CPython (3.11.17)
2026-10-09T19:13:27.3502322Z ##[endgroup]
2026-10-09T19:13:27.3692703Z ##[group]Run actions/setup-python@v7
2026-10-09T19:13:27.3693011Z with:
2026-10-09T19:13:27.3693214Z   python-version: 3.12
2026-10-09T19:13:27.3693460Z   check-latest: false
2026-10-09T19:13:27.3696134Z   token: ***
2026-10-09T19:13:27.3696355Z   update-environment: true
2026-10-09T19:13:27.3696610Z   allow-prereleases: false
2026-10-09T19:13:27.3696842Z   freethreaded: false
2026-10-09T19:13:27.3697051Z env:
2026-10-09T19:13:27.3697232Z   NODE_VERSION: 22
2026-10-09T19:13:27.3697549Z   LEAN_BRIDGE_CONSUMER_PERFORMANCE_DIR: build/consumer-ci/performance
2026-10-09T19:13:27.3698274Z   TMPDIR: /home/runner/work/_temp
2026-10-09T19:13:27.3698641Z   NIX_PROFILES: /nix/var/nix/profiles/default /home/runner/.nix-profile
2026-10-09T19:13:27.3699062Z   NIX_SSL_CERT_FILE: /etc/ssl/certs/ca-certificates.crt
2026-10-09T19:13:27.3699443Z   pythonLocation: /opt/hostedtoolcache/Python/3.11.17/x64
2026-10-09T19:13:27.3699952Z   PKG_CONFIG_PATH: /opt/hostedtoolcache/Python/3.11.17/x64/lib/pkgconfig
2026-10-09T19:13:27.3700390Z   Python_ROOT_DIR: /opt/hostedtoolcache/Python/3.11.17/x64
2026-10-09T19:13:27.3700783Z   Python2_ROOT_DIR: /opt/hostedtoolcache/Python/3.11.17/x64
2026-10-09T19:13:27.3701168Z   Python3_ROOT_DIR: /opt/hostedtoolcache/Python/3.11.17/x64
2026-10-09T19:13:27.3701563Z   LD_LIBRARY_PATH: /opt/hostedtoolcache/Python/3.11.17/x64/lib
2026-10-09T19:13:27.3701890Z ##[endgroup]
2026-10-09T19:13:27.4943944Z ##[group]Installed versions
2026-10-09T19:13:27.4994887Z Successfully set up CPython (3.12.15)
2026-10-09T19:13:27.4996178Z ##[endgroup]
2026-10-09T19:13:27.5161515Z ##[group]Run sudo apt-get update && sudo apt-get install -y python3-venv
2026-10-09T19:13:27.5162579Z [36;1msudo apt-get update && sudo apt-get install -y python3-venv[0m
2026-10-09T19:13:27.5266164Z shell: /usr/bin/bash -e {0}
2026-10-09T19:13:27.5266716Z env:
2026-10-09T19:13:27.5267138Z   NODE_VERSION: 22
2026-10-09T19:13:27.5268233Z   LEAN_BRIDGE_CONSUMER_PERFORMANCE_DIR: build/consumer-ci/performance
2026-10-09T19:13:27.5269037Z   TMPDIR: /home/runner/work/_temp
2026-10-09T19:13:27.5269852Z   NIX_PROFILES: /nix/var/nix/profiles/default /home/runner/.nix-profile
2026-10-09T19:13:27.5270768Z   NIX_SSL_CERT_FILE: /etc/ssl/certs/ca-certificates.crt
2026-10-09T19:13:27.5271643Z   pythonLocation: /opt/hostedtoolcache/Python/3.12.15/x64
2026-10-09T19:13:27.5272546Z   PKG_CONFIG_PATH: /opt/hostedtoolcache/Python/3.12.15/x64/lib/pkgconfig
2026-10-09T19:13:27.5273436Z   Python_ROOT_DIR: /opt/hostedtoolcache/Python/3.12.15/x64
2026-10-09T19:13:27.5274421Z   Python2_ROOT_DIR: /opt/hostedtoolcache/Python/3.12.15/x64
2026-10-09T19:13:27.5275309Z   Python3_ROOT_DIR: /opt/hostedtoolcache/Python/3.12.15/x64
2026-10-09T19:13:27.5276477Z   LD_LIBRARY_PATH: /opt/hostedtoolcache/Python/3.12.15/x64/lib:/opt/hostedtoolcache/Python/3.11.17/x64/lib
2026-10-09T19:13:27.5277366Z ##[endgroup]
2026-10-09T19:13:27.6249582Z Get:1 file:/etc/apt/apt-mirrors.txt Mirrorlist [144 B]
2026-10-09T19:13:27.6621550Z Hit:6 https://packages.microsoft.com/ubuntu/24.04/prod noble InRelease
2026-10-09T19:13:27.6623121Z Hit:2 http://azure.archive.ubuntu.com/ubuntu noble InRelease
2026-10-09T19:13:27.6624238Z Hit:3 http://azure.archive.ubuntu.com/ubuntu noble-updates InRelease
2026-10-09T19:13:27.6628456Z Hit:4 http://azure.archive.ubuntu.com/ubuntu noble-backports InRelease
2026-10-09T19:13:27.6644371Z Hit:5 http://azure.archive.ubuntu.com/ubuntu noble-security InRelease
2026-10-09T19:13:28.9773164Z Reading package lists...
2026-10-09T19:13:29.0081216Z Reading package lists...
2026-10-09T19:13:29.2118997Z Building dependency tree...
2026-10-09T19:13:29.2126817Z Reading state information...
2026-10-09T19:13:29.3907458Z python3-venv is already the newest version (3.12.3-0ubuntu2.1).
2026-10-09T19:13:29.3908644Z 0 upgraded, 0 newly installed, 0 to remove and 23 not upgraded.
2026-10-09T19:13:29.3962870Z ##[group]Run source scripts/env.sh
2026-10-09T19:13:29.3963275Z [36;1msource scripts/env.sh[0m
2026-10-09T19:13:29.3963624Z [36;1mnode --test tests/native-python.test.mjs[0m
2026-10-09T19:13:29.4032373Z shell: /usr/bin/bash -e {0}
2026-10-09T19:13:29.4032677Z env:
2026-10-09T19:13:29.4032899Z   NODE_VERSION: 22
2026-10-09T19:13:29.4033253Z   LEAN_BRIDGE_CONSUMER_PERFORMANCE_DIR: build/consumer-ci/performance
2026-10-09T19:13:29.4033695Z   TMPDIR: /home/runner/work/_temp
2026-10-09T19:13:29.4034101Z   NIX_PROFILES: /nix/var/nix/profiles/default /home/runner/.nix-profile
2026-10-09T19:13:29.4034571Z   NIX_SSL_CERT_FILE: /etc/ssl/certs/ca-certificates.crt
2026-10-09T19:13:29.4034995Z   pythonLocation: /opt/hostedtoolcache/Python/3.12.15/x64
2026-10-09T19:13:29.4035489Z   PKG_CONFIG_PATH: /opt/hostedtoolcache/Python/3.12.15/x64/lib/pkgconfig
2026-10-09T19:13:29.4035972Z   Python_ROOT_DIR: /opt/hostedtoolcache/Python/3.12.15/x64
2026-10-09T19:13:29.4036450Z   Python2_ROOT_DIR: /opt/hostedtoolcache/Python/3.12.15/x64
2026-10-09T19:13:29.4036883Z   Python3_ROOT_DIR: /opt/hostedtoolcache/Python/3.12.15/x64
2026-10-09T19:13:29.4037492Z   LD_LIBRARY_PATH: /opt/hostedtoolcache/Python/3.12.15/x64/lib:/opt/hostedtoolcache/Python/3.11.17/x64/lib
2026-10-09T19:13:29.4038515Z   LEAN_BRIDGE_NATIVE_PYTHON_TEST: 1
2026-10-09T19:13:29.4038818Z ##[endgroup]
2026-10-09T19:13:29.4569612Z TAP version 13
2026-10-09T19:13:29.9879672Z # Subtest: ordinary Python emits deterministic typed functions without public ctypes
2026-10-09T19:13:29.9885912Z ok 1 - ordinary Python emits deterministic typed functions without public ctypes
2026-10-09T19:13:29.9886663Z   ---
2026-10-09T19:13:29.9887030Z   duration_ms: 125.068511
2026-10-09T19:13:29.9887444Z   type: 'test'
2026-10-09T19:13:29.9888001Z   ...
2026-10-09T19:13:29.9894626Z # Subtest: ordinary Python admission rejects reserved names and noncanonical coordinates
2026-10-09T19:13:29.9896566Z ok 2 - ordinary Python admission rejects reserved names and noncanonical coordinates
2026-10-09T19:13:29.9898614Z   ---
2026-10-09T19:13:29.9898871Z   duration_ms: 31.065397
2026-10-09T19:13:29.9899126Z   type: 'test'
2026-10-09T19:13:29.9899326Z   ...
2026-10-09T19:22:02.9147225Z # Subtest: ordinary wheels reproduce and execute after relocation and offline installation
2026-10-09T19:22:02.9150639Z ok 3 - ordinary wheels reproduce and execute after relocation and offline installation
2026-10-09T19:22:02.9151529Z   ---
2026-10-09T19:22:02.9151908Z   duration_ms: 512926.569239
2026-10-09T19:22:02.9152359Z   type: 'test'
2026-10-09T19:22:02.9152718Z   ...
2026-10-09T19:22:02.9155786Z # {\\n  "archives": [\\n    {\\n      "path": "iris_api-2.0.0rc1-py3-none-manylinux_2_38_x86_64.whl",\\n      "sha256": "bcc90e69714835f4ea4ee92bafcb8b9812430f966664d641fa94753f33d0ab94"\\n    },\\n    {\\n      "path": "iris-0.0.0-local-c.tar.gz",\\n      "sha256": "d0f0c26678044465137d662b2dc6151ba97ead5dfb12c6b9d9c1a83794101ac7"\\n    }\\n  ],\\n  "project": "Iris"\\n}
2026-10-09T19:22:02.9161932Z # {\\n  "archives": [\\n    {\\n      "path": "lotus_api-2.0.0rc1-py3-none-manylinux_2_38_x86_64.whl",\\n      "sha256": "516baf1edef1c4f1ab3f3d50552fc681e96909f97c058c95faedf1e36bfc5074"\\n    },\\n    {\\n      "path": "lotus-0.0.0-local-c.tar.gz",\\n      "sha256": "6a055f41c66a0788911f2edf389d3c31019ac68cc865bc40750c07c33266c3a0"\\n    }\\n  ],\\n  "project": "Lotus"\\n}
2026-10-09T19:23:52.3113510Z # Subtest: ordinary Python packaging failure leaves no partial release
2026-10-09T19:23:52.3114654Z ok 4 - ordinary Python packaging failure leaves no partial release
2026-10-09T19:23:52.3115453Z   ---
2026-10-09T19:23:52.3115837Z   duration_ms: 109396.479239
2026-10-09T19:23:52.3116284Z   type: 'test'
2026-10-09T19:23:52.3116628Z   ...
2026-10-09T19:23:52.3321475Z 1..4
2026-10-09T19:23:52.3322127Z # tests 4
2026-10-09T19:23:52.3322617Z # suites 0
2026-10-09T19:23:52.3323449Z # pass 4
2026-10-09T19:23:52.3323822Z # fail 0
2026-10-09T19:23:52.3324202Z # cancelled 0
2026-10-09T19:23:52.3329053Z # skipped 0
2026-10-09T19:23:52.3329982Z # todo 0
2026-10-09T19:23:52.3345493Z # duration_ms 622887.813634
2026-10-09T19:23:52.3414107Z ##[group]Run source scripts/env.sh
2026-10-09T19:23:52.3414581Z [36;1msource scripts/env.sh[0m
2026-10-09T19:23:52.3415203Z [36;1mpython3 -m pip download --no-cache-dir --only-binary=:all: --no-deps --dest build/python-typing-wheels/4.6.0 typing_extensions==4.6.0[0m
2026-10-09T19:23:52.3416167Z [36;1mpython3 -m pip download --no-cache-dir --only-binary=:all: --no-deps --dest build/python-typing-wheels/4.16.0 typing_extensions==4.16.0[0m
2026-10-09T19:23:52.3416853Z [36;1mpython3 -m venv build/python-collection-typecheck[0m
2026-10-09T19:23:52.3417955Z [36;1mbuild/python-collection-typecheck/bin/python -m pip install --no-cache-dir mypy==2.3.1 typing_extensions==4.16.0 mypy_extensions==1.1.0 pathspec==1.1.1 librt==0.15.0 ast-serialize==0.11.2[0m
2026-10-09T19:23:52.3418941Z [36;1mLEAN_BRIDGE_PYTHON_WHEEL_INSTALL_TEST=1 node --test tests/python-wheel-install.test.mjs[0m
2026-10-09T19:23:52.3419797Z [36;1mnpm run test:type-corpus:python && LEAN_BRIDGE_REVIEWED_NATIVE_PROFILES=python node --test tests/type-corpus-reviewed-native.test.mjs[0m
2026-10-09T19:23:52.3420607Z [36;1mLEAN_BRIDGE_CHAR_PROFILES=python node --test tests/native-char.test.mjs[0m
2026-10-09T19:23:52.3421179Z [36;1mLEAN_BRIDGE_WORD_PROFILES=python node --test tests/native-words.test.mjs[0m
2026-10-09T19:23:52.3421751Z [36;1mLEAN_BRIDGE_PYTHON_CALLABLE_TEST=1 node --test tests/python-callables.test.mjs[0m
2026-10-09T19:23:52.3422229Z [36;1mtest -s build/callables/python.json[0m
2026-10-09T19:23:52.3422764Z [36;1mLEAN_BRIDGE_PYTHON_STRUCTURED_CALLABLE_TEST=1 node --test tests/python-structured-callables.test.mjs[0m
2026-10-09T19:23:52.3423338Z [36;1mtest -s build/structured-callables/python.json[0m
2026-10-09T19:23:52.3423888Z [36;1mLEAN_BRIDGE_PYTHON_RECURSIVE_CALLABLE_TEST=1 node --test tests/python-recursive-callables.test.mjs[0m
2026-10-09T19:23:52.3424448Z [36;1mtest -s build/recursive-callables/python.json[0m
2026-10-09T19:23:52.3424921Z [36;1mLEAN_BRIDGE_PYTHON_COMPOUND_TEST=1 node --test tests/python-compounds.test.mjs[0m
2026-10-09T19:23:52.3425394Z [36;1mtest -s build/compounds/python.json[0m
2026-10-09T19:23:52.3425821Z [36;1mLEAN_BRIDGE_PYTHON_LIST_TEST=1 node --test tests/python-lists.test.mjs[0m
2026-10-09T19:23:52.3426241Z [36;1mtest -s build/lists/python.json[0m
2026-10-09T19:23:52.3426577Z [36;1mpython3 -m venv build/python-alias-typecheck[0m
2026-10-09T19:23:52.3427288Z [36;1mbuild/python-alias-typecheck/bin/python -m pip install --no-cache-dir mypy==1.17.1 typing_extensions==4.16.0 mypy_extensions==1.1.0 pathspec==1.1.1[0m
2026-10-09T19:23:52.3428580Z [36;1mLEAN_BRIDGE_PYTHON_ALIAS_TEST=1 node --test tests/python-aliases.test.mjs[0m
2026-10-09T19:23:52.3429032Z [36;1mtest -s build/aliases/python.json[0m
2026-10-09T19:23:52.3429432Z [36;1mLEAN_BRIDGE_PYTHON_FIN_TEST=1 node --test tests/python-fin.test.mjs[0m
2026-10-09T19:23:52.3429858Z [36;1mtest -s build/native-fin/python.json[0m
2026-10-09T19:23:52.3430218Z [36;1mtest -s build/native-fin/python-reviewed.json[0m
2026-10-09T19:23:52.3430970Z [36;1mLEAN_BRIDGE_SPECIALIZATION_PROFILES=python node --test tests/native-specializations.test.mjs[0m
2026-10-09T19:23:52.3431543Z [36;1mtest -s build/native-specializations/python.json[0m
2026-10-09T19:23:52.3432309Z [36;1mLEAN_BRIDGE_GENERIC_RECORD_PROFILES=python node --test --test-name-pattern='relocated source-free native packages construct' tests/generic-records.test.mjs[0m
2026-10-09T19:23:52.3433063Z [36;1mtest -s build/generic-records/python.json[0m
2026-10-09T19:23:52.3433456Z [36;1mtest -s build/generic-records/specialized-python.json[0m
2026-10-09T19:23:52.3434104Z [36;1mLEAN_BRIDGE_GENERIC_RECORD_ARRAY_PROFILES=python node --test --test-concurrency=1 tests/generic-record-arrays.test.mjs[0m
2026-10-09T19:23:52.3434729Z [36;1mtest -s build/generic-records/array-python.json[0m
2026-10-09T19:23:52.3436563Z [36;1mLEAN_BRIDGE_PYTHON="/opt/hostedtoolcache/Python/3.12.15/x64/bin/python" LEAN_BRIDGE_GENERIC_RECORD_REPORT=build/generic-records/python312.json LEAN_BRIDGE_GENERIC_RECORD_SPECIALIZED_REPORT=build/generic-records/specialized-python312.json LEAN_BRIDGE_GENERIC_RECORD_PROFILES=python node --test --test-name-pattern='relocated source-free native packages construct' tests/generic-records.test.mjs[0m
2026-10-09T19:23:52.3438480Z [36;1mtest -s build/generic-records/python312.json[0m
2026-10-09T19:23:52.3438911Z [36;1mtest -s build/generic-records/specialized-python312.json[0m
2026-10-09T19:23:52.3440117Z [36;1mLEAN_BRIDGE_PYTHON="/opt/hostedtoolcache/Python/3.12.15/x64/bin/python" LEAN_BRIDGE_GENERIC_RECORD_ARRAY_REPORT=build/generic-records/array-python312.json LEAN_BRIDGE_GENERIC_RECORD_ARRAY_PROFILES=python node --test --test-concurrency=1 tests/generic-record-arrays.test.mjs[0m
2026-10-09T19:23:52.3441300Z [36;1mtest -s build/generic-records/array-python312.json[0m
2026-10-09T19:23:52.3442027Z [36;1mLEAN_BRIDGE_FIN_CONTAINER_PROFILES=python LEAN_BRIDGE_REVIEWED_FIN_CONTAINER_PROFILES=python node --test tests/native-fin-containers.test.mjs[0m
2026-10-09T19:23:52.3442742Z [36;1mtest -s build/native-fin-containers/python.json[0m
2026-10-09T19:23:52.3443153Z [36;1mtest -s build/native-fin-containers/reviewed-python.json[0m
2026-10-09T19:23:52.3443860Z [36;1mLEAN_BRIDGE_FIN_PRODUCT_PROFILES=python LEAN_BRIDGE_REVIEWED_FIN_PRODUCT_PROFILES=python node --test tests/native-fin-products.test.mjs[0m
2026-10-09T19:23:52.3444543Z [36;1mtest -s build/native-fin-products/python.json[0m
2026-10-09T19:23:52.3444936Z [36;1mtest -s build/native-fin-products/reviewed-python.json[0m
2026-10-09T19:23:52.3446466Z [36;1mLEAN_BRIDGE_PYTHON="/opt/hostedtoolcache/Python/3.12.15/x64/bin/python" LEAN_BRIDGE_FIN_PRODUCT_REPORT=build/native-fin-products/python312.json LEAN_BRIDGE_REVIEWED_FIN_PRODUCT_REPORT=build/native-fin-products/reviewed-python312.json LEAN_BRIDGE_FIN_PRODUCT_PROFILES=python LEAN_BRIDGE_REVIEWED_FIN_PRODUCT_PROFILES=python node --test tests/native-fin-products.test.mjs[0m
2026-10-09T19:23:52.3448196Z [36;1mtest -s build/native-fin-products/python312.json[0m
2026-10-09T19:23:52.3448624Z [36;1mtest -s build/native-fin-products/reviewed-python312.json[0m
2026-10-09T19:23:52.3449407Z [36;1mLEAN_BRIDGE_FIN_PRODUCT_ARRAY_PROFILES=python LEAN_BRIDGE_REVIEWED_FIN_PRODUCT_ARRAY_PROFILES=python node --test tests/native-fin-product-arrays.test.mjs[0m
2026-10-09T19:23:52.3450169Z [36;1mtest -s build/native-fin-product-arrays/python.json[0m
2026-10-09T19:23:52.3450615Z [36;1mtest -s build/native-fin-product-arrays/reviewed-python.json[0m
2026-10-09T19:23:52.3452318Z [36;1mLEAN_BRIDGE_PYTHON="/opt/hostedtoolcache/Python/3.12.15/x64/bin/python" LEAN_BRIDGE_FIN_PRODUCT_ARRAY_REPORT=build/native-fin-product-arrays/python312.json LEAN_BRIDGE_REVIEWED_FIN_PRODUCT_ARRAY_REPORT=build/native-fin-product-arrays/reviewed-python312.json LEAN_BRIDGE_FIN_PRODUCT_ARRAY_PROFILES=python LEAN_BRIDGE_REVIEWED_FIN_PRODUCT_ARRAY_PROFILES=python node --test tests/native-fin-product-arrays.test.mjs[0m
2026-10-09T19:23:52.3453991Z [36;1mtest -s build/native-fin-product-arrays/python312.json[0m
2026-10-09T19:23:52.3454591Z [36;1mtest -s build/native-fin-product-arrays/reviewed-python312.json[0m
2026-10-09T19:23:52.3455321Z [36;1mLEAN_BRIDGE_FIN_RECORD_PROFILES=python LEAN_BRIDGE_REVIEWED_FIN_RECORD_PROFILES=python node --test tests/native-fin-records.test.mjs[0m
2026-10-09T19:23:52.3455990Z [36;1mtest -s build/native-fin-records/python.json[0m
2026-10-09T19:23:52.3456384Z [36;1mtest -s build/native-fin-records/reviewed-python.json[0m
2026-10-09T19:23:52.3458172Z [36;1mLEAN_BRIDGE_PYTHON="/opt/hostedtoolcache/Python/3.12.15/x64/bin/python" LEAN_BRIDGE_FIN_RECORD_REPORT=build/native-fin-records/python312.json LEAN_BRIDGE_REVIEWED_FIN_RECORD_REPORT=build/native-fin-records/reviewed-python312.json LEAN_BRIDGE_FIN_RECORD_PROFILES=python LEAN_BRIDGE_REVIEWED_FIN_RECORD_PROFILES=python node --test tests/native-fin-records.test.mjs[0m
2026-10-09T19:23:52.3459649Z [36;1mtest -s build/native-fin-records/python312.json[0m
2026-10-09T19:23:52.3460191Z [36;1mtest -s build/native-fin-records/reviewed-python312.json[0m
2026-10-09T19:23:52.3460719Z [36;1mLEAN_BRIDGE_SUBTYPE_PROFILES=python node --test tests/native-subtype.test.mjs[0m
2026-10-09T19:23:52.3461202Z [36;1mtest -s build/native-subtype/python.json[0m
2026-10-09T19:23:52.3461667Z [36;1mLEAN_BRIDGE_PYTHON_VARIANT_TEST=1 node --test tests/python-variants.test.mjs[0m
2026-10-09T19:23:52.3462117Z [36;1mtest -s build/variants/python.json[0m
2026-10-09T19:23:52.3462739Z [36;1mLEAN_BRIDGE_PYTHON_COLLECTION_TEST=1 node --test tests/python-collections.test.mjs tests/python-collection-contract.test.mjs[0m
2026-10-09T19:23:52.3463373Z [36;1mtest -s build/collections/python.json[0m
2026-10-09T19:23:52.3463710Z [36;1mtest -s build/collections/python-docs.json[0m
2026-10-09T19:23:52.3464200Z [36;1mLEAN_BRIDGE_PYTHON_GRAPH_TEST=1 node --test tests/python-copied-graph-values.test.mjs[0m
2026-10-09T19:23:52.3464695Z [36;1mtest -s build/recursive/python-values.json[0m
2026-10-09T19:23:52.3465324Z [36;1mLEAN_BRIDGE_PYTHON_GRAPH_TEST=1 LEAN_BRIDGE_PYTHON_GRAPH_NATIVE_TEST=1 node --test tests/python-copied-graph-conversions.test.mjs[0m
2026-10-09T19:23:52.3465983Z [36;1mtest -s build/recursive/python-conversions.json[0m
2026-10-09T19:23:52.3466351Z [36;1mtest -s build/recursive/python-native.json[0m
2026-10-09T19:23:52.3466833Z [36;1mLEAN_BRIDGE_PYTHON_GRAPH_PACKAGE_TEST=1 node --test tests/python-graph-package.test.mjs[0m
2026-10-09T19:23:52.3467343Z [36;1mtest -s build/recursive/python-packages.json[0m
2026-10-09T19:23:52.3467918Z [36;1mbash scripts/bootstrap-rust-ci.sh[0m
2026-10-09T19:23:52.3468317Z [36;1mexport LEAN_BRIDGE_RUSTC="$PWD/.toolchains/rust-1.90.0/bin/rustc"[0m
2026-10-09T19:23:52.3468792Z [36;1mexport LEAN_BRIDGE_CARGO="$PWD/.toolchains/rust-1.90.0/bin/cargo"[0m
2026-10-09T19:23:52.3469211Z [36;1mexport CARGO_HOME="${CARGO_HOME:-$HOME/.cargo}"[0m
2026-10-09T19:23:52.3469826Z [36;1mLEAN_BRIDGE_OWNED_NATIVE_TEST=1 node --test tests/owned-python-runtime.test.mjs tests/owned-python-values.test.mjs[0m
2026-10-09T19:23:52.3470730Z [36;1mLEAN_BRIDGE_OWNED_NATIVE_TEST=1 node --test tests/owned-python-packaging.test.mjs tests/owned-python-scalar-packaging.test.mjs[0m
2026-10-09T19:23:52.3471365Z [36;1mnpm run test:owned-python-transfers[0m
2026-10-09T19:23:52.3471733Z [36;1mtest -s build/owned-python-transfers/ordinary.json[0m
2026-10-09T19:23:52.3472132Z [36;1mtest -s build/owned-python-transfers/reviewed.json[0m
2026-10-09T19:23:52.3472559Z [36;1mtest -s build/owned-python-transfer-packaging/ordinary.json[0m
2026-10-09T19:23:52.3473022Z [36;1mtest -s build/owned-python-transfer-packaging/reviewed.json[0m
2026-10-09T19:23:52.3473529Z [36;1mnpm run test:owned-python-borrows > build/owned-python-borrows.log 2>&1[0m
2026-10-09T19:23:52.3473966Z [36;1mcat build/owned-python-borrows.log[0m
2026-10-09T19:23:52.3474310Z [36;1mrg '^# pass 8$' build/owned-python-borrows.log[0m
2026-10-09T19:23:52.3474668Z [36;1mrg '^# fail 0$' build/owned-python-borrows.log[0m
2026-10-09T19:23:52.3475175Z [36;1mrg '^# skipped 0$' build/owned-python-borrows.log[0m
2026-10-09T19:23:52.3475563Z [36;1mtest -s build/owned-python-borrows/ordinary.json[0m
2026-10-09T19:23:52.3475944Z [36;1mtest -s build/owned-python-borrows/reviewed.json[0m
2026-10-09T19:23:52.3476327Z [36;1mtest -s build/owned-python-borrows/typing.json[0m
2026-10-09T19:23:52.3476713Z [36;1mtest -s build/owned-python-borrows/borrow-only.json[0m
2026-10-09T19:23:52.3477139Z [36;1mtest -s build/owned-python-borrow-packaging/ordinary.json[0m
2026-10-09T19:23:52.3477588Z [36;1mtest -s build/owned-python-borrow-packaging/reviewed.json[0m
2026-10-09T19:23:52.3478382Z [36;1mnpm run test:owned-python-receivers > build/owned-python-receivers.log 2>&1[0m
2026-10-09T19:23:52.3478887Z [36;1mcat build/owned-python-receivers.log[0m
2026-10-09T19:23:52.3479248Z [36;1mrg '^# tests 11$' build/owned-python-receivers.log[0m
2026-10-09T19:23:52.3479631Z [36;1mrg '^# pass 11$' build/owned-python-receivers.log[0m
2026-10-09T19:23:52.3480135Z [36;1mrg '^# fail 0$' build/owned-python-receivers.log[0m
2026-10-09T19:23:52.3480535Z [36;1mrg '^# cancelled 0$' build/owned-python-receivers.log[0m
2026-10-09T19:23:52.3480932Z [36;1mrg '^# skipped 0$' build/owned-python-receivers.log[0m
2026-10-09T19:23:52.3481344Z [36;1mtest -s build/owned-python-receivers/ordinary.json[0m
2026-10-09T19:23:52.3481748Z [36;1mtest -s build/owned-python-receivers/reviewed.json[0m
2026-10-09T19:23:52.3482171Z [36;1mtest -s build/owned-python-receivers/ordinary-package.json[0m
2026-10-09T19:23:52.3482627Z [36;1mtest -s build/owned-python-receivers/reviewed-package.json[0m
2026-10-09T19:23:52.3483079Z [36;1mtest -s build/owned-python-receivers/ordinary-plain.json[0m
2026-10-09T19:23:52.3483521Z [36;1mtest -s build/owned-python-receivers/reviewed-plain.json[0m
2026-10-09T19:23:52.3483976Z [36;1mtest -s build/owned-python-receivers/ordinary-consuming.json[0m
2026-10-09T19:23:52.3484446Z [36;1mtest -s build/owned-python-receivers/reviewed-consuming.json[0m
2026-10-09T19:23:52.3484891Z [36;1mtest -s build/owned-python-receivers/typing.json[0m
2026-10-09T19:23:52.3485282Z [36;1mtest -s build/owned-python-packaging/ordinary.json[0m
2026-10-09T19:23:52.3485679Z [36;1mtest -s build/owned-python-packaging/reviewed.json[0m
2026-10-09T19:23:52.3486111Z [36;1mtest -s build/owned-python-packaging/scalars-ordinary.json[0m
2026-10-09T19:23:52.3486560Z [36;1mtest -s build/owned-python-packaging/scalars-reviewed.json[0m
2026-10-09T19:23:52.3486952Z [36;1mtest -s build/type-corpus/python.json[0m
2026-10-09T19:23:52.3487325Z [36;1mtest -s build/type-corpus/reviewed-native-python.json[0m
2026-10-09T19:23:52.3558475Z shell: /usr/bin/bash -e {0}
2026-10-09T19:23:52.3558731Z env:
2026-10-09T19:23:52.3558924Z   NODE_VERSION: 22
2026-10-09T19:23:52.3559241Z   LEAN_BRIDGE_CONSUMER_PERFORMANCE_DIR: build/consumer-ci/performance
2026-10-09T19:23:52.3559634Z   TMPDIR: /home/runner/work/_temp
2026-10-09T19:23:52.3559994Z   NIX_PROFILES: /nix/var/nix/profiles/default /home/runner/.nix-profile
2026-10-09T19:23:52.3560421Z   NIX_SSL_CERT_FILE: /etc/ssl/certs/ca-certificates.crt
2026-10-09T19:23:52.3560792Z   pythonLocation: /opt/hostedtoolcache/Python/3.12.15/x64
2026-10-09T19:23:52.3561240Z   PKG_CONFIG_PATH: /opt/hostedtoolcache/Python/3.12.15/x64/lib/pkgconfig
2026-10-09T19:23:52.3561679Z   Python_ROOT_DIR: /opt/hostedtoolcache/Python/3.12.15/x64
2026-10-09T19:23:52.3562072Z   Python2_ROOT_DIR: /opt/hostedtoolcache/Python/3.12.15/x64
2026-10-09T19:23:52.3562462Z   Python3_ROOT_DIR: /opt/hostedtoolcache/Python/3.12.15/x64
2026-10-09T19:23:52.3562992Z   LD_LIBRARY_PATH: /opt/hostedtoolcache/Python/3.12.15/x64/lib:/opt/hostedtoolcache/Python/3.11.17/x64/lib
2026-10-09T19:23:52.3563573Z   LEAN_BRIDGE_PYTHON: /opt/hostedtoolcache/Python/3.11.17/x64/bin/python
2026-10-09T19:23:52.3564282Z   LEAN_BRIDGE_COLLECTION_PYTHONS: ["/opt/hostedtoolcache/Python/3.11.17/x64/bin/python", "/opt/hostedtoolcache/Python/3.12.15/x64/bin/python"]
2026-10-09T19:23:52.3564865Z ##[endgroup]
2026-10-09T19:23:53.1546169Z Collecting typing_extensions==4.6.0
2026-10-09T19:23:53.2171788Z   Downloading typing_extensions-4.6.0-py3-none-any.whl.metadata (2.8 kB)
2026-10-09T19:23:53.2273784Z Downloading typing_extensions-4.6.0-py3-none-any.whl (30 kB)
2026-10-09T19:23:53.2423309Z Saved ./build/python-typing-wheels/4.6.0/typing_extensions-4.6.0-py3-none-any.whl
2026-10-09T19:23:53.2425353Z Successfully downloaded typing_extensions
2026-10-09T19:23:53.7566100Z Collecting typing_extensions==4.16.0
2026-10-09T19:23:53.8159294Z   Downloading typing_extensions-4.16.0-py3-none-any.whl.metadata (3.3 kB)
2026-10-09T19:23:53.8256471Z Downloading typing_extensions-4.16.0-py3-none-any.whl (45 kB)
2026-10-09T19:23:53.8428673Z Saved ./build/python-typing-wheels/4.16.0/typing_extensions-4.16.0-py3-none-any.whl
2026-10-09T19:23:53.8430194Z Successfully downloaded typing_extensions
2026-10-09T19:23:56.9962132Z Collecting mypy==2.3.1
2026-10-09T19:23:57.0341878Z   Downloading mypy-2.3.1-cp312-cp312-manylinux2014_x86_64.manylinux_2_17_x86_64.manylinux_2_28_x86_64.whl.metadata (2.4 kB)
2026-10-09T19:23:57.0525515Z Collecting typing_extensions==4.16.0
2026-10-09T19:23:57.0591902Z   Downloading typing_extensions-4.16.0-py3-none-any.whl.metadata (3.3 kB)
2026-10-09T19:23:57.0690809Z Collecting mypy_extensions==1.1.0
2026-10-09T19:23:57.0753702Z   Downloading mypy_extensions-1.1.0-py3-none-any.whl.metadata (1.1 kB)
2026-10-09T19:23:57.0873349Z Collecting pathspec==1.1.1
2026-10-09T19:23:57.0935206Z   Downloading pathspec-1.1.1-py3-none-any.whl.metadata (14 kB)
2026-10-09T19:23:57.2232300Z Collecting librt==0.15.0
2026-10-09T19:23:57.2298329Z   Downloading librt-0.15.0-cp312-cp312-manylinux2014_x86_64.manylinux_2_17_x86_64.manylinux_2_28_x86_64.whl.metadata (1.3 kB)
2026-10-09T19:23:57.2723945Z Collecting ast-serialize==0.11.2
2026-10-09T19:23:57.2789131Z   Downloading ast_serialize-0.11.2-cp39-abi3-manylinux_2_17_x86_64.manylinux2014_x86_64.whl.metadata (1.4 kB)
2026-10-09T19:23:57.3001173Z Downloading mypy-2.3.1-cp312-cp312-manylinux2014_x86_64.manylinux_2_17_x86_64.manylinux_2_28_x86_64.whl (15.3 MB)
2026-10-09T19:23:57.3716296Z    ━━━━━━━━━━━━━━━━━━━━━━━━━━━━━━━━━━━━━━━━ 15.3/15.3 MB 273.8 MB/s eta 0:00:00
2026-10-09T19:23:57.3782485Z Downloading typing_extensions-4.16.0-py3-none-any.whl (45 kB)
2026-10-09T19:23:57.3849303Z Downloading mypy_extensions-1.1.0-py3-none-any.whl (5.0 kB)
2026-10-09T19:23:57.3913745Z Downloading pathspec-1.1.1-py3-none-any.whl (57 kB)
2026-10-09T19:23:57.3982995Z Downloading librt-0.15.0-cp312-cp312-manylinux2014_x86_64.manylinux_2_17_x86_64.manylinux_2_28_x86_64.whl (531 kB)
2026-10-09T19:23:57.4012842Z    ━━━━━━━━━━━━━━━━━━━━━━━━━━━━━━━━━━━━━━━ 531.9/531.9 kB 780.3 MB/s eta 0:00:00
2026-10-09T19:23:57.4083864Z Downloading ast_serialize-0.11.2-cp39-abi3-manylinux_2_17_x86_64.manylinux2014_x86_64.whl (1.3 MB)
2026-10-09T19:23:57.4122327Z    ━━━━━━━━━━━━━━━━━━━━━━━━━━━━━━━━━━━━━━━━ 1.3/1.3 MB 771.0 MB/s eta 0:00:00
2026-10-09T19:23:57.4562402Z Installing collected packages: typing_extensions, pathspec, mypy_extensions, librt, ast-serialize, mypy
2026-10-09T19:23:59.1288362Z Successfully installed ast-serialize-0.11.2 librt-0.15.0 mypy-2.3.1 mypy_extensions-1.1.0 pathspec-1.1.1 typing_extensions-4.16.0
2026-10-09T19:23:59.2252791Z 
2026-10-09T19:23:59.2254293Z [notice] A new release of pip is available: 25.0.1 -> 26.2.1
2026-10-09T19:23:59.2255016Z [notice] To update, run: python -m pip install --upgrade pip
2026-10-09T19:23:59.3274175Z TAP version 13
2026-10-09T19:24:18.4324476Z # Subtest: offline pip resolves a conditional dependency and preserves precise installed Python types
2026-10-09T19:24:18.4333305Z ok 1 - offline pip resolves a conditional dependency and preserves precise installed Python types
2026-10-09T19:24:18.4334325Z   ---
2026-10-09T19:24:18.4339660Z   duration_ms: 19021.457409
2026-10-09T19:24:18.4340173Z   type: 'test'
2026-10-09T19:24:18.4340551Z   ...
2026-10-09T19:24:18.4342370Z # 3.11.17, 4.6.0: offline resolution, runtime annotations and strict installed stubs passed
2026-10-09T19:24:18.4344464Z # 3.11.17, 4.16.0: offline resolution, runtime annotations and strict installed stubs passed
2026-10-09T19:24:18.4345993Z # 3.12.15, standard library: offline resolution, runtime annotations and strict installed stubs passed
2026-10-09T19:24:18.4460431Z 1..1
2026-10-09T19:24:18.4461072Z # tests 1
2026-10-09T19:24:18.4461870Z # suites 0
2026-10-09T19:24:18.4462810Z # pass 1
2026-10-09T19:24:18.4463725Z # fail 0
2026-10-09T19:24:18.4464324Z # cancelled 0
2026-10-09T19:24:18.4469619Z # skipped 0
2026-10-09T19:24:18.4469980Z # todo 0
2026-10-09T19:24:18.4470375Z # duration_ms 19130.755536
2026-10-09T19:24:18.5680330Z 
2026-10-09T19:24:18.5681307Z > @lean-wasm/bridge-poc@0.0.0-poc test:type-corpus:python
2026-10-09T19:24:18.5682598Z > LEAN_BRIDGE_TYPE_CORPUS_PROFILES=python node --test tests/type-corpus.test.mjs
2026-10-09T19:24:18.5683317Z 
2026-10-09T19:24:18.6166096Z TAP version 13
2026-10-09T19:24:23.4979904Z # Subtest: corpus cases cover two renamed nested libraries, valid positions and explicit host errors
2026-10-09T19:24:23.4982227Z ok 1 - corpus cases cover two renamed nested libraries, valid positions and explicit host errors
2026-10-09T19:24:23.4983310Z   ---
2026-10-09T19:24:23.5008414Z   duration_ms: 28.733371
2026-10-09T19:24:23.5009110Z   type: 'test'
2026-10-09T19:24:23.5009521Z   ...
2026-10-09T19:24:24.6776995Z # Subtest: corpus identity binds the cases, consumers, Lean sources, oracles and harness
2026-10-09T19:24:24.6789486Z ok 2 - corpus identity binds the cases, consumers, Lean sources, oracles and harness
2026-10-09T19:24:24.6790515Z   ---
2026-10-09T19:24:24.6791130Z   duration_ms: 84.201262
2026-10-09T19:24:24.6791885Z   type: 'test'
2026-10-09T19:24:24.6792470Z   ...
2026-10-09T19:24:24.6793541Z # Subtest: every inventoried profile and position remains a gap without executed cases
2026-10-09T19:24:24.6794939Z ok 3 - every inventoried profile and position remains a gap without executed cases
2026-10-09T19:24:24.6795876Z   ---
2026-10-09T19:24:24.6796429Z   duration_ms: 222.222632
2026-10-09T19:24:24.6797066Z   type: 'test'
2026-10-09T19:24:24.6797589Z   ...
2026-10-09T19:24:24.6798928Z # Subtest: validator-only observations cannot cross source paths, profiles or uncovered positions
2026-10-09T19:24:24.6800514Z ok 4 - validator-only observations cannot cross source paths, profiles or uncovered positions
2026-10-09T19:24:24.6801515Z   ---
2026-10-09T19:24:24.6802028Z   duration_ms: 121.301679
2026-10-09T19:24:24.6802600Z   type: 'test'
2026-10-09T19:24:24.6803111Z   ...
2026-10-09T19:24:24.6803748Z # Subtest: corpus report rejects missing case
2026-10-09T19:24:24.6804623Z ok 5 - corpus report rejects missing case
2026-10-09T19:24:24.6805306Z   ---
2026-10-09T19:24:24.6805836Z   duration_ms: 1.561759
2026-10-09T19:24:24.6806415Z   type: 'test'
2026-10-09T19:24:24.6807005Z   ...
2026-10-09T19:24:24.6807898Z # Subtest: corpus report rejects duplicate case
2026-10-09T19:24:24.6808810Z ok 6 - corpus report rejects duplicate case
2026-10-09T19:24:24.6809519Z   ---
2026-10-09T19:24:24.6810063Z   duration_ms: 1.651197
2026-10-09T19:24:24.6810695Z   type: 'test'
2026-10-09T19:24:24.6811272Z   ...
2026-10-09T19:24:24.6811990Z # Subtest: corpus report rejects extra case
2026-10-09T19:24:24.6812865Z ok 7 - corpus report rejects extra case
2026-10-09T19:24:24.6813783Z   ---
2026-10-09T19:24:24.6814460Z   duration_ms: 0.69278
2026-10-09T19:24:24.6814912Z   type: 'test'
2026-10-09T19:24:24.6815260Z   ...
2026-10-09T19:24:24.6838602Z # Subtest: corpus report rejects wrong value
2026-10-09T19:24:24.6855605Z ok 8 - corpus report rejects wrong value
2026-10-09T19:24:24.6856161Z   ---
2026-10-09T19:24:24.6856643Z   duration_ms: 0.916068
2026-10-09T19:24:24.6857113Z   type: 'test'
2026-10-09T19:24:24.6857565Z   ...
2026-10-09T19:24:24.6858521Z # Subtest: corpus report rejects wrong consumer profile
2026-10-09T19:24:24.6859226Z ok 9 - corpus report rejects wrong consumer profile
2026-10-09T19:24:24.6859714Z   ---
2026-10-09T19:24:24.6860158Z   duration_ms: 0.796484
2026-10-09T19:24:24.6860619Z   type: 'test'
2026-10-09T19:24:24.6861426Z   ...
2026-10-09T19:24:24.6862047Z # Subtest: corpus report rejects wrong module
2026-10-09T19:24:24.6862667Z ok 10 - corpus report rejects wrong module
2026-10-09T19:24:24.6863153Z   ---
2026-10-09T19:24:24.6863605Z   duration_ms: 4.546809
2026-10-09T19:24:24.6864061Z   type: 'test'
2026-10-09T19:24:24.6865391Z   ...
2026-10-09T19:24:24.6866014Z # Subtest: corpus report rejects unverified copy
2026-10-09T19:24:24.6866683Z ok 11 - corpus report rejects unverified copy
2026-10-09T19:24:24.6867145Z   ---
2026-10-09T19:24:24.6867602Z   duration_ms: 0.871985
2026-10-09T19:24:24.6898410Z   type: 'test'
2026-10-09T19:24:24.6899001Z   ...
2026-10-09T19:24:24.6949221Z # Subtest: corpus report rejects wrong host error
2026-10-09T19:24:24.7008537Z ok 12 - corpus report rejects wrong host error
2026-10-09T19:24:24.7018755Z   ---
2026-10-09T19:24:24.7059591Z   duration_ms: 1.488292
2026-10-09T19:24:24.7060052Z   type: 'test'
2026-10-09T19:24:24.7060415Z   ...
2026-10-09T19:24:24.7061249Z # Subtest: corpus report rejects failed recovery
2026-10-09T19:24:24.7062059Z ok 13 - corpus report rejects failed recovery
2026-10-09T19:24:24.7062599Z   ---
2026-10-09T19:24:24.7062974Z   duration_ms: 1.118388
2026-10-09T19:24:24.7063396Z   type: 'test'
2026-10-09T19:24:24.7063743Z   ...
2026-10-09T19:24:24.7064292Z # Subtest: corpus report rejects missing oracle result
2026-10-09T19:24:24.7065039Z ok 14 - corpus report rejects missing oracle result
2026-10-09T19:24:24.7065577Z   ---
2026-10-09T19:24:24.7065961Z   duration_ms: 0.769123
2026-10-09T19:24:24.7066380Z   type: 'test'
2026-10-09T19:24:24.7066727Z   ...
2026-10-09T19:24:24.7067257Z # Subtest: corpus report rejects extra oracle result
2026-10-09T19:24:24.7068308Z ok 15 - corpus report rejects extra oracle result
2026-10-09T19:24:24.7068885Z   ---
2026-10-09T19:24:24.7069226Z   duration_ms: 0.958188
2026-10-09T19:24:24.7069628Z   type: 'test'
2026-10-09T19:24:24.7070010Z   ...
2026-10-09T19:24:24.7070551Z # Subtest: corpus report rejects unknown adapter
2026-10-09T19:24:24.7071331Z ok 16 - corpus report rejects unknown adapter
2026-10-09T19:24:24.7071896Z   ---
2026-10-09T19:24:24.7072258Z   duration_ms: 6.566137
2026-10-09T19:24:24.7072662Z   type: 'test'
2026-10-09T19:24:24.7072981Z   ...
2026-10-09T19:24:24.7073534Z # Subtest: corpus report rejects unimplemented source path
2026-10-09T19:24:24.7074161Z ok 17 - corpus report rejects unimplemented source path
2026-10-09T19:24:24.7074478Z   ---
2026-10-09T19:24:24.7074675Z   duration_ms: 0.743645
2026-10-09T19:24:24.7074892Z   type: 'test'
2026-10-09T19:24:24.7075079Z   ...
2026-10-09T19:24:24.7075361Z # Subtest: corpus report rejects unknown library
2026-10-09T19:24:24.7075736Z ok 18 - corpus report rejects unknown library
2026-10-09T19:24:24.7076009Z   ---
2026-10-09T19:24:24.7076596Z   duration_ms: 0.51189
2026-10-09T19:24:24.7076999Z   type: 'test'
2026-10-09T19:24:24.7077349Z   ...
2026-10-09T19:24:24.7078528Z # Subtest: corpus report rejects missing runtime identity
2026-10-09T19:24:24.7088786Z ok 19 - corpus report rejects missing runtime identity
2026-10-09T19:24:24.7089511Z   ---
2026-10-09T19:24:24.7089935Z   duration_ms: 0.521078
2026-10-09T19:24:24.7090351Z   type: 'test'
2026-10-09T19:24:24.7090719Z   ...
2026-10-09T19:24:24.7091450Z # Subtest: corpus report rejects invalid archive hash
2026-10-09T19:24:24.7092384Z ok 20 - corpus report rejects invalid archive hash
2026-10-09T19:24:24.7093034Z   ---
2026-10-09T19:24:24.7093474Z   duration_ms: 0.476864
2026-10-09T19:24:24.7093930Z   type: 'test'
2026-10-09T19:24:24.7094379Z   ...
2026-10-09T19:24:24.7095072Z # Subtest: corpus report rejects different archive hash
2026-10-09T19:24:24.7096036Z ok 21 - corpus report rejects different archive hash
2026-10-09T19:24:24.7096717Z   ---
2026-10-09T19:24:24.7097184Z   duration_ms: 0.524735
2026-10-09T19:24:24.7097939Z   type: 'test'
2026-10-09T19:24:24.7098448Z   ...
2026-10-09T19:24:24.7099158Z # Subtest: corpus report rejects wrong archive target
2026-10-09T19:24:24.7100034Z ok 22 - corpus report rejects wrong archive target
2026-10-09T19:24:24.7101057Z   ---
2026-10-09T19:24:24.7101542Z   duration_ms: 0.480822
2026-10-09T19:24:24.7102070Z   type: 'test'
2026-10-09T19:24:24.7102511Z   ...
2026-10-09T19:24:24.7129589Z # Subtest: corpus report rejects cross-profile observation
2026-10-09T19:24:24.7139145Z ok 23 - corpus report rejects cross-profile observation
2026-10-09T19:24:24.7146552Z   ---
2026-10-09T19:24:24.7147026Z   duration_ms: 0.863159
2026-10-09T19:24:24.7147501Z   type: 'test'
2026-10-09T19:24:24.7148168Z   ...
2026-10-09T19:24:24.7148872Z # Subtest: corpus report rejects incorrect floating-point bits
2026-10-09T19:24:24.7149628Z ok 24 - corpus report rejects incorrect floating-point bits
2026-10-09T19:24:24.7150133Z   ---
2026-10-09T19:24:24.7150583Z   duration_ms: 1.198267
2026-10-09T19:24:24.7151048Z   type: 'test'
2026-10-09T19:24:24.7151474Z   ...
2026-10-09T19:24:24.7152142Z # Subtest: corpus report rejects missing declaration evidence
2026-10-09T19:24:24.7152883Z ok 25 - corpus report rejects missing declaration evidence
2026-10-09T19:24:24.7153662Z   ---
2026-10-09T19:24:24.7154095Z   duration_ms: 0.743404
2026-10-09T19:24:24.7154678Z   type: 'test'
2026-10-09T19:24:24.7155107Z   ...
2026-10-09T19:24:24.7155731Z # Subtest: corpus report rejects wrong declaration type
2026-10-09T19:24:24.7156426Z ok 26 - corpus report rejects wrong declaration type
2026-10-09T19:24:24.7156912Z   ---
2026-10-09T19:24:24.7157366Z   duration_ms: 1.120923
2026-10-09T19:24:24.7158037Z   type: 'test'
2026-10-09T19:24:24.7158471Z   ...
2026-10-09T19:24:24.7159242Z # Subtest: the corpus rejects duplicate runs and accepts only complete observations
2026-10-09T19:24:24.7160166Z ok 27 - the corpus rejects duplicate runs and accepts only complete observations
2026-10-09T19:24:24.7160714Z   ---
2026-10-09T19:24:24.7161164Z   duration_ms: 3.85984
2026-10-09T19:24:24.7161621Z   type: 'test'
2026-10-09T19:24:24.7161991Z   ...
2026-10-09T19:24:24.7162809Z # Subtest: explicit corpus selections reject absent, misspelled and duplicate adapters
2026-10-09T19:24:24.7163780Z ok 28 - explicit corpus selections reject absent, misspelled and duplicate adapters
2026-10-09T19:24:24.7164351Z   ---
2026-10-09T19:24:24.7164808Z   duration_ms: 0.542157
2026-10-09T19:24:24.7165347Z   type: 'test'
2026-10-09T19:24:24.7165770Z   ...
2026-10-09T19:24:24.7166529Z # Subtest: the shared inputs cover all sixteen primitive parameter/result positions
2026-10-09T19:24:24.7167415Z ok 29 - the shared inputs cover all sixteen primitive parameter/result positions
2026-10-09T19:24:24.7168540Z   ---
2026-10-09T19:24:24.7168816Z   duration_ms: 126.642387
2026-10-09T19:24:24.7169076Z   type: 'test'
2026-10-09T19:24:24.7169282Z   ...
2026-10-09T19:24:24.7169751Z # Subtest: Perl numeric acceptance uses fresh Lean results without weakening other profiles
2026-10-09T19:24:24.7170465Z ok 30 - Perl numeric acceptance uses fresh Lean results without weakening other profiles
2026-10-09T19:24:24.7170877Z   ---
2026-10-09T19:24:24.7171067Z   duration_ms: 5.65577
2026-10-09T19:24:24.7171301Z   type: 'test'
2026-10-09T19:24:24.7171496Z   ...
2026-10-09T19:24:24.7171953Z # Subtest: Perl observations bind the separate runtime archive and compiled interpreter ABI
2026-10-09T19:24:24.7172641Z ok 31 - Perl observations bind the separate runtime archive and compiled interpreter ABI
2026-10-09T19:24:24.7173063Z   ---
2026-10-09T19:24:24.7173249Z   duration_ms: 7.056457
2026-10-09T19:24:24.7173508Z   type: 'test'
2026-10-09T19:24:24.7173702Z   ...
2026-10-09T19:24:24.7174144Z # Subtest: declaration evidence checks names, nested fields and type positions separately
2026-10-09T19:24:24.7174828Z ok 32 - declaration evidence checks names, nested fields and type positions separately
2026-10-09T19:24:24.7175244Z   ---
2026-10-09T19:24:24.7175436Z   duration_ms: 5.392786
2026-10-09T19:24:24.7175655Z   type: 'test'
2026-10-09T19:24:24.7175847Z   ...
2026-10-09T19:24:24.7176253Z # Subtest: profile-specific host errors cannot be borrowed from another adapter
2026-10-09T19:24:24.7176911Z ok 33 - profile-specific host errors cannot be borrowed from another adapter
2026-10-09T19:24:24.7177498Z   ---
2026-10-09T19:24:24.7178007Z   duration_ms: 2.202071
2026-10-09T19:24:24.7178424Z   type: 'test'
2026-10-09T19:24:24.7178755Z   ...
2026-10-09T19:24:24.7179428Z # Subtest: Node profiles keep unsupported array and record cases as gaps
2026-10-09T19:24:24.7180016Z ok 34 - Node profiles keep unsupported array and record cases as gaps
2026-10-09T19:24:24.7180368Z   ---
2026-10-09T19:24:24.7180571Z   duration_ms: 274.73376
2026-10-09T19:24:24.7180796Z   type: 'test'
2026-10-09T19:24:24.7180982Z   ...
2026-10-09T19:24:24.7181445Z # Subtest: strict TypeScript uses the installed public API and independent exact signatures
2026-10-09T19:24:24.7182138Z ok 35 - strict TypeScript uses the installed public API and independent exact signatures
2026-10-09T19:24:24.7182552Z   ---
2026-10-09T19:24:24.7182748Z   duration_ms: 4.839849
2026-10-09T19:24:24.7182964Z   type: 'test'
2026-10-09T19:24:24.7183151Z   ...
2026-10-09T19:24:24.7183678Z # Subtest: browser engine selections are explicit and never silently skipped
2026-10-09T19:24:24.7184269Z ok 36 - browser engine selections are explicit and never silently skipped
2026-10-09T19:24:24.7184627Z   ---
2026-10-09T19:24:24.7184811Z   duration_ms: 3.746138
2026-10-09T19:24:24.7185030Z   type: 'test'
2026-10-09T19:24:24.7185215Z   ...
2026-10-09T19:24:24.7185715Z # Subtest: browser profiles require every selected engine and retain unsupported projections as gaps
2026-10-09T19:24:24.7186487Z ok 37 - browser profiles require every selected engine and retain unsupported projections as gaps
2026-10-09T19:24:24.7186935Z   ---
2026-10-09T19:24:24.7201991Z   duration_ms: 122.416681
2026-10-09T19:24:24.7202471Z   type: 'test'
2026-10-09T19:24:24.7202829Z   ...
2026-10-09T19:24:24.7203397Z # Subtest: browser corpus rejects missing evidence
2026-10-09T19:24:24.7204191Z ok 38 - browser corpus rejects missing evidence
2026-10-09T19:24:24.7204753Z   ---
2026-10-09T19:24:24.7205130Z   duration_ms: 1.437056
2026-10-09T19:24:24.7205584Z   type: 'test'
2026-10-09T19:24:24.7205971Z   ...
2026-10-09T19:24:24.7206547Z # Subtest: browser corpus rejects duplicate engine
2026-10-09T19:24:24.7207330Z ok 39 - browser corpus rejects duplicate engine
2026-10-09T19:24:24.7208237Z   ---
2026-10-09T19:24:24.7208626Z   duration_ms: 4.673657
2026-10-09T19:24:24.7209029Z   type: 'test'
2026-10-09T19:24:24.7209398Z   ...
2026-10-09T19:24:24.7209937Z # Subtest: browser corpus rejects missing engine
2026-10-09T19:24:24.7210693Z ok 40 - browser corpus rejects missing engine
2026-10-09T19:24:24.7211246Z   ---
2026-10-09T19:24:24.7211614Z   duration_ms: 1.713254
2026-10-09T19:24:24.7212029Z   type: 'test'
2026-10-09T19:24:24.7212399Z   ...
2026-10-09T19:24:24.7212987Z # Subtest: browser corpus rejects missing StrictMode
2026-10-09T19:24:24.7213783Z ok 41 - browser corpus rejects missing StrictMode
2026-10-09T19:24:24.7214331Z   ---
2026-10-09T19:24:24.7214713Z   duration_ms: 1.601054
2026-10-09T19:24:24.7215124Z   type: 'test'
2026-10-09T19:24:24.7215493Z   ...
2026-10-09T19:24:24.7216036Z # Subtest: browser corpus rejects duplicate execution
2026-10-09T19:24:24.7216831Z ok 42 - browser corpus rejects duplicate execution
2026-10-09T19:24:24.7217357Z   ---
2026-10-09T19:24:24.7217979Z   duration_ms: 1.527065
2026-10-09T19:24:24.7218412Z   type: 'test'
2026-10-09T19:24:24.7218762Z   ...
2026-10-09T19:24:24.7219294Z # Subtest: browser corpus rejects wrong browser result
2026-10-09T19:24:24.7220068Z ok 43 - browser corpus rejects wrong browser result
2026-10-09T19:24:24.7220623Z   ---
2026-10-09T19:24:24.7220986Z   duration_ms: 2.145264
2026-10-09T19:24:24.7221409Z   type: 'test'
2026-10-09T19:24:24.7221754Z   ...
2026-10-09T19:24:24.7222253Z # Subtest: browser corpus rejects wrong profile
2026-10-09T19:24:24.7222916Z ok 44 - browser corpus rejects wrong profile
2026-10-09T19:24:24.7223376Z   ---
2026-10-09T19:24:24.7223666Z   duration_ms: 2.719811
2026-10-09T19:24:24.7224023Z   type: 'test'
2026-10-09T19:24:24.7224323Z   ...
2026-10-09T19:24:24.7225062Z # Subtest: browser corpus rejects window standing in for worker
2026-10-09T19:24:24.7225795Z ok 45 - browser corpus rejects window standing in for worker
2026-10-09T19:24:24.7226287Z   ---
2026-10-09T19:24:24.7226563Z   duration_ms: 5.641823
2026-10-09T19:24:24.7226891Z   type: 'test'
2026-10-09T19:24:24.7227181Z   ...
2026-10-09T19:24:24.7227918Z # Subtest: browser corpus rejects mismatched primary result
2026-10-09T19:24:24.7228615Z ok 46 - browser corpus rejects mismatched primary result
2026-10-09T19:24:24.7229079Z   ---
2026-10-09T19:24:24.7229369Z   duration_ms: 3.685844
2026-10-09T19:24:24.7229690Z   type: 'test'
2026-10-09T19:24:24.7229972Z   ...
2026-10-09T19:24:24.7230429Z # Subtest: browser corpus rejects wrong WASM digest
2026-10-09T19:24:24.7231035Z ok 47 - browser corpus rejects wrong WASM digest
2026-10-09T19:24:24.7231481Z   ---
2026-10-09T19:24:24.7231761Z   duration_ms: 2.825441
2026-10-09T19:24:24.7232120Z   type: 'test'
2026-10-09T19:24:24.7232420Z   ...
2026-10-09T19:24:24.7233006Z # Subtest: browser corpus rejects wrong WASM MIME
2026-10-09T19:24:24.7233624Z ok 48 - browser corpus rejects wrong WASM MIME
2026-10-09T19:24:24.7234054Z   ---
2026-10-09T19:24:24.7234351Z   duration_ms: 2.513324
2026-10-09T19:24:24.7234710Z   type: 'test'
2026-10-09T19:24:24.7235013Z   ...
2026-10-09T19:24:24.7235521Z # Subtest: browser corpus rejects wrong deployment prefix
2026-10-09T19:24:24.7236282Z ok 49 - browser corpus rejects wrong deployment prefix
2026-10-09T19:24:24.7236793Z   ---
2026-10-09T19:24:24.7237112Z   duration_ms: 3.072894
2026-10-09T19:24:24.7237472Z   type: 'test'
2026-10-09T19:24:24.7237992Z   ...
2026-10-09T19:24:24.7238515Z # Subtest: browser corpus rejects missing runtime fetch
2026-10-09T19:24:24.7239234Z ok 50 - browser corpus rejects missing runtime fetch
2026-10-09T19:24:24.7239742Z   ---
2026-10-09T19:24:24.7240059Z   duration_ms: 3.066162
2026-10-09T19:24:24.7240427Z   type: 'test'
2026-10-09T19:24:24.7240750Z   ...
2026-10-09T19:24:24.7241247Z # Subtest: browser corpus rejects unbound deployment
2026-10-09T19:24:24.7241946Z ok 51 - browser corpus rejects unbound deployment
2026-10-09T19:24:24.7242435Z   ---
2026-10-09T19:24:24.7242764Z   duration_ms: 1.899673
2026-10-09T19:24:24.7243128Z   type: 'test'
2026-10-09T19:24:24.7243442Z   ...
2026-10-09T19:24:24.7243948Z # Subtest: browser corpus rejects source tree present
2026-10-09T19:24:24.7244637Z ok 52 - browser corpus rejects source tree present
2026-10-09T19:24:24.7245130Z   ---
2026-10-09T19:24:24.7245457Z   duration_ms: 1.194851
2026-10-09T19:24:24.7245822Z   type: 'test'
2026-10-09T19:24:24.7246139Z   ...
2026-10-09T19:24:24.7246611Z # Subtest: browser corpus rejects network access
2026-10-09T19:24:24.7247252Z ok 53 - browser corpus rejects network access
2026-10-09T19:24:24.7247851Z   ---
2026-10-09T19:24:24.7248133Z   duration_ms: 1.677416
2026-10-09T19:24:24.7248463Z   type: 'test'
2026-10-09T19:24:24.7248769Z   ...
2026-10-09T19:24:24.7249248Z # Subtest: browser corpus rejects missing React framework
2026-10-09T19:24:24.7249944Z ok 54 - browser corpus rejects missing React framework
2026-10-09T19:24:24.7250401Z   ---
2026-10-09T19:24:24.7250677Z   duration_ms: 1.284109
2026-10-09T19:24:24.7251003Z   type: 'test'
2026-10-09T19:24:24.7251281Z   ...
2026-10-09T19:24:24.7251763Z # Subtest: browser corpus rejects missing public API import
2026-10-09T19:24:24.7252508Z ok 55 - browser corpus rejects missing public API import
2026-10-09T19:24:24.7252995Z   ---
2026-10-09T19:24:24.7253275Z   duration_ms: 1.171868
2026-10-09T19:24:24.7253594Z   type: 'test'
2026-10-09T19:24:24.7253879Z   ...
2026-10-09T19:24:24.7254332Z # Subtest: browser corpus rejects missing asset recovery
2026-10-09T19:24:24.7254971Z ok 56 - browser corpus rejects missing asset recovery
2026-10-09T19:24:24.7255435Z   ---
2026-10-09T19:24:24.7255706Z   duration_ms: 1.511455
2026-10-09T19:24:24.7256027Z   type: 'test'
2026-10-09T19:24:24.7256304Z   ...
2026-10-09T19:24:24.7256745Z # Subtest: browser corpus rejects stale React effect
2026-10-09T19:24:24.7257407Z ok 57 - browser corpus rejects stale React effect
2026-10-09T19:24:24.7258301Z   ---
2026-10-09T19:24:24.7258664Z   duration_ms: 2.048282
2026-10-09T19:24:24.7259020Z   type: 'test'
2026-10-09T19:24:24.7259330Z   ...
2026-10-09T19:24:24.7259855Z # Subtest: browser corpus rejects pending React unmount
2026-10-09T19:24:24.7260606Z ok 58 - browser corpus rejects pending React unmount
2026-10-09T19:24:24.7261110Z   ---
2026-10-09T19:24:24.7261428Z   duration_ms: 1.739644
2026-10-09T19:24:24.7261788Z   type: 'test'
2026-10-09T19:24:24.7262157Z   ...
2026-10-09T19:24:24.7262797Z # Subtest: browser corpus rejects leaked worker
2026-10-09T19:24:24.7263505Z ok 59 - browser corpus rejects leaked worker
2026-10-09T19:24:24.7263795Z   ---
2026-10-09T19:24:24.7263990Z   duration_ms: 1.49768
2026-10-09T19:24:24.7264339Z   type: 'test'
2026-10-09T19:24:24.7264571Z   ...
2026-10-09T19:24:24.7264993Z # Subtest: Rust records compiler rejection separately from executed public calls
2026-10-09T19:24:24.7265807Z ok 60 - Rust records compiler rejection separately from executed public calls
2026-10-09T19:24:24.7266233Z   ---
2026-10-09T19:24:24.7266437Z   duration_ms: 139.002022
2026-10-09T19:24:24.7266671Z   type: 'test'
2026-10-09T19:24:24.7266867Z   ...
2026-10-09T19:24:27.6510649Z # Subtest: Rust compile-rejection evidence retains JSON beyond the display-tail limit
2026-10-09T19:24:27.6512202Z ok 61 - Rust compile-rejection evidence retains JSON beyond the display-tail limit
2026-10-09T19:24:27.6513189Z   ---
2026-10-09T19:24:27.6513747Z   duration_ms: 60.557673
2026-10-09T19:24:27.6514386Z   type: 'test'
2026-10-09T19:24:27.6514986Z   ...
2026-10-09T19:24:27.6516063Z # Subtest: Rust callers use independent typed signatures, borrowed inputs and owned results
2026-10-09T19:24:27.6517444Z ok 62 - Rust callers use independent typed signatures, borrowed inputs and owned results
2026-10-09T19:24:27.6518478Z   ---
2026-10-09T19:24:27.6518953Z   duration_ms: 3.230911
2026-10-09T19:24:27.6519475Z   type: 'test'
2026-10-09T19:24:27.6519924Z   ...
2026-10-09T19:24:27.6520726Z # Subtest: Rust corpus rejects missing compiler evidence
2026-10-09T19:24:27.6521754Z ok 63 - Rust corpus rejects missing compiler evidence
2026-10-09T19:24:27.6522456Z   ---
2026-10-09T19:24:27.6522913Z   duration_ms: 2.437914
2026-10-09T19:24:27.6523429Z   type: 'test'
2026-10-09T19:24:27.6523875Z   ...
2026-10-09T19:24:27.6524562Z # Subtest: Rust corpus rejects wrong compiler version
2026-10-09T19:24:27.6525522Z ok 64 - Rust corpus rejects wrong compiler version
2026-10-09T19:24:27.6526072Z   ---
2026-10-09T19:24:27.6526417Z   duration_ms: 1.728994
2026-10-09T19:24:27.6526806Z   type: 'test'
2026-10-09T19:24:27.6527144Z   ...
2026-10-09T19:24:27.6527869Z # Subtest: Rust corpus rejects unbound consumer source
2026-10-09T19:24:27.6528641Z ok 65 - Rust corpus rejects unbound consumer source
2026-10-09T19:24:27.6529168Z   ---
2026-10-09T19:24:27.6529512Z   duration_ms: 7.467208
2026-10-09T19:24:27.6529906Z   type: 'test'
2026-10-09T19:24:27.6530243Z   ...
2026-10-09T19:24:27.6530785Z # Subtest: Rust corpus rejects unchecked signatures
2026-10-09T19:24:27.6532835Z ok 66 - Rust corpus rejects unchecked signatures
2026-10-09T19:24:27.6533371Z   ---
2026-10-09T19:24:27.6533716Z   duration_ms: 3.106377
2026-10-09T19:24:27.6534113Z   type: 'test'
2026-10-09T19:24:27.6534446Z   ...
2026-10-09T19:24:27.6534941Z # Subtest: Rust corpus rejects wrong binding IR
2026-10-09T19:24:27.6535621Z ok 67 - Rust corpus rejects wrong binding IR
2026-10-09T19:24:27.6536109Z   ---
2026-10-09T19:24:27.6536452Z   duration_ms: 2.212029
2026-10-09T19:24:27.6536837Z   type: 'test'
2026-10-09T19:24:27.6537175Z   ...
2026-10-09T19:24:27.6537854Z # Subtest: Rust corpus rejects warm global cache
2026-10-09T19:24:27.6538576Z ok 68 - Rust corpus rejects warm global cache
2026-10-09T19:24:27.6539096Z   ---
2026-10-09T19:24:27.6539435Z   duration_ms: 4.680811
2026-10-09T19:24:27.6539823Z   type: 'test'
2026-10-09T19:24:27.6540166Z   ...
2026-10-09T19:24:27.6540681Z # Subtest: Rust corpus rejects online installation
2026-10-09T19:24:27.6541930Z ok 69 - Rust corpus rejects online installation
2026-10-09T19:24:27.6542461Z   ---
2026-10-09T19:24:27.6542796Z   duration_ms: 3.51845
2026-10-09T19:24:27.6543178Z   type: 'test'
2026-10-09T19:24:27.6543519Z   ...
2026-10-09T19:24:27.6544042Z # Subtest: Rust corpus rejects remaining source tree
2026-10-09T19:24:27.6544932Z ok 70 - Rust corpus rejects remaining source tree
2026-10-09T19:24:27.6545450Z   ---
2026-10-09T19:24:27.6545782Z   duration_ms: 3.073886
2026-10-09T19:24:27.6546164Z   type: 'test'
2026-10-09T19:24:27.6546499Z   ...
2026-10-09T19:24:27.6547017Z # Subtest: Rust corpus rejects missing exact integers
2026-10-09T19:24:27.6548118Z ok 71 - Rust corpus rejects missing exact integers
2026-10-09T19:24:27.6548688Z   ---
2026-10-09T19:24:27.6549025Z   duration_ms: 3.898213
2026-10-09T19:24:27.6549407Z   type: 'test'
2026-10-09T19:24:27.6549741Z   ...
2026-10-09T19:24:27.6550267Z # Subtest: Rust corpus rejects duplicate dependency
2026-10-09T19:24:27.6557564Z ok 72 - Rust corpus rejects duplicate dependency
2026-10-09T19:24:27.6558317Z   ---
2026-10-09T19:24:27.6558665Z   duration_ms: 3.673271
2026-10-09T19:24:27.6559059Z   type: 'test'
2026-10-09T19:24:27.6559396Z   ...
2026-10-09T19:24:27.6559914Z # Subtest: Rust corpus rejects unhashed executable
2026-10-09T19:24:27.6560618Z ok 73 - Rust corpus rejects unhashed executable
2026-10-09T19:24:27.6561134Z   ---
2026-10-09T19:24:27.6561479Z   duration_ms: 2.040007
2026-10-09T19:24:27.6561863Z   type: 'test'
2026-10-09T19:24:27.6562202Z   ...
2026-10-09T19:24:27.6562695Z # Subtest: Rust corpus rejects missing cleanup
2026-10-09T19:24:27.6563349Z ok 74 - Rust corpus rejects missing cleanup
2026-10-09T19:24:27.6563830Z   ---
2026-10-09T19:24:27.6564189Z   duration_ms: 4.997705
2026-10-09T19:24:27.6564579Z   type: 'test'
2026-10-09T19:24:27.6564916Z   ...
2026-10-09T19:24:27.6565427Z # Subtest: Rust corpus rejects unverified copies
2026-10-09T19:24:27.6566101Z ok 75 - Rust corpus rejects unverified copies
2026-10-09T19:24:27.6566594Z   ---
2026-10-09T19:24:27.6566945Z   duration_ms: 3.348501
2026-10-09T19:24:27.6567330Z   type: 'test'
2026-10-09T19:24:27.6567826Z   ...
2026-10-09T19:24:27.6568472Z # Subtest: Rust corpus rejects compiler failure counted as runtime
2026-10-09T19:24:27.6569360Z ok 76 - Rust corpus rejects compiler failure counted as runtime
2026-10-09T19:24:27.6569945Z   ---
2026-10-09T19:24:27.6570287Z   duration_ms: 3.293298
2026-10-09T19:24:27.6570663Z   type: 'test'
2026-10-09T19:24:27.6571000Z   ...
2026-10-09T19:24:27.6571550Z # Subtest: Rust corpus rejects unrelated compiler failure
2026-10-09T19:24:27.6572333Z ok 77 - Rust corpus rejects unrelated compiler failure
2026-10-09T19:24:27.6572861Z   ---
2026-10-09T19:24:27.6573188Z   duration_ms: 3.382725
2026-10-09T19:24:27.6573573Z   type: 'test'
2026-10-09T19:24:27.6573900Z   ...
2026-10-09T19:24:27.6574452Z # Subtest: Rust corpus rejects dependency compiler failure
2026-10-09T19:24:27.6575239Z ok 78 - Rust corpus rejects dependency compiler failure
2026-10-09T19:24:27.6575791Z   ---
2026-10-09T19:24:27.6576118Z   duration_ms: 2.996391
2026-10-09T19:24:27.6576502Z   type: 'test'
2026-10-09T19:24:27.6576831Z   ...
2026-10-09T19:24:27.6577381Z # Subtest: Rust corpus rejects missing compiler diagnostic
2026-10-09T19:24:27.6578316Z ok 79 - Rust corpus rejects missing compiler diagnostic
2026-10-09T19:24:27.6578848Z   ---
2026-10-09T19:24:27.6579172Z   duration_ms: 2.19608
2026-10-09T19:24:27.6579555Z   type: 'test'
2026-10-09T19:24:27.6579875Z   ...
2026-10-09T19:24:27.6580396Z # Subtest: Rust corpus rejects changed rejected source
2026-10-09T19:24:27.6581223Z ok 80 - Rust corpus rejects changed rejected source
2026-10-09T19:24:27.6581737Z   ---
2026-10-09T19:24:27.6582073Z   duration_ms: 2.621968
2026-10-09T19:24:27.6582457Z   type: 'test'
2026-10-09T19:24:27.6582789Z   ...
2026-10-09T19:24:27.6583294Z # Subtest: Rust corpus rejects wrong runtime error
2026-10-09T19:24:27.6583983Z ok 81 - Rust corpus rejects wrong runtime error
2026-10-09T19:24:27.6584492Z   ---
2026-10-09T19:24:27.6585050Z   duration_ms: 2.920058
2026-10-09T19:24:27.6585434Z   type: 'test'
2026-10-09T19:24:27.6585772Z   ...
2026-10-09T19:24:27.6595042Z # Subtest: Rust corpus rejects missing limit rejection
2026-10-09T19:24:27.6595808Z ok 82 - Rust corpus rejects missing limit rejection
2026-10-09T19:24:27.6596340Z   ---
2026-10-09T19:24:27.6596689Z   duration_ms: 2.897275
2026-10-09T19:24:27.6597104Z   type: 'test'
2026-10-09T19:24:27.6597425Z   ...
2026-10-09T19:24:27.6598192Z # Subtest: Rust corpus rejects failed limit recovery
2026-10-09T19:24:27.6598979Z ok 83 - Rust corpus rejects failed limit recovery
2026-10-09T19:24:27.6599477Z   ---
2026-10-09T19:24:27.6599977Z   duration_ms: 3.679742
2026-10-09T19:24:27.6600364Z   type: 'test'
2026-10-09T19:24:27.6600755Z   ...
2026-10-09T19:24:27.6601668Z # Subtest: c corpus separates native numeric acceptance from compiler rejection
2026-10-09T19:24:27.6602702Z ok 84 - c corpus separates native numeric acceptance from compiler rejection
2026-10-09T19:24:27.6603292Z   ---
2026-10-09T19:24:27.6603973Z   duration_ms: 127.51672
2026-10-09T19:24:27.6604478Z   type: 'test'
2026-10-09T19:24:27.6604900Z   ...
2026-10-09T19:24:27.6605754Z # Subtest: cpp corpus separates native numeric acceptance from compiler rejection
2026-10-09T19:24:27.6606759Z ok 85 - cpp corpus separates native numeric acceptance from compiler rejection
2026-10-09T19:24:27.6607382Z   ---
2026-10-09T19:24:27.6607970Z   duration_ms: 116.546737
2026-10-09T19:24:27.6608634Z   type: 'test'
2026-10-09T19:24:27.6608989Z   ...
2026-10-09T19:24:27.6609516Z # Subtest: c corpus rejects missing compiler evidence
2026-10-09T19:24:27.6610233Z ok 86 - c corpus rejects missing compiler evidence
2026-10-09T19:24:27.6610749Z   ---
2026-10-09T19:24:27.6611084Z   duration_ms: 5.322684
2026-10-09T19:24:27.6611455Z   type: 'test'
2026-10-09T19:24:27.6611804Z   ...
2026-10-09T19:24:27.6612271Z # Subtest: c corpus rejects old compiler
2026-10-09T19:24:27.6612926Z ok 87 - c corpus rejects old compiler
2026-10-09T19:24:27.6618904Z   ---
2026-10-09T19:24:27.6619662Z   duration_ms: 2.560534
2026-10-09T19:24:27.6620076Z   type: 'test'
2026-10-09T19:24:27.6620427Z   ...
2026-10-09T19:24:27.6620907Z # Subtest: c corpus rejects wrong standard
2026-10-09T19:24:27.6621565Z ok 88 - c corpus rejects wrong standard
2026-10-09T19:24:27.6622038Z   ---
2026-10-09T19:24:27.6622376Z   duration_ms: 2.976994
2026-10-09T19:24:27.6622767Z   type: 'test'
2026-10-09T19:24:27.6623109Z   ...
2026-10-09T19:24:27.6623564Z # Subtest: c corpus rejects unbound source
2026-10-09T19:24:27.6624177Z ok 89 - c corpus rejects unbound source
2026-10-09T19:24:27.6624633Z   ---
2026-10-09T19:24:27.6624966Z   duration_ms: 6.48795
2026-10-09T19:24:27.6625347Z   type: 'test'
2026-10-09T19:24:27.6625682Z   ...
2026-10-09T19:24:27.6626178Z # Subtest: c corpus rejects unchecked signatures
2026-10-09T19:24:27.6626850Z ok 90 - c corpus rejects unchecked signatures
2026-10-09T19:24:27.6627334Z   ---
2026-10-09T19:24:27.6627876Z   duration_ms: 4.053193
2026-10-09T19:24:27.6628278Z   type: 'test'
2026-10-09T19:24:27.6628631Z   ...
2026-10-09T19:24:27.6629107Z # Subtest: c corpus rejects wrong binding IR
2026-10-09T19:24:27.6629750Z ok 91 - c corpus rejects wrong binding IR
2026-10-09T19:24:27.6630221Z   ---
2026-10-09T19:24:27.6630459Z   duration_ms: 2.511892
2026-10-09T19:24:27.6630694Z   type: 'test'
2026-10-09T19:24:27.6630901Z   ...
2026-10-09T19:24:27.6631207Z # Subtest: c corpus rejects remaining sources
2026-10-09T19:24:27.6631595Z ok 92 - c corpus rejects remaining sources
2026-10-09T19:24:27.6631877Z   ---
2026-10-09T19:24:27.6632078Z   duration_ms: 5.131536
2026-10-09T19:24:27.6632336Z   type: 'test'
2026-10-09T19:24:27.6632537Z   ...
2026-10-09T19:24:27.6632842Z # Subtest: c corpus rejects compiler during execution
2026-10-09T19:24:27.6650133Z ok 93 - c corpus rejects compiler during execution
2026-10-09T19:24:27.6668437Z   ---
2026-10-09T19:24:27.6673574Z   duration_ms: 4.000254
2026-10-09T19:24:27.6674184Z   type: 'test'
2026-10-09T19:24:27.6674699Z   ...
2026-10-09T19:24:27.6675654Z # Subtest: c corpus rejects runtime override
2026-10-09T19:24:27.6676488Z ok 94 - c corpus rejects runtime override
2026-10-09T19:24:27.6677249Z   ---
2026-10-09T19:24:27.6677992Z   duration_ms: 5.122659
2026-10-09T19:24:27.6678650Z   type: 'test'
2026-10-09T19:24:27.6679158Z   ...
2026-10-09T19:24:27.6679855Z # Subtest: c corpus rejects private headers
2026-10-09T19:24:27.6680707Z ok 95 - c corpus rejects private headers
2026-10-09T19:24:27.6681445Z   ---
2026-10-09T19:24:27.6681950Z   duration_ms: 3.988632
2026-10-09T19:24:27.6682549Z   type: 'test'
2026-10-09T19:24:27.6683049Z   ...
2026-10-09T19:24:27.6683764Z # Subtest: c corpus rejects unchecked narrowing
2026-10-09T19:24:27.6684634Z ok 96 - c corpus rejects unchecked narrowing
2026-10-09T19:24:27.6685342Z   ---
2026-10-09T19:24:27.6685863Z   duration_ms: 6.893391
2026-10-09T19:24:27.6686492Z   type: 'test'
2026-10-09T19:24:27.6687028Z   ...
2026-10-09T19:24:27.6687978Z # Subtest: c corpus rejects missing CMake
2026-10-09T19:24:27.6689124Z ok 97 - c corpus rejects missing CMake
2026-10-09T19:24:27.6689892Z   ---
2026-10-09T19:24:27.6690431Z   duration_ms: 7.806838
2026-10-09T19:24:27.6691081Z   type: 'test'
2026-10-09T19:24:27.6691565Z   ...
2026-10-09T19:24:27.6692286Z # Subtest: c corpus rejects unexecuted integration
2026-10-09T19:24:27.6693234Z ok 98 - c corpus rejects unexecuted integration
2026-10-09T19:24:27.6694014Z   ---
2026-10-09T19:24:27.6694549Z   duration_ms: 4.257357
2026-10-09T19:24:27.6695189Z   type: 'test'
2026-10-09T19:24:27.6695715Z   ...
2026-10-09T19:24:27.6696446Z # Subtest: c corpus rejects nonlocal runtime
2026-10-09T19:24:27.6697319Z ok 99 - c corpus rejects nonlocal runtime
2026-10-09T19:24:27.6698244Z   ---
2026-10-09T19:24:27.6698782Z   duration_ms: 8.089706
2026-10-09T19:24:27.6699417Z   type: 'test'
2026-10-09T19:24:27.6699939Z   ...
2026-10-09T19:24:27.6700825Z # Subtest: c corpus rejects missing runtime library
2026-10-09T19:24:27.6701783Z ok 100 - c corpus rejects missing runtime library
2026-10-09T19:24:27.6702563Z   ---
2026-10-09T19:24:27.6703101Z   duration_ms: 7.328227
2026-10-09T19:24:27.6703741Z   type: 'test'
2026-10-09T19:24:27.6704258Z   ...
2026-10-09T19:24:27.6705025Z # Subtest: c corpus rejects wrong runtime rejection
2026-10-09T19:24:27.6705972Z ok 101 - c corpus rejects wrong runtime rejection
2026-10-09T19:24:27.6706732Z   ---
2026-10-09T19:24:27.6707354Z   duration_ms: 9.052452
2026-10-09T19:24:27.6708223Z   type: 'test'
2026-10-09T19:24:27.6708761Z   ...
2026-10-09T19:24:27.6709481Z # Subtest: c corpus rejects failed recovery
2026-10-09T19:24:27.6710345Z ok 102 - c corpus rejects failed recovery
2026-10-09T19:24:27.6711076Z   ---
2026-10-09T19:24:27.6711576Z   duration_ms: 7.563969
2026-10-09T19:24:27.6712163Z   type: 'test'
2026-10-09T19:24:27.6712682Z   ...
2026-10-09T19:24:27.6713519Z # Subtest: c corpus rejects missing error check
2026-10-09T19:24:27.6714483Z ok 103 - c corpus rejects missing error check
2026-10-09T19:24:27.6715237Z   ---
2026-10-09T19:24:27.6715766Z   duration_ms: 7.231485
2026-10-09T19:24:27.6716421Z   type: 'test'
2026-10-09T19:24:27.6716951Z   ...
2026-10-09T19:24:27.6717891Z # Subtest: c corpus rejects aliased record
2026-10-09T19:24:27.6718763Z ok 104 - c corpus rejects aliased record
2026-10-09T19:24:27.6719478Z   ---
2026-10-09T19:24:27.6720008Z   duration_ms: 3.461894
2026-10-09T19:24:27.6720639Z   type: 'test'
2026-10-09T19:24:27.6721167Z   ...
2026-10-09T19:24:27.6721958Z # Subtest: c corpus rejects unrelated compiler failure
2026-10-09T19:24:27.6722941Z ok 105 - c corpus rejects unrelated compiler failure
2026-10-09T19:24:27.6723715Z   ---
2026-10-09T19:24:27.6724325Z   duration_ms: 2.344868
2026-10-09T19:24:27.6724963Z   type: 'test'
2026-10-09T19:24:27.6725480Z   ...
2026-10-09T19:24:27.6726241Z # Subtest: c corpus rejects header compiler failure
2026-10-09T19:24:27.6727194Z ok 106 - c corpus rejects header compiler failure
2026-10-09T19:24:27.6728276Z   ---
2026-10-09T19:24:27.6728785Z   duration_ms: 2.998686
2026-10-09T19:24:27.6729359Z   type: 'test'
2026-10-09T19:24:27.6730152Z   ...
2026-10-09T19:24:27.6730902Z # Subtest: c corpus rejects changed rejected input
2026-10-09T19:24:27.6731830Z ok 107 - c corpus rejects changed rejected input
2026-10-09T19:24:27.6732558Z   ---
2026-10-09T19:24:27.6733052Z   duration_ms: 2.451739
2026-10-09T19:24:27.6733640Z   type: 'test'
2026-10-09T19:24:27.6734155Z   ...
2026-10-09T19:24:27.6734938Z # Subtest: cpp corpus rejects missing compiler evidence
2026-10-09T19:24:27.6735944Z ok 108 - cpp corpus rejects missing compiler evidence
2026-10-09T19:24:27.6736782Z   ---
2026-10-09T19:24:27.6737301Z   duration_ms: 5.518883
2026-10-09T19:24:27.6738184Z   type: 'test'
2026-10-09T19:24:27.6738704Z   ...
2026-10-09T19:24:27.6739386Z # Subtest: cpp corpus rejects old compiler
2026-10-09T19:24:27.6740175Z ok 109 - cpp corpus rejects old compiler
2026-10-09T19:24:27.6740924Z   ---
2026-10-09T19:24:27.6741417Z   duration_ms: 3.249676
2026-10-09T19:24:27.6742004Z   type: 'test'
2026-10-09T19:24:27.6742491Z   ...
2026-10-09T19:24:27.6743406Z # Subtest: cpp corpus rejects wrong standard
2026-10-09T19:24:27.6744288Z ok 110 - cpp corpus rejects wrong standard
2026-10-09T19:24:27.6745002Z   ---
2026-10-09T19:24:27.6745494Z   duration_ms: 3.581418
2026-10-09T19:24:27.6746202Z   type: 'test'
2026-10-09T19:24:27.6746714Z   ...
2026-10-09T19:24:27.6747402Z # Subtest: cpp corpus rejects unbound source
2026-10-09T19:24:27.6748591Z ok 111 - cpp corpus rejects unbound source
2026-10-09T19:24:27.6749324Z   ---
2026-10-09T19:24:27.6749824Z   duration_ms: 5.595306
2026-10-09T19:24:27.6750407Z   type: 'test'
2026-10-09T19:24:27.6750902Z   ...
2026-10-09T19:24:27.6751612Z # Subtest: cpp corpus rejects unchecked signatures
2026-10-09T19:24:27.6752495Z ok 112 - cpp corpus rejects unchecked signatures
2026-10-09T19:24:27.6753253Z   ---
2026-10-09T19:24:27.6753860Z   duration_ms: 6.669822
2026-10-09T19:24:27.6754322Z   type: 'test'
2026-10-09T19:24:27.6754702Z   ...
2026-10-09T19:24:27.6755285Z # Subtest: cpp corpus rejects wrong binding IR
2026-10-09T19:24:27.6755764Z ok 113 - cpp corpus rejects wrong binding IR
2026-10-09T19:24:27.6756138Z   ---
2026-10-09T19:24:27.6756385Z   duration_ms: 2.167045
2026-10-09T19:24:27.6756617Z   type: 'test'
2026-10-09T19:24:27.6756821Z   ...
2026-10-09T19:24:27.6757106Z # Subtest: cpp corpus rejects remaining sources
2026-10-09T19:24:27.6757489Z ok 114 - cpp corpus rejects remaining sources
2026-10-09T19:24:27.6758114Z   ---
2026-10-09T19:24:27.6758499Z   duration_ms: 3.332732
2026-10-09T19:24:27.6758893Z   type: 'test'
2026-10-09T19:24:27.6759222Z   ...
2026-10-09T19:24:27.6759784Z # Subtest: cpp corpus rejects compiler during execution
2026-10-09T19:24:27.6760423Z ok 115 - cpp corpus rejects compiler during execution
2026-10-09T19:24:27.6760959Z   ---
2026-10-09T19:24:27.6761305Z   duration_ms: 3.279461
2026-10-09T19:24:27.6761684Z   type: 'test'
2026-10-09T19:24:27.6762011Z   ...
2026-10-09T19:24:27.6762490Z # Subtest: cpp corpus rejects runtime override
2026-10-09T19:24:27.6763106Z ok 116 - cpp corpus rejects runtime override
2026-10-09T19:24:27.6763604Z   ---
2026-10-09T19:24:27.6763936Z   duration_ms: 4.490163
2026-10-09T19:24:27.6764327Z   type: 'test'
2026-10-09T19:24:27.6764651Z   ...
2026-10-09T19:24:27.6765111Z # Subtest: cpp corpus rejects private headers
2026-10-09T19:24:27.6765694Z ok 117 - cpp corpus rejects private headers
2026-10-09T19:24:27.6766180Z   ---
2026-10-09T19:24:27.6766501Z   duration_ms: 3.309588
2026-10-09T19:24:27.6766882Z   type: 'test'
2026-10-09T19:24:27.6767206Z   ...
2026-10-09T19:24:27.6767905Z # Subtest: cpp corpus rejects unchecked narrowing
2026-10-09T19:24:27.6768646Z ok 118 - cpp corpus rejects unchecked narrowing
2026-10-09T19:24:27.6769194Z   ---
2026-10-09T19:24:27.6769531Z   duration_ms: 4.59499
2026-10-09T19:24:27.6769903Z   type: 'test'
2026-10-09T19:24:27.6770212Z   ...
2026-10-09T19:24:27.6770672Z # Subtest: cpp corpus rejects missing CMake
2026-10-09T19:24:27.6771301Z ok 119 - cpp corpus rejects missing CMake
2026-10-09T19:24:27.6771782Z   ---
2026-10-09T19:24:27.6772108Z   duration_ms: 3.340958
2026-10-09T19:24:27.6772800Z   type: 'test'
2026-10-09T19:24:27.6773149Z   ...
2026-10-09T19:24:27.6773674Z # Subtest: cpp corpus rejects unexecuted integration
2026-10-09T19:24:27.6774398Z ok 120 - cpp corpus rejects unexecuted integration
2026-10-09T19:24:27.6774911Z   ---
2026-10-09T19:24:27.6775246Z   duration_ms: 3.290152
2026-10-09T19:24:27.6775640Z   type: 'test'
2026-10-09T19:24:27.6775970Z   ...
2026-10-09T19:24:27.6776340Z # Subtest: cpp corpus rejects nonlocal runtime
2026-10-09T19:24:27.6776732Z ok 121 - cpp corpus rejects nonlocal runtime
2026-10-09T19:24:27.6777013Z   ---
2026-10-09T19:24:27.6777210Z   duration_ms: 4.725204
2026-10-09T19:24:27.6777425Z   type: 'test'
2026-10-09T19:24:27.6807912Z   ...
2026-10-09T19:24:27.6808557Z # Subtest: cpp corpus rejects missing runtime library
2026-10-09T19:24:27.6809290Z ok 122 - cpp corpus rejects missing runtime library
2026-10-09T19:24:27.6809814Z   ---
2026-10-09T19:24:27.6810179Z   duration_ms: 4.07257
2026-10-09T19:24:27.6810592Z   type: 'test'
2026-10-09T19:24:27.6811200Z   ...
2026-10-09T19:24:27.6811796Z # Subtest: cpp corpus rejects wrong runtime rejection
2026-10-09T19:24:27.6838626Z ok 123 - cpp corpus rejects wrong runtime rejection
2026-10-09T19:24:27.6868303Z   ---
2026-10-09T19:24:27.6898359Z   duration_ms: 3.778939
2026-10-09T19:24:27.6928489Z   type: 'test'
2026-10-09T19:24:27.6990827Z   ...
2026-10-09T19:24:27.7001762Z # Subtest: cpp corpus rejects failed recovery
2026-10-09T19:24:27.7002629Z ok 124 - cpp corpus rejects failed recovery
2026-10-09T19:24:27.7003214Z   ---
2026-10-09T19:24:27.7003688Z   duration_ms: 5.187061
2026-10-09T19:24:27.7004174Z   type: 'test'
2026-10-09T19:24:27.7004658Z   ...
2026-10-09T19:24:27.7005263Z # Subtest: cpp corpus rejects missing error check
2026-10-09T19:24:27.7005965Z ok 125 - cpp corpus rejects missing error check
2026-10-09T19:24:27.7006524Z   ---
2026-10-09T19:24:27.7006990Z   duration_ms: 4.241086
2026-10-09T19:24:27.7007461Z   type: 'test'
2026-10-09T19:24:27.7008189Z   ...
2026-10-09T19:24:27.7029966Z # Subtest: cpp corpus rejects aliased record
2026-10-09T19:24:27.7031130Z ok 126 - cpp corpus rejects aliased record
2026-10-09T19:24:27.7032753Z   ---
2026-10-09T19:24:27.7033936Z   duration_ms: 1.811348
2026-10-09T19:24:27.7034400Z   type: 'test'
2026-10-09T19:24:27.7036042Z   ...
2026-10-09T19:24:27.7036725Z # Subtest: cpp corpus rejects unrelated compiler failure
2026-10-09T19:24:27.7038702Z ok 127 - cpp corpus rejects unrelated compiler failure
2026-10-09T19:24:27.7039328Z   ---
2026-10-09T19:24:27.7039710Z   duration_ms: 1.814644
2026-10-09T19:24:27.7040153Z   type: 'test'
2026-10-09T19:24:27.7040530Z   ...
2026-10-09T19:24:27.7041123Z # Subtest: cpp corpus rejects header compiler failure
2026-10-09T19:24:27.7041936Z ok 128 - cpp corpus rejects header compiler failure
2026-10-09T19:24:27.7042511Z   ---
2026-10-09T19:24:27.7043002Z   duration_ms: 1.903761
2026-10-09T19:24:27.7043430Z   type: 'test'
2026-10-09T19:24:27.7043795Z   ...
2026-10-09T19:24:27.7044387Z # Subtest: cpp corpus rejects changed rejected input
2026-10-09T19:24:27.7045228Z ok 129 - cpp corpus rejects changed rejected input
2026-10-09T19:24:27.7045830Z   ---
2026-10-09T19:24:27.7046229Z   duration_ms: 3.042658
2026-10-09T19:24:27.7046660Z   type: 'test'
2026-10-09T19:24:27.7047032Z   ...
2026-10-09T19:24:27.7048072Z # Subtest: .NET separates C\# type errors from executed public calls and recovery
2026-10-09T19:24:27.7049516Z ok 130 - .NET separates C\# type errors from executed public calls and recovery
2026-10-09T19:24:27.7050256Z   ---
2026-10-09T19:24:27.7050645Z   duration_ms: 115.211844
2026-10-09T19:24:27.7051108Z   type: 'test'
2026-10-09T19:24:27.7051496Z   ...
2026-10-09T19:24:27.7052366Z # Subtest: .NET requires source-located Roslyn diagnostics for the exact rejected input
2026-10-09T19:24:27.7053716Z ok 131 - .NET requires source-located Roslyn diagnostics for the exact rejected input
2026-10-09T19:24:27.7054535Z   ---
2026-10-09T19:24:27.7054912Z   duration_ms: 1.425965
2026-10-09T19:24:27.7055353Z   type: 'test'
2026-10-09T19:24:27.7056193Z   ...
2026-10-09T19:24:27.7056871Z # Subtest: .NET corpus rejects missing compiler evidence
2026-10-09T19:24:27.7097934Z ok 132 - .NET corpus rejects missing compiler evidence
2026-10-09T19:24:27.7098570Z   ---
2026-10-09T19:24:27.7098949Z   duration_ms: 1.943977
2026-10-09T19:24:27.7099383Z   type: 'test'
2026-10-09T19:24:27.7099790Z   ...
2026-10-09T19:24:27.7100296Z # Subtest: .NET corpus rejects wrong SDK
2026-10-09T19:24:27.7100953Z ok 133 - .NET corpus rejects wrong SDK
2026-10-09T19:24:27.7101456Z   ---
2026-10-09T19:24:27.7101809Z   duration_ms: 3.950681
2026-10-09T19:24:27.7102216Z   type: 'test'
2026-10-09T19:24:27.7102577Z   ...
2026-10-09T19:24:27.7103076Z # Subtest: .NET corpus rejects wrong runtime
2026-10-09T19:24:27.7103756Z ok 134 - .NET corpus rejects wrong runtime
2026-10-09T19:24:27.7104267Z   ---
2026-10-09T19:24:27.7104639Z   duration_ms: 1.775811
2026-10-09T19:24:27.7105045Z   type: 'test'
2026-10-09T19:24:27.7105403Z   ...
2026-10-09T19:24:27.7106239Z # Subtest: .NET corpus rejects wrong compiler
2026-10-09T19:24:27.7107058Z ok 135 - .NET corpus rejects wrong compiler
2026-10-09T19:24:27.7107599Z   ---
2026-10-09T19:24:27.7108227Z   duration_ms: 1.67955
2026-10-09T19:24:27.7108653Z   type: 'test'
2026-10-09T19:24:27.7109012Z   ...
2026-10-09T19:24:27.7109593Z # Subtest: .NET corpus rejects unchecked compiler flags
2026-10-09T19:24:27.7110415Z ok 136 - .NET corpus rejects unchecked compiler flags
2026-10-09T19:24:27.7110981Z   ---
2026-10-09T19:24:27.7111339Z   duration_ms: 2.530828
2026-10-09T19:24:27.7111757Z   type: 'test'
2026-10-09T19:24:27.7112110Z   ...
2026-10-09T19:24:27.7112611Z # Subtest: .NET corpus rejects unbound source
2026-10-09T19:24:27.7113311Z ok 137 - .NET corpus rejects unbound source
2026-10-09T19:24:27.7113602Z   ---
2026-10-09T19:24:27.7113795Z   duration_ms: 2.386737
2026-10-09T19:24:27.7114013Z   type: 'test'
2026-10-09T19:24:27.7170852Z   ...
2026-10-09T19:24:27.7171461Z # Subtest: .NET corpus rejects unchecked signatures
2026-10-09T19:24:27.7172252Z ok 138 - .NET corpus rejects unchecked signatures
2026-10-09T19:24:27.7172792Z   ---
2026-10-09T19:24:27.7173135Z   duration_ms: 4.032404
2026-10-09T19:24:27.7173549Z   type: 'test'
2026-10-09T19:24:27.7173898Z   ...
2026-10-09T19:24:27.7174415Z # Subtest: .NET corpus rejects wrong binding IR
2026-10-09T19:24:27.7175130Z ok 139 - .NET corpus rejects wrong binding IR
2026-10-09T19:24:27.7175636Z   ---
2026-10-09T19:24:27.7175985Z   duration_ms: 2.424898
2026-10-09T19:24:27.7176403Z   type: 'test'
2026-10-09T19:24:27.7176750Z   ...
2026-10-09T19:24:27.7177294Z # Subtest: .NET corpus rejects unhashed declarations
2026-10-09T19:24:27.7178284Z ok 140 - .NET corpus rejects unhashed declarations
2026-10-09T19:24:27.7178912Z   ---
2026-10-09T19:24:27.7179289Z   duration_ms: 1.701461
2026-10-09T19:24:27.7179726Z   type: 'test'
2026-10-09T19:24:27.7180116Z   ...
2026-10-09T19:24:27.7180660Z # Subtest: .NET corpus rejects unhashed package
2026-10-09T19:24:27.7181393Z ok 141 - .NET corpus rejects unhashed package
2026-10-09T19:24:27.7181967Z   ---
2026-10-09T19:24:27.7182335Z   duration_ms: 2.342795
2026-10-09T19:24:27.7182756Z   type: 'test'
2026-10-09T19:24:27.7183129Z   ...
2026-10-09T19:24:27.7183736Z # Subtest: .NET corpus rejects missing reference assembly
2026-10-09T19:24:27.7184587Z ok 142 - .NET corpus rejects missing reference assembly
2026-10-09T19:24:27.7185174Z   ---
2026-10-09T19:24:27.7185547Z   duration_ms: 3.540601
2026-10-09T19:24:27.7185963Z   type: 'test'
2026-10-09T19:24:27.7186327Z   ...
2026-10-09T19:24:27.7186833Z # Subtest: .NET corpus rejects private API
2026-10-09T19:24:27.7187510Z ok 143 - .NET corpus rejects private API
2026-10-09T19:24:27.7188292Z   ---
2026-10-09T19:24:27.7188675Z   duration_ms: 2.671591
2026-10-09T19:24:27.7189108Z   type: 'test'
2026-10-09T19:24:27.7189475Z   ...
2026-10-09T19:24:27.7189999Z # Subtest: .NET corpus rejects remaining sources
2026-10-09T19:24:27.7190736Z ok 144 - .NET corpus rejects remaining sources
2026-10-09T19:24:27.7191266Z   ---
2026-10-09T19:24:27.7192011Z   duration_ms: 3.988822
2026-10-09T19:24:27.7192447Z   type: 'test'
2026-10-09T19:24:27.7192812Z   ...
2026-10-09T19:24:27.7193362Z # Subtest: .NET corpus rejects warm package cache
2026-10-09T19:24:27.7194119Z ok 145 - .NET corpus rejects warm package cache
2026-10-09T19:24:27.7194633Z   ---
2026-10-09T19:24:27.7194968Z   duration_ms: 3.751027
2026-10-09T19:24:27.7195356Z   type: 'test'
2026-10-09T19:24:27.7195699Z   ...
2026-10-09T19:24:27.7196168Z # Subtest: .NET corpus rejects warm CLI home
2026-10-09T19:24:27.7196788Z ok 146 - .NET corpus rejects warm CLI home
2026-10-09T19:24:27.7197256Z   ---
2026-10-09T19:24:27.7258435Z   duration_ms: 4.054056
2026-10-09T19:24:27.7258907Z   type: 'test'
2026-10-09T19:24:27.7259257Z   ...
2026-10-09T19:24:27.7259750Z # Subtest: .NET corpus rejects online restore
2026-10-09T19:24:27.7260466Z ok 147 - .NET corpus rejects online restore
2026-10-09T19:24:27.7261010Z   ---
2026-10-09T19:24:27.7261382Z   duration_ms: 4.106754
2026-10-09T19:24:27.7261817Z   type: 'test'
2026-10-09T19:24:27.7262503Z   ...
2026-10-09T19:24:27.7263104Z # Subtest: .NET corpus rejects unlocked restore
2026-10-09T19:24:27.7263859Z ok 148 - .NET corpus rejects unlocked restore
2026-10-09T19:24:27.7264405Z   ---
2026-10-09T19:24:27.7264867Z   duration_ms: 2.457851
2026-10-09T19:24:27.7265306Z   type: 'test'
2026-10-09T19:24:27.7265676Z   ...
2026-10-09T19:24:27.7266287Z # Subtest: .NET corpus rejects compiler during execution
2026-10-09T19:24:27.7267131Z ok 149 - .NET corpus rejects compiler during execution
2026-10-09T19:24:27.7267975Z   ---
2026-10-09T19:24:27.7268368Z   duration_ms: 2.501373
2026-10-09T19:24:27.7268807Z   type: 'test'
2026-10-09T19:24:27.7269181Z   ...
2026-10-09T19:24:27.7269704Z # Subtest: .NET corpus rejects SDK at runtime
2026-10-09T19:24:27.7270414Z ok 150 - .NET corpus rejects SDK at runtime
2026-10-09T19:24:27.7270948Z   ---
2026-10-09T19:24:27.7271327Z   duration_ms: 2.601319
2026-10-09T19:24:27.7271761Z   type: 'test'
2026-10-09T19:24:27.7272111Z   ...
2026-10-09T19:24:27.7272742Z # Subtest: .NET corpus rejects missing native runtime
2026-10-09T19:24:27.7273464Z ok 151 - .NET corpus rejects missing native runtime
2026-10-09T19:24:27.7274047Z   ---
2026-10-09T19:24:27.7274415Z   duration_ms: 3.663953
2026-10-09T19:24:27.7274845Z   type: 'test'
2026-10-09T19:24:27.7275217Z   ...
2026-10-09T19:24:27.7275756Z # Subtest: .NET corpus rejects changed assembly
2026-10-09T19:24:27.7276494Z ok 152 - .NET corpus rejects changed assembly
2026-10-09T19:24:27.7277049Z   ---
2026-10-09T19:24:27.7277411Z   duration_ms: 2.762893
2026-10-09T19:24:27.7278084Z   type: 'test'
2026-10-09T19:24:27.7278439Z   ...
2026-10-09T19:24:27.7278974Z # Subtest: .NET corpus rejects wrong host binary
2026-10-09T19:24:27.7279683Z ok 153 - .NET corpus rejects wrong host binary
2026-10-09T19:24:27.7280201Z   ---
2026-10-09T19:24:27.7280566Z   duration_ms: 2.470074
2026-10-09T19:24:27.7280976Z   type: 'test'
2026-10-09T19:24:27.7281324Z   ...
2026-10-09T19:24:27.7281851Z # Subtest: .NET corpus rejects wrong loaded library
2026-10-09T19:24:27.7282601Z ok 154 - .NET corpus rejects wrong loaded library
2026-10-09T19:24:27.7283135Z   ---
2026-10-09T19:24:27.7283481Z   duration_ms: 2.707088
2026-10-09T19:24:27.7283882Z   type: 'test'
2026-10-09T19:24:27.7284232Z   ...
2026-10-09T19:24:27.7284753Z # Subtest: .NET corpus rejects wrong assembly path
2026-10-09T19:24:27.7285472Z ok 155 - .NET corpus rejects wrong assembly path
2026-10-09T19:24:27.7285989Z   ---
2026-10-09T19:24:27.7286332Z   duration_ms: 4.617703
2026-10-09T19:24:27.7286723Z   type: 'test'
2026-10-09T19:24:27.7287063Z   ...
2026-10-09T19:24:27.7287604Z # Subtest: .NET corpus rejects retained copied records
2026-10-09T19:24:27.7329009Z ok 156 - .NET corpus rejects retained copied records
2026-10-09T19:24:27.7329614Z   ---
2026-10-09T19:24:27.7329999Z   duration_ms: 2.353134
2026-10-09T19:24:27.7330429Z   type: 'test'
2026-10-09T19:24:27.7330794Z   ...
2026-10-09T19:24:27.7331366Z # Subtest: .NET corpus rejects missing runtime error
2026-10-09T19:24:27.7332478Z ok 157 - .NET corpus rejects missing runtime error
2026-10-09T19:24:27.7333079Z   ---
2026-10-09T19:24:27.7333445Z   duration_ms: 3.468166
2026-10-09T19:24:27.7333868Z   type: 'test'
2026-10-09T19:24:27.7334234Z   ...
2026-10-09T19:24:27.7334771Z # Subtest: .NET corpus rejects wrong runtime error
2026-10-09T19:24:27.7335515Z ok 158 - .NET corpus rejects wrong runtime error
2026-10-09T19:24:27.7336053Z   ---
2026-10-09T19:24:27.7336408Z   duration_ms: 4.945337
2026-10-09T19:24:27.7336824Z   type: 'test'
2026-10-09T19:24:27.7337182Z   ...
2026-10-09T19:24:27.7337996Z # Subtest: .NET corpus rejects failed error recovery
2026-10-09T19:24:27.7338818Z ok 159 - .NET corpus rejects failed error recovery
2026-10-09T19:24:27.7339354Z   ---
2026-10-09T19:24:27.7339706Z   duration_ms: 5.204503
2026-10-09T19:24:27.7340099Z   type: 'test'
2026-10-09T19:24:27.7340429Z   ...
2026-10-09T19:24:27.7340949Z # Subtest: .NET corpus rejects failed Nat recovery
2026-10-09T19:24:27.7341646Z ok 160 - .NET corpus rejects failed Nat recovery
2026-10-09T19:24:27.7342395Z   ---
2026-10-09T19:24:27.7342760Z   duration_ms: 1.459408
2026-10-09T19:24:27.7343169Z   type: 'test'
2026-10-09T19:24:27.7343511Z   ...
2026-10-09T19:24:27.7344080Z # Subtest: .NET corpus rejects unrelated compiler failure
2026-10-09T19:24:27.7344878Z ok 161 - .NET corpus rejects unrelated compiler failure
2026-10-09T19:24:27.7345416Z   ---
2026-10-09T19:24:27.7345749Z   duration_ms: 1.411388
2026-10-09T19:24:27.7346206Z   type: 'test'
2026-10-09T19:24:27.7346627Z   ...
2026-10-09T19:24:27.7347250Z # Subtest: .NET corpus rejects dependency compiler failure
2026-10-09T19:24:27.7348332Z ok 162 - .NET corpus rejects dependency compiler failure
2026-10-09T19:24:27.7348887Z   ---
2026-10-09T19:24:27.7349234Z   duration_ms: 1.427037
2026-10-09T19:24:27.7349628Z   type: 'test'
2026-10-09T19:24:27.7349980Z   ...
2026-10-09T19:24:27.7350500Z # Subtest: .NET corpus rejects missing diagnostic
2026-10-09T19:24:27.7351214Z ok 163 - .NET corpus rejects missing diagnostic
2026-10-09T19:24:27.7351758Z   ---
2026-10-09T19:24:27.7352106Z   duration_ms: 1.477362
2026-10-09T19:24:27.7352499Z   type: 'test'
2026-10-09T19:24:27.7352839Z   ...
2026-10-09T19:24:27.7353363Z # Subtest: .NET corpus rejects changed invalid source
2026-10-09T19:24:27.7354101Z ok 164 - .NET corpus rejects changed invalid source
2026-10-09T19:24:27.7354643Z   ---
2026-10-09T19:24:27.7354987Z   duration_ms: 1.424532
2026-10-09T19:24:27.7355382Z   type: 'test'
2026-10-09T19:24:27.7355732Z   ...
2026-10-09T19:24:27.7356580Z # Subtest: java corpus separates compiler errors, unsigned range checks and Lean results
2026-10-09T19:24:27.7358298Z ok 165 - java corpus separates compiler errors, unsigned range checks and Lean results
2026-10-09T19:24:27.7359080Z   ---
2026-10-09T19:24:27.7359439Z   duration_ms: 114.044825
2026-10-09T19:24:27.7359851Z   type: 'test'
2026-10-09T19:24:27.7360196Z   ...
2026-10-09T19:24:27.7360871Z # Subtest: java diagnostics bind rejection to the exact invalid call
2026-10-09T19:24:27.7361865Z ok 166 - java diagnostics bind rejection to the exact invalid call
2026-10-09T19:24:27.7362495Z   ---
2026-10-09T19:24:27.7362842Z   duration_ms: 1.282376
2026-10-09T19:24:27.7363258Z   type: 'test'
2026-10-09T19:24:27.7363603Z   ...
2026-10-09T19:24:27.7364120Z # Subtest: java corpus rejects missing evidence
2026-10-09T19:24:27.7364848Z ok 167 - java corpus rejects missing evidence
2026-10-09T19:24:27.7365360Z   ---
2026-10-09T19:24:27.7365714Z   duration_ms: 1.974344
2026-10-09T19:24:27.7366129Z   type: 'test'
2026-10-09T19:24:27.7366480Z   ...
2026-10-09T19:24:27.7366968Z # Subtest: java corpus rejects wrong JVM
2026-10-09T19:24:27.7367610Z ok 168 - java corpus rejects wrong JVM
2026-10-09T19:24:27.7368388Z   ---
2026-10-09T19:24:27.7368764Z   duration_ms: 1.705669
2026-10-09T19:24:27.7369186Z   type: 'test'
2026-10-09T19:24:27.7369556Z   ...
2026-10-09T19:24:27.7370074Z # Subtest: java corpus rejects wrong compiler
2026-10-09T19:24:27.7370767Z ok 169 - java corpus rejects wrong compiler
2026-10-09T19:24:27.7371573Z   ---
2026-10-09T19:24:27.7371955Z   duration_ms: 1.884616
2026-10-09T19:24:27.7372372Z   type: 'test'
2026-10-09T19:24:27.7372725Z   ...
2026-10-09T19:24:27.7373229Z # Subtest: java corpus rejects wrong Maven
2026-10-09T19:24:27.7373895Z ok 170 - java corpus rejects wrong Maven
2026-10-09T19:24:27.7374390Z   ---
2026-10-09T19:24:27.7374759Z   duration_ms: 1.699518
2026-10-09T19:24:27.7375178Z   type: 'test'
2026-10-09T19:24:27.7375530Z   ...
2026-10-09T19:24:27.7376092Z # Subtest: java corpus rejects missing compiler hash
2026-10-09T19:24:27.7376865Z ok 171 - java corpus rejects missing compiler hash
2026-10-09T19:24:27.7377412Z   ---
2026-10-09T19:24:27.7378022Z   duration_ms: 3.413062
2026-10-09T19:24:27.7378466Z   type: 'test'
2026-10-09T19:24:27.7378822Z   ...
2026-10-09T19:24:27.7379368Z # Subtest: java corpus rejects wrong consumer source
2026-10-09T19:24:27.7380151Z ok 172 - java corpus rejects wrong consumer source
2026-10-09T19:24:27.7380715Z   ---
2026-10-09T19:24:27.7381066Z   duration_ms: 2.408257
2026-10-09T19:24:27.7381699Z   type: 'test'
2026-10-09T19:24:27.7382087Z   ...
2026-10-09T19:24:27.7382661Z # Subtest: java corpus rejects wrong public signatures
2026-10-09T19:24:27.7383456Z ok 173 - java corpus rejects wrong public signatures
2026-10-09T19:24:27.7383969Z   ---
2026-10-09T19:24:27.7384310Z   duration_ms: 2.434927
2026-10-09T19:24:27.7384690Z   type: 'test'
2026-10-09T19:24:27.7385032Z   ...
2026-10-09T19:24:27.7385532Z # Subtest: java corpus rejects wrong binding IR
2026-10-09T19:24:27.7386219Z ok 174 - java corpus rejects wrong binding IR
2026-10-09T19:24:27.7386722Z   ---
2026-10-09T19:24:27.7387052Z   duration_ms: 2.371459
2026-10-09T19:24:27.7387437Z   type: 'test'
2026-10-09T19:24:27.7388101Z   ...
2026-10-09T19:24:27.7388560Z # Subtest: java corpus rejects wrong POM
2026-10-09T19:24:27.7389174Z ok 175 - java corpus rejects wrong POM
2026-10-09T19:24:27.7389638Z   ---
2026-10-09T19:24:27.7389970Z   duration_ms: 3.235479
2026-10-09T19:24:27.7390376Z   type: 'test'
2026-10-09T19:24:27.7390730Z   ...
2026-10-09T19:24:27.7391254Z # Subtest: java corpus rejects wrong JAR
2026-10-09T19:24:27.7391872Z ok 176 - java corpus rejects wrong JAR
2026-10-09T19:24:27.7392454Z   ---
2026-10-09T19:24:27.7392818Z   duration_ms: 2.476085
2026-10-09T19:24:27.7393221Z   type: 'test'
2026-10-09T19:24:27.7393570Z   ...
2026-10-09T19:24:27.7394071Z # Subtest: java corpus rejects ambient settings
2026-10-09T19:24:27.7394770Z ok 177 - java corpus rejects ambient settings
2026-10-09T19:24:27.7395279Z   ---
2026-10-09T19:24:27.7395625Z   duration_ms: 2.416383
2026-10-09T19:24:27.7396027Z   type: 'test'
2026-10-09T19:24:27.7396365Z   ...
2026-10-09T19:24:27.7396870Z # Subtest: java corpus rejects weakened compiler
2026-10-09T19:24:27.7397574Z ok 178 - java corpus rejects weakened compiler
2026-10-09T19:24:27.7398345Z   ---
2026-10-09T19:24:27.7398693Z   duration_ms: 4.135577
2026-10-09T19:24:27.7399084Z   type: 'test'
2026-10-09T19:24:27.7399429Z   ...
2026-10-09T19:24:27.7399907Z # Subtest: java corpus rejects ambient cache
2026-10-09T19:24:27.7400573Z ok 179 - java corpus rejects ambient cache
2026-10-09T19:24:27.7401069Z   ---
2026-10-09T19:24:27.7401415Z   duration_ms: 5.076863
2026-10-09T19:24:27.7401809Z   type: 'test'
2026-10-09T19:24:27.7402167Z   ...
2026-10-09T19:24:27.7402685Z # Subtest: java corpus rejects ambient home
2026-10-09T19:24:27.7403350Z ok 180 - java corpus rejects ambient home
2026-10-09T19:24:27.7403825Z   ---
2026-10-09T19:24:27.7404155Z   duration_ms: 3.868687
2026-10-09T19:24:27.7404557Z   type: 'test'
2026-10-09T19:24:27.7404890Z   ...
2026-10-09T19:24:27.7405407Z # Subtest: java corpus rejects online resolution
2026-10-09T19:24:27.7406108Z ok 181 - java corpus rejects online resolution
2026-10-09T19:24:27.7406413Z   ---
2026-10-09T19:24:27.7406624Z   duration_ms: 3.882243
2026-10-09T19:24:27.7406852Z   type: 'test'
2026-10-09T19:24:27.7407045Z   ...
2026-10-09T19:24:27.7407323Z # Subtest: java corpus rejects extra classpath
2026-10-09T19:24:27.7407946Z ok 182 - java corpus rejects extra classpath
2026-10-09T19:24:27.7408489Z   ---
2026-10-09T19:24:27.7408686Z   duration_ms: 4.004442
2026-10-09T19:24:27.7408918Z   type: 'test'
2026-10-09T19:24:27.7409121Z   ...
2026-10-09T19:24:27.7409453Z # Subtest: java corpus rejects missing resolved dependencies
2026-10-09T19:24:27.7409930Z ok 183 - java corpus rejects missing resolved dependencies
2026-10-09T19:24:27.7410245Z   ---
2026-10-09T19:24:27.7410440Z   duration_ms: 4.234143
2026-10-09T19:24:27.7410667Z   type: 'test'
2026-10-09T19:24:27.7410856Z   ...
2026-10-09T19:24:27.7411169Z # Subtest: java corpus rejects missing runtime dependency
2026-10-09T19:24:27.7411608Z ok 184 - java corpus rejects missing runtime dependency
2026-10-09T19:24:27.7411937Z   ---
2026-10-09T19:24:27.7412134Z   duration_ms: 4.703955
2026-10-09T19:24:27.7412354Z   type: 'test'
2026-10-09T19:24:27.7412549Z   ...
2026-10-09T19:24:27.7412875Z # Subtest: java corpus rejects duplicate runtime dependency
2026-10-09T19:24:27.7413328Z ok 185 - java corpus rejects duplicate runtime dependency
2026-10-09T19:24:27.7413773Z   ---
2026-10-09T19:24:27.7413968Z   duration_ms: 2.692841
2026-10-09T19:24:27.7414187Z   type: 'test'
2026-10-09T19:24:27.7414378Z   ...
2026-10-09T19:24:27.7414698Z # Subtest: java corpus rejects unlocked runtime dependency
2026-10-09T19:24:27.7415141Z ok 186 - java corpus rejects unlocked runtime dependency
2026-10-09T19:24:27.7415446Z   ---
2026-10-09T19:24:27.7415641Z   duration_ms: 2.529205
2026-10-09T19:24:27.7416096Z   type: 'test'
2026-10-09T19:24:27.7416458Z   ...
2026-10-09T19:24:27.7417066Z # Subtest: java corpus rejects changed resolved dependency
2026-10-09T19:24:27.7418202Z ok 187 - java corpus rejects changed resolved dependency
2026-10-09T19:24:27.7418795Z   ---
2026-10-09T19:24:27.7419165Z   duration_ms: 2.887467
2026-10-09T19:24:27.7419564Z   type: 'test'
2026-10-09T19:24:27.7419904Z   ...
2026-10-09T19:24:27.7420484Z # Subtest: java corpus rejects changed deployed dependency
2026-10-09T19:24:27.7421311Z ok 188 - java corpus rejects changed deployed dependency
2026-10-09T19:24:27.7421894Z   ---
2026-10-09T19:24:27.7422242Z   duration_ms: 3.944239
2026-10-09T19:24:27.7422641Z   type: 'test'
2026-10-09T19:24:27.7422975Z   ...
2026-10-09T19:24:27.7423503Z # Subtest: java corpus rejects wrong dependency size
2026-10-09T19:24:27.7424270Z ok 189 - java corpus rejects wrong dependency size
2026-10-09T19:24:27.7424807Z   ---
2026-10-09T19:24:27.7425153Z   duration_ms: 2.440108
2026-10-09T19:24:27.7425556Z   type: 'test'
2026-10-09T19:24:27.7425916Z   ...
2026-10-09T19:24:27.7426542Z # Subtest: java corpus rejects missing annotations dependency
2026-10-09T19:24:27.7427432Z ok 190 - java corpus rejects missing annotations dependency
2026-10-09T19:24:27.7428410Z   ---
2026-10-09T19:24:27.7428764Z   duration_ms: 3.863357
2026-10-09T19:24:27.7429177Z   type: 'test'
2026-10-09T19:24:27.7429533Z   ...
2026-10-09T19:24:27.7430152Z # Subtest: java corpus rejects undeclared deployed dependency
2026-10-09T19:24:27.7431017Z ok 191 - java corpus rejects undeclared deployed dependency
2026-10-09T19:24:27.7431619Z   ---
2026-10-09T19:24:27.7431968Z   duration_ms: 6.571338
2026-10-09T19:24:27.7432383Z   type: 'test'
2026-10-09T19:24:27.7432737Z   ...
2026-10-09T19:24:27.7433359Z # Subtest: java corpus rejects old standard library location
2026-10-09T19:24:27.7434232Z ok 192 - java corpus rejects old standard library location
2026-10-09T19:24:27.7434812Z   ---
2026-10-09T19:24:27.7435161Z   duration_ms: 5.426299
2026-10-09T19:24:27.7435554Z   type: 'test'
2026-10-09T19:24:27.7435895Z   ...
2026-10-09T19:24:27.7436504Z # Subtest: java corpus rejects compiler as runtime dependency
2026-10-09T19:24:27.7437373Z ok 193 - java corpus rejects compiler as runtime dependency
2026-10-09T19:24:27.7438248Z   ---
2026-10-09T19:24:27.7438627Z   duration_ms: 2.946877
2026-10-09T19:24:27.7439063Z   type: 'test'
2026-10-09T19:24:27.7439445Z   ...
2026-10-09T19:24:27.7440112Z # Subtest: java corpus rejects unsafe runtime dependency path
2026-10-09T19:24:27.7441050Z ok 194 - java corpus rejects unsafe runtime dependency path
2026-10-09T19:24:27.7441968Z   ---
2026-10-09T19:24:27.7442349Z   duration_ms: 2.412826
2026-10-09T19:24:27.7442783Z   type: 'test'
2026-10-09T19:24:27.7443162Z   ...
2026-10-09T19:24:27.7443714Z # Subtest: java corpus rejects runtime override
2026-10-09T19:24:27.7444447Z ok 195 - java corpus rejects runtime override
2026-10-09T19:24:27.7445006Z   ---
2026-10-09T19:24:27.7445370Z   duration_ms: 2.461918
2026-10-09T19:24:27.7445770Z   type: 'test'
2026-10-09T19:24:27.7446126Z   ...
2026-10-09T19:24:27.7446730Z # Subtest: java corpus rejects source tree present
2026-10-09T19:24:27.7447468Z ok 196 - java corpus rejects source tree present
2026-10-09T19:24:27.7448349Z   ---
2026-10-09T19:24:27.7448718Z   duration_ms: 3.446946
2026-10-09T19:24:27.7449132Z   type: 'test'
2026-10-09T19:24:27.7449500Z   ...
2026-10-09T19:24:27.7450087Z # Subtest: java corpus rejects compiler during execution
2026-10-09T19:24:27.7450964Z ok 197 - java corpus rejects compiler during execution
2026-10-09T19:24:27.7451534Z   ---
2026-10-09T19:24:27.7452131Z   duration_ms: 3.541394
2026-10-09T19:24:27.7452575Z   type: 'test'
2026-10-09T19:24:27.7452931Z   ...
2026-10-09T19:24:27.7453528Z # Subtest: java corpus rejects uncleared native extraction
2026-10-09T19:24:27.7454372Z ok 198 - java corpus rejects uncleared native extraction
2026-10-09T19:24:27.7454971Z   ---
2026-10-09T19:24:27.7455418Z   duration_ms: 3.97677
2026-10-09T19:24:27.7455826Z   type: 'test'
2026-10-09T19:24:27.7456181Z   ...
2026-10-09T19:24:27.7456694Z # Subtest: java corpus rejects single execution
2026-10-09T19:24:27.7457418Z ok 199 - java corpus rejects single execution
2026-10-09T19:24:27.7458169Z   ---
2026-10-09T19:24:27.7458440Z   duration_ms: 4.012287
2026-10-09T19:24:27.7458680Z   type: 'test'
2026-10-09T19:24:27.7458880Z   ...
2026-10-09T19:24:27.7459163Z # Subtest: java corpus rejects missing plugin
2026-10-09T19:24:27.7459549Z ok 200 - java corpus rejects missing plugin
2026-10-09T19:24:27.7459829Z   ---
2026-10-09T19:24:27.7460031Z   duration_ms: 3.194813
2026-10-09T19:24:27.7460270Z   type: 'test'
2026-10-09T19:24:27.7460479Z   ...
2026-10-09T19:24:27.7460745Z # Subtest: java corpus rejects mutable plugin
2026-10-09T19:24:27.7461106Z ok 201 - java corpus rejects mutable plugin
2026-10-09T19:24:27.7461381Z   ---
2026-10-09T19:24:27.7461566Z   duration_ms: 3.647462
2026-10-09T19:24:27.7461781Z   type: 'test'
2026-10-09T19:24:27.7461971Z   ...
2026-10-09T19:24:27.7462234Z # Subtest: java corpus rejects unbound plugin
2026-10-09T19:24:27.7462585Z ok 202 - java corpus rejects unbound plugin
2026-10-09T19:24:27.7462954Z   ---
2026-10-09T19:24:27.7463314Z   duration_ms: 2.709703
2026-10-09T19:24:27.7463723Z   type: 'test'
2026-10-09T19:24:27.7464074Z   ...
2026-10-09T19:24:27.7464624Z # Subtest: java corpus rejects unsafe plugin path
2026-10-09T19:24:27.7465354Z ok 203 - java corpus rejects unsafe plugin path
2026-10-09T19:24:27.7465873Z   ---
2026-10-09T19:24:27.7466231Z   duration_ms: 2.645122
2026-10-09T19:24:27.7466628Z   type: 'test'
2026-10-09T19:24:27.7466988Z   ...
2026-10-09T19:24:27.7467519Z # Subtest: java corpus rejects compiler at runtime
2026-10-09T19:24:27.7468478Z ok 204 - java corpus rejects compiler at runtime
2026-10-09T19:24:27.7469022Z   ---
2026-10-09T19:24:27.7469394Z   duration_ms: 3.411991
2026-10-09T19:24:27.7469829Z   type: 'test'
2026-10-09T19:24:27.7470203Z   ...
2026-10-09T19:24:27.7470765Z # Subtest: java corpus rejects extra runtime module
2026-10-09T19:24:27.7471536Z ok 205 - java corpus rejects extra runtime module
2026-10-09T19:24:27.7472082Z   ---
2026-10-09T19:24:27.7472423Z   duration_ms: 3.447227
2026-10-09T19:24:27.7472819Z   type: 'test'
2026-10-09T19:24:27.7473160Z   ...
2026-10-09T19:24:27.7473739Z # Subtest: java corpus rejects author source at runtime
2026-10-09T19:24:27.7474509Z ok 206 - java corpus rejects author source at runtime
2026-10-09T19:24:27.7474993Z   ---
2026-10-09T19:24:27.7475197Z   duration_ms: 2.646214
2026-10-09T19:24:27.7475421Z   type: 'test'
2026-10-09T19:24:27.7475615Z   ...
2026-10-09T19:24:27.7476114Z # Subtest: java corpus rejects wrong native binary
2026-10-09T19:24:27.7476514Z ok 207 - java corpus rejects wrong native binary
2026-10-09T19:24:27.7476803Z   ---
2026-10-09T19:24:27.7476993Z   duration_ms: 2.521219
2026-10-09T19:24:27.7477207Z   type: 'test'
2026-10-09T19:24:27.7477394Z   ...
2026-10-09T19:24:27.7478058Z # Subtest: java corpus rejects missing native runtime
2026-10-09T19:24:27.7478804Z ok 208 - java corpus rejects missing native runtime
2026-10-09T19:24:27.7479337Z   ---
2026-10-09T19:24:27.7479690Z   duration_ms: 2.465074
2026-10-09T19:24:27.7480074Z   type: 'test'
2026-10-09T19:24:27.7480402Z   ...
2026-10-09T19:24:27.7480917Z # Subtest: java corpus rejects multiple native roots
2026-10-09T19:24:27.7481629Z ok 209 - java corpus rejects multiple native roots
2026-10-09T19:24:27.7482136Z   ---
2026-10-09T19:24:27.7482464Z   duration_ms: 3.466172
2026-10-09T19:24:27.7482838Z   type: 'test'
2026-10-09T19:24:27.7483162Z   ...
2026-10-09T19:24:27.7483862Z # Subtest: java corpus rejects wrong public API path
2026-10-09T19:24:27.7484759Z ok 210 - java corpus rejects wrong public API path
2026-10-09T19:24:27.7485430Z   ---
2026-10-09T19:24:27.7485808Z   duration_ms: 2.417766
2026-10-09T19:24:27.7486378Z   type: 'test'
2026-10-09T19:24:27.7486744Z   ...
2026-10-09T19:24:27.7487306Z # Subtest: java corpus rejects missing runtime error
2026-10-09T19:24:27.7488338Z ok 211 - java corpus rejects missing runtime error
2026-10-09T19:24:27.7488997Z   ---
2026-10-09T19:24:27.7489361Z   duration_ms: 2.946076
2026-10-09T19:24:27.7489784Z   type: 'test'
2026-10-09T19:24:27.7490260Z   ...
2026-10-09T19:24:27.7490824Z # Subtest: java corpus rejects wrong runtime error
2026-10-09T19:24:27.7491602Z ok 212 - java corpus rejects wrong runtime error
2026-10-09T19:24:27.7492188Z   ---
2026-10-09T19:24:27.7492516Z   duration_ms: 3.020757
2026-10-09T19:24:27.7492969Z   type: 'test'
2026-10-09T19:24:27.7493402Z   ...
2026-10-09T19:24:27.7493699Z # Subtest: java corpus rejects failed recovery
2026-10-09T19:24:27.7494102Z ok 213 - java corpus rejects failed recovery
2026-10-09T19:24:27.7494383Z   ---
2026-10-09T19:24:27.7494583Z   duration_ms: 5.392295
2026-10-09T19:24:27.7494806Z   type: 'test'
2026-10-09T19:24:27.7495152Z   ...
2026-10-09T19:24:27.7495767Z # Subtest: java corpus rejects failed Nat recovery
2026-10-09T19:24:27.7496507Z ok 214 - java corpus rejects failed Nat recovery
2026-10-09T19:24:27.7497214Z   ---
2026-10-09T19:24:27.7497804Z   duration_ms: 1.449379
2026-10-09T19:24:27.7498256Z   type: 'test'
2026-10-09T19:24:27.7498632Z   ...
2026-10-09T19:24:27.7499229Z # Subtest: java corpus rejects unrelated compiler error
2026-10-09T19:24:27.7500071Z ok 215 - java corpus rejects unrelated compiler error
2026-10-09T19:24:27.7500650Z   ---
2026-10-09T19:24:27.7501009Z   duration_ms: 1.382634
2026-10-09T19:24:27.7501458Z   type: 'test'
2026-10-09T19:24:27.7501831Z   ...
2026-10-09T19:24:27.7502416Z # Subtest: java corpus rejects wrong diagnostic source
2026-10-09T19:24:27.7503233Z ok 216 - java corpus rejects wrong diagnostic source
2026-10-09T19:24:27.7504033Z   ---
2026-10-09T19:24:27.7504397Z   duration_ms: 1.403152
2026-10-09T19:24:27.7504838Z   type: 'test'
2026-10-09T19:24:27.7505204Z   ...
2026-10-09T19:24:27.7505739Z # Subtest: java corpus rejects missing diagnostic
2026-10-09T19:24:27.7506486Z ok 217 - java corpus rejects missing diagnostic
2026-10-09T19:24:27.7507048Z   ---
2026-10-09T19:24:27.7507416Z   duration_ms: 1.523148
2026-10-09T19:24:27.7508084Z   type: 'test'
2026-10-09T19:24:27.7508463Z   ...
2026-10-09T19:24:27.7509033Z # Subtest: java corpus rejects wrong invalid source
2026-10-09T19:24:27.7509815Z ok 218 - java corpus rejects wrong invalid source
2026-10-09T19:24:27.7510396Z   ---
2026-10-09T19:24:27.7510772Z   duration_ms: 1.411167
2026-10-09T19:24:27.7511187Z   type: 'test'
2026-10-09T19:24:27.7511561Z   ...
2026-10-09T19:24:27.7512441Z # Subtest: kotlin corpus separates compiler errors, unsigned range checks and Lean results
2026-10-09T19:24:27.7513800Z ok 219 - kotlin corpus separates compiler errors, unsigned range checks and Lean results
2026-10-09T19:24:27.7514923Z   ---
2026-10-09T19:24:27.7515289Z   duration_ms: 111.915431
2026-10-09T19:24:27.7515725Z   type: 'test'
2026-10-09T19:24:27.7516097Z   ...
2026-10-09T19:24:27.7516817Z # Subtest: kotlin diagnostics bind rejection to the exact invalid call
2026-10-09T19:24:27.7518056Z ok 220 - kotlin diagnostics bind rejection to the exact invalid call
2026-10-09T19:24:27.7518754Z   ---
2026-10-09T19:24:27.7519142Z   duration_ms: 1.079836
2026-10-09T19:24:27.7519572Z   type: 'test'
2026-10-09T19:24:27.7519931Z   ...
2026-10-09T19:24:27.7520487Z # Subtest: kotlin corpus rejects missing evidence
2026-10-09T19:24:27.7521229Z ok 221 - kotlin corpus rejects missing evidence
2026-10-09T19:24:27.7521776Z   ---
2026-10-09T19:24:27.7522146Z   duration_ms: 2.038314
2026-10-09T19:24:27.7522570Z   type: 'test'
2026-10-09T19:24:27.7522937Z   ...
2026-10-09T19:24:27.7523435Z # Subtest: kotlin corpus rejects wrong JVM
2026-10-09T19:24:27.7524329Z ok 222 - kotlin corpus rejects wrong JVM
2026-10-09T19:24:27.7524876Z   ---
2026-10-09T19:24:27.7525236Z   duration_ms: 1.773116
2026-10-09T19:24:27.7525681Z   type: 'test'
2026-10-09T19:24:27.7526010Z   ...
2026-10-09T19:24:27.7526479Z # Subtest: kotlin corpus rejects wrong compiler
2026-10-09T19:24:27.7527190Z ok 223 - kotlin corpus rejects wrong compiler
2026-10-09T19:24:27.7527948Z   ---
2026-10-09T19:24:27.7528350Z   duration_ms: 1.741196
2026-10-09T19:24:27.7528771Z   type: 'test'
2026-10-09T19:24:27.7529149Z   ...
2026-10-09T19:24:27.7529650Z # Subtest: kotlin corpus rejects wrong Maven
2026-10-09T19:24:27.7530340Z ok 224 - kotlin corpus rejects wrong Maven
2026-10-09T19:24:27.7530878Z   ---
2026-10-09T19:24:27.7531240Z   duration_ms: 4.512124
2026-10-09T19:24:27.7531652Z   type: 'test'
2026-10-09T19:24:27.7532020Z   ...
2026-10-09T19:24:27.7532611Z # Subtest: kotlin corpus rejects missing compiler hash
2026-10-09T19:24:27.7533416Z ok 225 - kotlin corpus rejects missing compiler hash
2026-10-09T19:24:27.7534012Z   ---
2026-10-09T19:24:27.7534390Z   duration_ms: 1.80143
2026-10-09T19:24:27.7534805Z   type: 'test'
2026-10-09T19:24:27.7535152Z   ...
2026-10-09T19:24:27.7535736Z # Subtest: kotlin corpus rejects wrong consumer source
2026-10-09T19:24:27.7536540Z ok 226 - kotlin corpus rejects wrong consumer source
2026-10-09T19:24:27.7537116Z   ---
2026-10-09T19:24:27.7537495Z   duration_ms: 2.513826
2026-10-09T19:24:27.7538150Z   type: 'test'
2026-10-09T19:24:27.7538520Z   ...
2026-10-09T19:24:27.7539114Z # Subtest: kotlin corpus rejects wrong public signatures
2026-10-09T19:24:27.7539948Z ok 227 - kotlin corpus rejects wrong public signatures
2026-10-09T19:24:27.7540528Z   ---
2026-10-09T19:24:27.7540906Z   duration_ms: 2.524256
2026-10-09T19:24:27.7541333Z   type: 'test'
2026-10-09T19:24:27.7541696Z   ...
2026-10-09T19:24:27.7542252Z # Subtest: kotlin corpus rejects wrong binding IR
2026-10-09T19:24:27.7543007Z ok 228 - kotlin corpus rejects wrong binding IR
2026-10-09T19:24:27.7543588Z   ---
2026-10-09T19:24:27.7544046Z   duration_ms: 2.487576
2026-10-09T19:24:27.7544464Z   type: 'test'
2026-10-09T19:24:27.7544843Z   ...
2026-10-09T19:24:27.7545339Z # Subtest: kotlin corpus rejects wrong POM
2026-10-09T19:24:27.7546004Z ok 229 - kotlin corpus rejects wrong POM
2026-10-09T19:24:27.7546520Z   ---
2026-10-09T19:24:27.7546951Z   duration_ms: 3.552514
2026-10-09T19:24:27.7547360Z   type: 'test'
2026-10-09T19:24:27.7547953Z   ...
2026-10-09T19:24:27.7548473Z # Subtest: kotlin corpus rejects wrong JAR
2026-10-09T19:24:27.7549231Z ok 230 - kotlin corpus rejects wrong JAR
2026-10-09T19:24:27.7549753Z   ---
2026-10-09T19:24:27.7550124Z   duration_ms: 4.030891
2026-10-09T19:24:27.7550553Z   type: 'test'
2026-10-09T19:24:27.7550912Z   ...
2026-10-09T19:24:27.7551450Z # Subtest: kotlin corpus rejects ambient settings
2026-10-09T19:24:27.7552190Z ok 231 - kotlin corpus rejects ambient settings
2026-10-09T19:24:27.7552736Z   ---
2026-10-09T19:24:27.7553110Z   duration_ms: 3.926265
2026-10-09T19:24:27.7553536Z   type: 'test'
2026-10-09T19:24:27.7553960Z   ...
2026-10-09T19:24:27.7554340Z # Subtest: kotlin corpus rejects weakened compiler
2026-10-09T19:24:27.7554761Z ok 232 - kotlin corpus rejects weakened compiler
2026-10-09T19:24:27.7554915Z   ---
2026-10-09T19:24:27.7555089Z   duration_ms: 4.000445
2026-10-09T19:24:27.7555254Z   type: 'test'
2026-10-09T19:24:27.7555414Z   ...
2026-10-09T19:24:27.7555740Z # Subtest: kotlin corpus rejects ambient cache
2026-10-09T19:24:27.7556049Z ok 233 - kotlin corpus rejects ambient cache
2026-10-09T19:24:27.7556193Z   ---
2026-10-09T19:24:27.7556363Z   duration_ms: 4.256627
2026-10-09T19:24:27.7556517Z   type: 'test'
2026-10-09T19:24:27.7556668Z   ...
2026-10-09T19:24:27.7556960Z # Subtest: kotlin corpus rejects ambient home
2026-10-09T19:24:27.7557242Z ok 234 - kotlin corpus rejects ambient home
2026-10-09T19:24:27.7557378Z   ---
2026-10-09T19:24:27.7557545Z   duration_ms: 3.268311
2026-10-09T19:24:27.7557933Z   type: 'test'
2026-10-09T19:24:27.7558096Z   ...
2026-10-09T19:24:27.7558684Z # Subtest: kotlin corpus rejects online resolution
2026-10-09T19:24:27.7559298Z ok 235 - kotlin corpus rejects online resolution
2026-10-09T19:24:27.7559459Z   ---
2026-10-09T19:24:27.7559645Z   duration_ms: 2.922943
2026-10-09T19:24:27.7559822Z   type: 'test'
2026-10-09T19:24:27.7559969Z   ...
2026-10-09T19:24:27.7560326Z # Subtest: kotlin corpus rejects extra classpath
2026-10-09T19:24:27.7560666Z ok 236 - kotlin corpus rejects extra classpath
2026-10-09T19:24:27.7560823Z   ---
2026-10-09T19:24:27.7561001Z   duration_ms: 4.075986
2026-10-09T19:24:27.7561171Z   type: 'test'
2026-10-09T19:24:27.7561329Z   ...
2026-10-09T19:24:27.7561789Z # Subtest: kotlin corpus rejects missing resolved dependencies
2026-10-09T19:24:27.7562223Z ok 237 - kotlin corpus rejects missing resolved dependencies
2026-10-09T19:24:27.7562384Z   ---
2026-10-09T19:24:27.7562565Z   duration_ms: 4.216169
2026-10-09T19:24:27.7562728Z   type: 'test'
2026-10-09T19:24:27.7562878Z   ...
2026-10-09T19:24:27.7563331Z # Subtest: kotlin corpus rejects missing runtime dependency
2026-10-09T19:24:27.7563740Z ok 238 - kotlin corpus rejects missing runtime dependency
2026-10-09T19:24:27.7563892Z   ---
2026-10-09T19:24:27.7564073Z   duration_ms: 2.504088
2026-10-09T19:24:27.7564231Z   type: 'test'
2026-10-09T19:24:27.7564380Z   ...
2026-10-09T19:24:27.7564830Z # Subtest: kotlin corpus rejects duplicate runtime dependency
2026-10-09T19:24:27.7565243Z ok 239 - kotlin corpus rejects duplicate runtime dependency
2026-10-09T19:24:27.7565413Z   ---
2026-10-09T19:24:27.7565590Z   duration_ms: 2.771859
2026-10-09T19:24:27.7565761Z   type: 'test'
2026-10-09T19:24:27.7565903Z   ...
2026-10-09T19:24:27.7566330Z # Subtest: kotlin corpus rejects unlocked runtime dependency
2026-10-09T19:24:27.7566739Z ok 240 - kotlin corpus rejects unlocked runtime dependency
2026-10-09T19:24:27.7566891Z   ---
2026-10-09T19:24:27.7567084Z   duration_ms: 3.079597
2026-10-09T19:24:27.7567255Z   type: 'test'
2026-10-09T19:24:27.7567412Z   ...
2026-10-09T19:24:27.7568083Z # Subtest: kotlin corpus rejects changed resolved dependency
2026-10-09T19:24:27.7568522Z ok 241 - kotlin corpus rejects changed resolved dependency
2026-10-09T19:24:27.7568684Z   ---
2026-10-09T19:24:27.7568853Z   duration_ms: 3.604541
2026-10-09T19:24:27.7569013Z   type: 'test'
2026-10-09T19:24:27.7569154Z   ...
2026-10-09T19:24:27.7569570Z # Subtest: kotlin corpus rejects changed deployed dependency
2026-10-09T19:24:27.7569957Z ok 242 - kotlin corpus rejects changed deployed dependency
2026-10-09T19:24:27.7570096Z   ---
2026-10-09T19:24:27.7570258Z   duration_ms: 2.512834
2026-10-09T19:24:27.7570405Z   type: 'test'
2026-10-09T19:24:27.7570547Z   ...
2026-10-09T19:24:27.7570913Z # Subtest: kotlin corpus rejects wrong dependency size
2026-10-09T19:24:27.7571253Z ok 243 - kotlin corpus rejects wrong dependency size
2026-10-09T19:24:27.7571392Z   ---
2026-10-09T19:24:27.7571560Z   duration_ms: 2.477468
2026-10-09T19:24:27.7571703Z   type: 'test'
2026-10-09T19:24:27.7571843Z   ...
2026-10-09T19:24:27.7572281Z # Subtest: kotlin corpus rejects missing annotations dependency
2026-10-09T19:24:27.7572899Z ok 244 - kotlin corpus rejects missing annotations dependency
2026-10-09T19:24:27.7573036Z   ---
2026-10-09T19:24:27.7573205Z   duration_ms: 2.463762
2026-10-09T19:24:27.7573357Z   type: 'test'
2026-10-09T19:24:27.7573489Z   ...
2026-10-09T19:24:27.7573920Z # Subtest: kotlin corpus rejects undeclared deployed dependency
2026-10-09T19:24:27.7574318Z ok 245 - kotlin corpus rejects undeclared deployed dependency
2026-10-09T19:24:27.7574459Z   ---
2026-10-09T19:24:27.7574616Z   duration_ms: 3.072714
2026-10-09T19:24:27.7574765Z   type: 'test'
2026-10-09T19:24:27.7574903Z   ...
2026-10-09T19:24:27.7575313Z # Subtest: kotlin corpus rejects old standard library location
2026-10-09T19:24:27.7575705Z ok 246 - kotlin corpus rejects old standard library location
2026-10-09T19:24:27.7598981Z   ---
2026-10-09T19:24:27.7599230Z   duration_ms: 3.602708
2026-10-09T19:24:27.7599418Z   type: 'test'
2026-10-09T19:24:27.7599573Z   ...
2026-10-09T19:24:27.7600547Z # Subtest: kotlin corpus rejects compiler as runtime dependency
2026-10-09T19:24:27.7601224Z ok 247 - kotlin corpus rejects compiler as runtime dependency
2026-10-09T19:24:27.7601398Z   ---
2026-10-09T19:24:27.7601595Z   duration_ms: 2.504348
2026-10-09T19:24:27.7601763Z   type: 'test'
2026-10-09T19:24:27.7602315Z   ...
2026-10-09T19:24:27.7602816Z # Subtest: kotlin corpus rejects unsafe runtime dependency path
2026-10-09T19:24:27.7603277Z ok 248 - kotlin corpus rejects unsafe runtime dependency path
2026-10-09T19:24:27.7603828Z   ---
2026-10-09T19:24:27.7604029Z   duration_ms: 2.514097
2026-10-09T19:24:27.7604210Z   type: 'test'
2026-10-09T19:24:27.7604364Z   ...
2026-10-09T19:24:27.7604969Z # Subtest: kotlin corpus rejects runtime override
2026-10-09T19:24:27.7605499Z ok 249 - kotlin corpus rejects runtime override
2026-10-09T19:24:27.7605661Z   ---
2026-10-09T19:24:27.7605855Z   duration_ms: 2.474482
2026-10-09T19:24:27.7606030Z   type: 'test'
2026-10-09T19:24:27.7606417Z   ...
2026-10-09T19:24:27.7606994Z # Subtest: kotlin corpus rejects source tree present
2026-10-09T19:24:27.7607380Z ok 250 - kotlin corpus rejects source tree present
2026-10-09T19:24:27.7607948Z   ---
2026-10-09T19:24:27.7608308Z   duration_ms: 3.526966
2026-10-09T19:24:27.7608482Z   type: 'test'
2026-10-09T19:24:27.7608645Z   ...
2026-10-09T19:24:27.7609088Z # Subtest: kotlin corpus rejects compiler during execution
2026-10-09T19:24:27.7609889Z ok 251 - kotlin corpus rejects compiler during execution
2026-10-09T19:24:27.7610058Z   ---
2026-10-09T19:24:27.7610251Z   duration_ms: 2.458552
2026-10-09T19:24:27.7610418Z   type: 'test'
2026-10-09T19:24:27.7610573Z   ...
2026-10-09T19:24:27.7611261Z # Subtest: kotlin corpus rejects uncleared native extraction
2026-10-09T19:24:27.7611844Z ok 252 - kotlin corpus rejects uncleared native extraction
2026-10-09T19:24:27.7612014Z   ---
2026-10-09T19:24:27.7612204Z   duration_ms: 2.383841
2026-10-09T19:24:27.7612372Z   type: 'test'
2026-10-09T19:24:27.7612534Z   ...
2026-10-09T19:24:27.7613292Z # Subtest: kotlin corpus rejects single execution
2026-10-09T19:24:27.7613603Z ok 253 - kotlin corpus rejects single execution
2026-10-09T19:24:27.7613735Z   ---
2026-10-09T19:24:27.7613900Z   duration_ms: 3.478616
2026-10-09T19:24:27.7614060Z   type: 'test'
2026-10-09T19:24:27.7614194Z   ...
2026-10-09T19:24:27.7614528Z # Subtest: kotlin corpus rejects missing plugin
2026-10-09T19:24:27.7614830Z ok 254 - kotlin corpus rejects missing plugin
2026-10-09T19:24:27.7614972Z   ---
2026-10-09T19:24:27.7615142Z   duration_ms: 4.775649
2026-10-09T19:24:27.7615297Z   type: 'test'
2026-10-09T19:24:27.7615438Z   ...
2026-10-09T19:24:27.7615754Z # Subtest: kotlin corpus rejects mutable plugin
2026-10-09T19:24:27.7616074Z ok 255 - kotlin corpus rejects mutable plugin
2026-10-09T19:24:27.7616216Z   ---
2026-10-09T19:24:27.7616381Z   duration_ms: 4.219676
2026-10-09T19:24:27.7616532Z   type: 'test'
2026-10-09T19:24:27.7616670Z   ...
2026-10-09T19:24:27.7616991Z # Subtest: kotlin corpus rejects unbound plugin
2026-10-09T19:24:27.7617564Z ok 256 - kotlin corpus rejects unbound plugin
2026-10-09T19:24:27.7617983Z   ---
2026-10-09T19:24:27.7618167Z   duration_ms: 3.926105
2026-10-09T19:24:27.7618322Z   type: 'test'
2026-10-09T19:24:27.7618468Z   ...
2026-10-09T19:24:27.7618838Z # Subtest: kotlin corpus rejects unsafe plugin path
2026-10-09T19:24:27.7619175Z ok 257 - kotlin corpus rejects unsafe plugin path
2026-10-09T19:24:27.7619329Z   ---
2026-10-09T19:24:27.7619499Z   duration_ms: 4.011977
2026-10-09T19:24:27.7619651Z   type: 'test'
2026-10-09T19:24:27.7619804Z   ...
2026-10-09T19:24:27.7620165Z # Subtest: kotlin corpus rejects compiler at runtime
2026-10-09T19:24:27.7620508Z ok 258 - kotlin corpus rejects compiler at runtime
2026-10-09T19:24:27.7620641Z   ---
2026-10-09T19:24:27.7620815Z   duration_ms: 5.052225
2026-10-09T19:24:27.7620969Z   type: 'test'
2026-10-09T19:24:27.7621107Z   ...
2026-10-09T19:24:27.7621469Z # Subtest: kotlin corpus rejects extra runtime module
2026-10-09T19:24:27.7621818Z ok 259 - kotlin corpus rejects extra runtime module
2026-10-09T19:24:27.7622149Z   ---
2026-10-09T19:24:27.7622321Z   duration_ms: 2.676431
2026-10-09T19:24:27.7622482Z   type: 'test'
2026-10-09T19:24:27.7622625Z   ...
2026-10-09T19:24:27.7623023Z # Subtest: kotlin corpus rejects author source at runtime
2026-10-09T19:24:27.7623419Z ok 260 - kotlin corpus rejects author source at runtime
2026-10-09T19:24:27.7623570Z   ---
2026-10-09T19:24:27.7623776Z   duration_ms: 3.001811
2026-10-09T19:24:27.7623946Z   type: 'test'
2026-10-09T19:24:27.7624095Z   ...
2026-10-09T19:24:27.7624468Z # Subtest: kotlin corpus rejects wrong native binary
2026-10-09T19:24:27.7624813Z ok 261 - kotlin corpus rejects wrong native binary
2026-10-09T19:24:27.7624958Z   ---
2026-10-09T19:24:27.7625128Z   duration_ms: 2.47336
2026-10-09T19:24:27.7625279Z   type: 'test'
2026-10-09T19:24:27.7625424Z   ...
2026-10-09T19:24:27.7625813Z # Subtest: kotlin corpus rejects missing native runtime
2026-10-09T19:24:27.7626179Z ok 262 - kotlin corpus rejects missing native runtime
2026-10-09T19:24:27.7626340Z   ---
2026-10-09T19:24:27.7626534Z   duration_ms: 3.65639
2026-10-09T19:24:27.7626697Z   type: 'test'
2026-10-09T19:24:27.7626835Z   ...
2026-10-09T19:24:27.7627218Z # Subtest: kotlin corpus rejects multiple native roots
2026-10-09T19:24:27.7627574Z ok 263 - kotlin corpus rejects multiple native roots
2026-10-09T19:24:27.7627903Z   ---
2026-10-09T19:24:27.7628083Z   duration_ms: 2.438505
2026-10-09T19:24:27.7628245Z   type: 'test'
2026-10-09T19:24:27.7628382Z   ...
2026-10-09T19:24:27.7628767Z # Subtest: kotlin corpus rejects wrong public API path
2026-10-09T19:24:27.7629128Z ok 264 - kotlin corpus rejects wrong public API path
2026-10-09T19:24:27.7629274Z   ---
2026-10-09T19:24:27.7629440Z   duration_ms: 2.597122
2026-10-09T19:24:27.7629599Z   type: 'test'
2026-10-09T19:24:27.7629745Z   ...
2026-10-09T19:24:27.7630110Z # Subtest: kotlin corpus rejects missing runtime error
2026-10-09T19:24:27.7630451Z ok 265 - kotlin corpus rejects missing runtime error
2026-10-09T19:24:27.7630595Z   ---
2026-10-09T19:24:27.7630779Z   duration_ms: 2.994998
2026-10-09T19:24:27.7630931Z   type: 'test'
2026-10-09T19:24:27.7631081Z   ...
2026-10-09T19:24:27.7631430Z # Subtest: kotlin corpus rejects wrong runtime error
2026-10-09T19:24:27.7631754Z ok 266 - kotlin corpus rejects wrong runtime error
2026-10-09T19:24:27.7631902Z   ---
2026-10-09T19:24:27.7632063Z   duration_ms: 4.000374
2026-10-09T19:24:27.7632204Z   type: 'test'
2026-10-09T19:24:27.7632349Z   ...
2026-10-09T19:24:27.7632686Z # Subtest: kotlin corpus rejects failed recovery
2026-10-09T19:24:27.7633000Z ok 267 - kotlin corpus rejects failed recovery
2026-10-09T19:24:27.7633133Z   ---
2026-10-09T19:24:27.7633295Z   duration_ms: 3.680975
2026-10-09T19:24:27.7633444Z   type: 'test'
2026-10-09T19:24:27.7633575Z   ...
2026-10-09T19:24:27.7633910Z # Subtest: kotlin corpus rejects failed Nat recovery
2026-10-09T19:24:27.7634232Z ok 268 - kotlin corpus rejects failed Nat recovery
2026-10-09T19:24:27.7634362Z   ---
2026-10-09T19:24:27.7634526Z   duration_ms: 2.255682
2026-10-09T19:24:27.7634867Z   type: 'test'
2026-10-09T19:24:27.7635003Z   ...
2026-10-09T19:24:27.7635378Z # Subtest: kotlin corpus rejects unrelated compiler error
2026-10-09T19:24:27.7635734Z ok 269 - kotlin corpus rejects unrelated compiler error
2026-10-09T19:24:27.7635872Z   ---
2026-10-09T19:24:27.7636024Z   duration_ms: 2.213011
2026-10-09T19:24:27.7636172Z   type: 'test'
2026-10-09T19:24:27.7636310Z   ...
2026-10-09T19:24:27.7636674Z # Subtest: kotlin corpus rejects wrong diagnostic source
2026-10-09T19:24:27.7637029Z ok 270 - kotlin corpus rejects wrong diagnostic source
2026-10-09T19:24:27.7637169Z   ---
2026-10-09T19:24:27.7637336Z   duration_ms: 2.338587
2026-10-09T19:24:27.7637478Z   type: 'test'
2026-10-09T19:24:27.7637839Z   ...
2026-10-09T19:24:27.7638209Z # Subtest: kotlin corpus rejects missing diagnostic
2026-10-09T19:24:27.7638915Z ok 271 - kotlin corpus rejects missing diagnostic
2026-10-09T19:24:27.7639398Z   ---
2026-10-09T19:24:27.7639714Z   duration_ms: 2.386647
2026-10-09T19:24:27.7640270Z   type: 'test'
2026-10-09T19:24:27.7640632Z   ...
2026-10-09T19:24:27.7641216Z # Subtest: kotlin corpus rejects wrong invalid source
2026-10-09T19:24:27.7642002Z ok 272 - kotlin corpus rejects wrong invalid source
2026-10-09T19:24:27.7642567Z   ---
2026-10-09T19:24:27.7642945Z   duration_ms: 3.680464
2026-10-09T19:24:27.7643384Z   type: 'test'
2026-10-09T19:24:27.7643750Z   ...
2026-10-09T19:24:27.7644338Z # Subtest: Kotlin corpus rejects wrong Kotlin compiler
2026-10-09T19:24:27.7645141Z ok 273 - Kotlin corpus rejects wrong Kotlin compiler
2026-10-09T19:24:27.7645676Z   ---
2026-10-09T19:24:27.7646031Z   duration_ms: 3.817554
2026-10-09T19:24:27.7646431Z   type: 'test'
2026-10-09T19:24:27.7646814Z   ...
2026-10-09T19:24:27.7647150Z # Subtest: Kotlin corpus rejects missing Kotlin compiler
2026-10-09T19:24:27.7647860Z ok 274 - Kotlin corpus rejects missing Kotlin compiler
2026-10-09T19:24:27.7648215Z   ---
2026-10-09T19:24:27.7648434Z   duration_ms: 2.693292
2026-10-09T19:24:27.7648669Z   type: 'test'
2026-10-09T19:24:27.7648886Z   ...
2026-10-09T19:24:27.7649220Z # Subtest: Kotlin corpus rejects changed standard library
2026-10-09T19:24:27.7649684Z ok 275 - Kotlin corpus rejects changed standard library
2026-10-09T19:24:27.7649997Z   ---
2026-10-09T19:24:27.7650201Z   duration_ms: 2.582494
2026-10-09T19:24:27.7650430Z   type: 'test'
2026-10-09T19:24:27.7650630Z   ...
2026-10-09T19:24:27.7650932Z # Subtest: Kotlin corpus rejects wrong Kotlin version
2026-10-09T19:24:27.7651350Z ok 276 - Kotlin corpus rejects wrong Kotlin version
2026-10-09T19:24:27.7651654Z   ---
2026-10-09T19:24:27.7651858Z   duration_ms: 1.325036
2026-10-09T19:24:27.7652081Z   type: 'test'
2026-10-09T19:24:27.7652287Z   ...
2026-10-09T19:24:27.7652761Z # Subtest: PHP corpus binds separate weak and strict public callers to the same fresh oracle
2026-10-09T19:24:27.7653472Z ok 277 - PHP corpus binds separate weak and strict public callers to the same fresh oracle
2026-10-09T19:24:27.7653908Z   ---
2026-10-09T19:24:27.7654141Z   duration_ms: 133.241095
2026-10-09T19:24:27.7654379Z   type: 'test'
2026-10-09T19:24:27.7654581Z   ...
2026-10-09T19:24:27.7654865Z # Subtest: PHP corpus rejects missing evidence
2026-10-09T19:24:27.7655244Z ok 278 - PHP corpus rejects missing evidence
2026-10-09T19:24:27.7655530Z   ---
2026-10-09T19:24:27.7655728Z   duration_ms: 8.48693
2026-10-09T19:24:27.7655950Z   type: 'test'
2026-10-09T19:24:27.7656145Z   ...
2026-10-09T19:24:27.7656426Z # Subtest: PHP corpus rejects unsupported PHP
2026-10-09T19:24:27.7656813Z ok 279 - PHP corpus rejects unsupported PHP
2026-10-09T19:24:27.7657099Z   ---
2026-10-09T19:24:27.7657303Z   duration_ms: 3.530343
2026-10-09T19:24:27.7657526Z   type: 'test'
2026-10-09T19:24:27.7658065Z   ...
2026-10-09T19:24:27.7658615Z # Subtest: PHP corpus rejects wrong Composer
2026-10-09T19:24:27.7659273Z ok 280 - PHP corpus rejects wrong Composer
2026-10-09T19:24:27.7659562Z   ---
2026-10-09T19:24:27.7659759Z   duration_ms: 3.623858
2026-10-09T19:24:27.7659980Z   type: 'test'
2026-10-09T19:24:27.7660356Z   ...
2026-10-09T19:24:27.7660615Z # Subtest: PHP corpus rejects unhashed host
2026-10-09T19:24:27.7660971Z ok 281 - PHP corpus rejects unhashed host
2026-10-09T19:24:27.7661236Z   ---
2026-10-09T19:24:27.7661430Z   duration_ms: 3.474498
2026-10-09T19:24:27.7661648Z   type: 'test'
2026-10-09T19:24:27.7661842Z   ...
2026-10-09T19:24:27.7662143Z # Subtest: PHP corpus rejects unidentified Composer
2026-10-09T19:24:27.7662547Z ok 282 - PHP corpus rejects unidentified Composer
2026-10-09T19:24:27.7662840Z   ---
2026-10-09T19:24:27.7663045Z   duration_ms: 5.127839
2026-10-09T19:24:27.7663262Z   type: 'test'
2026-10-09T19:24:27.7663465Z   ...
2026-10-09T19:24:27.7663741Z # Subtest: PHP corpus rejects project tool code
2026-10-09T19:24:27.7664121Z ok 283 - PHP corpus rejects project tool code
2026-10-09T19:24:27.7664407Z   ---
2026-10-09T19:24:27.7664595Z   duration_ms: 5.300293
2026-10-09T19:24:27.7664812Z   type: 'test'
2026-10-09T19:24:27.7665007Z   ...
2026-10-09T19:24:27.7665406Z # Subtest: PHP corpus rejects unbound Composer maps
2026-10-09T19:24:27.7665814Z ok 284 - PHP corpus rejects unbound Composer maps
2026-10-09T19:24:27.7666110Z   ---
2026-10-09T19:24:27.7666298Z   duration_ms: 8.935151
2026-10-09T19:24:27.7666515Z   type: 'test'
2026-10-09T19:24:27.7666708Z   ...
2026-10-09T19:24:27.7667044Z # Subtest: PHP corpus rejects unrelated Composer-loaded file
2026-10-09T19:24:27.7667514Z ok 285 - PHP corpus rejects unrelated Composer-loaded file
2026-10-09T19:24:27.7668011Z   ---
2026-10-09T19:24:27.7668211Z   duration_ms: 5.271369
2026-10-09T19:24:27.7668429Z   type: 'test'
2026-10-09T19:24:27.7668620Z   ...
2026-10-09T19:24:27.7668906Z # Subtest: PHP corpus rejects changed Composer map
2026-10-09T19:24:27.7669297Z ok 286 - PHP corpus rejects changed Composer map
2026-10-09T19:24:27.7669592Z   ---
2026-10-09T19:24:27.7669782Z   duration_ms: 5.185087
2026-10-09T19:24:27.7670020Z   type: 'test'
2026-10-09T19:24:27.7670212Z   ...
2026-10-09T19:24:27.7670467Z # Subtest: PHP corpus rejects unbound probe
2026-10-09T19:24:27.7670830Z ok 287 - PHP corpus rejects unbound probe
2026-10-09T19:24:27.7671105Z   ---
2026-10-09T19:24:27.7671297Z   duration_ms: 3.449621
2026-10-09T19:24:27.7671521Z   type: 'test'
2026-10-09T19:24:27.7671712Z   ...
2026-10-09T19:24:27.7671979Z # Subtest: PHP corpus rejects changed request
2026-10-09T19:24:27.7672337Z ok 288 - PHP corpus rejects changed request
2026-10-09T19:24:27.7672615Z   ---
2026-10-09T19:24:27.7672805Z   duration_ms: 4.295417
2026-10-09T19:24:27.7673026Z   type: 'test'
2026-10-09T19:24:27.7673227Z   ...
2026-10-09T19:24:27.7673488Z # Subtest: PHP corpus rejects changed source
2026-10-09T19:24:27.7673846Z ok 289 - PHP corpus rejects changed source
2026-10-09T19:24:27.7674125Z   ---
2026-10-09T19:24:27.7674321Z   duration_ms: 6.225187
2026-10-09T19:24:27.7674545Z   type: 'test'
2026-10-09T19:24:27.7674738Z   ...
2026-10-09T19:24:27.7675013Z # Subtest: PHP corpus rejects wrong binding IR
2026-10-09T19:24:27.7675386Z ok 290 - PHP corpus rejects wrong binding IR
2026-10-09T19:24:27.7675672Z   ---
2026-10-09T19:24:27.7675952Z   duration_ms: 4.279428
2026-10-09T19:24:27.7676382Z   type: 'test'
2026-10-09T19:24:27.7676791Z   ...
2026-10-09T19:24:27.7677300Z # Subtest: PHP corpus rejects wrong archive
2026-10-09T19:24:27.7677928Z ok 291 - PHP corpus rejects wrong archive
2026-10-09T19:24:27.7678227Z   ---
2026-10-09T19:24:27.7678431Z   duration_ms: 6.854007
2026-10-09T19:24:27.7678663Z   type: 'test'
2026-10-09T19:24:27.7678869Z   ...
2026-10-09T19:24:27.7679136Z # Subtest: PHP corpus rejects ambient INI
2026-10-09T19:24:27.7679490Z ok 292 - PHP corpus rejects ambient INI
2026-10-09T19:24:27.7679756Z   ---
2026-10-09T19:24:27.7679952Z   duration_ms: 5.166201
2026-10-09T19:24:27.7680180Z   type: 'test'
2026-10-09T19:24:27.7680371Z   ...
2026-10-09T19:24:27.7680664Z # Subtest: PHP corpus rejects runtime auto prepend
2026-10-09T19:24:27.7681072Z ok 293 - PHP corpus rejects runtime auto prepend
2026-10-09T19:24:27.7681374Z   ---
2026-10-09T19:24:27.7681568Z   duration_ms: 5.183514
2026-10-09T19:24:27.7682130Z   type: 'test'
2026-10-09T19:24:27.7682331Z   ...
2026-10-09T19:24:27.7682607Z # Subtest: PHP corpus rejects extra extension
2026-10-09T19:24:27.7683270Z ok 294 - PHP corpus rejects extra extension
2026-10-09T19:24:27.7683769Z   ---
2026-10-09T19:24:27.7684018Z   duration_ms: 5.13383
2026-10-09T19:24:27.7684257Z   type: 'test'
2026-10-09T19:24:27.7684452Z   ...
2026-10-09T19:24:27.7684728Z # Subtest: PHP corpus rejects unbound receipt
2026-10-09T19:24:27.7685092Z ok 295 - PHP corpus rejects unbound receipt
2026-10-09T19:24:27.7685366Z   ---
2026-10-09T19:24:27.7685561Z   duration_ms: 4.977167
2026-10-09T19:24:27.7685808Z   type: 'test'
2026-10-09T19:24:27.7686001Z   ...
2026-10-09T19:24:27.7686288Z # Subtest: PHP corpus rejects extra locked package
2026-10-09T19:24:27.7687124Z ok 296 - PHP corpus rejects extra locked package
2026-10-09T19:24:27.7687530Z   ---
2026-10-09T19:24:27.7687937Z   duration_ms: 4.620086
2026-10-09T19:24:27.7688260Z   type: 'test'
2026-10-09T19:24:27.7688575Z   ...
2026-10-09T19:24:27.7689456Z # Subtest: PHP corpus rejects changed integer dependency
2026-10-09T19:24:27.7690251Z ok 297 - PHP corpus rejects changed integer dependency
2026-10-09T19:24:27.7690592Z   ---
2026-10-09T19:24:27.7690804Z   duration_ms: 4.303533
2026-10-09T19:24:27.7691047Z   type: 'test'
2026-10-09T19:24:27.7691249Z   ...
2026-10-09T19:24:27.7691560Z # Subtest: PHP corpus rejects missing integer source
2026-10-09T19:24:27.7691987Z ok 298 - PHP corpus rejects missing integer source
2026-10-09T19:24:27.7692575Z   ---
2026-10-09T19:24:27.7692961Z   duration_ms: 4.627501
2026-10-09T19:24:27.7693277Z   type: 'test'
2026-10-09T19:24:27.7693490Z   ...
2026-10-09T19:24:27.7693789Z # Subtest: PHP corpus rejects changed integer source
2026-10-09T19:24:27.7694195Z ok 299 - PHP corpus rejects changed integer source
2026-10-09T19:24:27.7694589Z   ---
2026-10-09T19:24:27.7694988Z   duration_ms: 7.787308
2026-10-09T19:24:27.7695387Z   type: 'test'
2026-10-09T19:24:27.7695607Z   ...
2026-10-09T19:24:27.7696079Z # Subtest: PHP corpus rejects extra dev package
2026-10-09T19:24:27.7696751Z ok 300 - PHP corpus rejects extra dev package
2026-10-09T19:24:27.7697056Z   ---
2026-10-09T19:24:27.7697259Z   duration_ms: 5.18685
2026-10-09T19:24:27.7697482Z   type: 'test'
2026-10-09T19:24:27.7698014Z   ...
2026-10-09T19:24:27.7698359Z # Subtest: PHP corpus rejects wrong installed package
2026-10-09T19:24:27.7698786Z ok 301 - PHP corpus rejects wrong installed package
2026-10-09T19:24:27.7699291Z   ---
2026-10-09T19:24:27.7699793Z   duration_ms: 4.626809
2026-10-09T19:24:27.7700103Z   type: 'test'
2026-10-09T19:24:27.7700316Z   ...
2026-10-09T19:24:27.7700895Z # Subtest: PHP corpus rejects extra deployed payload
2026-10-09T19:24:27.7701334Z ok 302 - PHP corpus rejects extra deployed payload
2026-10-09T19:24:27.7701638Z   ---
2026-10-09T19:24:27.7701834Z   duration_ms: 5.274254
2026-10-09T19:24:27.7702064Z   type: 'test'
2026-10-09T19:24:27.7702445Z   ...
2026-10-09T19:24:27.7702828Z # Subtest: PHP corpus rejects changed API
2026-10-09T19:24:27.7703462Z ok 303 - PHP corpus rejects changed API
2026-10-09T19:24:27.7703749Z   ---
2026-10-09T19:24:27.7703949Z   duration_ms: 5.203551
2026-10-09T19:24:27.7704182Z   type: 'test'
2026-10-09T19:24:27.7704380Z   ...
2026-10-09T19:24:27.7704646Z # Subtest: PHP corpus rejects single caller
2026-10-09T19:24:27.7705214Z ok 304 - PHP corpus rejects single caller
2026-10-09T19:24:27.7705688Z   ---
2026-10-09T19:24:27.7705966Z   duration_ms: 5.164689
2026-10-09T19:24:27.7706397Z   type: 'test'
2026-10-09T19:24:27.7706635Z   ...
2026-10-09T19:24:27.7706946Z # Subtest: PHP corpus rejects mislabeled caller
2026-10-09T19:24:27.7707349Z ok 305 - PHP corpus rejects mislabeled caller
2026-10-09T19:24:27.7707902Z   ---
2026-10-09T19:24:27.7708141Z   duration_ms: 8.572701
2026-10-09T19:24:27.7708502Z   type: 'test'
2026-10-09T19:24:27.7708864Z   ...
2026-10-09T19:24:27.7709180Z # Subtest: PHP corpus rejects 32-bit host
2026-10-09T19:24:27.7709538Z ok 306 - PHP corpus rejects 32-bit host
2026-10-09T19:24:27.7710199Z   ---
2026-10-09T19:24:27.7710425Z   duration_ms: 5.593914
2026-10-09T19:24:27.7710647Z   type: 'test'
2026-10-09T19:24:27.7710841Z   ...
2026-10-09T19:24:27.7711108Z # Subtest: PHP corpus rejects threaded host
2026-10-09T19:24:27.7711645Z ok 307 - PHP corpus rejects threaded host
2026-10-09T19:24:27.7711933Z   ---
2026-10-09T19:24:27.7712312Z   duration_ms: 5.450865
2026-10-09T19:24:27.7712714Z   type: 'test'
2026-10-09T19:24:27.7712918Z   ...
2026-10-09T19:24:27.7713177Z # Subtest: PHP corpus rejects web SAPI
2026-10-09T19:24:27.7713515Z ok 308 - PHP corpus rejects web SAPI
2026-10-09T19:24:27.7713771Z   ---
2026-10-09T19:24:27.7713973Z   duration_ms: 5.416961
2026-10-09T19:24:27.7714194Z   type: 'test'
2026-10-09T19:24:27.7714387Z   ...
2026-10-09T19:24:27.7714662Z # Subtest: PHP corpus rejects retained records
2026-10-09T19:24:27.7715033Z ok 309 - PHP corpus rejects retained records
2026-10-09T19:24:27.7715317Z   ---
2026-10-09T19:24:27.7715510Z   duration_ms: 5.683682
2026-10-09T19:24:27.7715872Z   type: 'test'
2026-10-09T19:24:27.7716084Z   ...
2026-10-09T19:24:27.7716343Z # Subtest: PHP corpus rejects outside API
2026-10-09T19:24:27.7716844Z ok 310 - PHP corpus rejects outside API
2026-10-09T19:24:27.7717231Z   ---
2026-10-09T19:24:27.7717478Z   duration_ms: 5.582442
2026-10-09T19:24:27.7717938Z   type: 'test'
2026-10-09T19:24:27.7718151Z   ...
2026-10-09T19:24:27.7718471Z # Subtest: PHP corpus rejects missing native runtime
2026-10-09T19:24:27.7718902Z ok 311 - PHP corpus rejects missing native runtime
2026-10-09T19:24:27.7719206Z   ---
2026-10-09T19:24:27.7719478Z   duration_ms: 7.846299
2026-10-09T19:24:27.7719951Z   type: 'test'
2026-10-09T19:24:27.7720214Z   ...
2026-10-09T19:24:27.7720587Z # Subtest: PHP corpus rejects ambient PHP file
2026-10-09T19:24:27.7720971Z ok 312 - PHP corpus rejects ambient PHP file
2026-10-09T19:24:27.7721250Z   ---
2026-10-09T19:24:27.7721444Z   duration_ms: 5.595867
2026-10-09T19:24:27.7721673Z   type: 'test'
2026-10-09T19:24:27.7721865Z   ...
2026-10-09T19:24:27.7722181Z # Subtest: PHP corpus rejects strict calls in weak file
2026-10-09T19:24:27.7722616Z ok 313 - PHP corpus rejects strict calls in weak file
2026-10-09T19:24:27.7722915Z   ---
2026-10-09T19:24:27.7723106Z   duration_ms: 6.159224
2026-10-09T19:24:27.7723329Z   type: 'test'
2026-10-09T19:24:27.7723523Z   ...
2026-10-09T19:24:27.7723810Z # Subtest: PHP corpus rejects strict result drift
2026-10-09T19:24:27.7724205Z ok 314 - PHP corpus rejects strict result drift
2026-10-09T19:24:27.7724497Z   ---
2026-10-09T19:24:27.7724692Z   duration_ms: 5.500598
2026-10-09T19:24:27.7724911Z   type: 'test'
2026-10-09T19:24:27.7725107Z   ...
2026-10-09T19:24:27.7725396Z # Subtest: PHP corpus rejects missing strict error
2026-10-09T19:24:27.7725789Z ok 315 - PHP corpus rejects missing strict error
2026-10-09T19:24:27.7726080Z   ---
2026-10-09T19:24:27.7726269Z   duration_ms: 7.389422
2026-10-09T19:24:27.7726485Z   type: 'test'
2026-10-09T19:24:27.7726679Z   ...
2026-10-09T19:24:27.7726960Z # Subtest: PHP corpus rejects wrong error recovery
2026-10-09T19:24:27.7727362Z ok 316 - PHP corpus rejects wrong error recovery
2026-10-09T19:24:27.7727903Z   ---
2026-10-09T19:24:27.7728153Z   duration_ms: 9.668608
2026-10-09T19:24:27.7728385Z   type: 'test'
2026-10-09T19:24:27.7728584Z   ...
2026-10-09T19:24:27.7728893Z # Subtest: PHP corpus rejects wrong rejection stage
2026-10-09T19:24:27.7729309Z ok 317 - PHP corpus rejects wrong rejection stage
2026-10-09T19:24:27.7729603Z   ---
2026-10-09T19:24:27.7729804Z   duration_ms: 5.072316
2026-10-09T19:24:27.7730025Z   type: 'test'
2026-10-09T19:24:27.7730215Z   ...
2026-10-09T19:24:27.7730510Z # Subtest: PHP corpus rejects wrong rejection message
2026-10-09T19:24:27.7730926Z ok 318 - PHP corpus rejects wrong rejection message
2026-10-09T19:24:27.7731221Z   ---
2026-10-09T19:24:27.7731412Z   duration_ms: 4.815012
2026-10-09T19:24:27.7731635Z   type: 'test'
2026-10-09T19:24:27.7731829Z   ...
2026-10-09T19:24:27.7732106Z # Subtest: PHP corpus rejects wrong base recovery
2026-10-09T19:24:27.7732669Z ok 319 - PHP corpus rejects wrong base recovery
2026-10-09T19:24:27.7732960Z   ---
2026-10-09T19:24:27.7733153Z   duration_ms: 3.305901
2026-10-09T19:24:27.7733372Z   type: 'test'
2026-10-09T19:24:27.7733574Z   ...
2026-10-09T19:24:27.7733879Z # Subtest: PHP corpus rejects missing emptyComposerHome
2026-10-09T19:24:27.7734324Z ok 320 - PHP corpus rejects missing emptyComposerHome
2026-10-09T19:24:27.7734632Z   ---
2026-10-09T19:24:27.7734830Z   duration_ms: 3.361366
2026-10-09T19:24:27.7735051Z   type: 'test'
2026-10-09T19:24:27.7735251Z   ...
2026-10-09T19:24:27.7735536Z # Subtest: PHP corpus rejects missing emptyCache
2026-10-09T19:24:27.7735920Z ok 321 - PHP corpus rejects missing emptyCache
2026-10-09T19:24:27.7736214Z   ---
2026-10-09T19:24:27.7736408Z   duration_ms: 3.436186
2026-10-09T19:24:27.7736628Z   type: 'test'
2026-10-09T19:24:27.7736818Z   ...
2026-10-09T19:24:27.7737094Z # Subtest: PHP corpus rejects missing offline
2026-10-09T19:24:27.7737459Z ok 322 - PHP corpus rejects missing offline
2026-10-09T19:24:27.7738194Z   ---
2026-10-09T19:24:27.7738433Z   duration_ms: 3.353761
2026-10-09T19:24:27.7738671Z   type: 'test'
2026-10-09T19:24:27.7738876Z   ...
2026-10-09T19:24:27.7739179Z # Subtest: PHP corpus rejects missing lockedInstall
2026-10-09T19:24:27.7739598Z ok 323 - PHP corpus rejects missing lockedInstall
2026-10-09T19:24:27.7739898Z   ---
2026-10-09T19:24:27.7740094Z   duration_ms: 3.332992
2026-10-09T19:24:27.7740326Z   type: 'test'
2026-10-09T19:24:27.7740520Z   ...
2026-10-09T19:24:27.7740846Z # Subtest: PHP corpus rejects missing exactPublicSignatures
2026-10-09T19:24:27.7741328Z ok 324 - PHP corpus rejects missing exactPublicSignatures
2026-10-09T19:24:27.7741652Z   ---
2026-10-09T19:24:27.7741848Z   duration_ms: 7.577145
2026-10-09T19:24:27.7742081Z   type: 'test'
2026-10-09T19:24:27.7742275Z   ...
2026-10-09T19:24:27.7742567Z # Subtest: PHP corpus rejects missing publicApiOnly
2026-10-09T19:24:27.7742975Z ok 325 - PHP corpus rejects missing publicApiOnly
2026-10-09T19:24:27.7743281Z   ---
2026-10-09T19:24:27.7743477Z   duration_ms: 5.013024
2026-10-09T19:24:27.7743698Z   type: 'test'
2026-10-09T19:24:27.7743898Z   ...
2026-10-09T19:24:27.7744173Z # Subtest: PHP corpus rejects missing relocated
2026-10-09T19:24:27.7744556Z ok 326 - PHP corpus rejects missing relocated
2026-10-09T19:24:27.7744841Z   ---
2026-10-09T19:24:27.7745031Z   duration_ms: 5.004749
2026-10-09T19:24:27.7745250Z   type: 'test'
2026-10-09T19:24:27.7745442Z   ...
2026-10-09T19:24:27.7745773Z # Subtest: PHP corpus rejects missing compilerFreeExecution
2026-10-09T19:24:27.7746237Z ok 327 - PHP corpus rejects missing compilerFreeExecution
2026-10-09T19:24:27.7746564Z   ---
2026-10-09T19:24:27.7746818Z   duration_ms: 5.185477
2026-10-09T19:24:27.7747039Z   type: 'test'
2026-10-09T19:24:27.7747236Z   ...
2026-10-09T19:24:27.7747578Z # Subtest: PHP corpus rejects missing runtimeOverridesDisabled
2026-10-09T19:24:27.7748308Z ok 328 - PHP corpus rejects missing runtimeOverridesDisabled
2026-10-09T19:24:27.7748647Z   ---
2026-10-09T19:24:27.7748854Z   duration_ms: 5.10716
2026-10-09T19:24:27.7749078Z   type: 'test'
2026-10-09T19:24:27.7749272Z   ...
2026-10-09T19:24:27.7749556Z # Subtest: PHP corpus rejects missing iniDisabled
2026-10-09T19:24:27.7749957Z ok 329 - PHP corpus rejects missing iniDisabled
2026-10-09T19:24:27.7750246Z   ---
2026-10-09T19:24:27.7750435Z   duration_ms: 4.615238
2026-10-09T19:24:27.7750657Z   type: 'test'
2026-10-09T19:24:27.7750847Z   ...
2026-10-09T19:24:27.7751146Z # Subtest: PHP corpus rejects missing repeatExecution
2026-10-09T19:24:27.7751569Z ok 330 - PHP corpus rejects missing repeatExecution
2026-10-09T19:24:27.7751871Z   ---
2026-10-09T19:24:27.7752063Z   duration_ms: 3.394388
2026-10-09T19:24:27.7752280Z   type: 'test'
2026-10-09T19:24:27.7752478Z   ...
2026-10-09T19:24:27.7752801Z # Subtest: PHP corpus rejects missing unchangedDeployment
2026-10-09T19:24:27.7753240Z ok 331 - PHP corpus rejects missing unchangedDeployment
2026-10-09T19:24:27.7753554Z   ---
2026-10-09T19:24:27.7753889Z   duration_ms: 3.375933
2026-10-09T19:24:27.7754108Z   type: 'test'
2026-10-09T19:24:27.7754308Z   ...
2026-10-09T19:24:27.7754601Z # Subtest: PHP corpus rejects missing localLibraries
2026-10-09T19:24:27.7755006Z ok 332 - PHP corpus rejects missing localLibraries
2026-10-09T19:24:27.7755309Z   ---
2026-10-09T19:24:27.7755500Z   duration_ms: 5.727053
2026-10-09T19:24:27.7755719Z   type: 'test'
2026-10-09T19:24:27.7755911Z   ...
2026-10-09T19:24:27.7756277Z # Subtest: native PHP corpus accepts the PHP 8.4 boolean NTS constant
2026-10-09T19:24:27.7756809Z ok 333 - native PHP corpus accepts the PHP 8.4 boolean NTS constant
2026-10-09T19:24:27.7757153Z   ---
2026-10-09T19:24:27.7757354Z   duration_ms: 132.342891
2026-10-09T19:24:27.7757583Z   type: 'test'
2026-10-09T19:24:27.7757996Z   ...
2026-10-09T19:24:27.7758429Z # Subtest: PHP-Wasm corpus requires all installed loading routes and 32-bit callers
2026-10-09T19:24:27.7759075Z ok 334 - PHP-Wasm corpus requires all installed loading routes and 32-bit callers
2026-10-09T19:24:27.7759663Z   ---
2026-10-09T19:24:27.7759874Z   duration_ms: 151.966673
2026-10-09T19:24:27.7760104Z   type: 'test'
2026-10-09T19:24:27.7760299Z   ...
2026-10-09T19:24:27.7760590Z # Subtest: PHP-Wasm corpus rejects missing evidence
2026-10-09T19:24:27.7760998Z ok 335 - PHP-Wasm corpus rejects missing evidence
2026-10-09T19:24:27.7761289Z   ---
2026-10-09T19:24:27.7761482Z   duration_ms: 6.517627
2026-10-09T19:24:27.7761783Z   type: 'test'
2026-10-09T19:24:27.7762010Z   ...
2026-10-09T19:24:27.7762388Z # Subtest: PHP-Wasm corpus rejects missing runtime archive
2026-10-09T19:24:27.7762960Z ok 336 - PHP-Wasm corpus rejects missing runtime archive
2026-10-09T19:24:27.7763313Z   ---
2026-10-09T19:24:27.7763503Z   duration_ms: 6.543755
2026-10-09T19:24:27.7763722Z   type: 'test'
2026-10-09T19:24:27.7763918Z   ...
2026-10-09T19:24:27.7764227Z # Subtest: PHP-Wasm corpus rejects wrong Composer archive
2026-10-09T19:24:27.7764663Z ok 337 - PHP-Wasm corpus rejects wrong Composer archive
2026-10-09T19:24:27.7764986Z   ---
2026-10-09T19:24:27.7765184Z   duration_ms: 10.672547
2026-10-09T19:24:27.7765413Z   type: 'test'
2026-10-09T19:24:27.7765612Z   ...
2026-10-09T19:24:27.7765916Z # Subtest: PHP-Wasm corpus rejects wrong runtime identity
2026-10-09T19:24:27.7766356Z ok 338 - PHP-Wasm corpus rejects wrong runtime identity
2026-10-09T19:24:27.7766666Z   ---
2026-10-09T19:24:27.7766859Z   duration_ms: 5.940934
2026-10-09T19:24:27.7767083Z   type: 'test'
2026-10-09T19:24:27.7767280Z   ...
2026-10-09T19:24:27.7767569Z # Subtest: PHP-Wasm corpus rejects wrong PHP host
2026-10-09T19:24:27.7768294Z ok 339 - PHP-Wasm corpus rejects wrong PHP host
2026-10-09T19:24:27.7768590Z   ---
2026-10-09T19:24:27.7768788Z   duration_ms: 5.621145
2026-10-09T19:24:27.7769010Z   type: 'test'
2026-10-09T19:24:27.7769220Z   ...
2026-10-09T19:24:27.7769550Z # Subtest: PHP-Wasm corpus rejects unidentified host files
2026-10-09T19:24:27.7770005Z ok 340 - PHP-Wasm corpus rejects unidentified host files
2026-10-09T19:24:27.7770318Z   ---
2026-10-09T19:24:27.7770521Z   duration_ms: 5.608992
2026-10-09T19:24:27.7770750Z   type: 'test'
2026-10-09T19:24:27.7770946Z   ...
2026-10-09T19:24:27.7771220Z # Subtest: PHP-Wasm corpus rejects changed host
2026-10-09T19:24:27.7771609Z ok 341 - PHP-Wasm corpus rejects changed host
2026-10-09T19:24:27.7771892Z   ---
2026-10-09T19:24:27.7772083Z   duration_ms: 5.689723
2026-10-09T19:24:27.7772306Z   type: 'test'
2026-10-09T19:24:27.7772500Z   ...
2026-10-09T19:24:27.7772781Z # Subtest: PHP-Wasm corpus rejects wrong word size
2026-10-09T19:24:27.7773175Z ok 342 - PHP-Wasm corpus rejects wrong word size
2026-10-09T19:24:27.7773469Z   ---
2026-10-09T19:24:27.7773661Z   duration_ms: 17.082164
2026-10-09T19:24:27.7773891Z   type: 'test'
2026-10-09T19:24:27.7774087Z   ...
2026-10-09T19:24:27.7774361Z # Subtest: PHP-Wasm corpus rejects native SAPI
2026-10-09T19:24:27.7774734Z ok 343 - PHP-Wasm corpus rejects native SAPI
2026-10-09T19:24:27.7775019Z   ---
2026-10-09T19:24:27.7775214Z   duration_ms: 16.836323
2026-10-09T19:24:27.7775699Z   type: 'test'
2026-10-09T19:24:27.7775897Z   ...
2026-10-09T19:24:27.7776202Z # Subtest: PHP-Wasm corpus rejects wrong PHP version
2026-10-09T19:24:27.7776614Z ok 344 - PHP-Wasm corpus rejects wrong PHP version
2026-10-09T19:24:27.7776912Z   ---
2026-10-09T19:24:27.7777110Z   duration_ms: 5.179186
2026-10-09T19:24:27.7777335Z   type: 'test'
2026-10-09T19:24:27.7777530Z   ...
2026-10-09T19:24:27.7778120Z # Subtest: PHP-Wasm corpus rejects threaded host
2026-10-09T19:24:27.7778506Z ok 345 - PHP-Wasm corpus rejects threaded host
2026-10-09T19:24:27.7778795Z   ---
2026-10-09T19:24:27.7778995Z   duration_ms: 15.78955
2026-10-09T19:24:27.7779215Z   type: 'test'
2026-10-09T19:24:27.7779409Z   ...
2026-10-09T19:24:27.7779694Z # Subtest: PHP-Wasm corpus rejects retained record
2026-10-09T19:24:27.7780093Z ok 346 - PHP-Wasm corpus rejects retained record
2026-10-09T19:24:27.7780379Z   ---
2026-10-09T19:24:27.7780568Z   duration_ms: 15.273462
2026-10-09T19:24:27.7780802Z   type: 'test'
2026-10-09T19:24:27.7781124Z   ...
2026-10-09T19:24:27.7781427Z # Subtest: PHP-Wasm corpus rejects wrong API location
2026-10-09T19:24:27.7781848Z ok 347 - PHP-Wasm corpus rejects wrong API location
2026-10-09T19:24:27.7782148Z   ---
2026-10-09T19:24:27.7782338Z   duration_ms: 17.782889
2026-10-09T19:24:27.7782590Z   type: 'test'
2026-10-09T19:24:27.7782793Z   ...
2026-10-09T19:24:27.7783097Z # Subtest: PHP-Wasm corpus rejects foreign PHP include
2026-10-09T19:24:27.7783516Z ok 348 - PHP-Wasm corpus rejects foreign PHP include
2026-10-09T19:24:27.7783819Z   ---
2026-10-09T19:24:27.7784012Z   duration_ms: 9.676061
2026-10-09T19:24:27.7784245Z   type: 'test'
2026-10-09T19:24:27.7784445Z   ...
2026-10-09T19:24:27.7784725Z # Subtest: PHP-Wasm corpus rejects changed caller
2026-10-09T19:24:27.7785122Z ok 349 - PHP-Wasm corpus rejects changed caller
2026-10-09T19:24:27.7785415Z   ---
2026-10-09T19:24:27.7785611Z   duration_ms: 6.626431
2026-10-09T19:24:27.7785830Z   type: 'test'
2026-10-09T19:24:27.7786023Z   ...
2026-10-09T19:24:27.7786335Z # Subtest: PHP-Wasm corpus rejects changed request
2026-10-09T19:24:27.7786726Z ok 350 - PHP-Wasm corpus rejects changed request
2026-10-09T19:24:27.7787040Z   ---
2026-10-09T19:24:27.7787242Z   duration_ms: 10.045434
2026-10-09T19:24:27.7787466Z   type: 'test'
2026-10-09T19:24:27.7787993Z   ...
2026-10-09T19:24:27.7788309Z # Subtest: PHP-Wasm corpus rejects missing route
2026-10-09T19:24:27.7788697Z ok 351 - PHP-Wasm corpus rejects missing route
2026-10-09T19:24:27.7788986Z   ---
2026-10-09T19:24:27.7789179Z   duration_ms: 9.319252
2026-10-09T19:24:27.7789440Z   type: 'test'
2026-10-09T19:24:27.7789639Z   ...
2026-10-09T19:24:27.7789923Z # Subtest: PHP-Wasm corpus rejects duplicate route
2026-10-09T19:24:27.7790343Z ok 352 - PHP-Wasm corpus rejects duplicate route
2026-10-09T19:24:27.7790634Z   ---
2026-10-09T19:24:27.7790825Z   duration_ms: 13.282317
2026-10-09T19:24:27.7791055Z   type: 'test'
2026-10-09T19:24:27.7791249Z   ...
2026-10-09T19:24:27.7791543Z # Subtest: PHP-Wasm corpus rejects wrong caller mode
2026-10-09T19:24:27.7791959Z ok 353 - PHP-Wasm corpus rejects wrong caller mode
2026-10-09T19:24:27.7792256Z   ---
2026-10-09T19:24:27.7792451Z   duration_ms: 11.652189
2026-10-09T19:24:27.7792677Z   type: 'test'
2026-10-09T19:24:27.7792878Z   ...
2026-10-09T19:24:27.7793168Z # Subtest: PHP-Wasm corpus rejects cold eager fetch
2026-10-09T19:24:27.7793562Z ok 354 - PHP-Wasm corpus rejects cold eager fetch
2026-10-09T19:24:27.7793882Z   ---
2026-10-09T19:24:27.7794077Z   duration_ms: 9.792559
2026-10-09T19:24:27.7794171Z   type: 'test'
2026-10-09T19:24:27.7794252Z   ...
2026-10-09T19:24:27.7794460Z # Subtest: PHP-Wasm corpus rejects invalid input fetch
2026-10-09T19:24:27.7794668Z ok 355 - PHP-Wasm corpus rejects invalid input fetch
2026-10-09T19:24:27.7794752Z   ---
2026-10-09T19:24:27.7794859Z   duration_ms: 9.700246
2026-10-09T19:24:27.7794955Z   type: 'test'
2026-10-09T19:24:27.7795034Z   ...
2026-10-09T19:24:27.7795254Z # Subtest: PHP-Wasm corpus rejects missing library fetch
2026-10-09T19:24:27.7795656Z ok 356 - PHP-Wasm corpus rejects missing library fetch
2026-10-09T19:24:27.7795747Z   ---
2026-10-09T19:24:27.7795841Z   duration_ms: 9.089491
2026-10-09T19:24:27.7795934Z   type: 'test'
2026-10-09T19:24:27.7796017Z   ...
2026-10-09T19:24:27.7796223Z # Subtest: PHP-Wasm corpus rejects wrong browser result
2026-10-09T19:24:27.7796426Z ok 357 - PHP-Wasm corpus rejects wrong browser result
2026-10-09T19:24:27.7796511Z   ---
2026-10-09T19:24:27.7796615Z   duration_ms: 14.211749
2026-10-09T19:24:27.7796701Z   type: 'test'
2026-10-09T19:24:27.7796787Z   ...
2026-10-09T19:24:27.7797001Z # Subtest: PHP-Wasm corpus rejects missing browser asset
2026-10-09T19:24:27.7797194Z ok 358 - PHP-Wasm corpus rejects missing browser asset
2026-10-09T19:24:27.7797280Z   ---
2026-10-09T19:24:27.7797379Z   duration_ms: 13.756045
2026-10-09T19:24:27.7797464Z   type: 'test'
2026-10-09T19:24:27.7797552Z   ...
2026-10-09T19:24:27.7797986Z # Subtest: PHP-Wasm corpus rejects unbound browser request
2026-10-09T19:24:27.7798328Z ok 359 - PHP-Wasm corpus rejects unbound browser request
2026-10-09T19:24:27.7798412Z   ---
2026-10-09T19:24:27.7798513Z   duration_ms: 12.581632
2026-10-09T19:24:27.7798605Z   type: 'test'
2026-10-09T19:24:27.7798684Z   ...
2026-10-09T19:24:27.7798904Z # Subtest: PHP-Wasm corpus rejects external browser asset
2026-10-09T19:24:27.7799109Z ok 360 - PHP-Wasm corpus rejects external browser asset
2026-10-09T19:24:27.7799191Z   ---
2026-10-09T19:24:27.7799290Z   duration_ms: 13.821998
2026-10-09T19:24:27.7799381Z   type: 'test'
2026-10-09T19:24:27.7799468Z   ...
2026-10-09T19:24:27.7799705Z # Subtest: PHP-Wasm corpus rejects missing supplemental error
2026-10-09T19:24:27.7799933Z ok 361 - PHP-Wasm corpus rejects missing supplemental error
2026-10-09T19:24:27.7800020Z   ---
2026-10-09T19:24:27.7800116Z   duration_ms: 11.566106
2026-10-09T19:24:27.7800209Z   type: 'test'
2026-10-09T19:24:27.7800297Z   ...
2026-10-09T19:24:27.7800536Z # Subtest: PHP-Wasm corpus rejects wrong supplemental recovery
2026-10-09T19:24:27.7800767Z ok 362 - PHP-Wasm corpus rejects wrong supplemental recovery
2026-10-09T19:24:27.7800854Z   ---
2026-10-09T19:24:27.7800957Z   duration_ms: 10.149259
2026-10-09T19:24:27.7801042Z   type: 'test'
2026-10-09T19:24:27.7801126Z   ...
2026-10-09T19:24:27.7801342Z # Subtest: PHP-Wasm corpus rejects wrong primary recovery
2026-10-09T19:24:27.7801540Z ok 363 - PHP-Wasm corpus rejects wrong primary recovery
2026-10-09T19:24:27.7801629Z   ---
2026-10-09T19:24:27.7801730Z   duration_ms: 8.548376
2026-10-09T19:24:27.7801820Z   type: 'test'
2026-10-09T19:24:27.7801899Z   ...
2026-10-09T19:24:27.7802113Z # Subtest: PHP-Wasm corpus rejects wrong rejection stage
2026-10-09T19:24:27.7802317Z ok 364 - PHP-Wasm corpus rejects wrong rejection stage
2026-10-09T19:24:27.7802396Z   ---
2026-10-09T19:24:27.7802497Z   duration_ms: 8.018572
2026-10-09T19:24:27.7802589Z   type: 'test'
2026-10-09T19:24:27.7802668Z   ...
2026-10-09T19:24:27.7802875Z # Subtest: PHP-Wasm corpus rejects unbound npm lock
2026-10-09T19:24:27.7813774Z ok 365 - PHP-Wasm corpus rejects unbound npm lock
2026-10-09T19:24:27.7813937Z   ---
2026-10-09T19:24:27.7814052Z   duration_ms: 8.537766
2026-10-09T19:24:27.7814159Z   type: 'test'
2026-10-09T19:24:27.7814247Z   ...
2026-10-09T19:24:27.7814491Z # Subtest: PHP-Wasm corpus rejects unbound Composer lock
2026-10-09T19:24:27.7814725Z ok 366 - PHP-Wasm corpus rejects unbound Composer lock
2026-10-09T19:24:27.7814813Z   ---
2026-10-09T19:24:27.7814913Z   duration_ms: 8.445412
2026-10-09T19:24:27.7815006Z   type: 'test'
2026-10-09T19:24:27.7815091Z   ...
2026-10-09T19:24:27.7815345Z # Subtest: PHP-Wasm corpus rejects changed integer dependency
2026-10-09T19:24:27.7815568Z ok 367 - PHP-Wasm corpus rejects changed integer dependency
2026-10-09T19:24:27.7815657Z   ---
2026-10-09T19:24:27.7815762Z   duration_ms: 8.426437
2026-10-09T19:24:27.7815848Z   type: 'test'
2026-10-09T19:24:27.7815936Z   ...
2026-10-09T19:24:27.7816164Z # Subtest: PHP-Wasm corpus rejects missing integer source
2026-10-09T19:24:27.7816382Z ok 368 - PHP-Wasm corpus rejects missing integer source
2026-10-09T19:24:27.7816801Z   ---
2026-10-09T19:24:27.7816917Z   duration_ms: 9.033486
2026-10-09T19:24:27.7817018Z   type: 'test'
2026-10-09T19:24:27.7817098Z   ...
2026-10-09T19:24:27.7817373Z # Subtest: PHP-Wasm corpus rejects changed bundled integer source
2026-10-09T19:24:27.7817958Z ok 369 - PHP-Wasm corpus rejects changed bundled integer source
2026-10-09T19:24:27.7818183Z   ---
2026-10-09T19:24:27.7818325Z   duration_ms: 6.304888
2026-10-09T19:24:27.7818424Z   type: 'test'
2026-10-09T19:24:27.7818521Z   ...
2026-10-09T19:24:27.7818768Z # Subtest: PHP-Wasm corpus rejects missing bundled bootstrap
2026-10-09T19:24:27.7818998Z ok 370 - PHP-Wasm corpus rejects missing bundled bootstrap
2026-10-09T19:24:27.7819086Z   ---
2026-10-09T19:24:27.7819184Z   duration_ms: 11.976056
2026-10-09T19:24:27.7819278Z   type: 'test'
2026-10-09T19:24:27.7819362Z   ...
2026-10-09T19:24:27.7819757Z # Subtest: PHP-Wasm corpus rejects missing loaded integer class
2026-10-09T19:24:27.7820266Z ok 371 - PHP-Wasm corpus rejects missing loaded integer class
2026-10-09T19:24:27.7820366Z   ---
2026-10-09T19:24:27.7820473Z   duration_ms: 9.361081
2026-10-09T19:24:27.7820564Z   type: 'test'
2026-10-09T19:24:27.7820652Z   ...
2026-10-09T19:24:27.7820884Z # Subtest: PHP-Wasm corpus rejects unidentified Composer
2026-10-09T19:24:27.7821090Z ok 372 - PHP-Wasm corpus rejects unidentified Composer
2026-10-09T19:24:27.7821178Z   ---
2026-10-09T19:24:27.7821277Z   duration_ms: 9.134194
2026-10-09T19:24:27.7821363Z   type: 'test'
2026-10-09T19:24:27.7821447Z   ...
2026-10-09T19:24:27.7821672Z # Subtest: PHP-Wasm corpus rejects ambient Composer plugin
2026-10-09T19:24:27.7821886Z ok 373 - PHP-Wasm corpus rejects ambient Composer plugin
2026-10-09T19:24:27.7821966Z   ---
2026-10-09T19:24:27.7822067Z   duration_ms: 8.251118
2026-10-09T19:24:27.7822158Z   type: 'test'
2026-10-09T19:24:27.7822237Z   ...
2026-10-09T19:24:27.7822451Z # Subtest: PHP-Wasm corpus rejects ambient PHP extension
2026-10-09T19:24:27.7822661Z ok 374 - PHP-Wasm corpus rejects ambient PHP extension
2026-10-09T19:24:27.7822750Z   ---
2026-10-09T19:24:27.7822844Z   duration_ms: 11.925581
2026-10-09T19:24:27.7822937Z   type: 'test'
2026-10-09T19:24:27.7823024Z   ...
2026-10-09T19:24:27.7823255Z # Subtest: PHP-Wasm corpus rejects unbound compiled receipt
2026-10-09T19:24:27.7823479Z ok 375 - PHP-Wasm corpus rejects unbound compiled receipt
2026-10-09T19:24:27.7823563Z   ---
2026-10-09T19:24:27.7823656Z   duration_ms: 6.504682
2026-10-09T19:24:27.7823749Z   type: 'test'
2026-10-09T19:24:27.7823832Z   ...
2026-10-09T19:24:27.7824110Z # Subtest: PHP-Wasm corpus rejects unbound declarations
2026-10-09T19:24:27.7824366Z ok 376 - PHP-Wasm corpus rejects unbound declarations
2026-10-09T19:24:27.7824453Z   ---
2026-10-09T19:24:27.7824555Z   duration_ms: 6.521183
2026-10-09T19:24:27.7824642Z   type: 'test'
2026-10-09T19:24:27.7824732Z   ...
2026-10-09T19:24:27.7824987Z # Subtest: PHP-Wasm corpus rejects wrong pending type rejection
2026-10-09T19:24:27.7825223Z ok 377 - PHP-Wasm corpus rejects wrong pending type rejection
2026-10-09T19:24:27.7825311Z   ---
2026-10-09T19:24:27.7825412Z   duration_ms: 17.888777
2026-10-09T19:24:27.7825506Z   type: 'test'
2026-10-09T19:24:27.7825584Z   ...
2026-10-09T19:24:27.7825802Z # Subtest: PHP-Wasm corpus rejects missing offlineInstall
2026-10-09T19:24:27.7826009Z ok 378 - PHP-Wasm corpus rejects missing offlineInstall
2026-10-09T19:24:27.7826089Z   ---
2026-10-09T19:24:27.7826189Z   duration_ms: 8.906668
2026-10-09T19:24:27.7826279Z   type: 'test'
2026-10-09T19:24:27.7826362Z   ...
2026-10-09T19:24:27.7826568Z # Subtest: PHP-Wasm corpus rejects missing emptyCaches
2026-10-09T19:24:27.7826767Z ok 379 - PHP-Wasm corpus rejects missing emptyCaches
2026-10-09T19:24:27.7826856Z   ---
2026-10-09T19:24:27.7826951Z   duration_ms: 8.917027
2026-10-09T19:24:27.7827040Z   type: 'test'
2026-10-09T19:24:27.7827124Z   ...
2026-10-09T19:24:27.7827417Z # Subtest: PHP-Wasm corpus rejects missing lockedInstall
2026-10-09T19:24:27.7828088Z ok 380 - PHP-Wasm corpus rejects missing lockedInstall
2026-10-09T19:24:27.7828190Z   ---
2026-10-09T19:24:27.7828298Z   duration_ms: 9.094129
2026-10-09T19:24:27.7828385Z   type: 'test'
2026-10-09T19:24:27.7828471Z   ...
2026-10-09T19:24:27.7828676Z # Subtest: PHP-Wasm corpus rejects missing relocated
2026-10-09T19:24:27.7828863Z ok 381 - PHP-Wasm corpus rejects missing relocated
2026-10-09T19:24:27.7828951Z   ---
2026-10-09T19:24:27.7829052Z   duration_ms: 7.680089
2026-10-09T19:24:27.7829136Z   type: 'test'
2026-10-09T19:24:27.7829219Z   ...
2026-10-09T19:24:27.7829444Z # Subtest: PHP-Wasm corpus rejects missing publicApiOnly
2026-10-09T19:24:27.7829756Z ok 382 - PHP-Wasm corpus rejects missing publicApiOnly
2026-10-09T19:24:27.7829838Z   ---
2026-10-09T19:24:27.7829939Z   duration_ms: 5.434064
2026-10-09T19:24:27.7830030Z   type: 'test'
2026-10-09T19:24:27.7830109Z   ...
2026-10-09T19:24:27.7830335Z # Subtest: PHP-Wasm corpus rejects missing repeatExecution
2026-10-09T19:24:27.7830691Z ok 383 - PHP-Wasm corpus rejects missing repeatExecution
2026-10-09T19:24:27.7830920Z   ---
2026-10-09T19:24:27.7831032Z   duration_ms: 5.370614
2026-10-09T19:24:27.7831130Z   type: 'test'
2026-10-09T19:24:27.7831215Z   ...
2026-10-09T19:24:27.7831454Z # Subtest: PHP-Wasm corpus rejects missing unchangedDeployment
2026-10-09T19:24:27.7831688Z ok 384 - PHP-Wasm corpus rejects missing unchangedDeployment
2026-10-09T19:24:27.7831773Z   ---
2026-10-09T19:24:27.7831865Z   duration_ms: 8.350685
2026-10-09T19:24:27.7831959Z   type: 'test'
2026-10-09T19:24:27.7832043Z   ...
2026-10-09T19:24:27.7832299Z # Subtest: PHP-Wasm corpus rejects missing compilerFreeExecution
2026-10-09T19:24:27.7832525Z ok 385 - PHP-Wasm corpus rejects missing compilerFreeExecution
2026-10-09T19:24:27.7832613Z   ---
2026-10-09T19:24:27.7832715Z   duration_ms: 5.342662
2026-10-09T19:24:27.7832802Z   type: 'test'
2026-10-09T19:24:27.7832888Z   ...
2026-10-09T19:24:27.7833340Z # Subtest: WIT corpus distinguishes public calls, typed-field range failures and recovery
2026-10-09T19:24:27.7833729Z ok 386 - WIT corpus distinguishes public calls, typed-field range failures and recovery
2026-10-09T19:24:27.7833812Z   ---
2026-10-09T19:24:27.7833919Z   duration_ms: 146.066461
2026-10-09T19:24:27.7834013Z   type: 'test'
2026-10-09T19:24:27.7834091Z   ...
2026-10-09T19:24:27.7834275Z # Subtest: WIT corpus rejects missing evidence
2026-10-09T19:24:27.7834446Z ok 387 - WIT corpus rejects missing evidence
2026-10-09T19:24:27.7834527Z   ---
2026-10-09T19:24:27.7834625Z   duration_ms: 8.308737
2026-10-09T19:24:27.7834717Z   type: 'test'
2026-10-09T19:24:27.7834802Z   ...
2026-10-09T19:24:27.7834994Z # Subtest: WIT corpus rejects wrong Wasmtime version
2026-10-09T19:24:27.7835182Z ok 388 - WIT corpus rejects wrong Wasmtime version
2026-10-09T19:24:27.7835268Z   ---
2026-10-09T19:24:27.7835361Z   duration_ms: 2.604676
2026-10-09T19:24:27.7835453Z   type: 'test'
2026-10-09T19:24:27.7835536Z   ...
2026-10-09T19:24:27.7835734Z # Subtest: WIT corpus rejects missing package receipt
2026-10-09T19:24:27.7835932Z ok 389 - WIT corpus rejects missing package receipt
2026-10-09T19:24:27.7836017Z   ---
2026-10-09T19:24:27.7836113Z   duration_ms: 4.340543
2026-10-09T19:24:27.7836285Z   type: 'test'
2026-10-09T19:24:27.7836404Z   ...
2026-10-09T19:24:27.7836619Z # Subtest: WIT corpus rejects different package receipt
2026-10-09T19:24:27.7836811Z ok 390 - WIT corpus rejects different package receipt
2026-10-09T19:24:27.7836901Z   ---
2026-10-09T19:24:27.7836999Z   duration_ms: 6.150187
2026-10-09T19:24:27.7837092Z   type: 'test'
2026-10-09T19:24:27.7837171Z   ...
2026-10-09T19:24:27.7837358Z # Subtest: WIT corpus rejects different archive
2026-10-09T19:24:27.7837528Z ok 391 - WIT corpus rejects different archive
2026-10-09T19:24:27.7837767Z   ---
2026-10-09T19:24:27.7837876Z   duration_ms: 4.0354
2026-10-09T19:24:27.7837969Z   type: 'test'
2026-10-09T19:24:27.7838057Z   ...
2026-10-09T19:24:27.7838245Z # Subtest: WIT corpus rejects different compiler
2026-10-09T19:24:27.7838430Z ok 392 - WIT corpus rejects different compiler
2026-10-09T19:24:27.7838718Z   ---
2026-10-09T19:24:27.7838813Z   duration_ms: 2.776007
2026-10-09T19:24:27.7838909Z   type: 'test'
2026-10-09T19:24:27.7838994Z   ...
2026-10-09T19:24:27.7839317Z # Subtest: WIT corpus rejects disabled conversion diagnostics
2026-10-09T19:24:27.7839650Z ok 393 - WIT corpus rejects disabled conversion diagnostics
2026-10-09T19:24:27.7839743Z   ---
2026-10-09T19:24:27.7839842Z   duration_ms: 3.960109
2026-10-09T19:24:27.7839936Z   type: 'test'
2026-10-09T19:24:27.7840024Z   ...
2026-10-09T19:24:27.7840218Z # Subtest: WIT corpus rejects disabled assertions
2026-10-09T19:24:27.7840395Z ok 394 - WIT corpus rejects disabled assertions
2026-10-09T19:24:27.7840498Z   ---
2026-10-09T19:24:27.7840600Z   duration_ms: 6.710298
2026-10-09T19:24:27.7840688Z   type: 'test'
2026-10-09T19:24:27.7840777Z   ...
2026-10-09T19:24:27.7840957Z # Subtest: WIT corpus rejects different caller
2026-10-09T19:24:27.7841120Z ok 395 - WIT corpus rejects different caller
2026-10-09T19:24:27.7841390Z   ---
2026-10-09T19:24:27.7841502Z   duration_ms: 4.046551
2026-10-09T19:24:27.7841600Z   type: 'test'
2026-10-09T19:24:27.7841682Z   ...
2026-10-09T19:24:27.7842090Z # Subtest: WIT corpus rejects missing executable identity
2026-10-09T19:24:27.7842323Z ok 396 - WIT corpus rejects missing executable identity
2026-10-09T19:24:27.7842409Z   ---
2026-10-09T19:24:27.7842510Z   duration_ms: 2.725212
2026-10-09T19:24:27.7842603Z   type: 'test'
2026-10-09T19:24:27.7842687Z   ...
2026-10-09T19:24:27.7842873Z # Subtest: WIT corpus rejects different wasm-tools
2026-10-09T19:24:27.7843060Z ok 397 - WIT corpus rejects different wasm-tools
2026-10-09T19:24:27.7843146Z   ---
2026-10-09T19:24:27.7843240Z   duration_ms: 3.811941
2026-10-09T19:24:27.7843334Z   type: 'test'
2026-10-09T19:24:27.7843419Z   ...
2026-10-09T19:24:27.7843615Z # Subtest: WIT corpus rejects missing parser identity
2026-10-09T19:24:27.7843807Z ok 398 - WIT corpus rejects missing parser identity
2026-10-09T19:24:27.7843891Z   ---
2026-10-09T19:24:27.7844003Z   duration_ms: 4.135909
2026-10-09T19:24:27.7844089Z   type: 'test'
2026-10-09T19:24:27.7844172Z   ...
2026-10-09T19:24:27.7844404Z # Subtest: WIT corpus rejects different component receipt
2026-10-09T19:24:27.7844757Z ok 399 - WIT corpus rejects different component receipt
2026-10-09T19:24:27.7844865Z   ---
2026-10-09T19:24:27.7844975Z   duration_ms: 4.545377
2026-10-09T19:24:27.7845065Z   type: 'test'
2026-10-09T19:24:27.7845151Z   ...
2026-10-09T19:24:27.7845357Z # Subtest: WIT corpus rejects different native adapter
2026-10-09T19:24:27.7845555Z ok 400 - WIT corpus rejects different native adapter
2026-10-09T19:24:27.7845635Z   ---
2026-10-09T19:24:27.7845737Z   duration_ms: 5.547256
2026-10-09T19:24:27.7845827Z   type: 'test'
2026-10-09T19:24:27.7845906Z   ...
2026-10-09T19:24:27.7846088Z # Subtest: WIT corpus rejects different runtime
2026-10-09T19:24:27.7846260Z ok 401 - WIT corpus rejects different runtime
2026-10-09T19:24:27.7846339Z   ---
2026-10-09T19:24:27.7846443Z   duration_ms: 7.816022
2026-10-09T19:24:27.7846576Z   type: 'test'
2026-10-09T19:24:27.7846668Z   ...
2026-10-09T19:24:27.7846862Z # Subtest: WIT corpus rejects changed public header
2026-10-09T19:24:27.7847048Z ok 402 - WIT corpus rejects changed public header
2026-10-09T19:24:27.7847136Z   ---
2026-10-09T19:24:27.7847228Z   duration_ms: 5.079462
2026-10-09T19:24:27.7847320Z   type: 'test'
2026-10-09T19:24:27.7847407Z   ...
2026-10-09T19:24:27.7847593Z # Subtest: WIT corpus rejects changed engine payload
2026-10-09T19:24:27.7848016Z ok 403 - WIT corpus rejects changed engine payload
2026-10-09T19:24:27.7848184Z   ---
2026-10-09T19:24:27.7848378Z   duration_ms: 4.326446
2026-10-09T19:24:27.7848505Z   type: 'test'
2026-10-09T19:24:27.7848605Z   ...
2026-10-09T19:24:27.7848810Z # Subtest: WIT corpus rejects different engine pin
2026-10-09T19:24:27.7848991Z ok 404 - WIT corpus rejects different engine pin
2026-10-09T19:24:27.7849078Z   ---
2026-10-09T19:24:27.7849178Z   duration_ms: 5.316215
2026-10-09T19:24:27.7849446Z   type: 'test'
2026-10-09T19:24:27.7849531Z   ...
2026-10-09T19:24:27.7849766Z # Subtest: WIT corpus rejects different component binary
2026-10-09T19:24:27.7849972Z ok 405 - WIT corpus rejects different component binary
2026-10-09T19:24:27.7850053Z   ---
2026-10-09T19:24:27.7850154Z   duration_ms: 5.058629
2026-10-09T19:24:27.7850247Z   type: 'test'
2026-10-09T19:24:27.7850327Z   ...
2026-10-09T19:24:27.7850525Z # Subtest: WIT corpus rejects different WIT source
2026-10-09T19:24:27.7850709Z ok 406 - WIT corpus rejects different WIT source
2026-10-09T19:24:27.7850801Z   ---
2026-10-09T19:24:27.7850892Z   duration_ms: 4.769897
2026-10-09T19:24:27.7850984Z   type: 'test'
2026-10-09T19:24:27.7851069Z   ...
2026-10-09T19:24:27.7851282Z # Subtest: WIT corpus rejects missing binary declarations
2026-10-09T19:24:27.7851489Z ok 407 - WIT corpus rejects missing binary declarations
2026-10-09T19:24:27.7851573Z   ---
2026-10-09T19:24:27.7851768Z   duration_ms: 5.732614
2026-10-09T19:24:27.7851903Z   type: 'test'
2026-10-09T19:24:27.7852155Z   ...
2026-10-09T19:24:27.7852369Z # Subtest: WIT corpus rejects missing WIT declarations
2026-10-09T19:24:27.7852558Z ok 408 - WIT corpus rejects missing WIT declarations
2026-10-09T19:24:27.7852648Z   ---
2026-10-09T19:24:27.7852755Z   duration_ms: 4.428157
2026-10-09T19:24:27.7852840Z   type: 'test'
2026-10-09T19:24:27.7852926Z   ...
2026-10-09T19:24:27.7853136Z # Subtest: WIT corpus rejects different binary signature
2026-10-09T19:24:27.7853326Z ok 409 - WIT corpus rejects different binary signature
2026-10-09T19:24:27.7853412Z   ---
2026-10-09T19:24:27.7853510Z   duration_ms: 7.68676
2026-10-09T19:24:27.7853601Z   type: 'test'
2026-10-09T19:24:27.7853683Z   ...
2026-10-09T19:24:27.7853881Z # Subtest: WIT corpus rejects different WIT signature
2026-10-09T19:24:27.7854068Z ok 410 - WIT corpus rejects different WIT signature
2026-10-09T19:24:27.7854148Z   ---
2026-10-09T19:24:27.7854246Z   duration_ms: 9.256835
2026-10-09T19:24:27.7854336Z   type: 'test'
2026-10-09T19:24:27.7854420Z   ...
2026-10-09T19:24:27.7854637Z # Subtest: WIT corpus rejects different nested field type
2026-10-09T19:24:27.7854910Z ok 411 - WIT corpus rejects different nested field type
2026-10-09T19:24:27.7855056Z   ---
2026-10-09T19:24:27.7855157Z   duration_ms: 7.574068
2026-10-09T19:24:27.7855251Z   type: 'test'
2026-10-09T19:24:27.7855335Z   ...
2026-10-09T19:24:27.7855531Z # Subtest: WIT corpus rejects reordered record fields
2026-10-09T19:24:27.7855722Z ok 412 - WIT corpus rejects reordered record fields
2026-10-09T19:24:27.7855809Z   ---
2026-10-09T19:24:27.7855909Z   duration_ms: 6.410195
2026-10-09T19:24:27.7855996Z   type: 'test'
2026-10-09T19:24:27.7856083Z   ...
2026-10-09T19:24:27.7856264Z # Subtest: WIT corpus rejects changed Unit enum
2026-10-09T19:24:27.7856431Z ok 413 - WIT corpus rejects changed Unit enum
2026-10-09T19:24:27.7856519Z   ---
2026-10-09T19:24:27.7856617Z   duration_ms: 4.905412
2026-10-09T19:24:27.7856702Z   type: 'test'
2026-10-09T19:24:27.7856787Z   ...
2026-10-09T19:24:27.7857025Z # Subtest: WIT corpus rejects missing public interface export
2026-10-09T19:24:27.7857305Z ok 414 - WIT corpus rejects missing public interface export
2026-10-09T19:24:27.7857458Z   ---
2026-10-09T19:24:27.7857563Z   duration_ms: 4.635626
2026-10-09T19:24:27.7857927Z   type: 'test'
2026-10-09T19:24:27.7858032Z   ...
2026-10-09T19:24:27.7858258Z # Subtest: WIT corpus rejects unexpected world import
2026-10-09T19:24:27.7858452Z ok 415 - WIT corpus rejects unexpected world import
2026-10-09T19:24:27.7858538Z   ---
2026-10-09T19:24:27.7858643Z   duration_ms: 5.667681
2026-10-09T19:24:27.7858731Z   type: 'test'
2026-10-09T19:24:27.7858815Z   ...
2026-10-09T19:24:27.7859043Z # Subtest: WIT corpus rejects changed WIT package identity
2026-10-09T19:24:27.7859255Z ok 416 - WIT corpus rejects changed WIT package identity
2026-10-09T19:24:27.7859336Z   ---
2026-10-09T19:24:27.7859435Z   duration_ms: 4.797708
2026-10-09T19:24:27.7859527Z   type: 'test'
2026-10-09T19:24:27.7859610Z   ...
2026-10-09T19:24:27.7859810Z # Subtest: WIT corpus rejects cyclic type alias
2026-10-09T19:24:27.7860203Z ok 417 - WIT corpus rejects cyclic type alias
2026-10-09T19:24:27.7860288Z   ---
2026-10-09T19:24:27.7860387Z   duration_ms: 7.254895
2026-10-09T19:24:27.7860484Z   type: 'test'
2026-10-09T19:24:27.7860567Z   ...
2026-10-09T19:24:27.7860753Z # Subtest: WIT corpus rejects missing loaded engine
2026-10-09T19:24:27.7860941Z ok 418 - WIT corpus rejects missing loaded engine
2026-10-09T19:24:27.7861025Z   ---
2026-10-09T19:24:27.7861117Z   duration_ms: 9.927685
2026-10-09T19:24:27.7861211Z   type: 'test'
2026-10-09T19:24:27.7861376Z   ...
2026-10-09T19:24:27.7861636Z # Subtest: WIT corpus rejects unexpected local library
2026-10-09T19:24:27.7861828Z ok 419 - WIT corpus rejects unexpected local library
2026-10-09T19:24:27.7861915Z   ---
2026-10-09T19:24:27.7862016Z   duration_ms: 6.6329
2026-10-09T19:24:27.7862103Z   type: 'test'
2026-10-09T19:24:27.7862187Z   ...
2026-10-09T19:24:27.7862384Z # Subtest: WIT corpus rejects external engine override
2026-10-09T19:24:27.7862690Z ok 420 - WIT corpus rejects external engine override
2026-10-09T19:24:27.7862785Z   ---
2026-10-09T19:24:27.7862886Z   duration_ms: 4.828008
2026-10-09T19:24:27.7862978Z   type: 'test'
2026-10-09T19:24:27.7863057Z   ...
2026-10-09T19:24:27.7863250Z # Subtest: WIT corpus rejects changed loaded engine
2026-10-09T19:24:27.7863432Z ok 421 - WIT corpus rejects changed loaded engine
2026-10-09T19:24:27.7863512Z   ---
2026-10-09T19:24:27.7863612Z   duration_ms: 6.109439
2026-10-09T19:24:27.7863701Z   type: 'test'
2026-10-09T19:24:27.7863780Z   ...
2026-10-09T19:24:27.7863998Z # Subtest: WIT corpus rejects missing pkg-config identity
2026-10-09T19:24:27.7864252Z ok 422 - WIT corpus rejects missing pkg-config identity
2026-10-09T19:24:27.7864405Z   ---
2026-10-09T19:24:27.7864509Z   duration_ms: 4.761203
2026-10-09T19:24:27.7864603Z   type: 'test'
2026-10-09T19:24:27.7864689Z   ...
2026-10-09T19:24:27.7864891Z # Subtest: WIT corpus rejects external pkg-config flags
2026-10-09T19:24:27.7865098Z ok 423 - WIT corpus rejects external pkg-config flags
2026-10-09T19:24:27.7865185Z   ---
2026-10-09T19:24:27.7865282Z   duration_ms: 4.806658
2026-10-09T19:24:27.7865367Z   type: 'test'
2026-10-09T19:24:27.7865453Z   ...
2026-10-09T19:24:27.7865641Z # Subtest: WIT corpus rejects missing repeat run
2026-10-09T19:24:27.7865813Z ok 424 - WIT corpus rejects missing repeat run
2026-10-09T19:24:27.7865897Z   ---
2026-10-09T19:24:27.7865996Z   duration_ms: 3.641374
2026-10-09T19:24:27.7866081Z   type: 'test'
2026-10-09T19:24:27.7866167Z   ...
2026-10-09T19:24:27.7866377Z # Subtest: WIT corpus rejects unproved session ownership
2026-10-09T19:24:27.7866574Z ok 425 - WIT corpus rejects unproved session ownership
2026-10-09T19:24:27.7866654Z   ---
2026-10-09T19:24:27.7866752Z   duration_ms: 4.756283
2026-10-09T19:24:27.7866841Z   type: 'test'
2026-10-09T19:24:27.7866921Z   ...
2026-10-09T19:24:27.7867112Z # Subtest: WIT corpus rejects changed failed output
2026-10-09T19:24:27.7867297Z ok 426 - WIT corpus rejects changed failed output
2026-10-09T19:24:27.7867383Z   ---
2026-10-09T19:24:27.7867483Z   duration_ms: 2.441786
2026-10-09T19:24:27.7867574Z   type: 'test'
2026-10-09T19:24:27.7868017Z   ...
2026-10-09T19:24:27.7868282Z # Subtest: WIT corpus rejects wrong rejection stage
2026-10-09T19:24:27.7868485Z ok 427 - WIT corpus rejects wrong rejection stage
2026-10-09T19:24:27.7868577Z   ---
2026-10-09T19:24:27.7868674Z   duration_ms: 2.405629
2026-10-09T19:24:27.7868771Z   type: 'test'
2026-10-09T19:24:27.7868859Z   ...
2026-10-09T19:24:27.7869055Z # Subtest: WIT corpus rejects wrong rejection message
2026-10-09T19:24:27.7869251Z ok 428 - WIT corpus rejects wrong rejection message
2026-10-09T19:24:27.7869337Z   ---
2026-10-09T19:24:27.7869442Z   duration_ms: 3.620274
2026-10-09T19:24:27.7869530Z   type: 'test'
2026-10-09T19:24:27.7869620Z   ...
2026-10-09T19:24:27.7869837Z # Subtest: WIT corpus rejects different negative caller
2026-10-09T19:24:27.7870027Z ok 429 - WIT corpus rejects different negative caller
2026-10-09T19:24:27.7870280Z   ---
2026-10-09T19:24:27.7870388Z   duration_ms: 2.6952
2026-10-09T19:24:27.7870478Z   type: 'test'
2026-10-09T19:24:27.7870585Z   ...
2026-10-09T19:24:27.7870799Z # Subtest: WIT corpus rejects unrelated compiler error
2026-10-09T19:24:27.7870995Z ok 430 - WIT corpus rejects unrelated compiler error
2026-10-09T19:24:27.7871078Z   ---
2026-10-09T19:24:27.7871182Z   duration_ms: 4.125151
2026-10-09T19:24:27.7871297Z   type: 'test'
2026-10-09T19:24:27.7871470Z   ...
2026-10-09T19:24:27.7871699Z # Subtest: WIT corpus rejects missing runtime error
2026-10-09T19:24:27.7871885Z ok 431 - WIT corpus rejects missing runtime error
2026-10-09T19:24:27.7871975Z   ---
2026-10-09T19:24:27.7872072Z   duration_ms: 4.397571
2026-10-09T19:24:27.7872164Z   type: 'test'
2026-10-09T19:24:27.7872252Z   ...
2026-10-09T19:24:27.7872448Z # Subtest: WIT corpus rejects duplicated runtime error
2026-10-09T19:24:27.7872638Z ok 432 - WIT corpus rejects duplicated runtime error
2026-10-09T19:24:27.7872727Z   ---
2026-10-09T19:24:27.7872962Z   duration_ms: 5.903283
2026-10-09T19:24:27.7873062Z   type: 'test'
2026-10-09T19:24:27.7873148Z   ...
2026-10-09T19:24:27.7873365Z # Subtest: WIT corpus rejects wrong supplemental message
2026-10-09T19:24:27.7873562Z ok 433 - WIT corpus rejects wrong supplemental message
2026-10-09T19:24:27.7873649Z   ---
2026-10-09T19:24:27.7873748Z   duration_ms: 5.159219
2026-10-09T19:24:27.7873834Z   type: 'test'
2026-10-09T19:24:27.7873918Z   ...
2026-10-09T19:24:27.7874107Z # Subtest: WIT corpus rejects failed trap recovery
2026-10-09T19:24:27.7874283Z ok 434 - WIT corpus rejects failed trap recovery
2026-10-09T19:24:27.7874368Z   ---
2026-10-09T19:24:27.7874467Z   duration_ms: 7.30535
2026-10-09T19:24:27.7874558Z   type: 'test'
2026-10-09T19:24:27.7874637Z   ...
2026-10-09T19:24:27.7875037Z # Subtest: WIT corpus rejects failed supplemental output preservation
2026-10-09T19:24:27.7875324Z ok 435 - WIT corpus rejects failed supplemental output preservation
2026-10-09T19:24:27.7875411Z   ---
2026-10-09T19:24:27.7875531Z   duration_ms: 7.377145
2026-10-09T19:24:27.7875631Z   type: 'test'
2026-10-09T19:24:27.7875721Z   ...
2026-10-09T19:24:27.7875980Z # Subtest: WIT corpus rejects missing sourcesRemovedBeforeInstall
2026-10-09T19:24:27.7876229Z ok 436 - WIT corpus rejects missing sourcesRemovedBeforeInstall
2026-10-09T19:24:27.7876316Z   ---
2026-10-09T19:24:27.7876409Z   duration_ms: 2.356516
2026-10-09T19:24:27.7876504Z   type: 'test'
2026-10-09T19:24:27.7876592Z   ...
2026-10-09T19:24:27.7876828Z # Subtest: WIT corpus rejects missing installedSourcesRemoved
2026-10-09T19:24:27.7877057Z ok 437 - WIT corpus rejects missing installedSourcesRemoved
2026-10-09T19:24:27.7877143Z   ---
2026-10-09T19:24:27.7877243Z   duration_ms: 2.338622
2026-10-09T19:24:27.7877328Z   type: 'test'
2026-10-09T19:24:27.7877414Z   ...
2026-10-09T19:24:27.7877590Z # Subtest: WIT corpus rejects missing offline
2026-10-09T19:24:27.7878156Z ok 438 - WIT corpus rejects missing offline
2026-10-09T19:24:27.7878295Z   ---
2026-10-09T19:24:27.7878419Z   duration_ms: 2.277198
2026-10-09T19:24:27.7878507Z   type: 'test'
2026-10-09T19:24:27.7878593Z   ...
2026-10-09T19:24:27.7878847Z # Subtest: WIT corpus rejects missing runtimeOverridesDisabled
2026-10-09T19:24:27.7879080Z ok 439 - WIT corpus rejects missing runtimeOverridesDisabled
2026-10-09T19:24:27.7879159Z   ---
2026-10-09T19:24:27.7879256Z   duration_ms: 2.879335
2026-10-09T19:24:27.7879348Z   type: 'test'
2026-10-09T19:24:27.7879427Z   ...
2026-10-09T19:24:27.7879643Z # Subtest: WIT corpus rejects missing publicHeadersOnly
2026-10-09T19:24:27.7879844Z ok 440 - WIT corpus rejects missing publicHeadersOnly
2026-10-09T19:24:27.7879931Z   ---
2026-10-09T19:24:27.7880027Z   duration_ms: 3.477136
2026-10-09T19:24:27.7880194Z   type: 'test'
2026-10-09T19:24:27.7880355Z   ...
2026-10-09T19:24:27.7880756Z # Subtest: WIT corpus rejects missing compilerFreeExecution
2026-10-09T19:24:27.7880993Z ok 441 - WIT corpus rejects missing compilerFreeExecution
2026-10-09T19:24:27.7881085Z   ---
2026-10-09T19:24:27.7881387Z   duration_ms: 2.407392
2026-10-09T19:24:27.7881485Z   type: 'test'
2026-10-09T19:24:27.7881573Z   ...
2026-10-09T19:24:27.7881841Z # Subtest: WIT corpus rejects missing localLibraries
2026-10-09T19:24:27.7882223Z ok 442 - WIT corpus rejects missing localLibraries
2026-10-09T19:24:27.7882382Z   ---
2026-10-09T19:24:27.7882497Z   duration_ms: 2.318084
2026-10-09T19:24:27.7882588Z   type: 'test'
2026-10-09T19:24:27.7882677Z   ...
2026-10-09T19:27:58.0188146Z # Subtest: real Lean corpus matches independently rebuilt archives in source-free consumers
2026-10-09T19:27:58.0189726Z ok 443 - real Lean corpus matches independently rebuilt archives in source-free consumers
2026-10-09T19:27:58.0190830Z   ---
2026-10-09T19:27:58.0191303Z   duration_ms: 210368.099359
2026-10-09T19:27:58.0191803Z   type: 'test'
2026-10-09T19:27:58.0192171Z   ...
2026-10-09T19:27:58.0192918Z # shop: compiling Lean oracle
2026-10-09T19:27:58.0193674Z # shop: building pypi archives 1/2
2026-10-09T19:27:58.0194852Z # shop: building pypi archives 2/2
2026-10-09T19:27:58.0195988Z # shop: installing and executing python without Lean sources or compilers
2026-10-09T19:27:58.0197057Z # telemetry: compiling Lean oracle
2026-10-09T19:27:58.0198121Z # telemetry: building pypi archives 1/2
2026-10-09T19:27:58.0198963Z # telemetry: building pypi archives 2/2
2026-10-09T19:27:58.0200083Z # telemetry: installing and executing python without Lean sources or compilers
2026-10-09T19:27:58.0201532Z # Corpus report: build/type-corpus/python.json (124 cases, 41 scoped cells, 6691 gaps)
2026-10-09T19:27:58.0558787Z 1..443
2026-10-09T19:27:58.0559214Z # tests 443
2026-10-09T19:27:58.0559553Z # suites 0
2026-10-09T19:27:58.0559883Z # pass 443
2026-10-09T19:27:58.0560215Z # fail 0
2026-10-09T19:27:58.0560738Z # cancelled 0
2026-10-09T19:27:58.0562302Z # skipped 0
2026-10-09T19:27:58.0578607Z # todo 0
2026-10-09T19:27:58.0579020Z # duration_ms 219452.367215
2026-10-09T19:27:58.1106723Z TAP version 13
2026-10-09T19:31:30.3482983Z # Subtest: reviewed native corpus executes installed public APIs after compiler reconciliation
2026-10-09T19:31:30.3492574Z ok 1 - reviewed native corpus executes installed public APIs after compiler reconciliation
2026-10-09T19:31:30.3493912Z   ---
2026-10-09T19:31:30.3494245Z   duration_ms: 211817.415814
2026-10-09T19:31:30.3494600Z   type: 'test'
2026-10-09T19:31:30.3495053Z   ...
2026-10-09T19:31:30.3495956Z # shop: compiling Lean oracle
2026-10-09T19:31:30.3503747Z # shop: building pypi archives 1/2
2026-10-09T19:31:30.3505343Z # shop: building pypi archives 2/2
2026-10-09T19:31:30.3510014Z # shop: installing and executing python without Lean sources or compilers
2026-10-09T19:31:30.3511237Z # telemetry: compiling Lean oracle
2026-10-09T19:31:30.3513938Z # telemetry: building pypi archives 1/2
2026-10-09T19:31:30.3515611Z # telemetry: building pypi archives 2/2
2026-10-09T19:31:30.3517295Z # telemetry: installing and executing python without Lean sources or compilers
2026-10-09T19:31:30.3519717Z # Compiler-checked reviewed native report: {"libraries":2,"profiles":1,"installedRuns":2,"catalogCases":124,"executedCases":124,"compileRejectedCases":0,"observedCells":41,"gapCells":6691}
2026-10-09T19:31:30.3749491Z 1..1
2026-10-09T19:31:30.3749811Z # tests 1
2026-10-09T19:31:30.3750110Z # suites 0
2026-10-09T19:31:30.3750683Z # pass 1
2026-10-09T19:31:30.3751250Z # fail 0
2026-10-09T19:31:30.3751945Z # cancelled 0
2026-10-09T19:31:30.3752552Z # skipped 0
2026-10-09T19:31:30.3753112Z # todo 0
2026-10-09T19:31:30.3753776Z # duration_ms 212276.460085
2026-10-09T19:31:30.4202816Z TAP version 13
2026-10-09T19:32:59.1518814Z # Subtest: ordinary and reviewed Char packages preserve Unicode scalars in installed native consumers
2026-10-09T19:32:59.1527922Z ok 1 - ordinary and reviewed Char packages preserve Unicode scalars in installed native consumers
2026-10-09T19:32:59.1529853Z   ---
2026-10-09T19:32:59.1530146Z   duration_ms: 88451.669436
2026-10-09T19:32:59.1530465Z   type: 'test'
2026-10-09T19:32:59.1530736Z   ...
2026-10-09T19:32:59.1531839Z # ordinary-source: building python
2026-10-09T19:32:59.1539789Z # ordinary-source: installing and checking python
2026-10-09T19:32:59.1541597Z # reviewed-ir: building python
2026-10-09T19:32:59.1545267Z # reviewed-ir: installing and checking python
2026-10-09T19:32:59.1694575Z 1..1
2026-10-09T19:32:59.1695260Z # tests 1
2026-10-09T19:32:59.1695999Z # suites 0
2026-10-09T19:32:59.1697437Z # pass 1
2026-10-09T19:32:59.1698098Z # fail 0
2026-10-09T19:32:59.1699027Z # cancelled 0
2026-10-09T19:32:59.1699587Z # skipped 0
2026-10-09T19:32:59.1700149Z # todo 0
2026-10-09T19:32:59.1700904Z # duration_ms 88761.137268
2026-10-09T19:32:59.2153382Z TAP version 13
2026-10-09T19:34:25.1720713Z # Subtest: ordinary and reviewed Word packages preserve compiled platform integers in installed native consumers
2026-10-09T19:34:25.1730361Z ok 1 - ordinary and reviewed Word packages preserve compiled platform integers in installed native consumers
2026-10-09T19:34:25.1731293Z   ---
2026-10-09T19:34:25.1731540Z   duration_ms: 85667.81395
2026-10-09T19:34:25.1732084Z   type: 'test'
2026-10-09T19:34:25.1732320Z   ...
2026-10-09T19:34:25.1733308Z # ordinary-source: building python
2026-10-09T19:34:25.1741560Z # ordinary-source: installing and checking python
2026-10-09T19:34:25.1743021Z # reviewed-ir: building python
2026-10-09T19:34:25.1747197Z # reviewed-ir: installing and checking python
2026-10-09T19:34:25.1900518Z 1..1
2026-10-09T19:34:25.1901466Z # tests 1
2026-10-09T19:34:25.1902299Z # suites 0
2026-10-09T19:34:25.1903759Z # pass 1
2026-10-09T19:34:25.1904383Z # fail 0
2026-10-09T19:34:25.1905278Z # cancelled 0
2026-10-09T19:34:25.1905867Z # skipped 0
2026-10-09T19:34:25.1906511Z # todo 0
2026-10-09T19:34:25.1907248Z # duration_ms 85986.64976
2026-10-09T19:34:25.2369613Z TAP version 13
2026-10-09T19:36:04.2874500Z # Subtest: installed Python callbacks and returned closures preserve all nineteen primitives on both source paths
2026-10-09T19:36:04.2889860Z ok 1 - installed Python callbacks and returned closures preserve all nineteen primitives on both source paths
2026-10-09T19:36:04.2890747Z   ---
2026-10-09T19:36:04.2890973Z   duration_ms: 98775.523896
2026-10-09T19:36:04.2891227Z   type: 'test'
2026-10-09T19:36:04.2891439Z   ...
2026-10-09T19:36:04.2891839Z # ordinary-source: compiling the 60-export Python callable library
2026-10-09T19:36:04.2899155Z # ordinary-source: installing the relocated wheel offline without author inputs or compilers
2026-10-09T19:36:04.2900809Z # reviewed-ir: compiling the 60-export Python callable library
2026-10-09T19:36:04.2902652Z # reviewed-ir: installing the relocated wheel offline without author inputs or compilers
2026-10-09T19:36:04.3077084Z 1..1
2026-10-09T19:36:04.3078793Z # tests 1
2026-10-09T19:36:04.3079662Z # suites 0
2026-10-09T19:36:04.3080307Z # pass 1
2026-10-09T19:36:04.3081093Z # fail 0
2026-10-09T19:36:04.3081781Z # cancelled 0
2026-10-09T19:36:04.3082462Z # skipped 0
2026-10-09T19:36:04.3082999Z # todo 0
2026-10-09T19:36:04.3083657Z # duration_ms 99082.791057
2026-10-09T19:36:04.3531626Z TAP version 13
2026-10-09T19:38:51.0812092Z # Subtest: installed Python structured callbacks preserve nested values, exception cleanup and source-free closures
2026-10-09T19:38:51.0821447Z ok 1 - installed Python structured callbacks preserve nested values, exception cleanup and source-free closures
2026-10-09T19:38:51.0822627Z   ---
2026-10-09T19:38:51.0822914Z   duration_ms: 166449.260744
2026-10-09T19:38:51.0823245Z   type: 'test'
2026-10-09T19:38:51.0823504Z   ...
2026-10-09T19:38:51.0824742Z # ordinary-source: compiling eight structured Python callback/closure shapes
2026-10-09T19:38:51.0832939Z # ordinary-source: testing relocated original wheels offline on Python 3.11 and 3.12
2026-10-09T19:38:51.0834561Z # ordinary-source: 32236 public checks and 5488 injected failures per interpreter
2026-10-09T19:38:51.0838106Z # reviewed-ir: compiling eight structured Python callback/closure shapes
2026-10-09T19:38:51.0840004Z # reviewed-ir: testing relocated original wheels offline on Python 3.11 and 3.12
2026-10-09T19:38:51.0842788Z # reviewed-ir: 32236 public checks and 5488 injected failures per interpreter
2026-10-09T19:38:51.1031981Z 1..1
2026-10-09T19:38:51.1034287Z # tests 1
2026-10-09T19:38:51.1034700Z # suites 0
2026-10-09T19:38:51.1035082Z # pass 1
2026-10-09T19:38:51.1035469Z # fail 0
2026-10-09T19:38:51.1035846Z # cancelled 0
2026-10-09T19:38:51.1036438Z # skipped 0
2026-10-09T19:38:51.1037210Z # todo 0
2026-10-09T19:38:51.1038088Z # duration_ms 166762.250664
2026-10-09T19:38:51.1508864Z TAP version 13
2026-10-09T19:43:34.6355081Z # Subtest: original recursive Python wheels preserve callbacks and closures without the producer
2026-10-09T19:43:34.6362289Z ok 1 - original recursive Python wheels preserve callbacks and closures without the producer
2026-10-09T19:43:34.6363262Z   ---
2026-10-09T19:43:34.6363705Z   duration_ms: 283203.809117
2026-10-09T19:43:34.6364334Z   type: 'test'
2026-10-09T19:43:34.6364738Z   ...
2026-10-09T19:43:34.6365962Z # ordinary-source: compiling 33 recursive Python exports with 18 callback signatures
2026-10-09T19:43:34.6367972Z # ordinary-source: installing original wheels offline on Python 3.11/3.12 with minimum/current typing dependencies
2026-10-09T19:43:34.6372825Z # ordinary-source: 925 recursive checks and 9984 injected failures per installation
2026-10-09T19:43:34.6375156Z # reviewed-ir: compiling 33 recursive Python exports with 18 callback signatures
2026-10-09T19:43:34.6376795Z # reviewed-ir: installing original wheels offline on Python 3.11/3.12 with minimum/current typing dependencies
2026-10-09T19:43:34.6378621Z # reviewed-ir: 925 recursive checks and 9984 injected failures per installation
2026-10-09T19:43:34.6573134Z 1..1
2026-10-09T19:43:34.6573542Z # tests 1
2026-10-09T19:43:34.6574036Z # suites 0
2026-10-09T19:43:34.6574712Z # pass 1
2026-10-09T19:43:34.6575278Z # fail 0
2026-10-09T19:43:34.6575887Z # cancelled 0
2026-10-09T19:43:34.6576480Z # skipped 0
2026-10-09T19:43:34.6577062Z # todo 0
2026-10-09T19:43:34.6577883Z # duration_ms 283519.814893
2026-10-09T19:43:34.7053654Z TAP version 13
2026-10-09T19:45:17.8166524Z # Subtest: installed Python compounds preserve copied values on both source paths
2026-10-09T19:45:17.8172711Z ok 1 - installed Python compounds preserve copied values on both source paths
2026-10-09T19:45:17.8173772Z   ---
2026-10-09T19:45:17.8174194Z   duration_ms: 102823.8137
2026-10-09T19:45:17.8174667Z   type: 'test'
2026-10-09T19:45:17.8175037Z   ...
2026-10-09T19:45:17.8175818Z # ordinary-source: compiling Python compounds
2026-10-09T19:45:17.8181142Z # ordinary-source: installing the relocated wheel without producer files or compilers
2026-10-09T19:45:17.8182227Z # reviewed-ir: compiling Python compounds
2026-10-09T19:45:17.8184765Z # reviewed-ir: installing the relocated wheel without producer files or compilers
2026-10-09T19:45:17.8372916Z 1..1
2026-10-09T19:45:17.8373357Z # tests 1
2026-10-09T19:45:17.8374063Z # suites 0
2026-10-09T19:45:17.8375264Z # pass 1
2026-10-09T19:45:17.8375842Z # fail 0
2026-10-09T19:45:17.8376505Z # cancelled 0
2026-10-09T19:45:17.8377134Z # skipped 0
2026-10-09T19:45:17.8377909Z # todo 0
2026-10-09T19:45:17.8378898Z # duration_ms 103144.05845
2026-10-09T19:45:17.8830369Z TAP version 13
2026-10-09T19:46:53.5436402Z # Subtest: installed Python lists preserve copied values on both source paths
2026-10-09T19:46:53.5445592Z ok 1 - installed Python lists preserve copied values on both source paths
2026-10-09T19:46:53.5446828Z   ---
2026-10-09T19:46:53.5447097Z   duration_ms: 95371.464712
2026-10-09T19:46:53.5447393Z   type: 'test'
2026-10-09T19:46:53.5447861Z   ...
2026-10-09T19:46:53.5449069Z # ordinary-source: compiling Python lists
2026-10-09T19:46:53.5456890Z # ordinary-source: installing the relocated wheel without producer files or compilers
2026-10-09T19:46:53.5458681Z # reviewed-ir: compiling Python lists
2026-10-09T19:46:53.5462841Z # reviewed-ir: installing the relocated wheel without producer files or compilers
2026-10-09T19:46:53.5632227Z 1..1
2026-10-09T19:46:53.5632655Z # tests 1
2026-10-09T19:46:53.5633561Z # suites 0
2026-10-09T19:46:53.5634718Z # pass 1
2026-10-09T19:46:53.5638541Z # fail 0
2026-10-09T19:46:53.5638916Z # cancelled 0
2026-10-09T19:46:53.5639366Z # skipped 0
2026-10-09T19:46:53.5639816Z # todo 0
2026-10-09T19:46:53.5640306Z # duration_ms 95692.062349
2026-10-09T19:46:56.5778361Z Collecting mypy==1.17.1
2026-10-09T19:46:56.6209119Z   Downloading mypy-1.17.1-cp312-cp312-manylinux2014_x86_64.manylinux_2_17_x86_64.manylinux_2_28_x86_64.whl.metadata (2.2 kB)
2026-10-09T19:46:56.6395741Z Collecting typing_extensions==4.16.0
2026-10-09T19:46:56.6466947Z   Downloading typing_extensions-4.16.0-py3-none-any.whl.metadata (3.3 kB)
2026-10-09T19:46:56.6595969Z Collecting mypy_extensions==1.1.0
2026-10-09T19:46:56.6660430Z   Downloading mypy_extensions-1.1.0-py3-none-any.whl.metadata (1.1 kB)
2026-10-09T19:46:56.6786321Z Collecting pathspec==1.1.1
2026-10-09T19:46:56.6852307Z   Downloading pathspec-1.1.1-py3-none-any.whl.metadata (14 kB)
2026-10-09T19:46:56.7059291Z Downloading mypy-1.17.1-cp312-cp312-manylinux2014_x86_64.manylinux_2_17_x86_64.manylinux_2_28_x86_64.whl (12.7 MB)
2026-10-09T19:46:56.7755777Z    ━━━━━━━━━━━━━━━━━━━━━━━━━━━━━━━━━━━━━━━━ 12.7/12.7 MB 244.2 MB/s eta 0:00:00
2026-10-09T19:46:56.7822028Z Downloading typing_extensions-4.16.0-py3-none-any.whl (45 kB)
2026-10-09T19:46:56.7886900Z Downloading mypy_extensions-1.1.0-py3-none-any.whl (5.0 kB)
2026-10-09T19:46:56.7950367Z Downloading pathspec-1.1.1-py3-none-any.whl (57 kB)
2026-10-09T19:46:56.8397630Z Installing collected packages: typing_extensions, pathspec, mypy_extensions, mypy
2026-10-09T19:46:58.2759335Z Successfully installed mypy-1.17.1 mypy_extensions-1.1.0 pathspec-1.1.1 typing_extensions-4.16.0
2026-10-09T19:46:58.3731090Z 
2026-10-09T19:46:58.3731835Z [notice] A new release of pip is available: 25.0.1 -> 26.2.1
2026-10-09T19:46:58.3732681Z [notice] To update, run: python -m pip install --upgrade pip
2026-10-09T19:46:58.4667459Z TAP version 13
2026-10-09T19:48:42.5743092Z # Subtest: installed Python aliases retain named types and exact values after relocation
2026-10-09T19:48:42.5752646Z ok 1 - installed Python aliases retain named types and exact values after relocation
2026-10-09T19:48:42.5754216Z   ---
2026-10-09T19:48:42.5754460Z   duration_ms: 103835.995439
2026-10-09T19:48:42.5754717Z   type: 'test'
2026-10-09T19:48:42.5754925Z   ...
2026-10-09T19:48:42.5756198Z # ordinary-source: compiling named Python aliases
2026-10-09T19:48:42.5765099Z # ordinary-source: offline wheel installation without producer files or compilers
2026-10-09T19:48:42.5766331Z # reviewed-ir: compiling named Python aliases
2026-10-09T19:48:42.5785572Z # reviewed-ir: offline wheel installation without producer files or compilers
2026-10-09T19:48:42.5964788Z 1..1
2026-10-09T19:48:42.5965192Z # tests 1
2026-10-09T19:48:42.5966041Z # suites 0
2026-10-09T19:48:42.5967407Z # pass 1
2026-10-09T19:48:42.5968335Z # fail 0
2026-10-09T19:48:42.5969204Z # cancelled 0
2026-10-09T19:48:42.5969801Z # skipped 0
2026-10-09T19:48:42.5970350Z # todo 0
2026-10-09T19:48:42.5970954Z # duration_ms 104141.687376
2026-10-09T19:48:42.6437128Z TAP version 13
2026-10-09T19:48:42.9388545Z # Subtest: Python wheels are checked Fin consumers beside C and C++
2026-10-09T19:48:42.9399962Z ok 1 - Python wheels are checked Fin consumers beside C and C++
2026-10-09T19:48:42.9400599Z   ---
2026-10-09T19:48:42.9400967Z   duration_ms: 0.917963
2026-10-09T19:48:42.9401312Z   type: 'test'
2026-10-09T19:48:42.9401641Z   ...
2026-10-09T19:48:42.9402395Z # Subtest: generated Python bound docs come only from checked refinement metadata
2026-10-09T19:48:42.9405955Z ok 2 - generated Python bound docs come only from checked refinement metadata
2026-10-09T19:48:42.9406911Z   ---
2026-10-09T19:48:42.9407452Z   duration_ms: 15.378361
2026-10-09T19:48:42.9408338Z   type: 'test'
2026-10-09T19:48:42.9408880Z   ...
2026-10-09T19:52:54.5558293Z # Subtest: relocated source-free Python wheels check Fin bounds through public and raw adapters
2026-10-09T19:52:54.5560408Z ok 3 - relocated source-free Python wheels check Fin bounds through public and raw adapters
2026-10-09T19:52:54.5561852Z   ---
2026-10-09T19:52:54.5562775Z   duration_ms: 251619.749064
2026-10-09T19:52:54.5563291Z   type: 'test'
2026-10-09T19:52:54.5563837Z   ...
2026-10-09T19:52:54.5564517Z # build 0: compiling the shared C library and Python wheel
2026-10-09T19:52:54.5565500Z # Python 3.11: offline wheel installation without producer files or compilers
2026-10-09T19:52:54.5566386Z # Python 3.12: offline wheel installation without producer files or compilers
2026-10-09T19:52:54.5568911Z # build 1: compiling the shared C library and Python wheel
2026-10-09T19:57:03.6806103Z # Subtest: independently reviewed Python wheels check scalar Fin through installed public and raw adapters
2026-10-09T19:57:03.6829389Z ok 4 - independently reviewed Python wheels check scalar Fin through installed public and raw adapters
2026-10-09T19:57:03.6838706Z   ---
2026-10-09T19:57:03.6839098Z   duration_ms: 249124.899923
2026-10-09T19:57:03.6839531Z   type: 'test'
2026-10-09T19:57:03.6840078Z   ...
2026-10-09T19:57:03.6840458Z # build 0: compiling the shared C library and Python wheel
2026-10-09T19:57:03.6841028Z # Python 3.11: offline wheel installation without producer files or compilers
2026-10-09T19:57:03.6841688Z # Python 3.12: offline wheel installation without producer files or compilers
2026-10-09T19:57:03.6842228Z # build 1: compiling the shared C library and Python wheel
2026-10-09T19:57:03.6979575Z 1..4
2026-10-09T19:57:03.6979996Z # tests 4
2026-10-09T19:57:03.6980676Z # suites 0
2026-10-09T19:57:03.6981361Z # pass 4
2026-10-09T19:57:03.6981911Z # fail 0
2026-10-09T19:57:03.6982697Z # cancelled 0
2026-10-09T19:57:03.6983232Z # skipped 0
2026-10-09T19:57:03.6983874Z # todo 0
2026-10-09T19:57:03.6984543Z # duration_ms 501066.330399
2026-10-09T19:57:03.7422362Z TAP version 13
2026-10-09T19:57:04.5717079Z # Subtest: Native consumer CI repair integration authenticates each exact source predecessor
2026-10-09T19:57:04.5723013Z ok 1 - Native consumer CI repair integration authenticates each exact source predecessor
2026-10-09T19:57:04.5723851Z   ---
2026-10-09T19:57:04.5724319Z   duration_ms: 474.986589
2026-10-09T19:57:04.5724833Z   type: 'test'
2026-10-09T19:57:04.5725196Z   ...
2026-10-09T19:57:04.9773896Z # Subtest: Native consumer CI repair source pins do not change observations or other inventory claims
2026-10-09T19:57:04.9775299Z ok 2 - Native consumer CI repair source pins do not change observations or other inventory claims
2026-10-09T19:57:04.9775840Z   ---
2026-10-09T19:57:04.9776058Z   duration_ms: 405.36493
2026-10-09T19:57:04.9776295Z   type: 'test'
2026-10-09T19:57:04.9776503Z   ...
2026-10-09T19:57:04.9809026Z # Subtest: every native profile has a specialization consumer for the same concrete exports
2026-10-09T19:57:04.9812730Z ok 3 - every native profile has a specialization consumer for the same concrete exports
2026-10-09T19:57:04.9813636Z   ---
2026-10-09T19:57:04.9814052Z   duration_ms: 3.217689
2026-10-09T19:57:04.9829373Z   type: 'test'
2026-10-09T19:57:04.9830169Z   ...
2026-10-09T19:57:04.9831406Z # Subtest: native builds admit a generic structure instantiation named by an alias, with its provenance
2026-10-09T19:57:04.9835820Z ok 4 - native builds admit a generic structure instantiation named by an alias, with its provenance # SKIP
2026-10-09T19:57:04.9836812Z   ---
2026-10-09T19:57:04.9837204Z   duration_ms: 0.269886
2026-10-09T19:57:04.9837896Z   type: 'test'
2026-10-09T19:57:04.9838297Z   ...
2026-10-09T19:58:26.6660997Z # Subtest: relocated source-free native packages install concrete specializations without the generic declaration
2026-10-09T19:58:26.6664817Z ok 5 - relocated source-free native packages install concrete specializations without the generic declaration
2026-10-09T19:58:26.6665640Z   ---
2026-10-09T19:58:26.6666050Z   duration_ms: 81685.127781
2026-10-09T19:58:26.6666550Z   type: 'test'
2026-10-09T19:58:26.6666965Z   ...
2026-10-09T19:58:26.6667401Z # build 0: python
2026-10-09T19:58:26.6668239Z # installing and checking python
2026-10-09T19:58:26.6669240Z # build 1: python
2026-10-09T19:58:26.6879141Z 1..5
2026-10-09T19:58:26.6879583Z # tests 5
2026-10-09T19:58:26.6879965Z # suites 0
2026-10-09T19:58:26.6880364Z # pass 4
2026-10-09T19:58:26.6880977Z # fail 0
2026-10-09T19:58:26.6881615Z # cancelled 0
2026-10-09T19:58:26.6882096Z # skipped 1
2026-10-09T19:58:26.6882668Z # todo 0
2026-10-09T19:58:26.6883290Z # duration_ms 82957.52467
2026-10-09T19:58:26.7333113Z TAP version 13
2026-10-09T19:59:51.7606213Z # Subtest: relocated source-free native packages construct and project alias-named generic records
2026-10-09T19:59:51.7614652Z ok 1 - relocated source-free native packages construct and project alias-named generic records
2026-10-09T19:59:51.7616387Z   ---
2026-10-09T19:59:51.7616789Z   duration_ms: 84501.886128
2026-10-09T19:59:51.7617234Z   type: 'test'
2026-10-09T19:59:51.7617494Z   ...
2026-10-09T19:59:51.7619387Z # build 0: python
2026-10-09T19:59:51.7625658Z # installing and checking python
2026-10-09T19:59:51.7629225Z # build 1: python
2026-10-09T20:01:15.0751822Z # Subtest: relocated source-free native packages construct specialized generic records in two namespaces and Option/List aliases
2026-10-09T20:01:15.0753992Z ok 2 - relocated source-free native packages construct specialized generic records in two namespaces and Option/List aliases
2026-10-09T20:01:15.0755236Z   ---
2026-10-09T20:01:15.0755685Z   duration_ms: 83315.582244
2026-10-09T20:01:15.0756168Z   type: 'test'
2026-10-09T20:01:15.0756585Z   ...
2026-10-09T20:01:15.0757010Z # build 0: python
2026-10-09T20:01:15.0759415Z # installing and checking python
2026-10-09T20:01:15.0760515Z # build 1: python
2026-10-09T20:01:15.0936992Z 1..2
2026-10-09T20:01:15.0937398Z # tests 2
2026-10-09T20:01:15.0938202Z # suites 0
2026-10-09T20:01:15.0938873Z # pass 2
2026-10-09T20:01:15.0939611Z # fail 0
2026-10-09T20:01:15.0940110Z # cancelled 0
2026-10-09T20:01:15.0940835Z # skipped 0
2026-10-09T20:01:15.0941357Z # todo 0
2026-10-09T20:01:15.0942015Z # duration_ms 168372.648905
2026-10-09T20:01:15.1394653Z TAP version 13
2026-10-09T20:01:15.5871812Z # Subtest: the Array source is the accepted specialization source with GenericRecordArrays.lean appended
2026-10-09T20:01:15.5881076Z ok 1 - the Array source is the accepted specialization source with GenericRecordArrays.lean appended
2026-10-09T20:01:15.5881827Z   ---
2026-10-09T20:01:15.5882256Z   duration_ms: 9.760753
2026-10-09T20:01:15.5882833Z   type: 'test'
2026-10-09T20:01:15.5883316Z   ...
2026-10-09T20:01:15.5884289Z # Subtest: the Array configuration keeps every specialized export and decision and adds exactly four exports
2026-10-09T20:01:15.5886038Z ok 2 - the Array configuration keeps every specialized export and decision and adds exactly four exports
2026-10-09T20:01:15.5887197Z   ---
2026-10-09T20:01:15.5887861Z   duration_ms: 1.257939
2026-10-09T20:01:15.5888410Z   type: 'test'
2026-10-09T20:01:15.5891467Z   ...
2026-10-09T20:01:15.6104056Z # Subtest: each Array consumer is the pinned specialized consumer with one fragment inserted at its marker
2026-10-09T20:01:15.6105966Z ok 3 - each Array consumer is the pinned specialized consumer with one fragment inserted at its marker
2026-10-09T20:01:15.6107019Z   ---
2026-10-09T20:01:15.6107554Z   duration_ms: 22.581206
2026-10-09T20:01:15.6108376Z   type: 'test'
2026-10-09T20:01:15.6108864Z   ...
2026-10-09T20:01:15.6335092Z # Subtest: the old generic-record consumers stay byte-identical and keep their List, Option and nominal-identity checks
2026-10-09T20:01:15.6349710Z ok 4 - the old generic-record consumers stay byte-identical and keep their List, Option and nominal-identity checks
2026-10-09T20:01:15.6350899Z   ---
2026-10-09T20:01:15.6351538Z   duration_ms: 23.603107
2026-10-09T20:01:15.6352210Z   type: 'test'
2026-10-09T20:01:15.6352782Z   ...
2026-10-09T20:01:15.6354024Z # Subtest: every C Array refusal seeds its output and the rounds refuse a negative member of the real row
2026-10-09T20:01:15.6355850Z ok 5 - every C Array refusal seeds its output and the rounds refuse a negative member of the real row
2026-10-09T20:01:15.6357476Z   ---
2026-10-09T20:01:15.6358335Z   duration_ms: 1.031795
2026-10-09T20:01:15.6358938Z   type: 'test'
2026-10-09T20:01:15.6359451Z   ...
2026-10-09T20:01:15.6752232Z # Subtest: every Perl Array diagnostic is in the plain XS its inlined records render
2026-10-09T20:01:15.6754215Z ok 6 - every Perl Array diagnostic is in the plain XS its inlined records render
2026-10-09T20:01:15.6755313Z   ---
2026-10-09T20:01:15.6755988Z   duration_ms: 36.642139
2026-10-09T20:01:15.6756719Z   type: 'test'
2026-10-09T20:01:15.6757372Z   ...
2026-10-09T20:01:15.6758804Z # Subtest: each profile has its expected case list and an exact check total
2026-10-09T20:01:15.6760158Z ok 7 - each profile has its expected case list and an exact check total
2026-10-09T20:01:15.6761156Z   ---
2026-10-09T20:01:15.6761775Z   duration_ms: 0.446317
2026-10-09T20:01:15.6762438Z   type: 'test'
2026-10-09T20:01:15.6763027Z   ...
2026-10-09T20:01:15.6764455Z # Subtest: Array profile selection accepts only this slice's hosts, each once
2026-10-09T20:01:15.6766533Z ok 8 - Array profile selection accepts only this slice's hosts, each once
2026-10-09T20:01:15.6767507Z   ---
2026-10-09T20:01:15.6768359Z   duration_ms: 1.873633
2026-10-09T20:01:15.6769012Z   type: 'test'
2026-10-09T20:01:15.6770096Z   ...
2026-10-09T20:01:15.6771572Z # Subtest: Array reports are written apart from every ordinary and specialized generic-record report
2026-10-09T20:01:15.6773609Z ok 9 - Array reports are written apart from every ordinary and specialized generic-record report
2026-10-09T20:01:15.6774822Z   ---
2026-10-09T20:01:15.6775683Z   duration_ms: 1.031204
2026-10-09T20:01:15.6776735Z   type: 'test'
2026-10-09T20:01:15.6777540Z   ...
2026-10-09T20:01:15.6916910Z # Subtest: an existing Array report is refused before work and never overwritten
2026-10-09T20:01:15.6919091Z ok 10 - an existing Array report is refused before work and never overwritten
2026-10-09T20:01:15.6920196Z   ---
2026-10-09T20:01:15.6920819Z   duration_ms: 8.417104
2026-10-09T20:01:15.6921527Z   type: 'test'
2026-10-09T20:01:15.6922111Z   ...
2026-10-09T20:01:15.6923512Z # Subtest: the native Array IR assertion is module-qualified and preserves origins, argument order and field types
2026-10-09T20:01:15.6925559Z ok 11 - the native Array IR assertion is module-qualified and preserves origins, argument order and field types
2026-10-09T20:01:15.6926823Z   ---
2026-10-09T20:01:15.6927391Z   duration_ms: 7.420966
2026-10-09T20:01:15.6928337Z   type: 'test'
2026-10-09T20:01:15.6928889Z   ...
2026-10-09T20:02:42.6980929Z # Subtest: relocated source-free native packages carry Array fields and results over alias-named generic records
2026-10-09T20:02:42.6983315Z ok 12 - relocated source-free native packages carry Array fields and results over alias-named generic records
2026-10-09T20:02:42.6984684Z   ---
2026-10-09T20:02:42.6985432Z   duration_ms: 87006.996817
2026-10-09T20:02:42.6986234Z   type: 'test'
2026-10-09T20:02:42.6987121Z   ...
2026-10-09T20:02:42.6988072Z # array build 0: python
2026-10-09T20:02:42.6989018Z # installing and checking Arrays in python
2026-10-09T20:02:42.6989844Z # array build 1: python
2026-10-09T20:02:42.7201865Z 1..12
2026-10-09T20:02:42.7202386Z # tests 12
2026-10-09T20:02:42.7202850Z # suites 0
2026-10-09T20:02:42.7203722Z # pass 12
2026-10-09T20:02:42.7204328Z # fail 0
2026-10-09T20:02:42.7204954Z # cancelled 0
2026-10-09T20:02:42.7205528Z # skipped 0
2026-10-09T20:02:42.7206175Z # todo 0
2026-10-09T20:02:42.7206683Z # duration_ms 87593.024107
2026-10-09T20:02:42.7663451Z TAP version 13
2026-10-09T20:04:06.3738475Z # Subtest: relocated source-free native packages construct and project alias-named generic records
2026-10-09T20:04:06.3746060Z ok 1 - relocated source-free native packages construct and project alias-named generic records
2026-10-09T20:04:06.3747212Z   ---
2026-10-09T20:04:06.3748136Z   duration_ms: 83100.929918
2026-10-09T20:04:06.3748689Z   type: 'test'
2026-10-09T20:04:06.3749151Z   ...
2026-10-09T20:04:06.3749624Z # build 0: python
2026-10-09T20:04:06.3754719Z # installing and checking python
2026-10-09T20:04:06.3757202Z # build 1: python
2026-10-09T20:05:28.3126375Z # Subtest: relocated source-free native packages construct specialized generic records in two namespaces and Option/List aliases
2026-10-09T20:05:28.3129636Z ok 2 - relocated source-free native packages construct specialized generic records in two namespaces and Option/List aliases
2026-10-09T20:05:28.3130470Z   ---
2026-10-09T20:05:28.3130913Z   duration_ms: 81939.557803
2026-10-09T20:05:28.3131414Z   type: 'test'
2026-10-09T20:05:28.3131772Z   ...
2026-10-09T20:05:28.3132250Z # build 0: python
2026-10-09T20:05:28.3139217Z # installing and checking python
2026-10-09T20:05:28.3139774Z # build 1: python
2026-10-09T20:05:28.3335038Z 1..2
2026-10-09T20:05:28.3335412Z # tests 2
2026-10-09T20:05:28.3336042Z # suites 0
2026-10-09T20:05:28.3336586Z # pass 2
2026-10-09T20:05:28.3337329Z # fail 0
2026-10-09T20:05:28.3337968Z # cancelled 0
2026-10-09T20:05:28.3338765Z # skipped 0
2026-10-09T20:05:28.3339784Z # todo 0
2026-10-09T20:05:28.3340272Z # duration_ms 165579.225376
2026-10-09T20:05:28.3787978Z TAP version 13
2026-10-09T20:05:28.8159962Z # Subtest: the Array source is the accepted specialization source with GenericRecordArrays.lean appended
2026-10-09T20:05:28.8170140Z ok 1 - the Array source is the accepted specialization source with GenericRecordArrays.lean appended
2026-10-09T20:05:28.8171284Z   ---
2026-10-09T20:05:28.8171828Z   duration_ms: 8.974909
2026-10-09T20:05:28.8172410Z   type: 'test'
2026-10-09T20:05:28.8172935Z   ...
2026-10-09T20:05:28.8174222Z # Subtest: the Array configuration keeps every specialized export and decision and adds exactly four exports
2026-10-09T20:05:28.8175966Z ok 2 - the Array configuration keeps every specialized export and decision and adds exactly four exports
2026-10-09T20:05:28.8177031Z   ---
2026-10-09T20:05:28.8177886Z   duration_ms: 1.178277
2026-10-09T20:05:28.8207925Z   type: 'test'
2026-10-09T20:05:28.8208358Z   ...
2026-10-09T20:05:28.8364767Z # Subtest: each Array consumer is the pinned specialized consumer with one fragment inserted at its marker
2026-10-09T20:05:28.8371784Z ok 3 - each Array consumer is the pinned specialized consumer with one fragment inserted at its marker
2026-10-09T20:05:28.8372639Z   ---
2026-10-09T20:05:28.8373010Z   duration_ms: 21.992073
2026-10-09T20:05:28.8373431Z   type: 'test'
2026-10-09T20:05:28.8373772Z   ...
2026-10-09T20:05:28.8661682Z # Subtest: the old generic-record consumers stay byte-identical and keep their List, Option and nominal-identity checks
2026-10-09T20:05:28.8663588Z ok 4 - the old generic-record consumers stay byte-identical and keep their List, Option and nominal-identity checks
2026-10-09T20:05:28.8664599Z   ---
2026-10-09T20:05:28.8665034Z   duration_ms: 28.532149
2026-10-09T20:05:28.8665557Z   type: 'test'
2026-10-09T20:05:28.8666005Z   ...
2026-10-09T20:05:28.8676344Z # Subtest: every C Array refusal seeds its output and the rounds refuse a negative member of the real row
2026-10-09T20:05:28.8678172Z ok 5 - every C Array refusal seeds its output and the rounds refuse a negative member of the real row
2026-10-09T20:05:28.8679070Z   ---
2026-10-09T20:05:28.8679569Z   duration_ms: 1.05125
2026-10-09T20:05:28.8679949Z   type: 'test'
2026-10-09T20:05:28.8680281Z   ...
2026-10-09T20:05:28.9090363Z # Subtest: every Perl Array diagnostic is in the plain XS its inlined records render
2026-10-09T20:05:28.9091544Z ok 6 - every Perl Array diagnostic is in the plain XS its inlined records render
2026-10-09T20:05:28.9092180Z   ---
2026-10-09T20:05:28.9092622Z   duration_ms: 36.535578
2026-10-09T20:05:28.9092877Z   type: 'test'
2026-10-09T20:05:28.9093083Z   ...
2026-10-09T20:05:28.9093489Z # Subtest: each profile has its expected case list and an exact check total
2026-10-09T20:05:28.9094333Z ok 7 - each profile has its expected case list and an exact check total
2026-10-09T20:05:28.9094707Z   ---
2026-10-09T20:05:28.9094908Z   duration_ms: 0.403897
2026-10-09T20:05:28.9095163Z   type: 'test'
2026-10-09T20:05:28.9095652Z   ...
2026-10-09T20:05:28.9096080Z # Subtest: Array profile selection accepts only this slice's hosts, each once
2026-10-09T20:05:28.9096672Z ok 8 - Array profile selection accepts only this slice's hosts, each once
2026-10-09T20:05:28.9097041Z   ---
2026-10-09T20:05:28.9097237Z   duration_ms: 1.772592
2026-10-09T20:05:28.9097465Z   type: 'test'
2026-10-09T20:05:28.9097925Z   ...
2026-10-09T20:05:28.9098701Z # Subtest: Array reports are written apart from every ordinary and specialized generic-record report
2026-10-09T20:05:28.9099686Z ok 9 - Array reports are written apart from every ordinary and specialized generic-record report
2026-10-09T20:05:28.9100169Z   ---
2026-10-09T20:05:28.9100369Z   duration_ms: 0.930815
2026-10-09T20:05:28.9100617Z   type: 'test'
2026-10-09T20:05:28.9100821Z   ...
2026-10-09T20:05:28.9219733Z # Subtest: an existing Array report is refused before work and never overwritten
2026-10-09T20:05:28.9221529Z ok 10 - an existing Array report is refused before work and never overwritten
2026-10-09T20:05:28.9222500Z   ---
2026-10-09T20:05:28.9223031Z   duration_ms: 8.918017
2026-10-09T20:05:28.9223509Z   type: 'test'
2026-10-09T20:05:28.9223930Z   ...
2026-10-09T20:05:28.9225334Z # Subtest: the native Array IR assertion is module-qualified and preserves origins, argument order and field types
2026-10-09T20:05:28.9227299Z ok 11 - the native Array IR assertion is module-qualified and preserves origins, argument order and field types
2026-10-09T20:05:28.9228543Z   ---
2026-10-09T20:05:28.9228951Z   duration_ms: 6.407047
2026-10-09T20:05:28.9229441Z   type: 'test'
2026-10-09T20:05:28.9229666Z   ...
2026-10-09T20:06:53.4364020Z # Subtest: relocated source-free native packages carry Array fields and results over alias-named generic records
2026-10-09T20:06:53.4366242Z ok 12 - relocated source-free native packages carry Array fields and results over alias-named generic records
2026-10-09T20:06:53.4367565Z   ---
2026-10-09T20:06:53.4368312Z   duration_ms: 84514.714701
2026-10-09T20:06:53.4369058Z   type: 'test'
2026-10-09T20:06:53.4369666Z   ...
2026-10-09T20:06:53.4370291Z # array build 0: python
2026-10-09T20:06:53.4371135Z # installing and checking Arrays in python
2026-10-09T20:06:53.4371796Z # array build 1: python
2026-10-09T20:06:53.4554770Z 1..12
2026-10-09T20:06:53.4555189Z # tests 12
2026-10-09T20:06:53.4555548Z # suites 0
2026-10-09T20:06:53.4555908Z # pass 12
2026-10-09T20:06:53.4556414Z # fail 0
2026-10-09T20:06:53.4556980Z # cancelled 0
2026-10-09T20:06:53.4557542Z # skipped 0
2026-10-09T20:06:53.4558620Z # todo 0
2026-10-09T20:06:53.4559329Z # duration_ms 85088.69458
2026-10-09T20:06:53.5024910Z TAP version 13
2026-10-09T20:06:53.8646451Z # Subtest: container host dispatch requires every ordered public and raw control
2026-10-09T20:06:53.8652432Z ok 1 - container host dispatch requires every ordered public and raw control
2026-10-09T20:06:53.8653206Z   ---
2026-10-09T20:06:53.8653814Z   duration_ms: 19.338342
2026-10-09T20:06:53.8654299Z   type: 'test'
2026-10-09T20:06:53.8654747Z   ...
2026-10-09T20:06:54.8678490Z # Subtest: container dispatch history authenticates exact predecessors and rejects unknown edits
2026-10-09T20:06:54.8680054Z ok 2 - container dispatch history authenticates exact predecessors and rejects unknown edits
2026-10-09T20:06:54.8681001Z   ---
2026-10-09T20:06:54.8681668Z   duration_ms: 1006.968439
2026-10-09T20:06:54.8682158Z   type: 'test'
2026-10-09T20:06:54.8682416Z   ...
2026-10-09T20:06:55.7178518Z # Subtest: container dispatch adds no support claims or rewritten archived observations
2026-10-09T20:06:55.7180303Z ok 3 - container dispatch adds no support claims or rewritten archived observations
2026-10-09T20:06:55.7181325Z   ---
2026-10-09T20:06:55.7181681Z   duration_ms: 850.212816
2026-10-09T20:06:55.7182093Z   type: 'test'
2026-10-09T20:06:55.7182596Z   ...
2026-10-09T20:06:56.5227196Z # Subtest: Perl Fin archive inspection authenticates each exact source predecessor
2026-10-09T20:06:56.5229095Z ok 4 - Perl Fin archive inspection authenticates each exact source predecessor
2026-10-09T20:06:56.5230790Z   ---
2026-10-09T20:06:56.5231392Z   duration_ms: 804.663512
2026-10-09T20:06:56.5232101Z   type: 'test'
2026-10-09T20:06:56.5232717Z   ...
2026-10-09T20:06:57.3090783Z # Subtest: Perl Fin archive inspection changes current source pins without inventing installed evidence
2026-10-09T20:06:57.3092248Z ok 5 - Perl Fin archive inspection changes current source pins without inventing installed evidence
2026-10-09T20:06:57.3092739Z   ---
2026-10-09T20:06:57.3092949Z   duration_ms: 786.457241
2026-10-09T20:06:57.3093193Z   type: 'test'
2026-10-09T20:06:57.3093398Z   ...
2026-10-09T20:06:58.0767288Z # Subtest: Perl Fin XS audit authenticates each exact source predecessor
2026-10-09T20:06:58.0768775Z ok 6 - Perl Fin XS audit authenticates each exact source predecessor
2026-10-09T20:06:58.0769395Z   ---
2026-10-09T20:06:58.0769779Z   duration_ms: 767.051321
2026-10-09T20:06:58.0770198Z   type: 'test'
2026-10-09T20:06:58.0770538Z   ...
2026-10-09T20:06:58.8475182Z # Subtest: Perl Fin XS audit changes current source pins without inventing installed evidence
2026-10-09T20:06:58.8476658Z ok 7 - Perl Fin XS audit changes current source pins without inventing installed evidence
2026-10-09T20:06:58.8477295Z   ---
2026-10-09T20:06:58.8477941Z   duration_ms: 770.859286
2026-10-09T20:06:58.8478501Z   type: 'test'
2026-10-09T20:06:58.8478825Z   ...
2026-10-09T20:06:58.8704953Z # Subtest: Perl Fin archive inspection works with the compiler-free consumer PATH
2026-10-09T20:06:58.8706633Z ok 8 - Perl Fin archive inspection works with the compiler-free consumer PATH
2026-10-09T20:06:58.8707921Z   ---
2026-10-09T20:06:58.8708455Z   duration_ms: 18.359133
2026-10-09T20:06:58.8709056Z   type: 'test'
2026-10-09T20:06:58.8709588Z   ...
2026-10-09T20:06:58.8711331Z # Subtest: native types admit Fin at top level, inside structural containers and in plain record and variant fields
2026-10-09T20:06:58.8719438Z ok 9 - native types admit Fin at top level, inside structural containers and in plain record and variant fields
2026-10-09T20:06:58.8720500Z   ---
2026-10-09T20:06:58.8720902Z   duration_ms: 2.900214
2026-10-09T20:06:58.8721349Z   type: 'test'
2026-10-09T20:06:58.8721739Z   ...
2026-10-09T20:06:58.8722835Z # Subtest: Lean adapters check container elements with typed construction and keep the scalar form byte for byte
2026-10-09T20:06:58.8724459Z ok 10 - Lean adapters check container elements with typed construction and keep the scalar form byte for byte
2026-10-09T20:06:58.8725411Z   ---
2026-10-09T20:06:58.8725781Z   duration_ms: 2.137044
2026-10-09T20:06:58.8726209Z   type: 'test'
2026-10-09T20:06:58.8726591Z   ...
2026-10-09T20:06:58.8748163Z # Subtest: every native profile has a Fin container consumer
2026-10-09T20:06:58.8748735Z ok 11 - every native profile has a Fin container consumer
2026-10-09T20:06:58.8749079Z   ---
2026-10-09T20:06:58.8749293Z   duration_ms: 1.848063
2026-10-09T20:06:58.8749530Z   type: 'test'
2026-10-09T20:06:58.8749723Z   ...
2026-10-09T20:06:58.8750324Z # Subtest: native builds still reject Fin in callbacks and generic record instantiations, including containers there
2026-10-09T20:06:58.8751264Z ok 12 - native builds still reject Fin in callbacks and generic record instantiations, including containers there # SKIP
2026-10-09T20:06:58.8751792Z   ---
2026-10-09T20:06:58.8751993Z   duration_ms: 0.285545
2026-10-09T20:06:58.8752218Z   type: 'test'
2026-10-09T20:06:58.8752419Z   ...
2026-10-09T20:08:23.9181651Z # Subtest: relocated source-free native packages check Fin inside arrays, lists and options
2026-10-09T20:08:23.9183382Z ok 13 - relocated source-free native packages check Fin inside arrays, lists and options
2026-10-09T20:08:23.9184422Z   ---
2026-10-09T20:08:23.9184889Z   duration_ms: 85044.428859
2026-10-09T20:08:23.9185190Z   type: 'test'
2026-10-09T20:08:23.9185470Z   ...
2026-10-09T20:08:23.9185701Z # build 0: python
2026-10-09T20:08:23.9186307Z # installing and checking python
2026-10-09T20:08:23.9187014Z # build 1: python
2026-10-09T20:09:46.4113191Z # Subtest: independently reviewed native packages check container and alias Fin bounds after source-free installation
2026-10-09T20:09:46.4115767Z ok 14 - independently reviewed native packages check container and alias Fin bounds after source-free installation
2026-10-09T20:09:46.4116812Z   ---
2026-10-09T20:09:46.4117073Z   duration_ms: 82493.709226
2026-10-09T20:09:46.4117363Z   type: 'test'
2026-10-09T20:09:46.4117975Z   ...
2026-10-09T20:09:46.4118383Z # build 0: python
2026-10-09T20:09:46.4118926Z # installing and checking python
2026-10-09T20:09:46.4122064Z # build 1: python
2026-10-09T20:09:46.4329022Z 1..14
2026-10-09T20:09:46.4338662Z # tests 14
2026-10-09T20:09:46.4338940Z # suites 0
2026-10-09T20:09:46.4339187Z # pass 13
2026-10-09T20:09:46.4339417Z # fail 0
2026-10-09T20:09:46.4339649Z # cancelled 0
2026-10-09T20:09:46.4348045Z # skipped 1
2026-10-09T20:09:46.4348393Z # todo 0
2026-10-09T20:09:46.4348690Z # duration_ms 172942.550354
2026-10-09T20:09:46.4788965Z TAP version 13
2026-10-09T20:09:46.8936661Z # Subtest: PHP-safe product name authenticates each exact source predecessor
2026-10-09T20:09:46.8942373Z ok 1 - PHP-safe product name authenticates each exact source predecessor
2026-10-09T20:09:46.8943206Z   ---
2026-10-09T20:09:46.8943800Z   duration_ms: 86.462891
2026-10-09T20:09:46.8944094Z   type: 'test'
2026-10-09T20:09:46.8944332Z   ...
2026-10-09T20:09:47.7172758Z # Subtest: Fin products authenticates each exact source predecessor
2026-10-09T20:09:47.7174767Z ok 2 - Fin products authenticates each exact source predecessor
2026-10-09T20:09:47.7175576Z   ---
2026-10-09T20:09:47.7175981Z   duration_ms: 823.821922
2026-10-09T20:09:47.7176416Z   type: 'test'
2026-10-09T20:09:47.7176789Z   ...
2026-10-09T20:09:48.9400934Z # Subtest: Fin products changes current source pins without inventing installed evidence
2026-10-09T20:09:48.9403563Z ok 3 - Fin products changes current source pins without inventing installed evidence
2026-10-09T20:09:48.9418407Z   ---
2026-10-09T20:09:48.9418950Z   duration_ms: 1222.756342
2026-10-09T20:09:48.9419527Z   type: 'test'
2026-10-09T20:09:48.9419983Z   ...
2026-10-09T20:09:49.7597391Z # Subtest: Fin products CI authenticates each exact source predecessor
2026-10-09T20:09:49.7599452Z ok 4 - Fin products CI authenticates each exact source predecessor
2026-10-09T20:09:49.7600102Z   ---
2026-10-09T20:09:49.7600567Z   duration_ms: 819.717725
2026-10-09T20:09:49.7601248Z   type: 'test'
2026-10-09T20:09:49.7601553Z   ...
2026-10-09T20:09:51.2932327Z # Subtest: Fin products CI changes current source pins without inventing installed evidence
2026-10-09T20:09:51.2933427Z ok 5 - Fin products CI changes current source pins without inventing installed evidence
2026-10-09T20:09:51.2934040Z   ---
2026-10-09T20:09:51.2934339Z   duration_ms: 1533.343812
2026-10-09T20:09:51.2934717Z   type: 'test'
2026-10-09T20:09:51.2935047Z   ...
2026-10-09T20:09:52.1553119Z # Subtest: Fin products floors authenticates each exact source predecessor
2026-10-09T20:09:52.1554401Z ok 6 - Fin products floors authenticates each exact source predecessor
2026-10-09T20:09:52.1555108Z   ---
2026-10-09T20:09:52.1555585Z   duration_ms: 861.812157
2026-10-09T20:09:52.1556177Z   type: 'test'
2026-10-09T20:09:52.1556707Z   ...
2026-10-09T20:09:53.6459871Z # Subtest: Fin products floors changes current source pins without inventing installed evidence
2026-10-09T20:09:53.6461075Z ok 7 - Fin products floors changes current source pins without inventing installed evidence
2026-10-09T20:09:53.6462096Z   ---
2026-10-09T20:09:53.6462490Z   duration_ms: 1490.4864
2026-10-09T20:09:53.6462842Z   type: 'test'
2026-10-09T20:09:53.6463203Z   ...
2026-10-09T20:09:53.6527303Z # Subtest: Array dispatch archives retain exact installed packages and ten measured C rows
2026-10-09T20:09:53.6528793Z ok 8 - Array dispatch archives retain exact installed packages and ten measured C rows
2026-10-09T20:09:53.6529565Z   ---
2026-10-09T20:09:53.6529923Z   duration_ms: 7.285706
2026-10-09T20:09:53.6530331Z   type: 'test'
2026-10-09T20:09:53.6531027Z   ...
2026-10-09T20:09:53.6608599Z # Subtest: Array dispatch evidence refuses missing positions, false counters and inherited C++ dispatch
2026-10-09T20:09:53.6609726Z ok 9 - Array dispatch evidence refuses missing positions, false counters and inherited C++ dispatch
2026-10-09T20:09:53.6610225Z   ---
2026-10-09T20:09:53.6610445Z   duration_ms: 6.860294
2026-10-09T20:09:53.6610688Z   type: 'test'
2026-10-09T20:09:53.6610894Z   ...
2026-10-09T20:09:53.6647446Z # Subtest: Array product archives retain exact installed C/C++ results and unmeasured dispatch
2026-10-09T20:09:53.6648788Z ok 10 - Array product archives retain exact installed C/C++ results and unmeasured dispatch
2026-10-09T20:09:53.6649323Z   ---
2026-10-09T20:09:53.6649761Z   duration_ms: 4.984513
2026-10-09T20:09:53.6650189Z   type: 'test'
2026-10-09T20:09:53.6650543Z   ...
2026-10-09T20:09:53.6664787Z # Subtest: the product follow-up preserves all five fresh-Lean refusal results
2026-10-09T20:09:53.6667412Z ok 11 - the product follow-up preserves all five fresh-Lean refusal results
2026-10-09T20:09:53.6668383Z   ---
2026-10-09T20:09:53.6668740Z   duration_ms: 1.514629
2026-10-09T20:09:53.6669144Z   type: 'test'
2026-10-09T20:09:53.6669490Z   ...
2026-10-09T20:09:53.6768304Z # Subtest: C/C++ product archives bind both source paths to exact bounds and measured dispatch
2026-10-09T20:09:53.6769791Z ok 12 - C/C++ product archives bind both source paths to exact bounds and measured dispatch
2026-10-09T20:09:53.6770450Z   ---
2026-10-09T20:09:53.6770683Z   duration_ms: 10.575988
2026-10-09T20:09:53.6770936Z   type: 'test'
2026-10-09T20:09:53.6771137Z   ...
2026-10-09T20:09:53.6874902Z # Subtest: PHP-safe product names preserve every original bound and independently reviewed site
2026-10-09T20:09:53.6876312Z ok 13 - PHP-safe product names preserve every original bound and independently reviewed site
2026-10-09T20:09:53.6877052Z   ---
2026-10-09T20:09:53.6877278Z   duration_ms: 10.587219
2026-10-09T20:09:53.6877530Z   type: 'test'
2026-10-09T20:09:53.6878045Z   ...
2026-10-09T20:09:53.7873277Z # Subtest: product logs retain the failed baseline review and the corrected run with four mismatches
2026-10-09T20:09:53.7875098Z ok 14 - product logs retain the failed baseline review and the corrected run with four mismatches
2026-10-09T20:09:53.7876173Z   ---
2026-10-09T20:09:53.7876616Z   duration_ms: 1.953941
2026-10-09T20:09:53.7877213Z   type: 'test'
2026-10-09T20:09:53.7877928Z   ...
2026-10-09T20:09:53.7878983Z # Subtest: native refinement trees keep both product components and both Except branches
2026-10-09T20:09:53.7880403Z ok 15 - native refinement trees keep both product components and both Except branches
2026-10-09T20:09:53.7881366Z   ---
2026-10-09T20:09:53.7881817Z   duration_ms: 27.009698
2026-10-09T20:09:53.7882267Z   type: 'test'
2026-10-09T20:09:53.7882653Z   ...
2026-10-09T20:09:53.7883659Z # Subtest: documentation paths name product components and the active Except branch
2026-10-09T20:09:53.7885103Z ok 16 - documentation paths name product components and the active Except branch
2026-10-09T20:09:53.7886064Z   ---
2026-10-09T20:09:53.7886485Z   duration_ms: 2.986647
2026-10-09T20:09:53.7886924Z   type: 'test'
2026-10-09T20:09:53.7887464Z   ...
2026-10-09T20:09:53.7888846Z # Subtest: the independent product review passes reviewed admission and states every compiled bound
2026-10-09T20:09:53.7890575Z ok 17 - the independent product review passes reviewed admission and states every compiled bound
2026-10-09T20:09:53.7891614Z   ---
2026-10-09T20:09:53.7892000Z   duration_ms: 17.955119
2026-10-09T20:09:53.7892494Z   type: 'test'
2026-10-09T20:09:53.7892857Z   ...
2026-10-09T20:09:53.7896971Z # Subtest: generated host documentation lists product and Except bound paths
2026-10-09T20:09:53.7898325Z ok 18 - generated host documentation lists product and Except bound paths
2026-10-09T20:09:53.7899001Z   ---
2026-10-09T20:09:53.7899351Z   duration_ms: 14.599419
2026-10-09T20:09:53.7899763Z   type: 'test'
2026-10-09T20:09:53.7900125Z   ...
2026-10-09T20:09:53.7901476Z # Subtest: the installed WIT patterns match the WIT generated from the fixture's compiler model
2026-10-09T20:09:53.7902795Z ok 19 - the installed WIT patterns match the WIT generated from the fixture's compiler model
2026-10-09T20:09:53.7903577Z   ---
2026-10-09T20:09:53.7903929Z   duration_ms: 17.386962
2026-10-09T20:09:53.7904339Z   type: 'test'
2026-10-09T20:09:53.7904699Z   ...
2026-10-09T20:09:53.7905645Z # Subtest: C adapters compare both components and only the active branch on caller limbs before Lean runs
2026-10-09T20:09:53.7907080Z ok 20 - C adapters compare both components and only the active branch on caller limbs before Lean runs
2026-10-09T20:09:53.7908111Z   ---
2026-10-09T20:09:53.7908458Z   duration_ms: 5.327782
2026-10-09T20:09:53.7908854Z   type: 'test'
2026-10-09T20:09:53.7909199Z   ...
2026-10-09T20:09:53.7910163Z # Subtest: Lean adapters construct every Fin of both components and the active branch before one source call
2026-10-09T20:09:53.7911878Z ok 21 - Lean adapters construct every Fin of both components and the active branch before one source call
2026-10-09T20:09:53.7912736Z   ---
2026-10-09T20:09:53.7912950Z   duration_ms: 3.890875
2026-10-09T20:09:53.7913186Z   type: 'test'
2026-10-09T20:09:53.7913379Z   ...
2026-10-09T20:09:53.7913793Z # Subtest: Perl XS walks both components and the active branch, naming each path
2026-10-09T20:09:53.7914402Z ok 22 - Perl XS walks both components and the active branch, naming each path
2026-10-09T20:09:53.7914779Z   ---
2026-10-09T20:09:53.7914971Z   duration_ms: 3.948383
2026-10-09T20:09:53.7915200Z   type: 'test'
2026-10-09T20:09:53.7915394Z   ...
2026-10-09T20:09:53.7918133Z # Subtest: reviewed product and Except bounds must equal the freshly compiled tree
2026-10-09T20:09:53.7919478Z ok 23 - reviewed product and Except bounds must equal the freshly compiled tree
2026-10-09T20:09:53.7920252Z   ---
2026-10-09T20:09:53.7920637Z   duration_ms: 4.123422
2026-10-09T20:09:53.7921089Z   type: 'test'
2026-10-09T20:09:53.7921462Z   ...
2026-10-09T20:09:53.7941154Z # Subtest: every native profile has a Fin product consumer and a target
2026-10-09T20:09:53.7943075Z ok 24 - every native profile has a Fin product consumer and a target
2026-10-09T20:09:53.7943919Z   ---
2026-10-09T20:09:53.7944168Z   duration_ms: 5.74844
2026-10-09T20:09:53.7944482Z   type: 'test'
2026-10-09T20:09:53.7944704Z   ...
2026-10-09T20:11:18.7723054Z # Subtest: relocated source-free native packages check Fin inside products and the active Except branch
2026-10-09T20:11:18.7724813Z ok 25 - relocated source-free native packages check Fin inside products and the active Except branch
2026-10-09T20:11:18.7727869Z   ---
2026-10-09T20:11:18.7728218Z   duration_ms: 84978.362069
2026-10-09T20:11:18.7728489Z   type: 'test'
2026-10-09T20:11:18.7728734Z   ...
2026-10-09T20:11:18.7728939Z # build 0: python
2026-10-09T20:11:18.7729347Z # installing and checking python
2026-10-09T20:11:18.7729774Z # build 1: python
2026-10-09T20:12:42.3614767Z # Subtest: independently reviewed native packages check product and Except bounds after source-free installation
2026-10-09T20:12:42.3627019Z ok 26 - independently reviewed native packages check product and Except bounds after source-free installation
2026-10-09T20:12:42.3628324Z   ---
2026-10-09T20:12:42.3628731Z   duration_ms: 83589.6187
2026-10-09T20:12:42.3629175Z   type: 'test'
2026-10-09T20:12:42.3629536Z   ...
2026-10-09T20:12:42.3629907Z # build 0: python
2026-10-09T20:12:42.3630422Z # installing and checking python
2026-10-09T20:12:42.3630943Z # build 1: python
2026-10-09T20:12:42.3632134Z # Subtest: the independent product review passes reviewed admission, and changed bounds are refused against fresh Lean
2026-10-09T20:12:42.3634031Z ok 27 - the independent product review passes reviewed admission, and changed bounds are refused against fresh Lean # SKIP
2026-10-09T20:12:42.3635098Z   ---
2026-10-09T20:12:42.3635475Z   duration_ms: 0.166712
2026-10-09T20:12:42.3635923Z   type: 'test'
2026-10-09T20:12:42.3636288Z   ...
2026-10-09T20:12:42.3846143Z 1..27
2026-10-09T20:12:42.3847242Z # tests 27
2026-10-09T20:12:42.3847887Z # suites 0
2026-10-09T20:12:42.3848371Z # pass 26
2026-10-09T20:12:42.3849393Z # fail 0
2026-10-09T20:12:42.3850038Z # cancelled 0
2026-10-09T20:12:42.3850657Z # skipped 1
2026-10-09T20:12:42.3851363Z # todo 0
2026-10-09T20:12:42.3852066Z # duration_ms 175917.857244
2026-10-09T20:12:42.4316061Z TAP version 13
2026-10-09T20:12:42.8466620Z # Subtest: PHP-safe product name authenticates each exact source predecessor
2026-10-09T20:12:42.8474804Z ok 1 - PHP-safe product name authenticates each exact source predecessor
2026-10-09T20:12:42.8475503Z   ---
2026-10-09T20:12:42.8476289Z   duration_ms: 86.612955
2026-10-09T20:12:42.8476700Z   type: 'test'
2026-10-09T20:12:42.8477065Z   ...
2026-10-09T20:12:43.6811732Z # Subtest: Fin products authenticates each exact source predecessor
2026-10-09T20:12:43.6826494Z ok 2 - Fin products authenticates each exact source predecessor
2026-10-09T20:12:43.6826912Z   ---
2026-10-09T20:12:43.6828032Z   duration_ms: 834.754532
2026-10-09T20:12:43.6828575Z   type: 'test'
2026-10-09T20:12:43.6828960Z   ...
2026-10-09T20:12:44.8993573Z # Subtest: Fin products changes current source pins without inventing installed evidence
2026-10-09T20:12:44.8995492Z ok 3 - Fin products changes current source pins without inventing installed evidence
2026-10-09T20:12:44.8995950Z   ---
2026-10-09T20:12:44.8996170Z   duration_ms: 1216.851655
2026-10-09T20:12:44.8996418Z   type: 'test'
2026-10-09T20:12:44.8996626Z   ...
2026-10-09T20:12:45.7067431Z # Subtest: Fin products CI authenticates each exact source predecessor
2026-10-09T20:12:45.7068996Z ok 4 - Fin products CI authenticates each exact source predecessor
2026-10-09T20:12:45.7069472Z   ---
2026-10-09T20:12:45.7069720Z   duration_ms: 808.466822
2026-10-09T20:12:45.7070006Z   type: 'test'
2026-10-09T20:12:45.7070245Z   ...
2026-10-09T20:12:47.2014645Z # Subtest: Fin products CI changes current source pins without inventing installed evidence
2026-10-09T20:12:47.2016020Z ok 5 - Fin products CI changes current source pins without inventing installed evidence
2026-10-09T20:12:47.2016787Z   ---
2026-10-09T20:12:47.2017148Z   duration_ms: 1494.572038
2026-10-09T20:12:47.2017555Z   type: 'test'
2026-10-09T20:12:47.2018130Z   ...
2026-10-09T20:12:48.0481925Z # Subtest: Fin products floors authenticates each exact source predecessor
2026-10-09T20:12:48.0483099Z ok 6 - Fin products floors authenticates each exact source predecessor
2026-10-09T20:12:48.0483792Z   ---
2026-10-09T20:12:48.0484169Z   duration_ms: 846.566321
2026-10-09T20:12:48.0484608Z   type: 'test'
2026-10-09T20:12:48.0484970Z   ...
2026-10-09T20:12:49.5291514Z # Subtest: Fin products floors changes current source pins without inventing installed evidence
2026-10-09T20:12:49.5293527Z ok 7 - Fin products floors changes current source pins without inventing installed evidence
2026-10-09T20:12:49.5294740Z   ---
2026-10-09T20:12:49.5295575Z   duration_ms: 1480.666771
2026-10-09T20:12:49.5296050Z   type: 'test'
2026-10-09T20:12:49.5296455Z   ...
2026-10-09T20:12:49.5345505Z # Subtest: Array dispatch archives retain exact installed packages and ten measured C rows
2026-10-09T20:12:49.5347117Z ok 8 - Array dispatch archives retain exact installed packages and ten measured C rows
2026-10-09T20:12:49.5348194Z   ---
2026-10-09T20:12:49.5348529Z   duration_ms: 5.978713
2026-10-09T20:12:49.5348782Z   type: 'test'
2026-10-09T20:12:49.5348990Z   ...
2026-10-09T20:12:49.5421128Z # Subtest: Array dispatch evidence refuses missing positions, false counters and inherited C++ dispatch
2026-10-09T20:12:49.5423692Z ok 9 - Array dispatch evidence refuses missing positions, false counters and inherited C++ dispatch
2026-10-09T20:12:49.5424522Z   ---
2026-10-09T20:12:49.5424873Z   duration_ms: 6.597293
2026-10-09T20:12:49.5425264Z   type: 'test'
2026-10-09T20:12:49.5425607Z   ...
2026-10-09T20:12:49.5460359Z # Subtest: Array product archives retain exact installed C/C++ results and unmeasured dispatch
2026-10-09T20:12:49.5461394Z ok 10 - Array product archives retain exact installed C/C++ results and unmeasured dispatch
2026-10-09T20:12:49.5462333Z   ---
2026-10-09T20:12:49.5462794Z   duration_ms: 4.626973
2026-10-09T20:12:49.5463365Z   type: 'test'
2026-10-09T20:12:49.5463889Z   ...
2026-10-09T20:12:49.5474756Z # Subtest: the product follow-up preserves all five fresh-Lean refusal results
2026-10-09T20:12:49.5476241Z ok 11 - the product follow-up preserves all five fresh-Lean refusal results
2026-10-09T20:12:49.5476961Z   ---
2026-10-09T20:12:49.5477333Z   duration_ms: 1.362346
2026-10-09T20:12:49.5478007Z   type: 'test'
2026-10-09T20:12:49.5478375Z   ...
2026-10-09T20:12:49.5580038Z # Subtest: C/C++ product archives bind both source paths to exact bounds and measured dispatch
2026-10-09T20:12:49.5581417Z ok 12 - C/C++ product archives bind both source paths to exact bounds and measured dispatch
2026-10-09T20:12:49.5582195Z   ---
2026-10-09T20:12:49.5582546Z   duration_ms: 10.436311
2026-10-09T20:12:49.5582946Z   type: 'test'
2026-10-09T20:12:49.5583316Z   ...
2026-10-09T20:12:49.5684202Z # Subtest: PHP-safe product names preserve every original bound and independently reviewed site
2026-10-09T20:12:49.5685909Z ok 13 - PHP-safe product names preserve every original bound and independently reviewed site
2026-10-09T20:12:49.5686906Z   ---
2026-10-09T20:12:49.5687458Z   duration_ms: 10.394334
2026-10-09T20:12:49.5688247Z   type: 'test'
2026-10-09T20:12:49.5688594Z   ...
2026-10-09T20:12:49.6659756Z # Subtest: product logs retain the failed baseline review and the corrected run with four mismatches
2026-10-09T20:12:49.6661681Z ok 14 - product logs retain the failed baseline review and the corrected run with four mismatches
2026-10-09T20:12:49.6662647Z   ---
2026-10-09T20:12:49.6663308Z   duration_ms: 1.58331
2026-10-09T20:12:49.6664031Z   type: 'test'
2026-10-09T20:12:49.6664662Z   ...
2026-10-09T20:12:49.6665843Z # Subtest: native refinement trees keep both product components and both Except branches
2026-10-09T20:12:49.6668061Z ok 15 - native refinement trees keep both product components and both Except branches
2026-10-09T20:12:49.6669643Z   ---
2026-10-09T20:12:49.6670518Z   duration_ms: 27.647513
2026-10-09T20:12:49.6671184Z   type: 'test'
2026-10-09T20:12:49.6671542Z   ...
2026-10-09T20:12:49.6672215Z # Subtest: documentation paths name product components and the active Except branch
2026-10-09T20:12:49.6673512Z ok 16 - documentation paths name product components and the active Except branch
2026-10-09T20:12:49.6674313Z   ---
2026-10-09T20:12:49.6674867Z   duration_ms: 3.168834
2026-10-09T20:12:49.6675438Z   type: 'test'
2026-10-09T20:12:49.6675872Z   ...
2026-10-09T20:12:49.6676680Z # Subtest: the independent product review passes reviewed admission and states every compiled bound
2026-10-09T20:12:49.6678429Z ok 17 - the independent product review passes reviewed admission and states every compiled bound
2026-10-09T20:12:49.6708503Z   ---
2026-10-09T20:12:49.6716940Z   duration_ms: 15.004992
2026-10-09T20:12:49.6717549Z   type: 'test'
2026-10-09T20:12:49.6718140Z   ...
2026-10-09T20:12:49.6718897Z # Subtest: generated host documentation lists product and Except bound paths
2026-10-09T20:12:49.6719960Z ok 18 - generated host documentation lists product and Except bound paths
2026-10-09T20:12:49.6720616Z   ---
2026-10-09T20:12:49.6720957Z   duration_ms: 14.896428
2026-10-09T20:12:49.6721208Z   type: 'test'
2026-10-09T20:12:49.6721406Z   ...
2026-10-09T20:12:49.6722346Z # Subtest: the installed WIT patterns match the WIT generated from the fixture's compiler model
2026-10-09T20:12:49.6723798Z ok 19 - the installed WIT patterns match the WIT generated from the fixture's compiler model
2026-10-09T20:12:49.6724657Z   ---
2026-10-09T20:12:49.6725043Z   duration_ms: 17.793993
2026-10-09T20:12:49.6725501Z   type: 'test'
2026-10-09T20:12:49.6725891Z   ...
2026-10-09T20:12:49.6726925Z # Subtest: C adapters compare both components and only the active branch on caller limbs before Lean runs
2026-10-09T20:12:49.6728738Z ok 20 - C adapters compare both components and only the active branch on caller limbs before Lean runs
2026-10-09T20:12:49.6729554Z   ---
2026-10-09T20:12:49.6729771Z   duration_ms: 4.983968
2026-10-09T20:12:49.6730015Z   type: 'test'
2026-10-09T20:12:49.6730218Z   ...
2026-10-09T20:12:49.6730766Z # Subtest: Lean adapters construct every Fin of both components and the active branch before one source call
2026-10-09T20:12:49.6731600Z ok 21 - Lean adapters construct every Fin of both components and the active branch before one source call
2026-10-09T20:12:49.6732071Z   ---
2026-10-09T20:12:49.6732283Z   duration_ms: 3.856653
2026-10-09T20:12:49.6732508Z   type: 'test'
2026-10-09T20:12:49.6732699Z   ...
2026-10-09T20:12:49.6733105Z # Subtest: Perl XS walks both components and the active branch, naming each path
2026-10-09T20:12:49.6733701Z ok 22 - Perl XS walks both components and the active branch, naming each path
2026-10-09T20:12:49.6734082Z   ---
2026-10-09T20:12:49.6734271Z   duration_ms: 3.878063
2026-10-09T20:12:49.6734489Z   type: 'test'
2026-10-09T20:12:49.6734846Z   ...
2026-10-09T20:12:49.6735619Z # Subtest: reviewed product and Except bounds must equal the freshly compiled tree
2026-10-09T20:12:49.6736267Z ok 23 - reviewed product and Except bounds must equal the freshly compiled tree
2026-10-09T20:12:49.6736657Z   ---
2026-10-09T20:12:49.6736845Z   duration_ms: 4.123894
2026-10-09T20:12:49.6737065Z   type: 'test'
2026-10-09T20:12:49.6737264Z   ...
2026-10-09T20:12:49.6738539Z # Subtest: every native profile has a Fin product consumer and a target
2026-10-09T20:12:49.6739145Z ok 24 - every native profile has a Fin product consumer and a target
2026-10-09T20:12:49.6739513Z   ---
2026-10-09T20:12:49.6739709Z   duration_ms: 4.81472
2026-10-09T20:12:49.6739932Z   type: 'test'
2026-10-09T20:12:49.6740122Z   ...
2026-10-09T20:14:13.8033727Z # Subtest: relocated source-free native packages check Fin inside products and the active Except branch
2026-10-09T20:14:13.8035122Z ok 25 - relocated source-free native packages check Fin inside products and the active Except branch
2026-10-09T20:14:13.8036198Z   ---
2026-10-09T20:14:13.8036675Z   duration_ms: 84131.661657
2026-10-09T20:14:13.8037112Z   type: 'test'
2026-10-09T20:14:13.8037558Z   ...
2026-10-09T20:14:13.8038226Z # build 0: python
2026-10-09T20:14:13.8040724Z # installing and checking python
2026-10-09T20:14:13.8041286Z # build 1: python
2026-10-09T20:15:35.7792065Z # Subtest: independently reviewed native packages check product and Except bounds after source-free installation
2026-10-09T20:15:35.7803797Z ok 26 - independently reviewed native packages check product and Except bounds after source-free installation
2026-10-09T20:15:35.7805059Z   ---
2026-10-09T20:15:35.7806898Z   duration_ms: 81976.397765
2026-10-09T20:15:35.7807383Z   type: 'test'
2026-10-09T20:15:35.7808950Z   ...
2026-10-09T20:15:35.7809387Z # build 0: python
2026-10-09T20:15:35.7810148Z # installing and checking python
2026-10-09T20:15:35.7810833Z # build 1: python
2026-10-09T20:15:35.7812204Z # Subtest: the independent product review passes reviewed admission, and changed bounds are refused against fresh Lean
2026-10-09T20:15:35.7814046Z ok 27 - the independent product review passes reviewed admission, and changed bounds are refused against fresh Lean # SKIP
2026-10-09T20:15:35.7815010Z   ---
2026-10-09T20:15:35.7815336Z   duration_ms: 0.186329
2026-10-09T20:15:35.7815761Z   type: 'test'
2026-10-09T20:15:35.7816134Z   ...
2026-10-09T20:15:35.8035092Z 1..27
2026-10-09T20:15:35.8035523Z # tests 27
2026-10-09T20:15:35.8035883Z # suites 0
2026-10-09T20:15:35.8036319Z # pass 26
2026-10-09T20:15:35.8036970Z # fail 0
2026-10-09T20:15:35.8037570Z # cancelled 0
2026-10-09T20:15:35.8038885Z # skipped 1
2026-10-09T20:15:35.8039454Z # todo 0
2026-10-09T20:15:35.8040140Z # duration_ms 173383.769874
2026-10-09T20:15:35.8486652Z TAP version 13
2026-10-09T20:15:37.0187293Z # Subtest: Fin product arrays authenticates each exact source predecessor
2026-10-09T20:15:37.0193566Z ok 1 - Fin product arrays authenticates each exact source predecessor
2026-10-09T20:15:37.0194997Z   ---
2026-10-09T20:15:37.0195397Z   duration_ms: 841.666989
2026-10-09T20:15:37.0195819Z   type: 'test'
2026-10-09T20:15:37.0196126Z   ...
2026-10-09T20:15:38.7230076Z # Subtest: Fin product arrays changes current source pins without inventing installed evidence
2026-10-09T20:15:38.7231727Z ok 2 - Fin product arrays changes current source pins without inventing installed evidence
2026-10-09T20:15:38.7232773Z   ---
2026-10-09T20:15:38.7233216Z   duration_ms: 1619.929549
2026-10-09T20:15:38.7233692Z   type: 'test'
2026-10-09T20:15:38.7234075Z   ...
2026-10-09T20:15:38.7235148Z # Subtest: an array directly over a product keeps the component bound and only the error-branch bound
2026-10-09T20:15:38.7237180Z ok 3 - an array directly over a product keeps the component bound and only the error-branch bound
2026-10-09T20:15:38.7248677Z   ---
2026-10-09T20:15:38.7258577Z   duration_ms: 38.806545
2026-10-09T20:15:38.7259223Z   type: 'test'
2026-10-09T20:15:38.7259826Z   ...
2026-10-09T20:15:38.7261444Z # Subtest: C adapters compare every element's component and active error branch on caller limbs before Lean runs
2026-10-09T20:15:38.7263266Z ok 4 - C adapters compare every element's component and active error branch on caller limbs before Lean runs
2026-10-09T20:15:38.7264338Z   ---
2026-10-09T20:15:38.7265021Z   duration_ms: 9.827638
2026-10-09T20:15:38.7265491Z   type: 'test'
2026-10-09T20:15:38.7265878Z   ...
2026-10-09T20:15:38.7266708Z # Subtest: Lean adapters construct Fin for every element before one source call
2026-10-09T20:15:38.7268191Z ok 5 - Lean adapters construct Fin for every element before one source call
2026-10-09T20:15:38.7268905Z   ---
2026-10-09T20:15:38.7269287Z   duration_ms: 8.491414
2026-10-09T20:15:38.7269714Z   type: 'test'
2026-10-09T20:15:38.7270084Z   ...
2026-10-09T20:15:38.7270869Z # Subtest: Perl XS names the element index, the component and the active branch
2026-10-09T20:15:38.7272037Z ok 6 - Perl XS names the element index, the component and the active branch
2026-10-09T20:15:38.7272764Z   ---
2026-10-09T20:15:38.7273142Z   duration_ms: 8.029919
2026-10-09T20:15:38.7273564Z   type: 'test'
2026-10-09T20:15:38.7273917Z   ...
2026-10-09T20:15:38.7274839Z # Subtest: the independent array review passes reviewed admission and equals the compiled trees
2026-10-09T20:15:38.7276243Z ok 7 - the independent array review passes reviewed admission and equals the compiled trees
2026-10-09T20:15:38.7277058Z   ---
2026-10-09T20:15:38.7277405Z   duration_ms: 6.067311
2026-10-09T20:15:38.7278124Z   type: 'test'
2026-10-09T20:15:38.7278474Z   ...
2026-10-09T20:15:38.7279310Z # Subtest: reviewed array bounds and positions must equal the freshly compiled tree
2026-10-09T20:15:38.7280527Z ok 8 - reviewed array bounds and positions must equal the freshly compiled tree
2026-10-09T20:15:38.7281267Z   ---
2026-10-09T20:15:38.7281631Z   duration_ms: 12.666989
2026-10-09T20:15:38.7282073Z   type: 'test'
2026-10-09T20:15:38.7282453Z   ...
2026-10-09T20:15:38.7283251Z # Subtest: every native profile has a Fin product array consumer and a target
2026-10-09T20:15:38.7284396Z ok 9 - every native profile has a Fin product array consumer and a target
2026-10-09T20:15:38.7285120Z   ---
2026-10-09T20:15:38.7285495Z   duration_ms: 3.583425
2026-10-09T20:15:38.7285926Z   type: 'test'
2026-10-09T20:15:38.7286298Z   ...
2026-10-09T20:15:39.0144659Z # Subtest: the C consumer passes a faithful stand-in and fails one that rewrites the rejected leaf
2026-10-09T20:15:39.0146288Z ok 10 - the C consumer passes a faithful stand-in and fails one that rewrites the rejected leaf
2026-10-09T20:15:39.0146936Z   ---
2026-10-09T20:15:39.0147303Z   duration_ms: 287.051244
2026-10-09T20:15:39.0148036Z   type: 'test'
2026-10-09T20:15:39.0148409Z   ...
2026-10-09T20:17:01.0072835Z # Subtest: relocated source-free native packages check Fin inside every element of an array of products
2026-10-09T20:17:01.0074828Z ok 11 - relocated source-free native packages check Fin inside every element of an array of products
2026-10-09T20:17:01.0075958Z   ---
2026-10-09T20:17:01.0076860Z   duration_ms: 81992.979089
2026-10-09T20:17:01.0077173Z   type: 'test'
2026-10-09T20:17:01.0077594Z   ...
2026-10-09T20:17:01.0078342Z # build 0: python
2026-10-09T20:17:01.0081253Z # installing and checking python
2026-10-09T20:17:01.0081768Z # build 1: python
2026-10-09T20:18:21.7945497Z # Subtest: independently reviewed native packages check array-of-product bounds after source-free installation
2026-10-09T20:18:21.7947568Z ok 12 - independently reviewed native packages check array-of-product bounds after source-free installation
2026-10-09T20:18:21.7949146Z   ---
2026-10-09T20:18:21.7950024Z   duration_ms: 80787.590009
2026-10-09T20:18:21.7950831Z   type: 'test'
2026-10-09T20:18:21.7951426Z   ...
2026-10-09T20:18:21.7951868Z # build 0: python
2026-10-09T20:18:21.7961376Z # installing and checking python
2026-10-09T20:18:21.7978930Z # build 1: python
2026-10-09T20:18:21.7981810Z # Subtest: changed array-of-product reviews are refused against fresh Lean before any output
2026-10-09T20:18:21.7983477Z ok 13 - changed array-of-product reviews are refused against fresh Lean before any output # SKIP
2026-10-09T20:18:21.7984267Z   ---
2026-10-09T20:18:21.7984605Z   duration_ms: 0.171942
2026-10-09T20:18:21.7984972Z   type: 'test'
2026-10-09T20:18:21.7985328Z   ...
2026-10-09T20:18:21.8188197Z 1..13
2026-10-09T20:18:21.8198466Z # tests 13
2026-10-09T20:18:21.8200220Z # suites 0
2026-10-09T20:18:21.8200576Z # pass 12
2026-10-09T20:18:21.8200915Z # fail 0
2026-10-09T20:18:21.8201251Z # cancelled 0
2026-10-09T20:18:21.8201618Z # skipped 1
2026-10-09T20:18:21.8201952Z # todo 0
2026-10-09T20:18:21.8202330Z # duration_ms 165982.414845
2026-10-09T20:18:21.8646289Z TAP version 13
2026-10-09T20:18:23.0390768Z # Subtest: Fin product arrays authenticates each exact source predecessor
2026-10-09T20:18:23.0395516Z ok 1 - Fin product arrays authenticates each exact source predecessor
2026-10-09T20:18:23.0396295Z   ---
2026-10-09T20:18:23.0396730Z   duration_ms: 845.718715
2026-10-09T20:18:23.0397188Z   type: 'test'
2026-10-09T20:18:23.0397853Z   ...
2026-10-09T20:18:24.7431621Z # Subtest: Fin product arrays changes current source pins without inventing installed evidence
2026-10-09T20:18:24.7433194Z ok 2 - Fin product arrays changes current source pins without inventing installed evidence
2026-10-09T20:18:24.7434092Z   ---
2026-10-09T20:18:24.7434502Z   duration_ms: 1621.895923
2026-10-09T20:18:24.7434981Z   type: 'test'
2026-10-09T20:18:24.7435365Z   ...
2026-10-09T20:18:24.7436378Z # Subtest: an array directly over a product keeps the component bound and only the error-branch bound
2026-10-09T20:18:24.7442594Z ok 3 - an array directly over a product keeps the component bound and only the error-branch bound
2026-10-09T20:18:24.7443278Z   ---
2026-10-09T20:18:24.7458978Z   duration_ms: 37.347907
2026-10-09T20:18:24.7459468Z   type: 'test'
2026-10-09T20:18:24.7459824Z   ...
2026-10-09T20:18:24.7460846Z # Subtest: C adapters compare every element's component and active error branch on caller limbs before Lean runs
2026-10-09T20:18:24.7462435Z ok 4 - C adapters compare every element's component and active error branch on caller limbs before Lean runs
2026-10-09T20:18:24.7463319Z   ---
2026-10-09T20:18:24.7463674Z   duration_ms: 9.579619
2026-10-09T20:18:24.7464070Z   type: 'test'
2026-10-09T20:18:24.7464416Z   ...
2026-10-09T20:18:24.7465196Z # Subtest: Lean adapters construct Fin for every element before one source call
2026-10-09T20:18:24.7466388Z ok 5 - Lean adapters construct Fin for every element before one source call
2026-10-09T20:18:24.7467155Z   ---
2026-10-09T20:18:24.7467972Z   duration_ms: 9.855096
2026-10-09T20:18:24.7468490Z   type: 'test'
2026-10-09T20:18:24.7468839Z   ...
2026-10-09T20:18:24.7469599Z # Subtest: Perl XS names the element index, the component and the active branch
2026-10-09T20:18:24.7470746Z ok 6 - Perl XS names the element index, the component and the active branch
2026-10-09T20:18:24.7471411Z   ---
2026-10-09T20:18:24.7472001Z   duration_ms: 12.19054
2026-10-09T20:18:24.7472453Z   type: 'test'
2026-10-09T20:18:24.7473467Z   ...
2026-10-09T20:18:24.7474416Z # Subtest: the independent array review passes reviewed admission and equals the compiled trees
2026-10-09T20:18:24.7475786Z ok 7 - the independent array review passes reviewed admission and equals the compiled trees
2026-10-09T20:18:24.7476251Z   ---
2026-10-09T20:18:24.7476458Z   duration_ms: 3.756892
2026-10-09T20:18:24.7476694Z   type: 'test'
2026-10-09T20:18:24.7476899Z   ...
2026-10-09T20:18:24.7477348Z # Subtest: reviewed array bounds and positions must equal the freshly compiled tree
2026-10-09T20:18:24.7478496Z ok 8 - reviewed array bounds and positions must equal the freshly compiled tree
2026-10-09T20:18:24.7478925Z   ---
2026-10-09T20:18:24.7479129Z   duration_ms: 9.091996
2026-10-09T20:18:24.7479362Z   type: 'test'
2026-10-09T20:18:24.7479747Z   ...
2026-10-09T20:18:24.7498101Z # Subtest: every native profile has a Fin product array consumer and a target
2026-10-09T20:18:24.7499832Z ok 9 - every native profile has a Fin product array consumer and a target
2026-10-09T20:18:24.7500652Z   ---
2026-10-09T20:18:24.7501628Z   duration_ms: 6.831029
2026-10-09T20:18:24.7501950Z   type: 'test'
2026-10-09T20:18:24.7502163Z   ...
2026-10-09T20:18:25.0166806Z # Subtest: the C consumer passes a faithful stand-in and fails one that rewrites the rejected leaf
2026-10-09T20:18:25.0169133Z ok 10 - the C consumer passes a faithful stand-in and fails one that rewrites the rejected leaf
2026-10-09T20:18:25.0169906Z   ---
2026-10-09T20:18:25.0170182Z   duration_ms: 265.917203
2026-10-09T20:18:25.0170496Z   type: 'test'
2026-10-09T20:18:25.0170759Z   ...
2026-10-09T20:19:46.8990027Z # Subtest: relocated source-free native packages check Fin inside every element of an array of products
2026-10-09T20:19:46.9018781Z ok 11 - relocated source-free native packages check Fin inside every element of an array of products
2026-10-09T20:19:46.9019934Z   ---
2026-10-09T20:19:46.9020673Z   duration_ms: 81880.583287
2026-10-09T20:19:46.9021173Z   type: 'test'
2026-10-09T20:19:46.9021593Z   ...
2026-10-09T20:19:46.9021969Z # build 0: python
2026-10-09T20:19:46.9022468Z # installing and checking python
2026-10-09T20:19:46.9022942Z # build 1: python
2026-10-09T20:21:08.0861857Z # Subtest: independently reviewed native packages check array-of-product bounds after source-free installation
2026-10-09T20:21:08.0864558Z ok 12 - independently reviewed native packages check array-of-product bounds after source-free installation
2026-10-09T20:21:08.0866366Z   ---
2026-10-09T20:21:08.0867185Z   duration_ms: 81189.532758
2026-10-09T20:21:08.0868622Z   type: 'test'
2026-10-09T20:21:08.0869362Z   ...
2026-10-09T20:21:08.0870089Z # build 0: python
2026-10-09T20:21:08.0870981Z # installing and checking python
2026-10-09T20:21:08.0871836Z # build 1: python
2026-10-09T20:21:08.0873198Z # Subtest: changed array-of-product reviews are refused against fresh Lean before any output
2026-10-09T20:21:08.0874969Z ok 13 - changed array-of-product reviews are refused against fresh Lean before any output # SKIP
2026-10-09T20:21:08.0876102Z   ---
2026-10-09T20:21:08.0876663Z   duration_ms: 0.176952
2026-10-09T20:21:08.0877261Z   type: 'test'
2026-10-09T20:21:08.0878100Z   ...
2026-10-09T20:21:08.1114861Z 1..13
2026-10-09T20:21:08.1115323Z # tests 13
2026-10-09T20:21:08.1115597Z # suites 0
2026-10-09T20:21:08.1116344Z # pass 12
2026-10-09T20:21:08.1116821Z # fail 0
2026-10-09T20:21:08.1117449Z # cancelled 0
2026-10-09T20:21:08.1118395Z # skipped 1
2026-10-09T20:21:08.1119022Z # todo 0
2026-10-09T20:21:08.1119651Z # duration_ms 166259.083945
2026-10-09T20:21:08.1605816Z TAP version 13
2026-10-09T20:21:09.5024595Z # Subtest: Native Fin records authenticates each exact source predecessor
2026-10-09T20:21:09.5031212Z ok 1 - Native Fin records authenticates each exact source predecessor
2026-10-09T20:21:09.5032145Z   ---
2026-10-09T20:21:09.5032684Z   duration_ms: 862.202188
2026-10-09T20:21:09.5033378Z   type: 'test'
2026-10-09T20:21:09.5033981Z   ...
2026-10-09T20:21:11.5161962Z # Subtest: Native Fin records changes current source pins without inventing installed evidence
2026-10-09T20:21:11.5164394Z ok 2 - Native Fin records changes current source pins without inventing installed evidence
2026-10-09T20:21:11.5165247Z   ---
2026-10-09T20:21:11.5188570Z   duration_ms: 2014.171458
2026-10-09T20:21:11.5196970Z   type: 'test'
2026-10-09T20:21:11.5197369Z   ...
2026-10-09T20:21:12.2682484Z # Subtest: native Fin promotion authenticates each exact source predecessor
2026-10-09T20:21:12.2684215Z ok 3 - native Fin promotion authenticates each exact source predecessor
2026-10-09T20:21:12.2685240Z   ---
2026-10-09T20:21:12.2685797Z   duration_ms: 752.093164
2026-10-09T20:21:12.2686361Z   type: 'test'
2026-10-09T20:21:12.2686833Z   ...
2026-10-09T20:21:12.2896010Z # Subtest: PHP-safe product name authenticates each exact source predecessor
2026-10-09T20:21:12.2897162Z ok 4 - PHP-safe product name authenticates each exact source predecessor
2026-10-09T20:21:12.2898065Z   ---
2026-10-09T20:21:12.2898421Z   duration_ms: 21.160779
2026-10-09T20:21:12.2899326Z   type: 'test'
2026-10-09T20:21:12.2899683Z   ...
2026-10-09T20:21:12.8495561Z # Subtest: Fin record WIT formatting authenticates each exact source predecessor
2026-10-09T20:21:12.8496536Z ok 5 - Fin record WIT formatting authenticates each exact source predecessor
2026-10-09T20:21:12.8497027Z   ---
2026-10-09T20:21:12.8497263Z   duration_ms: 559.74681
2026-10-09T20:21:12.8497569Z   type: 'test'
2026-10-09T20:21:12.8498230Z   ...
2026-10-09T20:21:12.8582128Z # Subtest: WIT record evidence archive authenticates each exact source predecessor
2026-10-09T20:21:12.8584505Z ok 6 - WIT record evidence archive authenticates each exact source predecessor
2026-10-09T20:21:12.8585249Z   ---
2026-10-09T20:21:12.8585631Z   duration_ms: 8.602476
2026-10-09T20:21:12.8586062Z   type: 'test'
2026-10-09T20:21:12.8586400Z   ...
2026-10-09T20:21:12.8672534Z # Subtest: record archives bind the expanded frozen fixture, original packages and C dispatch
2026-10-09T20:21:12.8674442Z ok 7 - record archives bind the expanded frozen fixture, original packages and C dispatch
2026-10-09T20:21:12.8677715Z   ---
2026-10-09T20:21:12.8678496Z   duration_ms: 9.18949
2026-10-09T20:21:12.8679074Z   type: 'test'
2026-10-09T20:21:12.8679429Z   ...
2026-10-09T20:21:12.8786579Z # Subtest: record evidence refuses lost compositions, false counters and inherited C++ dispatch
2026-10-09T20:21:12.8791964Z ok 8 - record evidence refuses lost compositions, false counters and inherited C++ dispatch
2026-10-09T20:21:12.8792699Z   ---
2026-10-09T20:21:12.8793193Z   duration_ms: 10.996805
2026-10-09T20:21:12.8793748Z   type: 'test'
2026-10-09T20:21:12.8794110Z   ...
2026-10-09T20:21:12.8862207Z # Subtest: Array dispatch archives retain exact installed packages and ten measured C rows
2026-10-09T20:21:12.8865257Z ok 9 - Array dispatch archives retain exact installed packages and ten measured C rows
2026-10-09T20:21:12.8866057Z   ---
2026-10-09T20:21:12.8866495Z   duration_ms: 7.733858
2026-10-09T20:21:12.8867050Z   type: 'test'
2026-10-09T20:21:12.8867778Z   ...
2026-10-09T20:21:12.8909110Z # Subtest: Array dispatch evidence refuses missing positions, false counters and inherited C++ dispatch
2026-10-09T20:21:12.8911933Z ok 10 - Array dispatch evidence refuses missing positions, false counters and inherited C++ dispatch
2026-10-09T20:21:12.8912847Z   ---
2026-10-09T20:21:12.8913109Z   duration_ms: 4.597419
2026-10-09T20:21:12.8913396Z   type: 'test'
2026-10-09T20:21:12.8913638Z   ...
2026-10-09T20:21:12.8946730Z # Subtest: Array product archives retain exact installed C/C++ results and unmeasured dispatch
2026-10-09T20:21:12.8948568Z ok 11 - Array product archives retain exact installed C/C++ results and unmeasured dispatch
2026-10-09T20:21:12.8949547Z   ---
2026-10-09T20:21:12.8950088Z   duration_ms: 3.976474
2026-10-09T20:21:12.8950694Z   type: 'test'
2026-10-09T20:21:12.8951221Z   ...
2026-10-09T20:21:12.8963697Z # Subtest: the product follow-up preserves all five fresh-Lean refusal results
2026-10-09T20:21:12.8965784Z ok 12 - the product follow-up preserves all five fresh-Lean refusal results
2026-10-09T20:21:12.8967039Z   ---
2026-10-09T20:21:12.8967422Z   duration_ms: 1.45686
2026-10-09T20:21:12.8968105Z   type: 'test'
2026-10-09T20:21:12.8968523Z   ...
2026-10-09T20:21:12.9026312Z # Subtest: C/C++ product archives bind both source paths to exact bounds and measured dispatch
2026-10-09T20:21:12.9028523Z ok 13 - C/C++ product archives bind both source paths to exact bounds and measured dispatch
2026-10-09T20:21:12.9029310Z   ---
2026-10-09T20:21:12.9029598Z   duration_ms: 6.216864
2026-10-09T20:21:12.9029911Z   type: 'test'
2026-10-09T20:21:12.9030240Z   ...
2026-10-09T20:21:12.9131624Z # Subtest: PHP-safe product names preserve every original bound and independently reviewed site
2026-10-09T20:21:12.9133035Z ok 14 - PHP-safe product names preserve every original bound and independently reviewed site
2026-10-09T20:21:12.9133775Z   ---
2026-10-09T20:21:12.9134016Z   duration_ms: 10.5404
2026-10-09T20:21:12.9134395Z   type: 'test'
2026-10-09T20:21:12.9135249Z   ...
2026-10-09T20:21:12.9151260Z # Subtest: product logs retain the failed baseline review and the corrected run with four mismatches
2026-10-09T20:21:12.9152758Z ok 15 - product logs retain the failed baseline review and the corrected run with four mismatches
2026-10-09T20:21:12.9153442Z   ---
2026-10-09T20:21:12.9153838Z   duration_ms: 1.940555
2026-10-09T20:21:12.9154286Z   type: 'test'
2026-10-09T20:21:12.9154688Z   ...
2026-10-09T20:21:17.8016675Z # Subtest: native Fin promotion retains all eight original reports and artifact identities
2026-10-09T20:21:17.8018165Z ok 16 - native Fin promotion retains all eight original reports and artifact identities
2026-10-09T20:21:17.8019017Z   ---
2026-10-09T20:21:17.8019519Z   duration_ms: 4885.716454
2026-10-09T20:21:17.8020071Z   type: 'test'
2026-10-09T20:21:17.8020543Z   ...
2026-10-09T20:21:23.0349854Z # Subtest: native Fin promotion changes four field cells and supplements eight structural cells only
2026-10-09T20:21:23.0351878Z ok 17 - native Fin promotion changes four field cells and supplements eight structural cells only
2026-10-09T20:21:23.0361588Z   ---
2026-10-09T20:21:23.0362040Z   duration_ms: 5183.466282
2026-10-09T20:21:23.0362746Z   type: 'test'
2026-10-09T20:21:23.0363105Z   ...
2026-10-09T20:21:23.0363939Z # Subtest: Fin record WIT assertions accept compact and multiline trailing-comma layouts
2026-10-09T20:21:23.0364993Z ok 18 - Fin record WIT assertions accept compact and multiline trailing-comma layouts
2026-10-09T20:21:23.0365705Z   ---
2026-10-09T20:21:23.0366050Z   duration_ms: 49.507207
2026-10-09T20:21:23.0366426Z   type: 'test'
2026-10-09T20:21:23.0366723Z   ...
2026-10-09T20:21:23.0367503Z # Subtest: actual wasm-tools Fin record round trip preserves strict signature assertions
2026-10-09T20:21:23.0369117Z ok 19 - actual wasm-tools Fin record round trip preserves strict signature assertions # SKIP
2026-10-09T20:21:23.0369886Z   ---
2026-10-09T20:21:23.0370224Z   duration_ms: 0.632626
2026-10-09T20:21:23.0370588Z   type: 'test'
2026-10-09T20:21:23.0370884Z   ...
2026-10-09T20:21:23.0490954Z # Subtest: WIT record evidence authenticates both source routes, exact fixture trees and seven original artifacts
2026-10-09T20:21:23.0493052Z ok 20 - WIT record evidence authenticates both source routes, exact fixture trees and seven original artifacts
2026-10-09T20:21:23.0493741Z   ---
2026-10-09T20:21:23.0493976Z   duration_ms: 14.044675
2026-10-09T20:21:23.0494229Z   type: 'test'
2026-10-09T20:21:23.0494438Z   ...
2026-10-09T20:21:23.0557147Z # Subtest: WIT record execution retains measured tools and separates failed hosted acceptance
2026-10-09T20:21:23.0559218Z ok 21 - WIT record execution retains measured tools and separates failed hosted acceptance
2026-10-09T20:21:23.0560356Z   ---
2026-10-09T20:21:23.0560971Z   duration_ms: 6.880682
2026-10-09T20:21:23.0561439Z   type: 'test'
2026-10-09T20:21:23.0561793Z   ...
2026-10-09T20:21:23.1106242Z # Subtest: WIT record report checks reject changed bounds, provenance, isolation and invented dispatch
2026-10-09T20:21:23.1108493Z ok 22 - WIT record report checks reject changed bounds, provenance, isolation and invented dispatch
2026-10-09T20:21:23.1109225Z   ---
2026-10-09T20:21:23.1109579Z   duration_ms: 54.541079
2026-10-09T20:21:23.1109915Z   type: 'test'
2026-10-09T20:21:23.1110116Z   ...
2026-10-09T20:21:23.2679943Z # Subtest: WIT execution validation rejects missing, skipped, cancelled or misidentified runs
2026-10-09T20:21:23.2768359Z ok 23 - WIT execution validation rejects missing, skipped, cancelled or misidentified runs
2026-10-09T20:21:23.2798349Z   ---
2026-10-09T20:21:23.2828275Z   duration_ms: 8.168935
2026-10-09T20:21:23.2831060Z   type: 'test'
2026-10-09T20:21:23.2831541Z   ...
2026-10-09T20:21:23.2832234Z # Subtest: record and variant fields carry their bounds in site trees and per-definition Binding IR
2026-10-09T20:21:23.2833166Z ok 24 - record and variant fields carry their bounds in site trees and per-definition Binding IR
2026-10-09T20:21:23.2833780Z   ---
2026-10-09T20:21:23.2834714Z   duration_ms: 30.361746
2026-10-09T20:21:23.2835187Z   type: 'test'
2026-10-09T20:21:23.2835541Z   ...
2026-10-09T20:21:23.2836235Z # Subtest: C adapters check record fields and only the active variant case on caller limbs before Lean runs
2026-10-09T20:21:23.2837244Z ok 25 - C adapters check record fields and only the active variant case on caller limbs before Lean runs
2026-10-09T20:21:23.2838344Z   ---
2026-10-09T20:21:23.2839072Z   duration_ms: 18.526782
2026-10-09T20:21:23.2839538Z   type: 'test'
2026-10-09T20:21:23.2839894Z   ...
2026-10-09T20:21:23.2840910Z # Subtest: Lean adapters pass refined records and variants as erased mirrors checked once before one source call
2026-10-09T20:21:23.2842462Z ok 26 - Lean adapters pass refined records and variants as erased mirrors checked once before one source call
2026-10-09T20:21:23.2843264Z   ---
2026-10-09T20:21:23.2843470Z   duration_ms: 13.150158
2026-10-09T20:21:23.2843704Z   type: 'test'
2026-10-09T20:21:23.2843902Z   ...
2026-10-09T20:21:23.2844343Z # Subtest: records and variants without bounds keep their helpers byte for byte
2026-10-09T20:21:23.2844944Z ok 27 - records and variants without bounds keep their helpers byte for byte
2026-10-09T20:21:23.2845318Z   ---
2026-10-09T20:21:23.2845519Z   duration_ms: 1.536098
2026-10-09T20:21:23.2845744Z   type: 'test'
2026-10-09T20:21:23.2845935Z   ...
2026-10-09T20:21:23.2846323Z # Subtest: Perl XS walks record fields and the active case, naming each path
2026-10-09T20:21:23.2846878Z ok 28 - Perl XS walks record fields and the active case, naming each path
2026-10-09T20:21:23.2847241Z   ---
2026-10-09T20:21:23.2847440Z   duration_ms: 15.237028
2026-10-09T20:21:23.2847954Z   type: 'test'
2026-10-09T20:21:23.2848163Z   ...
2026-10-09T20:21:23.2848683Z # Subtest: hosts reading only the Binding IR document record and variant bounds from their definitions
2026-10-09T20:21:23.2849461Z ok 29 - hosts reading only the Binding IR document record and variant bounds from their definitions
2026-10-09T20:21:23.2849927Z   ---
2026-10-09T20:21:23.2850125Z   duration_ms: 21.133699
2026-10-09T20:21:23.2850357Z   type: 'test'
2026-10-09T20:21:23.2850550Z   ...
2026-10-09T20:21:23.2851046Z # Subtest: the independent record review passes reviewed admission and equals the compiled contract
2026-10-09T20:21:23.2851805Z ok 30 - the independent record review passes reviewed admission and equals the compiled contract
2026-10-09T20:21:23.2852246Z   ---
2026-10-09T20:21:23.2852436Z   duration_ms: 16.655807
2026-10-09T20:21:23.2852666Z   type: 'test'
2026-10-09T20:21:23.2852854Z   ...
2026-10-09T20:21:23.2853318Z # Subtest: reviewed record and variant field bounds must equal the freshly compiled definitions
2026-10-09T20:21:23.2854033Z ok 31 - reviewed record and variant field bounds must equal the freshly compiled definitions
2026-10-09T20:21:23.2854453Z   ---
2026-10-09T20:21:23.2854645Z   duration_ms: 29.183349
2026-10-09T20:21:23.2854866Z   type: 'test'
2026-10-09T20:21:23.2855060Z   ...
2026-10-09T20:21:23.2855667Z # Subtest: every native profile has a Fin record consumer and a target
2026-10-09T20:21:23.2856197Z ok 32 - every native profile has a Fin record consumer and a target
2026-10-09T20:21:23.2856541Z   ---
2026-10-09T20:21:23.2856742Z   duration_ms: 5.561571
2026-10-09T20:21:23.2856966Z   type: 'test'
2026-10-09T20:21:23.2857163Z   ...
2026-10-09T20:22:52.1250664Z # Subtest: relocated source-free native packages check Fin inside record fields and the active variant case
2026-10-09T20:22:52.1251900Z ok 33 - relocated source-free native packages check Fin inside record fields and the active variant case
2026-10-09T20:22:52.1252804Z   ---
2026-10-09T20:22:52.1253671Z   duration_ms: 88853.756433
2026-10-09T20:22:52.1254335Z   type: 'test'
2026-10-09T20:22:52.1254848Z   ...
2026-10-09T20:22:52.1255426Z # build 0: python
2026-10-09T20:22:52.1256105Z # installing and checking python
2026-10-09T20:22:52.1256825Z # build 1: python
2026-10-09T20:24:19.0113575Z # Subtest: independently reviewed native packages check record and variant field bounds after source-free installation
2026-10-09T20:24:19.0115470Z ok 34 - independently reviewed native packages check record and variant field bounds after source-free installation
2026-10-09T20:24:19.0116389Z   ---
2026-10-09T20:24:19.0116947Z   duration_ms: 86885.515737
2026-10-09T20:24:19.0117374Z   type: 'test'
2026-10-09T20:24:19.0117932Z   ...
2026-10-09T20:24:19.0118183Z # build 0: python
2026-10-09T20:24:19.0118471Z # installing and checking python
2026-10-09T20:24:19.0118747Z # build 1: python
2026-10-09T20:24:19.0119244Z # Subtest: changed record and variant reviews are refused against fresh Lean before any output
2026-10-09T20:24:19.0120000Z ok 35 - changed record and variant reviews are refused against fresh Lean before any output # SKIP
2026-10-09T20:24:19.0120451Z   ---
2026-10-09T20:24:19.0120654Z   duration_ms: 0.196538
2026-10-09T20:24:19.0120885Z   type: 'test'
2026-10-09T20:24:19.0121078Z   ...
2026-10-09T20:24:19.0404299Z 1..35
2026-10-09T20:24:19.0406503Z # tests 35
2026-10-09T20:24:19.0407055Z # suites 0
2026-10-09T20:24:19.0407457Z # pass 33
2026-10-09T20:24:19.0408237Z # fail 0
2026-10-09T20:24:19.0408638Z # cancelled 0
2026-10-09T20:24:19.0409059Z # skipped 2
2026-10-09T20:24:19.0409448Z # todo 0
2026-10-09T20:24:19.0409912Z # duration_ms 190892.622215
2026-10-09T20:24:19.0874305Z TAP version 13
2026-10-09T20:24:20.4287984Z # Subtest: Native Fin records authenticates each exact source predecessor
2026-10-09T20:24:20.4293962Z ok 1 - Native Fin records authenticates each exact source predecessor
2026-10-09T20:24:20.4294777Z   ---
2026-10-09T20:24:20.4295156Z   duration_ms: 869.33587
2026-10-09T20:24:20.4295653Z   type: 'test'
2026-10-09T20:24:20.4296068Z   ...
2026-10-09T20:24:22.4365768Z # Subtest: Native Fin records changes current source pins without inventing installed evidence
2026-10-09T20:24:22.4368129Z ok 2 - Native Fin records changes current source pins without inventing installed evidence
2026-10-09T20:24:22.4368943Z   ---
2026-10-09T20:24:22.4369417Z   duration_ms: 2007.958605
2026-10-09T20:24:22.4370040Z   type: 'test'
2026-10-09T20:24:22.4370435Z   ...
2026-10-09T20:24:23.1915382Z # Subtest: native Fin promotion authenticates each exact source predecessor
2026-10-09T20:24:23.1916890Z ok 3 - native Fin promotion authenticates each exact source predecessor
2026-10-09T20:24:23.1917975Z   ---
2026-10-09T20:24:23.1918611Z   duration_ms: 754.896671
2026-10-09T20:24:23.1919131Z   type: 'test'
2026-10-09T20:24:23.1919424Z   ...
2026-10-09T20:24:23.2135065Z # Subtest: PHP-safe product name authenticates each exact source predecessor
2026-10-09T20:24:23.2136813Z ok 4 - PHP-safe product name authenticates each exact source predecessor
2026-10-09T20:24:23.2138107Z   ---
2026-10-09T20:24:23.2138462Z   duration_ms: 21.841312
2026-10-09T20:24:23.2138713Z   type: 'test'
2026-10-09T20:24:23.2139003Z   ...
2026-10-09T20:24:23.7727577Z # Subtest: Fin record WIT formatting authenticates each exact source predecessor
2026-10-09T20:24:23.7730740Z ok 5 - Fin record WIT formatting authenticates each exact source predecessor
2026-10-09T20:24:23.7731677Z   ---
2026-10-09T20:24:23.7731894Z   duration_ms: 559.123175
2026-10-09T20:24:23.7732137Z   type: 'test'
2026-10-09T20:24:23.7732341Z   ...
2026-10-09T20:24:23.7815188Z # Subtest: WIT record evidence archive authenticates each exact source predecessor
2026-10-09T20:24:23.7816678Z ok 6 - WIT record evidence archive authenticates each exact source predecessor
2026-10-09T20:24:23.7817971Z   ---
2026-10-09T20:24:23.7818374Z   duration_ms: 8.57829
2026-10-09T20:24:23.7818714Z   type: 'test'
2026-10-09T20:24:23.7818972Z   ...
2026-10-09T20:24:23.7891925Z # Subtest: record archives bind the expanded frozen fixture, original packages and C dispatch
2026-10-09T20:24:23.7893321Z ok 7 - record archives bind the expanded frozen fixture, original packages and C dispatch
2026-10-09T20:24:23.7893893Z   ---
2026-10-09T20:24:23.7894110Z   duration_ms: 8.058947
2026-10-09T20:24:23.7894384Z   type: 'test'
2026-10-09T20:24:23.7894589Z   ...
2026-10-09T20:24:23.8035400Z # Subtest: record evidence refuses lost compositions, false counters and inherited C++ dispatch
2026-10-09T20:24:23.8037176Z ok 8 - record evidence refuses lost compositions, false counters and inherited C++ dispatch
2026-10-09T20:24:23.8038319Z   ---
2026-10-09T20:24:23.8038690Z   duration_ms: 13.455452
2026-10-09T20:24:23.8039118Z   type: 'test'
2026-10-09T20:24:23.8039457Z   ...
2026-10-09T20:24:23.8084985Z # Subtest: Array dispatch archives retain exact installed packages and ten measured C rows
2026-10-09T20:24:23.8088129Z ok 9 - Array dispatch archives retain exact installed packages and ten measured C rows
2026-10-09T20:24:23.8089657Z   ---
2026-10-09T20:24:23.8090028Z   duration_ms: 5.433195
2026-10-09T20:24:23.8090422Z   type: 'test'
2026-10-09T20:24:23.8090710Z   ...
2026-10-09T20:24:23.8128171Z # Subtest: Array dispatch evidence refuses missing positions, false counters and inherited C++ dispatch
2026-10-09T20:24:23.8131008Z ok 10 - Array dispatch evidence refuses missing positions, false counters and inherited C++ dispatch
2026-10-09T20:24:23.8131938Z   ---
2026-10-09T20:24:23.8132373Z   duration_ms: 4.232835
2026-10-09T20:24:23.8132919Z   type: 'test'
2026-10-09T20:24:23.8133346Z   ...
2026-10-09T20:24:23.8168369Z # Subtest: Array product archives retain exact installed C/C++ results and unmeasured dispatch
2026-10-09T20:24:23.8169749Z ok 11 - Array product archives retain exact installed C/C++ results and unmeasured dispatch
2026-10-09T20:24:23.8170530Z   ---
2026-10-09T20:24:23.8170879Z   duration_ms: 3.976504
2026-10-09T20:24:23.8171275Z   type: 'test'
2026-10-09T20:24:23.8171623Z   ...
2026-10-09T20:24:23.8189838Z # Subtest: the product follow-up preserves all five fresh-Lean refusal results
2026-10-09T20:24:23.8191195Z ok 12 - the product follow-up preserves all five fresh-Lean refusal results
2026-10-09T20:24:23.8192267Z   ---
2026-10-09T20:24:23.8192943Z   duration_ms: 1.767002
2026-10-09T20:24:23.8193379Z   type: 'test'
2026-10-09T20:24:23.8193728Z   ...
2026-10-09T20:24:23.8243855Z # Subtest: C/C++ product archives bind both source paths to exact bounds and measured dispatch
2026-10-09T20:24:23.8245156Z ok 13 - C/C++ product archives bind both source paths to exact bounds and measured dispatch
2026-10-09T20:24:23.8245911Z   ---
2026-10-09T20:24:23.8246255Z   duration_ms: 5.737406
2026-10-09T20:24:23.8246652Z   type: 'test'
2026-10-09T20:24:23.8246990Z   ...
2026-10-09T20:24:23.8349182Z # Subtest: PHP-safe product names preserve every original bound and independently reviewed site
2026-10-09T20:24:23.8350970Z ok 14 - PHP-safe product names preserve every original bound and independently reviewed site
2026-10-09T20:24:23.8351635Z   ---
2026-10-09T20:24:23.8351855Z   duration_ms: 10.207504
2026-10-09T20:24:23.8352104Z   type: 'test'
2026-10-09T20:24:23.8352317Z   ...
2026-10-09T20:24:23.8364608Z # Subtest: product logs retain the failed baseline review and the corrected run with four mismatches
2026-10-09T20:24:23.8366170Z ok 15 - product logs retain the failed baseline review and the corrected run with four mismatches
2026-10-09T20:24:23.8367425Z   ---
2026-10-09T20:24:23.8368018Z   duration_ms: 1.785847
2026-10-09T20:24:23.8368429Z   type: 'test'
2026-10-09T20:24:23.8368778Z   ...
2026-10-09T20:24:28.7176932Z # Subtest: native Fin promotion retains all eight original reports and artifact identities
2026-10-09T20:24:28.7178661Z ok 16 - native Fin promotion retains all eight original reports and artifact identities
2026-10-09T20:24:28.7179669Z   ---
2026-10-09T20:24:28.7180220Z   duration_ms: 4880.513556
2026-10-09T20:24:28.7180655Z   type: 'test'
2026-10-09T20:24:28.7180999Z   ...
2026-10-09T20:24:34.1202629Z # Subtest: native Fin promotion changes four field cells and supplements eight structural cells only
2026-10-09T20:24:34.1204905Z ok 17 - native Fin promotion changes four field cells and supplements eight structural cells only
2026-10-09T20:24:34.1206117Z   ---
2026-10-09T20:24:34.1206700Z   duration_ms: 5349.901156
2026-10-09T20:24:34.1207332Z   type: 'test'
2026-10-09T20:24:34.1208365Z   ...
2026-10-09T20:24:34.1209932Z # Subtest: Fin record WIT assertions accept compact and multiline trailing-comma layouts
2026-10-09T20:24:34.1211564Z ok 18 - Fin record WIT assertions accept compact and multiline trailing-comma layouts
2026-10-09T20:24:34.1212682Z   ---
2026-10-09T20:24:34.1213210Z   duration_ms: 52.194544
2026-10-09T20:24:34.1213806Z   type: 'test'
2026-10-09T20:24:34.1214194Z   ...
2026-10-09T20:24:34.1215075Z # Subtest: actual wasm-tools Fin record round trip preserves strict signature assertions
2026-10-09T20:24:34.1216350Z ok 19 - actual wasm-tools Fin record round trip preserves strict signature assertions # SKIP
2026-10-09T20:24:34.1217114Z   ---
2026-10-09T20:24:34.1217453Z   duration_ms: 0.635143
2026-10-09T20:24:34.1218123Z   type: 'test'
2026-10-09T20:24:34.1218470Z   ...
2026-10-09T20:24:34.1340974Z # Subtest: WIT record evidence authenticates both source routes, exact fixture trees and seven original artifacts
2026-10-09T20:24:34.1343166Z ok 20 - WIT record evidence authenticates both source routes, exact fixture trees and seven original artifacts
2026-10-09T20:24:34.1344319Z   ---
2026-10-09T20:24:34.1344743Z   duration_ms: 14.05491
2026-10-09T20:24:34.1345240Z   type: 'test'
2026-10-09T20:24:34.1345657Z   ...
2026-10-09T20:24:34.1403747Z # Subtest: WIT record execution retains measured tools and separates failed hosted acceptance
2026-10-09T20:24:34.1405119Z ok 21 - WIT record execution retains measured tools and separates failed hosted acceptance
2026-10-09T20:24:34.1407559Z   ---
2026-10-09T20:24:34.1408420Z   duration_ms: 6.275413
2026-10-09T20:24:34.1408750Z   type: 'test'
2026-10-09T20:24:34.1409004Z   ...
2026-10-09T20:24:34.1889920Z # Subtest: WIT record report checks reject changed bounds, provenance, isolation and invented dispatch
2026-10-09T20:24:34.1891926Z ok 22 - WIT record report checks reject changed bounds, provenance, isolation and invented dispatch
2026-10-09T20:24:34.1892849Z   ---
2026-10-09T20:24:34.1893550Z   duration_ms: 48.158194
2026-10-09T20:24:34.1894115Z   type: 'test'
2026-10-09T20:24:34.1894518Z   ...
2026-10-09T20:24:34.3379986Z # Subtest: WIT execution validation rejects missing, skipped, cancelled or misidentified runs
2026-10-09T20:24:34.3409240Z ok 23 - WIT execution validation rejects missing, skipped, cancelled or misidentified runs
2026-10-09T20:24:34.3459548Z   ---
2026-10-09T20:24:34.3478522Z   duration_ms: 8.213392
2026-10-09T20:24:34.3479009Z   type: 'test'
2026-10-09T20:24:34.3479376Z   ...
2026-10-09T20:24:34.3488579Z # Subtest: record and variant fields carry their bounds in site trees and per-definition Binding IR
2026-10-09T20:24:34.3489984Z ok 24 - record and variant fields carry their bounds in site trees and per-definition Binding IR
2026-10-09T20:24:34.3490763Z   ---
2026-10-09T20:24:34.3491130Z   duration_ms: 26.738506
2026-10-09T20:24:34.3491535Z   type: 'test'
2026-10-09T20:24:34.3491876Z   ...
2026-10-09T20:24:34.3492833Z # Subtest: C adapters check record fields and only the active variant case on caller limbs before Lean runs
2026-10-09T20:24:34.3494486Z ok 25 - C adapters check record fields and only the active variant case on caller limbs before Lean runs
2026-10-09T20:24:34.3495095Z   ---
2026-10-09T20:24:34.3495308Z   duration_ms: 17.572355
2026-10-09T20:24:34.3495556Z   type: 'test'
2026-10-09T20:24:34.3495765Z   ...
2026-10-09T20:24:34.3496336Z # Subtest: Lean adapters pass refined records and variants as erased mirrors checked once before one source call
2026-10-09T20:24:34.3497220Z ok 26 - Lean adapters pass refined records and variants as erased mirrors checked once before one source call
2026-10-09T20:24:34.3498075Z   ---
2026-10-09T20:24:34.3498432Z   duration_ms: 15.95624
2026-10-09T20:24:34.3498677Z   type: 'test'
2026-10-09T20:24:34.3498879Z   ...
2026-10-09T20:24:34.3499300Z # Subtest: records and variants without bounds keep their helpers byte for byte
2026-10-09T20:24:34.3499916Z ok 27 - records and variants without bounds keep their helpers byte for byte
2026-10-09T20:24:34.3500294Z   ---
2026-10-09T20:24:34.3500779Z   duration_ms: 1.572984
2026-10-09T20:24:34.3501191Z   type: 'test'
2026-10-09T20:24:34.3501401Z   ...
2026-10-09T20:24:34.3501807Z # Subtest: Perl XS walks record fields and the active case, naming each path
2026-10-09T20:24:34.3502383Z ok 28 - Perl XS walks record fields and the active case, naming each path
2026-10-09T20:24:34.3502753Z   ---
2026-10-09T20:24:34.3502951Z   duration_ms: 15.259121
2026-10-09T20:24:34.3503183Z   type: 'test'
2026-10-09T20:24:34.3503384Z   ...
2026-10-09T20:24:34.3503891Z # Subtest: hosts reading only the Binding IR document record and variant bounds from their definitions
2026-10-09T20:24:34.3504655Z ok 29 - hosts reading only the Binding IR document record and variant bounds from their definitions
2026-10-09T20:24:34.3505116Z   ---
2026-10-09T20:24:34.3505320Z   duration_ms: 17.615075
2026-10-09T20:24:34.3505549Z   type: 'test'
2026-10-09T20:24:34.3505752Z   ...
2026-10-09T20:24:34.3506487Z # Subtest: the independent record review passes reviewed admission and equals the compiled contract
2026-10-09T20:24:34.3507257Z ok 30 - the independent record review passes reviewed admission and equals the compiled contract
2026-10-09T20:24:34.3538138Z   ---
2026-10-09T20:24:34.3538525Z   duration_ms: 16.526492
2026-10-09T20:24:34.3538957Z   type: 'test'
2026-10-09T20:24:34.3539311Z   ...
2026-10-09T20:24:34.3540203Z # Subtest: reviewed record and variant field bounds must equal the freshly compiled definitions
2026-10-09T20:24:34.3541533Z ok 31 - reviewed record and variant field bounds must equal the freshly compiled definitions
2026-10-09T20:24:34.3542319Z   ---
2026-10-09T20:24:34.3542675Z   duration_ms: 24.762285
2026-10-09T20:24:34.3543082Z   type: 'test'
2026-10-09T20:24:34.3543425Z   ...
2026-10-09T20:24:34.3544093Z # Subtest: every native profile has a Fin record consumer and a target
2026-10-09T20:24:34.3545050Z ok 32 - every native profile has a Fin record consumer and a target
2026-10-09T20:24:34.3545676Z   ---
2026-10-09T20:24:34.3546031Z   duration_ms: 11.590002
2026-10-09T20:24:34.3546459Z   type: 'test'
2026-10-09T20:24:34.3546832Z   ...
2026-10-09T20:26:02.3879491Z # Subtest: relocated source-free native packages check Fin inside record fields and the active variant case
2026-10-09T20:26:02.3881021Z ok 33 - relocated source-free native packages check Fin inside record fields and the active variant case
2026-10-09T20:26:02.3881682Z   ---
2026-10-09T20:26:02.3881990Z   duration_ms: 88042.305363
2026-10-09T20:26:02.3882399Z   type: 'test'
2026-10-09T20:26:02.3882768Z   ...
2026-10-09T20:26:02.3896414Z # build 0: python
2026-10-09T20:26:02.3896955Z # installing and checking python
2026-10-09T20:26:02.3897468Z # build 1: python
2026-10-09T20:27:28.8233747Z # Subtest: independently reviewed native packages check record and variant field bounds after source-free installation
2026-10-09T20:27:28.8239340Z ok 34 - independently reviewed native packages check record and variant field bounds after source-free installation
2026-10-09T20:27:28.8240468Z   ---
2026-10-09T20:27:28.8241302Z   duration_ms: 86435.692039
2026-10-09T20:27:28.8241800Z   type: 'test'
2026-10-09T20:27:28.8242141Z   ...
2026-10-09T20:27:28.8242365Z # build 0: python
2026-10-09T20:27:28.8242658Z # installing and checking python
2026-10-09T20:27:28.8242953Z # build 1: python
2026-10-09T20:27:28.8243455Z # Subtest: changed record and variant reviews are refused against fresh Lean before any output
2026-10-09T20:27:28.8244216Z ok 35 - changed record and variant reviews are refused against fresh Lean before any output # SKIP
2026-10-09T20:27:28.8244682Z   ---
2026-10-09T20:27:28.8244883Z   duration_ms: 0.169408
2026-10-09T20:27:28.8245113Z   type: 'test'
2026-10-09T20:27:28.8245304Z   ...
2026-10-09T20:27:28.8496790Z 1..35
2026-10-09T20:27:28.8497551Z # tests 35
2026-10-09T20:27:28.8498907Z # suites 0
2026-10-09T20:27:28.8499402Z # pass 33
2026-10-09T20:27:28.8499844Z # fail 0
2026-10-09T20:27:28.8500421Z # cancelled 0
2026-10-09T20:27:28.8501004Z # skipped 2
2026-10-09T20:27:28.8501579Z # todo 0
2026-10-09T20:27:28.8502532Z # duration_ms 189774.519976
2026-10-09T20:27:28.8943567Z TAP version 13
2026-10-09T20:27:29.8122289Z # Subtest: Subtype alias position authenticates each exact source predecessor
2026-10-09T20:27:29.8128013Z ok 1 - Subtype alias position authenticates each exact source predecessor
2026-10-09T20:27:29.8128891Z   ---
2026-10-09T20:27:29.8129371Z   duration_ms: 591.902062
2026-10-09T20:27:29.8129907Z   type: 'test'
2026-10-09T20:27:29.8130310Z   ...
2026-10-09T20:27:30.3396171Z # Subtest: Subtype XS archive authenticates each exact source predecessor
2026-10-09T20:27:30.3398564Z ok 2 - Subtype XS archive authenticates each exact source predecessor
2026-10-09T20:27:30.3399265Z   ---
2026-10-09T20:27:30.3399667Z   duration_ms: 527.33069
2026-10-09T20:27:30.3400117Z   type: 'test'
2026-10-09T20:27:30.3400464Z   ...
2026-10-09T20:27:30.9194860Z # Subtest: Checked-record admission authenticates each exact source predecessor
2026-10-09T20:27:30.9196834Z ok 3 - Checked-record admission authenticates each exact source predecessor
2026-10-09T20:27:30.9197996Z   ---
2026-10-09T20:27:30.9198993Z   duration_ms: 579.6031
2026-10-09T20:27:30.9199437Z   type: 'test'
2026-10-09T20:27:30.9199802Z   ...
2026-10-09T20:27:30.9413420Z # Subtest: archived Subtype XS remains readable without a PATH-provided decompressor
2026-10-09T20:27:30.9414906Z ok 4 - archived Subtype XS remains readable without a PATH-provided decompressor
2026-10-09T20:27:30.9416025Z   ---
2026-10-09T20:27:30.9416828Z   duration_ms: 18.498159
2026-10-09T20:27:30.9417543Z   type: 'test'
2026-10-09T20:27:30.9418246Z   ...
2026-10-09T20:27:30.9421116Z # Subtest: native types admit Subtype only at a top-level site over a primitive base
2026-10-09T20:27:30.9429390Z ok 5 - native types admit Subtype only at a top-level site over a primitive base
2026-10-09T20:27:30.9430405Z   ---
2026-10-09T20:27:30.9430931Z   duration_ms: 1.914441
2026-10-09T20:27:30.9431468Z   type: 'test'
2026-10-09T20:27:30.9431890Z   ...
2026-10-09T20:27:30.9433136Z # Subtest: Lean adapters construct each Subtype through its checked constructor and export one validator per checked parameter
2026-10-09T20:27:30.9435222Z ok 6 - Lean adapters construct each Subtype through its checked constructor and export one validator per checked parameter
2026-10-09T20:27:30.9436424Z   ---
2026-10-09T20:27:30.9436862Z   duration_ms: 1.974173
2026-10-09T20:27:30.9437376Z   type: 'test'
2026-10-09T20:27:30.9438024Z   ...
2026-10-09T20:27:30.9450203Z # Subtest: every native profile has a Subtype consumer
2026-10-09T20:27:30.9452495Z ok 7 - every native profile has a Subtype consumer
2026-10-09T20:27:30.9453253Z   ---
2026-10-09T20:27:30.9453768Z   duration_ms: 1.751325
2026-10-09T20:27:30.9454213Z   type: 'test'
2026-10-09T20:27:30.9454452Z   ...
2026-10-09T20:27:30.9456036Z # Subtest: native builds reject Subtype outside top-level sites and without a constructor
2026-10-09T20:27:30.9457626Z ok 8 - native builds reject Subtype outside top-level sites and without a constructor # SKIP
2026-10-09T20:27:30.9458913Z   ---
2026-10-09T20:27:30.9459719Z   duration_ms: 0.387106
2026-10-09T20:27:30.9460279Z   type: 'test'
2026-10-09T20:27:30.9460798Z   ...
2026-10-09T20:28:52.9790387Z # Subtest: relocated source-free native packages run author-checked constructors at every refined site
2026-10-09T20:28:52.9792451Z ok 9 - relocated source-free native packages run author-checked constructors at every refined site
2026-10-09T20:28:52.9793648Z   ---
2026-10-09T20:28:52.9794226Z   duration_ms: 82034.62473
2026-10-09T20:28:52.9794877Z   type: 'test'
2026-10-09T20:28:52.9795334Z   ...
2026-10-09T20:28:52.9795597Z # build 0: python
2026-10-09T20:28:52.9795963Z # installing and checking python
2026-10-09T20:28:52.9796323Z # build 1: python
2026-10-09T20:28:53.0023356Z 1..9
2026-10-09T20:28:53.0023736Z # tests 9
2026-10-09T20:28:53.0026740Z # suites 0
2026-10-09T20:28:53.0027386Z # pass 8
2026-10-09T20:28:53.0028373Z # fail 0
2026-10-09T20:28:53.0029047Z # cancelled 0
2026-10-09T20:28:53.0029731Z # skipped 1
2026-10-09T20:28:53.0030361Z # todo 0
2026-10-09T20:28:53.0031415Z # duration_ms 84120.018934
2026-10-09T20:28:53.0487100Z TAP version 13
2026-10-09T20:30:43.2615246Z # Subtest: installed Python variants preserve named constructors, strict stubs and cleanup
2026-10-09T20:30:43.2622364Z ok 1 - installed Python variants preserve named constructors, strict stubs and cleanup
2026-10-09T20:30:43.2623305Z   ---
2026-10-09T20:30:43.2625673Z   duration_ms: 109931.482189
2026-10-09T20:30:43.2626551Z   type: 'test'
2026-10-09T20:30:43.2627426Z   ...
2026-10-09T20:30:43.2628762Z # ordinary-source: compiling Python variants
2026-10-09T20:30:43.2631612Z # ordinary-source: 26434 public assertions, 58 result-conversion failures recovered
2026-10-09T20:30:43.2632660Z # reviewed-ir: compiling Python variants
2026-10-09T20:30:43.2635504Z # reviewed-ir: 26434 public assertions, 58 result-conversion failures recovered
2026-10-09T20:30:43.2791817Z 1..1
2026-10-09T20:30:43.2793702Z # tests 1
2026-10-09T20:30:43.2794179Z # suites 0
2026-10-09T20:30:43.2795043Z # pass 1
2026-10-09T20:30:43.2795656Z # fail 0
2026-10-09T20:30:43.2796331Z # cancelled 0
2026-10-09T20:30:43.2796894Z # skipped 0
2026-10-09T20:30:43.2797608Z # todo 0
2026-10-09T20:30:43.2798669Z # duration_ms 110242.480811
2026-10-09T20:30:43.3298603Z TAP version 13
2026-10-09T20:30:43.8204489Z # Subtest: Python collections retain all independent fields with escaped host names
2026-10-09T20:30:43.8205923Z ok 1 - Python collections retain all independent fields with escaped host names
2026-10-09T20:30:43.8217145Z   ---
2026-10-09T20:30:43.8217561Z   duration_ms: 131.088972
2026-10-09T20:30:43.8218336Z   type: 'test'
2026-10-09T20:30:43.8218735Z   ...
2026-10-09T20:30:43.8219686Z # Subtest: Python runtime type aliases bound repeated expansion without widening static types
2026-10-09T20:30:43.8221140Z ok 2 - Python runtime type aliases bound repeated expansion without widening static types
2026-10-09T20:30:43.8221970Z   ---
2026-10-09T20:30:43.8222343Z   duration_ms: 272.175257
2026-10-09T20:30:43.8222780Z   type: 'test'
2026-10-09T20:30:43.8223192Z   ...
2026-10-09T20:30:43.9709520Z # Subtest: Python resolves complete 24-level collection annotations while retaining shallow shapes
2026-10-09T20:30:43.9711395Z ok 3 - Python resolves complete 24-level collection annotations while retaining shallow shapes
2026-10-09T20:30:43.9719837Z   ---
2026-10-09T20:30:43.9720186Z   duration_ms: 102.065244
2026-10-09T20:30:43.9720553Z   type: 'test'
2026-10-09T20:30:43.9720859Z   ...
2026-10-09T20:30:43.9721482Z # Subtest: Python record field escaping rejects normalized member collisions
2026-10-09T20:30:43.9722523Z ok 4 - Python record field escaping rejects normalized member collisions
2026-10-09T20:30:43.9723159Z   ---
2026-10-09T20:30:43.9723502Z   duration_ms: 61.132543
2026-10-09T20:30:43.9723892Z   type: 'test'
2026-10-09T20:30:43.9724209Z   ...
2026-10-09T20:30:44.0315667Z # Subtest: Python rejects misaligned collection buffers before reading elements
2026-10-09T20:30:44.0348931Z ok 5 - Python rejects misaligned collection buffers before reading elements
2026-10-09T20:30:44.0350388Z   ---
2026-10-09T20:30:44.0350987Z   duration_ms: 60.081942
2026-10-09T20:30:44.0351540Z   type: 'test'
2026-10-09T20:30:44.0351972Z   ...
2026-10-09T20:30:44.0941265Z # Subtest: Python-only keywords retain native field meaning through escaped ctypes names
2026-10-09T20:30:44.0949754Z ok 6 - Python-only keywords retain native field meaning through escaped ctypes names
2026-10-09T20:30:44.0950861Z   ---
2026-10-09T20:30:44.0951496Z   duration_ms: 57.260446
2026-10-09T20:30:44.0952141Z   type: 'test'
2026-10-09T20:30:44.0952703Z   ...
2026-10-09T20:30:44.1447583Z # Subtest: Python text decoding enforces its shared conversion budget and releases input scratch
2026-10-09T20:30:44.1449589Z ok 7 - Python text decoding enforces its shared conversion budget and releases input scratch
2026-10-09T20:30:44.1450671Z   ---
2026-10-09T20:30:44.1451198Z   duration_ms: 76.269262
2026-10-09T20:30:44.1451807Z   type: 'test'
2026-10-09T20:30:44.1452299Z   ...
2026-10-09T20:33:17.7374850Z # Subtest: installed Python arrays and records preserve values and bounded annotations on both source paths
2026-10-09T20:33:17.7377071Z ok 8 - installed Python arrays and records preserve values and bounded annotations on both source paths
2026-10-09T20:33:17.7378558Z   ---
2026-10-09T20:33:17.7379132Z   duration_ms: 154076.499889
2026-10-09T20:33:17.7379784Z   type: 'test'
2026-10-09T20:33:17.7380322Z   ...
2026-10-09T20:33:17.7381075Z # ordinary-source: compiling Python collections
2026-10-09T20:33:17.7382421Z # ordinary-source: offline installation on 3.11 with minimum/current backport and 3.12 without it
2026-10-09T20:33:17.7384016Z # ordinary-source: 158365 assertions per runtime; all original installed files unchanged
2026-10-09T20:33:17.7385268Z # reviewed-ir: compiling Python collections
2026-10-09T20:33:17.7386575Z # reviewed-ir: offline installation on 3.11 with minimum/current backport and 3.12 without it
2026-10-09T20:33:17.7388285Z # reviewed-ir: 158365 assertions per runtime; all original installed files unchanged
2026-10-09T20:34:01.2916589Z # Subtest: Python publisher and consumer collection examples execute from a relocated original wheel
2026-10-09T20:34:01.2920268Z ok 9 - Python publisher and consumer collection examples execute from a relocated original wheel
2026-10-09T20:34:01.2921453Z   ---
2026-10-09T20:34:01.2922045Z   duration_ms: 43554.838553
2026-10-09T20:34:01.2922547Z   type: 'test'
2026-10-09T20:34:01.2922907Z   ...
2026-10-09T20:34:01.3051848Z 1..9
2026-10-09T20:34:01.3052226Z # tests 9
2026-10-09T20:34:01.3052776Z # suites 0
2026-10-09T20:34:01.3053383Z # pass 9
2026-10-09T20:34:01.3054034Z # fail 0
2026-10-09T20:34:01.3054634Z # cancelled 0
2026-10-09T20:34:01.3055203Z # skipped 0
2026-10-09T20:34:01.3055799Z # todo 0
2026-10-09T20:34:01.3056435Z # duration_ms 197992.018926
2026-10-09T20:34:01.3496912Z TAP version 13
2026-10-09T20:34:02.0879783Z # Subtest: Python graph declarations preserve names, exact unions and finite recursive annotations
2026-10-09T20:34:02.0889126Z ok 1 - Python graph declarations preserve names, exact unions and finite recursive annotations
2026-10-09T20:34:02.0898809Z   ---
2026-10-09T20:34:02.0899316Z   duration_ms: 213.677281
2026-10-09T20:34:02.0899824Z   type: 'test'
2026-10-09T20:34:02.0900274Z   ...
2026-10-09T20:34:02.0901134Z # Subtest: Python graph declarations reject helper, constructor and escaped field collisions
2026-10-09T20:34:02.0902148Z ok 2 - Python graph declarations reject helper, constructor and escaped field collisions
2026-10-09T20:34:02.0902756Z   ---
2026-10-09T20:34:02.0903236Z   duration_ms: 360.275437
2026-10-09T20:34:02.0903715Z   type: 'test'
2026-10-09T20:34:02.0904151Z   ...
2026-10-09T20:34:02.0905035Z # Subtest: Python shared structural aliases retain bounded source rather than expanding a type tree
2026-10-09T20:34:02.0906230Z ok 3 - Python shared structural aliases retain bounded source rather than expanding a type tree
2026-10-09T20:34:02.0907059Z   ---
2026-10-09T20:34:02.0907293Z   duration_ms: 80.976744
2026-10-09T20:34:02.0908644Z   type: 'test'
2026-10-09T20:34:02.0909241Z   ...
2026-10-09T20:34:19.9753619Z # Subtest: Python recursive values execute and typecheck on standard and backported alias runtimes
2026-10-09T20:34:19.9755404Z ok 4 - Python recursive values execute and typecheck on standard and backported alias runtimes
2026-10-09T20:34:19.9756470Z   ---
2026-10-09T20:34:19.9757034Z   duration_ms: 17892.914299
2026-10-09T20:34:19.9759040Z   type: 'test'
2026-10-09T20:34:19.9759488Z   ...
2026-10-09T20:34:19.9766210Z # Subtest: Python graph declaration acceptance remains required in downstream CI
2026-10-09T20:34:19.9768643Z ok 5 - Python graph declaration acceptance remains required in downstream CI
2026-10-09T20:34:19.9769633Z   ---
2026-10-09T20:34:19.9770183Z   duration_ms: 1.297621
2026-10-09T20:34:19.9770782Z   type: 'test'
2026-10-09T20:34:19.9771320Z   ...
2026-10-09T20:34:19.9927229Z 1..5
2026-10-09T20:34:19.9927778Z # tests 5
2026-10-09T20:34:19.9938597Z # suites 0
2026-10-09T20:34:19.9949157Z # pass 5
2026-10-09T20:34:19.9949567Z # fail 0
2026-10-09T20:34:19.9949825Z # cancelled 0
2026-10-09T20:34:19.9950127Z # skipped 0
2026-10-09T20:34:19.9950345Z # todo 0
2026-10-09T20:34:19.9950592Z # duration_ms 18654.952119
2026-10-09T20:34:20.0392647Z TAP version 13
2026-10-09T20:34:26.0346470Z # Subtest: recorded Python conversion evidence binds source and compiled acceptance without claiming wheels
2026-10-09T20:34:26.0354267Z ok 1 - recorded Python conversion evidence binds source and compiled acceptance without claiming wheels
2026-10-09T20:34:26.0355334Z   ---
2026-10-09T20:34:26.0355588Z   duration_ms: 5490.183354
2026-10-09T20:34:26.0355873Z   type: 'test'
2026-10-09T20:34:26.0356095Z   ...
2026-10-09T20:34:26.0361583Z # Subtest: Python graph conversions retain deterministic private layouts and pre-call validation
2026-10-09T20:34:26.0364823Z ok 2 - Python graph conversions retain deterministic private layouts and pre-call validation
2026-10-09T20:34:26.0366230Z   ---
2026-10-09T20:34:26.0366636Z   duration_ms: 117.780852
2026-10-09T20:34:26.0367042Z   type: 'test'
2026-10-09T20:34:26.0367313Z   ...
2026-10-09T20:34:39.4864405Z # Subtest: Python graph conversions agree with C layouts and clean up every conversion failure
2026-10-09T20:34:39.4865249Z ok 3 - Python graph conversions agree with C layouts and clean up every conversion failure
2026-10-09T20:34:39.4865710Z   ---
2026-10-09T20:34:39.4865929Z   duration_ms: 13452.135405
2026-10-09T20:34:39.4866186Z   type: 'test'
2026-10-09T20:34:39.4866396Z   ...
2026-10-09T20:40:58.2821269Z # Subtest: ordinary and reviewed Lean graphs execute through Python with cleanup and retirement
2026-10-09T20:40:58.2822737Z ok 4 - ordinary and reviewed Lean graphs execute through Python with cleanup and retirement
2026-10-09T20:40:58.2823236Z   ---
2026-10-09T20:40:58.2831232Z   duration_ms: 378795.81273
2026-10-09T20:40:58.2831724Z   type: 'test'
2026-10-09T20:40:58.2832047Z   ...
2026-10-09T20:40:58.2838564Z # Subtest: downstream CI requires isolated and compiled Python graph acceptance
2026-10-09T20:40:58.2840135Z ok 5 - downstream CI requires isolated and compiled Python graph acceptance
2026-10-09T20:40:58.2841165Z   ---
2026-10-09T20:40:58.2841540Z   duration_ms: 2.464239
2026-10-09T20:40:58.2841947Z   type: 'test'
2026-10-09T20:40:58.2842187Z   ...
2026-10-09T20:40:58.3321577Z 1..5
2026-10-09T20:40:58.3322062Z # tests 5
2026-10-09T20:40:58.3322452Z # suites 0
2026-10-09T20:40:58.3322862Z # pass 5
2026-10-09T20:40:58.3323243Z # fail 0
2026-10-09T20:40:58.3323621Z # cancelled 0
2026-10-09T20:40:58.3324211Z # skipped 0
2026-10-09T20:40:58.3328898Z # todo 0
2026-10-09T20:40:58.3329546Z # duration_ms 398305.042747
2026-10-09T20:40:58.3804737Z TAP version 13
2026-10-09T20:41:01.1169589Z # Subtest: recursive Python packages expose typed functions and isolate native loading
2026-10-09T20:41:01.1170984Z ok 1 - recursive Python packages expose typed functions and isolate native loading
2026-10-09T20:41:01.1172705Z   ---
2026-10-09T20:41:01.1173299Z   duration_ms: 327.596105
2026-10-09T20:41:01.1174428Z   type: 'test'
2026-10-09T20:41:01.1174965Z   ...
2026-10-09T20:41:01.1180062Z # Subtest: recursive Python admission checks all selected hosts and protects loader namespaces
2026-10-09T20:41:01.1184036Z ok 2 - recursive Python admission checks all selected hosts and protects loader namespaces
2026-10-09T20:41:01.1185112Z   ---
2026-10-09T20:41:01.1185797Z   duration_ms: 1917.899548
2026-10-09T20:41:01.1186307Z   type: 'test'
2026-10-09T20:41:01.1186677Z   ...
2026-10-09T20:51:31.3835319Z # Subtest: prepared recursive Python wheels install offline and execute without the producer
2026-10-09T20:51:31.3838478Z ok 3 - prepared recursive Python wheels install offline and execute without the producer
2026-10-09T20:51:31.3839298Z   ---
2026-10-09T20:51:31.3839546Z   duration_ms: 630270.862842
2026-10-09T20:51:31.3839799Z   type: 'test'
2026-10-09T20:51:31.3840014Z   ...
2026-10-09T20:51:31.3840801Z # ordinary: building Python-only recursive release
2026-10-09T20:51:31.3842323Z # 3.11-minimum: original installed wheel, typed calls, failure cleanup and shared runtime
2026-10-09T20:51:31.3845873Z # 3.11-current: original installed wheel, typed calls, failure cleanup and shared runtime
2026-10-09T20:51:31.3847130Z # 3.12-standard: original installed wheel, typed calls, failure cleanup and shared runtime
2026-10-09T20:51:31.3848166Z # reviewed: building Python-only recursive release
2026-10-09T20:51:31.3849600Z # 3.11-minimum: original installed wheel, typed calls, failure cleanup and shared runtime
2026-10-09T20:51:31.3850598Z # 3.11-current: original installed wheel, typed calls, failure cleanup and shared runtime
2026-10-09T20:51:31.3851646Z # 3.12-standard: original installed wheel, typed calls, failure cleanup and shared runtime
2026-10-09T20:52:50.3587427Z # Subtest: recursive Python receipts bind installed wheels, public calls, typing and failure cleanup
2026-10-09T20:52:50.3591113Z ok 4 - recursive Python receipts bind installed wheels, public calls, typing and failure cleanup
2026-10-09T20:52:50.3592099Z   ---
2026-10-09T20:52:50.3592516Z   duration_ms: 78975.194884
2026-10-09T20:52:50.3592985Z   type: 'test'
2026-10-09T20:52:50.3593377Z   ...
2026-10-09T20:52:50.4903727Z 1..4
2026-10-09T20:52:50.4904121Z # tests 4
2026-10-09T20:52:50.4904453Z # suites 0
2026-10-09T20:52:50.4904794Z # pass 4
2026-10-09T20:52:50.4905421Z # fail 0
2026-10-09T20:52:50.4906198Z # cancelled 0
2026-10-09T20:52:50.4908507Z # skipped 0
2026-10-09T20:52:50.4908853Z # todo 0
2026-10-09T20:52:50.4909230Z # duration_ms 712122.272793
2026-10-09T20:52:50.5046477Z   % Total    % Received % Xferd  Average Speed   Time    Time     Time  Current
2026-10-09T20:52:50.5047409Z                                  Dload  Upload   Total   Spent    Left  Speed
2026-10-09T20:52:50.5048124Z 
2026-10-09T20:52:51.1924102Z   0     0    0     0    0     0      0      0 --:--:-- --:--:-- --:--:--     0
2026-10-09T20:52:51.1924874Z 100  193M  100  193M    0     0   281M      0 --:--:-- --:--:-- --:--:--  281M
2026-10-09T20:53:04.5840994Z install: creating uninstall script at /home/runner/work/lean-bridge/lean-bridge/.toolchains/rust-1.90.0/lib/rustlib/uninstall.sh
2026-10-09T20:53:04.5866071Z install: installing component 'rustc'
2026-10-09T20:53:05.6775748Z install: installing component 'cargo'
2026-10-09T20:53:06.8134549Z install: installing component 'rust-std-x86_64-unknown-linux-gnu'
2026-10-09T20:53:07.7345013Z 
2026-10-09T20:53:07.7345623Z     rust installed.
2026-10-09T20:53:07.7345966Z 
2026-10-09T20:53:07.7419711Z rustc 1.90.0 (1159e78c4 2025-09-14)
2026-10-09T20:53:07.9349072Z TAP version 13
2026-10-09T20:53:08.0277499Z # Subtest: Python ownership support rejects injected package identifiers
2026-10-09T20:53:08.0299105Z ok 1 - Python ownership support rejects injected package identifiers
2026-10-09T20:53:08.0300010Z   ---
2026-10-09T20:53:08.0300507Z   duration_ms: 1.177977
2026-10-09T20:53:08.0301088Z   type: 'test'
2026-10-09T20:53:08.0301561Z   ...
2026-10-09T20:53:26.0328631Z # Subtest: Python leases clean real Lean results on their owning thread (ordinary)
2026-10-09T20:53:26.0331107Z ok 2 - Python leases clean real Lean results on their owning thread (ordinary)
2026-10-09T20:53:26.0332702Z   ---
2026-10-09T20:53:26.0333245Z   duration_ms: 18006.626586
2026-10-09T20:53:26.0333797Z   type: 'test'
2026-10-09T20:53:26.0334164Z   ...
2026-10-09T20:53:26.0335025Z # {"python":"3.11.17","checks":324,"pythonFailures":5,"nativeFailures":4,"live":0,"identities":0}
2026-10-09T20:53:26.0336293Z # {"python":"3.12.15","checks":325,"pythonFailures":5,"nativeFailures":4,"live":0,"identities":0}
2026-10-09T20:53:45.4889432Z # Subtest: Python leases clean real Lean results on their owning thread (reviewed)
2026-10-09T20:53:45.4890758Z ok 3 - Python leases clean real Lean results on their owning thread (reviewed)
2026-10-09T20:53:45.4891509Z   ---
2026-10-09T20:53:45.4891896Z   duration_ms: 19457.229909
2026-10-09T20:53:45.4892362Z   type: 'test'
2026-10-09T20:53:45.4892729Z   ...
2026-10-09T20:53:45.4893957Z # {"python":"3.11.17","checks":324,"pythonFailures":5,"nativeFailures":4,"live":0,"identities":0}
2026-10-09T20:53:45.4895433Z # {"python":"3.12.15","checks":325,"pythonFailures":5,"nativeFailures":4,"live":0,"identities":0}
2026-10-09T20:54:01.3048263Z # Subtest: owned Python values preserve nominal types and finite typed aliases
2026-10-09T20:54:01.3049548Z ok 4 - owned Python values preserve nominal types and finite typed aliases
2026-10-09T20:54:01.3049983Z   ---
2026-10-09T20:54:01.3050421Z   duration_ms: 97.75461
2026-10-09T20:54:01.3050921Z   type: 'test'
2026-10-09T20:54:01.3051428Z   ...
2026-10-09T20:54:01.3052338Z # Subtest: owned Python stubs enforce resource and constructor types
2026-10-09T20:54:01.3053758Z ok 5 - owned Python stubs enforce resource and constructor types
2026-10-09T20:54:01.3054511Z   ---
2026-10-09T20:54:01.3054919Z   duration_ms: 18110.993566
2026-10-09T20:54:01.3055413Z   type: 'test'
2026-10-09T20:54:01.3057028Z   ...
2026-10-09T20:54:01.3060366Z # 3.11-minimum: strict types passed, 13 diagnostics reject 11 invalid operations
2026-10-09T20:54:01.3092791Z # 3.11-current: strict types passed, 13 diagnostics reject 11 invalid operations
2026-10-09T20:54:01.3094481Z # 3.12-standard: strict types passed, 13 diagnostics reject 11 invalid operations
2026-10-09T20:54:01.3096204Z # Subtest: Python owned-cpp-composition values survive compiled conversion and allocation faults (ordinary)
2026-10-09T20:54:01.3098329Z ok 6 - Python owned-cpp-composition values survive compiled conversion and allocation faults (ordinary)
2026-10-09T20:54:01.3099497Z   ---
2026-10-09T20:54:01.3100057Z   duration_ms: 35057.634654
2026-10-09T20:54:01.3100710Z   type: 'test'
2026-10-09T20:54:01.3101284Z   ...
2026-10-09T20:54:01.3102633Z # {"name":"3.11-minimum","typing":"4.6.0","mode":"normal","checks":604,"pythonFaults":104,"nativeFaults":110,"live":0,"identities":0}
2026-10-09T20:54:01.3104355Z # {"name":"3.11-minimum","typing":"4.6.0","mode":"malformed","checks":216,"live":0,"identities":0}
2026-10-09T20:54:01.3106609Z # {"name":"3.11-minimum","typing":"4.6.0","mode":"callbacks","checks":392,"pythonFaults":71,"pythonCheckpoints":71,"nativeFaults":101,"live":0,"identities":0,"boundedInvocations":819}
2026-10-09T20:54:01.3109276Z # {"name":"3.11-current","typing":"4.16.0","mode":"normal","checks":604,"pythonFaults":104,"nativeFaults":110,"live":0,"identities":0}
2026-10-09T20:54:01.3111014Z # {"name":"3.11-current","typing":"4.16.0","mode":"malformed","checks":216,"live":0,"identities":0}
2026-10-09T20:54:01.3113208Z # {"name":"3.11-current","typing":"4.16.0","mode":"callbacks","checks":392,"pythonFaults":71,"pythonCheckpoints":71,"nativeFaults":101,"live":0,"identities":0,"boundedInvocations":819}
2026-10-09T20:54:01.3115576Z # {"name":"3.12-standard","typing":null,"mode":"normal","checks":604,"pythonFaults":104,"nativeFaults":110,"live":0,"identities":0}
2026-10-09T20:54:01.3117376Z # {"name":"3.12-standard","typing":null,"mode":"malformed","checks":216,"live":0,"identities":0}
2026-10-09T20:54:01.3119220Z # {"name":"3.12-standard","typing":null,"mode":"callbacks","checks":392,"pythonFaults":71,"pythonCheckpoints":71,"nativeFaults":101,"live":0,"identities":0,"boundedInvocations":819}
2026-10-09T20:54:34.2549692Z # Subtest: Python owned-cpp-composition values survive compiled conversion and allocation faults (reviewed)
2026-10-09T20:54:34.2551729Z ok 7 - Python owned-cpp-composition values survive compiled conversion and allocation faults (reviewed)
2026-10-09T20:54:34.2552877Z   ---
2026-10-09T20:54:34.2553432Z   duration_ms: 32951.215454
2026-10-09T20:54:34.2554044Z   type: 'test'
2026-10-09T20:54:34.2554618Z   ...
2026-10-09T20:54:34.2555962Z # {"name":"3.11-minimum","typing":"4.6.0","mode":"normal","checks":604,"pythonFaults":104,"nativeFaults":110,"live":0,"identities":0}
2026-10-09T20:54:34.2557941Z # {"name":"3.11-minimum","typing":"4.6.0","mode":"malformed","checks":216,"live":0,"identities":0}
2026-10-09T20:54:34.2560476Z # {"name":"3.11-minimum","typing":"4.6.0","mode":"callbacks","checks":392,"pythonFaults":71,"pythonCheckpoints":71,"nativeFaults":101,"live":0,"identities":0,"boundedInvocations":819}
2026-10-09T20:54:34.2562761Z # {"name":"3.11-current","typing":"4.16.0","mode":"normal","checks":604,"pythonFaults":104,"nativeFaults":110,"live":0,"identities":0}
2026-10-09T20:54:34.2563742Z # {"name":"3.11-current","typing":"4.16.0","mode":"malformed","checks":216,"live":0,"identities":0}
2026-10-09T20:54:34.2564906Z # {"name":"3.11-current","typing":"4.16.0","mode":"callbacks","checks":392,"pythonFaults":71,"pythonCheckpoints":71,"nativeFaults":101,"live":0,"identities":0,"boundedInvocations":819}
2026-10-09T20:54:34.2566112Z # {"name":"3.12-standard","typing":null,"mode":"normal","checks":604,"pythonFaults":104,"nativeFaults":110,"live":0,"identities":0}
2026-10-09T20:54:34.2566988Z # {"name":"3.12-standard","typing":null,"mode":"malformed","checks":216,"live":0,"identities":0}
2026-10-09T20:54:34.2569446Z # {"name":"3.12-standard","typing":null,"mode":"callbacks","checks":392,"pythonFaults":71,"pythonCheckpoints":71,"nativeFaults":101,"live":0,"identities":0,"boundedInvocations":819}
2026-10-09T20:55:01.4230703Z # Subtest: Python owned-scalars values survive compiled conversion and allocation faults (ordinary)
2026-10-09T20:55:01.4232595Z ok 8 - Python owned-scalars values survive compiled conversion and allocation faults (ordinary)
2026-10-09T20:55:01.4233671Z   ---
2026-10-09T20:55:01.4234210Z   duration_ms: 27166.775315
2026-10-09T20:55:01.4234844Z   type: 'test'
2026-10-09T20:55:01.4235441Z   ...
2026-10-09T20:55:01.4236537Z # {"name":"3.11-minimum","typing":"4.6.0","mode":"normal","checks":353,"primitives":19,"pythonFaults":30,"pythonCheckpoints":30,"nativeFaults":23,"live":0,"identities":0}
2026-10-09T20:55:01.4239114Z # {"name":"3.11-current","typing":"4.16.0","mode":"normal","checks":353,"primitives":19,"pythonFaults":30,"pythonCheckpoints":30,"nativeFaults":23,"live":0,"identities":0}
2026-10-09T20:55:01.4244161Z # {"name":"3.12-standard","typing":null,"mode":"normal","checks":353,"primitives":19,"pythonFaults":30,"pythonCheckpoints":30,"nativeFaults":23,"live":0,"identities":0}
2026-10-09T20:55:28.6930105Z # Subtest: Python owned-scalars values survive compiled conversion and allocation faults (reviewed)
2026-10-09T20:55:28.6932199Z ok 9 - Python owned-scalars values survive compiled conversion and allocation faults (reviewed)
2026-10-09T20:55:28.6952553Z   ---
2026-10-09T20:55:28.6953345Z   duration_ms: 27270.689752
2026-10-09T20:55:28.6954132Z   type: 'test'
2026-10-09T20:55:28.6954684Z   ...
2026-10-09T20:55:28.6955559Z # {"name":"3.11-minimum","typing":"4.6.0","mode":"normal","checks":353,"primitives":19,"pythonFaults":30,"pythonCheckpoints":30,"nativeFaults":23,"live":0,"identities":0}
2026-10-09T20:55:28.6956831Z # {"name":"3.11-current","typing":"4.16.0","mode":"normal","checks":353,"primitives":19,"pythonFaults":30,"pythonCheckpoints":30,"nativeFaults":23,"live":0,"identities":0}
2026-10-09T20:55:28.6958349Z # {"name":"3.12-standard","typing":null,"mode":"normal","checks":353,"primitives":19,"pythonFaults":30,"pythonCheckpoints":30,"nativeFaults":23,"live":0,"identities":0}
2026-10-09T20:55:28.7083310Z 1..9
2026-10-09T20:55:28.7083915Z # tests 9
2026-10-09T20:55:28.7084403Z # suites 0
2026-10-09T20:55:28.7085046Z # pass 9
2026-10-09T20:55:28.7085641Z # fail 0
2026-10-09T20:55:28.7086371Z # cancelled 0
2026-10-09T20:55:28.7086833Z # skipped 0
2026-10-09T20:55:28.7087465Z # todo 0
2026-10-09T20:55:28.7088353Z # duration_ms 140789.921228
2026-10-09T20:55:28.7596006Z TAP version 13
2026-10-09T20:58:53.0544147Z # Subtest: installed Python owned compositions preserve semantics (ordinary)
2026-10-09T20:58:53.0551978Z ok 1 - installed Python owned compositions preserve semantics (ordinary)
2026-10-09T20:58:53.0553032Z   ---
2026-10-09T20:58:53.0553655Z   duration_ms: 203991.987701
2026-10-09T20:58:53.0554715Z   type: 'test'
2026-10-09T20:58:53.0555411Z   ...
2026-10-09T20:58:53.0556231Z # ordinary: Compiling checked native Lean exports
2026-10-09T20:58:53.0558326Z # ordinary: 3.11-minimum 120+120, 3.11-current 120+120, 3.12-standard 120+120 installed and relocated checks
2026-10-09T21:03:07.4210763Z # Subtest: installed Python owned compositions preserve semantics (reviewed)
2026-10-09T21:03:07.4212677Z ok 2 - installed Python owned compositions preserve semantics (reviewed)
2026-10-09T21:03:07.4213934Z   ---
2026-10-09T21:03:07.4214324Z   duration_ms: 254369.802037
2026-10-09T21:03:07.4214800Z   type: 'test'
2026-10-09T21:03:07.4215165Z   ...
2026-10-09T21:03:07.4215881Z # reviewed: Compiling checked native Lean exports
2026-10-09T21:03:07.4219466Z # reviewed: 3.11-minimum 120+120, 3.11-current 120+120, 3.12-standard 120+120 installed and relocated checks
2026-10-09T21:03:07.4424705Z # Subtest: installed owned Python scalars preserve every primitive (ordinary)
2026-10-09T21:03:07.4425880Z ok 3 - installed owned Python scalars preserve every primitive (ordinary)
2026-10-09T21:03:07.4426653Z   ---
2026-10-09T21:03:07.4427028Z   duration_ms: 161158.572433
2026-10-09T21:03:07.4427476Z   type: 'test'
2026-10-09T21:03:07.4428029Z   ...
2026-10-09T21:03:07.4428927Z # ordinary: 3.11-minimum 146+146, 3.11-current 146+146, 3.12-standard 146+146 scalar checks
2026-10-09T21:03:07.4430143Z # Subtest: installed owned Python scalars preserve every primitive (reviewed)
2026-10-09T21:03:07.4431288Z ok 4 - installed owned Python scalars preserve every primitive (reviewed)
2026-10-09T21:03:07.4431998Z   ---
2026-10-09T21:03:07.4432364Z   duration_ms: 158852.920366
2026-10-09T21:03:07.4432808Z   type: 'test'
2026-10-09T21:03:07.4433176Z   ...
2026-10-09T21:03:07.4433993Z # reviewed: 3.11-minimum 146+146, 3.11-current 146+146, 3.12-standard 146+146 scalar checks
2026-10-09T21:03:07.4434771Z 1..4
2026-10-09T21:03:07.4435119Z # tests 4
2026-10-09T21:03:07.4435459Z # suites 0
2026-10-09T21:03:07.4435802Z # pass 4
2026-10-09T21:03:07.4436121Z # fail 0
2026-10-09T21:03:07.4436436Z # cancelled 0
2026-10-09T21:03:07.4436776Z # skipped 0
2026-10-09T21:03:07.4437099Z # todo 0
2026-10-09T21:03:07.4437491Z # duration_ms 458699.392923
2026-10-09T21:03:07.5407616Z 
2026-10-09T21:03:07.5408719Z > @lean-wasm/bridge-poc@0.0.0-poc test:owned-python-transfers
2026-10-09T21:03:07.5410063Z > LEAN_BRIDGE_OWNED_PYTHON_TRANSFER_TEST=1 node --test --test-concurrency=1 tests/owned-python-transfers.test.mjs tests/owned-python-transfer-packaging.test.mjs
2026-10-09T21:03:07.5410865Z 
2026-10-09T21:03:07.5856886Z TAP version 13
2026-10-09T21:03:07.9549452Z # Subtest: Python transfer wheels bind consumption without changing borrow-only packages
2026-10-09T21:03:07.9555237Z ok 1 - Python transfer wheels bind consumption without changing borrow-only packages
2026-10-09T21:03:07.9555883Z   ---
2026-10-09T21:03:07.9556397Z   duration_ms: 92.080836
2026-10-09T21:03:07.9556988Z   type: 'test'
2026-10-09T21:03:07.9557344Z   ...
2026-10-09T21:05:48.9044337Z # Subtest: installed Python inputs preserve transfer decisions (ordinary)
2026-10-09T21:05:48.9046280Z ok 2 - installed Python inputs preserve transfer decisions (ordinary)
2026-10-09T21:05:48.9048106Z   ---
2026-10-09T21:05:48.9048536Z   duration_ms: 160952.351951
2026-10-09T21:05:48.9049449Z   type: 'test'
2026-10-09T21:05:48.9049679Z   ...
2026-10-09T21:05:48.9051186Z # ordinary: Compiling checked native Lean exports
2026-10-09T21:05:48.9052791Z # ordinary: 3.11-minimum 106+106, 3.11-current 106+106, 3.12-standard 106+106 installed and relocated checks
2026-10-09T21:09:27.5262509Z # Subtest: installed Python inputs preserve transfer decisions (reviewed)
2026-10-09T21:09:27.5264245Z ok 3 - installed Python inputs preserve transfer decisions (reviewed)
2026-10-09T21:09:27.5265315Z   ---
2026-10-09T21:09:27.5265987Z   duration_ms: 218621.871624
2026-10-09T21:09:27.5270752Z   type: 'test'
2026-10-09T21:09:27.5271409Z   ...
2026-10-09T21:09:27.5272195Z # reviewed: Compiling checked native Lean exports
2026-10-09T21:09:27.5273784Z # reviewed: 3.11-minimum 106+106, 3.11-current 106+106, 3.12-standard 106+106 installed and relocated checks
2026-10-09T21:09:27.7389320Z # Subtest: Python consuming inputs require explicit capability and preserve borrow-only output
2026-10-09T21:09:27.7409647Z ok 4 - Python consuming inputs require explicit capability and preserve borrow-only output
2026-10-09T21:09:27.7428444Z   ---
2026-10-09T21:09:27.7436635Z   duration_ms: 87.632631
2026-10-09T21:09:27.7444417Z   type: 'test'
2026-10-09T21:09:27.7445049Z   ...
2026-10-09T21:09:58.7338972Z # Subtest: Python leases move at the compiled Lean handoff (ordinary)
2026-10-09T21:09:58.7351324Z ok 5 - Python leases move at the compiled Lean handoff (ordinary)
2026-10-09T21:09:58.7352042Z   ---
2026-10-09T21:09:58.7352545Z   duration_ms: 30997.490356
2026-10-09T21:09:58.7353033Z   type: 'test'
2026-10-09T21:09:58.7353471Z   ...
2026-10-09T21:09:58.7354936Z # {"name":"3.11-minimum","typing":"4.6.0","checks":1027,"pythonBefore":25,"pythonAfter":38,"nativeBefore":34,"nativeAfter":62,"multiPythonBefore":25,"multiPythonAfter":12,"multiNativeBefore":12,"multiNativeAfter":15,"live":0,"identities":0}
2026-10-09T21:09:58.7357288Z # {"name":"3.11-current","typing":"4.16.0","checks":1027,"pythonBefore":25,"pythonAfter":38,"nativeBefore":34,"nativeAfter":62,"multiPythonBefore":25,"multiPythonAfter":12,"multiNativeBefore":12,"multiNativeAfter":15,"live":0,"identities":0}
2026-10-09T21:09:58.7359932Z # {"name":"3.12-standard","typing":null,"checks":1027,"pythonBefore":25,"pythonAfter":38,"nativeBefore":34,"nativeAfter":62,"multiPythonBefore":25,"multiPythonAfter":12,"multiNativeBefore":12,"multiNativeAfter":15,"live":0,"identities":0}
2026-10-09T21:10:29.6493877Z # Subtest: Python leases move at the compiled Lean handoff (reviewed)
2026-10-09T21:10:29.6496978Z ok 6 - Python leases move at the compiled Lean handoff (reviewed)
2026-10-09T21:10:29.6498510Z   ---
2026-10-09T21:10:29.6499127Z   duration_ms: 30916.303406
2026-10-09T21:10:29.6499739Z   type: 'test'
2026-10-09T21:10:29.6500098Z   ...
2026-10-09T21:10:29.6502122Z # {"name":"3.11-minimum","typing":"4.6.0","checks":1027,"pythonBefore":25,"pythonAfter":38,"nativeBefore":34,"nativeAfter":62,"multiPythonBefore":25,"multiPythonAfter":12,"multiNativeBefore":12,"multiNativeAfter":15,"live":0,"identities":0}
2026-10-09T21:10:29.6505427Z # {"name":"3.11-current","typing":"4.16.0","checks":1027,"pythonBefore":25,"pythonAfter":38,"nativeBefore":34,"nativeAfter":62,"multiPythonBefore":25,"multiPythonAfter":12,"multiNativeBefore":12,"multiNativeAfter":15,"live":0,"identities":0}
2026-10-09T21:10:29.6507235Z # {"name":"3.12-standard","typing":null,"checks":1027,"pythonBefore":25,"pythonAfter":38,"nativeBefore":34,"nativeAfter":62,"multiPythonBefore":25,"multiPythonAfter":12,"multiNativeBefore":12,"multiNativeAfter":15,"live":0,"identities":0}
2026-10-09T21:10:29.6639726Z 1..6
2026-10-09T21:10:29.6640276Z # tests 6
2026-10-09T21:10:29.6640931Z # suites 0
2026-10-09T21:10:29.6641796Z # pass 6
2026-10-09T21:10:29.6642219Z # fail 0
2026-10-09T21:10:29.6642654Z # cancelled 0
2026-10-09T21:10:29.6643059Z # skipped 0
2026-10-09T21:10:29.6643403Z # todo 0
2026-10-09T21:10:29.6643855Z # duration_ms 442091.299358
2026-10-09T21:19:23.3472897Z 
2026-10-09T21:19:23.3473766Z > @lean-wasm/bridge-poc@0.0.0-poc test:owned-python-borrows
2026-10-09T21:19:23.3475841Z > LEAN_BRIDGE_OWNED_PYTHON_BORROW_TEST=1 node --test --test-concurrency=1 tests/owned-python-borrows.test.mjs tests/owned-python-borrow-packaging.test.mjs
2026-10-09T21:19:23.3476532Z 
2026-10-09T21:19:23.3476631Z TAP version 13
2026-10-09T21:19:23.3477161Z # Subtest: Python borrow wheels bind original owners without changing unanchored packages
2026-10-09T21:19:23.3478356Z ok 1 - Python borrow wheels bind original owners without changing unanchored packages
2026-10-09T21:19:23.3478922Z   ---
2026-10-09T21:19:23.3479153Z   duration_ms: 109.371426
2026-10-09T21:19:23.3479405Z   type: 'test'
2026-10-09T21:19:23.3479620Z   ...
2026-10-09T21:19:23.3480085Z # Subtest: installed Python borrowed results preserve original owners (ordinary)
2026-10-09T21:19:23.3480788Z ok 2 - installed Python borrowed results preserve original owners (ordinary)
2026-10-09T21:19:23.3481209Z   ---
2026-10-09T21:19:23.3481422Z   duration_ms: 162990.094979
2026-10-09T21:19:23.3481888Z   type: 'test'
2026-10-09T21:19:23.3482103Z   ...
2026-10-09T21:19:23.3482415Z # ordinary: Compiling checked native Lean exports
2026-10-09T21:19:23.3482883Z # ordinary/3.11-minimum: 328 public consumer checks passed
2026-10-09T21:19:23.3483369Z # ordinary/3.11-current: 328 public consumer checks passed
2026-10-09T21:19:23.3483857Z # ordinary/3.12-standard: 328 public consumer checks passed
2026-10-09T21:19:23.3484558Z # ordinary: 3.11-minimum 328+328, 3.11-current 328+328, 3.12-standard 328+328 installed and relocated checks
2026-10-09T21:19:23.3485312Z # Subtest: installed Python borrowed results preserve original owners (reviewed)
2026-10-09T21:19:23.3485974Z ok 3 - installed Python borrowed results preserve original owners (reviewed)
2026-10-09T21:19:23.3486382Z   ---
2026-10-09T21:19:23.3486588Z   duration_ms: 221035.960703
2026-10-09T21:19:23.3486833Z   type: 'test'
2026-10-09T21:19:23.3487032Z   ...
2026-10-09T21:19:23.3487317Z # reviewed: Compiling checked native Lean exports
2026-10-09T21:19:23.3488175Z # reviewed/3.11-minimum: 328 public consumer checks passed
2026-10-09T21:19:23.3488673Z # reviewed/3.11-current: 328 public consumer checks passed
2026-10-09T21:19:23.3489146Z # reviewed/3.12-standard: 328 public consumer checks passed
2026-10-09T21:19:23.3489809Z # reviewed: 3.11-minimum 328+328, 3.11-current 328+328, 3.12-standard 328+328 installed and relocated checks
2026-10-09T21:19:23.3490536Z # Subtest: Python borrowed results require whole owners without changing unanchored APIs
2026-10-09T21:19:23.3491215Z ok 4 - Python borrowed results require whole owners without changing unanchored APIs
2026-10-09T21:19:23.3491630Z   ---
2026-10-09T21:19:23.3491829Z   duration_ms: 87.184145
2026-10-09T21:19:23.3492059Z   type: 'test'
2026-10-09T21:19:23.3492260Z   ...
2026-10-09T21:19:23.3492686Z # Subtest: Python borrowed-result stubs retain owner, container and callable types
2026-10-09T21:19:23.3493335Z ok 5 - Python borrowed-result stubs retain owner, container and callable types
2026-10-09T21:19:23.3493733Z   ---
2026-10-09T21:19:23.3493933Z   duration_ms: 17278.705239
2026-10-09T21:19:23.3494169Z   type: 'test'
2026-10-09T21:19:23.3494362Z   ...
2026-10-09T21:19:23.3494746Z # Subtest: Python borrowed results execute without input-transfer support
2026-10-09T21:19:23.3495337Z ok 6 - Python borrowed results execute without input-transfer support
2026-10-09T21:19:23.3495694Z   ---
2026-10-09T21:19:23.3495900Z   duration_ms: 56753.144526
2026-10-09T21:19:23.3496135Z   type: 'test'
2026-10-09T21:19:23.3496386Z   ...
2026-10-09T21:19:23.3497089Z # Subtest: Python borrowed results expire with original owners (ordinary)
2026-10-09T21:19:23.3498313Z ok 7 - Python borrowed results expire with original owners (ordinary)
2026-10-09T21:19:23.3498964Z   ---
2026-10-09T21:19:23.3499305Z   duration_ms: 37403.316917
2026-10-09T21:19:23.3499722Z   type: 'test'
2026-10-09T21:19:23.3500067Z   ...
2026-10-09T21:19:23.3507608Z # {"name":"3.11-minimum","typing":"4.6.0","checks":2447,"pythonBefore":114,"pythonAfter":63,"nativeBefore":129,"nativeAfter":97,"live":0,"identities":0,"retainedLifetimeFailures":["borrowed-transfer","expired-get","expired-argument","wrong-thread"],"foreignCloseSchedules":["array/get","array/retain","array/copy","array/is_closed","option/get","option/retain","option/copy","option/is_closed","nested/get","nested/retain","nested/copy","nested/is_closed"],"rejectedMutations":[{"name":"unchecked-whole-value","compiled":true,"sourceSha256":"f949badf653c51db8f1af1f7c99165c59d0f0a0dae17a9ce71b71facab5cb8cb"},{"name":"discarded-empty-owner","compiled":true,"sourceSha256":"ee087982d88f0b530896e7efcd24938176372af0964299439c197a938a712728"},{"name":"escaped-callback-frame","compiled":true,"sourceSha256":"52d0d6d144ef0628c7b1aa09693d487881b9f6a21d590dba65332f8be16e6ed9"},{"name":"pointer-equality","compiled":true,"sourceSha256":"73366c079b2a37d0f248edea514ee8a08c362fde06d2bccd543b89ead91b6d2c"},{"name":"late-whole-value-read","compiled":true,"sourceSha256":"67942c4e7fc403fd2e7bcd205723616098ee431c7bd980696f43f8d6120df2c6"},{"name":"late-retain-storage-read","compiled":true,"sourceSha256":"d9ef78c94d70ee29959d3e722286eb2cea9531da2a99ca94dff76704de9d8d68"},{"name":"late-copy-storage-read","compiled":true,"sourceSha256":"cc9177d4846532356e631134569dc8affedf0fa720e3a968ae4f8326019fd11c"},{"name":"late-status-storage-read","compiled":true,"sourceSha256":"b72cc1933a02ebcb787c677b21d8d6d5ab6ef7f457c0d6bd8e2c9fa259cd0e3b"}]}
2026-10-09T21:19:23.3521829Z # {"name":"3.11-current","typing":"4.16.0","checks":2447,"pythonBefore":114,"pythonAfter":63,"nativeBefore":129,"nativeAfter":97,"live":0,"identities":0,"retainedLifetimeFailures":["borrowed-transfer","expired-get","expired-argument","wrong-thread"],"foreignCloseSchedules":["array/get","array/retain","array/copy","array/is_closed","option/get","option/retain","option/copy","option/is_closed","nested/get","nested/retain","nested/copy","nested/is_closed"],"rejectedMutations":[{"name":"unchecked-whole-value","compiled":true,"sourceSha256":"f949badf653c51db8f1af1f7c99165c59d0f0a0dae17a9ce71b71facab5cb8cb"},{"name":"discarded-empty-owner","compiled":true,"sourceSha256":"ee087982d88f0b530896e7efcd24938176372af0964299439c197a938a712728"},{"name":"escaped-callback-frame","compiled":true,"sourceSha256":"52d0d6d144ef0628c7b1aa09693d487881b9f6a21d590dba65332f8be16e6ed9"},{"name":"pointer-equality","compiled":true,"sourceSha256":"73366c079b2a37d0f248edea514ee8a08c362fde06d2bccd543b89ead91b6d2c"},{"name":"late-whole-value-read","compiled":true,"sourceSha256":"67942c4e7fc403fd2e7bcd205723616098ee431c7bd980696f43f8d6120df2c6"},{"name":"late-retain-storage-read","compiled":true,"sourceSha256":"d9ef78c94d70ee29959d3e722286eb2cea9531da2a99ca94dff76704de9d8d68"},{"name":"late-copy-storage-read","compiled":true,"sourceSha256":"cc9177d4846532356e631134569dc8affedf0fa720e3a968ae4f8326019fd11c"},{"name":"late-status-storage-read","compiled":true,"sourceSha256":"b72cc1933a02ebcb787c677b21d8d6d5ab6ef7f457c0d6bd8e2c9fa259cd0e3b"}]}
2026-10-09T21:19:23.3534503Z # {"name":"3.12-standard","typing":null,"checks":2447,"pythonBefore":114,"pythonAfter":63,"nativeBefore":129,"nativeAfter":97,"live":0,"identities":0,"retainedLifetimeFailures":["borrowed-transfer","expired-get","expired-argument","wrong-thread"],"foreignCloseSchedules":["array/get","array/retain","array/copy","array/is_closed","option/get","option/retain","option/copy","option/is_closed","nested/get","nested/retain","nested/copy","nested/is_closed"],"rejectedMutations":[{"name":"unchecked-whole-value","compiled":true,"sourceSha256":"f949badf653c51db8f1af1f7c99165c59d0f0a0dae17a9ce71b71facab5cb8cb"},{"name":"discarded-empty-owner","compiled":true,"sourceSha256":"ee087982d88f0b530896e7efcd24938176372af0964299439c197a938a712728"},{"name":"escaped-callback-frame","compiled":true,"sourceSha256":"52d0d6d144ef0628c7b1aa09693d487881b9f6a21d590dba65332f8be16e6ed9"},{"name":"pointer-equality","compiled":true,"sourceSha256":"73366c079b2a37d0f248edea514ee8a08c362fde06d2bccd543b89ead91b6d2c"},{"name":"late-whole-value-read","compiled":true,"sourceSha256":"67942c4e7fc403fd2e7bcd205723616098ee431c7bd980696f43f8d6120df2c6"},{"name":"late-retain-storage-read","compiled":true,"sourceSha256":"d9ef78c94d70ee29959d3e722286eb2cea9531da2a99ca94dff76704de9d8d68"},{"name":"late-copy-storage-read","compiled":true,"sourceSha256":"cc9177d4846532356e631134569dc8affedf0fa720e3a968ae4f8326019fd11c"},{"name":"late-status-storage-read","compiled":true,"sourceSha256":"b72cc1933a02ebcb787c677b21d8d6d5ab6ef7f457c0d6bd8e2c9fa259cd0e3b"}]}
2026-10-09T21:19:23.3541247Z # Subtest: Python borrowed results expire with original owners (reviewed)
2026-10-09T21:19:23.3541841Z ok 8 - Python borrowed results expire with original owners (reviewed)
2026-10-09T21:19:23.3542208Z   ---
2026-10-09T21:19:23.3542411Z   duration_ms: 37457.241519
2026-10-09T21:19:23.3542653Z   type: 'test'
2026-10-09T21:19:23.3542858Z   ...
2026-10-09T21:19:23.3550145Z # {"name":"3.11-minimum","typing":"4.6.0","checks":2447,"pythonBefore":114,"pythonAfter":63,"nativeBefore":129,"nativeAfter":97,"live":0,"identities":0,"retainedLifetimeFailures":["borrowed-transfer","expired-get","expired-argument","wrong-thread"],"foreignCloseSchedules":["array/get","array/retain","array/copy","array/is_closed","option/get","option/retain","option/copy","option/is_closed","nested/get","nested/retain","nested/copy","nested/is_closed"],"rejectedMutations":[{"name":"unchecked-whole-value","compiled":true,"sourceSha256":"f949badf653c51db8f1af1f7c99165c59d0f0a0dae17a9ce71b71facab5cb8cb"},{"name":"discarded-empty-owner","compiled":true,"sourceSha256":"ee087982d88f0b530896e7efcd24938176372af0964299439c197a938a712728"},{"name":"escaped-callback-frame","compiled":true,"sourceSha256":"52d0d6d144ef0628c7b1aa09693d487881b9f6a21d590dba65332f8be16e6ed9"},{"name":"pointer-equality","compiled":true,"sourceSha256":"73366c079b2a37d0f248edea514ee8a08c362fde06d2bccd543b89ead91b6d2c"},{"name":"late-whole-value-read","compiled":true,"sourceSha256":"67942c4e7fc403fd2e7bcd205723616098ee431c7bd980696f43f8d6120df2c6"},{"name":"late-retain-storage-read","compiled":true,"sourceSha256":"d9ef78c94d70ee29959d3e722286eb2cea9531da2a99ca94dff76704de9d8d68"},{"name":"late-copy-storage-read","compiled":true,"sourceSha256":"cc9177d4846532356e631134569dc8affedf0fa720e3a968ae4f8326019fd11c"},{"name":"late-status-storage-read","compiled":true,"sourceSha256":"b72cc1933a02ebcb787c677b21d8d6d5ab6ef7f457c0d6bd8e2c9fa259cd0e3b"}]}
2026-10-09T21:19:23.3562588Z # {"name":"3.11-current","typing":"4.16.0","checks":2447,"pythonBefore":114,"pythonAfter":63,"nativeBefore":129,"nativeAfter":97,"live":0,"identities":0,"retainedLifetimeFailures":["borrowed-transfer","expired-get","expired-argument","wrong-thread"],"foreignCloseSchedules":["array/get","array/retain","array/copy","array/is_closed","option/get","option/retain","option/copy","option/is_closed","nested/get","nested/retain","nested/copy","nested/is_closed"],"rejectedMutations":[{"name":"unchecked-whole-value","compiled":true,"sourceSha256":"f949badf653c51db8f1af1f7c99165c59d0f0a0dae17a9ce71b71facab5cb8cb"},{"name":"discarded-empty-owner","compiled":true,"sourceSha256":"ee087982d88f0b530896e7efcd24938176372af0964299439c197a938a712728"},{"name":"escaped-callback-frame","compiled":true,"sourceSha256":"52d0d6d144ef0628c7b1aa09693d487881b9f6a21d590dba65332f8be16e6ed9"},{"name":"pointer-equality","compiled":true,"sourceSha256":"73366c079b2a37d0f248edea514ee8a08c362fde06d2bccd543b89ead91b6d2c"},{"name":"late-whole-value-read","compiled":true,"sourceSha256":"67942c4e7fc403fd2e7bcd205723616098ee431c7bd980696f43f8d6120df2c6"},{"name":"late-retain-storage-read","compiled":true,"sourceSha256":"d9ef78c94d70ee29959d3e722286eb2cea9531da2a99ca94dff76704de9d8d68"},{"name":"late-copy-storage-read","compiled":true,"sourceSha256":"cc9177d4846532356e631134569dc8affedf0fa720e3a968ae4f8326019fd11c"},{"name":"late-status-storage-read","compiled":true,"sourceSha256":"b72cc1933a02ebcb787c677b21d8d6d5ab6ef7f457c0d6bd8e2c9fa259cd0e3b"}]}
2026-10-09T21:19:23.3575059Z # {"name":"3.12-standard","typing":null,"checks":2447,"pythonBefore":114,"pythonAfter":63,"nativeBefore":129,"nativeAfter":97,"live":0,"identities":0,"retainedLifetimeFailures":["borrowed-transfer","expired-get","expired-argument","wrong-thread"],"foreignCloseSchedules":["array/get","array/retain","array/copy","array/is_closed","option/get","option/retain","option/copy","option/is_closed","nested/get","nested/retain","nested/copy","nested/is_closed"],"rejectedMutations":[{"name":"unchecked-whole-value","compiled":true,"sourceSha256":"f949badf653c51db8f1af1f7c99165c59d0f0a0dae17a9ce71b71facab5cb8cb"},{"name":"discarded-empty-owner","compiled":true,"sourceSha256":"ee087982d88f0b530896e7efcd24938176372af0964299439c197a938a712728"},{"name":"escaped-callback-frame","compiled":true,"sourceSha256":"52d0d6d144ef0628c7b1aa09693d487881b9f6a21d590dba65332f8be16e6ed9"},{"name":"pointer-equality","compiled":true,"sourceSha256":"73366c079b2a37d0f248edea514ee8a08c362fde06d2bccd543b89ead91b6d2c"},{"name":"late-whole-value-read","compiled":true,"sourceSha256":"67942c4e7fc403fd2e7bcd205723616098ee431c7bd980696f43f8d6120df2c6"},{"name":"late-retain-storage-read","compiled":true,"sourceSha256":"d9ef78c94d70ee29959d3e722286eb2cea9531da2a99ca94dff76704de9d8d68"},{"name":"late-copy-storage-read","compiled":true,"sourceSha256":"cc9177d4846532356e631134569dc8affedf0fa720e3a968ae4f8326019fd11c"},{"name":"late-status-storage-read","compiled":true,"sourceSha256":"b72cc1933a02ebcb787c677b21d8d6d5ab6ef7f457c0d6bd8e2c9fa259cd0e3b"}]}
2026-10-09T21:19:23.3580938Z 1..8
2026-10-09T21:19:23.3581125Z # tests 8
2026-10-09T21:19:23.3581311Z # suites 0
2026-10-09T21:19:23.3581499Z # pass 8
2026-10-09T21:19:23.3581689Z # fail 0
2026-10-09T21:19:23.3581876Z # cancelled 0
2026-10-09T21:19:23.3582074Z # skipped 0
2026-10-09T21:19:23.3582263Z # todo 0
2026-10-09T21:19:23.3582479Z # duration_ms 533533.135964
2026-10-09T21:19:23.3582729Z # pass 8
2026-10-09T21:19:23.3582908Z # fail 0
2026-10-09T21:19:23.3583098Z # skipped 0
2026-10-09T21:33:45.3861040Z 
2026-10-09T21:33:45.3861933Z > @lean-wasm/bridge-poc@0.0.0-poc test:owned-python-receivers
2026-10-09T21:33:45.3864410Z > LEAN_BRIDGE_OWNED_PYTHON_RECEIVER_TEST=1 node --test --test-concurrency=1 tests/owned-python-receivers.test.mjs tests/owned-python-receiver-packaging.test.mjs tests/owned-python-receiver-plain.test.mjs
2026-10-09T21:33:45.3865461Z 
2026-10-09T21:33:45.3865580Z TAP version 13
2026-10-09T21:33:45.3866111Z # Subtest: installed Python receiver wheel survives source removal (ordinary)
2026-10-09T21:33:45.3866852Z ok 1 - installed Python receiver wheel survives source removal (ordinary)
2026-10-09T21:33:45.3867327Z   ---
2026-10-09T21:33:45.3867569Z   duration_ms: 285034.889686
2026-10-09T21:33:45.3868130Z   type: 'test'
2026-10-09T21:33:45.3868380Z   ...
2026-10-09T21:33:45.3869066Z # ordinary: 3.11-minimum 370+370, 3.11-current 370+370, 3.12-standard 370+370 installed and relocated receiver checks
2026-10-09T21:33:45.3869961Z # Subtest: installed Python receiver wheel survives source removal (reviewed)
2026-10-09T21:33:45.3870697Z ok 2 - installed Python receiver wheel survives source removal (reviewed)
2026-10-09T21:33:45.3871182Z   ---
2026-10-09T21:33:45.3871423Z   duration_ms: 385430.860338
2026-10-09T21:33:45.3871710Z   type: 'test'
2026-10-09T21:33:45.3871952Z   ...
2026-10-09T21:33:45.3872624Z # reviewed: 3.11-minimum 370+370, 3.11-current 370+370, 3.12-standard 370+370 installed and relocated receiver checks
2026-10-09T21:33:45.3873414Z # Subtest: Python ordinary receivers need no optional capabilities (consuming=false)
2026-10-09T21:33:45.3874094Z ok 3 - Python ordinary receivers need no optional capabilities (consuming=false)
2026-10-09T21:33:45.3874498Z   ---
2026-10-09T21:33:45.3874705Z   duration_ms: 24550.468844
2026-10-09T21:33:45.3874955Z   type: 'test'
2026-10-09T21:33:45.3875160Z   ...
2026-10-09T21:33:45.3876275Z # {"mode":"ordinary","consuming":false,"observations":[{"name":"3.11-minimum","typing":"4.6.0","checks":7,"identities":0},{"name":"3.11-current","typing":"4.16.0","checks":7,"identities":0},{"name":"3.12-standard","typing":null,"checks":7,"identities":0}]}
2026-10-09T21:33:45.3878153Z # Subtest: Python reviewed receivers need no optional capabilities (consuming=false)
2026-10-09T21:33:45.3878853Z ok 4 - Python reviewed receivers need no optional capabilities (consuming=false)
2026-10-09T21:33:45.3879440Z   ---
2026-10-09T21:33:45.3879655Z   duration_ms: 24480.105087
2026-10-09T21:33:45.3879900Z   type: 'test'
2026-10-09T21:33:45.3880108Z   ...
2026-10-09T21:33:45.3881214Z # {"mode":"reviewed","consuming":false,"observations":[{"name":"3.11-minimum","typing":"4.6.0","checks":7,"identities":0},{"name":"3.11-current","typing":"4.16.0","checks":7,"identities":0},{"name":"3.12-standard","typing":null,"checks":7,"identities":0}]}
2026-10-09T21:33:45.3882391Z # Subtest: Python ordinary receivers need no optional capabilities (consuming=true)
2026-10-09T21:33:45.3883048Z ok 5 - Python ordinary receivers need no optional capabilities (consuming=true)
2026-10-09T21:33:45.3883441Z   ---
2026-10-09T21:33:45.3883657Z   duration_ms: 24544.693098
2026-10-09T21:33:45.3883903Z   type: 'test'
2026-10-09T21:33:45.3884387Z   ...
2026-10-09T21:33:45.3885597Z # {"mode":"ordinary","consuming":true,"observations":[{"name":"3.11-minimum","typing":"4.6.0","checks":8,"identities":0},{"name":"3.11-current","typing":"4.16.0","checks":8,"identities":0},{"name":"3.12-standard","typing":null,"checks":8,"identities":0}]}
2026-10-09T21:33:45.3887120Z # Subtest: Python reviewed receivers need no optional capabilities (consuming=true)
2026-10-09T21:33:45.3888754Z ok 6 - Python reviewed receivers need no optional capabilities (consuming=true)
2026-10-09T21:33:45.3889384Z   ---
2026-10-09T21:33:45.3889604Z   duration_ms: 24557.60039
2026-10-09T21:33:45.3889842Z   type: 'test'
2026-10-09T21:33:45.3890056Z   ...
2026-10-09T21:33:45.3891166Z # {"mode":"reviewed","consuming":true,"observations":[{"name":"3.11-minimum","typing":"4.6.0","checks":8,"identities":0},{"name":"3.11-current","typing":"4.16.0","checks":8,"identities":0},{"name":"3.12-standard","typing":null,"checks":8,"identities":0}]}
2026-10-09T21:33:45.3892343Z # Subtest: Python receiver generation keeps nominal properties and existing free APIs
2026-10-09T21:33:45.3893027Z ok 7 - Python receiver generation keeps nominal properties and existing free APIs
2026-10-09T21:33:45.3893436Z   ---
2026-10-09T21:33:45.3893635Z   duration_ms: 141.466826
2026-10-09T21:33:45.3893871Z   type: 'test'
2026-10-09T21:33:45.3894063Z   ...
2026-10-09T21:33:45.3894513Z # Subtest: Python resource-only receivers need no callback or borrowed-result capability
2026-10-09T21:33:45.3895205Z ok 8 - Python resource-only receivers need no callback or borrowed-result capability
2026-10-09T21:33:45.3895614Z   ---
2026-10-09T21:33:45.3895807Z   duration_ms: 3.145074
2026-10-09T21:33:45.3896036Z   type: 'test'
2026-10-09T21:33:45.3896237Z   ...
2026-10-09T21:33:45.3896681Z # Subtest: Python receiver stubs check nominal owners, properties and anchored arguments
2026-10-09T21:33:45.3897345Z ok 9 - Python receiver stubs check nominal owners, properties and anchored arguments
2026-10-09T21:33:45.3898024Z   ---
2026-10-09T21:33:45.3898248Z   duration_ms: 16779.852357
2026-10-09T21:33:45.3898483Z   type: 'test'
2026-10-09T21:33:45.3898676Z   ...
2026-10-09T21:33:45.3899085Z # Subtest: Python receiver members preserve their original lifetime (ordinary)
2026-10-09T21:33:45.3899682Z ok 10 - Python receiver members preserve their original lifetime (ordinary)
2026-10-09T21:33:45.3900057Z   ---
2026-10-09T21:33:45.3900273Z   duration_ms: 37976.179274
2026-10-09T21:33:45.3900509Z   type: 'test'
2026-10-09T21:33:45.3900698Z   ...
2026-10-09T21:33:45.3904799Z # {"name":"3.11-minimum","typing":"4.6.0","checks":2489,"pythonBefore":114,"pythonAfter":63,"nativeBefore":129,"nativeAfter":97,"live":0,"identities":0,"retainedLifetimeFailures":["borrowed-transfer","expired-get","expired-argument","wrong-thread"],"foreignCloseSchedules":["array/get","array/retain","array/copy","array/is_closed","option/get","option/retain","option/copy","option/is_closed","nested/get","nested/retain","nested/copy","nested/is_closed"],"rejectedMutations":[{"name":"receiver-used-as-other-argument-anchor","compiled":true,"sourceSha256":"575add042947a7a5f82b548b6e5c23d0ac63a76ae531386607bafb8948e34f89"},{"name":"unchecked-whole-value","compiled":true,"sourceSha256":"f949badf653c51db8f1af1f7c99165c59d0f0a0dae17a9ce71b71facab5cb8cb"},{"name":"escaped-callback-frame","compiled":true,"sourceSha256":"52d0d6d144ef0628c7b1aa09693d487881b9f6a21d590dba65332f8be16e6ed9"}],"restored":true}
2026-10-09T21:33:45.3914257Z # {"name":"3.11-current","typing":"4.16.0","checks":2489,"pythonBefore":114,"pythonAfter":63,"nativeBefore":129,"nativeAfter":97,"live":0,"identities":0,"retainedLifetimeFailures":["borrowed-transfer","expired-get","expired-argument","wrong-thread"],"foreignCloseSchedules":["array/get","array/retain","array/copy","array/is_closed","option/get","option/retain","option/copy","option/is_closed","nested/get","nested/retain","nested/copy","nested/is_closed"],"rejectedMutations":[{"name":"receiver-used-as-other-argument-anchor","compiled":true,"sourceSha256":"575add042947a7a5f82b548b6e5c23d0ac63a76ae531386607bafb8948e34f89"},{"name":"unchecked-whole-value","compiled":true,"sourceSha256":"f949badf653c51db8f1af1f7c99165c59d0f0a0dae17a9ce71b71facab5cb8cb"},{"name":"escaped-callback-frame","compiled":true,"sourceSha256":"52d0d6d144ef0628c7b1aa09693d487881b9f6a21d590dba65332f8be16e6ed9"}],"restored":true}
2026-10-09T21:33:45.3921718Z # {"name":"3.12-standard","typing":null,"checks":2489,"pythonBefore":114,"pythonAfter":63,"nativeBefore":129,"nativeAfter":97,"live":0,"identities":0,"retainedLifetimeFailures":["borrowed-transfer","expired-get","expired-argument","wrong-thread"],"foreignCloseSchedules":["array/get","array/retain","array/copy","array/is_closed","option/get","option/retain","option/copy","option/is_closed","nested/get","nested/retain","nested/copy","nested/is_closed"],"rejectedMutations":[{"name":"receiver-used-as-other-argument-anchor","compiled":true,"sourceSha256":"575add042947a7a5f82b548b6e5c23d0ac63a76ae531386607bafb8948e34f89"},{"name":"unchecked-whole-value","compiled":true,"sourceSha256":"f949badf653c51db8f1af1f7c99165c59d0f0a0dae17a9ce71b71facab5cb8cb"},{"name":"escaped-callback-frame","compiled":true,"sourceSha256":"52d0d6d144ef0628c7b1aa09693d487881b9f6a21d590dba65332f8be16e6ed9"}],"restored":true}
2026-10-09T21:33:45.3925166Z # Subtest: Python receiver members preserve their original lifetime (reviewed)
2026-10-09T21:33:45.3925774Z ok 11 - Python receiver members preserve their original lifetime (reviewed)
2026-10-09T21:33:45.3926154Z   ---
2026-10-09T21:33:45.3926369Z   duration_ms: 37988.427132
2026-10-09T21:33:45.3926609Z   type: 'test'
2026-10-09T21:33:45.3926801Z   ...
2026-10-09T21:33:45.3932523Z # {"name":"3.11-minimum","typing":"4.6.0","checks":2489,"pythonBefore":114,"pythonAfter":63,"nativeBefore":129,"nativeAfter":97,"live":0,"identities":0,"retainedLifetimeFailures":["borrowed-transfer","expired-get","expired-argument","wrong-thread"],"foreignCloseSchedules":["array/get","array/retain","array/copy","array/is_closed","option/get","option/retain","option/copy","option/is_closed","nested/get","nested/retain","nested/copy","nested/is_closed"],"rejectedMutations":[{"name":"receiver-used-as-other-argument-anchor","compiled":true,"sourceSha256":"575add042947a7a5f82b548b6e5c23d0ac63a76ae531386607bafb8948e34f89"},{"name":"unchecked-whole-value","compiled":true,"sourceSha256":"f949badf653c51db8f1af1f7c99165c59d0f0a0dae17a9ce71b71facab5cb8cb"},{"name":"escaped-callback-frame","compiled":true,"sourceSha256":"52d0d6d144ef0628c7b1aa09693d487881b9f6a21d590dba65332f8be16e6ed9"}],"restored":true}
2026-10-09T21:33:45.3939926Z # {"name":"3.11-current","typing":"4.16.0","checks":2489,"pythonBefore":114,"pythonAfter":63,"nativeBefore":129,"nativeAfter":97,"live":0,"identities":0,"retainedLifetimeFailures":["borrowed-transfer","expired-get","expired-argument","wrong-thread"],"foreignCloseSchedules":["array/get","array/retain","array/copy","array/is_closed","option/get","option/retain","option/copy","option/is_closed","nested/get","nested/retain","nested/copy","nested/is_closed"],"rejectedMutations":[{"name":"receiver-used-as-other-argument-anchor","compiled":true,"sourceSha256":"575add042947a7a5f82b548b6e5c23d0ac63a76ae531386607bafb8948e34f89"},{"name":"unchecked-whole-value","compiled":true,"sourceSha256":"f949badf653c51db8f1af1f7c99165c59d0f0a0dae17a9ce71b71facab5cb8cb"},{"name":"escaped-callback-frame","compiled":true,"sourceSha256":"52d0d6d144ef0628c7b1aa09693d487881b9f6a21d590dba65332f8be16e6ed9"}],"restored":true}
2026-10-09T21:33:45.3948103Z # {"name":"3.12-standard","typing":null,"checks":2489,"pythonBefore":114,"pythonAfter":63,"nativeBefore":129,"nativeAfter":97,"live":0,"identities":0,"retainedLifetimeFailures":["borrowed-transfer","expired-get","expired-argument","wrong-thread"],"foreignCloseSchedules":["array/get","array/retain","array/copy","array/is_closed","option/get","option/retain","option/copy","option/is_closed","nested/get","nested/retain","nested/copy","nested/is_closed"],"rejectedMutations":[{"name":"receiver-used-as-other-argument-anchor","compiled":true,"sourceSha256":"575add042947a7a5f82b548b6e5c23d0ac63a76ae531386607bafb8948e34f89"},{"name":"unchecked-whole-value","compiled":true,"sourceSha256":"f949badf653c51db8f1af1f7c99165c59d0f0a0dae17a9ce71b71facab5cb8cb"},{"name":"escaped-callback-frame","compiled":true,"sourceSha256":"52d0d6d144ef0628c7b1aa09693d487881b9f6a21d590dba65332f8be16e6ed9"}],"restored":true}
2026-10-09T21:33:45.3952396Z 1..11
2026-10-09T21:33:45.3952769Z # tests 11
2026-10-09T21:33:45.3953102Z # suites 0
2026-10-09T21:33:45.3953302Z # pass 11
2026-10-09T21:33:45.3953495Z # fail 0
2026-10-09T21:33:45.3953691Z # cancelled 0
2026-10-09T21:33:45.3953898Z # skipped 0
2026-10-09T21:33:45.3954088Z # todo 0
2026-10-09T21:33:45.3954306Z # duration_ms 861892.790032
2026-10-09T21:33:45.3954548Z # tests 11
2026-10-09T21:33:45.3954815Z # pass 11
2026-10-09T21:33:45.3955004Z # fail 0
2026-10-09T21:33:45.3955187Z # cancelled 0
2026-10-09T21:33:45.3970851Z # skipped 0
2026-10-09T21:33:45.4030981Z ##[group]Run actions/upload-artifact@v7
2026-10-09T21:33:45.4031306Z with:
2026-10-09T21:33:45.4031616Z   name: type-corpus-python-ff71335c762628da47887bfd4f208e62c39b94b7
2026-10-09T21:33:45.4039483Z   path: build/type-corpus/python.json
build/type-corpus/reviewed-native-python.json
build/char-native/python.json
build/word-native/python.json
build/callables/python.json
build/structured-callables/python.json
build/recursive-callables/python.json
build/compounds/python.json
build/lists/python.json
build/aliases/python.json
build/native-fin/python.json
build/native-fin/python-reviewed.json
build/native-specializations/python.json
build/generic-records/python.json
build/generic-records/specialized-python.json
build/generic-records/array-python.json
build/generic-records/python312.json
build/generic-records/specialized-python312.json
build/generic-records/array-python312.json
build/native-fin-containers/python.json
build/native-fin-containers/reviewed-python.json
build/native-fin-products/python.json
build/native-fin-products/reviewed-python.json
build/native-fin-products/python312.json
build/native-fin-products/reviewed-python312.json
build/native-fin-product-arrays/python.json
build/native-fin-product-arrays/reviewed-python.json
build/native-fin-product-arrays/python312.json
build/native-fin-product-arrays/reviewed-python312.json
build/native-fin-records/python.json
build/native-fin-records/reviewed-python.json
build/native-fin-records/python312.json
build/native-fin-records/reviewed-python312.json
build/native-subtype/python.json
build/variants/python.json
build/collections/python.json
build/collections/python-docs.json
build/recursive/python-values.json
build/recursive/python-conversions.json
build/recursive/python-native.json
build/recursive/python-packages.json
build/owned-python-runtime/
build/owned-python-values/
build/owned-python-transfers/
build/owned-python-transfer-packaging/
build/owned-python-borrows/
build/owned-python-borrow-packaging/
build/owned-python-borrows.log
build/owned-python-receivers/
build/owned-python-receivers.log
build/owned-python-packaging/

2026-10-09T21:33:45.4047025Z   if-no-files-found: error
2026-10-09T21:33:45.4047267Z   overwrite: true
2026-10-09T21:33:45.4047474Z   retention-days: 30
2026-10-09T21:33:45.4047959Z   compression-level: 6
2026-10-09T21:33:45.4048261Z   include-hidden-files: false
2026-10-09T21:33:45.4048510Z   archive: true
2026-10-09T21:33:45.4048704Z env:
2026-10-09T21:33:45.4048887Z   NODE_VERSION: 22
2026-10-09T21:33:45.4049195Z   LEAN_BRIDGE_CONSUMER_PERFORMANCE_DIR: build/consumer-ci/performance
2026-10-09T21:33:45.4049581Z   TMPDIR: /home/runner/work/_temp
2026-10-09T21:33:45.4049957Z   NIX_PROFILES: /nix/var/nix/profiles/default /home/runner/.nix-profile
2026-10-09T21:33:45.4050380Z   NIX_SSL_CERT_FILE: /etc/ssl/certs/ca-certificates.crt
2026-10-09T21:33:45.4050756Z   pythonLocation: /opt/hostedtoolcache/Python/3.12.15/x64
2026-10-09T21:33:45.4051190Z   PKG_CONFIG_PATH: /opt/hostedtoolcache/Python/3.12.15/x64/lib/pkgconfig
2026-10-09T21:33:45.4051631Z   Python_ROOT_DIR: /opt/hostedtoolcache/Python/3.12.15/x64
2026-10-09T21:33:45.4052023Z   Python2_ROOT_DIR: /opt/hostedtoolcache/Python/3.12.15/x64
2026-10-09T21:33:45.4052422Z   Python3_ROOT_DIR: /opt/hostedtoolcache/Python/3.12.15/x64
2026-10-09T21:33:45.4052966Z   LD_LIBRARY_PATH: /opt/hostedtoolcache/Python/3.12.15/x64/lib:/opt/hostedtoolcache/Python/3.11.17/x64/lib
2026-10-09T21:33:45.4053439Z ##[endgroup]
2026-10-09T21:33:45.6349846Z Multiple search paths detected. Calculating the least common ancestor of all paths
2026-10-09T21:33:45.6369510Z The least common ancestor is /home/runner/work/lean-bridge/lean-bridge/build. This will be the root directory of the artifact
2026-10-09T21:33:45.6370888Z With the provided path, there will be 72 files uploaded
2026-10-09T21:33:45.9374465Z Artifact name is valid!
2026-10-09T21:33:45.9375158Z Root directory input is valid!
2026-10-09T21:33:46.2949152Z Uploading artifact: type-corpus-python-ff71335c762628da47887bfd4f208e62c39b94b7.zip
2026-10-09T21:33:46.2991208Z Beginning upload of artifact content to blob storage
2026-10-09T21:33:47.2703104Z Uploaded bytes 997371
2026-10-09T21:33:47.3445979Z Finished uploading artifact content to blob storage!
2026-10-09T21:33:47.3448096Z SHA256 digest of uploaded artifact is a6745ed337e99fd45012885440de29bf2d1c74cf0a3fbbff73f5121ac5f241d3
2026-10-09T21:33:47.3449236Z Finalizing artifact upload
2026-10-09T21:33:47.7683166Z Artifact type-corpus-python-ff71335c762628da47887bfd4f208e62c39b94b7 successfully finalized. Artifact ID 11646088334
2026-10-09T21:33:47.7686045Z Artifact type-corpus-python-ff71335c762628da47887bfd4f208e62c39b94b7 has been successfully uploaded! Final size is 997371 bytes. Artifact ID is 11646088334
2026-10-09T21:33:47.7689074Z Artifact download URL: https://github.com/seanmorris/lean-bridge/actions/runs/37969725049/artifacts/11646088334
2026-10-09T21:33:47.7866851Z ##[group]Run test_result="passed"
2026-10-09T21:33:47.7867392Z [36;1mtest_result="passed"[0m
2026-10-09T21:33:47.7867998Z [36;1mexecuted="true"[0m
2026-10-09T21:33:47.7868278Z [36;1mfor consumer in python; do[0m
2026-10-09T21:33:47.7868585Z [36;1m  result="$test_result"[0m
2026-10-09T21:33:47.7868860Z [36;1m  installed="$executed"[0m
2026-10-09T21:33:47.7869185Z [36;1m  consumer_command="npm run test:consumer:native"[0m
2026-10-09T21:33:47.7869585Z [36;1m  if [ "$consumer" = c ] || [ "$consumer" = cpp ]; then[0m
2026-10-09T21:33:47.7870851Z [36;1m    consumer_command="$consumer_command && LEAN_BRIDGE_NATIVE_C_TEST=1 node --test tests/native-c-family.test.mjs tests/native-c-copied.test.mjs && npm run test:type-corpus:c-family && LEAN_BRIDGE_REVIEWED_NATIVE_PROFILES=c,cpp node --test tests/type-corpus-reviewed-native.test.mjs"[0m
2026-10-09T21:33:47.7872378Z [36;1m    consumer_command="$consumer_command && LEAN_BRIDGE_NATIVE_GRAPH_PACKAGE_TEST=1 node --test tests/native-graph-package.test.mjs"[0m
2026-10-09T21:33:47.7873110Z [36;1m    consumer_command="$consumer_command && npm run test:native-fin"[0m
2026-10-09T21:33:47.7874344Z [36;1m    consumer_command="$consumer_command && LEAN_BRIDGE_REVIEWED_FIN_REFUSALS=native-fin,fin-containers LEAN_BRIDGE_REVIEWED_FIN_REFUSAL_REPORT_DIR=build/reviewed-fin-refusals node --test --test-reporter=tap --test-concurrency=1 tests/reviewed-fin-refusals.test.mjs"[0m
2026-10-09T21:33:47.7876450Z [36;1m    consumer_command="$consumer_command && LEAN_BRIDGE_NATIVE_FIN_CALLBACK_LEAN_TEST=1 LEAN_BRIDGE_FIN_CALLBACK_PROFILES=c,cpp LEAN_BRIDGE_NATIVE_FIN_REPLY_TEST=1 LEAN_BRIDGE_FIN_REPLY_PROFILES=c,cpp node --test --test-reporter=tap --test-concurrency=1 tests/native-fin-callbacks.test.mjs"[0m
2026-10-09T21:33:47.7878072Z [36;1m    consumer_command="$consumer_command && LEAN_BRIDGE_SPECIALIZATION_PROFILES=c,cpp node --test tests/native-specializations.test.mjs"[0m
2026-10-09T21:33:47.7879409Z [36;1m    consumer_command="$consumer_command && LEAN_BRIDGE_GENERIC_RECORD_PROFILES=c,cpp node --test tests/generic-records.test.mjs && LEAN_BRIDGE_GENERIC_RECORD_ARRAY_PROFILES=c,cpp node --test --test-concurrency=1 tests/generic-record-arrays.test.mjs"[0m
2026-10-09T21:33:47.7881032Z [36;1m    consumer_command="$consumer_command && LEAN_BRIDGE_FIN_CONTAINER_ENTRY_COUNTERS=1 LEAN_BRIDGE_FIN_CONTAINER_PROFILES=c,cpp LEAN_BRIDGE_REVIEWED_FIN_CONTAINER_PROFILES=c,cpp node --test tests/native-fin-containers.test.mjs"[0m
2026-10-09T21:33:47.7882410Z [36;1m    consumer_command="$consumer_command && LEAN_BRIDGE_FIN_PRODUCT_PROFILES=c,cpp LEAN_BRIDGE_REVIEWED_FIN_PRODUCT_PROFILES=c,cpp node --test tests/native-fin-products.test.mjs"[0m
2026-10-09T21:33:47.7883672Z [36;1m    consumer_command="$consumer_command && LEAN_BRIDGE_FIN_PRODUCT_ARRAY_PROFILES=c,cpp LEAN_BRIDGE_REVIEWED_FIN_PRODUCT_ARRAY_PROFILES=c,cpp node --test tests/native-fin-product-arrays.test.mjs"[0m
2026-10-09T21:33:47.7884931Z [36;1m    consumer_command="$consumer_command && LEAN_BRIDGE_FIN_RECORD_PROFILES=c,cpp LEAN_BRIDGE_REVIEWED_FIN_RECORD_PROFILES=c,cpp node --test tests/native-fin-records.test.mjs"[0m
2026-10-09T21:33:47.7885981Z [36;1m    consumer_command="$consumer_command && LEAN_BRIDGE_SUBTYPE_PROFILES=c,cpp node --test tests/native-subtype.test.mjs"[0m
2026-10-09T21:33:47.7887042Z [36;1m    consumer_command="$consumer_command && LEAN_BRIDGE_CHECKED_RECORD_PROFILES=c,cpp node --test --test-concurrency=1 --test-name-pattern='C and C' tests/checked-records.test.mjs"[0m
2026-10-09T21:33:47.7888380Z [36;1m    consumer_command="$consumer_command && LEAN_BRIDGE_C_CLOSURE_THREAD_TEST=1 node --test tests/closure-thread-contract.test.mjs tests/closure-thread-installed.test.mjs"[0m
2026-10-09T21:33:47.7889520Z [36;1m    consumer_command="$consumer_command && LEAN_BRIDGE_NATIVE_RECURSIVE_CALLABLE_TEST=1 node --test tests/native-recursive-callable-compile.test.mjs"[0m
2026-10-09T21:33:47.7890641Z [36;1m    consumer_command="$consumer_command && LEAN_BRIDGE_OWNED_NATIVE_TEST=1 node --test tests/owned-aggregate-native.test.mjs"[0m
2026-10-09T21:33:47.7891638Z [36;1m    consumer_command="$consumer_command && LEAN_BRIDGE_OWNED_NATIVE_TEST=1 node --test tests/owned-native-values.test.mjs tests/owned-native-scalars.test.mjs"[0m
2026-10-09T21:33:47.7892599Z [36;1m    consumer_command="$consumer_command && LEAN_BRIDGE_OWNED_NATIVE_TEST=1 node --test tests/owned-c-values.test.mjs"[0m
2026-10-09T21:33:47.7893271Z [36;1m    consumer_command="$consumer_command && npm run test:owned-transfers"[0m
2026-10-09T21:33:47.7893821Z [36;1m    consumer_command="$consumer_command && npm run test:owned-transfer-packages"[0m
2026-10-09T21:33:47.7894543Z [36;1m    consumer_command="$consumer_command && LEAN_BRIDGE_OWNED_NATIVE_TEST=1 node --test tests/reviewed-owned-source.test.mjs"[0m
2026-10-09T21:33:47.7895384Z [36;1m    consumer_command="$consumer_command && LEAN_BRIDGE_OWNED_NATIVE_TEST=1 node --test tests/owned-c-packaging.test.mjs"[0m
2026-10-09T21:33:47.7896234Z [36;1m    consumer_command="$consumer_command && LEAN_BRIDGE_OWNED_NATIVE_TEST=1 node --test tests/owned-host-callbacks.test.mjs"[0m
2026-10-09T21:33:47.7897071Z [36;1m    consumer_command="$consumer_command && LEAN_BRIDGE_OWNED_NATIVE_TEST=1 node --test tests/owned-host-packaging.test.mjs"[0m
2026-10-09T21:33:47.7898412Z [36;1m    consumer_command="$consumer_command && LEAN_BRIDGE_OWNED_NATIVE_TEST=1 node --test tests/owned-cpp-runtime.test.mjs"[0m
2026-10-09T21:33:47.7899284Z [36;1m    consumer_command="$consumer_command && LEAN_BRIDGE_OWNED_NATIVE_TEST=1 node --test tests/owned-cpp-callables.test.mjs"[0m
2026-10-09T21:33:47.7900148Z [36;1m    consumer_command="$consumer_command && LEAN_BRIDGE_OWNED_NATIVE_TEST=1 node --test tests/owned-cpp-packaging.test.mjs"[0m
2026-10-09T21:33:47.7900859Z [36;1m    consumer_command="$consumer_command && npm run test:owned-cpp-transfers"[0m
2026-10-09T21:33:47.7901403Z [36;1m    consumer_command="$consumer_command && npm run test:owned-cpp-borrows"[0m
2026-10-09T21:33:47.7902171Z [36;1m    consumer_command="$consumer_command && LEAN_BRIDGE_C_RECURSIVE_CALLABLE_TEST=1 node --test tests/c-recursive-callable-package.test.mjs"[0m
2026-10-09T21:33:47.7903161Z [36;1m    consumer_command="$consumer_command && LEAN_BRIDGE_CPP_RECURSIVE_CALLABLE_TEST=1 node --test tests/cpp-recursive-callable-package.test.mjs"[0m
2026-10-09T21:33:47.7904255Z [36;1m    consumer_command="$consumer_command && LEAN_BRIDGE_C_FAMILY_RECURSIVE_DOCUMENTATION_TEST=1 node --test tests/c-family-recursive-documentation.test.mjs"[0m
2026-10-09T21:33:47.7905020Z [36;1m    if [ "skipped" != success ] || [ "skipped" != success ]; then[0m
2026-10-09T21:33:47.7905390Z [36;1m      result=failed[0m
2026-10-09T21:33:47.7905646Z [36;1m      installed=false[0m
2026-10-09T21:33:47.7905887Z [36;1m    fi[0m
2026-10-09T21:33:47.7906095Z [36;1m  fi[0m
2026-10-09T21:33:47.7906312Z [36;1m  if [ "$consumer" = c ]; then[0m
2026-10-09T21:33:47.7906853Z [36;1m    consumer_command="$consumer_command && LEAN_BRIDGE_C_CALLABLE_TEST=1 node --test tests/c-callables.test.mjs"[0m
2026-10-09T21:33:47.7907961Z [36;1m    consumer_command="$consumer_command && LEAN_BRIDGE_C_STRUCTURED_CALLABLE_TEST=1 node --test tests/c-structured-callables.test.mjs"[0m
2026-10-09T21:33:47.7908856Z [36;1m    consumer_command="$consumer_command && LEAN_BRIDGE_CPP_CALLABLE_TEST=1 node --test tests/cpp-callables.test.mjs"[0m
2026-10-09T21:33:47.7909786Z [36;1m    consumer_command="$consumer_command && LEAN_BRIDGE_CPP_STRUCTURED_CALLABLE_TEST=1 node --test tests/cpp-structured-callables.test.mjs"[0m
2026-10-09T21:33:47.7910395Z [36;1m  fi[0m
2026-10-09T21:33:47.7910626Z [36;1m  if [ "$consumer" = python ]; then[0m
2026-10-09T21:33:47.7911646Z [36;1m    consumer_command="$consumer_command && LEAN_BRIDGE_NATIVE_PYTHON_TEST=1 node --test tests/native-python.test.mjs && npm run test:type-corpus:python && LEAN_BRIDGE_REVIEWED_NATIVE_PROFILES=python node --test tests/type-corpus-reviewed-native.test.mjs"[0m
2026-10-09T21:33:47.7913091Z [36;1m    consumer_command="$consumer_command && LEAN_BRIDGE_PYTHON_CALLABLE_TEST=1 node --test tests/python-callables.test.mjs"[0m
2026-10-09T21:33:47.7914025Z [36;1m    consumer_command="$consumer_command && LEAN_BRIDGE_PYTHON_STRUCTURED_CALLABLE_TEST=1 node --test tests/python-structured-callables.test.mjs"[0m
2026-10-09T21:33:47.7915026Z [36;1m    consumer_command="$consumer_command && LEAN_BRIDGE_PYTHON_RECURSIVE_CALLABLE_TEST=1 node --test tests/python-recursive-callables.test.mjs"[0m
2026-10-09T21:33:47.7915936Z [36;1m    consumer_command="$consumer_command && LEAN_BRIDGE_PYTHON_COMPOUND_TEST=1 node --test tests/python-compounds.test.mjs"[0m
2026-10-09T21:33:47.7916771Z [36;1m    consumer_command="$consumer_command && LEAN_BRIDGE_PYTHON_LIST_TEST=1 node --test tests/python-lists.test.mjs"[0m
2026-10-09T21:33:47.7917576Z [36;1m    consumer_command="$consumer_command && LEAN_BRIDGE_PYTHON_ALIAS_TEST=1 node --test tests/python-aliases.test.mjs"[0m
2026-10-09T21:33:47.7918523Z [36;1m    consumer_command="$consumer_command && LEAN_BRIDGE_PYTHON_FIN_TEST=1 node --test tests/python-fin.test.mjs"[0m
2026-10-09T21:33:47.7920373Z [36;1m    consumer_command="$consumer_command && LEAN_BRIDGE_SPECIALIZATION_PROFILES=python node --test tests/native-specializations.test.mjs && LEAN_BRIDGE_GENERIC_RECORD_PROFILES=python node --test --test-name-pattern='relocated source-free native packages construct' tests/generic-records.test.mjs && LEAN_BRIDGE_GENERIC_RECORD_ARRAY_PROFILES=python node --test --test-concurrency=1 tests/generic-record-arrays.test.mjs"[0m
2026-10-09T21:33:47.7924452Z [36;1m    consumer_command="$consumer_command && LEAN_BRIDGE_PYTHON='/opt/hostedtoolcache/Python/3.12.15/x64/bin/python' LEAN_BRIDGE_GENERIC_RECORD_REPORT=build/generic-records/python312.json LEAN_BRIDGE_GENERIC_RECORD_SPECIALIZED_REPORT=build/generic-records/specialized-python312.json LEAN_BRIDGE_GENERIC_RECORD_PROFILES=python node --test --test-name-pattern='relocated source-free native packages construct' tests/generic-records.test.mjs && LEAN_BRIDGE_PYTHON='/opt/hostedtoolcache/Python/3.12.15/x64/bin/python' LEAN_BRIDGE_GENERIC_RECORD_ARRAY_REPORT=build/generic-records/array-python312.json LEAN_BRIDGE_GENERIC_RECORD_ARRAY_PROFILES=python node --test --test-concurrency=1 tests/generic-record-arrays.test.mjs"[0m
2026-10-09T21:33:47.7927795Z [36;1m    consumer_command="$consumer_command && LEAN_BRIDGE_FIN_CONTAINER_PROFILES=python LEAN_BRIDGE_REVIEWED_FIN_CONTAINER_PROFILES=python node --test tests/native-fin-containers.test.mjs"[0m
2026-10-09T21:33:47.7929157Z [36;1m    consumer_command="$consumer_command && LEAN_BRIDGE_FIN_PRODUCT_PROFILES=python LEAN_BRIDGE_REVIEWED_FIN_PRODUCT_PROFILES=python node --test tests/native-fin-products.test.mjs"[0m
2026-10-09T21:33:47.7931213Z [36;1m    consumer_command="$consumer_command && LEAN_BRIDGE_PYTHON='/opt/hostedtoolcache/Python/3.12.15/x64/bin/python' LEAN_BRIDGE_FIN_PRODUCT_REPORT=build/native-fin-products/python312.json LEAN_BRIDGE_REVIEWED_FIN_PRODUCT_REPORT=build/native-fin-products/reviewed-python312.json LEAN_BRIDGE_FIN_PRODUCT_PROFILES=python LEAN_BRIDGE_REVIEWED_FIN_PRODUCT_PROFILES=python node --test tests/native-fin-products.test.mjs"[0m
2026-10-09T21:33:47.7933334Z [36;1m    consumer_command="$consumer_command && LEAN_BRIDGE_FIN_PRODUCT_ARRAY_PROFILES=python LEAN_BRIDGE_REVIEWED_FIN_PRODUCT_ARRAY_PROFILES=python node --test tests/native-fin-product-arrays.test.mjs"[0m
2026-10-09T21:33:47.7935615Z [36;1m    consumer_command="$consumer_command && LEAN_BRIDGE_PYTHON='/opt/hostedtoolcache/Python/3.12.15/x64/bin/python' LEAN_BRIDGE_FIN_PRODUCT_ARRAY_REPORT=build/native-fin-product-arrays/python312.json LEAN_BRIDGE_REVIEWED_FIN_PRODUCT_ARRAY_REPORT=build/native-fin-product-arrays/reviewed-python312.json LEAN_BRIDGE_FIN_PRODUCT_ARRAY_PROFILES=python LEAN_BRIDGE_REVIEWED_FIN_PRODUCT_ARRAY_PROFILES=python node --test tests/native-fin-product-arrays.test.mjs"[0m
2026-10-09T21:33:47.7938256Z [36;1m    consumer_command="$consumer_command && LEAN_BRIDGE_FIN_RECORD_PROFILES=python LEAN_BRIDGE_REVIEWED_FIN_RECORD_PROFILES=python node --test tests/native-fin-records.test.mjs"[0m
2026-10-09T21:33:47.7940363Z [36;1m    consumer_command="$consumer_command && LEAN_BRIDGE_PYTHON='/opt/hostedtoolcache/Python/3.12.15/x64/bin/python' LEAN_BRIDGE_FIN_RECORD_REPORT=build/native-fin-records/python312.json LEAN_BRIDGE_REVIEWED_FIN_RECORD_REPORT=build/native-fin-records/reviewed-python312.json LEAN_BRIDGE_FIN_RECORD_PROFILES=python LEAN_BRIDGE_REVIEWED_FIN_RECORD_PROFILES=python node --test tests/native-fin-records.test.mjs"[0m
2026-10-09T21:33:47.7942237Z [36;1m    consumer_command="$consumer_command && LEAN_BRIDGE_SUBTYPE_PROFILES=python node --test tests/native-subtype.test.mjs"[0m
2026-10-09T21:33:47.7943086Z [36;1m    consumer_command="$consumer_command && LEAN_BRIDGE_PYTHON_VARIANT_TEST=1 node --test tests/python-variants.test.mjs"[0m
2026-10-09T21:33:47.7944151Z [36;1m    consumer_command="$consumer_command && LEAN_BRIDGE_PYTHON_COLLECTION_TEST=1 node --test tests/python-collections.test.mjs tests/python-collection-contract.test.mjs"[0m
2026-10-09T21:33:47.7945216Z [36;1m    consumer_command="$consumer_command && LEAN_BRIDGE_PYTHON_GRAPH_TEST=1 node --test tests/python-copied-graph-values.test.mjs"[0m
2026-10-09T21:33:47.7946377Z [36;1m    consumer_command="$consumer_command && LEAN_BRIDGE_PYTHON_GRAPH_TEST=1 LEAN_BRIDGE_PYTHON_GRAPH_NATIVE_TEST=1 node --test tests/python-copied-graph-conversions.test.mjs"[0m
2026-10-09T21:33:47.7947433Z [36;1m    consumer_command="$consumer_command && LEAN_BRIDGE_PYTHON_GRAPH_PACKAGE_TEST=1 node --test tests/python-graph-package.test.mjs"[0m
2026-10-09T21:33:47.7948723Z [36;1m    consumer_command="$consumer_command && LEAN_BRIDGE_OWNED_NATIVE_TEST=1 node --test tests/owned-python-runtime.test.mjs tests/owned-python-values.test.mjs"[0m
2026-10-09T21:33:47.7949897Z [36;1m    consumer_command="$consumer_command && LEAN_BRIDGE_OWNED_NATIVE_TEST=1 node --test tests/owned-python-packaging.test.mjs tests/owned-python-scalar-packaging.test.mjs"[0m
2026-10-09T21:33:47.7950793Z [36;1m    consumer_command="$consumer_command && npm run test:owned-python-transfers"[0m
2026-10-09T21:33:47.7951363Z [36;1m    consumer_command="$consumer_command && npm run test:owned-python-borrows"[0m
2026-10-09T21:33:47.7951926Z [36;1m    consumer_command="$consumer_command && npm run test:owned-python-receivers"[0m
2026-10-09T21:33:47.7952429Z [36;1m    if [ "success" != success ] || [ "success" != success ]; then[0m
2026-10-09T21:33:47.7952794Z [36;1m      result=failed[0m
2026-10-09T21:33:47.7953043Z [36;1m      installed=false[0m
2026-10-09T21:33:47.7953287Z [36;1m    fi[0m
2026-10-09T21:33:47.7953489Z [36;1m  fi[0m
2026-10-09T21:33:47.7953710Z [36;1m  if [ "$consumer" = rust ]; then[0m
2026-10-09T21:33:47.7954702Z [36;1m    consumer_command="$consumer_command && LEAN_BRIDGE_NATIVE_RUST_TEST=1 node --test tests/native-rust.test.mjs && npm run test:type-corpus:rust && LEAN_BRIDGE_REVIEWED_NATIVE_PROFILES=rust node --test tests/type-corpus-reviewed-native.test.mjs"[0m
2026-10-09T21:33:47.7955949Z [36;1m    consumer_command="$consumer_command && LEAN_BRIDGE_RUST_CALLABLE_TEST=1 node --test tests/rust-callables.test.mjs"[0m
2026-10-09T21:33:47.7957131Z [36;1m    consumer_command="$consumer_command && LEAN_BRIDGE_RUST_STRUCTURED_CALLABLE_TEST=1 node --test --test-concurrency=1 tests/rust-structured-callables.test.mjs tests/rust-structured-callable-contract.test.mjs"[0m
2026-10-09T21:33:47.7958757Z [36;1m    consumer_command="$consumer_command && LEAN_BRIDGE_RUST_RECURSIVE_CALLABLE_TEST=1 node --test --test-concurrency=1 tests/rust-recursive-callables.test.mjs tests/rust-recursive-callable-contract.test.mjs"[0m
2026-10-09T21:33:47.7959910Z [36;1m    consumer_command="$consumer_command && LEAN_BRIDGE_OWNED_NATIVE_TEST=1 node --test tests/owned-rust-runtime.test.mjs"[0m
2026-10-09T21:33:47.7960765Z [36;1m    consumer_command="$consumer_command && LEAN_BRIDGE_OWNED_NATIVE_TEST=1 node --test tests/owned-rust-values.test.mjs"[0m
2026-10-09T21:33:47.7961734Z [36;1m    consumer_command="$consumer_command && LEAN_BRIDGE_OWNED_NATIVE_TEST=1 node --test tests/owned-rust-packaging.test.mjs"[0m
2026-10-09T21:33:47.7962458Z [36;1m    consumer_command="$consumer_command && npm run test:owned-rust-transfers"[0m
2026-10-09T21:33:47.7963010Z [36;1m    consumer_command="$consumer_command && npm run test:owned-rust-borrows"[0m
2026-10-09T21:33:47.7963552Z [36;1m    consumer_command="$consumer_command && npm run test:owned-rust-receivers"[0m
2026-10-09T21:33:47.7964241Z [36;1m    consumer_command="$consumer_command && LEAN_BRIDGE_RUST_COMPOUND_TEST=1 node --test tests/rust-compounds.test.mjs"[0m
2026-10-09T21:33:47.7965032Z [36;1m    consumer_command="$consumer_command && LEAN_BRIDGE_RUST_LIST_TEST=1 node --test tests/rust-lists.test.mjs"[0m
2026-10-09T21:33:47.7965807Z [36;1m    consumer_command="$consumer_command && LEAN_BRIDGE_RUST_ALIAS_TEST=1 node --test tests/rust-aliases.test.mjs"[0m
2026-10-09T21:33:47.7966562Z [36;1m    consumer_command="$consumer_command && LEAN_BRIDGE_RUST_FIN_TEST=1 node --test tests/rust-fin.test.mjs"[0m
2026-10-09T21:33:47.7968517Z [36;1m    consumer_command="$consumer_command && LEAN_BRIDGE_SPECIALIZATION_PROFILES=rust node --test tests/native-specializations.test.mjs && LEAN_BRIDGE_GENERIC_RECORD_PROFILES=rust node --test --test-name-pattern='relocated source-free native packages construct' tests/generic-records.test.mjs && LEAN_BRIDGE_GENERIC_RECORD_ARRAY_PROFILES=rust node --test --test-concurrency=1 tests/generic-record-arrays.test.mjs"[0m
2026-10-09T21:33:47.7970706Z [36;1m    consumer_command="$consumer_command && LEAN_BRIDGE_FIN_CONTAINER_PROFILES=rust LEAN_BRIDGE_REVIEWED_FIN_CONTAINER_PROFILES=rust node --test tests/native-fin-containers.test.mjs"[0m
2026-10-09T21:33:47.7971930Z [36;1m    consumer_command="$consumer_command && LEAN_BRIDGE_FIN_PRODUCT_PROFILES=rust LEAN_BRIDGE_REVIEWED_FIN_PRODUCT_PROFILES=rust node --test tests/native-fin-products.test.mjs"[0m
2026-10-09T21:33:47.7973205Z [36;1m    consumer_command="$consumer_command && LEAN_BRIDGE_FIN_PRODUCT_ARRAY_PROFILES=rust LEAN_BRIDGE_REVIEWED_FIN_PRODUCT_ARRAY_PROFILES=rust node --test tests/native-fin-product-arrays.test.mjs"[0m
2026-10-09T21:33:47.7974457Z [36;1m    consumer_command="$consumer_command && LEAN_BRIDGE_FIN_RECORD_PROFILES=rust LEAN_BRIDGE_REVIEWED_FIN_RECORD_PROFILES=rust node --test tests/native-fin-records.test.mjs"[0m
2026-10-09T21:33:47.7975471Z [36;1m    consumer_command="$consumer_command && LEAN_BRIDGE_SUBTYPE_PROFILES=rust node --test tests/native-subtype.test.mjs"[0m
2026-10-09T21:33:47.7976286Z [36;1m    consumer_command="$consumer_command && LEAN_BRIDGE_RUST_VARIANT_TEST=1 node --test tests/rust-variants.test.mjs"[0m
2026-10-09T21:33:47.7977155Z [36;1m    consumer_command="$consumer_command && LEAN_BRIDGE_RUST_CONVERSION_TEST=1 node --test tests/rust-collection-conversions.test.mjs"[0m
2026-10-09T21:33:47.7978582Z [36;1m    consumer_command="$consumer_command && LEAN_BRIDGE_RUST_GRAPH_TEST=1 node --test tests/rust-copied-graph-values.test.mjs tests/rust-copied-graph-conversions.test.mjs"[0m
2026-10-09T21:33:47.7979880Z [36;1m    consumer_command="$consumer_command && LEAN_BRIDGE_RUST_GRAPH_NATIVE_TEST=1 node --test --test-name-pattern='ordinary and reviewed Lean graphs' tests/rust-copied-graph-conversions.test.mjs"[0m
2026-10-09T21:33:47.7981092Z [36;1m    consumer_command="$consumer_command && LEAN_BRIDGE_RUST_GRAPH_TEST=1 LEAN_BRIDGE_RUST_GRAPH_PACKAGE_TEST=1 node --test tests/rust-graph-package.test.mjs"[0m
2026-10-09T21:33:47.7982090Z [36;1m    consumer_command="$consumer_command && LEAN_BRIDGE_RUST_COLLECTION_TEST=1 node --test tests/rust-collections.test.mjs"[0m
2026-10-09T21:33:47.7982737Z [36;1m    if [ "skipped" != success ] || [ "skipped" != success ]; then[0m
2026-10-09T21:33:47.7983104Z [36;1m      result=failed[0m
2026-10-09T21:33:47.7983353Z [36;1m      installed=false[0m
2026-10-09T21:33:47.7983595Z [36;1m    fi[0m
2026-10-09T21:33:47.7983799Z [36;1m  fi[0m
2026-10-09T21:33:47.7985111Z [36;1m  node scripts/consumer-ci.mjs record --consumer "$consumer" --output "build/consumer-ci/results/native-python/$consumer.json" --performance "build/consumer-ci/performance/$consumer.json" --test-result "$result" --package-installation "$installed" --real-lean-execution "$installed" --command "$consumer_command"[0m
2026-10-09T21:33:47.7986356Z [36;1mdone[0m
2026-10-09T21:33:47.8054787Z shell: /usr/bin/bash --noprofile --norc -e -o pipefail {0}
2026-10-09T21:33:47.8055146Z env:
2026-10-09T21:33:47.8055346Z   NODE_VERSION: 22
2026-10-09T21:33:47.8055678Z   LEAN_BRIDGE_CONSUMER_PERFORMANCE_DIR: build/consumer-ci/performance
2026-10-09T21:33:47.8056077Z   TMPDIR: /home/runner/work/_temp
2026-10-09T21:33:47.8056443Z   NIX_PROFILES: /nix/var/nix/profiles/default /home/runner/.nix-profile
2026-10-09T21:33:47.8056870Z   NIX_SSL_CERT_FILE: /etc/ssl/certs/ca-certificates.crt
2026-10-09T21:33:47.8057251Z   pythonLocation: /opt/hostedtoolcache/Python/3.12.15/x64
2026-10-09T21:33:47.8058020Z   PKG_CONFIG_PATH: /opt/hostedtoolcache/Python/3.12.15/x64/lib/pkgconfig
2026-10-09T21:33:47.8058509Z   Python_ROOT_DIR: /opt/hostedtoolcache/Python/3.12.15/x64
2026-10-09T21:33:47.8058911Z   Python2_ROOT_DIR: /opt/hostedtoolcache/Python/3.12.15/x64
2026-10-09T21:33:47.8059329Z   Python3_ROOT_DIR: /opt/hostedtoolcache/Python/3.12.15/x64
2026-10-09T21:33:47.8060044Z   LD_LIBRARY_PATH: /opt/hostedtoolcache/Python/3.12.15/x64/lib:/opt/hostedtoolcache/Python/3.11.17/x64/lib
2026-10-09T21:33:47.8060530Z ##[endgroup]
2026-10-09T21:33:47.8483844Z python: passed
2026-10-09T21:33:47.8569349Z ##[group]Run actions/upload-artifact@v7
2026-10-09T21:33:47.8569675Z with:
2026-10-09T21:33:47.8570048Z   name: consumer-results-native-python-ff71335c762628da47887bfd4f208e62c39b94b7
2026-10-09T21:33:47.8570562Z   path: build/consumer-ci/results/native-python/*.json
2026-10-09T21:33:47.8570896Z   if-no-files-found: error
2026-10-09T21:33:47.8571135Z   overwrite: true
2026-10-09T21:33:47.8571353Z   retention-days: 30
2026-10-09T21:33:47.8571576Z   compression-level: 6
2026-10-09T21:33:47.8571811Z   include-hidden-files: false
2026-10-09T21:33:47.8572062Z   archive: true
2026-10-09T21:33:47.8572263Z env:
2026-10-09T21:33:47.8572452Z   NODE_VERSION: 22
2026-10-09T21:33:47.8572772Z   LEAN_BRIDGE_CONSUMER_PERFORMANCE_DIR: build/consumer-ci/performance
2026-10-09T21:33:47.8573175Z   TMPDIR: /home/runner/work/_temp
2026-10-09T21:33:47.8573559Z   NIX_PROFILES: /nix/var/nix/profiles/default /home/runner/.nix-profile
2026-10-09T21:33:47.8574014Z   NIX_SSL_CERT_FILE: /etc/ssl/certs/ca-certificates.crt
2026-10-09T21:33:47.8574404Z   pythonLocation: /opt/hostedtoolcache/Python/3.12.15/x64
2026-10-09T21:33:47.8574843Z   PKG_CONFIG_PATH: /opt/hostedtoolcache/Python/3.12.15/x64/lib/pkgconfig
2026-10-09T21:33:47.8575270Z   Python_ROOT_DIR: /opt/hostedtoolcache/Python/3.12.15/x64
2026-10-09T21:33:47.8575658Z   Python2_ROOT_DIR: /opt/hostedtoolcache/Python/3.12.15/x64
2026-10-09T21:33:47.8576051Z   Python3_ROOT_DIR: /opt/hostedtoolcache/Python/3.12.15/x64
2026-10-09T21:33:47.8576592Z   LD_LIBRARY_PATH: /opt/hostedtoolcache/Python/3.12.15/x64/lib:/opt/hostedtoolcache/Python/3.11.17/x64/lib
2026-10-09T21:33:47.8577083Z ##[endgroup]
2026-10-09T21:33:48.0065926Z With the provided path, there will be 1 file uploaded
2026-10-09T21:33:48.2815026Z Artifact name is valid!
2026-10-09T21:33:48.2815839Z Root directory input is valid!
2026-10-09T21:33:48.6577567Z Uploading artifact: consumer-results-native-python-ff71335c762628da47887bfd4f208e62c39b94b7.zip
2026-10-09T21:33:48.6621258Z Beginning upload of artifact content to blob storage
2026-10-09T21:33:48.9756504Z Uploaded bytes 1240
2026-10-09T21:33:49.0512363Z Finished uploading artifact content to blob storage!
2026-10-09T21:33:49.0513668Z SHA256 digest of uploaded artifact is e721074169bfaa1959ae3b0f24178f260d678e30ccfddcc5948a9e23018b19f4
2026-10-09T21:33:49.0514411Z Finalizing artifact upload
2026-10-09T21:33:49.4350117Z Artifact consumer-results-native-python-ff71335c762628da47887bfd4f208e62c39b94b7 successfully finalized. Artifact ID 11645718970
2026-10-09T21:33:49.4351835Z Artifact consumer-results-native-python-ff71335c762628da47887bfd4f208e62c39b94b7 has been successfully uploaded! Final size is 1240 bytes. Artifact ID is 11645718970
2026-10-09T21:33:49.4354528Z Artifact download URL: https://github.com/seanmorris/lean-bridge/actions/runs/37969725049/artifacts/11645718970
2026-10-09T21:33:49.4545724Z Post job cleanup.
2026-10-09T21:33:49.5874098Z Post job cleanup.
2026-10-09T21:33:49.7247471Z Post job cleanup.
2026-10-09T21:33:49.8504489Z Cache hit occurred on the primary key node-cache-Linux-x64-npm-26a2ea32ff9fbdbc806907cf3b846fc9f2d906ee6b040e7c2c0e2b49f755b41e, not saving cache.
2026-10-09T21:33:49.8647289Z Post job cleanup.
2026-10-09T21:33:49.9533888Z [command]/usr/bin/git version
2026-10-09T21:33:49.9580833Z git version 2.55.0
2026-10-09T21:33:49.9626823Z Temporarily overriding HOME='/home/runner/work/_temp/e55d1e9a-28ff-4fa6-8550-c43c24055cd5' before making global git config changes
2026-10-09T21:33:49.9628840Z Adding repository directory to the temporary git global config as a safe directory
2026-10-09T21:33:49.9649208Z [command]/usr/bin/git config --global --add safe.directory /home/runner/work/lean-bridge/lean-bridge
2026-10-09T21:33:49.9674112Z Removing SSH command configuration
2026-10-09T21:33:49.9681573Z [command]/usr/bin/git config --local --name-only --get-regexp core\.sshCommand
2026-10-09T21:33:49.9726744Z [command]/usr/bin/git submodule foreach --recursive sh -c "git config --local --name-only --get-regexp 'core\.sshCommand' && git config --local --unset-all 'core.sshCommand' || :"
2026-10-09T21:33:50.0013796Z Removing HTTP extra header
2026-10-09T21:33:50.0020091Z [command]/usr/bin/git config --local --name-only --get-regexp http\.https\:\/\/github\.com\/\.extraheader
2026-10-09T21:33:50.0061137Z [command]/usr/bin/git submodule foreach --recursive sh -c "git config --local --name-only --get-regexp 'http\.https\:\/\/github\.com\/\.extraheader' && git config --local --unset-all 'http.https://github.com/.extraheader' || :"
2026-10-09T21:33:50.0329472Z Removing includeIf entries pointing to credentials config files
2026-10-09T21:33:50.0336801Z [command]/usr/bin/git config --local --name-only --get-regexp ^includeIf\.gitdir:
2026-10-09T21:33:50.0376724Z [command]/usr/bin/git submodule foreach --recursive git config --local --show-origin --name-only --get-regexp remote.origin.url
2026-10-09T21:33:50.0797087Z Cleaning up orphan processes
