2026-10-09T07:54:03.0851599Z Current runner version: '2.337.0'
2026-10-09T07:54:03.0925445Z ##[group]Runner Image Provisioner
2026-10-09T07:54:03.0926840Z Hosted Compute Agent
2026-10-09T07:54:03.0927945Z Version: 20261002.596
2026-10-09T07:54:03.0929012Z Commit: c3d12f3313a95f25162a1503be624f3b0617f8c0
2026-10-09T07:54:03.0930273Z Build Date: 2026-10-02T22:28:27Z
2026-10-09T07:54:03.0931512Z Worker ID: {c4463065-1431-44c1-bd06-cf2480e2efcc}
2026-10-09T07:54:03.0932960Z Region: eastus
2026-10-09T07:54:03.0933984Z Cloud: Azure
2026-10-09T07:54:03.0935018Z ##[endgroup]
2026-10-09T07:54:03.0937546Z ##[group]Operating System
2026-10-09T07:54:03.0938607Z Ubuntu
2026-10-09T07:54:03.0939412Z 24.04.5
2026-10-09T07:54:03.0940355Z LTS
2026-10-09T07:54:03.0941258Z ##[endgroup]
2026-10-09T07:54:03.0942469Z ##[group]Runner Image
2026-10-09T07:54:03.0943562Z Image: ubuntu-24.04
2026-10-09T07:54:03.0944560Z Version: 20261004.327.1
2026-10-09T07:54:03.0946751Z Included Software: https://github.com/actions/runner-images/blob/ubuntu24/20261004.327/images/ubuntu/Ubuntu2404-Readme.md
2026-10-09T07:54:03.0949572Z Image Release: https://github.com/actions/runner-images/releases/tag/ubuntu24%2F20261004.327
2026-10-09T07:54:03.0951292Z ##[endgroup]
2026-10-09T07:54:03.0953472Z ##[group]GITHUB_TOKEN Permissions
2026-10-09T07:54:03.0956244Z Contents: read
2026-10-09T07:54:03.0957421Z Metadata: read
2026-10-09T07:54:03.0958362Z ##[endgroup]
2026-10-09T07:54:03.0961441Z Secret source: Actions
2026-10-09T07:54:03.0963387Z Cache mode: write
2026-10-09T07:54:03.0964861Z Prepare workflow directory
2026-10-09T07:54:03.1463966Z Prepare all required actions
2026-10-09T07:54:03.1539390Z Getting action download info
2026-10-09T07:54:03.3632922Z Download action repository 'actions/checkout@v6' (SHA:d23441a48e516b6c34aea4fa41551a30e30af803)
2026-10-09T07:54:03.4698491Z Download action repository 'actions/setup-node@v6' (SHA:249970729cb0ef3589644e2896645e5dc5ba9c38)
2026-10-09T07:54:03.5538951Z Download action repository 'actions/cache@v4' (SHA:0057852bfaa89a56745cba8c7296529d2fc39830)
2026-10-09T07:54:03.6602567Z Download action repository 'actions/upload-artifact@v7' (SHA:cf430e030ddbb5b0abf93d22962f4752f3646cd9)
2026-10-09T07:54:03.9782547Z Uses: seanmorris/lean-bridge/.github/workflows/perl-consumer.yml@refs/heads/agent/generic-refinements-vo1220 (046ced089cd007d10ce91b66a69c461321c808ca)
2026-10-09T07:54:03.9788764Z Complete job name: Perl / Perl XS (5.36.3-threaded)
2026-10-09T07:54:04.0763758Z ##[group]Run actions/checkout@v6
2026-10-09T07:54:04.0764766Z with:
2026-10-09T07:54:04.0765239Z   persist-credentials: false
2026-10-09T07:54:04.0765801Z   repository: seanmorris/lean-bridge
2026-10-09T07:54:04.0769892Z   token: ***
2026-10-09T07:54:04.0770335Z   ssh-strict: true
2026-10-09T07:54:04.0770788Z   ssh-user: git
2026-10-09T07:54:04.0771214Z   clean: true
2026-10-09T07:54:04.0771871Z   sparse-checkout-cone-mode: true
2026-10-09T07:54:04.0772422Z   fetch-depth: 1
2026-10-09T07:54:04.0772865Z   fetch-tags: false
2026-10-09T07:54:04.0773338Z   show-progress: true
2026-10-09T07:54:04.0773856Z   lfs: false
2026-10-09T07:54:04.0774281Z   submodules: false
2026-10-09T07:54:04.0774735Z   set-safe-directory: true
2026-10-09T07:54:04.0775258Z   allow-unsafe-pr-checkout: false
2026-10-09T07:54:04.0776109Z ##[endgroup]
2026-10-09T07:54:04.1998349Z Syncing repository: seanmorris/lean-bridge
2026-10-09T07:54:04.2001157Z ##[group]Getting Git version info
2026-10-09T07:54:04.2002792Z Working directory is '/home/runner/work/lean-bridge/lean-bridge'
2026-10-09T07:54:04.2004569Z [command]/usr/bin/git version
2026-10-09T07:54:04.2110342Z git version 2.55.0
2026-10-09T07:54:04.2137689Z ##[endgroup]
2026-10-09T07:54:04.2156071Z Temporarily overriding HOME='/home/runner/work/_temp/30c41834-06ef-48e7-ac64-7aa496b5f832' before making global git config changes
2026-10-09T07:54:04.2158745Z Adding repository directory to the temporary git global config as a safe directory
2026-10-09T07:54:04.2162726Z [command]/usr/bin/git config --global --add safe.directory /home/runner/work/lean-bridge/lean-bridge
2026-10-09T07:54:04.2226107Z Deleting the contents of '/home/runner/work/lean-bridge/lean-bridge'
2026-10-09T07:54:04.2233158Z ##[group]Determining repository object format
2026-10-09T07:54:04.2236105Z ##[endgroup]
2026-10-09T07:54:04.2237444Z ##[group]Initializing the repository
2026-10-09T07:54:04.2242499Z [command]/usr/bin/git init /home/runner/work/lean-bridge/lean-bridge
2026-10-09T07:54:04.2377923Z hint: Using 'master' as the name for the initial branch. This default branch name
2026-10-09T07:54:04.2382011Z hint: will change to "main" in Git 3.0. To configure the initial branch name
2026-10-09T07:54:04.2384059Z hint: to use in all of your new repositories, which will suppress this warning,
2026-10-09T07:54:04.2385497Z hint: call:
2026-10-09T07:54:04.2386276Z hint:
2026-10-09T07:54:04.2387254Z hint: 	git config --global init.defaultBranch <name>
2026-10-09T07:54:04.2388449Z hint:
2026-10-09T07:54:04.2389480Z hint: Names commonly chosen instead of 'master' are 'main', 'trunk' and
2026-10-09T07:54:04.2391204Z hint: 'development'. The just-created branch can be renamed via this command:
2026-10-09T07:54:04.2392895Z hint:
2026-10-09T07:54:04.2393697Z hint: 	git branch -m <name>
2026-10-09T07:54:04.2394527Z hint:
2026-10-09T07:54:04.2395606Z hint: Disable this message with "git config set advice.defaultBranchName false"
2026-10-09T07:54:04.2397593Z Initialized empty Git repository in /home/runner/work/lean-bridge/lean-bridge/.git/
2026-10-09T07:54:04.2402572Z [command]/usr/bin/git remote add origin https://github.com/seanmorris/lean-bridge
2026-10-09T07:54:04.2468098Z ##[endgroup]
2026-10-09T07:54:04.2470656Z ##[group]Disabling automatic garbage collection
2026-10-09T07:54:04.2479890Z [command]/usr/bin/git config --local gc.auto 0
2026-10-09T07:54:04.2532617Z ##[endgroup]
2026-10-09T07:54:04.2534461Z ##[group]Setting up auth
2026-10-09T07:54:04.2536096Z Removing SSH command configuration
2026-10-09T07:54:04.2541376Z [command]/usr/bin/git config --local --name-only --get-regexp core\.sshCommand
2026-10-09T07:54:04.2591592Z [command]/usr/bin/git submodule foreach --recursive sh -c "git config --local --name-only --get-regexp 'core\.sshCommand' && git config --local --unset-all 'core.sshCommand' || :"
2026-10-09T07:54:04.3025283Z Removing HTTP extra header
2026-10-09T07:54:04.3032729Z [command]/usr/bin/git config --local --name-only --get-regexp http\.https\:\/\/github\.com\/\.extraheader
2026-10-09T07:54:04.3073643Z [command]/usr/bin/git submodule foreach --recursive sh -c "git config --local --name-only --get-regexp 'http\.https\:\/\/github\.com\/\.extraheader' && git config --local --unset-all 'http.https://github.com/.extraheader' || :"
2026-10-09T07:54:04.3309690Z Removing includeIf entries pointing to credentials config files
2026-10-09T07:54:04.3316422Z [command]/usr/bin/git config --local --name-only --get-regexp ^includeIf\.gitdir:
2026-10-09T07:54:04.3356327Z [command]/usr/bin/git submodule foreach --recursive git config --local --show-origin --name-only --get-regexp remote.origin.url
2026-10-09T07:54:04.3613522Z [command]/usr/bin/git config --file /home/runner/work/_temp/git-credentials-79930ad6-4ce8-4814-bcaf-337cb1f3fd90.config http.https://github.com/.extraheader AUTHORIZATION: basic ***
2026-10-09T07:54:04.3660788Z [command]/usr/bin/git config --local includeIf.gitdir:/home/runner/work/lean-bridge/lean-bridge/.git.path /home/runner/work/_temp/git-credentials-79930ad6-4ce8-4814-bcaf-337cb1f3fd90.config
2026-10-09T07:54:04.3732811Z [command]/usr/bin/git config --local includeIf.gitdir:/home/runner/work/lean-bridge/lean-bridge/.git/worktrees/*.path /home/runner/work/_temp/git-credentials-79930ad6-4ce8-4814-bcaf-337cb1f3fd90.config
2026-10-09T07:54:04.3774199Z [command]/usr/bin/git config --local includeIf.gitdir:/github/workspace/.git.path /github/runner_temp/git-credentials-79930ad6-4ce8-4814-bcaf-337cb1f3fd90.config
2026-10-09T07:54:04.3815305Z [command]/usr/bin/git config --local includeIf.gitdir:/github/workspace/.git/worktrees/*.path /github/runner_temp/git-credentials-79930ad6-4ce8-4814-bcaf-337cb1f3fd90.config
2026-10-09T07:54:04.3849378Z ##[endgroup]
2026-10-09T07:54:04.3850641Z ##[group]Fetching the repository
2026-10-09T07:54:04.3858633Z [command]/usr/bin/git -c protocol.version=2 fetch --no-tags --prune --no-recurse-submodules --depth=1 origin +046ced089cd007d10ce91b66a69c461321c808ca:refs/remotes/origin/agent/generic-refinements-vo1220
2026-10-09T07:54:09.8656290Z From https://github.com/seanmorris/lean-bridge
2026-10-09T07:54:09.8659263Z  * [new ref]         046ced089cd007d10ce91b66a69c461321c808ca -> origin/agent/generic-refinements-vo1220
2026-10-09T07:54:09.8666407Z [command]/usr/bin/git branch --list --remote origin/agent/generic-refinements-vo1220
2026-10-09T07:54:09.8698962Z   origin/agent/generic-refinements-vo1220
2026-10-09T07:54:09.8711579Z [command]/usr/bin/git rev-parse refs/remotes/origin/agent/generic-refinements-vo1220
2026-10-09T07:54:09.8739692Z 046ced089cd007d10ce91b66a69c461321c808ca
2026-10-09T07:54:09.8745032Z ##[endgroup]
2026-10-09T07:54:09.8746425Z ##[group]Determining the checkout info
2026-10-09T07:54:09.8748338Z ##[endgroup]
2026-10-09T07:54:09.8750648Z [command]/usr/bin/git sparse-checkout disable
2026-10-09T07:54:09.8809355Z [command]/usr/bin/git config --local --unset-all extensions.worktreeConfig
2026-10-09T07:54:09.8845155Z ##[group]Checking out the ref
2026-10-09T07:54:09.8849499Z [command]/usr/bin/git checkout --progress --force -B agent/generic-refinements-vo1220 refs/remotes/origin/agent/generic-refinements-vo1220
2026-10-09T07:54:10.9077092Z Updating files:  29% (1962/6656)
2026-10-09T07:54:10.9243946Z Updating files:  30% (1997/6656)
2026-10-09T07:54:10.9291210Z Updating files:  31% (2064/6656)
2026-10-09T07:54:10.9330241Z Updating files:  32% (2130/6656)
2026-10-09T07:54:10.9374187Z Updating files:  33% (2197/6656)
2026-10-09T07:54:10.9459916Z Updating files:  34% (2264/6656)
2026-10-09T07:54:10.9462035Z Updating files:  35% (2330/6656)
2026-10-09T07:54:10.9472163Z Updating files:  36% (2397/6656)
2026-10-09T07:54:10.9516895Z Updating files:  37% (2463/6656)
2026-10-09T07:54:10.9538451Z Updating files:  38% (2530/6656)
2026-10-09T07:54:10.9582950Z Updating files:  39% (2596/6656)
2026-10-09T07:54:10.9655798Z Updating files:  40% (2663/6656)
2026-10-09T07:54:10.9728033Z Updating files:  41% (2729/6656)
2026-10-09T07:54:10.9778305Z Updating files:  42% (2796/6656)
2026-10-09T07:54:10.9831370Z Updating files:  43% (2863/6656)
2026-10-09T07:54:10.9885150Z Updating files:  44% (2929/6656)
2026-10-09T07:54:10.9935324Z Updating files:  45% (2996/6656)
2026-10-09T07:54:10.9988586Z Updating files:  46% (3062/6656)
2026-10-09T07:54:11.0037704Z Updating files:  47% (3129/6656)
2026-10-09T07:54:11.0092505Z Updating files:  48% (3195/6656)
2026-10-09T07:54:11.0143461Z Updating files:  49% (3262/6656)
2026-10-09T07:54:11.0193329Z Updating files:  50% (3328/6656)
2026-10-09T07:54:11.0245543Z Updating files:  51% (3395/6656)
2026-10-09T07:54:11.0284019Z Updating files:  52% (3462/6656)
2026-10-09T07:54:11.0320984Z Updating files:  53% (3528/6656)
2026-10-09T07:54:11.0354784Z Updating files:  54% (3595/6656)
2026-10-09T07:54:11.0397434Z Updating files:  55% (3661/6656)
2026-10-09T07:54:11.0429931Z Updating files:  56% (3728/6656)
2026-10-09T07:54:11.0458791Z Updating files:  57% (3794/6656)
2026-10-09T07:54:11.0487823Z Updating files:  58% (3861/6656)
2026-10-09T07:54:11.0523637Z Updating files:  59% (3928/6656)
2026-10-09T07:54:11.0561171Z Updating files:  60% (3994/6656)
2026-10-09T07:54:11.0604539Z Updating files:  61% (4061/6656)
2026-10-09T07:54:11.0652067Z Updating files:  62% (4127/6656)
2026-10-09T07:54:11.0698442Z Updating files:  63% (4194/6656)
2026-10-09T07:54:11.0750894Z Updating files:  64% (4260/6656)
2026-10-09T07:54:11.0790698Z Updating files:  65% (4327/6656)
2026-10-09T07:54:11.0831178Z Updating files:  66% (4393/6656)
2026-10-09T07:54:11.0874412Z Updating files:  67% (4460/6656)
2026-10-09T07:54:11.0918773Z Updating files:  68% (4527/6656)
2026-10-09T07:54:11.0958532Z Updating files:  69% (4593/6656)
2026-10-09T07:54:11.0996345Z Updating files:  70% (4660/6656)
2026-10-09T07:54:11.1038905Z Updating files:  71% (4726/6656)
2026-10-09T07:54:11.1077089Z Updating files:  72% (4793/6656)
2026-10-09T07:54:11.1123589Z Updating files:  73% (4859/6656)
2026-10-09T07:54:11.1171319Z Updating files:  74% (4926/6656)
2026-10-09T07:54:11.1219349Z Updating files:  75% (4992/6656)
2026-10-09T07:54:11.1273785Z Updating files:  76% (5059/6656)
2026-10-09T07:54:11.1320247Z Updating files:  77% (5126/6656)
2026-10-09T07:54:11.1359073Z Updating files:  78% (5192/6656)
2026-10-09T07:54:11.1400386Z Updating files:  79% (5259/6656)
2026-10-09T07:54:11.1443324Z Updating files:  80% (5325/6656)
2026-10-09T07:54:11.1485260Z Updating files:  81% (5392/6656)
2026-10-09T07:54:11.1521280Z Updating files:  82% (5458/6656)
2026-10-09T07:54:11.1561093Z Updating files:  83% (5525/6656)
2026-10-09T07:54:11.1600472Z Updating files:  84% (5592/6656)
2026-10-09T07:54:11.1647999Z Updating files:  85% (5658/6656)
2026-10-09T07:54:11.1687986Z Updating files:  86% (5725/6656)
2026-10-09T07:54:11.1733517Z Updating files:  87% (5791/6656)
2026-10-09T07:54:11.1788130Z Updating files:  88% (5858/6656)
2026-10-09T07:54:11.1843381Z Updating files:  89% (5924/6656)
2026-10-09T07:54:11.1891204Z Updating files:  90% (5991/6656)
2026-10-09T07:54:11.1936244Z Updating files:  91% (6057/6656)
2026-10-09T07:54:11.1985703Z Updating files:  92% (6124/6656)
2026-10-09T07:54:11.2026504Z Updating files:  93% (6191/6656)
2026-10-09T07:54:11.2069206Z Updating files:  94% (6257/6656)
2026-10-09T07:54:11.2119096Z Updating files:  95% (6324/6656)
2026-10-09T07:54:11.2167059Z Updating files:  96% (6390/6656)
2026-10-09T07:54:11.2215010Z Updating files:  97% (6457/6656)
2026-10-09T07:54:11.2259990Z Updating files:  98% (6523/6656)
2026-10-09T07:54:11.2302753Z Updating files:  99% (6590/6656)
2026-10-09T07:54:11.2303605Z Updating files: 100% (6656/6656)
2026-10-09T07:54:11.2304027Z Updating files: 100% (6656/6656), done.
2026-10-09T07:54:11.2381566Z Switched to a new branch 'agent/generic-refinements-vo1220'
2026-10-09T07:54:11.2387814Z branch 'agent/generic-refinements-vo1220' set up to track 'origin/agent/generic-refinements-vo1220'.
2026-10-09T07:54:11.2473903Z ##[endgroup]
2026-10-09T07:54:11.2511040Z [command]/usr/bin/git log -1 --format=%H
2026-10-09T07:54:11.2548912Z 046ced089cd007d10ce91b66a69c461321c808ca
2026-10-09T07:54:11.2569305Z ##[group]Removing auth
2026-10-09T07:54:11.2569813Z Removing SSH command configuration
2026-10-09T07:54:11.2571027Z [command]/usr/bin/git config --local --name-only --get-regexp core\.sshCommand
2026-10-09T07:54:11.2613503Z [command]/usr/bin/git submodule foreach --recursive sh -c "git config --local --name-only --get-regexp 'core\.sshCommand' && git config --local --unset-all 'core.sshCommand' || :"
2026-10-09T07:54:11.2874729Z Removing HTTP extra header
2026-10-09T07:54:11.2875471Z [command]/usr/bin/git config --local --name-only --get-regexp http\.https\:\/\/github\.com\/\.extraheader
2026-10-09T07:54:11.2920026Z [command]/usr/bin/git submodule foreach --recursive sh -c "git config --local --name-only --get-regexp 'http\.https\:\/\/github\.com\/\.extraheader' && git config --local --unset-all 'http.https://github.com/.extraheader' || :"
2026-10-09T07:54:11.3166662Z Removing includeIf entries pointing to credentials config files
2026-10-09T07:54:11.3170691Z [command]/usr/bin/git config --local --name-only --get-regexp ^includeIf\.gitdir:
2026-10-09T07:54:11.3203430Z includeif.gitdir:/home/runner/work/lean-bridge/lean-bridge/.git.path
2026-10-09T07:54:11.3204531Z includeif.gitdir:/home/runner/work/lean-bridge/lean-bridge/.git/worktrees/*.path
2026-10-09T07:54:11.3205084Z includeif.gitdir:/github/workspace/.git.path
2026-10-09T07:54:11.3205510Z includeif.gitdir:/github/workspace/.git/worktrees/*.path
2026-10-09T07:54:11.3221648Z [command]/usr/bin/git config --local --get-all includeif.gitdir:/home/runner/work/lean-bridge/lean-bridge/.git.path
2026-10-09T07:54:11.3250799Z /home/runner/work/_temp/git-credentials-79930ad6-4ce8-4814-bcaf-337cb1f3fd90.config
2026-10-09T07:54:11.3262655Z [command]/usr/bin/git config --local --unset includeif.gitdir:/home/runner/work/lean-bridge/lean-bridge/.git.path /home/runner/work/_temp/git-credentials-79930ad6-4ce8-4814-bcaf-337cb1f3fd90.config
2026-10-09T07:54:11.3302523Z [command]/usr/bin/git config --local --get-all includeif.gitdir:/home/runner/work/lean-bridge/lean-bridge/.git/worktrees/*.path
2026-10-09T07:54:11.3332251Z /home/runner/work/_temp/git-credentials-79930ad6-4ce8-4814-bcaf-337cb1f3fd90.config
2026-10-09T07:54:11.3342141Z [command]/usr/bin/git config --local --unset includeif.gitdir:/home/runner/work/lean-bridge/lean-bridge/.git/worktrees/*.path /home/runner/work/_temp/git-credentials-79930ad6-4ce8-4814-bcaf-337cb1f3fd90.config
2026-10-09T07:54:11.3380770Z [command]/usr/bin/git config --local --get-all includeif.gitdir:/github/workspace/.git.path
2026-10-09T07:54:11.3408625Z /github/runner_temp/git-credentials-79930ad6-4ce8-4814-bcaf-337cb1f3fd90.config
2026-10-09T07:54:11.3417948Z [command]/usr/bin/git config --local --unset includeif.gitdir:/github/workspace/.git.path /github/runner_temp/git-credentials-79930ad6-4ce8-4814-bcaf-337cb1f3fd90.config
2026-10-09T07:54:11.3459796Z [command]/usr/bin/git config --local --get-all includeif.gitdir:/github/workspace/.git/worktrees/*.path
2026-10-09T07:54:11.3487138Z /github/runner_temp/git-credentials-79930ad6-4ce8-4814-bcaf-337cb1f3fd90.config
2026-10-09T07:54:11.3494940Z [command]/usr/bin/git config --local --unset includeif.gitdir:/github/workspace/.git/worktrees/*.path /github/runner_temp/git-credentials-79930ad6-4ce8-4814-bcaf-337cb1f3fd90.config
2026-10-09T07:54:11.3531117Z [command]/usr/bin/git submodule foreach --recursive git config --local --show-origin --name-only --get-regexp remote.origin.url
2026-10-09T07:54:11.3767150Z Removing credentials config '/home/runner/work/_temp/git-credentials-79930ad6-4ce8-4814-bcaf-337cb1f3fd90.config'
2026-10-09T07:54:11.3778719Z ##[endgroup]
2026-10-09T07:54:11.4049681Z ##[group]Run actions/setup-node@v6
2026-10-09T07:54:11.4050027Z with:
2026-10-09T07:54:11.4050256Z   node-version: 22
2026-10-09T07:54:11.4050504Z   cache: npm
2026-10-09T07:54:11.4050717Z   check-latest: false
2026-10-09T07:54:11.4053649Z   token: ***
2026-10-09T07:54:11.4053900Z   package-manager-cache: true
2026-10-09T07:54:11.4054171Z ##[endgroup]
2026-10-09T07:54:11.5581562Z Found in cache @ /opt/hostedtoolcache/node/22.23.3/x64
2026-10-09T07:54:11.5584678Z ##[group]Environment details
2026-10-09T07:54:12.0200173Z node: v22.23.3
2026-10-09T07:54:12.0200655Z npm: 10.9.9
2026-10-09T07:54:12.0201031Z yarn: 1.22.22
2026-10-09T07:54:12.0203316Z ##[endgroup]
2026-10-09T07:54:12.0219849Z [command]/opt/hostedtoolcache/node/22.23.3/x64/bin/npm config get cache
2026-10-09T07:54:12.1417317Z /home/runner/.npm
2026-10-09T07:54:12.2333140Z Cache hit for: node-cache-Linux-x64-npm-26a2ea32ff9fbdbc806907cf3b846fc9f2d906ee6b040e7c2c0e2b49f755b41e
2026-10-09T07:54:12.6273096Z Received 55090959 of 55090959 (100.0%), 155.4 MBs/sec
2026-10-09T07:54:12.6273840Z Cache Size: ~53 MB (55090959 B)
2026-10-09T07:54:12.6391876Z [command]/usr/bin/tar -xf /home/runner/work/_temp/d3cdf5d5-12d4-4ccc-88d5-8300b56d862c/cache.tzst -P -C /home/runner/work/lean-bridge/lean-bridge --use-compress-program unzstd
2026-10-09T07:54:12.8304986Z Cache restored successfully
2026-10-09T07:54:12.8333491Z Cache restored from key: node-cache-Linux-x64-npm-26a2ea32ff9fbdbc806907cf3b846fc9f2d906ee6b040e7c2c0e2b49f755b41e
2026-10-09T07:54:12.8529916Z ##[group]Run npm ci --ignore-scripts --no-audit --no-fund
2026-10-09T07:54:12.8530463Z [36;1mnpm ci --ignore-scripts --no-audit --no-fund[0m
2026-10-09T07:54:12.8842176Z shell: /usr/bin/bash -e {0}
2026-10-09T07:54:12.8842593Z ##[endgroup]
2026-10-09T07:54:18.8709608Z 
2026-10-09T07:54:18.8717410Z added 422 packages in 6s
2026-10-09T07:54:18.9450763Z Prepare all required actions
2026-10-09T07:54:18.9508659Z ##[group]Run ./.github/actions/bounded-apt
2026-10-09T07:54:18.9509005Z ##[endgroup]
2026-10-09T07:54:18.9574416Z ##[start-action display=Configure apt network limits;id=__self.__run]
2026-10-09T07:54:18.9653754Z ##[group]Run sudo install -m 0644 "/home/runner/work/lean-bridge/lean-bridge/./.github/actions/bounded-apt/apt-network.conf" /etc/apt/apt.conf.d/99lean-bridge-network
2026-10-09T07:54:18.9655247Z [36;1msudo install -m 0644 "/home/runner/work/lean-bridge/lean-bridge/./.github/actions/bounded-apt/apt-network.conf" /etc/apt/apt.conf.d/99lean-bridge-network[0m
2026-10-09T07:54:18.9655986Z [36;1mapt-config dump[0m
2026-10-09T07:54:18.9726676Z shell: /usr/bin/bash --noprofile --norc -e -o pipefail {0}
2026-10-09T07:54:18.9727121Z ##[endgroup]
2026-10-09T07:54:19.0004078Z APT "";
2026-10-09T07:54:19.0004828Z APT::Architecture "amd64";
2026-10-09T07:54:19.0005487Z APT::Build-Essential "";
2026-10-09T07:54:19.0006268Z APT::Build-Essential:: "build-essential";
2026-10-09T07:54:19.0006848Z APT::Install-Recommends "1";
2026-10-09T07:54:19.0007366Z APT::Install-Suggests "0";
2026-10-09T07:54:19.0007907Z APT::Key "";
2026-10-09T07:54:19.0009916Z APT::Key::Assert-Pubkey-Algo ">=rsa1024,ed25519,ed448,nistp256,nistp384,nistp512,brainpoolP256r1,brainpoolP320r1,brainpoolP384r1,brainpoolP512r1,secp256k1";
2026-10-09T07:54:19.0012610Z APT::Key::Assert-Pubkey-Algo::Next ">=rsa2048,ed25519,ed448,nistp256,nistp384,nistp512";
2026-10-09T07:54:19.0013605Z APT::Key::Assert-Pubkey-Algo::Future ">=rsa3072,ed25519,ed448";
2026-10-09T07:54:19.0014061Z APT::Sandbox "";
2026-10-09T07:54:19.0014391Z APT::Sandbox::User "_apt";
2026-10-09T07:54:19.0014742Z APT::NeverAutoRemove "";
2026-10-09T07:54:19.0015166Z APT::NeverAutoRemove:: "^firmware-linux.*";
2026-10-09T07:54:19.0016031Z APT::NeverAutoRemove:: "^linux-firmware$";
2026-10-09T07:54:19.0016798Z APT::NeverAutoRemove:: "^linux-image-[a-z0-9]*$";
2026-10-09T07:54:19.0017730Z APT::NeverAutoRemove:: "^linux-image-[a-z0-9]*-[a-z0-9]*$";
2026-10-09T07:54:19.0018308Z APT::NeverAutoRemove:: "^postgresql.*-16";
2026-10-09T07:54:19.0018680Z APT::VersionedKernelPackages "";
2026-10-09T07:54:19.0019100Z APT::VersionedKernelPackages:: "linux-.*";
2026-10-09T07:54:19.0019503Z APT::VersionedKernelPackages:: "kfreebsd-.*";
2026-10-09T07:54:19.0019923Z APT::VersionedKernelPackages:: "gnumach-.*";
2026-10-09T07:54:19.0020331Z APT::VersionedKernelPackages:: ".*-modules";
2026-10-09T07:54:19.0020724Z APT::VersionedKernelPackages:: ".*-kernel";
2026-10-09T07:54:19.0021088Z APT::Never-MarkAuto-Sections "";
2026-10-09T07:54:19.0021462Z APT::Never-MarkAuto-Sections:: "metapackages";
2026-10-09T07:54:19.0022242Z APT::Never-MarkAuto-Sections:: "tasks";
2026-10-09T07:54:19.0022714Z APT::Move-Autobit-Sections "";
2026-10-09T07:54:19.0023056Z APT::Move-Autobit-Sections:: "oldlibs";
2026-10-09T07:54:19.0023348Z APT::Get "";
2026-10-09T07:54:19.0023640Z APT::Get::AutomaticRemove "0";
2026-10-09T07:54:19.0023952Z APT::Get::HideAutoRemove "1";
2026-10-09T07:54:19.0024248Z APT::Get::Assume-Yes "true";
2026-10-09T07:54:19.0024621Z APT::Get::Always-Include-Phased-Updates "true";
2026-10-09T07:54:19.0024964Z APT::Periodic "";
2026-10-09T07:54:19.0025274Z APT::Periodic::Update-Package-Lists "1";
2026-10-09T07:54:19.0025682Z APT::Periodic::Download-Upgradeable-Packages "0";
2026-10-09T07:54:19.0026120Z APT::Periodic::AutocleanInterval "0";
2026-10-09T07:54:19.0026417Z APT::Update "";
2026-10-09T07:54:19.0026703Z APT::Update::Post-Invoke-Success "";
2026-10-09T07:54:19.0027363Z APT::Update::Post-Invoke-Success:: "touch /var/lib/apt/periodic/update-success-stamp 2>/dev/null || true";
2026-10-09T07:54:19.0029941Z APT::Update::Post-Invoke-Success:: "/usr/bin/test -e /usr/share/dbus-1/system-services/org.freedesktop.PackageKit.service && /usr/bin/test -S /var/run/dbus/system_bus_socket && /usr/bin/gdbus call --system --dest org.freedesktop.PackageKit --object-path /org/freedesktop/PackageKit --timeout 4 --method org.freedesktop.PackageKit.StateHasChanged cache-update > /dev/null; /bin/echo > /dev/null";
2026-10-09T07:54:19.0032530Z APT::Update::Post-Invoke-Success:: "if /usr/bin/test -w /var/cache/swcatalog -a -e /usr/bin/appstreamcli; then appstreamcli refresh --source=os > /dev/null || true; fi";
2026-10-09T07:54:19.0033850Z APT::Update::Post-Invoke-Success:: "if /usr/bin/test -w /var/lib/command-not-found/ -a -e /usr/lib/cnf-update-db; then /usr/lib/cnf-update-db > /dev/null; fi";
2026-10-09T07:54:19.0035163Z APT::Update::Post-Invoke-Success:: "/usr/lib/update-notifier/update-motd-updates-available 2>/dev/null || true";
2026-10-09T07:54:19.0035764Z APT::Update::Pre-Invoke "";
2026-10-09T07:54:19.0036607Z APT::Update::Pre-Invoke:: "[ ! -e /run/systemd/system ] || [ $(id -u) -ne 0 ] || systemctl start --no-block apt-news.service esm-cache.service >/dev/null 2>&1 || true";
2026-10-09T07:54:19.0037342Z APT::Update::Error-Mode "any";
2026-10-09T07:54:19.0037640Z APT::Archives "";
2026-10-09T07:54:19.0037908Z APT::Archives::MaxAge "30";
2026-10-09T07:54:19.0038210Z APT::Archives::MinAge "2";
2026-10-09T07:54:19.0038501Z APT::Archives::MaxSize "500";
2026-10-09T07:54:19.0038786Z APT::Architectures "";
2026-10-09T07:54:19.0039053Z APT::Architectures:: "amd64";
2026-10-09T07:54:19.0039329Z APT::Compressor "";
2026-10-09T07:54:19.0039621Z APT::Compressor::. "";
2026-10-09T07:54:19.0040054Z APT::Compressor::.::Name ".";
2026-10-09T07:54:19.0040379Z APT::Compressor::.::Extension "";
2026-10-09T07:54:19.0040703Z APT::Compressor::.::Binary "";
2026-10-09T07:54:19.0040990Z APT::Compressor::.::Cost "0";
2026-10-09T07:54:19.0041281Z APT::Compressor::zstd "";
2026-10-09T07:54:19.0041593Z APT::Compressor::zstd::Name "zstd";
2026-10-09T07:54:19.0042207Z APT::Compressor::zstd::Extension ".zst";
2026-10-09T07:54:19.0042572Z APT::Compressor::zstd::Binary "zstd";
2026-10-09T07:54:19.0042919Z APT::Compressor::zstd::Cost "60";
2026-10-09T07:54:19.0043264Z APT::Compressor::zstd::CompressArg "";
2026-10-09T07:54:19.0043641Z APT::Compressor::zstd::CompressArg:: "-19";
2026-10-09T07:54:19.0044038Z APT::Compressor::zstd::UncompressArg "";
2026-10-09T07:54:19.0044420Z APT::Compressor::zstd::UncompressArg:: "-d";
2026-10-09T07:54:19.0044757Z APT::Compressor::lz4 "";
2026-10-09T07:54:19.0045082Z APT::Compressor::lz4::Name "lz4";
2026-10-09T07:54:19.0045418Z APT::Compressor::lz4::Extension ".lz4";
2026-10-09T07:54:19.0045777Z APT::Compressor::lz4::Binary "lz4";
2026-10-09T07:54:19.0046108Z APT::Compressor::lz4::Cost "50";
2026-10-09T07:54:19.0046447Z APT::Compressor::lz4::CompressArg "";
2026-10-09T07:54:19.0046806Z APT::Compressor::lz4::CompressArg:: "-1";
2026-10-09T07:54:19.0047168Z APT::Compressor::lz4::UncompressArg "";
2026-10-09T07:54:19.0047542Z APT::Compressor::lz4::UncompressArg:: "-d";
2026-10-09T07:54:19.0047880Z APT::Compressor::gzip "";
2026-10-09T07:54:19.0048194Z APT::Compressor::gzip::Name "gzip";
2026-10-09T07:54:19.0048552Z APT::Compressor::gzip::Extension ".gz";
2026-10-09T07:54:19.0048898Z APT::Compressor::gzip::Binary "gzip";
2026-10-09T07:54:19.0049241Z APT::Compressor::gzip::Cost "100";
2026-10-09T07:54:19.0049589Z APT::Compressor::gzip::CompressArg "";
2026-10-09T07:54:19.0049955Z APT::Compressor::gzip::CompressArg:: "-6n";
2026-10-09T07:54:19.0050331Z APT::Compressor::gzip::UncompressArg "";
2026-10-09T07:54:19.0050708Z APT::Compressor::gzip::UncompressArg:: "-d";
2026-10-09T07:54:19.0051053Z APT::Compressor::xz "";
2026-10-09T07:54:19.0051347Z APT::Compressor::xz::Name "xz";
2026-10-09T07:54:19.0051892Z APT::Compressor::xz::Extension ".xz";
2026-10-09T07:54:19.0052364Z APT::Compressor::xz::Binary "xz";
2026-10-09T07:54:19.0052694Z APT::Compressor::xz::Cost "200";
2026-10-09T07:54:19.0053026Z APT::Compressor::xz::CompressArg "";
2026-10-09T07:54:19.0053390Z APT::Compressor::xz::CompressArg:: "-6";
2026-10-09T07:54:19.0053753Z APT::Compressor::xz::UncompressArg "";
2026-10-09T07:54:19.0054126Z APT::Compressor::xz::UncompressArg:: "-d";
2026-10-09T07:54:19.0054462Z APT::Compressor::bzip2 "";
2026-10-09T07:54:19.0054790Z APT::Compressor::bzip2::Name "bzip2";
2026-10-09T07:54:19.0055341Z APT::Compressor::bzip2::Extension ".bz2";
2026-10-09T07:54:19.0055743Z APT::Compressor::bzip2::Binary "bzip2";
2026-10-09T07:54:19.0056130Z APT::Compressor::bzip2::Cost "300";
2026-10-09T07:54:19.0056495Z APT::Compressor::bzip2::CompressArg "";
2026-10-09T07:54:19.0056872Z APT::Compressor::bzip2::CompressArg:: "-6";
2026-10-09T07:54:19.0057390Z APT::Compressor::bzip2::UncompressArg "";
2026-10-09T07:54:19.0057792Z APT::Compressor::bzip2::UncompressArg:: "-d";
2026-10-09T07:54:19.0058134Z APT::Compressor::lzma "";
2026-10-09T07:54:19.0058442Z APT::Compressor::lzma::Name "lzma";
2026-10-09T07:54:19.0058801Z APT::Compressor::lzma::Extension ".lzma";
2026-10-09T07:54:19.0059151Z APT::Compressor::lzma::Binary "xz";
2026-10-09T07:54:19.0059476Z APT::Compressor::lzma::Cost "400";
2026-10-09T07:54:19.0059827Z APT::Compressor::lzma::CompressArg "";
2026-10-09T07:54:19.0060229Z APT::Compressor::lzma::CompressArg:: "--format=lzma";
2026-10-09T07:54:19.0060650Z APT::Compressor::lzma::CompressArg:: "-6";
2026-10-09T07:54:19.0061024Z APT::Compressor::lzma::UncompressArg "";
2026-10-09T07:54:19.0061440Z APT::Compressor::lzma::UncompressArg:: "--format=lzma";
2026-10-09T07:54:19.0062215Z APT::Compressor::lzma::UncompressArg:: "-d";
2026-10-09T07:54:19.0062538Z Dir "/";
2026-10-09T07:54:19.0062791Z Dir::State "var/lib/apt";
2026-10-09T07:54:19.0063078Z Dir::State::lists "lists/";
2026-10-09T07:54:19.0063399Z Dir::State::cdroms "cdroms.list";
2026-10-09T07:54:19.0063769Z Dir::State::extended_states "extended_states";
2026-10-09T07:54:19.0064154Z Dir::State::status "/var/lib/dpkg/status";
2026-10-09T07:54:19.0064477Z Dir::Cache "var/cache/apt";
2026-10-09T07:54:19.0064787Z Dir::Cache::archives "archives/";
2026-10-09T07:54:19.0065136Z Dir::Cache::srcpkgcache "srcpkgcache.bin";
2026-10-09T07:54:19.0065499Z Dir::Cache::pkgcache "pkgcache.bin";
2026-10-09T07:54:19.0065797Z Dir::Etc "etc/apt";
2026-10-09T07:54:19.0066091Z Dir::Etc::sourcelist "sources.list";
2026-10-09T07:54:19.0066442Z Dir::Etc::sourceparts "sources.list.d";
2026-10-09T07:54:19.0066764Z Dir::Etc::main "apt.conf";
2026-10-09T07:54:19.0067054Z Dir::Etc::netrc "auth.conf";
2026-10-09T07:54:19.0067374Z Dir::Etc::netrcparts "auth.conf.d";
2026-10-09T07:54:19.0067684Z Dir::Etc::parts "apt.conf.d";
2026-10-09T07:54:19.0068014Z Dir::Etc::preferences "preferences";
2026-10-09T07:54:19.0068411Z Dir::Etc::preferencesparts "preferences.d";
2026-10-09T07:54:19.0068781Z Dir::Etc::trusted "trusted.gpg";
2026-10-09T07:54:19.0069121Z Dir::Etc::trustedparts "trusted.gpg.d";
2026-10-09T07:54:19.0069419Z Dir::Bin "";
2026-10-09T07:54:19.0069711Z Dir::Bin::methods "/usr/lib/apt/methods";
2026-10-09T07:54:19.0070028Z Dir::Bin::solvers "";
2026-10-09T07:54:19.0070348Z Dir::Bin::solvers:: "/usr/lib/apt/solvers";
2026-10-09T07:54:19.0070666Z Dir::Bin::planners "";
2026-10-09T07:54:19.0070988Z Dir::Bin::planners:: "/usr/lib/apt/planners";
2026-10-09T07:54:19.0071353Z Dir::Bin::dpkg "/usr/bin/dpkg";
2026-10-09T07:54:19.0071841Z Dir::Bin::gzip "/bin/gzip";
2026-10-09T07:54:19.0072273Z Dir::Bin::bzip2 "/bin/bzip2";
2026-10-09T07:54:19.0072570Z Dir::Bin::xz "/usr/bin/xz";
2026-10-09T07:54:19.0072855Z Dir::Bin::lz4 "/usr/bin/lz4";
2026-10-09T07:54:19.0073158Z Dir::Bin::zstd "/usr/bin/zstd";
2026-10-09T07:54:19.0073446Z Dir::Bin::lzma "/usr/bin/xz";
2026-10-09T07:54:19.0073704Z Dir::Media "";
2026-10-09T07:54:19.0073989Z Dir::Media::MountPath "/media/apt";
2026-10-09T07:54:19.0074290Z Dir::Log "var/log/apt";
2026-10-09T07:54:19.0074584Z Dir::Log::Terminal "term.log";
2026-10-09T07:54:19.0074898Z Dir::Log::History "history.log";
2026-10-09T07:54:19.0075219Z Dir::Log::Planner "eipp.log.xz";
2026-10-09T07:54:19.0075533Z Dir::Ignore-Files-Silently "";
2026-10-09T07:54:19.0075862Z Dir::Ignore-Files-Silently:: "~$";
2026-10-09T07:54:19.0076220Z Dir::Ignore-Files-Silently:: "\.disabled$";
2026-10-09T07:54:19.0076588Z Dir::Ignore-Files-Silently:: "\.bak$";
2026-10-09T07:54:19.0076968Z Dir::Ignore-Files-Silently:: "\.dpkg-[a-z]+$";
2026-10-09T07:54:19.0077536Z Dir::Ignore-Files-Silently:: "\.ucf-[a-z]+$";
2026-10-09T07:54:19.0077922Z Dir::Ignore-Files-Silently:: "\.save$";
2026-10-09T07:54:19.0078285Z Dir::Ignore-Files-Silently:: "\.orig$";
2026-10-09T07:54:19.0078657Z Dir::Ignore-Files-Silently:: "\.distUpgrade$";
2026-10-09T07:54:19.0078966Z Acquire "";
2026-10-09T07:54:19.0079252Z Acquire::AllowInsecureRepositories "0";
2026-10-09T07:54:19.0079733Z Acquire::AllowWeakRepositories "0";
2026-10-09T07:54:19.0080128Z Acquire::AllowDowngradeToInsecureRepositories "0";
2026-10-09T07:54:19.0080482Z Acquire::cdrom "";
2026-10-09T07:54:19.0080775Z Acquire::cdrom::mount "/media/cdrom/";
2026-10-09T07:54:19.0081085Z Acquire::IndexTargets "";
2026-10-09T07:54:19.0081388Z Acquire::IndexTargets::deb "";
2026-10-09T07:54:19.0081976Z Acquire::IndexTargets::deb::Packages "";
2026-10-09T07:54:19.0082574Z Acquire::IndexTargets::deb::Packages::MetaKey "$(COMPONENT)/binary-$(ARCHITECTURE)/Packages";
2026-10-09T07:54:19.0083196Z Acquire::IndexTargets::deb::Packages::flatMetaKey "Packages";
2026-10-09T07:54:19.0083742Z Acquire::IndexTargets::deb::Packages::ShortDescription "Packages";
2026-10-09T07:54:19.0084443Z Acquire::IndexTargets::deb::Packages::Description "$(RELEASE)/$(COMPONENT) $(ARCHITECTURE) Packages";
2026-10-09T07:54:19.0085153Z Acquire::IndexTargets::deb::Packages::flatDescription "$(RELEASE) Packages";
2026-10-09T07:54:19.0085690Z Acquire::IndexTargets::deb::Packages::Optional "0";
2026-10-09T07:54:19.0086103Z Acquire::IndexTargets::deb::Translations "";
2026-10-09T07:54:19.0086691Z Acquire::IndexTargets::deb::Translations::MetaKey "$(COMPONENT)/i18n/Translation-$(LANGUAGE)";
2026-10-09T07:54:19.0087348Z Acquire::IndexTargets::deb::Translations::flatMetaKey "$(LANGUAGE)";
2026-10-09T07:54:19.0087992Z Acquire::IndexTargets::deb::Translations::ShortDescription "Translation-$(LANGUAGE)";
2026-10-09T07:54:19.0088769Z Acquire::IndexTargets::deb::Translations::Description "$(RELEASE)/$(COMPONENT) Translation-$(LANGUAGE)";
2026-10-09T07:54:19.0089567Z Acquire::IndexTargets::deb::Translations::flatDescription "$(RELEASE) Translation-$(LANGUAGE)";
2026-10-09T07:54:19.0090115Z Acquire::IndexTargets::deb::DEP-11 "";
2026-10-09T07:54:19.0090718Z Acquire::IndexTargets::deb::DEP-11::MetaKey "$(COMPONENT)/dep11/Components-$(NATIVE_ARCHITECTURE).yml";
2026-10-09T07:54:19.0091465Z Acquire::IndexTargets::deb::DEP-11::ShortDescription "Components-$(NATIVE_ARCHITECTURE)";
2026-10-09T07:54:19.0092487Z Acquire::IndexTargets::deb::DEP-11::Description "$(RELEASE)/$(COMPONENT) $(NATIVE_ARCHITECTURE) Components";
2026-10-09T07:54:19.0093154Z Acquire::IndexTargets::deb::DEP-11::KeepCompressed "true";
2026-10-09T07:54:19.0093640Z Acquire::IndexTargets::deb::DEP-11::KeepCompressedAs "gz";
2026-10-09T07:54:19.0094130Z Acquire::IndexTargets::deb::DEP-11::DefaultEnabled "false";
2026-10-09T07:54:19.0094589Z Acquire::IndexTargets::deb::DEP-11-icons-small "";
2026-10-09T07:54:19.0095192Z Acquire::IndexTargets::deb::DEP-11-icons-small::MetaKey "$(COMPONENT)/dep11/icons-48x48.tar";
2026-10-09T07:54:19.0095887Z Acquire::IndexTargets::deb::DEP-11-icons-small::ShortDescription "icons-48x48";
2026-10-09T07:54:19.0096638Z Acquire::IndexTargets::deb::DEP-11-icons-small::Description "$(RELEASE)/$(COMPONENT) Icons (48x48)";
2026-10-09T07:54:19.0097313Z Acquire::IndexTargets::deb::DEP-11-icons-small::KeepCompressed "true";
2026-10-09T07:54:19.0097967Z Acquire::IndexTargets::deb::DEP-11-icons-small::KeepCompressedAs "gz";
2026-10-09T07:54:19.0098552Z Acquire::IndexTargets::deb::DEP-11-icons-small::DefaultEnabled "false";
2026-10-09T07:54:19.0099050Z Acquire::IndexTargets::deb::DEP-11-icons "";
2026-10-09T07:54:19.0099597Z Acquire::IndexTargets::deb::DEP-11-icons::MetaKey "$(COMPONENT)/dep11/icons-64x64.tar";
2026-10-09T07:54:19.0100238Z Acquire::IndexTargets::deb::DEP-11-icons::ShortDescription "icons-64x64";
2026-10-09T07:54:19.0100932Z Acquire::IndexTargets::deb::DEP-11-icons::Description "$(RELEASE)/$(COMPONENT) Icons (64x64)";
2026-10-09T07:54:19.0101559Z Acquire::IndexTargets::deb::DEP-11-icons::KeepCompressed "true";
2026-10-09T07:54:19.0102500Z Acquire::IndexTargets::deb::DEP-11-icons::KeepCompressedAs "gz";
2026-10-09T07:54:19.0103073Z Acquire::IndexTargets::deb::DEP-11-icons::DefaultEnabled "false";
2026-10-09T07:54:19.0103558Z Acquire::IndexTargets::deb::DEP-11-icons-hidpi "";
2026-10-09T07:54:19.0104175Z Acquire::IndexTargets::deb::DEP-11-icons-hidpi::MetaKey "$(COMPONENT)/dep11/icons-64x64@2.tar";
2026-10-09T07:54:19.0105027Z Acquire::IndexTargets::deb::DEP-11-icons-hidpi::ShortDescription "icons-64x64@2";
2026-10-09T07:54:19.0105781Z Acquire::IndexTargets::deb::DEP-11-icons-hidpi::Description "$(RELEASE)/$(COMPONENT) Icons (64x64@2)";
2026-10-09T07:54:19.0106466Z Acquire::IndexTargets::deb::DEP-11-icons-hidpi::KeepCompressed "true";
2026-10-09T07:54:19.0107058Z Acquire::IndexTargets::deb::DEP-11-icons-hidpi::KeepCompressedAs "gz";
2026-10-09T07:54:19.0107646Z Acquire::IndexTargets::deb::DEP-11-icons-hidpi::DefaultEnabled "false";
2026-10-09T07:54:19.0108143Z Acquire::IndexTargets::deb::DEP-11-icons-large "";
2026-10-09T07:54:19.0108760Z Acquire::IndexTargets::deb::DEP-11-icons-large::MetaKey "$(COMPONENT)/dep11/icons-128x128.tar";
2026-10-09T07:54:19.0109463Z Acquire::IndexTargets::deb::DEP-11-icons-large::ShortDescription "icons-128x128";
2026-10-09T07:54:19.0110208Z Acquire::IndexTargets::deb::DEP-11-icons-large::Description "$(RELEASE)/$(COMPONENT) Icons (128x128)";
2026-10-09T07:54:19.0110893Z Acquire::IndexTargets::deb::DEP-11-icons-large::KeepCompressed "true";
2026-10-09T07:54:19.0111466Z Acquire::IndexTargets::deb::DEP-11-icons-large::KeepCompressedAs "gz";
2026-10-09T07:54:19.0112349Z Acquire::IndexTargets::deb::DEP-11-icons-large::DefaultEnabled "false";
2026-10-09T07:54:19.0112899Z Acquire::IndexTargets::deb::DEP-11-icons-large-hidpi "";
2026-10-09T07:54:19.0113570Z Acquire::IndexTargets::deb::DEP-11-icons-large-hidpi::MetaKey "$(COMPONENT)/dep11/icons-128x128@2.tar";
2026-10-09T07:54:19.0114341Z Acquire::IndexTargets::deb::DEP-11-icons-large-hidpi::ShortDescription "icons-128x128@2";
2026-10-09T07:54:19.0115175Z Acquire::IndexTargets::deb::DEP-11-icons-large-hidpi::Description "$(RELEASE)/$(COMPONENT) Icons (128x128@2)";
2026-10-09T07:54:19.0115913Z Acquire::IndexTargets::deb::DEP-11-icons-large-hidpi::KeepCompressed "true";
2026-10-09T07:54:19.0116537Z Acquire::IndexTargets::deb::DEP-11-icons-large-hidpi::KeepCompressedAs "gz";
2026-10-09T07:54:19.0117164Z Acquire::IndexTargets::deb::DEP-11-icons-large-hidpi::DefaultEnabled "false";
2026-10-09T07:54:19.0117654Z Acquire::IndexTargets::deb::CNF "";
2026-10-09T07:54:19.0118204Z Acquire::IndexTargets::deb::CNF::MetaKey "$(COMPONENT)/cnf/Commands-$(NATIVE_ARCHITECTURE)";
2026-10-09T07:54:19.0118902Z Acquire::IndexTargets::deb::CNF::ShortDescription "Commands-$(NATIVE_ARCHITECTURE)";
2026-10-09T07:54:19.0119671Z Acquire::IndexTargets::deb::CNF::Description "$(RELEASE)/$(COMPONENT) $(NATIVE_ARCHITECTURE) c-n-f Metadata";
2026-10-09T07:54:19.0120237Z Acquire::IndexTargets::deb-src "";
2026-10-09T07:54:19.0120599Z Acquire::IndexTargets::deb-src::Sources "";
2026-10-09T07:54:19.0121121Z Acquire::IndexTargets::deb-src::Sources::MetaKey "$(COMPONENT)/source/Sources";
2026-10-09T07:54:19.0121886Z Acquire::IndexTargets::deb-src::Sources::flatMetaKey "Sources";
2026-10-09T07:54:19.0122450Z Acquire::IndexTargets::deb-src::Sources::ShortDescription "Sources";
2026-10-09T07:54:19.0123079Z Acquire::IndexTargets::deb-src::Sources::Description "$(RELEASE)/$(COMPONENT) Sources";
2026-10-09T07:54:19.0123741Z Acquire::IndexTargets::deb-src::Sources::flatDescription "$(RELEASE) Sources";
2026-10-09T07:54:19.0124280Z Acquire::IndexTargets::deb-src::Sources::Optional "0";
2026-10-09T07:54:19.0124648Z Acquire::Changelogs "";
2026-10-09T07:54:19.0124926Z Acquire::Changelogs::URI "";
2026-10-09T07:54:19.0125248Z Acquire::Changelogs::URI::Origin "";
2026-10-09T07:54:19.0125928Z Acquire::Changelogs::URI::Origin::Debian "https://metadata.ftp-master.debian.org/changelogs/@CHANGEPATH@_changelog";
2026-10-09T07:54:19.0126856Z Acquire::Changelogs::URI::Origin::Ubuntu "https://changelogs.ubuntu.com/changelogs/pool/@CHANGEPATH@/changelog";
2026-10-09T07:54:19.0127634Z Acquire::Changelogs::AlwaysOnline "true";
2026-10-09T07:54:19.0128030Z Acquire::Changelogs::AlwaysOnline::Origin "";
2026-10-09T07:54:19.0128456Z Acquire::Changelogs::AlwaysOnline::Origin::Ubuntu "1";
2026-10-09T07:54:19.0128813Z Acquire::Snapshots "";
2026-10-09T07:54:19.0129084Z Acquire::Snapshots::URI "";
2026-10-09T07:54:19.0129538Z Acquire::Snapshots::URI::Origin "";
2026-10-09T07:54:19.0130126Z Acquire::Snapshots::URI::Origin::Debian "https://snapshot.debian.org/archive/debian/@SNAPSHOTID@/";
2026-10-09T07:54:19.0130895Z Acquire::Snapshots::URI::Origin::Ubuntu "https://snapshot.ubuntu.com/ubuntu/@SNAPSHOTID@/";
2026-10-09T07:54:19.0131441Z Acquire::Snapshots::URI::Override "";
2026-10-09T07:54:19.0132106Z Acquire::Snapshots::URI::Override::Label "";
2026-10-09T07:54:19.0132888Z Acquire::Snapshots::URI::Override::Label::Debian-Security "https://snapshot.debian.org/archive/debian-security/@SNAPSHOTID@/";
2026-10-09T07:54:19.0133550Z Acquire::Snapshots::URI::Host "";
2026-10-09T07:54:19.0134169Z Acquire::Snapshots::URI::Host::archive.ubuntu.com "https://snapshot.ubuntu.com/@PATH@/@SNAPSHOTID@/";
2026-10-09T07:54:19.0135013Z Acquire::Snapshots::URI::Host::deb.debian.org "https://snapshot.debian.org/archive/@PATH@/@SNAPSHOTID@/";
2026-10-09T07:54:19.0135840Z Acquire::Snapshots::URI::Host::.archive.ubuntu.com "https://snapshot.ubuntu.com/@PATH@/@SNAPSHOTID@/";
2026-10-09T07:54:19.0136660Z Acquire::Snapshots::URI::Host::security.ubuntu.com "https://snapshot.ubuntu.com/@PATH@/@SNAPSHOTID@/";
2026-10-09T07:54:19.0137597Z Acquire::Snapshots::URI::Host::ppa.launchpadcontent.net "https://snapshot.ppa.launchpadcontent.net/@PATH@/@SNAPSHOTID@/";
2026-10-09T07:54:19.0138571Z Acquire::Snapshots::URI::Host::ppa.launchpad.net "https://snapshot.ppa.launchpadcontent.net/@PATH@/@SNAPSHOTID@/";
2026-10-09T07:54:19.0139152Z Acquire::http "";
2026-10-09T07:54:19.0139504Z Acquire::http::User-Agent-Non-Interactive "true";
2026-10-09T07:54:19.0139876Z Acquire::http::Timeout "15";
2026-10-09T07:54:19.0140246Z Acquire::http::Pipeline-Depth "0";
2026-10-09T07:54:19.0140587Z Acquire::http::No-Cache "true";
2026-10-09T07:54:19.0140871Z Acquire::Retries "1";
2026-10-09T07:54:19.0141130Z Acquire::https "";
2026-10-09T07:54:19.0141398Z Acquire::https::Timeout "15";
2026-10-09T07:54:19.0141945Z Acquire::https::Pipeline-Depth "0";
2026-10-09T07:54:19.0142306Z Acquire::https::No-Cache "true";
2026-10-09T07:54:19.0142607Z Acquire::BrokenProxy "true";
2026-10-09T07:54:19.0142892Z Acquire::Languages "";
2026-10-09T07:54:19.0143158Z Acquire::Languages:: "en";
2026-10-09T07:54:19.0143435Z Acquire::Languages:: "none";
2026-10-09T07:54:19.0143734Z Acquire::CompressionTypes "";
2026-10-09T07:54:19.0144064Z Acquire::CompressionTypes::xz "xz";
2026-10-09T07:54:19.0144417Z Acquire::CompressionTypes::bz2 "bzip2";
2026-10-09T07:54:19.0144787Z Acquire::CompressionTypes::lzma "lzma";
2026-10-09T07:54:19.0145141Z Acquire::CompressionTypes::gz "gzip";
2026-10-09T07:54:19.0145491Z Acquire::CompressionTypes::lz4 "lz4";
2026-10-09T07:54:19.0145851Z Acquire::CompressionTypes::zst "zstd";
2026-10-09T07:54:19.0146149Z DPkg "";
2026-10-09T07:54:19.0146441Z DPkg::Path "/usr/sbin:/usr/bin:/sbin:/bin";
2026-10-09T07:54:19.0146762Z DPkg::Options "";
2026-10-09T07:54:19.0147055Z DPkg::Options:: "--force-confdef";
2026-10-09T07:54:19.0147388Z DPkg::Options:: "--force-confold";
2026-10-09T07:54:19.0147727Z DPkg::Options:: "--force-unsafe-io";
2026-10-09T07:54:19.0148068Z DPkg::Options:: "--force-confdef";
2026-10-09T07:54:19.0148394Z DPkg::Options:: "--force-confold";
2026-10-09T07:54:19.0148691Z DPkg::Post-Invoke "";
2026-10-09T07:54:19.0150558Z DPkg::Post-Invoke:: "/usr/bin/test -e /usr/share/dbus-1/system-services/org.freedesktop.PackageKit.service && /usr/bin/test -S /var/run/dbus/system_bus_socket && /usr/bin/gdbus call --system --dest org.freedesktop.PackageKit --object-path /org/freedesktop/PackageKit --timeout 4 --method org.freedesktop.PackageKit.StateHasChanged cache-update > /dev/null; /bin/echo > /dev/null";
2026-10-09T07:54:19.0152835Z DPkg::Post-Invoke:: "test -x /usr/lib/needrestart/apt-pinvoke && /usr/lib/needrestart/apt-pinvoke -m u || true";
2026-10-09T07:54:19.0154104Z DPkg::Post-Invoke:: "if [ -d /var/lib/update-notifier ]; then touch /var/lib/update-notifier/dpkg-run-stamp; fi; /usr/lib/update-notifier/update-motd-updates-available 2>/dev/null || true";
2026-10-09T07:54:19.0155068Z DPkg::Pre-Install-Pkgs "";
2026-10-09T07:54:19.0155515Z DPkg::Pre-Install-Pkgs:: "/usr/sbin/dpkg-preconfigure --apt || true";
2026-10-09T07:54:19.0155935Z binary "apt-config";
2026-10-09T07:54:19.0156185Z binary::apt "";
2026-10-09T07:54:19.0156438Z binary::apt::AptCli "";
2026-10-09T07:54:19.0156731Z binary::apt::AptCli::Hooks "";
2026-10-09T07:54:19.0157065Z binary::apt::AptCli::Hooks::Upgrade "";
2026-10-09T07:54:19.0158151Z binary::apt::AptCli::Hooks::Upgrade:: "[ ! -f /usr/lib/ubuntu-advantage/apt-esm-json-hook ] || [ $(id -u) -ne 0 ] || /usr/lib/ubuntu-advantage/apt-esm-json-hook 2>> /var/log/ubuntu-advantage-apt-hook.log || true";
2026-10-09T07:54:19.0159074Z binary::apt::AptCli::Hooks::Install "";
2026-10-09T07:54:19.0159750Z binary::apt::AptCli::Hooks::Install:: "[ ! -f /usr/bin/snap ] || /usr/bin/snap advise-snap --from-apt 2>/dev/null || true";
2026-10-09T07:54:19.0160304Z binary::apt::APT "";
2026-10-09T07:54:19.0160571Z binary::apt::APT::Color "1";
2026-10-09T07:54:19.0160868Z binary::apt::APT::Cache "";
2026-10-09T07:54:19.0161182Z binary::apt::APT::Cache::Show "";
2026-10-09T07:54:19.0161532Z binary::apt::APT::Cache::Show::Version "2";
2026-10-09T07:54:19.0162128Z binary::apt::APT::Cache::AllVersions "0";
2026-10-09T07:54:19.0162506Z binary::apt::APT::Cache::ShowVirtuals "1";
2026-10-09T07:54:19.0162866Z binary::apt::APT::Cache::Search "";
2026-10-09T07:54:19.0163227Z binary::apt::APT::Cache::Search::Version "2";
2026-10-09T07:54:19.0163638Z binary::apt::APT::Cache::ShowDependencyType "1";
2026-10-09T07:54:19.0164032Z binary::apt::APT::Cache::ShowVersion "1";
2026-10-09T07:54:19.0164352Z binary::apt::APT::Get "";
2026-10-09T07:54:19.0164701Z binary::apt::APT::Get::Upgrade-Allow-New "1";
2026-10-09T07:54:19.0165064Z binary::apt::APT::Get::Update "";
2026-10-09T07:54:19.0165498Z binary::apt::APT::Get::Update::InteractiveReleaseInfoChanges "1";
2026-10-09T07:54:19.0165907Z binary::apt::APT::Cmd "";
2026-10-09T07:54:19.0166244Z binary::apt::APT::Cmd::Show-Update-Stats "1";
2026-10-09T07:54:19.0166627Z binary::apt::APT::Cmd::Pattern-Only "1";
2026-10-09T07:54:19.0167018Z binary::apt::APT::Keep-Downloaded-Packages "0";
2026-10-09T07:54:19.0167370Z binary::apt::DPkg "";
2026-10-09T07:54:19.0167679Z binary::apt::DPkg::Progress-Fancy "1";
2026-10-09T07:54:19.0167998Z binary::apt::DPkg::Lock "";
2026-10-09T07:54:19.0168325Z binary::apt::DPkg::Lock::Timeout "120";
2026-10-09T07:54:19.0168616Z CommandLine "";
2026-10-09T07:54:19.0168912Z CommandLine::AsString "apt-config dump";
2026-10-09T07:54:19.0183783Z ##[end-action id=__self.__run;outcome=success;conclusion=success;duration_ms=60]
2026-10-09T07:54:19.0225160Z ##[group]Run sudo apt-get update && sudo apt-get install -y build-essential curl zstd
2026-10-09T07:54:19.0225808Z [36;1msudo apt-get update && sudo apt-get install -y build-essential curl zstd[0m
2026-10-09T07:54:19.0292477Z shell: /usr/bin/bash -e {0}
2026-10-09T07:54:19.0292777Z ##[endgroup]
2026-10-09T07:54:19.1204283Z Get:1 file:/etc/apt/apt-mirrors.txt Mirrorlist [144 B]
2026-10-09T07:54:19.1564076Z Hit:2 http://azure.archive.ubuntu.com/ubuntu noble InRelease
2026-10-09T07:54:19.1569642Z Get:6 https://packages.microsoft.com/ubuntu/24.04/prod noble InRelease [3600 B]
2026-10-09T07:54:19.1599246Z Get:3 http://azure.archive.ubuntu.com/ubuntu noble-updates InRelease [126 kB]
2026-10-09T07:54:19.1631650Z Get:4 http://azure.archive.ubuntu.com/ubuntu noble-backports InRelease [126 kB]
2026-10-09T07:54:19.1656072Z Get:5 http://azure.archive.ubuntu.com/ubuntu noble-security InRelease [126 kB]
2026-10-09T07:54:19.3088571Z Get:7 https://packages.microsoft.com/ubuntu/24.04/prod noble/main arm64 Packages [475 kB]
2026-10-09T07:54:19.3244658Z Get:8 https://packages.microsoft.com/ubuntu/24.04/prod noble/main armhf Packages [12.3 kB]
2026-10-09T07:54:19.3257038Z Get:9 https://packages.microsoft.com/ubuntu/24.04/prod noble/main all Packages [640 B]
2026-10-09T07:54:19.3283610Z Get:10 https://packages.microsoft.com/ubuntu/24.04/prod noble/main amd64 Packages [531 kB]
2026-10-09T07:54:19.3662973Z Get:11 http://azure.archive.ubuntu.com/ubuntu noble-updates/main amd64 Packages [1375 kB]
2026-10-09T07:54:19.3739354Z Get:12 http://azure.archive.ubuntu.com/ubuntu noble-updates/main Translation-en [306 kB]
2026-10-09T07:54:19.3776284Z Get:13 http://azure.archive.ubuntu.com/ubuntu noble-updates/universe amd64 Packages [1702 kB]
2026-10-09T07:54:19.3862566Z Get:14 http://azure.archive.ubuntu.com/ubuntu noble-updates/universe Translation-en [342 kB]
2026-10-09T07:54:19.3883027Z Get:15 http://azure.archive.ubuntu.com/ubuntu noble-updates/restricted amd64 Packages [1761 kB]
2026-10-09T07:54:19.3981837Z Get:16 http://azure.archive.ubuntu.com/ubuntu noble-updates/restricted Translation-en [401 kB]
2026-10-09T07:54:19.3986427Z Get:17 http://azure.archive.ubuntu.com/ubuntu noble-updates/multiverse amd64 Packages [55.0 kB]
2026-10-09T07:54:19.3998317Z Get:18 http://azure.archive.ubuntu.com/ubuntu noble-updates/multiverse Translation-en [14.3 kB]
2026-10-09T07:54:19.5193555Z Get:19 http://azure.archive.ubuntu.com/ubuntu noble-security/main amd64 Packages [1118 kB]
2026-10-09T07:54:19.5234576Z Get:20 http://azure.archive.ubuntu.com/ubuntu noble-security/main Translation-en [228 kB]
2026-10-09T07:54:19.5742203Z Get:21 http://azure.archive.ubuntu.com/ubuntu noble-security/universe amd64 Packages [1220 kB]
2026-10-09T07:54:19.5812123Z Get:22 http://azure.archive.ubuntu.com/ubuntu noble-security/universe Translation-en [245 kB]
2026-10-09T07:54:19.5883270Z Get:23 http://azure.archive.ubuntu.com/ubuntu noble-security/restricted amd64 Packages [1667 kB]
2026-10-09T07:54:19.5942955Z Get:24 http://azure.archive.ubuntu.com/ubuntu noble-security/restricted Translation-en [383 kB]
2026-10-09T07:54:19.5972254Z Get:25 http://azure.archive.ubuntu.com/ubuntu noble-security/multiverse amd64 Packages [49.8 kB]
2026-10-09T07:54:19.6008765Z Get:26 http://azure.archive.ubuntu.com/ubuntu noble-security/multiverse Translation-en [12.4 kB]
2026-10-09T07:54:22.9550855Z Fetched 12.3 MB in 1s (9200 kB/s)
2026-10-09T07:54:23.8876461Z Reading package lists...
2026-10-09T07:54:23.9196595Z Reading package lists...
2026-10-09T07:54:24.1528980Z Building dependency tree...
2026-10-09T07:54:24.1536870Z Reading state information...
2026-10-09T07:54:24.3715024Z curl is already the newest version (8.5.0-2ubuntu10.15).
2026-10-09T07:54:24.3716173Z zstd is already the newest version (1.5.5+dfsg2-2build1.1).
2026-10-09T07:54:24.3717072Z zstd set to manually installed.
2026-10-09T07:54:24.3717862Z The following NEW packages will be installed:
2026-10-09T07:54:24.3726691Z   build-essential
2026-10-09T07:54:24.3913701Z 0 upgraded, 1 newly installed, 0 to remove and 23 not upgraded.
2026-10-09T07:54:24.3914518Z Need to get 4928 B of archives.
2026-10-09T07:54:24.3915303Z After this operation, 17.4 kB of additional disk space will be used.
2026-10-09T07:54:24.3916209Z Get:1 file:/etc/apt/apt-mirrors.txt Mirrorlist [144 B]
2026-10-09T07:54:24.4888073Z Get:2 http://azure.archive.ubuntu.com/ubuntu noble/main amd64 build-essential amd64 12.10ubuntu1 [4928 B]
2026-10-09T07:54:24.7664930Z Fetched 4928 B in 0s (45.4 kB/s)
2026-10-09T07:54:24.7893857Z Selecting previously unselected package build-essential.
2026-10-09T07:54:24.8247493Z (Reading database ... 
2026-10-09T07:54:24.8248097Z (Reading database ... 5%
2026-10-09T07:54:24.8248697Z (Reading database ... 10%
2026-10-09T07:54:24.8249143Z (Reading database ... 15%
2026-10-09T07:54:24.8249507Z (Reading database ... 20%
2026-10-09T07:54:24.8249870Z (Reading database ... 25%
2026-10-09T07:54:24.8250937Z (Reading database ... 30%
2026-10-09T07:54:24.8251321Z (Reading database ... 35%
2026-10-09T07:54:24.8251940Z (Reading database ... 40%
2026-10-09T07:54:24.8252289Z (Reading database ... 45%
2026-10-09T07:54:24.8252615Z (Reading database ... 50%
2026-10-09T07:54:24.8313866Z (Reading database ... 55%
2026-10-09T07:54:24.9320991Z (Reading database ... 60%
2026-10-09T07:54:25.1354991Z (Reading database ... 65%
2026-10-09T07:54:25.3252256Z (Reading database ... 70%
2026-10-09T07:54:25.5218112Z (Reading database ... 75%
2026-10-09T07:54:25.6280958Z (Reading database ... 80%
2026-10-09T07:54:25.7827234Z (Reading database ... 85%
2026-10-09T07:54:25.9294421Z (Reading database ... 90%
2026-10-09T07:54:26.0893700Z (Reading database ... 95%
2026-10-09T07:54:26.0894300Z (Reading database ... 100%
2026-10-09T07:54:26.0894819Z (Reading database ... 203191 files and directories currently installed.)
2026-10-09T07:54:26.0943244Z Preparing to unpack .../build-essential_12.10ubuntu1_amd64.deb ...
2026-10-09T07:54:26.0969479Z Unpacking build-essential (12.10ubuntu1) ...
2026-10-09T07:54:26.1397197Z Setting up build-essential (12.10ubuntu1) ...
2026-10-09T07:54:26.8357825Z 
2026-10-09T07:54:26.8358618Z Running kernel seems to be up-to-date.
2026-10-09T07:54:26.8358994Z 
2026-10-09T07:54:26.8359209Z No services need to be restarted.
2026-10-09T07:54:26.8359470Z 
2026-10-09T07:54:26.8359690Z No containers need to be restarted.
2026-10-09T07:54:26.8359963Z 
2026-10-09T07:54:26.8360219Z No user sessions are running outdated binaries.
2026-10-09T07:54:26.8360557Z 
2026-10-09T07:54:26.8360973Z No VM guests are running outdated hypervisor (qemu) binaries on this host.
2026-10-09T07:54:28.0563326Z ##[group]Run bash scripts/bootstrap-toolchains.sh --lean-only
2026-10-09T07:54:28.0563977Z [36;1mbash scripts/bootstrap-toolchains.sh --lean-only[0m
2026-10-09T07:54:28.0629246Z shell: /usr/bin/bash -e {0}
2026-10-09T07:54:28.0629772Z ##[endgroup]
2026-10-09T07:54:28.2718106Z /home/runner/work/lean-bridge/lean-bridge/.toolchains/downloads/elan-x86_64-unknown-linux-gnu.tar.gz: OK
2026-10-09T07:54:28.8063597Z info: Version 4.2.4 of elan is available! Use `elan self update` to update.
2026-10-09T07:54:29.1260793Z info: downloading https://releases.lean-lang.org/lean4/v4.32.2/lean-4.32.2-linux.tar.zst
2026-10-09T07:54:32.2255135Z info: installing /home/runner/work/lean-bridge/lean-bridge/.toolchains/elan/toolchains/leanprover--lean4---v4.32.2
2026-10-09T07:54:39.3187781Z 
2026-10-09T07:54:39.3567551Z leanprover/lean4:v4.32.2 installed - Lean (version 4.32.2, x86_64-unknown-linux-gnu, commit f3b06c705e6c85f5314019d5d3baab0fec5b580c, Release)
2026-10-09T07:54:39.3568636Z 
2026-10-09T07:54:39.4308506Z info: default toolchain set to 'leanprover/lean4:v4.32.2'
2026-10-09T07:54:39.5472532Z ##[group]Run actions/cache@v4
2026-10-09T07:54:39.5472861Z with:
2026-10-09T07:54:39.5473111Z   path: .toolchains/perl/5.36.3-threaded
2026-10-09T07:54:39.5473705Z   key: perl-abi-v2-Linux-5.36.3-threaded-2fc9758a07a5ff174c4ceb8537771405658ae8ed656706950f6fb2a457de42cc
2026-10-09T07:54:39.5474310Z   enableCrossOsArchive: false
2026-10-09T07:54:39.5474580Z   fail-on-cache-miss: false
2026-10-09T07:54:39.5474863Z   lookup-only: false
2026-10-09T07:54:39.5475093Z   save-always: false
2026-10-09T07:54:39.5475314Z ##[endgroup]
2026-10-09T07:54:39.6582993Z (node:2866) [DEP0040] DeprecationWarning: The `punycode` module is deprecated. Please use a userland alternative instead.
2026-10-09T07:54:39.6584085Z (Use `node --trace-deprecation ...` to show where the warning was created)
2026-10-09T07:54:39.7229724Z Cache hit for: perl-abi-v2-Linux-5.36.3-threaded-2fc9758a07a5ff174c4ceb8537771405658ae8ed656706950f6fb2a457de42cc
2026-10-09T07:54:39.7343843Z (node:2866) [DEP0169] DeprecationWarning: `url.parse()` behavior is not standardized and prone to errors that have security implications. Use the WHATWG URL API instead. CVEs are not issued for `url.parse()` vulnerabilities.
2026-10-09T07:54:39.9654719Z Received 14265431 of 14265431 (100.0%), 72.8 MBs/sec
2026-10-09T07:54:39.9655355Z Cache Size: ~14 MB (14265431 B)
2026-10-09T07:54:39.9696860Z [command]/usr/bin/tar -xf /home/runner/work/_temp/1038eee8-ca0a-454d-b52d-055719c2c8d9/cache.tzst -P -C /home/runner/work/lean-bridge/lean-bridge --use-compress-program unzstd
2026-10-09T07:54:40.1269721Z Cache restored successfully
2026-10-09T07:54:40.1355781Z Cache restored from key: perl-abi-v2-Linux-5.36.3-threaded-2fc9758a07a5ff174c4ceb8537771405658ae8ed656706950f6fb2a457de42cc
2026-10-09T07:54:40.1466062Z ##[group]Run npm run test:consumer:perl -- --configuration "5.36.3-threaded"
2026-10-09T07:54:40.1466868Z [36;1mnpm run test:consumer:perl -- --configuration "5.36.3-threaded"[0m
2026-10-09T07:54:40.1536420Z shell: /usr/bin/bash -e {0}
2026-10-09T07:54:40.1536740Z ##[endgroup]
2026-10-09T07:54:40.2622533Z 
2026-10-09T07:54:40.2623496Z > @lean-wasm/bridge-poc@0.0.0-poc test:consumer:perl
2026-10-09T07:54:40.2624428Z > node scripts/test-perl-consumers.mjs --configuration 5.36.3-threaded
2026-10-09T07:54:40.2624890Z 
2026-10-09T07:54:40.3051174Z Perl 5.36.3-threaded
2026-10-09T08:07:36.0566031Z TAP version 13
2026-10-09T08:07:36.0566958Z # Subtest: native finite specializations reproduce and install concrete Perl APIs
2026-10-09T08:07:36.0568155Z ok 1 - native finite specializations reproduce and install concrete Perl APIs
2026-10-09T08:07:36.0568878Z   ---
2026-10-09T08:07:36.0569335Z   duration_ms: 108789.882573
2026-10-09T08:07:36.0569696Z   type: 'test'
2026-10-09T08:07:36.0570083Z   ...
2026-10-09T08:07:36.0570954Z # Finite CPAN archive SHA-256: be911692463390ad6e026b7c365da202a8bf0e1b055739878be28d7649f330c0
2026-10-09T08:07:36.0572543Z # Subtest: native export contracts reject unsupported decisions before linking
2026-10-09T08:07:36.0573261Z     # Subtest: copied-resource
2026-10-09T08:07:36.0573650Z     ok 1 - copied-resource
2026-10-09T08:07:36.0573989Z       ---
2026-10-09T08:07:36.0574305Z       duration_ms: 11635.74064
2026-10-09T08:07:36.0574659Z       type: 'test'
2026-10-09T08:07:36.0575257Z       ...
2026-10-09T08:07:36.0575935Z     # Subtest: borrowed-result
2026-10-09T08:07:36.0576545Z     ok 2 - borrowed-result
2026-10-09T08:07:36.0577140Z       ---
2026-10-09T08:07:36.0577741Z       duration_ms: 11929.407804
2026-10-09T08:07:36.0578335Z       type: 'test'
2026-10-09T08:07:36.0578871Z       ...
2026-10-09T08:07:36.0579420Z     # Subtest: transfer
2026-10-09T08:07:36.0579989Z     ok 3 - transfer
2026-10-09T08:07:36.0580558Z       ---
2026-10-09T08:07:36.0581162Z       duration_ms: 11597.903246
2026-10-09T08:07:36.0581938Z       type: 'test'
2026-10-09T08:07:36.0582483Z       ...
2026-10-09T08:07:36.0583179Z     # Subtest: retained-callback
2026-10-09T08:07:36.0583834Z     ok 4 - retained-callback
2026-10-09T08:07:36.0584383Z       ---
2026-10-09T08:07:36.0584916Z       duration_ms: 12017.845241
2026-10-09T08:07:36.0585437Z       type: 'test'
2026-10-09T08:07:36.0588484Z       ...
2026-10-09T08:07:36.0588983Z     # Subtest: callback-effects
2026-10-09T08:07:36.0589471Z     ok 5 - callback-effects
2026-10-09T08:07:36.0589919Z       ---
2026-10-09T08:07:36.0590324Z       duration_ms: 11843.334579
2026-10-09T08:07:36.0590875Z       type: 'test'
2026-10-09T08:07:36.0591262Z       ...
2026-10-09T08:07:36.0591629Z     # Subtest: closure-arity
2026-10-09T08:07:36.0592357Z     ok 6 - closure-arity
2026-10-09T08:07:36.0592784Z       ---
2026-10-09T08:07:36.0593180Z       duration_ms: 11741.130297
2026-10-09T08:07:36.0593613Z       type: 'test'
2026-10-09T08:07:36.0594022Z       ...
2026-10-09T08:07:36.0594367Z     # Subtest: refinement
2026-10-09T08:07:36.0594801Z     ok 7 - refinement
2026-10-09T08:07:36.0595186Z       ---
2026-10-09T08:07:36.0595570Z       duration_ms: 11381.214488
2026-10-09T08:07:36.0596026Z       type: 'test'
2026-10-09T08:07:36.0596403Z       ...
2026-10-09T08:07:36.0596747Z     # Subtest: unknown
2026-10-09T08:07:36.0597147Z     ok 8 - unknown
2026-10-09T08:07:36.0597515Z       ---
2026-10-09T08:07:36.0597908Z       duration_ms: 11693.241294
2026-10-09T08:07:36.0598353Z       type: 'test'
2026-10-09T08:07:36.0598715Z       ...
2026-10-09T08:07:36.0599056Z     1..8
2026-10-09T08:07:36.0599787Z ok 2 - native export contracts reject unsupported decisions before linking
2026-10-09T08:07:36.0600477Z   ---
2026-10-09T08:07:36.0600847Z   duration_ms: 94962.637333
2026-10-09T08:07:36.0601265Z   type: 'test'
2026-10-09T08:07:36.0601622Z   ...
2026-10-09T08:07:36.0603220Z # Subtest: native specializations reject changed applications and unsupported ownership before linking
2026-10-09T08:07:36.0604004Z     # Subtest: application
2026-10-09T08:07:36.0604298Z     ok 1 - application
2026-10-09T08:07:36.0604744Z       ---
2026-10-09T08:07:36.0604996Z       duration_ms: 23432.408808
2026-10-09T08:07:36.0605265Z       type: 'test'
2026-10-09T08:07:36.0605485Z       ...
2026-10-09T08:07:36.0605701Z     # Subtest: types
2026-10-09T08:07:36.0605979Z     ok 2 - types
2026-10-09T08:07:36.0606230Z       ---
2026-10-09T08:07:36.0606487Z       duration_ms: 23706.034596
2026-10-09T08:07:36.0606775Z       type: 'test'
2026-10-09T08:07:36.0607009Z       ...
2026-10-09T08:07:36.0607239Z     # Subtest: late-json
2026-10-09T08:07:36.0607516Z     ok 3 - late-json
2026-10-09T08:07:36.0607757Z       ---
2026-10-09T08:07:36.0608019Z       duration_ms: 23777.043483
2026-10-09T08:07:36.0608309Z       type: 'test'
2026-10-09T08:07:36.0608529Z       ...
2026-10-09T08:07:36.0608758Z     # Subtest: source
2026-10-09T08:07:36.0609018Z     ok 4 - source
2026-10-09T08:07:36.0609255Z       ---
2026-10-09T08:07:36.0609537Z       duration_ms: 23907.038778
2026-10-09T08:07:36.0609833Z       type: 'test'
2026-10-09T08:07:36.0610093Z       ...
2026-10-09T08:07:36.0610338Z     # Subtest: resource-array
2026-10-09T08:07:36.0610636Z     ok 5 - resource-array
2026-10-09T08:07:36.0610904Z       ---
2026-10-09T08:07:36.0611174Z       duration_ms: 11705.938572
2026-10-09T08:07:36.0611478Z       type: 'test'
2026-10-09T08:07:36.0612037Z       ...
2026-10-09T08:07:36.0612484Z     # Subtest: callback-array
2026-10-09T08:07:36.0612816Z     ok 6 - callback-array
2026-10-09T08:07:36.0613071Z       ---
2026-10-09T08:07:36.0613314Z       duration_ms: 12408.727763
2026-10-09T08:07:36.0613615Z       type: 'test'
2026-10-09T08:07:36.0613861Z       ...
2026-10-09T08:07:36.0614075Z     # Subtest: instance
2026-10-09T08:07:36.0614353Z     ok 7 - instance
2026-10-09T08:07:36.0614579Z       ---
2026-10-09T08:07:36.0614822Z       duration_ms: 11777.751426
2026-10-09T08:07:36.0615080Z       type: 'test'
2026-10-09T08:07:36.0615500Z       ...
2026-10-09T08:07:36.0615880Z     # Subtest: effect
2026-10-09T08:07:36.0616321Z     ok 8 - effect
2026-10-09T08:07:36.0616617Z       ---
2026-10-09T08:07:36.0616948Z       duration_ms: 12144.482024
2026-10-09T08:07:36.0617415Z       type: 'test'
2026-10-09T08:07:36.0632760Z       ...
2026-10-09T08:07:36.0633189Z     # Subtest: admitted
2026-10-09T08:07:36.0633621Z     ok 9 - admitted
2026-10-09T08:07:36.0633986Z       ---
2026-10-09T08:07:36.0634386Z       duration_ms: 11639.838979
2026-10-09T08:07:36.0634830Z       type: 'test'
2026-10-09T08:07:36.0635189Z       ...
2026-10-09T08:07:36.0635506Z     1..9
2026-10-09T08:07:36.0636229Z ok 3 - native specializations reject changed applications and unsupported ownership before linking
2026-10-09T08:07:36.0636750Z   ---
2026-10-09T08:07:36.0636981Z   duration_ms: 155601.270107
2026-10-09T08:07:36.0637284Z   type: 'test'
2026-10-09T08:07:36.0637507Z   ...
2026-10-09T08:07:36.0638100Z # Subtest: native shared metadata preserves checked aliases, docs and proof relationships across relocation
2026-10-09T08:07:36.0639012Z ok 4 - native shared metadata preserves checked aliases, docs and proof relationships across relocation
2026-10-09T08:07:36.0639547Z   ---
2026-10-09T08:07:36.0639767Z   duration_ms: 50057.9849
2026-10-09T08:07:36.0640018Z   type: 'test'
2026-10-09T08:07:36.0640234Z   ...
2026-10-09T08:07:36.0640818Z # Subtest: native extraction rejects forged reports, interface drift and ABI disagreement without releasing output
2026-10-09T08:07:36.0641400Z     # Subtest: failure
2026-10-09T08:07:36.0641980Z     ok 1 - failure
2026-10-09T08:07:36.0642360Z       ---
2026-10-09T08:07:36.0642690Z       duration_ms: 546.10678
2026-10-09T08:07:36.0643110Z       type: 'test'
2026-10-09T08:07:36.0643457Z       ...
2026-10-09T08:07:36.0643796Z     # Subtest: json
2026-10-09T08:07:36.0644166Z     ok 2 - json
2026-10-09T08:07:36.0644536Z       ---
2026-10-09T08:07:36.0644916Z       duration_ms: 518.937085
2026-10-09T08:07:36.0645351Z       type: 'test'
2026-10-09T08:07:36.0646125Z       ...
2026-10-09T08:07:36.0646561Z     # Subtest: identity
2026-10-09T08:07:36.0647004Z     ok 3 - identity
2026-10-09T08:07:36.0647667Z       ---
2026-10-09T08:07:36.0648093Z       duration_ms: 11833.332218
2026-10-09T08:07:36.0648563Z       type: 'test'
2026-10-09T08:07:36.0648951Z       ...
2026-10-09T08:07:36.0649309Z     # Subtest: source
2026-10-09T08:07:36.0649720Z     ok 4 - source
2026-10-09T08:07:36.0650091Z       ---
2026-10-09T08:07:36.0650513Z       duration_ms: 11663.630222
2026-10-09T08:07:36.0650976Z       type: 'test'
2026-10-09T08:07:36.0651357Z       ...
2026-10-09T08:07:36.0651997Z     # Subtest: sidecar
2026-10-09T08:07:36.0652477Z     ok 5 - sidecar
2026-10-09T08:07:36.0652872Z       ---
2026-10-09T08:07:36.0653296Z       duration_ms: 11740.342637
2026-10-09T08:07:36.0653783Z       type: 'test'
2026-10-09T08:07:36.0654161Z       ...
2026-10-09T08:07:36.0654556Z     # Subtest: late-sidecar
2026-10-09T08:07:36.0655022Z     ok 6 - late-sidecar
2026-10-09T08:07:36.0655443Z       ---
2026-10-09T08:07:36.0655887Z       duration_ms: 11702.47569
2026-10-09T08:07:36.0656365Z       type: 'test'
2026-10-09T08:07:36.0656767Z       ...
2026-10-09T08:07:36.0657157Z     # Subtest: alias-abi
2026-10-09T08:07:36.0657637Z     ok 7 - alias-abi
2026-10-09T08:07:36.0658047Z       ---
2026-10-09T08:07:36.0658458Z       duration_ms: 12067.988274
2026-10-09T08:07:36.0658932Z       type: 'test'
2026-10-09T08:07:36.0659300Z       ...
2026-10-09T08:07:36.0659648Z     # Subtest: abi
2026-10-09T08:07:36.0660013Z     ok 8 - abi
2026-10-09T08:07:36.0660403Z       ---
2026-10-09T08:07:36.0660823Z       duration_ms: 22769.985179
2026-10-09T08:07:36.0661320Z       type: 'test'
2026-10-09T08:07:36.0661978Z       ...
2026-10-09T08:07:36.0662397Z     # Subtest: cancel
2026-10-09T08:07:36.0662841Z     ok 9 - cancel
2026-10-09T08:07:36.0663242Z       ---
2026-10-09T08:07:36.0663621Z       duration_ms: 534.675438
2026-10-09T08:07:36.0664065Z       type: 'test'
2026-10-09T08:07:36.0664444Z       ...
2026-10-09T08:07:36.0664804Z     1..9
2026-10-09T08:07:36.0665901Z ok 5 - native extraction rejects forged reports, interface drift and ABI disagreement without releasing output
2026-10-09T08:07:36.0666865Z   ---
2026-10-09T08:07:36.0667220Z   duration_ms: 84482.081643
2026-10-09T08:07:36.0667651Z   type: 'test'
2026-10-09T08:07:36.0668002Z   ...
2026-10-09T08:07:36.0668734Z # Subtest: Perl CBuilder receives development headers without Nix build-role variables
2026-10-09T08:07:36.0669946Z ok 6 - Perl CBuilder receives development headers without Nix build-role variables
2026-10-09T08:07:36.0670622Z   ---
2026-10-09T08:07:36.0671068Z   duration_ms: 237.625617
2026-10-09T08:07:36.0671590Z   type: 'test'
2026-10-09T08:07:36.0672284Z   ...
2026-10-09T08:07:36.0673123Z # Subtest: shared configuration drives a compiled and installed native package
2026-10-09T08:07:36.0674110Z ok 7 - shared configuration drives a compiled and installed native package
2026-10-09T08:07:36.0674688Z   ---
2026-10-09T08:07:36.0674912Z   duration_ms: 52250.8079
2026-10-09T08:07:36.0675176Z   type: 'test'
2026-10-09T08:07:36.0675399Z   ...
2026-10-09T08:07:36.0675955Z # Subtest: CPAN completes every runtime ABI before pinning components and reproduces reversed selections
2026-10-09T08:07:36.0676825Z ok 8 - CPAN completes every runtime ABI before pinning components and reproduces reversed selections # SKIP
2026-10-09T08:07:36.0677335Z   ---
2026-10-09T08:07:36.0677556Z   duration_ms: 0.167804
2026-10-09T08:07:36.0677795Z   type: 'test'
2026-10-09T08:07:36.0678012Z   ...
2026-10-09T08:07:36.0678461Z # Subtest: Perl installs ordinary Lean packages through prebuilt and XS-only paths
2026-10-09T08:07:36.0679119Z ok 9 - Perl installs ordinary Lean packages through prebuilt and XS-only paths
2026-10-09T08:07:36.0679527Z   ---
2026-10-09T08:07:36.0679739Z   duration_ms: 145951.064135
2026-10-09T08:07:36.0680002Z   type: 'test'
2026-10-09T08:07:36.0680212Z   ...
2026-10-09T08:07:36.0680414Z # 1..183
2026-10-09T08:07:36.0681148Z # Subtest: fresh Lean metadata rejects unsupported or unreviewed exports before releasing native output
2026-10-09T08:07:36.0682384Z ok 10 - fresh Lean metadata rejects unsupported or unreviewed exports before releasing native output
2026-10-09T08:07:36.0683064Z   ---
2026-10-09T08:07:36.0683280Z   duration_ms: 83076.095517
2026-10-09T08:07:36.0683546Z   type: 'test'
2026-10-09T08:07:36.0683758Z   ...
2026-10-09T08:07:36.0683955Z 1..10
2026-10-09T08:07:36.0684149Z # tests 36
2026-10-09T08:07:36.0684358Z # suites 0
2026-10-09T08:07:36.0684568Z # pass 35
2026-10-09T08:07:36.0684764Z # fail 0
2026-10-09T08:07:36.0684974Z # cancelled 0
2026-10-09T08:07:36.0685186Z # skipped 1
2026-10-09T08:07:36.0685395Z # todo 0
2026-10-09T08:07:36.0685624Z # duration_ms 775709.544146
2026-10-09T08:07:36.0754315Z ##[group]Run export LEAN_BRIDGE_CORPUS_PERL="$PWD/.toolchains/perl/$CORPUS_PERL_CONFIGURATION/bin/perl"
2026-10-09T08:07:36.0755167Z [36;1mexport LEAN_BRIDGE_CORPUS_PERL="$PWD/.toolchains/perl/$CORPUS_PERL_CONFIGURATION/bin/perl"[0m
2026-10-09T08:07:36.0755678Z [36;1msource scripts/env.sh[0m
2026-10-09T08:07:36.0756293Z [36;1mnpm run test:type-corpus:perl && LEAN_BRIDGE_REVIEWED_NATIVE_PROFILES=perl node --test tests/type-corpus-reviewed-native.test.mjs[0m
2026-10-09T08:07:36.0757074Z [36;1mLEAN_BRIDGE_CHAR_PROFILES=perl node --test tests/native-char.test.mjs[0m
2026-10-09T08:07:36.0757630Z [36;1mLEAN_BRIDGE_WORD_PROFILES=perl node --test tests/native-words.test.mjs[0m
2026-10-09T08:07:36.0758209Z [36;1mLEAN_BRIDGE_PERL_CALLABLE_TEST=1 node --test tests/perl-callables.test.mjs[0m
2026-10-09T08:07:36.0758866Z [36;1mLEAN_BRIDGE_PERL_STRUCTURED_CALLABLE_TEST=1 node --test tests/perl-structured-callables.test.mjs[0m
2026-10-09T08:07:36.0759896Z [36;1mLEAN_BRIDGE_PERL_RECURSIVE_CALLABLE_TEST=1 node --test --test-concurrency=1 tests/perl-recursive-callables.test.mjs tests/perl-recursive-callable-contract.test.mjs[0m
2026-10-09T08:07:36.0760803Z [36;1mLEAN_BRIDGE_PERL_COMPOUND_TEST=1 node --test tests/perl-compounds.test.mjs[0m
2026-10-09T08:07:36.0761458Z [36;1mLEAN_BRIDGE_PERL_LIST_TEST=1 node --test tests/perl-lists.test.mjs tests/perl-list-contract.test.mjs[0m
2026-10-09T08:07:36.0762559Z [36;1mLEAN_BRIDGE_PERL_COLLECTION_TEST=1 node --test tests/perl-collections.test.mjs tests/perl-collection-contract.test.mjs[0m
2026-10-09T08:07:36.0763413Z [36;1mLEAN_BRIDGE_PERL_ALIAS_TEST=1 node --test tests/perl-aliases.test.mjs tests/perl-alias-contract.test.mjs[0m
2026-10-09T08:07:36.0764052Z [36;1mLEAN_BRIDGE_PERL_FIN_TEST=1 node --test tests/perl-fin.test.mjs[0m
2026-10-09T08:07:36.0764567Z [36;1mLEAN_BRIDGE_PERL_VARIANT_TEST=1 node --test tests/perl-variants.test.mjs[0m
2026-10-09T08:07:36.0765157Z [36;1mLEAN_BRIDGE_PERL_GRAPH_TEST=1 node --test tests/perl-copied-graph-values.test.mjs[0m
2026-10-09T08:07:36.0765958Z [36;1mLEAN_BRIDGE_PERL_GRAPH_CONVERSION_TEST=1 LEAN_BRIDGE_PERL_GRAPH_NATIVE_TEST=1 node --test tests/perl-copied-graph-conversions.test.mjs[0m
2026-10-09T08:07:36.0767191Z [36;1mLEAN_BRIDGE_PERL_GRAPH_PACKAGE_TEST=1 LEAN_BRIDGE_PERL_GRAPH_COLLISION_TEST=1 LEAN_BRIDGE_PERL_GRAPH_COMPOSITION_TEST=1 LEAN_BRIDGE_PERL_GRAPH_DOCUMENTATION_TEST=1 node --test tests/perl-graph-package.test.mjs[0m
2026-10-09T08:07:36.0768124Z [36;1mtest -s build/type-corpus/perl.json[0m
2026-10-09T08:07:36.0768509Z [36;1mtest -s build/type-corpus/reviewed-native-perl.json[0m
2026-10-09T08:07:36.0768912Z [36;1mtest -s build/structured-callables/perl.json[0m
2026-10-09T08:07:36.0769286Z [36;1mtest -s build/recursive-callables/perl.json[0m
2026-10-09T08:07:36.0769625Z [36;1mtest -s build/compounds/perl.json[0m
2026-10-09T08:07:36.0769934Z [36;1mtest -s build/lists/perl.json[0m
2026-10-09T08:07:36.0770247Z [36;1mtest -s build/collections/perl.json[0m
2026-10-09T08:07:36.0770564Z [36;1mtest -s build/aliases/perl.json[0m
2026-10-09T08:07:36.0770970Z [36;1mtest -s build/native-fin/perl.json[0m
2026-10-09T08:07:36.0771308Z [36;1mtest -s build/native-fin/perl-reviewed.json[0m
2026-10-09T08:07:36.0772107Z [36;1mLEAN_BRIDGE_SPECIALIZATION_PROFILES=perl node --test tests/native-specializations.test.mjs[0m
2026-10-09T08:07:36.0772679Z [36;1mtest -s build/native-specializations/perl.json[0m
2026-10-09T08:07:36.0773627Z [36;1mLEAN_BRIDGE_GENERIC_RECORD_PROFILES=perl node --test --test-name-pattern='relocated source-free native packages construct' tests/generic-records.test.mjs[0m
2026-10-09T08:07:36.0774385Z [36;1mtest -s build/generic-records/perl.json[0m
2026-10-09T08:07:36.0774773Z [36;1mtest -s build/generic-records/specialized-perl.json[0m
2026-10-09T08:07:36.0775623Z [36;1mLEAN_BRIDGE_FIN_CONTAINER_PROFILES=perl LEAN_BRIDGE_REVIEWED_FIN_CONTAINER_PROFILES=perl node --test tests/native-fin-containers.test.mjs tests/perl-fin-containers.test.mjs[0m
2026-10-09T08:07:36.0776615Z [36;1mtest -s build/native-fin-containers/perl.json[0m
2026-10-09T08:07:36.0777037Z [36;1mtest -s build/native-fin-containers/reviewed-perl.json[0m
2026-10-09T08:07:36.0777740Z [36;1mLEAN_BRIDGE_FIN_PRODUCT_PROFILES=perl LEAN_BRIDGE_REVIEWED_FIN_PRODUCT_PROFILES=perl node --test tests/native-fin-products.test.mjs[0m
2026-10-09T08:07:36.0778412Z [36;1mtest -s build/native-fin-products/perl.json[0m
2026-10-09T08:07:36.0778813Z [36;1mtest -s build/native-fin-products/reviewed-perl.json[0m
2026-10-09T08:07:36.0779566Z [36;1mLEAN_BRIDGE_FIN_PRODUCT_ARRAY_PROFILES=perl LEAN_BRIDGE_REVIEWED_FIN_PRODUCT_ARRAY_PROFILES=perl node --test tests/native-fin-product-arrays.test.mjs[0m
2026-10-09T08:07:36.0780325Z [36;1mtest -s build/native-fin-product-arrays/perl.json[0m
2026-10-09T08:07:36.0780771Z [36;1mtest -s build/native-fin-product-arrays/reviewed-perl.json[0m
2026-10-09T08:07:36.0781488Z [36;1mLEAN_BRIDGE_FIN_RECORD_PROFILES=perl LEAN_BRIDGE_REVIEWED_FIN_RECORD_PROFILES=perl node --test tests/native-fin-records.test.mjs[0m
2026-10-09T08:07:36.0782381Z [36;1mtest -s build/native-fin-records/perl.json[0m
2026-10-09T08:07:36.0782771Z [36;1mtest -s build/native-fin-records/reviewed-perl.json[0m
2026-10-09T08:07:36.0783267Z [36;1mLEAN_BRIDGE_SUBTYPE_PROFILES=perl node --test tests/native-subtype.test.mjs[0m
2026-10-09T08:07:36.0783742Z [36;1mtest -s build/native-subtype/perl.json[0m
2026-10-09T08:07:36.0784214Z [36;1mLEAN_BRIDGE_PERL_REFINEMENT_TEST=1 node --test tests/perl-refinements.test.mjs[0m
2026-10-09T08:07:36.0784691Z [36;1mtest -s build/perl-refinements/perl.json[0m
2026-10-09T08:07:36.0785034Z [36;1mtest -s build/variants/perl.json[0m
2026-10-09T08:07:36.0785361Z [36;1mtest -s build/recursive/perl-values.json[0m
2026-10-09T08:07:36.0785723Z [36;1mtest -s build/recursive/perl-conversions.json[0m
2026-10-09T08:07:36.0786086Z [36;1mtest -s build/recursive/perl-native.json[0m
2026-10-09T08:07:36.0786433Z [36;1mtest -s build/recursive/perl-packages.json[0m
2026-10-09T08:07:36.0786837Z [36;1mtest -s build/recursive/perl-component-collision.json[0m
2026-10-09T08:07:36.0787245Z [36;1mtest -s build/recursive/perl-composition.json[0m
2026-10-09T08:07:36.0787622Z [36;1mtest -s build/recursive/perl-documentation.json[0m
2026-10-09T08:07:36.0852013Z shell: /usr/bin/bash -e {0}
2026-10-09T08:07:36.0852298Z env:
2026-10-09T08:07:36.0852541Z   CORPUS_PERL_CONFIGURATION: 5.36.3-threaded
2026-10-09T08:07:36.0852857Z ##[endgroup]
2026-10-09T08:07:36.1901779Z 
2026-10-09T08:07:36.1902905Z > @lean-wasm/bridge-poc@0.0.0-poc test:type-corpus:perl
2026-10-09T08:07:36.1904077Z > LEAN_BRIDGE_TYPE_CORPUS_PROFILES=perl node --test tests/type-corpus.test.mjs
2026-10-09T08:07:36.1904745Z 
2026-10-09T08:07:36.2384665Z TAP version 13
2026-10-09T08:07:39.9288531Z # Subtest: corpus cases cover two renamed nested libraries, valid positions and explicit host errors
2026-10-09T08:07:39.9299066Z ok 1 - corpus cases cover two renamed nested libraries, valid positions and explicit host errors
2026-10-09T08:07:39.9299941Z   ---
2026-10-09T08:07:39.9300500Z   duration_ms: 28.047925
2026-10-09T08:07:39.9301020Z   type: 'test'
2026-10-09T08:07:39.9301463Z   ...
2026-10-09T08:07:41.1023937Z # Subtest: corpus identity binds the cases, consumers, Lean sources, oracles and harness
2026-10-09T08:07:41.1028235Z ok 2 - corpus identity binds the cases, consumers, Lean sources, oracles and harness
2026-10-09T08:07:41.1103107Z   ---
2026-10-09T08:07:41.1206022Z   duration_ms: 86.443918
2026-10-09T08:07:41.1207681Z   type: 'test'
2026-10-09T08:07:41.1208166Z   ...
2026-10-09T08:07:41.1209019Z # Subtest: every inventoried profile and position remains a gap without executed cases
2026-10-09T08:07:41.1210268Z ok 3 - every inventoried profile and position remains a gap without executed cases
2026-10-09T08:07:41.1211074Z   ---
2026-10-09T08:07:41.1211536Z   duration_ms: 214.134591
2026-10-09T08:07:41.1212541Z   type: 'test'
2026-10-09T08:07:41.1213057Z   ...
2026-10-09T08:07:41.1214543Z # Subtest: validator-only observations cannot cross source paths, profiles or uncovered positions
2026-10-09T08:07:41.1216152Z ok 4 - validator-only observations cannot cross source paths, profiles or uncovered positions
2026-10-09T08:07:41.1322855Z   ---
2026-10-09T08:07:41.1392719Z   duration_ms: 116.804634
2026-10-09T08:07:41.1472983Z   type: 'test'
2026-10-09T08:07:41.1506303Z   ...
2026-10-09T08:07:41.1572800Z # Subtest: corpus report rejects missing case
2026-10-09T08:07:41.1662697Z ok 5 - corpus report rejects missing case
2026-10-09T08:07:41.1721244Z   ---
2026-10-09T08:07:41.1733463Z   duration_ms: 1.677506
2026-10-09T08:07:41.1734196Z   type: 'test'
2026-10-09T08:07:41.1734751Z   ...
2026-10-09T08:07:41.1735444Z # Subtest: corpus report rejects duplicate case
2026-10-09T08:07:41.1736394Z ok 6 - corpus report rejects duplicate case
2026-10-09T08:07:41.1737072Z   ---
2026-10-09T08:07:41.1737534Z   duration_ms: 1.621361
2026-10-09T08:07:41.1738043Z   type: 'test'
2026-10-09T08:07:41.1738492Z   ...
2026-10-09T08:07:41.1739077Z # Subtest: corpus report rejects extra case
2026-10-09T08:07:41.1739844Z ok 7 - corpus report rejects extra case
2026-10-09T08:07:41.1740480Z   ---
2026-10-09T08:07:41.1741015Z   duration_ms: 0.713844
2026-10-09T08:07:41.1741595Z   type: 'test'
2026-10-09T08:07:41.1742360Z   ...
2026-10-09T08:07:41.1743115Z # Subtest: corpus report rejects wrong value
2026-10-09T08:07:41.1744014Z ok 8 - corpus report rejects wrong value
2026-10-09T08:07:41.1744857Z   ---
2026-10-09T08:07:41.1745388Z   duration_ms: 0.906104
2026-10-09T08:07:41.1745965Z   type: 'test'
2026-10-09T08:07:41.1746538Z   ...
2026-10-09T08:07:41.1747284Z # Subtest: corpus report rejects wrong consumer profile
2026-10-09T08:07:41.1748266Z ok 9 - corpus report rejects wrong consumer profile
2026-10-09T08:07:41.1748988Z   ---
2026-10-09T08:07:41.1749539Z   duration_ms: 0.769379
2026-10-09T08:07:41.1750116Z   type: 'test'
2026-10-09T08:07:41.1750582Z   ...
2026-10-09T08:07:41.1751162Z # Subtest: corpus report rejects wrong module
2026-10-09T08:07:41.1752177Z ok 10 - corpus report rejects wrong module
2026-10-09T08:07:41.1752798Z   ---
2026-10-09T08:07:41.1753293Z   duration_ms: 1.003006
2026-10-09T08:07:41.1753823Z   type: 'test'
2026-10-09T08:07:41.1754351Z   ...
2026-10-09T08:07:41.1755023Z # Subtest: corpus report rejects unverified copy
2026-10-09T08:07:41.1755871Z ok 11 - corpus report rejects unverified copy
2026-10-09T08:07:41.1756490Z   ---
2026-10-09T08:07:41.1756983Z   duration_ms: 4.497458
2026-10-09T08:07:41.1757522Z   type: 'test'
2026-10-09T08:07:41.1758046Z   ...
2026-10-09T08:07:41.1758806Z # Subtest: corpus report rejects wrong host error
2026-10-09T08:07:41.1759633Z ok 12 - corpus report rejects wrong host error
2026-10-09T08:07:41.1760289Z   ---
2026-10-09T08:07:41.1760787Z   duration_ms: 1.423651
2026-10-09T08:07:41.1761346Z   type: 'test'
2026-10-09T08:07:41.1762059Z   ...
2026-10-09T08:07:41.1762771Z # Subtest: corpus report rejects failed recovery
2026-10-09T08:07:41.1763594Z ok 13 - corpus report rejects failed recovery
2026-10-09T08:07:41.1764268Z   ---
2026-10-09T08:07:41.1764781Z   duration_ms: 1.120625
2026-10-09T08:07:41.1765324Z   type: 'test'
2026-10-09T08:07:41.1765810Z   ...
2026-10-09T08:07:41.1766505Z # Subtest: corpus report rejects missing oracle result
2026-10-09T08:07:41.1767396Z ok 14 - corpus report rejects missing oracle result
2026-10-09T08:07:41.1768070Z   ---
2026-10-09T08:07:41.1768575Z   duration_ms: 0.797731
2026-10-09T08:07:41.1769652Z   type: 'test'
2026-10-09T08:07:41.1770315Z   ...
2026-10-09T08:07:41.1770986Z # Subtest: corpus report rejects extra oracle result
2026-10-09T08:07:41.1772031Z ok 15 - corpus report rejects extra oracle result
2026-10-09T08:07:41.1772749Z   ---
2026-10-09T08:07:41.1773268Z   duration_ms: 0.964373
2026-10-09T08:07:41.1773845Z   type: 'test'
2026-10-09T08:07:41.1774417Z   ...
2026-10-09T08:07:41.1775095Z # Subtest: corpus report rejects unknown adapter
2026-10-09T08:07:41.1775896Z ok 16 - corpus report rejects unknown adapter
2026-10-09T08:07:41.1776688Z   ---
2026-10-09T08:07:41.1777571Z   duration_ms: 6.794563
2026-10-09T08:07:41.1778015Z   type: 'test'
2026-10-09T08:07:41.1778379Z   ...
2026-10-09T08:07:41.1779289Z # Subtest: corpus report rejects unimplemented source path
2026-10-09T08:07:41.1780152Z ok 17 - corpus report rejects unimplemented source path
2026-10-09T08:07:41.1780714Z   ---
2026-10-09T08:07:41.1781059Z   duration_ms: 0.736136
2026-10-09T08:07:41.1781456Z   type: 'test'
2026-10-09T08:07:41.1782142Z   ...
2026-10-09T08:07:41.1782662Z # Subtest: corpus report rejects unknown library
2026-10-09T08:07:41.1783351Z ok 18 - corpus report rejects unknown library
2026-10-09T08:07:41.1783854Z   ---
2026-10-09T08:07:41.1784188Z   duration_ms: 0.487211
2026-10-09T08:07:41.1784582Z   type: 'test'
2026-10-09T08:07:41.1784916Z   ...
2026-10-09T08:07:41.1785472Z # Subtest: corpus report rejects missing runtime identity
2026-10-09T08:07:41.1786260Z ok 19 - corpus report rejects missing runtime identity
2026-10-09T08:07:41.1786786Z   ---
2026-10-09T08:07:41.1787124Z   duration_ms: 0.511246
2026-10-09T08:07:41.1787514Z   type: 'test'
2026-10-09T08:07:41.1787851Z   ...
2026-10-09T08:07:41.1788368Z # Subtest: corpus report rejects invalid archive hash
2026-10-09T08:07:41.1789093Z ok 20 - corpus report rejects invalid archive hash
2026-10-09T08:07:41.1789603Z   ---
2026-10-09T08:07:41.1789925Z   duration_ms: 0.471522
2026-10-09T08:07:41.1790307Z   type: 'test'
2026-10-09T08:07:41.1790634Z   ...
2026-10-09T08:07:41.1791240Z # Subtest: corpus report rejects different archive hash
2026-10-09T08:07:41.1792957Z ok 21 - corpus report rejects different archive hash
2026-10-09T08:07:41.1793544Z   ---
2026-10-09T08:07:41.1793876Z   duration_ms: 0.519201
2026-10-09T08:07:41.1794291Z   type: 'test'
2026-10-09T08:07:41.1794666Z   ...
2026-10-09T08:07:41.1795190Z # Subtest: corpus report rejects wrong archive target
2026-10-09T08:07:41.1795953Z ok 22 - corpus report rejects wrong archive target
2026-10-09T08:07:41.1796500Z   ---
2026-10-09T08:07:41.1796830Z   duration_ms: 0.47606
2026-10-09T08:07:41.1797219Z   type: 'test'
2026-10-09T08:07:41.1797597Z   ...
2026-10-09T08:07:41.1798302Z # Subtest: corpus report rejects cross-profile observation
2026-10-09T08:07:41.1799156Z ok 23 - corpus report rejects cross-profile observation
2026-10-09T08:07:41.1799726Z   ---
2026-10-09T08:07:41.1800057Z   duration_ms: 0.847825
2026-10-09T08:07:41.1800438Z   type: 'test'
2026-10-09T08:07:41.1800804Z   ...
2026-10-09T08:07:41.1801443Z # Subtest: corpus report rejects incorrect floating-point bits
2026-10-09T08:07:41.1802555Z ok 24 - corpus report rejects incorrect floating-point bits
2026-10-09T08:07:41.1803084Z   ---
2026-10-09T08:07:41.1803414Z   duration_ms: 0.982487
2026-10-09T08:07:41.1803834Z   type: 'test'
2026-10-09T08:07:41.1804167Z   ...
2026-10-09T08:07:41.1804760Z # Subtest: corpus report rejects missing declaration evidence
2026-10-09T08:07:41.1805612Z ok 25 - corpus report rejects missing declaration evidence
2026-10-09T08:07:41.1806202Z   ---
2026-10-09T08:07:41.1806589Z   duration_ms: 0.667769
2026-10-09T08:07:41.1807096Z   type: 'test'
2026-10-09T08:07:41.1807419Z   ...
2026-10-09T08:07:41.1807949Z # Subtest: corpus report rejects wrong declaration type
2026-10-09T08:07:41.1808743Z ok 26 - corpus report rejects wrong declaration type
2026-10-09T08:07:41.1809332Z   ---
2026-10-09T08:07:41.1809761Z   duration_ms: 1.051075
2026-10-09T08:07:41.1810182Z   type: 'test'
2026-10-09T08:07:41.1810546Z   ...
2026-10-09T08:07:41.1812510Z # Subtest: the corpus rejects duplicate runs and accepts only complete observations
2026-10-09T08:07:41.1813787Z ok 27 - the corpus rejects duplicate runs and accepts only complete observations
2026-10-09T08:07:41.1814547Z   ---
2026-10-09T08:07:41.1814926Z   duration_ms: 4.212465
2026-10-09T08:07:41.1815374Z   type: 'test'
2026-10-09T08:07:41.1815733Z   ...
2026-10-09T08:07:41.1816551Z # Subtest: explicit corpus selections reject absent, misspelled and duplicate adapters
2026-10-09T08:07:41.1817775Z ok 28 - explicit corpus selections reject absent, misspelled and duplicate adapters
2026-10-09T08:07:41.1818762Z   ---
2026-10-09T08:07:41.1819111Z   duration_ms: 0.549738
2026-10-09T08:07:41.1819503Z   type: 'test'
2026-10-09T08:07:41.1819837Z   ...
2026-10-09T08:07:41.1820613Z # Subtest: the shared inputs cover all sixteen primitive parameter/result positions
2026-10-09T08:07:41.1822111Z ok 29 - the shared inputs cover all sixteen primitive parameter/result positions
2026-10-09T08:07:41.1822841Z   ---
2026-10-09T08:07:41.1823188Z   duration_ms: 128.603823
2026-10-09T08:07:41.1823597Z   type: 'test'
2026-10-09T08:07:41.1823942Z   ...
2026-10-09T08:07:41.1824776Z # Subtest: Perl numeric acceptance uses fresh Lean results without weakening other profiles
2026-10-09T08:07:41.1826054Z ok 30 - Perl numeric acceptance uses fresh Lean results without weakening other profiles
2026-10-09T08:07:41.1826801Z   ---
2026-10-09T08:07:41.1827141Z   duration_ms: 1.272308
2026-10-09T08:07:41.1827529Z   type: 'test'
2026-10-09T08:07:41.1827863Z   ...
2026-10-09T08:07:41.1828712Z # Subtest: Perl observations bind the separate runtime archive and compiled interpreter ABI
2026-10-09T08:07:41.1829987Z ok 31 - Perl observations bind the separate runtime archive and compiled interpreter ABI
2026-10-09T08:07:41.1830753Z   ---
2026-10-09T08:07:41.1831079Z   duration_ms: 9.913503
2026-10-09T08:07:41.1831468Z   type: 'test'
2026-10-09T08:07:41.1832034Z   ...
2026-10-09T08:07:41.1832877Z # Subtest: declaration evidence checks names, nested fields and type positions separately
2026-10-09T08:07:41.1834141Z ok 32 - declaration evidence checks names, nested fields and type positions separately
2026-10-09T08:07:41.1834888Z   ---
2026-10-09T08:07:41.1835222Z   duration_ms: 4.91005
2026-10-09T08:07:41.1835608Z   type: 'test'
2026-10-09T08:07:41.1835953Z   ...
2026-10-09T08:07:41.1836698Z # Subtest: profile-specific host errors cannot be borrowed from another adapter
2026-10-09T08:07:41.1837816Z ok 33 - profile-specific host errors cannot be borrowed from another adapter
2026-10-09T08:07:41.1838503Z   ---
2026-10-09T08:07:41.1838845Z   duration_ms: 2.354833
2026-10-09T08:07:41.1839230Z   type: 'test'
2026-10-09T08:07:41.1839563Z   ...
2026-10-09T08:07:41.1840250Z # Subtest: Node profiles keep unsupported array and record cases as gaps
2026-10-09T08:07:41.1841245Z ok 34 - Node profiles keep unsupported array and record cases as gaps
2026-10-09T08:07:41.1842063Z   ---
2026-10-09T08:07:41.1842401Z   duration_ms: 255.625868
2026-10-09T08:07:41.1842818Z   type: 'test'
2026-10-09T08:07:41.1843157Z   ...
2026-10-09T08:07:41.1843995Z # Subtest: strict TypeScript uses the installed public API and independent exact signatures
2026-10-09T08:07:41.1845264Z ok 35 - strict TypeScript uses the installed public API and independent exact signatures
2026-10-09T08:07:41.1846026Z   ---
2026-10-09T08:07:41.1846359Z   duration_ms: 10.575702
2026-10-09T08:07:41.1846756Z   type: 'test'
2026-10-09T08:07:41.1847094Z   ...
2026-10-09T08:07:41.1847800Z # Subtest: browser engine selections are explicit and never silently skipped
2026-10-09T08:07:41.1848859Z ok 36 - browser engine selections are explicit and never silently skipped
2026-10-09T08:07:41.1849596Z   ---
2026-10-09T08:07:41.1849931Z   duration_ms: 0.593139
2026-10-09T08:07:41.1850315Z   type: 'test'
2026-10-09T08:07:41.1850645Z   ...
2026-10-09T08:07:41.1851575Z # Subtest: browser profiles require every selected engine and retain unsupported projections as gaps
2026-10-09T08:07:41.1853184Z ok 37 - browser profiles require every selected engine and retain unsupported projections as gaps
2026-10-09T08:07:41.1854282Z   ---
2026-10-09T08:07:41.1854620Z   duration_ms: 139.082352
2026-10-09T08:07:41.1855033Z   type: 'test'
2026-10-09T08:07:41.1855372Z   ...
2026-10-09T08:07:41.1855878Z # Subtest: browser corpus rejects missing evidence
2026-10-09T08:07:41.1856588Z ok 38 - browser corpus rejects missing evidence
2026-10-09T08:07:41.1857102Z   ---
2026-10-09T08:07:41.1857436Z   duration_ms: 6.916992
2026-10-09T08:07:41.1857822Z   type: 'test'
2026-10-09T08:07:41.1858164Z   ...
2026-10-09T08:07:41.1858834Z # Subtest: browser corpus rejects duplicate engine
2026-10-09T08:07:41.1859552Z ok 39 - browser corpus rejects duplicate engine
2026-10-09T08:07:41.1860061Z   ---
2026-10-09T08:07:41.1860394Z   duration_ms: 1.59377
2026-10-09T08:07:41.1860773Z   type: 'test'
2026-10-09T08:07:41.1861106Z   ...
2026-10-09T08:07:41.1861601Z # Subtest: browser corpus rejects missing engine
2026-10-09T08:07:41.1862576Z ok 40 - browser corpus rejects missing engine
2026-10-09T08:07:41.1863100Z   ---
2026-10-09T08:07:41.1863438Z   duration_ms: 1.889943
2026-10-09T08:07:41.1863831Z   type: 'test'
2026-10-09T08:07:41.1864168Z   ...
2026-10-09T08:07:41.1864703Z # Subtest: browser corpus rejects missing StrictMode
2026-10-09T08:07:41.1865428Z ok 41 - browser corpus rejects missing StrictMode
2026-10-09T08:07:41.1865945Z   ---
2026-10-09T08:07:41.1866284Z   duration_ms: 1.817247
2026-10-09T08:07:41.1866668Z   type: 'test'
2026-10-09T08:07:41.1867005Z   ...
2026-10-09T08:07:41.1867534Z # Subtest: browser corpus rejects duplicate execution
2026-10-09T08:07:41.1868283Z ok 42 - browser corpus rejects duplicate execution
2026-10-09T08:07:41.1868809Z   ---
2026-10-09T08:07:41.1869143Z   duration_ms: 2.83526
2026-10-09T08:07:41.1869522Z   type: 'test'
2026-10-09T08:07:41.1869853Z   ...
2026-10-09T08:07:41.1870387Z # Subtest: browser corpus rejects wrong browser result
2026-10-09T08:07:41.1871122Z ok 43 - browser corpus rejects wrong browser result
2026-10-09T08:07:41.1872015Z   ---
2026-10-09T08:07:41.1872484Z   duration_ms: 2.907005
2026-10-09T08:07:41.1873200Z   type: 'test'
2026-10-09T08:07:41.1903731Z   ...
2026-10-09T08:07:41.1904541Z # Subtest: browser corpus rejects wrong profile
2026-10-09T08:07:41.1905550Z ok 44 - browser corpus rejects wrong profile
2026-10-09T08:07:41.1906328Z   ---
2026-10-09T08:07:41.1906823Z   duration_ms: 7.081517
2026-10-09T08:07:41.1907401Z   type: 'test'
2026-10-09T08:07:41.1907899Z   ...
2026-10-09T08:07:41.1908824Z # Subtest: browser corpus rejects window standing in for worker
2026-10-09T08:07:41.1910087Z ok 45 - browser corpus rejects window standing in for worker
2026-10-09T08:07:41.1910960Z   ---
2026-10-09T08:07:41.1911436Z   duration_ms: 2.77615
2026-10-09T08:07:41.1912344Z   type: 'test'
2026-10-09T08:07:41.1912880Z   ...
2026-10-09T08:07:41.1913585Z # Subtest: browser corpus rejects mismatched primary result
2026-10-09T08:07:41.1914513Z ok 46 - browser corpus rejects mismatched primary result
2026-10-09T08:07:41.1915180Z   ---
2026-10-09T08:07:41.1915573Z   duration_ms: 3.584301
2026-10-09T08:07:41.1916057Z   type: 'test'
2026-10-09T08:07:41.1916525Z   ...
2026-10-09T08:07:41.1917151Z # Subtest: browser corpus rejects wrong WASM digest
2026-10-09T08:07:41.1918009Z ok 47 - browser corpus rejects wrong WASM digest
2026-10-09T08:07:41.1918700Z   ---
2026-10-09T08:07:41.1919074Z   duration_ms: 2.667918
2026-10-09T08:07:41.1919464Z   type: 'test'
2026-10-09T08:07:41.1919818Z   ...
2026-10-09T08:07:41.1920360Z # Subtest: browser corpus rejects wrong WASM MIME
2026-10-09T08:07:41.1921105Z ok 48 - browser corpus rejects wrong WASM MIME
2026-10-09T08:07:41.1922507Z   ---
2026-10-09T08:07:41.1922943Z   duration_ms: 2.581616
2026-10-09T08:07:41.1923470Z   type: 'test'
2026-10-09T08:07:41.1923897Z   ...
2026-10-09T08:07:41.1924558Z # Subtest: browser corpus rejects wrong deployment prefix
2026-10-09T08:07:41.1925414Z ok 49 - browser corpus rejects wrong deployment prefix
2026-10-09T08:07:41.1925954Z   ---
2026-10-09T08:07:41.1926299Z   duration_ms: 3.365021
2026-10-09T08:07:41.1927258Z   type: 'test'
2026-10-09T08:07:41.1927617Z   ...
2026-10-09T08:07:41.1928178Z # Subtest: browser corpus rejects missing runtime fetch
2026-10-09T08:07:41.1928932Z ok 50 - browser corpus rejects missing runtime fetch
2026-10-09T08:07:41.1929465Z   ---
2026-10-09T08:07:41.1929777Z   duration_ms: 4.497999
2026-10-09T08:07:41.1930158Z   type: 'test'
2026-10-09T08:07:41.1930467Z   ...
2026-10-09T08:07:41.1930962Z # Subtest: browser corpus rejects unbound deployment
2026-10-09T08:07:41.1931938Z ok 51 - browser corpus rejects unbound deployment
2026-10-09T08:07:41.1932720Z   ---
2026-10-09T08:07:41.1933107Z   duration_ms: 1.653502
2026-10-09T08:07:41.1933506Z   type: 'test'
2026-10-09T08:07:41.1933855Z   ...
2026-10-09T08:07:41.1934398Z # Subtest: browser corpus rejects source tree present
2026-10-09T08:07:41.1935138Z ok 52 - browser corpus rejects source tree present
2026-10-09T08:07:41.1935638Z   ---
2026-10-09T08:07:41.1935977Z   duration_ms: 1.152996
2026-10-09T08:07:41.1936350Z   type: 'test'
2026-10-09T08:07:41.1936696Z   ...
2026-10-09T08:07:41.1937197Z # Subtest: browser corpus rejects network access
2026-10-09T08:07:41.1937790Z ok 53 - browser corpus rejects network access
2026-10-09T08:07:41.1938243Z   ---
2026-10-09T08:07:41.1938549Z   duration_ms: 1.10724
2026-10-09T08:07:41.1938966Z   type: 'test'
2026-10-09T08:07:41.1939326Z   ...
2026-10-09T08:07:41.1939904Z # Subtest: browser corpus rejects missing React framework
2026-10-09T08:07:41.1940693Z ok 54 - browser corpus rejects missing React framework
2026-10-09T08:07:41.1941256Z   ---
2026-10-09T08:07:41.1941601Z   duration_ms: 1.466441
2026-10-09T08:07:41.1942182Z   type: 'test'
2026-10-09T08:07:41.1942555Z   ...
2026-10-09T08:07:41.1943141Z # Subtest: browser corpus rejects missing public API import
2026-10-09T08:07:41.1943891Z ok 55 - browser corpus rejects missing public API import
2026-10-09T08:07:41.1944386Z   ---
2026-10-09T08:07:41.1944692Z   duration_ms: 1.294089
2026-10-09T08:07:41.1945051Z   type: 'test'
2026-10-09T08:07:41.1945391Z   ...
2026-10-09T08:07:41.1945961Z # Subtest: browser corpus rejects missing asset recovery
2026-10-09T08:07:41.1946700Z ok 56 - browser corpus rejects missing asset recovery
2026-10-09T08:07:41.1947215Z   ---
2026-10-09T08:07:41.1947527Z   duration_ms: 1.543355
2026-10-09T08:07:41.1947902Z   type: 'test'
2026-10-09T08:07:41.1948227Z   ...
2026-10-09T08:07:41.1948807Z # Subtest: browser corpus rejects stale React effect
2026-10-09T08:07:41.1949482Z ok 57 - browser corpus rejects stale React effect
2026-10-09T08:07:41.1950016Z   ---
2026-10-09T08:07:41.1950368Z   duration_ms: 2.220201
2026-10-09T08:07:41.1950754Z   type: 'test'
2026-10-09T08:07:41.1951071Z   ...
2026-10-09T08:07:41.1951578Z # Subtest: browser corpus rejects pending React unmount
2026-10-09T08:07:41.1952661Z ok 58 - browser corpus rejects pending React unmount
2026-10-09T08:07:41.1953153Z   ---
2026-10-09T08:07:41.1953463Z   duration_ms: 4.017981
2026-10-09T08:07:41.1953859Z   type: 'test'
2026-10-09T08:07:41.1954215Z   ...
2026-10-09T08:07:41.1954710Z # Subtest: browser corpus rejects leaked worker
2026-10-09T08:07:41.1955370Z ok 59 - browser corpus rejects leaked worker
2026-10-09T08:07:41.1955856Z   ---
2026-10-09T08:07:41.1956205Z   duration_ms: 2.458786
2026-10-09T08:07:41.1956591Z   type: 'test'
2026-10-09T08:07:41.1956931Z   ...
2026-10-09T08:07:41.1957669Z # Subtest: Rust records compiler rejection separately from executed public calls
2026-10-09T08:07:41.1958779Z ok 60 - Rust records compiler rejection separately from executed public calls
2026-10-09T08:07:41.1959469Z   ---
2026-10-09T08:07:41.1959811Z   duration_ms: 129.481544
2026-10-09T08:07:41.1960207Z   type: 'test'
2026-10-09T08:07:41.1960540Z   ...
2026-10-09T08:07:44.3703475Z # Subtest: Rust compile-rejection evidence retains JSON beyond the display-tail limit
2026-10-09T08:07:44.3733083Z ok 61 - Rust compile-rejection evidence retains JSON beyond the display-tail limit
2026-10-09T08:07:44.3762280Z   ---
2026-10-09T08:07:44.3792280Z   duration_ms: 108.758875
2026-10-09T08:07:44.3804629Z   type: 'test'
2026-10-09T08:07:44.3852989Z   ...
2026-10-09T08:07:44.3862999Z # Subtest: Rust callers use independent typed signatures, borrowed inputs and owned results
2026-10-09T08:07:44.3893094Z ok 62 - Rust callers use independent typed signatures, borrowed inputs and owned results
2026-10-09T08:07:44.3928416Z   ---
2026-10-09T08:07:44.3942919Z   duration_ms: 4.796046
2026-10-09T08:07:44.3958584Z   type: 'test'
2026-10-09T08:07:44.3972697Z   ...
2026-10-09T08:07:44.3989552Z # Subtest: Rust corpus rejects missing compiler evidence
2026-10-09T08:07:44.3990845Z ok 63 - Rust corpus rejects missing compiler evidence
2026-10-09T08:07:44.3991428Z   ---
2026-10-09T08:07:44.3992052Z   duration_ms: 2.938203
2026-10-09T08:07:44.3992472Z   type: 'test'
2026-10-09T08:07:44.3992811Z   ...
2026-10-09T08:07:44.3993362Z # Subtest: Rust corpus rejects wrong compiler version
2026-10-09T08:07:44.3994106Z ok 64 - Rust corpus rejects wrong compiler version
2026-10-09T08:07:44.3994645Z   ---
2026-10-09T08:07:44.3994987Z   duration_ms: 3.013905
2026-10-09T08:07:44.3995372Z   type: 'test'
2026-10-09T08:07:44.3995719Z   ...
2026-10-09T08:07:44.3996260Z # Subtest: Rust corpus rejects unbound consumer source
2026-10-09T08:07:44.3997006Z ok 65 - Rust corpus rejects unbound consumer source
2026-10-09T08:07:44.3997524Z   ---
2026-10-09T08:07:44.3997858Z   duration_ms: 5.049661
2026-10-09T08:07:44.3998242Z   type: 'test'
2026-10-09T08:07:44.3998581Z   ...
2026-10-09T08:07:44.3999088Z # Subtest: Rust corpus rejects unchecked signatures
2026-10-09T08:07:44.3999796Z ok 66 - Rust corpus rejects unchecked signatures
2026-10-09T08:07:44.4000312Z   ---
2026-10-09T08:07:44.4000639Z   duration_ms: 5.293636
2026-10-09T08:07:44.4001023Z   type: 'test'
2026-10-09T08:07:44.4001350Z   ...
2026-10-09T08:07:44.4002071Z # Subtest: Rust corpus rejects wrong binding IR
2026-10-09T08:07:44.4002743Z ok 67 - Rust corpus rejects wrong binding IR
2026-10-09T08:07:44.4003225Z   ---
2026-10-09T08:07:44.4003794Z   duration_ms: 2.108742
2026-10-09T08:07:44.4004274Z   type: 'test'
2026-10-09T08:07:44.4004760Z   ...
2026-10-09T08:07:44.4005426Z # Subtest: Rust corpus rejects warm global cache
2026-10-09T08:07:44.4006198Z ok 68 - Rust corpus rejects warm global cache
2026-10-09T08:07:44.4006760Z   ---
2026-10-09T08:07:44.4007114Z   duration_ms: 3.752184
2026-10-09T08:07:44.4007578Z   type: 'test'
2026-10-09T08:07:44.4007939Z   ...
2026-10-09T08:07:44.4008488Z # Subtest: Rust corpus rejects online installation
2026-10-09T08:07:44.4009211Z ok 69 - Rust corpus rejects online installation
2026-10-09T08:07:44.4032668Z   ---
2026-10-09T08:07:44.4035171Z   duration_ms: 3.372696
2026-10-09T08:07:44.4052653Z   type: 'test'
2026-10-09T08:07:44.4053196Z   ...
2026-10-09T08:07:44.4054076Z # Subtest: Rust corpus rejects remaining source tree
2026-10-09T08:07:44.4054982Z ok 70 - Rust corpus rejects remaining source tree
2026-10-09T08:07:44.4055673Z   ---
2026-10-09T08:07:44.4056158Z   duration_ms: 5.924966
2026-10-09T08:07:44.4056700Z   type: 'test'
2026-10-09T08:07:44.4057196Z   ...
2026-10-09T08:07:44.4057880Z # Subtest: Rust corpus rejects missing exact integers
2026-10-09T08:07:44.4058754Z ok 71 - Rust corpus rejects missing exact integers
2026-10-09T08:07:44.4059445Z   ---
2026-10-09T08:07:44.4059928Z   duration_ms: 5.402099
2026-10-09T08:07:44.4060460Z   type: 'test'
2026-10-09T08:07:44.4060936Z   ...
2026-10-09T08:07:44.4061607Z # Subtest: Rust corpus rejects duplicate dependency
2026-10-09T08:07:44.4062868Z ok 72 - Rust corpus rejects duplicate dependency
2026-10-09T08:07:44.4063535Z   ---
2026-10-09T08:07:44.4064046Z   duration_ms: 5.03894
2026-10-09T08:07:44.4064608Z   type: 'test'
2026-10-09T08:07:44.4065085Z   ...
2026-10-09T08:07:44.4065733Z # Subtest: Rust corpus rejects unhashed executable
2026-10-09T08:07:44.4066574Z ok 73 - Rust corpus rejects unhashed executable
2026-10-09T08:07:44.4067219Z   ---
2026-10-09T08:07:44.4067691Z   duration_ms: 4.182329
2026-10-09T08:07:44.4068215Z   type: 'test'
2026-10-09T08:07:44.4068689Z   ...
2026-10-09T08:07:44.4069822Z # Subtest: Rust corpus rejects missing cleanup
2026-10-09T08:07:44.4070632Z ok 74 - Rust corpus rejects missing cleanup
2026-10-09T08:07:44.4071258Z   ---
2026-10-09T08:07:44.4102311Z   duration_ms: 4.927612
2026-10-09T08:07:44.4121192Z   type: 'test'
2026-10-09T08:07:44.4122240Z   ...
2026-10-09T08:07:44.4122882Z # Subtest: Rust corpus rejects unverified copies
2026-10-09T08:07:44.4123757Z ok 75 - Rust corpus rejects unverified copies
2026-10-09T08:07:44.4124413Z   ---
2026-10-09T08:07:44.4124901Z   duration_ms: 2.820994
2026-10-09T08:07:44.4125431Z   type: 'test'
2026-10-09T08:07:44.4126169Z   ...
2026-10-09T08:07:44.4126974Z # Subtest: Rust corpus rejects compiler failure counted as runtime
2026-10-09T08:07:44.4128011Z ok 76 - Rust corpus rejects compiler failure counted as runtime
2026-10-09T08:07:44.4128743Z   ---
2026-10-09T08:07:44.4129218Z   duration_ms: 3.572959
2026-10-09T08:07:44.4129755Z   type: 'test'
2026-10-09T08:07:44.4130228Z   ...
2026-10-09T08:07:44.4130932Z # Subtest: Rust corpus rejects unrelated compiler failure
2026-10-09T08:07:44.4132065Z ok 77 - Rust corpus rejects unrelated compiler failure
2026-10-09T08:07:44.4132768Z   ---
2026-10-09T08:07:44.4133241Z   duration_ms: 3.452945
2026-10-09T08:07:44.4133771Z   type: 'test'
2026-10-09T08:07:44.4134241Z   ...
2026-10-09T08:07:44.4134942Z # Subtest: Rust corpus rejects dependency compiler failure
2026-10-09T08:07:44.4135861Z ok 78 - Rust corpus rejects dependency compiler failure
2026-10-09T08:07:44.4136535Z   ---
2026-10-09T08:07:44.4137001Z   duration_ms: 2.755942
2026-10-09T08:07:44.4137529Z   type: 'test'
2026-10-09T08:07:44.4138003Z   ...
2026-10-09T08:07:44.4138704Z # Subtest: Rust corpus rejects missing compiler diagnostic
2026-10-09T08:07:44.4139615Z ok 79 - Rust corpus rejects missing compiler diagnostic
2026-10-09T08:07:44.4140291Z   ---
2026-10-09T08:07:44.4140756Z   duration_ms: 2.623515
2026-10-09T08:07:44.4141274Z   type: 'test'
2026-10-09T08:07:44.4141930Z   ...
2026-10-09T08:07:44.4142644Z # Subtest: Rust corpus rejects changed rejected source
2026-10-09T08:07:44.4143538Z ok 80 - Rust corpus rejects changed rejected source
2026-10-09T08:07:44.4144202Z   ---
2026-10-09T08:07:44.4144680Z   duration_ms: 1.995931
2026-10-09T08:07:44.4145204Z   type: 'test'
2026-10-09T08:07:44.4145679Z   ...
2026-10-09T08:07:44.4146325Z # Subtest: Rust corpus rejects wrong runtime error
2026-10-09T08:07:44.4147159Z ok 81 - Rust corpus rejects wrong runtime error
2026-10-09T08:07:44.4147799Z   ---
2026-10-09T08:07:44.4148271Z   duration_ms: 2.968159
2026-10-09T08:07:44.4148793Z   type: 'test'
2026-10-09T08:07:44.4149273Z   ...
2026-10-09T08:07:44.4149952Z # Subtest: Rust corpus rejects missing limit rejection
2026-10-09T08:07:44.4150822Z ok 82 - Rust corpus rejects missing limit rejection
2026-10-09T08:07:44.4161086Z   ---
2026-10-09T08:07:44.4161894Z   duration_ms: 3.743289
2026-10-09T08:07:44.4162496Z   type: 'test'
2026-10-09T08:07:44.4163002Z   ...
2026-10-09T08:07:44.4163690Z # Subtest: Rust corpus rejects failed limit recovery
2026-10-09T08:07:44.4164591Z ok 83 - Rust corpus rejects failed limit recovery
2026-10-09T08:07:44.4165252Z   ---
2026-10-09T08:07:44.4165732Z   duration_ms: 3.394777
2026-10-09T08:07:44.4166274Z   type: 'test'
2026-10-09T08:07:44.4166752Z   ...
2026-10-09T08:07:44.4167637Z # Subtest: c corpus separates native numeric acceptance from compiler rejection
2026-10-09T08:07:44.4168941Z ok 84 - c corpus separates native numeric acceptance from compiler rejection
2026-10-09T08:07:44.4169774Z   ---
2026-10-09T08:07:44.4170248Z   duration_ms: 143.096637
2026-10-09T08:07:44.4170786Z   type: 'test'
2026-10-09T08:07:44.4171267Z   ...
2026-10-09T08:07:44.4172373Z # Subtest: cpp corpus separates native numeric acceptance from compiler rejection
2026-10-09T08:07:44.4173653Z ok 85 - cpp corpus separates native numeric acceptance from compiler rejection
2026-10-09T08:07:44.4174492Z   ---
2026-10-09T08:07:44.4174966Z   duration_ms: 116.361343
2026-10-09T08:07:44.4175503Z   type: 'test'
2026-10-09T08:07:44.4175975Z   ...
2026-10-09T08:07:44.4176961Z # Subtest: c corpus rejects missing compiler evidence
2026-10-09T08:07:44.4177830Z ok 86 - c corpus rejects missing compiler evidence
2026-10-09T08:07:44.4178498Z   ---
2026-10-09T08:07:44.4178965Z   duration_ms: 7.106366
2026-10-09T08:07:44.4179497Z   type: 'test'
2026-10-09T08:07:44.4179977Z   ...
2026-10-09T08:07:44.4180585Z # Subtest: c corpus rejects old compiler
2026-10-09T08:07:44.4181323Z ok 87 - c corpus rejects old compiler
2026-10-09T08:07:44.4182127Z   ---
2026-10-09T08:07:44.4182605Z   duration_ms: 4.323654
2026-10-09T08:07:44.4183153Z   type: 'test'
2026-10-09T08:07:44.4183830Z   ...
2026-10-09T08:07:44.4184454Z # Subtest: c corpus rejects wrong standard
2026-10-09T08:07:44.4185216Z ok 88 - c corpus rejects wrong standard
2026-10-09T08:07:44.4185825Z   ---
2026-10-09T08:07:44.4186296Z   duration_ms: 3.125403
2026-10-09T08:07:44.4186817Z   type: 'test'
2026-10-09T08:07:44.4187289Z   ...
2026-10-09T08:07:44.4187876Z # Subtest: c corpus rejects unbound source
2026-10-09T08:07:44.4188631Z ok 89 - c corpus rejects unbound source
2026-10-09T08:07:44.4189228Z   ---
2026-10-09T08:07:44.4189854Z   duration_ms: 6.99091
2026-10-09T08:07:44.4190375Z   type: 'test'
2026-10-09T08:07:44.4190849Z   ...
2026-10-09T08:07:44.4191474Z # Subtest: c corpus rejects unchecked signatures
2026-10-09T08:07:44.4192511Z ok 90 - c corpus rejects unchecked signatures
2026-10-09T08:07:44.4193147Z   ---
2026-10-09T08:07:44.4193624Z   duration_ms: 4.757634
2026-10-09T08:07:44.4194146Z   type: 'test'
2026-10-09T08:07:44.4194612Z   ...
2026-10-09T08:07:44.4195216Z # Subtest: c corpus rejects wrong binding IR
2026-10-09T08:07:44.4195982Z ok 91 - c corpus rejects wrong binding IR
2026-10-09T08:07:44.4196597Z   ---
2026-10-09T08:07:44.4197063Z   duration_ms: 2.672957
2026-10-09T08:07:44.4197581Z   type: 'test'
2026-10-09T08:07:44.4198044Z   ...
2026-10-09T08:07:44.4198654Z # Subtest: c corpus rejects remaining sources
2026-10-09T08:07:44.4199424Z ok 92 - c corpus rejects remaining sources
2026-10-09T08:07:44.4200054Z   ---
2026-10-09T08:07:44.4200528Z   duration_ms: 5.499912
2026-10-09T08:07:44.4201065Z   type: 'test'
2026-10-09T08:07:44.4201554Z   ...
2026-10-09T08:07:44.4202458Z # Subtest: c corpus rejects compiler during execution
2026-10-09T08:07:44.4203325Z ok 93 - c corpus rejects compiler during execution
2026-10-09T08:07:44.4204114Z   ---
2026-10-09T08:07:44.4204586Z   duration_ms: 4.02245
2026-10-09T08:07:44.4205107Z   type: 'test'
2026-10-09T08:07:44.4205580Z   ...
2026-10-09T08:07:44.4206181Z # Subtest: c corpus rejects runtime override
2026-10-09T08:07:44.4206964Z ok 94 - c corpus rejects runtime override
2026-10-09T08:07:44.4207590Z   ---
2026-10-09T08:07:44.4208155Z   duration_ms: 5.376231
2026-10-09T08:07:44.4208681Z   type: 'test'
2026-10-09T08:07:44.4209164Z   ...
2026-10-09T08:07:44.4209763Z # Subtest: c corpus rejects private headers
2026-10-09T08:07:44.4210534Z ok 95 - c corpus rejects private headers
2026-10-09T08:07:44.4211146Z   ---
2026-10-09T08:07:44.4211918Z   duration_ms: 4.133457
2026-10-09T08:07:44.4212677Z   type: 'test'
2026-10-09T08:07:44.4213175Z   ...
2026-10-09T08:07:44.4213811Z # Subtest: c corpus rejects unchecked narrowing
2026-10-09T08:07:44.4214625Z ok 96 - c corpus rejects unchecked narrowing
2026-10-09T08:07:44.4215250Z   ---
2026-10-09T08:07:44.4215720Z   duration_ms: 5.390418
2026-10-09T08:07:44.4216242Z   type: 'test'
2026-10-09T08:07:44.4216713Z   ...
2026-10-09T08:07:44.4217292Z # Subtest: c corpus rejects missing CMake
2026-10-09T08:07:44.4218029Z ok 97 - c corpus rejects missing CMake
2026-10-09T08:07:44.4218630Z   ---
2026-10-09T08:07:44.4219092Z   duration_ms: 4.162402
2026-10-09T08:07:44.4219623Z   type: 'test'
2026-10-09T08:07:44.4220090Z   ...
2026-10-09T08:07:44.4220732Z # Subtest: c corpus rejects unexecuted integration
2026-10-09T08:07:44.4221566Z ok 98 - c corpus rejects unexecuted integration
2026-10-09T08:07:44.4252404Z   ---
2026-10-09T08:07:44.4255955Z   duration_ms: 4.119141
2026-10-09T08:07:44.4256551Z   type: 'test'
2026-10-09T08:07:44.4257052Z   ...
2026-10-09T08:07:44.4258116Z # Subtest: c corpus rejects nonlocal runtime
2026-10-09T08:07:44.4258915Z ok 99 - c corpus rejects nonlocal runtime
2026-10-09T08:07:44.4259538Z   ---
2026-10-09T08:07:44.4260016Z   duration_ms: 8.130249
2026-10-09T08:07:44.4260554Z   type: 'test'
2026-10-09T08:07:44.4261028Z   ...
2026-10-09T08:07:44.4261913Z # Subtest: c corpus rejects missing runtime library
2026-10-09T08:07:44.4262822Z ok 100 - c corpus rejects missing runtime library
2026-10-09T08:07:44.4263496Z   ---
2026-10-09T08:07:44.4263978Z   duration_ms: 8.444086
2026-10-09T08:07:44.4264516Z   type: 'test'
2026-10-09T08:07:44.4265181Z   ...
2026-10-09T08:07:44.4265859Z # Subtest: c corpus rejects wrong runtime rejection
2026-10-09T08:07:44.4266734Z ok 101 - c corpus rejects wrong runtime rejection
2026-10-09T08:07:44.4267383Z   ---
2026-10-09T08:07:44.4267870Z   duration_ms: 10.01333
2026-10-09T08:07:44.4268394Z   type: 'test'
2026-10-09T08:07:44.4268944Z   ...
2026-10-09T08:07:44.4269550Z # Subtest: c corpus rejects failed recovery
2026-10-09T08:07:44.4270328Z ok 102 - c corpus rejects failed recovery
2026-10-09T08:07:44.4270946Z   ---
2026-10-09T08:07:44.4271416Z   duration_ms: 8.333058
2026-10-09T08:07:44.4272143Z   type: 'test'
2026-10-09T08:07:44.4272627Z   ...
2026-10-09T08:07:44.4273259Z # Subtest: c corpus rejects missing error check
2026-10-09T08:07:44.4274072Z ok 103 - c corpus rejects missing error check
2026-10-09T08:07:44.4274707Z   ---
2026-10-09T08:07:44.4275185Z   duration_ms: 7.954642
2026-10-09T08:07:44.4275707Z   type: 'test'
2026-10-09T08:07:44.4276186Z   ...
2026-10-09T08:07:44.4276795Z # Subtest: c corpus rejects aliased record
2026-10-09T08:07:44.4277543Z ok 104 - c corpus rejects aliased record
2026-10-09T08:07:44.4278157Z   ---
2026-10-09T08:07:44.4278623Z   duration_ms: 5.448546
2026-10-09T08:07:44.4279146Z   type: 'test'
2026-10-09T08:07:44.4279621Z   ...
2026-10-09T08:07:44.4280295Z # Subtest: c corpus rejects unrelated compiler failure
2026-10-09T08:07:44.4281171Z ok 105 - c corpus rejects unrelated compiler failure
2026-10-09T08:07:44.4282036Z   ---
2026-10-09T08:07:44.4282519Z   duration_ms: 4.221342
2026-10-09T08:07:44.4283048Z   type: 'test'
2026-10-09T08:07:44.4283522Z   ...
2026-10-09T08:07:44.4284179Z # Subtest: c corpus rejects header compiler failure
2026-10-09T08:07:44.4285026Z ok 106 - c corpus rejects header compiler failure
2026-10-09T08:07:44.4285685Z   ---
2026-10-09T08:07:44.4286157Z   duration_ms: 3.839277
2026-10-09T08:07:44.4286682Z   type: 'test'
2026-10-09T08:07:44.4287152Z   ...
2026-10-09T08:07:44.4287809Z # Subtest: c corpus rejects changed rejected input
2026-10-09T08:07:44.4288672Z ok 107 - c corpus rejects changed rejected input
2026-10-09T08:07:44.4289325Z   ---
2026-10-09T08:07:44.4289792Z   duration_ms: 4.019725
2026-10-09T08:07:44.4290333Z   type: 'test'
2026-10-09T08:07:44.4290864Z   ...
2026-10-09T08:07:44.4291552Z # Subtest: cpp corpus rejects missing compiler evidence
2026-10-09T08:07:44.4292835Z ok 108 - cpp corpus rejects missing compiler evidence
2026-10-09T08:07:44.4293423Z   ---
2026-10-09T08:07:44.4293779Z   duration_ms: 7.288846
2026-10-09T08:07:44.4294200Z   type: 'test'
2026-10-09T08:07:44.4294562Z   ...
2026-10-09T08:07:44.4295075Z # Subtest: cpp corpus rejects old compiler
2026-10-09T08:07:44.4295771Z ok 109 - cpp corpus rejects old compiler
2026-10-09T08:07:44.4296284Z   ---
2026-10-09T08:07:44.4296656Z   duration_ms: 3.282577
2026-10-09T08:07:44.4297086Z   type: 'test'
2026-10-09T08:07:44.4297459Z   ...
2026-10-09T08:07:44.4297970Z # Subtest: cpp corpus rejects wrong standard
2026-10-09T08:07:44.4298657Z ok 110 - cpp corpus rejects wrong standard
2026-10-09T08:07:44.4299194Z   ---
2026-10-09T08:07:44.4299551Z   duration_ms: 3.77136
2026-10-09T08:07:44.4299968Z   type: 'test'
2026-10-09T08:07:44.4300340Z   ...
2026-10-09T08:07:44.4300858Z # Subtest: cpp corpus rejects unbound source
2026-10-09T08:07:44.4301569Z ok 111 - cpp corpus rejects unbound source
2026-10-09T08:07:44.4332491Z   ---
2026-10-09T08:07:44.4332909Z   duration_ms: 5.537933
2026-10-09T08:07:44.4333779Z   type: 'test'
2026-10-09T08:07:44.4334177Z   ...
2026-10-09T08:07:44.4334762Z # Subtest: cpp corpus rejects unchecked signatures
2026-10-09T08:07:44.4335565Z ok 112 - cpp corpus rejects unchecked signatures
2026-10-09T08:07:44.4336144Z   ---
2026-10-09T08:07:44.4336542Z   duration_ms: 8.378684
2026-10-09T08:07:44.4336994Z   type: 'test'
2026-10-09T08:07:44.4337368Z   ...
2026-10-09T08:07:44.4337923Z # Subtest: cpp corpus rejects wrong binding IR
2026-10-09T08:07:44.4338663Z ok 113 - cpp corpus rejects wrong binding IR
2026-10-09T08:07:44.4339213Z   ---
2026-10-09T08:07:44.4339600Z   duration_ms: 4.059489
2026-10-09T08:07:44.4340304Z   type: 'test'
2026-10-09T08:07:44.4340719Z   ...
2026-10-09T08:07:44.4341286Z # Subtest: cpp corpus rejects remaining sources
2026-10-09T08:07:44.4342249Z ok 114 - cpp corpus rejects remaining sources
2026-10-09T08:07:44.4342733Z   ---
2026-10-09T08:07:44.4343068Z   duration_ms: 5.76102
2026-10-09T08:07:44.4343428Z   type: 'test'
2026-10-09T08:07:44.4343770Z   ...
2026-10-09T08:07:44.4344320Z # Subtest: cpp corpus rejects compiler during execution
2026-10-09T08:07:44.4345126Z ok 115 - cpp corpus rejects compiler during execution
2026-10-09T08:07:44.4345690Z   ---
2026-10-09T08:07:44.4346014Z   duration_ms: 5.871938
2026-10-09T08:07:44.4346397Z   type: 'test'
2026-10-09T08:07:44.4346734Z   ...
2026-10-09T08:07:44.4347234Z # Subtest: cpp corpus rejects runtime override
2026-10-09T08:07:44.4347938Z ok 116 - cpp corpus rejects runtime override
2026-10-09T08:07:44.4348445Z   ---
2026-10-09T08:07:44.4348794Z   duration_ms: 3.406708
2026-10-09T08:07:44.4349227Z   type: 'test'
2026-10-09T08:07:44.4349639Z   ...
2026-10-09T08:07:44.4350185Z # Subtest: cpp corpus rejects private headers
2026-10-09T08:07:44.4350929Z ok 117 - cpp corpus rejects private headers
2026-10-09T08:07:44.4351481Z   ---
2026-10-09T08:07:44.4352124Z   duration_ms: 3.315658
2026-10-09T08:07:44.4352560Z   type: 'test'
2026-10-09T08:07:44.4352922Z   ...
2026-10-09T08:07:44.4353446Z # Subtest: cpp corpus rejects unchecked narrowing
2026-10-09T08:07:44.4354190Z ok 118 - cpp corpus rejects unchecked narrowing
2026-10-09T08:07:44.4354723Z   ---
2026-10-09T08:07:44.4355068Z   duration_ms: 5.073174
2026-10-09T08:07:44.4355470Z   type: 'test'
2026-10-09T08:07:44.4355874Z   ...
2026-10-09T08:07:44.4356352Z # Subtest: cpp corpus rejects missing CMake
2026-10-09T08:07:44.4357007Z ok 119 - cpp corpus rejects missing CMake
2026-10-09T08:07:44.4357504Z   ---
2026-10-09T08:07:44.4357850Z   duration_ms: 3.457624
2026-10-09T08:07:44.4358247Z   type: 'test'
2026-10-09T08:07:44.4358596Z   ...
2026-10-09T08:07:44.4359137Z # Subtest: cpp corpus rejects unexecuted integration
2026-10-09T08:07:44.4359885Z ok 120 - cpp corpus rejects unexecuted integration
2026-10-09T08:07:44.4360428Z   ---
2026-10-09T08:07:44.4360767Z   duration_ms: 3.419362
2026-10-09T08:07:44.4361159Z   type: 'test'
2026-10-09T08:07:44.4361496Z   ...
2026-10-09T08:07:44.4362215Z # Subtest: cpp corpus rejects nonlocal runtime
2026-10-09T08:07:44.4362908Z ok 121 - cpp corpus rejects nonlocal runtime
2026-10-09T08:07:44.4363434Z   ---
2026-10-09T08:07:44.4363770Z   duration_ms: 5.008354
2026-10-09T08:07:44.4364176Z   type: 'test'
2026-10-09T08:07:44.4364519Z   ...
2026-10-09T08:07:44.4365049Z # Subtest: cpp corpus rejects missing runtime library
2026-10-09T08:07:44.4365806Z ok 122 - cpp corpus rejects missing runtime library
2026-10-09T08:07:44.4366387Z   ---
2026-10-09T08:07:44.4366770Z   duration_ms: 4.112489
2026-10-09T08:07:44.4367193Z   type: 'test'
2026-10-09T08:07:44.4367575Z   ...
2026-10-09T08:07:44.4368149Z # Subtest: cpp corpus rejects wrong runtime rejection
2026-10-09T08:07:44.4368940Z ok 123 - cpp corpus rejects wrong runtime rejection
2026-10-09T08:07:44.4369529Z   ---
2026-10-09T08:07:44.4369896Z   duration_ms: 3.562861
2026-10-09T08:07:44.4370328Z   type: 'test'
2026-10-09T08:07:44.4370689Z   ...
2026-10-09T08:07:44.4371213Z # Subtest: cpp corpus rejects failed recovery
2026-10-09T08:07:44.4372174Z ok 124 - cpp corpus rejects failed recovery
2026-10-09T08:07:44.4373030Z   ---
2026-10-09T08:07:44.4373397Z   duration_ms: 6.009064
2026-10-09T08:07:44.4373818Z   type: 'test'
2026-10-09T08:07:44.4374186Z   ...
2026-10-09T08:07:44.4374726Z # Subtest: cpp corpus rejects missing error check
2026-10-09T08:07:44.4375507Z ok 125 - cpp corpus rejects missing error check
2026-10-09T08:07:44.4376067Z   ---
2026-10-09T08:07:44.4376453Z   duration_ms: 4.291883
2026-10-09T08:07:44.4376893Z   type: 'test'
2026-10-09T08:07:44.4377264Z   ...
2026-10-09T08:07:44.4377789Z # Subtest: cpp corpus rejects aliased record
2026-10-09T08:07:44.4378475Z ok 126 - cpp corpus rejects aliased record
2026-10-09T08:07:44.4379246Z   ---
2026-10-09T08:07:44.4379635Z   duration_ms: 1.880666
2026-10-09T08:07:44.4380067Z   type: 'test'
2026-10-09T08:07:44.4380431Z   ...
2026-10-09T08:07:44.4381034Z # Subtest: cpp corpus rejects unrelated compiler failure
2026-10-09T08:07:44.4382127Z ok 127 - cpp corpus rejects unrelated compiler failure
2026-10-09T08:07:44.4382711Z   ---
2026-10-09T08:07:44.4383081Z   duration_ms: 1.800816
2026-10-09T08:07:44.4383510Z   type: 'test'
2026-10-09T08:07:44.4383880Z   ...
2026-10-09T08:07:44.4384439Z # Subtest: cpp corpus rejects header compiler failure
2026-10-09T08:07:44.4385239Z ok 128 - cpp corpus rejects header compiler failure
2026-10-09T08:07:44.4385805Z   ---
2026-10-09T08:07:44.4386176Z   duration_ms: 3.383436
2026-10-09T08:07:44.4386589Z   type: 'test'
2026-10-09T08:07:44.4386950Z   ...
2026-10-09T08:07:44.4387518Z # Subtest: cpp corpus rejects changed rejected input
2026-10-09T08:07:44.4388290Z ok 129 - cpp corpus rejects changed rejected input
2026-10-09T08:07:44.4388863Z   ---
2026-10-09T08:07:44.4389234Z   duration_ms: 1.865318
2026-10-09T08:07:44.4389655Z   type: 'test'
2026-10-09T08:07:44.4390011Z   ...
2026-10-09T08:07:44.4390797Z # Subtest: .NET separates C\# type errors from executed public calls and recovery
2026-10-09T08:07:44.4392274Z ok 130 - .NET separates C\# type errors from executed public calls and recovery
2026-10-09T08:07:44.4393004Z   ---
2026-10-09T08:07:44.4393402Z   duration_ms: 118.042298
2026-10-09T08:07:44.4393808Z   type: 'test'
2026-10-09T08:07:44.4394174Z   ...
2026-10-09T08:07:44.4394996Z # Subtest: .NET requires source-located Roslyn diagnostics for the exact rejected input
2026-10-09T08:07:44.4396265Z ok 131 - .NET requires source-located Roslyn diagnostics for the exact rejected input
2026-10-09T08:07:44.4397038Z   ---
2026-10-09T08:07:44.4397396Z   duration_ms: 1.34792
2026-10-09T08:07:44.4397806Z   type: 'test'
2026-10-09T08:07:44.4398163Z   ...
2026-10-09T08:07:44.4398746Z # Subtest: .NET corpus rejects missing compiler evidence
2026-10-09T08:07:44.4399547Z ok 132 - .NET corpus rejects missing compiler evidence
2026-10-09T08:07:44.4400104Z   ---
2026-10-09T08:07:44.4400444Z   duration_ms: 1.942602
2026-10-09T08:07:44.4400851Z   type: 'test'
2026-10-09T08:07:44.4401206Z   ...
2026-10-09T08:07:44.4401916Z # Subtest: .NET corpus rejects wrong SDK
2026-10-09T08:07:44.4402554Z ok 133 - .NET corpus rejects wrong SDK
2026-10-09T08:07:44.4403032Z   ---
2026-10-09T08:07:44.4403393Z   duration_ms: 1.778926
2026-10-09T08:07:44.4403796Z   type: 'test'
2026-10-09T08:07:44.4404146Z   ...
2026-10-09T08:07:44.4404627Z # Subtest: .NET corpus rejects wrong runtime
2026-10-09T08:07:44.4405301Z ok 134 - .NET corpus rejects wrong runtime
2026-10-09T08:07:44.4405815Z   ---
2026-10-09T08:07:44.4406166Z   duration_ms: 4.720696
2026-10-09T08:07:44.4406592Z   type: 'test'
2026-10-09T08:07:44.4406950Z   ...
2026-10-09T08:07:44.4407451Z # Subtest: .NET corpus rejects wrong compiler
2026-10-09T08:07:44.4408140Z ok 135 - .NET corpus rejects wrong compiler
2026-10-09T08:07:44.4408686Z   ---
2026-10-09T08:07:44.4409046Z   duration_ms: 1.782062
2026-10-09T08:07:44.4409460Z   type: 'test'
2026-10-09T08:07:44.4409827Z   ...
2026-10-09T08:07:44.4410398Z # Subtest: .NET corpus rejects unchecked compiler flags
2026-10-09T08:07:44.4411204Z ok 136 - .NET corpus rejects unchecked compiler flags
2026-10-09T08:07:44.4412022Z   ---
2026-10-09T08:07:44.4412409Z   duration_ms: 2.570225
2026-10-09T08:07:44.4413122Z   type: 'test'
2026-10-09T08:07:44.4413518Z   ...
2026-10-09T08:07:44.4414055Z # Subtest: .NET corpus rejects unbound source
2026-10-09T08:07:44.4414768Z ok 137 - .NET corpus rejects unbound source
2026-10-09T08:07:44.4415308Z   ---
2026-10-09T08:07:44.4415674Z   duration_ms: 2.418491
2026-10-09T08:07:44.4416102Z   type: 'test'
2026-10-09T08:07:44.4416464Z   ...
2026-10-09T08:07:44.4417033Z # Subtest: .NET corpus rejects unchecked signatures
2026-10-09T08:07:44.4417798Z ok 138 - .NET corpus rejects unchecked signatures
2026-10-09T08:07:44.4418371Z   ---
2026-10-09T08:07:44.4418953Z   duration_ms: 4.110345
2026-10-09T08:07:44.4419407Z   type: 'test'
2026-10-09T08:07:44.4419800Z   ...
2026-10-09T08:07:44.4420500Z # Subtest: .NET corpus rejects wrong binding IR
2026-10-09T08:07:44.4421609Z ok 139 - .NET corpus rejects wrong binding IR
2026-10-09T08:07:44.4422859Z   ---
2026-10-09T08:07:44.4423425Z   duration_ms: 2.462594
2026-10-09T08:07:44.4424200Z   type: 'test'
2026-10-09T08:07:44.4424802Z   ...
2026-10-09T08:07:44.4449992Z # Subtest: .NET corpus rejects unhashed declarations
2026-10-09T08:07:44.4450865Z ok 140 - .NET corpus rejects unhashed declarations
2026-10-09T08:07:44.4451461Z   ---
2026-10-09T08:07:44.4452222Z   duration_ms: 1.857082
2026-10-09T08:07:44.4452669Z   type: 'test'
2026-10-09T08:07:44.4453079Z   ...
2026-10-09T08:07:44.4453620Z # Subtest: .NET corpus rejects unhashed package
2026-10-09T08:07:44.4454361Z ok 141 - .NET corpus rejects unhashed package
2026-10-09T08:07:44.4454928Z   ---
2026-10-09T08:07:44.4455301Z   duration_ms: 2.409355
2026-10-09T08:07:44.4455715Z   type: 'test'
2026-10-09T08:07:44.4456084Z   ...
2026-10-09T08:07:44.4456670Z # Subtest: .NET corpus rejects missing reference assembly
2026-10-09T08:07:44.4457486Z ok 142 - .NET corpus rejects missing reference assembly
2026-10-09T08:07:44.4458080Z   ---
2026-10-09T08:07:44.4458446Z   duration_ms: 2.725115
2026-10-09T08:07:44.4458877Z   type: 'test'
2026-10-09T08:07:44.4459241Z   ...
2026-10-09T08:07:44.4459754Z # Subtest: .NET corpus rejects private API
2026-10-09T08:07:44.4460422Z ok 143 - .NET corpus rejects private API
2026-10-09T08:07:44.4460931Z   ---
2026-10-09T08:07:44.4461282Z   duration_ms: 3.899039
2026-10-09T08:07:44.4462895Z   type: 'test'
2026-10-09T08:07:44.4463345Z   ...
2026-10-09T08:07:44.4464061Z # Subtest: .NET corpus rejects remaining sources
2026-10-09T08:07:44.4464993Z ok 144 - .NET corpus rejects remaining sources
2026-10-09T08:07:44.4465840Z   ---
2026-10-09T08:07:44.4466244Z   duration_ms: 3.99018
2026-10-09T08:07:44.4466824Z   type: 'test'
2026-10-09T08:07:44.4467371Z   ...
2026-10-09T08:07:44.4468126Z # Subtest: .NET corpus rejects warm package cache
2026-10-09T08:07:44.4469191Z ok 145 - .NET corpus rejects warm package cache
2026-10-09T08:07:44.4469921Z   ---
2026-10-09T08:07:44.4470430Z   duration_ms: 3.72319
2026-10-09T08:07:44.4471027Z   type: 'test'
2026-10-09T08:07:44.4471541Z   ...
2026-10-09T08:07:44.4473283Z # Subtest: .NET corpus rejects warm CLI home
2026-10-09T08:07:44.4476109Z ok 146 - .NET corpus rejects warm CLI home
2026-10-09T08:07:44.4478289Z   ---
2026-10-09T08:07:44.4480153Z   duration_ms: 4.008273
2026-10-09T08:07:44.4483099Z   type: 'test'
2026-10-09T08:07:44.4483509Z   ...
2026-10-09T08:07:44.4487599Z # Subtest: .NET corpus rejects online restore
2026-10-09T08:07:44.4489800Z ok 147 - .NET corpus rejects online restore
2026-10-09T08:07:44.4490364Z   ---
2026-10-09T08:07:44.4490734Z   duration_ms: 3.601834
2026-10-09T08:07:44.4491182Z   type: 'test'
2026-10-09T08:07:44.4491559Z   ...
2026-10-09T08:07:44.4492405Z # Subtest: .NET corpus rejects unlocked restore
2026-10-09T08:07:44.4493116Z ok 148 - .NET corpus rejects unlocked restore
2026-10-09T08:07:44.4493634Z   ---
2026-10-09T08:07:44.4493967Z   duration_ms: 2.329505
2026-10-09T08:07:44.4494320Z   type: 'test'
2026-10-09T08:07:44.4494665Z   ...
2026-10-09T08:07:44.4495197Z # Subtest: .NET corpus rejects compiler during execution
2026-10-09T08:07:44.4495983Z ok 149 - .NET corpus rejects compiler during execution
2026-10-09T08:07:44.4496853Z   ---
2026-10-09T08:07:44.4497234Z   duration_ms: 2.352698
2026-10-09T08:07:44.4497610Z   type: 'test'
2026-10-09T08:07:44.4497916Z   ...
2026-10-09T08:07:44.4498341Z # Subtest: .NET corpus rejects SDK at runtime
2026-10-09T08:07:44.4498975Z ok 150 - .NET corpus rejects SDK at runtime
2026-10-09T08:07:44.4499440Z   ---
2026-10-09T08:07:44.4499769Z   duration_ms: 2.495405
2026-10-09T08:07:44.4500196Z   type: 'test'
2026-10-09T08:07:44.4500546Z   ...
2026-10-09T08:07:44.4501088Z # Subtest: .NET corpus rejects missing native runtime
2026-10-09T08:07:44.4506698Z ok 151 - .NET corpus rejects missing native runtime
2026-10-09T08:07:44.4507514Z   ---
2026-10-09T08:07:44.4508079Z   duration_ms: 3.821605
2026-10-09T08:07:44.4508671Z   type: 'test'
2026-10-09T08:07:44.4509214Z   ...
2026-10-09T08:07:44.4510045Z # Subtest: .NET corpus rejects changed assembly
2026-10-09T08:07:44.4510974Z ok 152 - .NET corpus rejects changed assembly
2026-10-09T08:07:44.4512030Z   ---
2026-10-09T08:07:44.4512603Z   duration_ms: 2.713252
2026-10-09T08:07:44.4513213Z   type: 'test'
2026-10-09T08:07:44.4513747Z   ...
2026-10-09T08:07:44.4514548Z # Subtest: .NET corpus rejects wrong host binary
2026-10-09T08:07:44.4515392Z ok 153 - .NET corpus rejects wrong host binary
2026-10-09T08:07:44.4515959Z   ---
2026-10-09T08:07:44.4516335Z   duration_ms: 2.422118
2026-10-09T08:07:44.4516779Z   type: 'test'
2026-10-09T08:07:44.4517158Z   ...
2026-10-09T08:07:44.4517734Z # Subtest: .NET corpus rejects wrong loaded library
2026-10-09T08:07:44.4518533Z ok 154 - .NET corpus rejects wrong loaded library
2026-10-09T08:07:44.4519111Z   ---
2026-10-09T08:07:44.4519520Z   duration_ms: 3.01168
2026-10-09T08:07:44.4519953Z   type: 'test'
2026-10-09T08:07:44.4520340Z   ...
2026-10-09T08:07:44.4520970Z # Subtest: .NET corpus rejects wrong assembly path
2026-10-09T08:07:44.4522049Z ok 155 - .NET corpus rejects wrong assembly path
2026-10-09T08:07:44.4522763Z   ---
2026-10-09T08:07:44.4523157Z   duration_ms: 4.415595
2026-10-09T08:07:44.4523663Z   type: 'test'
2026-10-09T08:07:44.4524044Z   ...
2026-10-09T08:07:44.4524642Z # Subtest: .NET corpus rejects retained copied records
2026-10-09T08:07:44.4525463Z ok 156 - .NET corpus rejects retained copied records
2026-10-09T08:07:44.4526074Z   ---
2026-10-09T08:07:44.4526439Z   duration_ms: 5.010217
2026-10-09T08:07:44.4526875Z   type: 'test'
2026-10-09T08:07:44.4527249Z   ...
2026-10-09T08:07:44.4527819Z # Subtest: .NET corpus rejects missing runtime error
2026-10-09T08:07:44.4528606Z ok 157 - .NET corpus rejects missing runtime error
2026-10-09T08:07:44.4529178Z   ---
2026-10-09T08:07:44.4529561Z   duration_ms: 4.66448
2026-10-09T08:07:44.4529986Z   type: 'test'
2026-10-09T08:07:44.4530354Z   ...
2026-10-09T08:07:44.4530903Z # Subtest: .NET corpus rejects wrong runtime error
2026-10-09T08:07:44.4548362Z ok 158 - .NET corpus rejects wrong runtime error
2026-10-09T08:07:44.4549003Z   ---
2026-10-09T08:07:44.4549372Z   duration_ms: 5.012872
2026-10-09T08:07:44.4549797Z   type: 'test'
2026-10-09T08:07:44.4550178Z   ...
2026-10-09T08:07:44.4550741Z # Subtest: .NET corpus rejects failed error recovery
2026-10-09T08:07:44.4551524Z ok 159 - .NET corpus rejects failed error recovery
2026-10-09T08:07:44.4552383Z   ---
2026-10-09T08:07:44.4552764Z   duration_ms: 4.615979
2026-10-09T08:07:44.4553172Z   type: 'test'
2026-10-09T08:07:44.4553532Z   ...
2026-10-09T08:07:44.4554074Z # Subtest: .NET corpus rejects failed Nat recovery
2026-10-09T08:07:44.4554767Z ok 160 - .NET corpus rejects failed Nat recovery
2026-10-09T08:07:44.4555291Z   ---
2026-10-09T08:07:44.4555631Z   duration_ms: 2.68538
2026-10-09T08:07:44.4556034Z   type: 'test'
2026-10-09T08:07:44.4556363Z   ...
2026-10-09T08:07:44.4556973Z # Subtest: .NET corpus rejects unrelated compiler failure
2026-10-09T08:07:44.4557770Z ok 161 - .NET corpus rejects unrelated compiler failure
2026-10-09T08:07:44.4558325Z   ---
2026-10-09T08:07:44.4558681Z   duration_ms: 1.39621
2026-10-09T08:07:44.4559081Z   type: 'test'
2026-10-09T08:07:44.4559436Z   ...
2026-10-09T08:07:44.4560340Z # Subtest: .NET corpus rejects dependency compiler failure
2026-10-09T08:07:44.4561181Z ok 162 - .NET corpus rejects dependency compiler failure
2026-10-09T08:07:44.4561994Z   ---
2026-10-09T08:07:44.4562350Z   duration_ms: 1.410406
2026-10-09T08:07:44.4562751Z   type: 'test'
2026-10-09T08:07:44.4563385Z   ...
2026-10-09T08:07:44.4564125Z # Subtest: .NET corpus rejects missing diagnostic
2026-10-09T08:07:44.4565185Z ok 163 - .NET corpus rejects missing diagnostic
2026-10-09T08:07:44.4565921Z   ---
2026-10-09T08:07:44.4566447Z   duration_ms: 1.506366
2026-10-09T08:07:44.4567042Z   type: 'test'
2026-10-09T08:07:44.4567953Z   ...
2026-10-09T08:07:44.4568723Z # Subtest: .NET corpus rejects changed invalid source
2026-10-09T08:07:44.4569842Z ok 164 - .NET corpus rejects changed invalid source
2026-10-09T08:07:44.4570585Z   ---
2026-10-09T08:07:44.4570964Z   duration_ms: 1.403875
2026-10-09T08:07:44.4571382Z   type: 'test'
2026-10-09T08:07:44.4572146Z   ...
2026-10-09T08:07:44.4573013Z # Subtest: java corpus separates compiler errors, unsigned range checks and Lean results
2026-10-09T08:07:44.4574317Z ok 165 - java corpus separates compiler errors, unsigned range checks and Lean results
2026-10-09T08:07:44.4575094Z   ---
2026-10-09T08:07:44.4575455Z   duration_ms: 113.360806
2026-10-09T08:07:44.4575864Z   type: 'test'
2026-10-09T08:07:44.4576217Z   ...
2026-10-09T08:07:44.4576902Z # Subtest: java diagnostics bind rejection to the exact invalid call
2026-10-09T08:07:44.4577893Z ok 166 - java diagnostics bind rejection to the exact invalid call
2026-10-09T08:07:44.4578547Z   ---
2026-10-09T08:07:44.4578909Z   duration_ms: 1.258081
2026-10-09T08:07:44.4579332Z   type: 'test'
2026-10-09T08:07:44.4579689Z   ...
2026-10-09T08:07:44.4580204Z # Subtest: java corpus rejects missing evidence
2026-10-09T08:07:44.4580929Z ok 167 - java corpus rejects missing evidence
2026-10-09T08:07:44.4581453Z   ---
2026-10-09T08:07:44.4582077Z   duration_ms: 5.571425
2026-10-09T08:07:44.4582482Z   type: 'test'
2026-10-09T08:07:44.4582861Z   ...
2026-10-09T08:07:44.4583345Z # Subtest: java corpus rejects wrong JVM
2026-10-09T08:07:44.4583990Z ok 168 - java corpus rejects wrong JVM
2026-10-09T08:07:44.4584478Z   ---
2026-10-09T08:07:44.4584830Z   duration_ms: 1.858425
2026-10-09T08:07:44.4585239Z   type: 'test'
2026-10-09T08:07:44.4585591Z   ...
2026-10-09T08:07:44.4586084Z # Subtest: java corpus rejects wrong compiler
2026-10-09T08:07:44.4586714Z ok 169 - java corpus rejects wrong compiler
2026-10-09T08:07:44.4587194Z   ---
2026-10-09T08:07:44.4587540Z   duration_ms: 1.858474
2026-10-09T08:07:44.4587921Z   type: 'test'
2026-10-09T08:07:44.4588270Z   ...
2026-10-09T08:07:44.4588724Z # Subtest: java corpus rejects wrong Maven
2026-10-09T08:07:44.4589339Z ok 170 - java corpus rejects wrong Maven
2026-10-09T08:07:44.4589812Z   ---
2026-10-09T08:07:44.4590157Z   duration_ms: 1.664802
2026-10-09T08:07:44.4590558Z   type: 'test'
2026-10-09T08:07:44.4590904Z   ...
2026-10-09T08:07:44.4591441Z # Subtest: java corpus rejects missing compiler hash
2026-10-09T08:07:44.4592766Z ok 171 - java corpus rejects missing compiler hash
2026-10-09T08:07:44.4593538Z   ---
2026-10-09T08:07:44.4594131Z   duration_ms: 1.725416
2026-10-09T08:07:44.4594594Z   type: 'test'
2026-10-09T08:07:44.4594965Z   ...
2026-10-09T08:07:44.4595539Z # Subtest: java corpus rejects wrong consumer source
2026-10-09T08:07:44.4596321Z ok 172 - java corpus rejects wrong consumer source
2026-10-09T08:07:44.4596881Z   ---
2026-10-09T08:07:44.4597274Z   duration_ms: 4.221973
2026-10-09T08:07:44.4597700Z   type: 'test'
2026-10-09T08:07:44.4598070Z   ...
2026-10-09T08:07:44.4598668Z # Subtest: java corpus rejects wrong public signatures
2026-10-09T08:07:44.4599486Z ok 173 - java corpus rejects wrong public signatures
2026-10-09T08:07:44.4600057Z   ---
2026-10-09T08:07:44.4600427Z   duration_ms: 2.552452
2026-10-09T08:07:44.4600858Z   type: 'test'
2026-10-09T08:07:44.4601228Z   ...
2026-10-09T08:07:44.4602014Z # Subtest: java corpus rejects wrong binding IR
2026-10-09T08:07:44.4602784Z ok 174 - java corpus rejects wrong binding IR
2026-10-09T08:07:44.4603628Z   ---
2026-10-09T08:07:44.4603996Z   duration_ms: 2.40151
2026-10-09T08:07:44.4604439Z   type: 'test'
2026-10-09T08:07:44.4604800Z   ...
2026-10-09T08:07:44.4605306Z # Subtest: java corpus rejects wrong POM
2026-10-09T08:07:44.4605981Z ok 175 - java corpus rejects wrong POM
2026-10-09T08:07:44.4606475Z   ---
2026-10-09T08:07:44.4606835Z   duration_ms: 2.427177
2026-10-09T08:07:44.4607240Z   type: 'test'
2026-10-09T08:07:44.4607592Z   ...
2026-10-09T08:07:44.4608051Z # Subtest: java corpus rejects wrong JAR
2026-10-09T08:07:44.4608901Z ok 176 - java corpus rejects wrong JAR
2026-10-09T08:07:44.4609457Z   ---
2026-10-09T08:07:44.4609823Z   duration_ms: 3.644413
2026-10-09T08:07:44.4610211Z   type: 'test'
2026-10-09T08:07:44.4610549Z   ...
2026-10-09T08:07:44.4611053Z # Subtest: java corpus rejects ambient settings
2026-10-09T08:07:44.4611999Z ok 177 - java corpus rejects ambient settings
2026-10-09T08:07:44.4612542Z   ---
2026-10-09T08:07:44.4612920Z   duration_ms: 2.456963
2026-10-09T08:07:44.4613339Z   type: 'test'
2026-10-09T08:07:44.4613709Z   ...
2026-10-09T08:07:44.4614235Z # Subtest: java corpus rejects weakened compiler
2026-10-09T08:07:44.4614978Z ok 178 - java corpus rejects weakened compiler
2026-10-09T08:07:44.4615527Z   ---
2026-10-09T08:07:44.4615889Z   duration_ms: 3.329094
2026-10-09T08:07:44.4616302Z   type: 'test'
2026-10-09T08:07:44.4616668Z   ...
2026-10-09T08:07:44.4617166Z # Subtest: java corpus rejects ambient cache
2026-10-09T08:07:44.4617833Z ok 179 - java corpus rejects ambient cache
2026-10-09T08:07:44.4618353Z   ---
2026-10-09T08:07:44.4618714Z   duration_ms: 3.884482
2026-10-09T08:07:44.4619136Z   type: 'test'
2026-10-09T08:07:44.4619500Z   ...
2026-10-09T08:07:44.4619991Z # Subtest: java corpus rejects ambient home
2026-10-09T08:07:44.4620670Z ok 180 - java corpus rejects ambient home
2026-10-09T08:07:44.4621178Z   ---
2026-10-09T08:07:44.4621543Z   duration_ms: 3.984639
2026-10-09T08:07:44.4622738Z   type: 'test'
2026-10-09T08:07:44.4623093Z   ...
2026-10-09T08:07:44.4623596Z # Subtest: java corpus rejects online resolution
2026-10-09T08:07:44.4624309Z ok 181 - java corpus rejects online resolution
2026-10-09T08:07:44.4624812Z   ---
2026-10-09T08:07:44.4625164Z   duration_ms: 5.63265
2026-10-09T08:07:44.4625575Z   type: 'test'
2026-10-09T08:07:44.4625929Z   ...
2026-10-09T08:07:44.4626435Z # Subtest: java corpus rejects extra classpath
2026-10-09T08:07:44.4627125Z ok 182 - java corpus rejects extra classpath
2026-10-09T08:07:44.4627642Z   ---
2026-10-09T08:07:44.4627997Z   duration_ms: 3.178683
2026-10-09T08:07:44.4628415Z   type: 'test'
2026-10-09T08:07:44.4628785Z   ...
2026-10-09T08:07:44.4629393Z # Subtest: java corpus rejects missing resolved dependencies
2026-10-09T08:07:44.4630282Z ok 183 - java corpus rejects missing resolved dependencies
2026-10-09T08:07:44.4630869Z   ---
2026-10-09T08:07:44.4631228Z   duration_ms: 2.569434
2026-10-09T08:07:44.4631629Z   type: 'test'
2026-10-09T08:07:44.4632252Z   ...
2026-10-09T08:07:44.4632852Z # Subtest: java corpus rejects missing runtime dependency
2026-10-09T08:07:44.4633696Z ok 184 - java corpus rejects missing runtime dependency
2026-10-09T08:07:44.4634265Z   ---
2026-10-09T08:07:44.4634606Z   duration_ms: 2.491388
2026-10-09T08:07:44.4635005Z   type: 'test'
2026-10-09T08:07:44.4635349Z   ...
2026-10-09T08:07:44.4635932Z # Subtest: java corpus rejects duplicate runtime dependency
2026-10-09T08:07:44.4636762Z ok 185 - java corpus rejects duplicate runtime dependency
2026-10-09T08:07:44.4637340Z   ---
2026-10-09T08:07:44.4637686Z   duration_ms: 4.889754
2026-10-09T08:07:44.4638104Z   type: 'test'
2026-10-09T08:07:44.4638454Z   ...
2026-10-09T08:07:44.4639034Z # Subtest: java corpus rejects unlocked runtime dependency
2026-10-09T08:07:44.4639852Z ok 186 - java corpus rejects unlocked runtime dependency
2026-10-09T08:07:44.4640395Z   ---
2026-10-09T08:07:44.4640743Z   duration_ms: 2.585954
2026-10-09T08:07:44.4641138Z   type: 'test'
2026-10-09T08:07:44.4641492Z   ...
2026-10-09T08:07:44.4642655Z # Subtest: java corpus rejects changed resolved dependency
2026-10-09T08:07:44.4643494Z ok 187 - java corpus rejects changed resolved dependency
2026-10-09T08:07:44.4644056Z   ---
2026-10-09T08:07:44.4644401Z   duration_ms: 3.633313
2026-10-09T08:07:44.4644802Z   type: 'test'
2026-10-09T08:07:44.4645144Z   ...
2026-10-09T08:07:44.4645719Z # Subtest: java corpus rejects changed deployed dependency
2026-10-09T08:07:44.4646522Z ok 188 - java corpus rejects changed deployed dependency
2026-10-09T08:07:44.4647070Z   ---
2026-10-09T08:07:44.4647410Z   duration_ms: 4.02251
2026-10-09T08:07:44.4648012Z   type: 'test'
2026-10-09T08:07:44.4648395Z   ...
2026-10-09T08:07:44.4648933Z # Subtest: java corpus rejects wrong dependency size
2026-10-09T08:07:44.4649681Z ok 189 - java corpus rejects wrong dependency size
2026-10-09T08:07:44.4650225Z   ---
2026-10-09T08:07:44.4650579Z   duration_ms: 5.458675
2026-10-09T08:07:44.4650982Z   type: 'test'
2026-10-09T08:07:44.4651335Z   ...
2026-10-09T08:07:44.4652316Z # Subtest: java corpus rejects missing annotations dependency
2026-10-09T08:07:44.4653205Z ok 190 - java corpus rejects missing annotations dependency
2026-10-09T08:07:44.4653790Z   ---
2026-10-09T08:07:44.4654133Z   duration_ms: 4.773144
2026-10-09T08:07:44.4654532Z   type: 'test'
2026-10-09T08:07:44.4654881Z   ...
2026-10-09T08:07:44.4655477Z # Subtest: java corpus rejects undeclared deployed dependency
2026-10-09T08:07:44.4656328Z ok 191 - java corpus rejects undeclared deployed dependency
2026-10-09T08:07:44.4656917Z   ---
2026-10-09T08:07:44.4657263Z   duration_ms: 6.403882
2026-10-09T08:07:44.4657662Z   type: 'test'
2026-10-09T08:07:44.4658025Z   ...
2026-10-09T08:07:44.4658629Z # Subtest: java corpus rejects old standard library location
2026-10-09T08:07:44.4659482Z ok 192 - java corpus rejects old standard library location
2026-10-09T08:07:44.4660053Z   ---
2026-10-09T08:07:44.4660393Z   duration_ms: 4.380379
2026-10-09T08:07:44.4660766Z   type: 'test'
2026-10-09T08:07:44.4661096Z   ...
2026-10-09T08:07:44.4661898Z # Subtest: java corpus rejects compiler as runtime dependency
2026-10-09T08:07:44.4662742Z ok 193 - java corpus rejects compiler as runtime dependency
2026-10-09T08:07:44.4663297Z   ---
2026-10-09T08:07:44.4663629Z   duration_ms: 5.695508
2026-10-09T08:07:44.4664021Z   type: 'test'
2026-10-09T08:07:44.4664355Z   ...
2026-10-09T08:07:44.4664938Z # Subtest: java corpus rejects unsafe runtime dependency path
2026-10-09T08:07:44.4665783Z ok 194 - java corpus rejects unsafe runtime dependency path
2026-10-09T08:07:44.4666333Z   ---
2026-10-09T08:07:44.4666658Z   duration_ms: 2.737087
2026-10-09T08:07:44.4667051Z   type: 'test'
2026-10-09T08:07:44.4667399Z   ...
2026-10-09T08:07:44.4667893Z # Subtest: java corpus rejects runtime override
2026-10-09T08:07:44.4668587Z ok 195 - java corpus rejects runtime override
2026-10-09T08:07:44.4669103Z   ---
2026-10-09T08:07:44.4669466Z   duration_ms: 2.870877
2026-10-09T08:07:44.4669868Z   type: 'test'
2026-10-09T08:07:44.4670215Z   ...
2026-10-09T08:07:44.4670748Z # Subtest: java corpus rejects source tree present
2026-10-09T08:07:44.4671465Z ok 196 - java corpus rejects source tree present
2026-10-09T08:07:44.4672229Z   ---
2026-10-09T08:07:44.4672562Z   duration_ms: 2.486979
2026-10-09T08:07:44.4672949Z   type: 'test'
2026-10-09T08:07:44.4673270Z   ...
2026-10-09T08:07:44.4673793Z # Subtest: java corpus rejects compiler during execution
2026-10-09T08:07:44.4674571Z ok 197 - java corpus rejects compiler during execution
2026-10-09T08:07:44.4675125Z   ---
2026-10-09T08:07:44.4675484Z   duration_ms: 3.635978
2026-10-09T08:07:44.4675892Z   type: 'test'
2026-10-09T08:07:44.4676252Z   ...
2026-10-09T08:07:44.4676839Z # Subtest: java corpus rejects uncleared native extraction
2026-10-09T08:07:44.4677679Z ok 198 - java corpus rejects uncleared native extraction
2026-10-09T08:07:44.4678239Z   ---
2026-10-09T08:07:44.4678593Z   duration_ms: 5.471168
2026-10-09T08:07:44.4679000Z   type: 'test'
2026-10-09T08:07:44.4679347Z   ...
2026-10-09T08:07:44.4679863Z # Subtest: java corpus rejects single execution
2026-10-09T08:07:44.4680905Z ok 199 - java corpus rejects single execution
2026-10-09T08:07:44.4681427Z   ---
2026-10-09T08:07:44.4682170Z   duration_ms: 4.146682
2026-10-09T08:07:44.4682606Z   type: 'test'
2026-10-09T08:07:44.4682953Z   ...
2026-10-09T08:07:44.4683439Z # Subtest: java corpus rejects missing plugin
2026-10-09T08:07:44.4684120Z ok 200 - java corpus rejects missing plugin
2026-10-09T08:07:44.4684625Z   ---
2026-10-09T08:07:44.4684982Z   duration_ms: 4.423299
2026-10-09T08:07:44.4685391Z   type: 'test'
2026-10-09T08:07:44.4685748Z   ...
2026-10-09T08:07:44.4686502Z # Subtest: java corpus rejects mutable plugin
2026-10-09T08:07:44.4687216Z ok 201 - java corpus rejects mutable plugin
2026-10-09T08:07:44.4687740Z   ---
2026-10-09T08:07:44.4688090Z   duration_ms: 4.430433
2026-10-09T08:07:44.4688533Z   type: 'test'
2026-10-09T08:07:44.4688877Z   ...
2026-10-09T08:07:44.4689365Z # Subtest: java corpus rejects unbound plugin
2026-10-09T08:07:44.4690034Z ok 202 - java corpus rejects unbound plugin
2026-10-09T08:07:44.4690547Z   ---
2026-10-09T08:07:44.4690893Z   duration_ms: 6.575573
2026-10-09T08:07:44.4691293Z   type: 'test'
2026-10-09T08:07:44.4691644Z   ...
2026-10-09T08:07:44.4692476Z # Subtest: java corpus rejects unsafe plugin path
2026-10-09T08:07:44.4693265Z ok 203 - java corpus rejects unsafe plugin path
2026-10-09T08:07:44.4693794Z   ---
2026-10-09T08:07:44.4694147Z   duration_ms: 3.653039
2026-10-09T08:07:44.4694548Z   type: 'test'
2026-10-09T08:07:44.4694892Z   ...
2026-10-09T08:07:44.4695419Z # Subtest: java corpus rejects compiler at runtime
2026-10-09T08:07:44.4696164Z ok 204 - java corpus rejects compiler at runtime
2026-10-09T08:07:44.4696697Z   ---
2026-10-09T08:07:44.4697056Z   duration_ms: 2.758697
2026-10-09T08:07:44.4697473Z   type: 'test'
2026-10-09T08:07:44.4697824Z   ...
2026-10-09T08:07:44.4698353Z # Subtest: java corpus rejects extra runtime module
2026-10-09T08:07:44.4699122Z ok 205 - java corpus rejects extra runtime module
2026-10-09T08:07:44.4699692Z   ---
2026-10-09T08:07:44.4700051Z   duration_ms: 2.507488
2026-10-09T08:07:44.4700476Z   type: 'test'
2026-10-09T08:07:44.4700841Z   ...
2026-10-09T08:07:44.4701421Z # Subtest: java corpus rejects author source at runtime
2026-10-09T08:07:44.4702486Z ok 206 - java corpus rejects author source at runtime
2026-10-09T08:07:44.4703067Z   ---
2026-10-09T08:07:44.4703444Z   duration_ms: 5.072904
2026-10-09T08:07:44.4703870Z   type: 'test'
2026-10-09T08:07:44.4704233Z   ...
2026-10-09T08:07:44.4704787Z # Subtest: java corpus rejects wrong native binary
2026-10-09T08:07:44.4705475Z ok 207 - java corpus rejects wrong native binary
2026-10-09T08:07:44.4706005Z   ---
2026-10-09T08:07:44.4706383Z   duration_ms: 3.755111
2026-10-09T08:07:44.4706790Z   type: 'test'
2026-10-09T08:07:44.4707137Z   ...
2026-10-09T08:07:44.4707618Z # Subtest: java corpus rejects missing native runtime
2026-10-09T08:07:44.4708328Z ok 208 - java corpus rejects missing native runtime
2026-10-09T08:07:44.4708808Z   ---
2026-10-09T08:07:44.4709142Z   duration_ms: 2.673528
2026-10-09T08:07:44.4709496Z   type: 'test'
2026-10-09T08:07:44.4709800Z   ...
2026-10-09T08:07:44.4710263Z # Subtest: java corpus rejects multiple native roots
2026-10-09T08:07:44.4710963Z ok 209 - java corpus rejects multiple native roots
2026-10-09T08:07:44.4711454Z   ---
2026-10-09T08:07:44.4712146Z   duration_ms: 2.391862
2026-10-09T08:07:44.4712522Z   type: 'test'
2026-10-09T08:07:44.4712821Z   ...
2026-10-09T08:07:44.4713347Z # Subtest: java corpus rejects wrong public API path
2026-10-09T08:07:44.4714096Z ok 210 - java corpus rejects wrong public API path
2026-10-09T08:07:44.4714644Z   ---
2026-10-09T08:07:44.4714982Z   duration_ms: 3.529137
2026-10-09T08:07:44.4715387Z   type: 'test'
2026-10-09T08:07:44.4715733Z   ...
2026-10-09T08:07:44.4716269Z # Subtest: java corpus rejects missing runtime error
2026-10-09T08:07:44.4717022Z ok 211 - java corpus rejects missing runtime error
2026-10-09T08:07:44.4717564Z   ---
2026-10-09T08:07:44.4717911Z   duration_ms: 3.466701
2026-10-09T08:07:44.4718570Z   type: 'test'
2026-10-09T08:07:44.4718918Z   ...
2026-10-09T08:07:44.4719439Z # Subtest: java corpus rejects wrong runtime error
2026-10-09T08:07:44.4720172Z ok 212 - java corpus rejects wrong runtime error
2026-10-09T08:07:44.4720721Z   ---
2026-10-09T08:07:44.4721069Z   duration_ms: 3.125904
2026-10-09T08:07:44.4721487Z   type: 'test'
2026-10-09T08:07:44.4722094Z   ...
2026-10-09T08:07:44.4722686Z # Subtest: java corpus rejects failed recovery
2026-10-09T08:07:44.4723398Z ok 213 - java corpus rejects failed recovery
2026-10-09T08:07:44.4723926Z   ---
2026-10-09T08:07:44.4724504Z   duration_ms: 2.988947
2026-10-09T08:07:44.4724937Z   type: 'test'
2026-10-09T08:07:44.4725305Z   ...
2026-10-09T08:07:44.4725832Z # Subtest: java corpus rejects failed Nat recovery
2026-10-09T08:07:44.4726586Z ok 214 - java corpus rejects failed Nat recovery
2026-10-09T08:07:44.4727116Z   ---
2026-10-09T08:07:44.4727470Z   duration_ms: 1.568192
2026-10-09T08:07:44.4727884Z   type: 'test'
2026-10-09T08:07:44.4728243Z   ...
2026-10-09T08:07:44.4728818Z # Subtest: java corpus rejects unrelated compiler error
2026-10-09T08:07:44.4729597Z ok 215 - java corpus rejects unrelated compiler error
2026-10-09T08:07:44.4730140Z   ---
2026-10-09T08:07:44.4730491Z   duration_ms: 2.754249
2026-10-09T08:07:44.4730894Z   type: 'test'
2026-10-09T08:07:44.4731235Z   ...
2026-10-09T08:07:44.4732042Z # Subtest: java corpus rejects wrong diagnostic source
2026-10-09T08:07:44.4732817Z ok 216 - java corpus rejects wrong diagnostic source
2026-10-09T08:07:44.4733351Z   ---
2026-10-09T08:07:44.4733696Z   duration_ms: 1.432258
2026-10-09T08:07:44.4734093Z   type: 'test'
2026-10-09T08:07:44.4734441Z   ...
2026-10-09T08:07:44.4735095Z # Subtest: java corpus rejects missing diagnostic
2026-10-09T08:07:44.4735812Z ok 217 - java corpus rejects missing diagnostic
2026-10-09T08:07:44.4736332Z   ---
2026-10-09T08:07:44.4736679Z   duration_ms: 1.475378
2026-10-09T08:07:44.4737087Z   type: 'test'
2026-10-09T08:07:44.4737428Z   ...
2026-10-09T08:07:44.4737958Z # Subtest: java corpus rejects wrong invalid source
2026-10-09T08:07:44.4738696Z ok 218 - java corpus rejects wrong invalid source
2026-10-09T08:07:44.4739226Z   ---
2026-10-09T08:07:44.4739564Z   duration_ms: 1.425154
2026-10-09T08:07:44.4739962Z   type: 'test'
2026-10-09T08:07:44.4740299Z   ...
2026-10-09T08:07:44.4741140Z # Subtest: kotlin corpus separates compiler errors, unsigned range checks and Lean results
2026-10-09T08:07:44.4742834Z ok 219 - kotlin corpus separates compiler errors, unsigned range checks and Lean results
2026-10-09T08:07:44.4743576Z   ---
2026-10-09T08:07:44.4743934Z   duration_ms: 112.825796
2026-10-09T08:07:44.4744345Z   type: 'test'
2026-10-09T08:07:44.4744690Z   ...
2026-10-09T08:07:44.4745344Z # Subtest: kotlin diagnostics bind rejection to the exact invalid call
2026-10-09T08:07:44.4746384Z ok 220 - kotlin diagnostics bind rejection to the exact invalid call
2026-10-09T08:07:44.4747064Z   ---
2026-10-09T08:07:44.4747430Z   duration_ms: 1.001282
2026-10-09T08:07:44.4747821Z   type: 'test'
2026-10-09T08:07:44.4748168Z   ...
2026-10-09T08:07:44.4748674Z # Subtest: kotlin corpus rejects missing evidence
2026-10-09T08:07:44.4749711Z ok 221 - kotlin corpus rejects missing evidence
2026-10-09T08:07:44.4750274Z   ---
2026-10-09T08:07:44.4750643Z   duration_ms: 1.934857
2026-10-09T08:07:44.4751077Z   type: 'test'
2026-10-09T08:07:44.4751444Z   ...
2026-10-09T08:07:44.4752180Z # Subtest: kotlin corpus rejects wrong JVM
2026-10-09T08:07:44.4752837Z ok 222 - kotlin corpus rejects wrong JVM
2026-10-09T08:07:44.4753336Z   ---
2026-10-09T08:07:44.4753693Z   duration_ms: 5.077392
2026-10-09T08:07:44.4754104Z   type: 'test'
2026-10-09T08:07:44.4754464Z   ...
2026-10-09T08:07:44.4754985Z # Subtest: kotlin corpus rejects wrong compiler
2026-10-09T08:07:44.4755697Z ok 223 - kotlin corpus rejects wrong compiler
2026-10-09T08:07:44.4756217Z   ---
2026-10-09T08:07:44.4756570Z   duration_ms: 2.486579
2026-10-09T08:07:44.4756984Z   type: 'test'
2026-10-09T08:07:44.4757331Z   ...
2026-10-09T08:07:44.4758086Z # Subtest: kotlin corpus rejects wrong Maven
2026-10-09T08:07:44.4758743Z ok 224 - kotlin corpus rejects wrong Maven
2026-10-09T08:07:44.4759244Z   ---
2026-10-09T08:07:44.4759581Z   duration_ms: 1.929427
2026-10-09T08:07:44.4759980Z   type: 'test'
2026-10-09T08:07:44.4760327Z   ...
2026-10-09T08:07:44.4760872Z # Subtest: kotlin corpus rejects missing compiler hash
2026-10-09T08:07:44.4761648Z ok 225 - kotlin corpus rejects missing compiler hash
2026-10-09T08:07:44.4762386Z   ---
2026-10-09T08:07:44.4762749Z   duration_ms: 1.66905
2026-10-09T08:07:44.4763144Z   type: 'test'
2026-10-09T08:07:44.4763703Z   ...
2026-10-09T08:07:44.4764257Z # Subtest: kotlin corpus rejects wrong consumer source
2026-10-09T08:07:44.4765009Z ok 226 - kotlin corpus rejects wrong consumer source
2026-10-09T08:07:44.4765555Z   ---
2026-10-09T08:07:44.4765897Z   duration_ms: 2.47128
2026-10-09T08:07:44.4766291Z   type: 'test'
2026-10-09T08:07:44.4766639Z   ...
2026-10-09T08:07:44.4767208Z # Subtest: kotlin corpus rejects wrong public signatures
2026-10-09T08:07:44.4768005Z ok 227 - kotlin corpus rejects wrong public signatures
2026-10-09T08:07:44.4768574Z   ---
2026-10-09T08:07:44.4768907Z   duration_ms: 4.333041
2026-10-09T08:07:44.4769291Z   type: 'test'
2026-10-09T08:07:44.4769638Z   ...
2026-10-09T08:07:44.4770138Z # Subtest: kotlin corpus rejects wrong binding IR
2026-10-09T08:07:44.4770857Z ok 228 - kotlin corpus rejects wrong binding IR
2026-10-09T08:07:44.4771397Z   ---
2026-10-09T08:07:44.4772618Z   duration_ms: 3.297234
2026-10-09T08:07:44.4773076Z   type: 'test'
2026-10-09T08:07:44.4773440Z   ...
2026-10-09T08:07:44.4773963Z # Subtest: kotlin corpus rejects wrong POM
2026-10-09T08:07:44.4774633Z ok 229 - kotlin corpus rejects wrong POM
2026-10-09T08:07:44.4775162Z   ---
2026-10-09T08:07:44.4775538Z   duration_ms: 2.547602
2026-10-09T08:07:44.4775965Z   type: 'test'
2026-10-09T08:07:44.4776334Z   ...
2026-10-09T08:07:44.4776950Z # Subtest: kotlin corpus rejects wrong JAR
2026-10-09T08:07:44.4777630Z ok 230 - kotlin corpus rejects wrong JAR
2026-10-09T08:07:44.4778170Z   ---
2026-10-09T08:07:44.4778539Z   duration_ms: 2.495144
2026-10-09T08:07:44.4778985Z   type: 'test'
2026-10-09T08:07:44.4779385Z   ...
2026-10-09T08:07:44.4779921Z # Subtest: kotlin corpus rejects ambient settings
2026-10-09T08:07:44.4780698Z ok 231 - kotlin corpus rejects ambient settings
2026-10-09T08:07:44.4781279Z   ---
2026-10-09T08:07:44.4781945Z   duration_ms: 3.797099
2026-10-09T08:07:44.4782406Z   type: 'test'
2026-10-09T08:07:44.4782791Z   ...
2026-10-09T08:07:44.4783361Z # Subtest: kotlin corpus rejects weakened compiler
2026-10-09T08:07:44.4784148Z ok 232 - kotlin corpus rejects weakened compiler
2026-10-09T08:07:44.4784735Z   ---
2026-10-09T08:07:44.4785111Z   duration_ms: 2.595653
2026-10-09T08:07:44.4785554Z   type: 'test'
2026-10-09T08:07:44.4785941Z   ...
2026-10-09T08:07:44.4786459Z # Subtest: kotlin corpus rejects ambient cache
2026-10-09T08:07:44.4787180Z ok 233 - kotlin corpus rejects ambient cache
2026-10-09T08:07:44.4787717Z   ---
2026-10-09T08:07:44.4788124Z   duration_ms: 2.72297
2026-10-09T08:07:44.4788547Z   type: 'test'
2026-10-09T08:07:44.4788921Z   ...
2026-10-09T08:07:44.4789438Z # Subtest: kotlin corpus rejects ambient home
2026-10-09T08:07:44.4790141Z ok 234 - kotlin corpus rejects ambient home
2026-10-09T08:07:44.4790667Z   ---
2026-10-09T08:07:44.4791025Z   duration_ms: 2.544717
2026-10-09T08:07:44.4791450Z   type: 'test'
2026-10-09T08:07:44.4792066Z   ...
2026-10-09T08:07:44.4792629Z # Subtest: kotlin corpus rejects online resolution
2026-10-09T08:07:44.4793406Z ok 235 - kotlin corpus rejects online resolution
2026-10-09T08:07:44.4793976Z   ---
2026-10-09T08:07:44.4794347Z   duration_ms: 4.30076
2026-10-09T08:07:44.4794762Z   type: 'test'
2026-10-09T08:07:44.4795140Z   ...
2026-10-09T08:07:44.4795676Z # Subtest: kotlin corpus rejects extra classpath
2026-10-09T08:07:44.4796420Z ok 236 - kotlin corpus rejects extra classpath
2026-10-09T08:07:44.4796954Z   ---
2026-10-09T08:07:44.4797342Z   duration_ms: 4.202717
2026-10-09T08:07:44.4798206Z   type: 'test'
2026-10-09T08:07:44.4798952Z   ...
2026-10-09T08:07:44.4799896Z # Subtest: kotlin corpus rejects missing resolved dependencies
2026-10-09T08:07:44.4826060Z ok 237 - kotlin corpus rejects missing resolved dependencies
2026-10-09T08:07:44.4826730Z   ---
2026-10-09T08:07:44.4827119Z   duration_ms: 4.098873
2026-10-09T08:07:44.4827625Z   type: 'test'
2026-10-09T08:07:44.4828014Z   ...
2026-10-09T08:07:44.4828670Z # Subtest: kotlin corpus rejects missing runtime dependency
2026-10-09T08:07:44.4829572Z ok 238 - kotlin corpus rejects missing runtime dependency
2026-10-09T08:07:44.4830189Z   ---
2026-10-09T08:07:44.4830994Z   duration_ms: 4.239747
2026-10-09T08:07:44.4831528Z   type: 'test'
2026-10-09T08:07:44.4832212Z   ...
2026-10-09T08:07:44.4832876Z # Subtest: kotlin corpus rejects duplicate runtime dependency
2026-10-09T08:07:44.4833757Z ok 239 - kotlin corpus rejects duplicate runtime dependency
2026-10-09T08:07:44.4834346Z   ---
2026-10-09T08:07:44.4834685Z   duration_ms: 6.045652
2026-10-09T08:07:44.4835109Z   type: 'test'
2026-10-09T08:07:44.4835455Z   ...
2026-10-09T08:07:44.4836049Z # Subtest: kotlin corpus rejects unlocked runtime dependency
2026-10-09T08:07:44.4836897Z ok 240 - kotlin corpus rejects unlocked runtime dependency
2026-10-09T08:07:44.4837484Z   ---
2026-10-09T08:07:44.4837826Z   duration_ms: 2.998776
2026-10-09T08:07:44.4838225Z   type: 'test'
2026-10-09T08:07:44.4838581Z   ...
2026-10-09T08:07:44.4839177Z # Subtest: kotlin corpus rejects changed resolved dependency
2026-10-09T08:07:44.4840032Z ok 241 - kotlin corpus rejects changed resolved dependency
2026-10-09T08:07:44.4840629Z   ---
2026-10-09T08:07:44.4840979Z   duration_ms: 2.443799
2026-10-09T08:07:44.4841377Z   type: 'test'
2026-10-09T08:07:44.4841943Z   ...
2026-10-09T08:07:44.4842551Z # Subtest: kotlin corpus rejects changed deployed dependency
2026-10-09T08:07:44.4843339Z ok 242 - kotlin corpus rejects changed deployed dependency
2026-10-09T08:07:44.4843885Z   ---
2026-10-09T08:07:44.4844217Z   duration_ms: 2.401199
2026-10-09T08:07:44.4844618Z   type: 'test'
2026-10-09T08:07:44.4844966Z   ...
2026-10-09T08:07:44.4845536Z # Subtest: kotlin corpus rejects wrong dependency size
2026-10-09T08:07:44.4846351Z ok 243 - kotlin corpus rejects wrong dependency size
2026-10-09T08:07:44.4846936Z   ---
2026-10-09T08:07:44.4847301Z   duration_ms: 3.664501
2026-10-09T08:07:44.4847719Z   type: 'test'
2026-10-09T08:07:44.4848092Z   ...
2026-10-09T08:07:44.4848748Z # Subtest: kotlin corpus rejects missing annotations dependency
2026-10-09T08:07:44.4849690Z ok 244 - kotlin corpus rejects missing annotations dependency
2026-10-09T08:07:44.4850322Z   ---
2026-10-09T08:07:44.4850697Z   duration_ms: 2.438168
2026-10-09T08:07:44.4851129Z   type: 'test'
2026-10-09T08:07:44.4851505Z   ...
2026-10-09T08:07:44.4853529Z # Subtest: kotlin corpus rejects undeclared deployed dependency
2026-10-09T08:07:44.4854482Z ok 245 - kotlin corpus rejects undeclared deployed dependency
2026-10-09T08:07:44.4855120Z   ---
2026-10-09T08:07:44.4855501Z   duration_ms: 3.034793
2026-10-09T08:07:44.4855939Z   type: 'test'
2026-10-09T08:07:44.4856305Z   ...
2026-10-09T08:07:44.4856955Z # Subtest: kotlin corpus rejects old standard library location
2026-10-09T08:07:44.4857859Z ok 246 - kotlin corpus rejects old standard library location
2026-10-09T08:07:44.4858474Z   ---
2026-10-09T08:07:44.4858845Z   duration_ms: 2.632662
2026-10-09T08:07:44.4859264Z   type: 'test'
2026-10-09T08:07:44.4859638Z   ...
2026-10-09T08:07:44.4860293Z # Subtest: kotlin corpus rejects compiler as runtime dependency
2026-10-09T08:07:44.4861243Z ok 247 - kotlin corpus rejects compiler as runtime dependency
2026-10-09T08:07:44.4862130Z   ---
2026-10-09T08:07:44.4862515Z   duration_ms: 3.641197
2026-10-09T08:07:44.4862948Z   type: 'test'
2026-10-09T08:07:44.4863324Z   ...
2026-10-09T08:07:44.4863986Z # Subtest: kotlin corpus rejects unsafe runtime dependency path
2026-10-09T08:07:44.4864924Z ok 248 - kotlin corpus rejects unsafe runtime dependency path
2026-10-09T08:07:44.4865561Z   ---
2026-10-09T08:07:44.4866238Z   duration_ms: 2.910071
2026-10-09T08:07:44.4866681Z   type: 'test'
2026-10-09T08:07:44.4867050Z   ...
2026-10-09T08:07:44.4867605Z # Subtest: kotlin corpus rejects runtime override
2026-10-09T08:07:44.4868366Z ok 249 - kotlin corpus rejects runtime override
2026-10-09T08:07:44.4868935Z   ---
2026-10-09T08:07:44.4869286Z   duration_ms: 2.343621
2026-10-09T08:07:44.4869687Z   type: 'test'
2026-10-09T08:07:44.4870062Z   ...
2026-10-09T08:07:44.4870630Z # Subtest: kotlin corpus rejects source tree present
2026-10-09T08:07:44.4871433Z ok 250 - kotlin corpus rejects source tree present
2026-10-09T08:07:44.4872493Z   ---
2026-10-09T08:07:44.4872902Z   duration_ms: 2.383556
2026-10-09T08:07:44.4873340Z   type: 'test'
2026-10-09T08:07:44.4873718Z   ...
2026-10-09T08:07:44.4874347Z # Subtest: kotlin corpus rejects compiler during execution
2026-10-09T08:07:44.4875231Z ok 251 - kotlin corpus rejects compiler during execution
2026-10-09T08:07:44.4875862Z   ---
2026-10-09T08:07:44.4876242Z   duration_ms: 2.464097
2026-10-09T08:07:44.4876688Z   type: 'test'
2026-10-09T08:07:44.4877052Z   ...
2026-10-09T08:07:44.4877689Z # Subtest: kotlin corpus rejects uncleared native extraction
2026-10-09T08:07:44.4878586Z ok 252 - kotlin corpus rejects uncleared native extraction
2026-10-09T08:07:44.4879196Z   ---
2026-10-09T08:07:44.4879578Z   duration_ms: 3.595912
2026-10-09T08:07:44.4880009Z   type: 'test'
2026-10-09T08:07:44.4880392Z   ...
2026-10-09T08:07:44.4880940Z # Subtest: kotlin corpus rejects single execution
2026-10-09T08:07:44.4883834Z ok 253 - kotlin corpus rejects single execution
2026-10-09T08:07:44.4884674Z   ---
2026-10-09T08:07:44.4885062Z   duration_ms: 3.375821
2026-10-09T08:07:44.4885517Z   type: 'test'
2026-10-09T08:07:44.4885888Z   ...
2026-10-09T08:07:44.4886441Z # Subtest: kotlin corpus rejects missing plugin
2026-10-09T08:07:44.4887197Z ok 254 - kotlin corpus rejects missing plugin
2026-10-09T08:07:44.4887759Z   ---
2026-10-09T08:07:44.4888106Z   duration_ms: 3.368748
2026-10-09T08:07:44.4888516Z   type: 'test'
2026-10-09T08:07:44.4888866Z   ...
2026-10-09T08:07:44.4889369Z # Subtest: kotlin corpus rejects mutable plugin
2026-10-09T08:07:44.4890048Z ok 255 - kotlin corpus rejects mutable plugin
2026-10-09T08:07:44.4890581Z   ---
2026-10-09T08:07:44.4890951Z   duration_ms: 4.363688
2026-10-09T08:07:44.4891375Z   type: 'test'
2026-10-09T08:07:44.4891973Z   ...
2026-10-09T08:07:44.4892565Z # Subtest: kotlin corpus rejects unbound plugin
2026-10-09T08:07:44.4893303Z ok 256 - kotlin corpus rejects unbound plugin
2026-10-09T08:07:44.4893858Z   ---
2026-10-09T08:07:44.4894232Z   duration_ms: 5.253761
2026-10-09T08:07:44.4894674Z   type: 'test'
2026-10-09T08:07:44.4895049Z   ...
2026-10-09T08:07:44.4895600Z # Subtest: kotlin corpus rejects unsafe plugin path
2026-10-09T08:07:44.4896405Z ok 257 - kotlin corpus rejects unsafe plugin path
2026-10-09T08:07:44.4896965Z   ---
2026-10-09T08:07:44.4897300Z   duration_ms: 3.993987
2026-10-09T08:07:44.4897703Z   type: 'test'
2026-10-09T08:07:44.4898061Z   ...
2026-10-09T08:07:44.4898580Z # Subtest: kotlin corpus rejects compiler at runtime
2026-10-09T08:07:44.4899325Z ok 258 - kotlin corpus rejects compiler at runtime
2026-10-09T08:07:44.4899867Z   ---
2026-10-09T08:07:44.4900216Z   duration_ms: 4.321289
2026-10-09T08:07:44.4900633Z   type: 'test'
2026-10-09T08:07:44.4900991Z   ...
2026-10-09T08:07:44.4901530Z # Subtest: kotlin corpus rejects extra runtime module
2026-10-09T08:07:44.4902514Z ok 259 - kotlin corpus rejects extra runtime module
2026-10-09T08:07:44.4903050Z   ---
2026-10-09T08:07:44.4903402Z   duration_ms: 4.106107
2026-10-09T08:07:44.4903813Z   type: 'test'
2026-10-09T08:07:44.4904153Z   ...
2026-10-09T08:07:44.4904720Z # Subtest: kotlin corpus rejects author source at runtime
2026-10-09T08:07:44.4905514Z ok 260 - kotlin corpus rejects author source at runtime
2026-10-09T08:07:44.4906036Z   ---
2026-10-09T08:07:44.4906370Z   duration_ms: 5.6489
2026-10-09T08:07:44.4906754Z   type: 'test'
2026-10-09T08:07:44.4907096Z   ...
2026-10-09T08:07:44.4907885Z # Subtest: kotlin corpus rejects wrong native binary
2026-10-09T08:07:44.4908573Z ok 261 - kotlin corpus rejects wrong native binary
2026-10-09T08:07:44.4909105Z   ---
2026-10-09T08:07:44.4909447Z   duration_ms: 2.539287
2026-10-09T08:07:44.4909833Z   type: 'test'
2026-10-09T08:07:44.4910188Z   ...
2026-10-09T08:07:44.4910736Z # Subtest: kotlin corpus rejects missing native runtime
2026-10-09T08:07:44.4911479Z ok 262 - kotlin corpus rejects missing native runtime
2026-10-09T08:07:44.4912614Z   ---
2026-10-09T08:07:44.4912960Z   duration_ms: 2.496638
2026-10-09T08:07:44.4913365Z   type: 'test'
2026-10-09T08:07:44.4913929Z   ...
2026-10-09T08:07:44.4914482Z # Subtest: kotlin corpus rejects multiple native roots
2026-10-09T08:07:44.4915244Z ok 263 - kotlin corpus rejects multiple native roots
2026-10-09T08:07:44.4915763Z   ---
2026-10-09T08:07:44.4916105Z   duration_ms: 2.409104
2026-10-09T08:07:44.4916485Z   type: 'test'
2026-10-09T08:07:44.4916818Z   ...
2026-10-09T08:07:44.4917381Z # Subtest: kotlin corpus rejects wrong public API path
2026-10-09T08:07:44.4918181Z ok 264 - kotlin corpus rejects wrong public API path
2026-10-09T08:07:44.4918749Z   ---
2026-10-09T08:07:44.4919118Z   duration_ms: 3.500104
2026-10-09T08:07:44.4919871Z   type: 'test'
2026-10-09T08:07:44.4920423Z   ...
2026-10-09T08:07:44.4921178Z # Subtest: kotlin corpus rejects missing runtime error
2026-10-09T08:07:44.4922720Z ok 265 - kotlin corpus rejects missing runtime error
2026-10-09T08:07:44.4923322Z   ---
2026-10-09T08:07:44.4923861Z   duration_ms: 2.950315
2026-10-09T08:07:44.4924588Z   type: 'test'
2026-10-09T08:07:44.4924977Z   ...
2026-10-09T08:07:44.4925855Z # Subtest: kotlin corpus rejects wrong runtime error
2026-10-09T08:07:44.4926799Z ok 266 - kotlin corpus rejects wrong runtime error
2026-10-09T08:07:44.4927695Z   ---
2026-10-09T08:07:44.4928288Z   duration_ms: 2.885905
2026-10-09T08:07:44.4928720Z   type: 'test'
2026-10-09T08:07:44.4929258Z   ...
2026-10-09T08:07:44.4930100Z # Subtest: kotlin corpus rejects failed recovery
2026-10-09T08:07:44.4931013Z ok 267 - kotlin corpus rejects failed recovery
2026-10-09T08:07:44.4932087Z   ---
2026-10-09T08:07:44.4932502Z   duration_ms: 2.865057
2026-10-09T08:07:44.4933090Z   type: 'test'
2026-10-09T08:07:44.4933615Z   ...
2026-10-09T08:07:44.4934334Z # Subtest: kotlin corpus rejects failed Nat recovery
2026-10-09T08:07:44.4935673Z ok 268 - kotlin corpus rejects failed Nat recovery
2026-10-09T08:07:44.4936408Z   ---
2026-10-09T08:07:44.4937077Z   duration_ms: 2.687695
2026-10-09T08:07:44.4937520Z   type: 'test'
2026-10-09T08:07:44.4938066Z   ...
2026-10-09T08:07:44.4938989Z # Subtest: kotlin corpus rejects unrelated compiler error
2026-10-09T08:07:44.4940157Z ok 269 - kotlin corpus rejects unrelated compiler error
2026-10-09T08:07:44.4941033Z   ---
2026-10-09T08:07:44.4941436Z   duration_ms: 1.41791
2026-10-09T08:07:44.4942240Z   type: 'test'
2026-10-09T08:07:44.4942621Z   ...
2026-10-09T08:07:44.4943225Z # Subtest: kotlin corpus rejects wrong diagnostic source
2026-10-09T08:07:44.4944059Z ok 270 - kotlin corpus rejects wrong diagnostic source
2026-10-09T08:07:44.4944646Z   ---
2026-10-09T08:07:44.4945024Z   duration_ms: 1.379479
2026-10-09T08:07:44.4945459Z   type: 'test'
2026-10-09T08:07:44.4945827Z   ...
2026-10-09T08:07:44.4946383Z # Subtest: kotlin corpus rejects missing diagnostic
2026-10-09T08:07:44.4947147Z ok 271 - kotlin corpus rejects missing diagnostic
2026-10-09T08:07:44.4947708Z   ---
2026-10-09T08:07:44.4948342Z   duration_ms: 1.470359
2026-10-09T08:07:44.4948805Z   type: 'test'
2026-10-09T08:07:44.4949338Z   ...
2026-10-09T08:07:44.4950209Z # Subtest: kotlin corpus rejects wrong invalid source
2026-10-09T08:07:44.4951174Z ok 272 - kotlin corpus rejects wrong invalid source
2026-10-09T08:07:44.4952265Z   ---
2026-10-09T08:07:44.4952649Z   duration_ms: 1.405187
2026-10-09T08:07:44.4953249Z   type: 'test'
2026-10-09T08:07:44.4953781Z   ...
2026-10-09T08:07:44.4954522Z # Subtest: Kotlin corpus rejects wrong Kotlin compiler
2026-10-09T08:07:44.4955767Z ok 273 - Kotlin corpus rejects wrong Kotlin compiler
2026-10-09T08:07:44.4956806Z   ---
2026-10-09T08:07:44.4957191Z   duration_ms: 3.463475
2026-10-09T08:07:44.4957936Z   type: 'test'
2026-10-09T08:07:44.4958328Z   ...
2026-10-09T08:07:44.4959080Z # Subtest: Kotlin corpus rejects missing Kotlin compiler
2026-10-09T08:07:44.4960332Z ok 274 - Kotlin corpus rejects missing Kotlin compiler
2026-10-09T08:07:44.4961209Z   ---
2026-10-09T08:07:44.4961600Z   duration_ms: 3.960053
2026-10-09T08:07:44.4962397Z   type: 'test'
2026-10-09T08:07:44.4963070Z   ...
2026-10-09T08:07:44.4963838Z # Subtest: Kotlin corpus rejects changed standard library
2026-10-09T08:07:44.4965059Z ok 275 - Kotlin corpus rejects changed standard library
2026-10-09T08:07:44.4965623Z   ---
2026-10-09T08:07:44.4965956Z   duration_ms: 2.4925
2026-10-09T08:07:44.4966304Z   type: 'test'
2026-10-09T08:07:44.4966643Z   ...
2026-10-09T08:07:44.4967165Z # Subtest: Kotlin corpus rejects wrong Kotlin version
2026-10-09T08:07:44.4967835Z ok 276 - Kotlin corpus rejects wrong Kotlin version
2026-10-09T08:07:44.4968335Z   ---
2026-10-09T08:07:44.4968665Z   duration_ms: 1.292226
2026-10-09T08:07:44.4969042Z   type: 'test'
2026-10-09T08:07:44.4969375Z   ...
2026-10-09T08:07:44.4970150Z # Subtest: PHP corpus binds separate weak and strict public callers to the same fresh oracle
2026-10-09T08:07:44.4971341Z ok 277 - PHP corpus binds separate weak and strict public callers to the same fresh oracle
2026-10-09T08:07:44.4972318Z   ---
2026-10-09T08:07:44.4972635Z   duration_ms: 127.145998
2026-10-09T08:07:44.4973003Z   type: 'test'
2026-10-09T08:07:44.4973353Z   ...
2026-10-09T08:07:44.4973851Z # Subtest: PHP corpus rejects missing evidence
2026-10-09T08:07:44.4974519Z ok 278 - PHP corpus rejects missing evidence
2026-10-09T08:07:44.4975001Z   ---
2026-10-09T08:07:44.4975305Z   duration_ms: 4.096649
2026-10-09T08:07:44.4975678Z   type: 'test'
2026-10-09T08:07:44.4975996Z   ...
2026-10-09T08:07:44.4976471Z # Subtest: PHP corpus rejects unsupported PHP
2026-10-09T08:07:44.4977146Z ok 279 - PHP corpus rejects unsupported PHP
2026-10-09T08:07:44.4977656Z   ---
2026-10-09T08:07:44.4978003Z   duration_ms: 3.604248
2026-10-09T08:07:44.4978398Z   type: 'test'
2026-10-09T08:07:44.4978745Z   ...
2026-10-09T08:07:44.4979224Z # Subtest: PHP corpus rejects wrong Composer
2026-10-09T08:07:44.4979900Z ok 280 - PHP corpus rejects wrong Composer
2026-10-09T08:07:44.4980431Z   ---
2026-10-09T08:07:44.4980834Z   duration_ms: 3.602565
2026-10-09T08:07:44.4981553Z   type: 'test'
2026-10-09T08:07:44.4982233Z   ...
2026-10-09T08:07:44.4982974Z # Subtest: PHP corpus rejects unhashed host
2026-10-09T08:07:44.4983716Z ok 281 - PHP corpus rejects unhashed host
2026-10-09T08:07:44.4984579Z   ---
2026-10-09T08:07:44.4985110Z   duration_ms: 8.523285
2026-10-09T08:07:44.4985835Z   type: 'test'
2026-10-09T08:07:44.4986211Z   ...
2026-10-09T08:07:44.4987183Z # Subtest: PHP corpus rejects unidentified Composer
2026-10-09T08:07:44.4988173Z ok 282 - PHP corpus rejects unidentified Composer
2026-10-09T08:07:44.4989021Z   ---
2026-10-09T08:07:44.4989697Z   duration_ms: 5.392021
2026-10-09T08:07:44.4990268Z   type: 'test'
2026-10-09T08:07:44.4990785Z   ...
2026-10-09T08:07:44.4991576Z # Subtest: PHP corpus rejects project tool code
2026-10-09T08:07:44.4992513Z ok 283 - PHP corpus rejects project tool code
2026-10-09T08:07:44.4993040Z   ---
2026-10-09T08:07:44.4993378Z   duration_ms: 5.387742
2026-10-09T08:07:44.4993775Z   type: 'test'
2026-10-09T08:07:44.4994113Z   ...
2026-10-09T08:07:44.4994646Z # Subtest: PHP corpus rejects unbound Composer maps
2026-10-09T08:07:44.4995397Z ok 284 - PHP corpus rejects unbound Composer maps
2026-10-09T08:07:44.4995951Z   ---
2026-10-09T08:07:44.4996288Z   duration_ms: 5.747846
2026-10-09T08:07:44.4996675Z   type: 'test'
2026-10-09T08:07:44.4997015Z   ...
2026-10-09T08:07:44.4997597Z # Subtest: PHP corpus rejects unrelated Composer-loaded file
2026-10-09T08:07:44.4998475Z ok 285 - PHP corpus rejects unrelated Composer-loaded file
2026-10-09T08:07:44.4999063Z   ---
2026-10-09T08:07:44.4999411Z   duration_ms: 5.158874
2026-10-09T08:07:44.5000072Z   type: 'test'
2026-10-09T08:07:44.5000422Z   ...
2026-10-09T08:07:44.5000927Z # Subtest: PHP corpus rejects changed Composer map
2026-10-09T08:07:44.5001892Z ok 286 - PHP corpus rejects changed Composer map
2026-10-09T08:07:44.5002460Z   ---
2026-10-09T08:07:44.5002791Z   duration_ms: 5.24698
2026-10-09T08:07:44.5003205Z   type: 'test'
2026-10-09T08:07:44.5003566Z   ...
2026-10-09T08:07:44.5004073Z # Subtest: PHP corpus rejects unbound probe
2026-10-09T08:07:44.5004752Z ok 287 - PHP corpus rejects unbound probe
2026-10-09T08:07:44.5005275Z   ---
2026-10-09T08:07:44.5005883Z   duration_ms: 3.46586
2026-10-09T08:07:44.5006328Z   type: 'test'
2026-10-09T08:07:44.5006706Z   ...
2026-10-09T08:07:44.5007218Z # Subtest: PHP corpus rejects changed request
2026-10-09T08:07:44.5007935Z ok 288 - PHP corpus rejects changed request
2026-10-09T08:07:44.5008464Z   ---
2026-10-09T08:07:44.5008831Z   duration_ms: 4.322091
2026-10-09T08:07:44.5009253Z   type: 'test'
2026-10-09T08:07:44.5009622Z   ...
2026-10-09T08:07:44.5010130Z # Subtest: PHP corpus rejects changed source
2026-10-09T08:07:44.5010826Z ok 289 - PHP corpus rejects changed source
2026-10-09T08:07:44.5011362Z   ---
2026-10-09T08:07:44.5012126Z   duration_ms: 9.86889
2026-10-09T08:07:44.5012575Z   type: 'test'
2026-10-09T08:07:44.5012940Z   ...
2026-10-09T08:07:44.5013651Z # Subtest: PHP corpus rejects wrong binding IR
2026-10-09T08:07:44.5014377Z ok 290 - PHP corpus rejects wrong binding IR
2026-10-09T08:07:44.5014908Z   ---
2026-10-09T08:07:44.5015274Z   duration_ms: 4.346155
2026-10-09T08:07:44.5015693Z   type: 'test'
2026-10-09T08:07:44.5016078Z   ...
2026-10-09T08:07:44.5016574Z # Subtest: PHP corpus rejects wrong archive
2026-10-09T08:07:44.5017542Z ok 291 - PHP corpus rejects wrong archive
2026-10-09T08:07:44.5018073Z   ---
2026-10-09T08:07:44.5018447Z   duration_ms: 5.907043
2026-10-09T08:07:44.5018874Z   type: 'test'
2026-10-09T08:07:44.5019240Z   ...
2026-10-09T08:07:44.5019740Z # Subtest: PHP corpus rejects ambient INI
2026-10-09T08:07:44.5020420Z ok 292 - PHP corpus rejects ambient INI
2026-10-09T08:07:44.5020943Z   ---
2026-10-09T08:07:44.5021308Z   duration_ms: 7.514589
2026-10-09T08:07:44.5021975Z   type: 'test'
2026-10-09T08:07:44.5022362Z   ...
2026-10-09T08:07:44.5023006Z # Subtest: PHP corpus rejects runtime auto prepend
2026-10-09T08:07:44.5023798Z ok 293 - PHP corpus rejects runtime auto prepend
2026-10-09T08:07:44.5024367Z   ---
2026-10-09T08:07:44.5024744Z   duration_ms: 7.638039
2026-10-09T08:07:44.5025163Z   type: 'test'
2026-10-09T08:07:44.5025535Z   ...
2026-10-09T08:07:44.5026036Z # Subtest: PHP corpus rejects extra extension
2026-10-09T08:07:44.5026745Z ok 294 - PHP corpus rejects extra extension
2026-10-09T08:07:44.5027284Z   ---
2026-10-09T08:07:44.5027659Z   duration_ms: 7.662034
2026-10-09T08:07:44.5028097Z   type: 'test'
2026-10-09T08:07:44.5028461Z   ...
2026-10-09T08:07:44.5028987Z # Subtest: PHP corpus rejects unbound receipt
2026-10-09T08:07:44.5029696Z ok 295 - PHP corpus rejects unbound receipt
2026-10-09T08:07:44.5030237Z   ---
2026-10-09T08:07:44.5030610Z   duration_ms: 11.36132
2026-10-09T08:07:44.5031035Z   type: 'test'
2026-10-09T08:07:44.5031418Z   ...
2026-10-09T08:07:44.5032191Z # Subtest: PHP corpus rejects extra locked package
2026-10-09T08:07:44.5032981Z ok 296 - PHP corpus rejects extra locked package
2026-10-09T08:07:44.5033551Z   ---
2026-10-09T08:07:44.5033930Z   duration_ms: 5.580182
2026-10-09T08:07:44.5034352Z   type: 'test'
2026-10-09T08:07:44.5034726Z   ...
2026-10-09T08:07:44.5035322Z # Subtest: PHP corpus rejects changed integer dependency
2026-10-09T08:07:44.5036170Z ok 297 - PHP corpus rejects changed integer dependency
2026-10-09T08:07:44.5036765Z   ---
2026-10-09T08:07:44.5037133Z   duration_ms: 4.684177
2026-10-09T08:07:44.5037556Z   type: 'test'
2026-10-09T08:07:44.5037931Z   ...
2026-10-09T08:07:44.5038503Z # Subtest: PHP corpus rejects missing integer source
2026-10-09T08:07:44.5039294Z ok 298 - PHP corpus rejects missing integer source
2026-10-09T08:07:44.5039864Z   ---
2026-10-09T08:07:44.5040532Z   duration_ms: 4.935356
2026-10-09T08:07:44.5040969Z   type: 'test'
2026-10-09T08:07:44.5041349Z   ...
2026-10-09T08:07:44.5043132Z # Subtest: PHP corpus rejects changed integer source
2026-10-09T08:07:44.5044646Z ok 299 - PHP corpus rejects changed integer source
2026-10-09T08:07:44.5045485Z   ---
2026-10-09T08:07:44.5046031Z   duration_ms: 5.161749
2026-10-09T08:07:44.5046769Z   type: 'test'
2026-10-09T08:07:44.5047282Z   ...
2026-10-09T08:07:44.5048102Z # Subtest: PHP corpus rejects extra dev package
2026-10-09T08:07:44.5049233Z ok 300 - PHP corpus rejects extra dev package
2026-10-09T08:07:44.5050040Z   ---
2026-10-09T08:07:44.5050412Z   duration_ms: 6.676392
2026-10-09T08:07:44.5050819Z   type: 'test'
2026-10-09T08:07:44.5051379Z   ...
2026-10-09T08:07:44.5052520Z # Subtest: PHP corpus rejects wrong installed package
2026-10-09T08:07:44.5053668Z ok 301 - PHP corpus rejects wrong installed package
2026-10-09T08:07:44.5054556Z   ---
2026-10-09T08:07:44.5055140Z   duration_ms: 4.780928
2026-10-09T08:07:44.5055737Z   type: 'test'
2026-10-09T08:07:44.5056259Z   ...
2026-10-09T08:07:44.5057103Z # Subtest: PHP corpus rejects extra deployed payload
2026-10-09T08:07:44.5058199Z ok 302 - PHP corpus rejects extra deployed payload
2026-10-09T08:07:44.5058925Z   ---
2026-10-09T08:07:44.5059450Z   duration_ms: 5.471429
2026-10-09T08:07:44.5060168Z   type: 'test'
2026-10-09T08:07:44.5060678Z   ...
2026-10-09T08:07:44.5061471Z # Subtest: PHP corpus rejects changed API
2026-10-09T08:07:44.5062394Z ok 303 - PHP corpus rejects changed API
2026-10-09T08:07:44.5063231Z   ---
2026-10-09T08:07:44.5063851Z   duration_ms: 8.824958
2026-10-09T08:07:44.5064295Z   type: 'test'
2026-10-09T08:07:44.5064674Z   ...
2026-10-09T08:07:44.5065182Z # Subtest: PHP corpus rejects single caller
2026-10-09T08:07:44.5065890Z ok 304 - PHP corpus rejects single caller
2026-10-09T08:07:44.5066417Z   ---
2026-10-09T08:07:44.5066799Z   duration_ms: 5.465218
2026-10-09T08:07:44.5067234Z   type: 'test'
2026-10-09T08:07:44.5067637Z   ...
2026-10-09T08:07:44.5068168Z # Subtest: PHP corpus rejects mislabeled caller
2026-10-09T08:07:44.5068909Z ok 305 - PHP corpus rejects mislabeled caller
2026-10-09T08:07:44.5069465Z   ---
2026-10-09T08:07:44.5069830Z   duration_ms: 5.800815
2026-10-09T08:07:44.5070264Z   type: 'test'
2026-10-09T08:07:44.5070625Z   ...
2026-10-09T08:07:44.5071121Z # Subtest: PHP corpus rejects 32-bit host
2026-10-09T08:07:44.5072355Z ok 306 - PHP corpus rejects 32-bit host
2026-10-09T08:07:44.5073063Z   ---
2026-10-09T08:07:44.5073576Z   duration_ms: 5.388674
2026-10-09T08:07:44.5074142Z   type: 'test'
2026-10-09T08:07:44.5074805Z   ...
2026-10-09T08:07:44.5075299Z # Subtest: PHP corpus rejects threaded host
2026-10-09T08:07:44.5075969Z ok 307 - PHP corpus rejects threaded host
2026-10-09T08:07:44.5076473Z   ---
2026-10-09T08:07:44.5076815Z   duration_ms: 5.510081
2026-10-09T08:07:44.5077198Z   type: 'test'
2026-10-09T08:07:44.5077529Z   ...
2026-10-09T08:07:44.5077817Z # Subtest: PHP corpus rejects web SAPI
2026-10-09T08:07:44.5078187Z ok 308 - PHP corpus rejects web SAPI
2026-10-09T08:07:44.5078473Z   ---
2026-10-09T08:07:44.5078687Z   duration_ms: 5.554594
2026-10-09T08:07:44.5078930Z   type: 'test'
2026-10-09T08:07:44.5079139Z   ...
2026-10-09T08:07:44.5079429Z # Subtest: PHP corpus rejects retained records
2026-10-09T08:07:44.5079821Z ok 309 - PHP corpus rejects retained records
2026-10-09T08:07:44.5080115Z   ---
2026-10-09T08:07:44.5080324Z   duration_ms: 8.60665
2026-10-09T08:07:44.5080556Z   type: 'test'
2026-10-09T08:07:44.5080765Z   ...
2026-10-09T08:07:44.5081034Z # Subtest: PHP corpus rejects outside API
2026-10-09T08:07:44.5081408Z ok 310 - PHP corpus rejects outside API
2026-10-09T08:07:44.5082136Z   ---
2026-10-09T08:07:44.5082516Z   duration_ms: 5.80335
2026-10-09T08:07:44.5082907Z   type: 'test'
2026-10-09T08:07:44.5083183Z   ...
2026-10-09T08:07:44.5083510Z # Subtest: PHP corpus rejects missing native runtime
2026-10-09T08:07:44.5083939Z ok 311 - PHP corpus rejects missing native runtime
2026-10-09T08:07:44.5084503Z   ---
2026-10-09T08:07:44.5084709Z   duration_ms: 5.573159
2026-10-09T08:07:44.5084953Z   type: 'test'
2026-10-09T08:07:44.5085160Z   ...
2026-10-09T08:07:44.5085447Z # Subtest: PHP corpus rejects ambient PHP file
2026-10-09T08:07:44.5085857Z ok 312 - PHP corpus rejects ambient PHP file
2026-10-09T08:07:44.5086154Z   ---
2026-10-09T08:07:44.5086366Z   duration_ms: 5.63746
2026-10-09T08:07:44.5086597Z   type: 'test'
2026-10-09T08:07:44.5086807Z   ...
2026-10-09T08:07:44.5087120Z # Subtest: PHP corpus rejects strict calls in weak file
2026-10-09T08:07:44.5087693Z ok 313 - PHP corpus rejects strict calls in weak file
2026-10-09T08:07:44.5088037Z   ---
2026-10-09T08:07:44.5088249Z   duration_ms: 6.266655
2026-10-09T08:07:44.5088492Z   type: 'test'
2026-10-09T08:07:44.5088702Z   ...
2026-10-09T08:07:44.5089009Z # Subtest: PHP corpus rejects strict result drift
2026-10-09T08:07:44.5089421Z ok 314 - PHP corpus rejects strict result drift
2026-10-09T08:07:44.5089731Z   ---
2026-10-09T08:07:44.5089941Z   duration_ms: 8.438936
2026-10-09T08:07:44.5090179Z   type: 'test'
2026-10-09T08:07:44.5090390Z   ...
2026-10-09T08:07:44.5090684Z # Subtest: PHP corpus rejects missing strict error
2026-10-09T08:07:44.5091101Z ok 315 - PHP corpus rejects missing strict error
2026-10-09T08:07:44.5091192Z   ---
2026-10-09T08:07:44.5091291Z   duration_ms: 6.925366
2026-10-09T08:07:44.5091387Z   type: 'test'
2026-10-09T08:07:44.5091476Z   ...
2026-10-09T08:07:44.5091956Z # Subtest: PHP corpus rejects wrong error recovery
2026-10-09T08:07:44.5092303Z ok 316 - PHP corpus rejects wrong error recovery
2026-10-09T08:07:44.5092445Z   ---
2026-10-09T08:07:44.5092623Z   duration_ms: 9.139306
2026-10-09T08:07:44.5092775Z   type: 'test'
2026-10-09T08:07:44.5092903Z   ...
2026-10-09T08:07:44.5093214Z # Subtest: PHP corpus rejects wrong rejection stage
2026-10-09T08:07:44.5093536Z ok 317 - PHP corpus rejects wrong rejection stage
2026-10-09T08:07:44.5093677Z   ---
2026-10-09T08:07:44.5093847Z   duration_ms: 5.118599
2026-10-09T08:07:44.5094006Z   type: 'test'
2026-10-09T08:07:44.5094148Z   ...
2026-10-09T08:07:44.5094506Z # Subtest: PHP corpus rejects wrong rejection message
2026-10-09T08:07:44.5094832Z ok 318 - PHP corpus rejects wrong rejection message
2026-10-09T08:07:44.5094970Z   ---
2026-10-09T08:07:44.5095132Z   duration_ms: 5.029752
2026-10-09T08:07:44.5095285Z   type: 'test'
2026-10-09T08:07:44.5095431Z   ...
2026-10-09T08:07:44.5095757Z # Subtest: PHP corpus rejects wrong base recovery
2026-10-09T08:07:44.5096083Z ok 319 - PHP corpus rejects wrong base recovery
2026-10-09T08:07:44.5096230Z   ---
2026-10-09T08:07:44.5096399Z   duration_ms: 4.049341
2026-10-09T08:07:44.5096572Z   type: 'test'
2026-10-09T08:07:44.5096718Z   ...
2026-10-09T08:07:44.5097111Z # Subtest: PHP corpus rejects missing emptyComposerHome
2026-10-09T08:07:44.5097489Z ok 320 - PHP corpus rejects missing emptyComposerHome
2026-10-09T08:07:44.5097652Z   ---
2026-10-09T08:07:44.5097810Z   duration_ms: 5.933593
2026-10-09T08:07:44.5097956Z   type: 'test'
2026-10-09T08:07:44.5098107Z   ...
2026-10-09T08:07:44.5098425Z # Subtest: PHP corpus rejects missing emptyCache
2026-10-09T08:07:44.5098731Z ok 321 - PHP corpus rejects missing emptyCache
2026-10-09T08:07:44.5098877Z   ---
2026-10-09T08:07:44.5099032Z   duration_ms: 3.945917
2026-10-09T08:07:44.5099182Z   type: 'test'
2026-10-09T08:07:44.5099324Z   ...
2026-10-09T08:07:44.5099634Z # Subtest: PHP corpus rejects missing offline
2026-10-09T08:07:44.5099922Z ok 322 - PHP corpus rejects missing offline
2026-10-09T08:07:44.5100064Z   ---
2026-10-09T08:07:44.5100227Z   duration_ms: 3.381101
2026-10-09T08:07:44.5100375Z   type: 'test'
2026-10-09T08:07:44.5100537Z   ...
2026-10-09T08:07:44.5100891Z # Subtest: PHP corpus rejects missing lockedInstall
2026-10-09T08:07:44.5101232Z ok 323 - PHP corpus rejects missing lockedInstall
2026-10-09T08:07:44.5101380Z   ---
2026-10-09T08:07:44.5101568Z   duration_ms: 3.360743
2026-10-09T08:07:44.5102004Z   type: 'test'
2026-10-09T08:07:44.5102103Z   ...
2026-10-09T08:07:44.5102368Z # Subtest: PHP corpus rejects missing exactPublicSignatures
2026-10-09T08:07:44.5103114Z ok 324 - PHP corpus rejects missing exactPublicSignatures
2026-10-09T08:07:44.5103280Z   ---
2026-10-09T08:07:44.5103465Z   duration_ms: 3.836593
2026-10-09T08:07:44.5103631Z   type: 'test'
2026-10-09T08:07:44.5103774Z   ...
2026-10-09T08:07:44.5104142Z # Subtest: PHP corpus rejects missing publicApiOnly
2026-10-09T08:07:44.5104495Z ok 325 - PHP corpus rejects missing publicApiOnly
2026-10-09T08:07:44.5104649Z   ---
2026-10-09T08:07:44.5104818Z   duration_ms: 3.373006
2026-10-09T08:07:44.5104986Z   type: 'test'
2026-10-09T08:07:44.5105142Z   ...
2026-10-09T08:07:44.5105736Z # Subtest: PHP corpus rejects missing relocated
2026-10-09T08:07:44.5106079Z ok 326 - PHP corpus rejects missing relocated
2026-10-09T08:07:44.5106240Z   ---
2026-10-09T08:07:44.5106427Z   duration_ms: 3.343771
2026-10-09T08:07:44.5106582Z   type: 'test'
2026-10-09T08:07:44.5106737Z   ...
2026-10-09T08:07:44.5107170Z # Subtest: PHP corpus rejects missing compilerFreeExecution
2026-10-09T08:07:44.5107590Z ok 327 - PHP corpus rejects missing compilerFreeExecution
2026-10-09T08:07:44.5107758Z   ---
2026-10-09T08:07:44.5107940Z   duration_ms: 3.502388
2026-10-09T08:07:44.5108096Z   type: 'test'
2026-10-09T08:07:44.5108250Z   ...
2026-10-09T08:07:44.5108675Z # Subtest: PHP corpus rejects missing runtimeOverridesDisabled
2026-10-09T08:07:44.5109105Z ok 328 - PHP corpus rejects missing runtimeOverridesDisabled
2026-10-09T08:07:44.5109258Z   ---
2026-10-09T08:07:44.5109425Z   duration_ms: 3.443287
2026-10-09T08:07:44.5109593Z   type: 'test'
2026-10-09T08:07:44.5109745Z   ...
2026-10-09T08:07:44.5110099Z # Subtest: PHP corpus rejects missing iniDisabled
2026-10-09T08:07:44.5110430Z ok 329 - PHP corpus rejects missing iniDisabled
2026-10-09T08:07:44.5110584Z   ---
2026-10-09T08:07:44.5110761Z   duration_ms: 6.260293
2026-10-09T08:07:44.5110926Z   type: 'test'
2026-10-09T08:07:44.5111073Z   ...
2026-10-09T08:07:44.5111471Z # Subtest: PHP corpus rejects missing repeatExecution
2026-10-09T08:07:44.5112165Z ok 330 - PHP corpus rejects missing repeatExecution
2026-10-09T08:07:44.5112319Z   ---
2026-10-09T08:07:44.5112459Z   duration_ms: 3.623234
2026-10-09T08:07:44.5112592Z   type: 'test'
2026-10-09T08:07:44.5112727Z   ...
2026-10-09T08:07:44.5113151Z # Subtest: PHP corpus rejects missing unchangedDeployment
2026-10-09T08:07:44.5113550Z ok 331 - PHP corpus rejects missing unchangedDeployment
2026-10-09T08:07:44.5113694Z   ---
2026-10-09T08:07:44.5113868Z   duration_ms: 3.663218
2026-10-09T08:07:44.5114033Z   type: 'test'
2026-10-09T08:07:44.5114185Z   ...
2026-10-09T08:07:44.5114549Z # Subtest: PHP corpus rejects missing localLibraries
2026-10-09T08:07:44.5114902Z ok 332 - PHP corpus rejects missing localLibraries
2026-10-09T08:07:44.5115045Z   ---
2026-10-09T08:07:44.5115215Z   duration_ms: 3.424402
2026-10-09T08:07:44.5115379Z   type: 'test'
2026-10-09T08:07:44.5115530Z   ...
2026-10-09T08:07:44.5115938Z # Subtest: native PHP corpus accepts the PHP 8.4 boolean NTS constant
2026-10-09T08:07:44.5116217Z ok 333 - native PHP corpus accepts the PHP 8.4 boolean NTS constant
2026-10-09T08:07:44.5116303Z   ---
2026-10-09T08:07:44.5116403Z   duration_ms: 134.80811
2026-10-09T08:07:44.5116589Z   type: 'test'
2026-10-09T08:07:44.5116742Z   ...
2026-10-09T08:07:44.5117339Z # Subtest: PHP-Wasm corpus requires all installed loading routes and 32-bit callers
2026-10-09T08:07:44.5117912Z ok 334 - PHP-Wasm corpus requires all installed loading routes and 32-bit callers
2026-10-09T08:07:44.5118066Z   ---
2026-10-09T08:07:44.5118257Z   duration_ms: 174.732116
2026-10-09T08:07:44.5118422Z   type: 'test'
2026-10-09T08:07:44.5118584Z   ...
2026-10-09T08:07:44.5118945Z # Subtest: PHP-Wasm corpus rejects missing evidence
2026-10-09T08:07:44.5119294Z ok 335 - PHP-Wasm corpus rejects missing evidence
2026-10-09T08:07:44.5119449Z   ---
2026-10-09T08:07:44.5119626Z   duration_ms: 6.59553
2026-10-09T08:07:44.5119777Z   type: 'test'
2026-10-09T08:07:44.5119924Z   ...
2026-10-09T08:07:44.5120332Z # Subtest: PHP-Wasm corpus rejects missing runtime archive
2026-10-09T08:07:44.5121039Z ok 336 - PHP-Wasm corpus rejects missing runtime archive
2026-10-09T08:07:44.5121189Z   ---
2026-10-09T08:07:44.5121363Z   duration_ms: 7.113207
2026-10-09T08:07:44.5121499Z   type: 'test'
2026-10-09T08:07:44.5121652Z   ...
2026-10-09T08:07:44.5122360Z # Subtest: PHP-Wasm corpus rejects wrong Composer archive
2026-10-09T08:07:44.5122821Z ok 337 - PHP-Wasm corpus rejects wrong Composer archive
2026-10-09T08:07:44.5122985Z   ---
2026-10-09T08:07:44.5123172Z   duration_ms: 11.443954
2026-10-09T08:07:44.5123336Z   type: 'test'
2026-10-09T08:07:44.5123485Z   ...
2026-10-09T08:07:44.5124138Z # Subtest: PHP-Wasm corpus rejects wrong runtime identity
2026-10-09T08:07:44.5124411Z ok 338 - PHP-Wasm corpus rejects wrong runtime identity
2026-10-09T08:07:44.5124513Z   ---
2026-10-09T08:07:44.5124729Z   duration_ms: 9.626697
2026-10-09T08:07:44.5124879Z   type: 'test'
2026-10-09T08:07:44.5124969Z   ...
2026-10-09T08:07:44.5125187Z # Subtest: PHP-Wasm corpus rejects wrong PHP host
2026-10-09T08:07:44.5125522Z ok 339 - PHP-Wasm corpus rejects wrong PHP host
2026-10-09T08:07:44.5125676Z   ---
2026-10-09T08:07:44.5125852Z   duration_ms: 9.626006
2026-10-09T08:07:44.5126006Z   type: 'test'
2026-10-09T08:07:44.5126163Z   ...
2026-10-09T08:07:44.5126593Z # Subtest: PHP-Wasm corpus rejects unidentified host files
2026-10-09T08:07:44.5126993Z ok 340 - PHP-Wasm corpus rejects unidentified host files
2026-10-09T08:07:44.5127146Z   ---
2026-10-09T08:07:44.5127309Z   duration_ms: 9.361771
2026-10-09T08:07:44.5127461Z   type: 'test'
2026-10-09T08:07:44.5127626Z   ...
2026-10-09T08:07:44.5127988Z # Subtest: PHP-Wasm corpus rejects changed host
2026-10-09T08:07:44.5128385Z ok 341 - PHP-Wasm corpus rejects changed host
2026-10-09T08:07:44.5128562Z   ---
2026-10-09T08:07:44.5128737Z   duration_ms: 5.983697
2026-10-09T08:07:44.5128892Z   type: 'test'
2026-10-09T08:07:44.5129044Z   ...
2026-10-09T08:07:44.5129417Z # Subtest: PHP-Wasm corpus rejects wrong word size
2026-10-09T08:07:44.5129775Z ok 342 - PHP-Wasm corpus rejects wrong word size
2026-10-09T08:07:44.5129935Z   ---
2026-10-09T08:07:44.5130120Z   duration_ms: 19.648593
2026-10-09T08:07:44.5130279Z   type: 'test'
2026-10-09T08:07:44.5130445Z   ...
2026-10-09T08:07:44.5130794Z # Subtest: PHP-Wasm corpus rejects native SAPI
2026-10-09T08:07:44.5131130Z ok 343 - PHP-Wasm corpus rejects native SAPI
2026-10-09T08:07:44.5131288Z   ---
2026-10-09T08:07:44.5131477Z   duration_ms: 18.069621
2026-10-09T08:07:44.5131641Z   type: 'test'
2026-10-09T08:07:44.5132041Z   ...
2026-10-09T08:07:44.5132390Z # Subtest: PHP-Wasm corpus rejects wrong PHP version
2026-10-09T08:07:44.5132782Z ok 344 - PHP-Wasm corpus rejects wrong PHP version
2026-10-09T08:07:44.5132940Z   ---
2026-10-09T08:07:44.5133132Z   duration_ms: 5.411096
2026-10-09T08:07:44.5133302Z   type: 'test'
2026-10-09T08:07:44.5133445Z   ...
2026-10-09T08:07:44.5133645Z # Subtest: PHP-Wasm corpus rejects threaded host
2026-10-09T08:07:44.5134016Z ok 345 - PHP-Wasm corpus rejects threaded host
2026-10-09T08:07:44.5134185Z   ---
2026-10-09T08:07:44.5134373Z   duration_ms: 15.955278
2026-10-09T08:07:44.5134546Z   type: 'test'
2026-10-09T08:07:44.5134682Z   ...
2026-10-09T08:07:44.5135047Z # Subtest: PHP-Wasm corpus rejects retained record
2026-10-09T08:07:44.5135412Z ok 346 - PHP-Wasm corpus rejects retained record
2026-10-09T08:07:44.5135578Z   ---
2026-10-09T08:07:44.5135756Z   duration_ms: 16.341811
2026-10-09T08:07:44.5135926Z   type: 'test'
2026-10-09T08:07:44.5136078Z   ...
2026-10-09T08:07:44.5136476Z # Subtest: PHP-Wasm corpus rejects wrong API location
2026-10-09T08:07:44.5136894Z ok 347 - PHP-Wasm corpus rejects wrong API location
2026-10-09T08:07:44.5137061Z   ---
2026-10-09T08:07:44.5137179Z   duration_ms: 17.998297
2026-10-09T08:07:44.5137282Z   type: 'test'
2026-10-09T08:07:44.5137378Z   ...
2026-10-09T08:07:44.5137731Z # Subtest: PHP-Wasm corpus rejects foreign PHP include
2026-10-09T08:07:44.5137943Z ok 348 - PHP-Wasm corpus rejects foreign PHP include
2026-10-09T08:07:44.5138365Z   ---
2026-10-09T08:07:44.5138479Z   duration_ms: 9.877526
2026-10-09T08:07:44.5138624Z   type: 'test'
2026-10-09T08:07:44.5138783Z   ...
2026-10-09T08:07:44.5139156Z # Subtest: PHP-Wasm corpus rejects changed caller
2026-10-09T08:07:44.5139488Z ok 349 - PHP-Wasm corpus rejects changed caller
2026-10-09T08:07:44.5139668Z   ---
2026-10-09T08:07:44.5139861Z   duration_ms: 9.242479
2026-10-09T08:07:44.5140039Z   type: 'test'
2026-10-09T08:07:44.5140198Z   ...
2026-10-09T08:07:44.5140561Z # Subtest: PHP-Wasm corpus rejects changed request
2026-10-09T08:07:44.5140903Z ok 350 - PHP-Wasm corpus rejects changed request
2026-10-09T08:07:44.5141322Z   ---
2026-10-09T08:07:44.5141536Z   duration_ms: 8.800553
2026-10-09T08:07:44.5141951Z   type: 'test'
2026-10-09T08:07:44.5142118Z   ...
2026-10-09T08:07:44.5142508Z # Subtest: PHP-Wasm corpus rejects missing route
2026-10-09T08:07:44.5142909Z ok 351 - PHP-Wasm corpus rejects missing route
2026-10-09T08:07:44.5143080Z   ---
2026-10-09T08:07:44.5143261Z   duration_ms: 9.574079
2026-10-09T08:07:44.5143460Z   type: 'test'
2026-10-09T08:07:44.5143602Z   ...
2026-10-09T08:07:44.5143960Z # Subtest: PHP-Wasm corpus rejects duplicate route
2026-10-09T08:07:44.5144329Z ok 352 - PHP-Wasm corpus rejects duplicate route
2026-10-09T08:07:44.5144494Z   ---
2026-10-09T08:07:44.5144748Z   duration_ms: 15.73703
2026-10-09T08:07:44.5145228Z   type: 'test'
2026-10-09T08:07:44.5145439Z   ...
2026-10-09T08:07:44.5145905Z # Subtest: PHP-Wasm corpus rejects wrong caller mode
2026-10-09T08:07:44.5146394Z ok 353 - PHP-Wasm corpus rejects wrong caller mode
2026-10-09T08:07:44.5146742Z   ---
2026-10-09T08:07:44.5172616Z   duration_ms: 10.155686
2026-10-09T08:07:44.5172853Z   type: 'test'
2026-10-09T08:07:44.5172990Z   ...
2026-10-09T08:07:44.5173340Z # Subtest: PHP-Wasm corpus rejects cold eager fetch
2026-10-09T08:07:44.5173662Z ok 354 - PHP-Wasm corpus rejects cold eager fetch
2026-10-09T08:07:44.5173795Z   ---
2026-10-09T08:07:44.5173945Z   duration_ms: 9.81581
2026-10-09T08:07:44.5174089Z   type: 'test'
2026-10-09T08:07:44.5174235Z   ...
2026-10-09T08:07:44.5174599Z # Subtest: PHP-Wasm corpus rejects invalid input fetch
2026-10-09T08:07:44.5174945Z ok 355 - PHP-Wasm corpus rejects invalid input fetch
2026-10-09T08:07:44.5175078Z   ---
2026-10-09T08:07:44.5175237Z   duration_ms: 9.933591
2026-10-09T08:07:44.5175393Z   type: 'test'
2026-10-09T08:07:44.5175534Z   ...
2026-10-09T08:07:44.5175903Z # Subtest: PHP-Wasm corpus rejects missing library fetch
2026-10-09T08:07:44.5176254Z ok 356 - PHP-Wasm corpus rejects missing library fetch
2026-10-09T08:07:44.5176395Z   ---
2026-10-09T08:07:44.5176568Z   duration_ms: 12.268937
2026-10-09T08:07:44.5176714Z   type: 'test'
2026-10-09T08:07:44.5176855Z   ...
2026-10-09T08:07:44.5177208Z # Subtest: PHP-Wasm corpus rejects wrong browser result
2026-10-09T08:07:44.5177549Z ok 357 - PHP-Wasm corpus rejects wrong browser result
2026-10-09T08:07:44.5177692Z   ---
2026-10-09T08:07:44.5177845Z   duration_ms: 11.61306
2026-10-09T08:07:44.5177998Z   type: 'test'
2026-10-09T08:07:44.5178151Z   ...
2026-10-09T08:07:44.5178516Z # Subtest: PHP-Wasm corpus rejects missing browser asset
2026-10-09T08:07:44.5178866Z ok 358 - PHP-Wasm corpus rejects missing browser asset
2026-10-09T08:07:44.5179008Z   ---
2026-10-09T08:07:44.5179175Z   duration_ms: 14.504596
2026-10-09T08:07:44.5179326Z   type: 'test'
2026-10-09T08:07:44.5179460Z   ...
2026-10-09T08:07:44.5179853Z # Subtest: PHP-Wasm corpus rejects unbound browser request
2026-10-09T08:07:44.5180219Z ok 359 - PHP-Wasm corpus rejects unbound browser request
2026-10-09T08:07:44.5180361Z   ---
2026-10-09T08:07:44.5180526Z   duration_ms: 12.480011
2026-10-09T08:07:44.5180677Z   type: 'test'
2026-10-09T08:07:44.5180816Z   ...
2026-10-09T08:07:44.5181195Z # Subtest: PHP-Wasm corpus rejects external browser asset
2026-10-09T08:07:44.5181552Z ok 360 - PHP-Wasm corpus rejects external browser asset
2026-10-09T08:07:44.5181887Z   ---
2026-10-09T08:07:44.5182061Z   duration_ms: 14.273153
2026-10-09T08:07:44.5182218Z   type: 'test'
2026-10-09T08:07:44.5182585Z   ...
2026-10-09T08:07:44.5182999Z # Subtest: PHP-Wasm corpus rejects missing supplemental error
2026-10-09T08:07:44.5183393Z ok 361 - PHP-Wasm corpus rejects missing supplemental error
2026-10-09T08:07:44.5183533Z   ---
2026-10-09T08:07:44.5183698Z   duration_ms: 12.139325
2026-10-09T08:07:44.5183852Z   type: 'test'
2026-10-09T08:07:44.5183987Z   ...
2026-10-09T08:07:44.5184403Z # Subtest: PHP-Wasm corpus rejects wrong supplemental recovery
2026-10-09T08:07:44.5184795Z ok 362 - PHP-Wasm corpus rejects wrong supplemental recovery
2026-10-09T08:07:44.5184935Z   ---
2026-10-09T08:07:44.5185248Z   duration_ms: 10.577915
2026-10-09T08:07:44.5185409Z   type: 'test'
2026-10-09T08:07:44.5185551Z   ...
2026-10-09T08:07:44.5185943Z # Subtest: PHP-Wasm corpus rejects wrong primary recovery
2026-10-09T08:07:44.5186299Z ok 363 - PHP-Wasm corpus rejects wrong primary recovery
2026-10-09T08:07:44.5186441Z   ---
2026-10-09T08:07:44.5186603Z   duration_ms: 8.17541
2026-10-09T08:07:44.5186758Z   type: 'test'
2026-10-09T08:07:44.5186906Z   ...
2026-10-09T08:07:44.5187274Z # Subtest: PHP-Wasm corpus rejects wrong rejection stage
2026-10-09T08:07:44.5187625Z ok 364 - PHP-Wasm corpus rejects wrong rejection stage
2026-10-09T08:07:44.5187766Z   ---
2026-10-09T08:07:44.5187929Z   duration_ms: 6.829889
2026-10-09T08:07:44.5188078Z   type: 'test'
2026-10-09T08:07:44.5188221Z   ...
2026-10-09T08:07:44.5188558Z # Subtest: PHP-Wasm corpus rejects unbound npm lock
2026-10-09T08:07:44.5188880Z ok 365 - PHP-Wasm corpus rejects unbound npm lock
2026-10-09T08:07:44.5189015Z   ---
2026-10-09T08:07:44.5189178Z   duration_ms: 8.6655
2026-10-09T08:07:44.5189336Z   type: 'test'
2026-10-09T08:07:44.5189480Z   ...
2026-10-09T08:07:44.5189850Z # Subtest: PHP-Wasm corpus rejects unbound Composer lock
2026-10-09T08:07:44.5190195Z ok 366 - PHP-Wasm corpus rejects unbound Composer lock
2026-10-09T08:07:44.5190339Z   ---
2026-10-09T08:07:44.5190502Z   duration_ms: 8.698381
2026-10-09T08:07:44.5190652Z   type: 'test'
2026-10-09T08:07:44.5190795Z   ...
2026-10-09T08:07:44.5191207Z # Subtest: PHP-Wasm corpus rejects changed integer dependency
2026-10-09T08:07:44.5191588Z ok 367 - PHP-Wasm corpus rejects changed integer dependency
2026-10-09T08:07:44.5191949Z   ---
2026-10-09T08:07:44.5192119Z   duration_ms: 8.658096
2026-10-09T08:07:44.5192276Z   type: 'test'
2026-10-09T08:07:44.5192420Z   ...
2026-10-09T08:07:44.5192804Z # Subtest: PHP-Wasm corpus rejects missing integer source
2026-10-09T08:07:44.5193159Z ok 368 - PHP-Wasm corpus rejects missing integer source
2026-10-09T08:07:44.5193297Z   ---
2026-10-09T08:07:44.5193461Z   duration_ms: 9.280169
2026-10-09T08:07:44.5193620Z   type: 'test'
2026-10-09T08:07:44.5193763Z   ...
2026-10-09T08:07:44.5194189Z # Subtest: PHP-Wasm corpus rejects changed bundled integer source
2026-10-09T08:07:44.5194579Z ok 369 - PHP-Wasm corpus rejects changed bundled integer source
2026-10-09T08:07:44.5194710Z   ---
2026-10-09T08:07:44.5194863Z   duration_ms: 10.836449
2026-10-09T08:07:44.5194996Z   type: 'test'
2026-10-09T08:07:44.5195135Z   ...
2026-10-09T08:07:44.5195505Z # Subtest: PHP-Wasm corpus rejects missing bundled bootstrap
2026-10-09T08:07:44.5195848Z ok 370 - PHP-Wasm corpus rejects missing bundled bootstrap
2026-10-09T08:07:44.5195984Z   ---
2026-10-09T08:07:44.5196136Z   duration_ms: 10.031904
2026-10-09T08:07:44.5196289Z   type: 'test'
2026-10-09T08:07:44.5196433Z   ...
2026-10-09T08:07:44.5196858Z # Subtest: PHP-Wasm corpus rejects missing loaded integer class
2026-10-09T08:07:44.5197240Z ok 371 - PHP-Wasm corpus rejects missing loaded integer class
2026-10-09T08:07:44.5197383Z   ---
2026-10-09T08:07:44.5197552Z   duration_ms: 9.894909
2026-10-09T08:07:44.5197705Z   type: 'test'
2026-10-09T08:07:44.5197842Z   ...
2026-10-09T08:07:44.5198203Z # Subtest: PHP-Wasm corpus rejects unidentified Composer
2026-10-09T08:07:44.5198530Z ok 372 - PHP-Wasm corpus rejects unidentified Composer
2026-10-09T08:07:44.5198662Z   ---
2026-10-09T08:07:44.5198814Z   duration_ms: 11.196041
2026-10-09T08:07:44.5198949Z   type: 'test'
2026-10-09T08:07:44.5199319Z   ...
2026-10-09T08:07:44.5199692Z # Subtest: PHP-Wasm corpus rejects ambient Composer plugin
2026-10-09T08:07:44.5200052Z ok 373 - PHP-Wasm corpus rejects ambient Composer plugin
2026-10-09T08:07:44.5200188Z   ---
2026-10-09T08:07:44.5200351Z   duration_ms: 13.349727
2026-10-09T08:07:44.5200505Z   type: 'test'
2026-10-09T08:07:44.5200649Z   ...
2026-10-09T08:07:44.5200973Z # Subtest: PHP-Wasm corpus rejects ambient PHP extension
2026-10-09T08:07:44.5201295Z ok 374 - PHP-Wasm corpus rejects ambient PHP extension
2026-10-09T08:07:44.5201426Z   ---
2026-10-09T08:07:44.5201929Z   duration_ms: 17.307667
2026-10-09T08:07:44.5202091Z   type: 'test'
2026-10-09T08:07:44.5202217Z   ...
2026-10-09T08:07:44.5202613Z # Subtest: PHP-Wasm corpus rejects unbound compiled receipt
2026-10-09T08:07:44.5202990Z ok 375 - PHP-Wasm corpus rejects unbound compiled receipt
2026-10-09T08:07:44.5203132Z   ---
2026-10-09T08:07:44.5203291Z   duration_ms: 10.330293
2026-10-09T08:07:44.5203438Z   type: 'test'
2026-10-09T08:07:44.5203575Z   ...
2026-10-09T08:07:44.5203904Z # Subtest: PHP-Wasm corpus rejects unbound declarations
2026-10-09T08:07:44.5204211Z ok 376 - PHP-Wasm corpus rejects unbound declarations
2026-10-09T08:07:44.5204332Z   ---
2026-10-09T08:07:44.5204486Z   duration_ms: 10.662824
2026-10-09T08:07:44.5204639Z   type: 'test'
2026-10-09T08:07:44.5204782Z   ...
2026-10-09T08:07:44.5205206Z # Subtest: PHP-Wasm corpus rejects wrong pending type rejection
2026-10-09T08:07:44.5205606Z ok 377 - PHP-Wasm corpus rejects wrong pending type rejection
2026-10-09T08:07:44.5205756Z   ---
2026-10-09T08:07:44.5205928Z   duration_ms: 23.521423
2026-10-09T08:07:44.5206077Z   type: 'test'
2026-10-09T08:07:44.5206223Z   ...
2026-10-09T08:07:44.5206601Z # Subtest: PHP-Wasm corpus rejects missing offlineInstall
2026-10-09T08:07:44.5206961Z ok 378 - PHP-Wasm corpus rejects missing offlineInstall
2026-10-09T08:07:44.5207111Z   ---
2026-10-09T08:07:44.5207271Z   duration_ms: 9.10428
2026-10-09T08:07:44.5207427Z   type: 'test'
2026-10-09T08:07:44.5207576Z   ...
2026-10-09T08:07:44.5207933Z # Subtest: PHP-Wasm corpus rejects missing emptyCaches
2026-10-09T08:07:44.5208268Z ok 379 - PHP-Wasm corpus rejects missing emptyCaches
2026-10-09T08:07:44.5208411Z   ---
2026-10-09T08:07:44.5208580Z   duration_ms: 9.052303
2026-10-09T08:07:44.5208733Z   type: 'test'
2026-10-09T08:07:44.5208870Z   ...
2026-10-09T08:07:44.5209281Z # Subtest: PHP-Wasm corpus rejects missing lockedInstall
2026-10-09T08:07:44.5209800Z ok 380 - PHP-Wasm corpus rejects missing lockedInstall
2026-10-09T08:07:44.5210008Z   ---
2026-10-09T08:07:44.5210278Z   duration_ms: 8.953088
2026-10-09T08:07:44.5210489Z   type: 'test'
2026-10-09T08:07:44.5210693Z   ...
2026-10-09T08:07:44.5210970Z # Subtest: PHP-Wasm corpus rejects missing relocated
2026-10-09T08:07:44.5211183Z ok 381 - PHP-Wasm corpus rejects missing relocated
2026-10-09T08:07:44.5211271Z   ---
2026-10-09T08:07:44.5211387Z   duration_ms: 8.766619
2026-10-09T08:07:44.5211491Z   type: 'test'
2026-10-09T08:07:44.5211588Z   ...
2026-10-09T08:07:44.5212117Z # Subtest: PHP-Wasm corpus rejects missing publicApiOnly
2026-10-09T08:07:44.5212357Z ok 382 - PHP-Wasm corpus rejects missing publicApiOnly
2026-10-09T08:07:44.5212450Z   ---
2026-10-09T08:07:44.5212558Z   duration_ms: 6.866557
2026-10-09T08:07:44.5212658Z   type: 'test'
2026-10-09T08:07:44.5212745Z   ...
2026-10-09T08:07:44.5212988Z # Subtest: PHP-Wasm corpus rejects missing repeatExecution
2026-10-09T08:07:44.5213215Z ok 383 - PHP-Wasm corpus rejects missing repeatExecution
2026-10-09T08:07:44.5213307Z   ---
2026-10-09T08:07:44.5213407Z   duration_ms: 5.442375
2026-10-09T08:07:44.5213512Z   type: 'test'
2026-10-09T08:07:44.5213606Z   ...
2026-10-09T08:07:44.5213874Z # Subtest: PHP-Wasm corpus rejects missing unchangedDeployment
2026-10-09T08:07:44.5214112Z ok 384 - PHP-Wasm corpus rejects missing unchangedDeployment
2026-10-09T08:07:44.5214205Z   ---
2026-10-09T08:07:44.5214315Z   duration_ms: 8.025012
2026-10-09T08:07:44.5214417Z   type: 'test'
2026-10-09T08:07:44.5214691Z   ...
2026-10-09T08:07:44.5214962Z # Subtest: PHP-Wasm corpus rejects missing compilerFreeExecution
2026-10-09T08:07:44.5215216Z ok 385 - PHP-Wasm corpus rejects missing compilerFreeExecution
2026-10-09T08:07:44.5215308Z   ---
2026-10-09T08:07:44.5215414Z   duration_ms: 5.523837
2026-10-09T08:07:44.5215507Z   type: 'test'
2026-10-09T08:07:44.5215601Z   ...
2026-10-09T08:07:44.5215981Z # Subtest: WIT corpus distinguishes public calls, typed-field range failures and recovery
2026-10-09T08:07:44.5216332Z ok 386 - WIT corpus distinguishes public calls, typed-field range failures and recovery
2026-10-09T08:07:44.5216547Z   ---
2026-10-09T08:07:44.5216655Z   duration_ms: 190.544518
2026-10-09T08:07:44.5216754Z   type: 'test'
2026-10-09T08:07:44.5216844Z   ...
2026-10-09T08:07:44.5217033Z # Subtest: WIT corpus rejects missing evidence
2026-10-09T08:07:44.5217204Z ok 387 - WIT corpus rejects missing evidence
2026-10-09T08:07:44.5217301Z   ---
2026-10-09T08:07:44.5217405Z   duration_ms: 5.537082
2026-10-09T08:07:44.5217508Z   type: 'test'
2026-10-09T08:07:44.5217595Z   ...
2026-10-09T08:07:44.5217801Z # Subtest: WIT corpus rejects wrong Wasmtime version
2026-10-09T08:07:44.5217995Z ok 388 - WIT corpus rejects wrong Wasmtime version
2026-10-09T08:07:44.5218089Z   ---
2026-10-09T08:07:44.5218186Z   duration_ms: 2.974451
2026-10-09T08:07:44.5218285Z   type: 'test'
2026-10-09T08:07:44.5218382Z   ...
2026-10-09T08:07:44.5218597Z # Subtest: WIT corpus rejects missing package receipt
2026-10-09T08:07:44.5218803Z ok 389 - WIT corpus rejects missing package receipt
2026-10-09T08:07:44.5218889Z   ---
2026-10-09T08:07:44.5219000Z   duration_ms: 4.358318
2026-10-09T08:07:44.5219099Z   type: 'test'
2026-10-09T08:07:44.5219190Z   ...
2026-10-09T08:07:44.5219404Z # Subtest: WIT corpus rejects different package receipt
2026-10-09T08:07:44.5219609Z ok 390 - WIT corpus rejects different package receipt
2026-10-09T08:07:44.5219699Z   ---
2026-10-09T08:07:44.5219803Z   duration_ms: 7.519197
2026-10-09T08:07:44.5219895Z   type: 'test'
2026-10-09T08:07:44.5219992Z   ...
2026-10-09T08:07:44.5220185Z # Subtest: WIT corpus rejects different archive
2026-10-09T08:07:44.5220363Z ok 391 - WIT corpus rejects different archive
2026-10-09T08:07:44.5220455Z   ---
2026-10-09T08:07:44.5220553Z   duration_ms: 6.913714
2026-10-09T08:07:44.5220649Z   type: 'test'
2026-10-09T08:07:44.5220739Z   ...
2026-10-09T08:07:44.5220931Z # Subtest: WIT corpus rejects different compiler
2026-10-09T08:07:44.5221108Z ok 392 - WIT corpus rejects different compiler
2026-10-09T08:07:44.5221200Z   ---
2026-10-09T08:07:44.5221303Z   duration_ms: 4.876938
2026-10-09T08:07:44.5221405Z   type: 'test'
2026-10-09T08:07:44.5221494Z   ...
2026-10-09T08:07:44.5221996Z # Subtest: WIT corpus rejects disabled conversion diagnostics
2026-10-09T08:07:44.5222248Z ok 393 - WIT corpus rejects disabled conversion diagnostics
2026-10-09T08:07:44.5222346Z   ---
2026-10-09T08:07:44.5222454Z   duration_ms: 7.94372
2026-10-09T08:07:44.5222550Z   type: 'test'
2026-10-09T08:07:44.5222641Z   ...
2026-10-09T08:07:44.5222882Z # Subtest: WIT corpus rejects disabled assertions
2026-10-09T08:07:44.5223070Z ok 394 - WIT corpus rejects disabled assertions
2026-10-09T08:07:44.5223157Z   ---
2026-10-09T08:07:44.5223265Z   duration_ms: 5.365611
2026-10-09T08:07:44.5223364Z   type: 'test'
2026-10-09T08:07:44.5223455Z   ...
2026-10-09T08:07:44.5223726Z # Subtest: WIT corpus rejects different caller
2026-10-09T08:07:44.5223907Z ok 395 - WIT corpus rejects different caller
2026-10-09T08:07:44.5223993Z   ---
2026-10-09T08:07:44.5224092Z   duration_ms: 4.249374
2026-10-09T08:07:44.5224183Z   type: 'test'
2026-10-09T08:07:44.5224273Z   ...
2026-10-09T08:07:44.5224506Z # Subtest: WIT corpus rejects missing executable identity
2026-10-09T08:07:44.5224720Z ok 396 - WIT corpus rejects missing executable identity
2026-10-09T08:07:44.5224812Z   ---
2026-10-09T08:07:44.5224911Z   duration_ms: 2.720046
2026-10-09T08:07:44.5225008Z   type: 'test'
2026-10-09T08:07:44.5225098Z   ...
2026-10-09T08:07:44.5225299Z # Subtest: WIT corpus rejects different wasm-tools
2026-10-09T08:07:44.5225633Z ok 397 - WIT corpus rejects different wasm-tools
2026-10-09T08:07:44.5225729Z   ---
2026-10-09T08:07:44.5225836Z   duration_ms: 5.099744
2026-10-09T08:07:44.5225930Z   type: 'test'
2026-10-09T08:07:44.5226013Z   ...
2026-10-09T08:07:44.5226218Z # Subtest: WIT corpus rejects missing parser identity
2026-10-09T08:07:44.5226410Z ok 398 - WIT corpus rejects missing parser identity
2026-10-09T08:07:44.5226499Z   ---
2026-10-09T08:07:44.5226600Z   duration_ms: 2.713342
2026-10-09T08:07:44.5226689Z   type: 'test'
2026-10-09T08:07:44.5226779Z   ...
2026-10-09T08:07:44.5227114Z # Subtest: WIT corpus rejects different component receipt
2026-10-09T08:07:44.5227332Z ok 399 - WIT corpus rejects different component receipt
2026-10-09T08:07:44.5227419Z   ---
2026-10-09T08:07:44.5227522Z   duration_ms: 5.800464
2026-10-09T08:07:44.5227617Z   type: 'test'
2026-10-09T08:07:44.5227705Z   ...
2026-10-09T08:07:44.5227909Z # Subtest: WIT corpus rejects different native adapter
2026-10-09T08:07:44.5228111Z ok 400 - WIT corpus rejects different native adapter
2026-10-09T08:07:44.5228202Z   ---
2026-10-09T08:07:44.5228304Z   duration_ms: 9.102166
2026-10-09T08:07:44.5228402Z   type: 'test'
2026-10-09T08:07:44.5228487Z   ...
2026-10-09T08:07:44.5228673Z # Subtest: WIT corpus rejects different runtime
2026-10-09T08:07:44.5228856Z ok 401 - WIT corpus rejects different runtime
2026-10-09T08:07:44.5228945Z   ---
2026-10-09T08:07:44.5229045Z   duration_ms: 6.734069
2026-10-09T08:07:44.5229133Z   type: 'test'
2026-10-09T08:07:44.5229221Z   ...
2026-10-09T08:07:44.5229422Z # Subtest: WIT corpus rejects changed public header
2026-10-09T08:07:44.5229614Z ok 402 - WIT corpus rejects changed public header
2026-10-09T08:07:44.5229702Z   ---
2026-10-09T08:07:44.5229803Z   duration_ms: 6.063596
2026-10-09T08:07:44.5229899Z   type: 'test'
2026-10-09T08:07:44.5229987Z   ...
2026-10-09T08:07:44.5230184Z # Subtest: WIT corpus rejects changed engine payload
2026-10-09T08:07:44.5230370Z ok 403 - WIT corpus rejects changed engine payload
2026-10-09T08:07:44.5230469Z   ---
2026-10-09T08:07:44.5230570Z   duration_ms: 5.684547
2026-10-09T08:07:44.5230664Z   type: 'test'
2026-10-09T08:07:44.5230747Z   ...
2026-10-09T08:07:44.5230943Z # Subtest: WIT corpus rejects different engine pin
2026-10-09T08:07:44.5231128Z ok 404 - WIT corpus rejects different engine pin
2026-10-09T08:07:44.5231218Z   ---
2026-10-09T08:07:44.5231314Z   duration_ms: 4.265615
2026-10-09T08:07:44.5231411Z   type: 'test'
2026-10-09T08:07:44.5231499Z   ...
2026-10-09T08:07:44.5231935Z # Subtest: WIT corpus rejects different component binary
2026-10-09T08:07:44.5232152Z ok 405 - WIT corpus rejects different component binary
2026-10-09T08:07:44.5232238Z   ---
2026-10-09T08:07:44.5232343Z   duration_ms: 5.393143
2026-10-09T08:07:44.5232438Z   type: 'test'
2026-10-09T08:07:44.5232527Z   ...
2026-10-09T08:07:44.5232713Z # Subtest: WIT corpus rejects different WIT source
2026-10-09T08:07:44.5232900Z ok 406 - WIT corpus rejects different WIT source
2026-10-09T08:07:44.5232995Z   ---
2026-10-09T08:07:44.5233096Z   duration_ms: 5.956727
2026-10-09T08:07:44.5233186Z   type: 'test'
2026-10-09T08:07:44.5233274Z   ...
2026-10-09T08:07:44.5233492Z # Subtest: WIT corpus rejects missing binary declarations
2026-10-09T08:07:44.5233697Z ok 407 - WIT corpus rejects missing binary declarations
2026-10-09T08:07:44.5233787Z   ---
2026-10-09T08:07:44.5233885Z   duration_ms: 4.618915
2026-10-09T08:07:44.5233984Z   type: 'test'
2026-10-09T08:07:44.5234071Z   ...
2026-10-09T08:07:44.5234281Z # Subtest: WIT corpus rejects missing WIT declarations
2026-10-09T08:07:44.5234476Z ok 408 - WIT corpus rejects missing WIT declarations
2026-10-09T08:07:44.5234566Z   ---
2026-10-09T08:07:44.5234670Z   duration_ms: 4.662136
2026-10-09T08:07:44.5234765Z   type: 'test'
2026-10-09T08:07:44.5234849Z   ...
2026-10-09T08:07:44.5235063Z # Subtest: WIT corpus rejects different binary signature
2026-10-09T08:07:44.5235272Z ok 409 - WIT corpus rejects different binary signature
2026-10-09T08:07:44.5235554Z   ---
2026-10-09T08:07:44.5235661Z   duration_ms: 6.817645
2026-10-09T08:07:44.5235755Z   type: 'test'
2026-10-09T08:07:44.5235844Z   ...
2026-10-09T08:07:44.5236058Z # Subtest: WIT corpus rejects different WIT signature
2026-10-09T08:07:44.5236253Z ok 410 - WIT corpus rejects different WIT signature
2026-10-09T08:07:44.5236341Z   ---
2026-10-09T08:07:44.5236452Z   duration_ms: 11.296018
2026-10-09T08:07:44.5236547Z   type: 'test'
2026-10-09T08:07:44.5236636Z   ...
2026-10-09T08:07:44.5236855Z # Subtest: WIT corpus rejects different nested field type
2026-10-09T08:07:44.5237178Z ok 411 - WIT corpus rejects different nested field type
2026-10-09T08:07:44.5237274Z   ---
2026-10-09T08:07:44.5237381Z   duration_ms: 6.166899
2026-10-09T08:07:44.5237481Z   type: 'test'
2026-10-09T08:07:44.5237567Z   ...
2026-10-09T08:07:44.5237769Z # Subtest: WIT corpus rejects reordered record fields
2026-10-09T08:07:44.5237958Z ok 412 - WIT corpus rejects reordered record fields
2026-10-09T08:07:44.5238046Z   ---
2026-10-09T08:07:44.5238153Z   duration_ms: 6.921189
2026-10-09T08:07:44.5238250Z   type: 'test'
2026-10-09T08:07:44.5238338Z   ...
2026-10-09T08:07:44.5238522Z # Subtest: WIT corpus rejects changed Unit enum
2026-10-09T08:07:44.5238692Z ok 413 - WIT corpus rejects changed Unit enum
2026-10-09T08:07:44.5238782Z   ---
2026-10-09T08:07:44.5238886Z   duration_ms: 4.934114
2026-10-09T08:07:44.5238982Z   type: 'test'
2026-10-09T08:07:44.5239071Z   ...
2026-10-09T08:07:44.5239309Z # Subtest: WIT corpus rejects missing public interface export
2026-10-09T08:07:44.5239540Z ok 414 - WIT corpus rejects missing public interface export
2026-10-09T08:07:44.5239631Z   ---
2026-10-09T08:07:44.5239734Z   duration_ms: 4.719052
2026-10-09T08:07:44.5239824Z   type: 'test'
2026-10-09T08:07:44.5239913Z   ...
2026-10-09T08:07:44.5240114Z # Subtest: WIT corpus rejects unexpected world import
2026-10-09T08:07:44.5240305Z ok 415 - WIT corpus rejects unexpected world import
2026-10-09T08:07:44.5240390Z   ---
2026-10-09T08:07:44.5240499Z   duration_ms: 9.612891
2026-10-09T08:07:44.5240595Z   type: 'test'
2026-10-09T08:07:44.5240682Z   ...
2026-10-09T08:07:44.5240915Z # Subtest: WIT corpus rejects changed WIT package identity
2026-10-09T08:07:44.5241123Z ok 416 - WIT corpus rejects changed WIT package identity
2026-10-09T08:07:44.5241212Z   ---
2026-10-09T08:07:44.5241313Z   duration_ms: 6.346966
2026-10-09T08:07:44.5241408Z   type: 'test'
2026-10-09T08:07:44.5241492Z   ...
2026-10-09T08:07:44.5241969Z # Subtest: WIT corpus rejects cyclic type alias
2026-10-09T08:07:44.5242214Z ok 417 - WIT corpus rejects cyclic type alias
2026-10-09T08:07:44.5242311Z   ---
2026-10-09T08:07:44.5242409Z   duration_ms: 9.261875
2026-10-09T08:07:44.5242505Z   type: 'test'
2026-10-09T08:07:44.5242593Z   ...
2026-10-09T08:07:44.5242791Z # Subtest: WIT corpus rejects missing loaded engine
2026-10-09T08:07:44.5242981Z ok 418 - WIT corpus rejects missing loaded engine
2026-10-09T08:07:44.5243065Z   ---
2026-10-09T08:07:44.5243167Z   duration_ms: 8.666822
2026-10-09T08:07:44.5243268Z   type: 'test'
2026-10-09T08:07:44.5243356Z   ...
2026-10-09T08:07:44.5243559Z # Subtest: WIT corpus rejects unexpected local library
2026-10-09T08:07:44.5243756Z ok 419 - WIT corpus rejects unexpected local library
2026-10-09T08:07:44.5243851Z   ---
2026-10-09T08:07:44.5243953Z   duration_ms: 7.233823
2026-10-09T08:07:44.5244043Z   type: 'test'
2026-10-09T08:07:44.5244133Z   ...
2026-10-09T08:07:44.5244337Z # Subtest: WIT corpus rejects external engine override
2026-10-09T08:07:44.5244532Z ok 420 - WIT corpus rejects external engine override
2026-10-09T08:07:44.5244712Z   ---
2026-10-09T08:07:44.5244885Z   duration_ms: 6.330555
2026-10-09T08:07:44.5245041Z   type: 'test'
2026-10-09T08:07:44.5245183Z   ...
2026-10-09T08:07:44.5245509Z # Subtest: WIT corpus rejects changed loaded engine
2026-10-09T08:07:44.5245826Z ok 421 - WIT corpus rejects changed loaded engine
2026-10-09T08:07:44.5245975Z   ---
2026-10-09T08:07:44.5246142Z   duration_ms: 9.5585
2026-10-09T08:07:44.5246306Z   type: 'test'
2026-10-09T08:07:44.5246722Z   ...
2026-10-09T08:07:44.5247143Z # Subtest: WIT corpus rejects missing pkg-config identity
2026-10-09T08:07:44.5247550Z ok 422 - WIT corpus rejects missing pkg-config identity
2026-10-09T08:07:44.5247710Z   ---
2026-10-09T08:07:44.5247889Z   duration_ms: 4.923965
2026-10-09T08:07:44.5248047Z   type: 'test'
2026-10-09T08:07:44.5248204Z   ...
2026-10-09T08:07:44.5248590Z # Subtest: WIT corpus rejects external pkg-config flags
2026-10-09T08:07:44.5248978Z ok 423 - WIT corpus rejects external pkg-config flags
2026-10-09T08:07:44.5249136Z   ---
2026-10-09T08:07:44.5249554Z   duration_ms: 6.223936
2026-10-09T08:07:44.5249750Z   type: 'test'
2026-10-09T08:07:44.5249905Z   ...
2026-10-09T08:07:44.5250247Z # Subtest: WIT corpus rejects missing repeat run
2026-10-09T08:07:44.5250578Z ok 424 - WIT corpus rejects missing repeat run
2026-10-09T08:07:44.5250736Z   ---
2026-10-09T08:07:44.5250910Z   duration_ms: 2.631029
2026-10-09T08:07:44.5251069Z   type: 'test'
2026-10-09T08:07:44.5251216Z   ...
2026-10-09T08:07:44.5251586Z # Subtest: WIT corpus rejects unproved session ownership
2026-10-09T08:07:44.5252295Z ok 425 - WIT corpus rejects unproved session ownership
2026-10-09T08:07:44.5252454Z   ---
2026-10-09T08:07:44.5252623Z   duration_ms: 7.237891
2026-10-09T08:07:44.5252781Z   type: 'test'
2026-10-09T08:07:44.5252926Z   ...
2026-10-09T08:07:44.5253248Z # Subtest: WIT corpus rejects changed failed output
2026-10-09T08:07:44.5253442Z ok 426 - WIT corpus rejects changed failed output
2026-10-09T08:07:44.5253535Z   ---
2026-10-09T08:07:44.5253637Z   duration_ms: 4.176528
2026-10-09T08:07:44.5253740Z   type: 'test'
2026-10-09T08:07:44.5253825Z   ...
2026-10-09T08:07:44.5254022Z # Subtest: WIT corpus rejects wrong rejection stage
2026-10-09T08:07:44.5254210Z ok 427 - WIT corpus rejects wrong rejection stage
2026-10-09T08:07:44.5254299Z   ---
2026-10-09T08:07:44.5254399Z   duration_ms: 5.435331
2026-10-09T08:07:44.5254489Z   type: 'test'
2026-10-09T08:07:44.5254577Z   ...
2026-10-09T08:07:44.5254782Z # Subtest: WIT corpus rejects wrong rejection message
2026-10-09T08:07:44.5254974Z ok 428 - WIT corpus rejects wrong rejection message
2026-10-09T08:07:44.5255058Z   ---
2026-10-09T08:07:44.5255158Z   duration_ms: 3.786198
2026-10-09T08:07:44.5255252Z   type: 'test'
2026-10-09T08:07:44.5255342Z   ...
2026-10-09T08:07:44.5255545Z # Subtest: WIT corpus rejects different negative caller
2026-10-09T08:07:44.5255744Z ok 429 - WIT corpus rejects different negative caller
2026-10-09T08:07:44.5255835Z   ---
2026-10-09T08:07:44.5255943Z   duration_ms: 3.980963
2026-10-09T08:07:44.5256037Z   type: 'test'
2026-10-09T08:07:44.5256127Z   ...
2026-10-09T08:07:44.5256335Z # Subtest: WIT corpus rejects unrelated compiler error
2026-10-09T08:07:44.5256550Z ok 430 - WIT corpus rejects unrelated compiler error
2026-10-09T08:07:44.5256640Z   ---
2026-10-09T08:07:44.5256742Z   duration_ms: 4.030946
2026-10-09T08:07:44.5256843Z   type: 'test'
2026-10-09T08:07:44.5256931Z   ...
2026-10-09T08:07:44.5257139Z # Subtest: WIT corpus rejects missing runtime error
2026-10-09T08:07:44.5257334Z ok 431 - WIT corpus rejects missing runtime error
2026-10-09T08:07:44.5257421Z   ---
2026-10-09T08:07:44.5257522Z   duration_ms: 4.556288
2026-10-09T08:07:44.5257618Z   type: 'test'
2026-10-09T08:07:44.5257707Z   ...
2026-10-09T08:07:44.5257913Z # Subtest: WIT corpus rejects duplicated runtime error
2026-10-09T08:07:44.5258126Z ok 432 - WIT corpus rejects duplicated runtime error
2026-10-09T08:07:44.5258215Z   ---
2026-10-09T08:07:44.5258322Z   duration_ms: 5.796085
2026-10-09T08:07:44.5258414Z   type: 'test'
2026-10-09T08:07:44.5258503Z   ...
2026-10-09T08:07:44.5258743Z # Subtest: WIT corpus rejects wrong supplemental message
2026-10-09T08:07:44.5258954Z ok 433 - WIT corpus rejects wrong supplemental message
2026-10-09T08:07:44.5259044Z   ---
2026-10-09T08:07:44.5259145Z   duration_ms: 4.52512
2026-10-09T08:07:44.5259244Z   type: 'test'
2026-10-09T08:07:44.5259333Z   ...
2026-10-09T08:07:44.5259529Z # Subtest: WIT corpus rejects failed trap recovery
2026-10-09T08:07:44.5259929Z ok 434 - WIT corpus rejects failed trap recovery
2026-10-09T08:07:44.5260021Z   ---
2026-10-09T08:07:44.5260125Z   duration_ms: 5.48282
2026-10-09T08:07:44.5260222Z   type: 'test'
2026-10-09T08:07:44.5260306Z   ...
2026-10-09T08:07:44.5260592Z # Subtest: WIT corpus rejects failed supplemental output preservation
2026-10-09T08:07:44.5260859Z ok 435 - WIT corpus rejects failed supplemental output preservation
2026-10-09T08:07:44.5260951Z   ---
2026-10-09T08:07:44.5261053Z   duration_ms: 8.418679
2026-10-09T08:07:44.5261142Z   type: 'test'
2026-10-09T08:07:44.5261231Z   ...
2026-10-09T08:07:44.5261610Z # Subtest: WIT corpus rejects missing sourcesRemovedBeforeInstall
2026-10-09T08:07:44.5262202Z ok 436 - WIT corpus rejects missing sourcesRemovedBeforeInstall
2026-10-09T08:07:44.5262294Z   ---
2026-10-09T08:07:44.5262401Z   duration_ms: 4.303315
2026-10-09T08:07:44.5262497Z   type: 'test'
2026-10-09T08:07:44.5262586Z   ...
2026-10-09T08:07:44.5262825Z # Subtest: WIT corpus rejects missing installedSourcesRemoved
2026-10-09T08:07:44.5263061Z ok 437 - WIT corpus rejects missing installedSourcesRemoved
2026-10-09T08:07:44.5263151Z   ---
2026-10-09T08:07:44.5263257Z   duration_ms: 3.980962
2026-10-09T08:07:44.5263354Z   type: 'test'
2026-10-09T08:07:44.5263437Z   ...
2026-10-09T08:07:44.5263619Z # Subtest: WIT corpus rejects missing offline
2026-10-09T08:07:44.5263788Z ok 438 - WIT corpus rejects missing offline
2026-10-09T08:07:44.5263878Z   ---
2026-10-09T08:07:44.5263977Z   duration_ms: 4.211102
2026-10-09T08:07:44.5264073Z   type: 'test'
2026-10-09T08:07:44.5264161Z   ...
2026-10-09T08:07:44.5264419Z # Subtest: WIT corpus rejects missing runtimeOverridesDisabled
2026-10-09T08:07:44.5264648Z ok 439 - WIT corpus rejects missing runtimeOverridesDisabled
2026-10-09T08:07:44.5264739Z   ---
2026-10-09T08:07:44.5264843Z   duration_ms: 4.630777
2026-10-09T08:07:44.5264938Z   type: 'test'
2026-10-09T08:07:44.5265027Z   ...
2026-10-09T08:07:44.5265240Z # Subtest: WIT corpus rejects missing publicHeadersOnly
2026-10-09T08:07:44.5265451Z ok 440 - WIT corpus rejects missing publicHeadersOnly
2026-10-09T08:07:44.5265541Z   ---
2026-10-09T08:07:44.5265643Z   duration_ms: 2.436405
2026-10-09T08:07:44.5265733Z   type: 'test'
2026-10-09T08:07:44.5265830Z   ...
2026-10-09T08:07:44.5266059Z # Subtest: WIT corpus rejects missing compilerFreeExecution
2026-10-09T08:07:44.5266277Z ok 441 - WIT corpus rejects missing compilerFreeExecution
2026-10-09T08:07:44.5266361Z   ---
2026-10-09T08:07:44.5266463Z   duration_ms: 2.427758
2026-10-09T08:07:44.5266557Z   type: 'test'
2026-10-09T08:07:44.5266646Z   ...
2026-10-09T08:07:44.5266851Z # Subtest: WIT corpus rejects missing localLibraries
2026-10-09T08:07:44.5267041Z ok 442 - WIT corpus rejects missing localLibraries
2026-10-09T08:07:44.5267131Z   ---
2026-10-09T08:07:44.5267295Z   duration_ms: 2.298707
2026-10-09T08:07:44.5267447Z   type: 'test'
2026-10-09T08:07:44.5267587Z   ...
2026-10-09T08:11:48.2738406Z # Subtest: real Lean corpus matches independently rebuilt archives in source-free consumers
2026-10-09T08:11:48.2739847Z ok 443 - real Lean corpus matches independently rebuilt archives in source-free consumers
2026-10-09T08:11:48.2740718Z   ---
2026-10-09T08:11:48.2741151Z   duration_ms: 243905.811053
2026-10-09T08:11:48.2741640Z   type: 'test'
2026-10-09T08:11:48.2742307Z   ...
2026-10-09T08:11:48.2742742Z # shop: compiling Lean oracle
2026-10-09T08:11:48.2743337Z # shop: building cpan archives 1/2
2026-10-09T08:11:48.2743959Z # shop: building cpan archives 2/2
2026-10-09T08:11:48.2744871Z # shop: installing and executing perl without Lean sources or compilers
2026-10-09T08:11:48.2745757Z # telemetry: compiling Lean oracle
2026-10-09T08:11:48.2746438Z # telemetry: building cpan archives 1/2
2026-10-09T08:11:48.2747139Z # telemetry: building cpan archives 2/2
2026-10-09T08:11:48.2748049Z # telemetry: installing and executing perl without Lean sources or compilers
2026-10-09T08:11:48.2749326Z # Corpus report: build/type-corpus/perl.json (124 cases, 41 scoped cells, 6691 gaps)
2026-10-09T08:11:48.3095778Z 1..443
2026-10-09T08:11:48.3096084Z # tests 443
2026-10-09T08:11:48.3096381Z # suites 0
2026-10-09T08:11:48.3096676Z # pass 443
2026-10-09T08:11:48.3097028Z # fail 0
2026-10-09T08:11:48.3097592Z # cancelled 0
2026-10-09T08:11:48.3098151Z # skipped 0
2026-10-09T08:11:48.3098612Z # todo 0
2026-10-09T08:11:48.3099083Z # duration_ms 252084.742039
2026-10-09T08:11:48.3628091Z TAP version 13
2026-10-09T08:15:55.8372722Z # Subtest: reviewed native corpus executes installed public APIs after compiler reconciliation
2026-10-09T08:15:55.8382450Z ok 1 - reviewed native corpus executes installed public APIs after compiler reconciliation
2026-10-09T08:15:55.8412544Z   ---
2026-10-09T08:15:55.8412967Z   duration_ms: 247061.147927
2026-10-09T08:15:55.8413408Z   type: 'test'
2026-10-09T08:15:55.8413782Z   ...
2026-10-09T08:15:55.8414179Z # shop: compiling Lean oracle
2026-10-09T08:15:55.8414777Z # shop: building cpan archives 1/2
2026-10-09T08:15:55.8415366Z # shop: building cpan archives 2/2
2026-10-09T08:15:55.8416220Z # shop: installing and executing perl without Lean sources or compilers
2026-10-09T08:15:55.8417020Z # telemetry: compiling Lean oracle
2026-10-09T08:15:55.8417607Z # telemetry: building cpan archives 1/2
2026-10-09T08:15:55.8418224Z # telemetry: building cpan archives 2/2
2026-10-09T08:15:55.8419098Z # telemetry: installing and executing perl without Lean sources or compilers
2026-10-09T08:15:55.8421152Z # Compiler-checked reviewed native report: {"libraries":2,"profiles":1,"installedRuns":2,"catalogCases":124,"executedCases":124,"compileRejectedCases":0,"observedCells":41,"gapCells":6691}
2026-10-09T08:15:55.8631114Z 1..1
2026-10-09T08:15:55.8631583Z # tests 1
2026-10-09T08:15:55.8632176Z # suites 0
2026-10-09T08:15:55.8642668Z # pass 1
2026-10-09T08:15:55.8657601Z # fail 0
2026-10-09T08:15:55.8658333Z # cancelled 0
2026-10-09T08:15:55.8658833Z # skipped 0
2026-10-09T08:15:55.8659286Z # todo 0
2026-10-09T08:15:55.8659663Z # duration_ms 247512.7817
2026-10-09T08:15:55.9094052Z TAP version 13
2026-10-09T08:17:39.5752891Z # Subtest: ordinary and reviewed Char packages preserve Unicode scalars in installed native consumers
2026-10-09T08:17:39.5759112Z ok 1 - ordinary and reviewed Char packages preserve Unicode scalars in installed native consumers
2026-10-09T08:17:39.5762357Z   ---
2026-10-09T08:17:39.5764838Z   duration_ms: 103373.233461
2026-10-09T08:17:39.5765377Z   type: 'test'
2026-10-09T08:17:39.5765793Z   ...
2026-10-09T08:17:39.5766318Z # ordinary-source: building perl
2026-10-09T08:17:39.5782809Z # ordinary-source: installing and checking perl
2026-10-09T08:17:39.5783754Z # reviewed-ir: building perl
2026-10-09T08:17:39.5784496Z # reviewed-ir: installing and checking perl
2026-10-09T08:17:39.5943869Z 1..1
2026-10-09T08:17:39.5944268Z # tests 1
2026-10-09T08:17:39.5944797Z # suites 0
2026-10-09T08:17:39.5952798Z # pass 1
2026-10-09T08:17:39.5953237Z # fail 0
2026-10-09T08:17:39.5953636Z # cancelled 0
2026-10-09T08:17:39.5954066Z # skipped 0
2026-10-09T08:17:39.5954464Z # todo 0
2026-10-09T08:17:39.5954955Z # duration_ms 103697.317932
2026-10-09T08:17:39.6423324Z TAP version 13
2026-10-09T08:19:23.2805975Z # Subtest: ordinary and reviewed Word packages preserve compiled platform integers in installed native consumers
2026-10-09T08:19:23.2814770Z ok 1 - ordinary and reviewed Word packages preserve compiled platform integers in installed native consumers
2026-10-09T08:19:23.2816090Z   ---
2026-10-09T08:19:23.2816452Z   duration_ms: 103346.369868
2026-10-09T08:19:23.2816857Z   type: 'test'
2026-10-09T08:19:23.2817181Z   ...
2026-10-09T08:19:23.2818032Z # ordinary-source: building perl
2026-10-09T08:19:23.2825907Z # ordinary-source: installing and checking perl
2026-10-09T08:19:23.2827149Z # reviewed-ir: building perl
2026-10-09T08:19:23.2831049Z # reviewed-ir: installing and checking perl
2026-10-09T08:19:23.3015269Z 1..1
2026-10-09T08:19:23.3015644Z # tests 1
2026-10-09T08:19:23.3016053Z # suites 0
2026-10-09T08:19:23.3017578Z # pass 1
2026-10-09T08:19:23.3018220Z # fail 0
2026-10-09T08:19:23.3021031Z # cancelled 0
2026-10-09T08:19:23.3022510Z # skipped 0
2026-10-09T08:19:23.3023049Z # todo 0
2026-10-09T08:19:23.3023623Z # duration_ms 103671.505398
2026-10-09T08:19:23.3515237Z TAP version 13
2026-10-09T08:21:19.2522046Z # Subtest: installed Perl callbacks and returned closures preserve all nineteen primitives on both source paths
2026-10-09T08:21:19.2533095Z ok 1 - installed Perl callbacks and returned closures preserve all nineteen primitives on both source paths
2026-10-09T08:21:19.2533887Z   ---
2026-10-09T08:21:19.2534161Z   duration_ms: 115606.09271
2026-10-09T08:21:19.2535030Z   type: 'test'
2026-10-09T08:21:19.2535395Z   ...
2026-10-09T08:21:19.2536840Z # ordinary-source: compiling the 58-export callable library
2026-10-09T08:21:19.2541484Z # ordinary-source: offline installation and execution without author compilers
2026-10-09T08:21:19.2543725Z # reviewed-ir: compiling the 58-export callable library
2026-10-09T08:21:19.2545286Z # reviewed-ir: offline installation and execution without author compilers
2026-10-09T08:22:07.3546703Z # Subtest: fresh Lean rejects changed reviewed callback and returned-closure signatures before linking
2026-10-09T08:22:07.3548739Z ok 2 - fresh Lean rejects changed reviewed callback and returned-closure signatures before linking
2026-10-09T08:22:07.3549710Z   ---
2026-10-09T08:22:07.3550139Z   duration_ms: 48103.774366
2026-10-09T08:22:07.3550642Z   type: 'test'
2026-10-09T08:22:07.3551043Z   ...
2026-10-09T08:22:07.3755073Z 1..2
2026-10-09T08:22:07.3755523Z # tests 2
2026-10-09T08:22:07.3756341Z # suites 0
2026-10-09T08:22:07.3757370Z # pass 2
2026-10-09T08:22:07.3757888Z # fail 0
2026-10-09T08:22:07.3758505Z # cancelled 0
2026-10-09T08:22:07.3759040Z # skipped 0
2026-10-09T08:22:07.3759689Z # todo 0
2026-10-09T08:22:07.3760345Z # duration_ms 164036.917309
2026-10-09T08:22:07.4255758Z TAP version 13
2026-10-09T08:24:39.8550386Z # Subtest: Perl original CPAN archives execute structured callbacks and closures on both source paths
2026-10-09T08:24:39.8557501Z ok 1 - Perl original CPAN archives execute structured callbacks and closures on both source paths
2026-10-09T08:24:39.8558776Z   ---
2026-10-09T08:24:39.8559242Z   duration_ms: 152137.843361
2026-10-09T08:24:39.8559796Z   type: 'test'
2026-10-09T08:24:39.8560203Z   ...
2026-10-09T08:24:39.8561040Z # ordinary-source: compiling structured callbacks for 1 Perl ABIs
2026-10-09T08:24:39.8574044Z # ordinary-source: offline install, relocation and isolated probe for /home/runner/work/lean-bridge/lean-bridge/.toolchains/perl/5.36.3-threaded/bin/perl
2026-10-09T08:24:39.8575793Z # ordinary-source/5.36.3: 64983 public checks, 22362 injected failures
2026-10-09T08:24:39.8576842Z # reviewed-ir: compiling structured callbacks for 1 Perl ABIs
2026-10-09T08:24:39.8578574Z # reviewed-ir: offline install, relocation and isolated probe for /home/runner/work/lean-bridge/lean-bridge/.toolchains/perl/5.36.3-threaded/bin/perl
2026-10-09T08:24:39.8580136Z # reviewed-ir/5.36.3: 64983 public checks, 22362 injected failures
2026-10-09T08:24:39.8741311Z 1..1
2026-10-09T08:24:39.8741930Z # tests 1
2026-10-09T08:24:39.8742346Z # suites 0
2026-10-09T08:24:39.8744098Z # pass 1
2026-10-09T08:24:39.8744667Z # fail 0
2026-10-09T08:24:39.8745213Z # cancelled 0
2026-10-09T08:24:39.8745852Z # skipped 0
2026-10-09T08:24:39.8746476Z # todo 0
2026-10-09T08:24:39.8747108Z # duration_ms 152461.685922
2026-10-09T08:24:39.9206061Z TAP version 13
2026-10-09T08:24:43.4746258Z # Subtest: CPAN recursive callbacks validate their namespace and agree with every supported native target
2026-10-09T08:24:43.4755583Z ok 1 - CPAN recursive callbacks validate their namespace and agree with every supported native target
2026-10-09T08:24:43.4756762Z   ---
2026-10-09T08:24:43.4757237Z   duration_ms: 1927.055337
2026-10-09T08:24:43.4757730Z   type: 'test'
2026-10-09T08:24:43.4758135Z   ...
2026-10-09T08:24:43.4759262Z # Subtest: Perl recursive callbacks preserve the checked native graph without changing the IR
2026-10-09T08:24:43.4761081Z ok 2 - Perl recursive callbacks preserve the checked native graph without changing the IR
2026-10-09T08:24:43.4763107Z   ---
2026-10-09T08:24:43.4763765Z   duration_ms: 142.343394
2026-10-09T08:24:43.4764504Z   type: 'test'
2026-10-09T08:24:43.4765169Z   ...
2026-10-09T08:24:43.4769814Z # Subtest: Perl recursive packages hide native handles and retain callback replies in the initiating scope
2026-10-09T08:24:43.4772604Z ok 3 - Perl recursive packages hide native handles and retain callback replies in the initiating scope
2026-10-09T08:24:43.4773724Z   ---
2026-10-09T08:24:43.4774181Z   duration_ms: 246.227181
2026-10-09T08:24:43.4774946Z   type: 'test'
2026-10-09T08:24:43.4775547Z   ...
2026-10-09T08:24:43.4776545Z # Subtest: Perl recursive callables reject hidden identity fields and asynchronous signatures
2026-10-09T08:24:43.4778133Z ok 4 - Perl recursive callables reject hidden identity fields and asynchronous signatures
2026-10-09T08:24:43.4779139Z   ---
2026-10-09T08:24:43.4779587Z   duration_ms: 4.404865
2026-10-09T08:24:43.4780150Z   type: 'test'
2026-10-09T08:24:43.4780587Z   ...
2026-10-09T08:24:43.4782038Z # Subtest: Perl recursive callables reserve closure names for records, variants and transparent aliases
2026-10-09T08:24:43.4783771Z ok 5 - Perl recursive callables reserve closure names for records, variants and transparent aliases
2026-10-09T08:24:43.4784742Z   ---
2026-10-09T08:24:43.4785192Z   duration_ms: 480.34222
2026-10-09T08:24:43.4802742Z   type: 'test'
2026-10-09T08:24:43.4803178Z   ...
2026-10-09T08:24:43.4803987Z # Subtest: Perl recursive callables validate module namespaces and projected export names
2026-10-09T08:24:43.4804840Z ok 6 - Perl recursive callables validate module namespaces and projected export names
2026-10-09T08:24:43.4805313Z   ---
2026-10-09T08:24:43.4805567Z   duration_ms: 643.559709
2026-10-09T08:24:43.4805842Z   type: 'test'
2026-10-09T08:24:43.4806061Z   ...
2026-10-09T08:29:13.0300494Z # Subtest: original recursive CPAN archives preserve callbacks and closures after producer removal
2026-10-09T08:29:13.0302875Z ok 7 - original recursive CPAN archives preserve callbacks and closures after producer removal
2026-10-09T08:29:13.0304058Z   ---
2026-10-09T08:29:13.0304585Z   duration_ms: 269251.79529
2026-10-09T08:29:13.0305189Z   type: 'test'
2026-10-09T08:29:13.0305701Z   ...
2026-10-09T08:29:13.0306613Z # ordinary-source: build CPAN-only recursive callbacks for 1 ABIs
2026-10-09T08:29:13.0307763Z # Compiling checked native Lean exports
2026-10-09T08:29:13.0309365Z # Compiling XS for /home/runner/work/lean-bridge/lean-bridge/.toolchains/perl/5.36.3-threaded/bin/perl
2026-10-09T08:29:13.0312329Z # ordinary-source: install /home/runner/work/lean-bridge/lean-bridge/.toolchains/perl/5.36.3-threaded/bin/perl, prebuilt-only, without author sources
2026-10-09T08:29:13.0314673Z # ordinary-source: install /home/runner/work/lean-bridge/lean-bridge/.toolchains/perl/5.36.3-threaded/bin/perl, build-xs, without author sources
2026-10-09T08:29:13.0316615Z # ordinary-source/prebuilt-only/v5.36.3: 206 recursive checks, 64983 acyclic checks, 39045 injected failures
2026-10-09T08:29:13.0318259Z # ordinary-source/build-xs/v5.36.3: 206 recursive checks, 64983 acyclic checks, 39045 injected failures
2026-10-09T08:29:13.0319544Z # reviewed-ir: build CPAN-only recursive callbacks for 1 ABIs
2026-10-09T08:29:13.0320370Z # Compiling checked native Lean exports
2026-10-09T08:29:13.0321561Z # Compiling XS for /home/runner/work/lean-bridge/lean-bridge/.toolchains/perl/5.36.3-threaded/bin/perl
2026-10-09T08:29:13.0323674Z # reviewed-ir: install /home/runner/work/lean-bridge/lean-bridge/.toolchains/perl/5.36.3-threaded/bin/perl, prebuilt-only, without author sources
2026-10-09T08:29:13.0325921Z # reviewed-ir: install /home/runner/work/lean-bridge/lean-bridge/.toolchains/perl/5.36.3-threaded/bin/perl, build-xs, without author sources
2026-10-09T08:29:13.0327799Z # reviewed-ir/prebuilt-only/v5.36.3: 206 recursive checks, 64983 acyclic checks, 39045 injected failures
2026-10-09T08:29:13.0329061Z # reviewed-ir/build-xs/v5.36.3: 206 recursive checks, 64983 acyclic checks, 39045 injected failures
2026-10-09T08:29:13.0474969Z 1..7
2026-10-09T08:29:13.0475409Z # tests 7
2026-10-09T08:29:13.0475814Z # suites 0
2026-10-09T08:29:13.0476211Z # pass 7
2026-10-09T08:29:13.0476595Z # fail 0
2026-10-09T08:29:13.0476983Z # cancelled 0
2026-10-09T08:29:13.0477553Z # skipped 0
2026-10-09T08:29:13.0478244Z # todo 0
2026-10-09T08:29:13.0478767Z # duration_ms 273140.696155
2026-10-09T08:29:13.0955722Z TAP version 13
2026-10-09T08:31:34.8729506Z # Subtest: installed Perl compounds preserve copied values on both source paths
2026-10-09T08:31:34.8736862Z ok 1 - installed Perl compounds preserve copied values on both source paths
2026-10-09T08:31:34.8737741Z   ---
2026-10-09T08:31:34.8738105Z   duration_ms: 141490.818123
2026-10-09T08:31:34.8738547Z   type: 'test'
2026-10-09T08:31:34.8738937Z   ...
2026-10-09T08:31:34.8739664Z # ordinary-source: compiling Perl compounds for 1 ABIs
2026-10-09T08:31:34.8748053Z # ordinary-source: installing offline and relocating /home/runner/work/lean-bridge/lean-bridge/.toolchains/perl/5.36.3-threaded/bin/perl
2026-10-09T08:31:34.8749876Z # ordinary-source: 78980 public assertions and 268 cleanup checks passed
2026-10-09T08:31:34.8751580Z # reviewed-ir: compiling Perl compounds for 1 ABIs
2026-10-09T08:31:34.8754398Z # reviewed-ir: installing offline and relocating /home/runner/work/lean-bridge/lean-bridge/.toolchains/perl/5.36.3-threaded/bin/perl
2026-10-09T08:31:34.8756320Z # reviewed-ir: 78980 public assertions and 268 cleanup checks passed
2026-10-09T08:31:34.8926086Z 1..1
2026-10-09T08:31:34.8926737Z # tests 1
2026-10-09T08:31:34.8927553Z # suites 0
2026-10-09T08:31:34.8928399Z # pass 1
2026-10-09T08:31:34.8929028Z # fail 0
2026-10-09T08:31:34.8929796Z # cancelled 0
2026-10-09T08:31:34.8930430Z # skipped 0
2026-10-09T08:31:34.8931050Z # todo 0
2026-10-09T08:31:34.8931961Z # duration_ms 141809.275903
2026-10-09T08:31:34.9483128Z TAP version 13
2026-10-09T08:31:35.1064054Z # Subtest: Perl List evidence binds eight executions to unchanged relocated installations
2026-10-09T08:31:35.1091561Z ok 1 - Perl List evidence binds eight executions to unchanged relocated installations
2026-10-09T08:31:35.1093095Z   ---
2026-10-09T08:31:35.1093811Z   duration_ms: 11.676069
2026-10-09T08:31:35.1094613Z   type: 'test'
2026-10-09T08:31:35.1095012Z   ...
2026-10-09T08:31:35.1095960Z # Subtest: Perl Lists use typed bounded Lean helpers and preserve native List/Array identity
2026-10-09T08:31:35.1097303Z ok 2 - Perl Lists use typed bounded Lean helpers and preserve native List/Array identity
2026-10-09T08:31:35.1098109Z   ---
2026-10-09T08:31:35.1098533Z   duration_ms: 24.590112
2026-10-09T08:31:35.1098930Z   type: 'test'
2026-10-09T08:31:35.1099305Z   ...
2026-10-09T08:31:35.1100282Z # Subtest: Perl List input checks precede host calls and ownership registration sees initialized arrays
2026-10-09T08:31:35.1102158Z ok 3 - Perl List input checks precede host calls and ownership registration sees initialized arrays
2026-10-09T08:31:35.1103059Z   ---
2026-10-09T08:31:35.1103461Z   duration_ms: 3.685018
2026-10-09T08:31:35.1103903Z   type: 'test'
2026-10-09T08:31:35.1104295Z   ...
2026-10-09T08:31:35.1105082Z # Subtest: Perl List callback payloads retain copied identity and depth checks
2026-10-09T08:31:35.1106223Z ok 4 - Perl List callback payloads retain copied identity and depth checks
2026-10-09T08:31:35.1106952Z   ---
2026-10-09T08:31:35.1107346Z   duration_ms: 28.338149
2026-10-09T08:31:35.1107793Z   type: 'test'
2026-10-09T08:31:35.1108164Z   ...
2026-10-09T08:31:35.1344984Z # Subtest: Perl List consumer assertions cannot mistake a regex failure's message for success
2026-10-09T08:31:35.1347694Z ok 5 - Perl List consumer assertions cannot mistake a regex failure's message for success
2026-10-09T08:31:35.1351929Z   ---
2026-10-09T08:31:35.1352371Z   duration_ms: 26.936277
2026-10-09T08:31:35.1352885Z   type: 'test'
2026-10-09T08:31:35.1353227Z   ...
2026-10-09T08:33:54.2474728Z # Subtest: installed Perl Lists preserve copied values on both source paths
2026-10-09T08:33:54.2477304Z ok 6 - installed Perl Lists preserve copied values on both source paths
2026-10-09T08:33:54.2478549Z   ---
2026-10-09T08:33:54.2479237Z   duration_ms: 138992.316074
2026-10-09T08:33:54.2480116Z   type: 'test'
2026-10-09T08:33:54.2480880Z   ...
2026-10-09T08:33:54.2482168Z # ordinary-source: compiling Perl Lists for 1 ABIs
2026-10-09T08:33:54.2484758Z # ordinary-source: installing offline and relocating /home/runner/work/lean-bridge/lean-bridge/.toolchains/perl/5.36.3-threaded/bin/perl
2026-10-09T08:33:54.2487257Z # ordinary-source: 112738 public assertions and 717 cleanup checks passed
2026-10-09T08:33:54.2488146Z # reviewed-ir: compiling Perl Lists for 1 ABIs
2026-10-09T08:33:54.2488983Z # reviewed-ir: installing offline and relocating /home/runner/work/lean-bridge/lean-bridge/.toolchains/perl/5.36.3-threaded/bin/perl
2026-10-09T08:33:54.2489827Z # reviewed-ir: 112738 public assertions and 717 cleanup checks passed
2026-10-09T08:33:54.2654829Z 1..6
2026-10-09T08:33:54.2655476Z # tests 6
2026-10-09T08:33:54.2655820Z # suites 0
2026-10-09T08:33:54.2656163Z # pass 6
2026-10-09T08:33:54.2656454Z # fail 0
2026-10-09T08:33:54.2656770Z # cancelled 0
2026-10-09T08:33:54.2657365Z # skipped 0
2026-10-09T08:33:54.2658037Z # todo 0
2026-10-09T08:33:54.2663109Z # duration_ms 139335.528288
2026-10-09T08:33:54.3233048Z TAP version 13
2026-10-09T08:33:54.5034484Z # Subtest: the independent collection contract covers every primitive, seven records and 24 nested arrays
2026-10-09T08:33:54.5036482Z ok 1 - the independent collection contract covers every primitive, seven records and 24 nested arrays
2026-10-09T08:33:54.5037814Z   ---
2026-10-09T08:33:54.5038470Z   duration_ms: 5.651736
2026-10-09T08:33:54.5039141Z   type: 'test'
2026-10-09T08:33:54.5039756Z   ...
2026-10-09T08:33:54.5040977Z # Subtest: Perl Arrays pin dense plain input slots before allocating or converting Lean elements
2026-10-09T08:33:54.5042921Z ok 2 - Perl Arrays pin dense plain input slots before allocating or converting Lean elements
2026-10-09T08:33:54.5044507Z   ---
2026-10-09T08:33:54.5044890Z   duration_ms: 16.839862
2026-10-09T08:33:54.5045298Z   type: 'test'
2026-10-09T08:33:54.5052802Z   ...
2026-10-09T08:33:54.5053798Z # Subtest: Perl records validate exact nominal types and pin every field before any conversion
2026-10-09T08:33:54.5072873Z ok 3 - Perl records validate exact nominal types and pin every field before any conversion
2026-10-09T08:33:54.5085722Z   ---
2026-10-09T08:33:54.5086293Z   duration_ms: 7.091848
2026-10-09T08:33:54.5086890Z   type: 'test'
2026-10-09T08:33:54.5087408Z   ...
2026-10-09T08:33:54.5088477Z # Subtest: Perl record fields cannot replace constructors, object methods or phase hooks
2026-10-09T08:33:54.5089995Z ok 4 - Perl record fields cannot replace constructors, object methods or phase hooks
2026-10-09T08:33:54.5090980Z   ---
2026-10-09T08:33:54.5091540Z   duration_ms: 53.46756
2026-10-09T08:33:54.5092357Z   type: 'test'
2026-10-09T08:33:54.5102883Z   ...
2026-10-09T08:33:54.5104050Z # Subtest: generated Perl record constructors reject malformed named fields without warnings
2026-10-09T08:33:54.5105822Z ok 5 - generated Perl record constructors reject malformed named fields without warnings
2026-10-09T08:33:54.5106936Z   ---
2026-10-09T08:33:54.5107538Z   duration_ms: 11.495811
2026-10-09T08:33:54.5108206Z   type: 'test'
2026-10-09T08:33:54.5108796Z   ...
2026-10-09T08:36:39.7458382Z # Subtest: installed Perl arrays and records preserve copied values on both source paths
2026-10-09T08:36:39.7459975Z ok 6 - installed Perl arrays and records preserve copied values on both source paths
2026-10-09T08:36:39.7460970Z   ---
2026-10-09T08:36:39.7461417Z   duration_ms: 165119.655274
2026-10-09T08:36:39.7463909Z   type: 'test'
2026-10-09T08:36:39.7472599Z   ...
2026-10-09T08:36:39.7473507Z # ordinary-source: compiling Perl arrays and records for 1 ABIs
2026-10-09T08:36:39.7474498Z # ordinary-source: installing offline and relocating /home/runner/work/lean-bridge/lean-bridge/.toolchains/perl/5.36.3-threaded/bin/perl
2026-10-09T08:36:39.7475798Z # ordinary-source: 239954 public assertions and 1205 cleanup checks passed
2026-10-09T08:36:39.7476371Z # reviewed-ir: compiling Perl arrays and records for 1 ABIs
2026-10-09T08:36:39.7477247Z # reviewed-ir: installing offline and relocating /home/runner/work/lean-bridge/lean-bridge/.toolchains/perl/5.36.3-threaded/bin/perl
2026-10-09T08:36:39.7478084Z # reviewed-ir: 239954 public assertions and 1205 cleanup checks passed
2026-10-09T08:36:39.7614220Z 1..6
2026-10-09T08:36:39.7614678Z # tests 6
2026-10-09T08:36:39.7615028Z # suites 0
2026-10-09T08:36:39.7615368Z # pass 6
2026-10-09T08:36:39.7616330Z # fail 0
2026-10-09T08:36:39.7616769Z # cancelled 0
2026-10-09T08:36:39.7617788Z # skipped 0
2026-10-09T08:36:39.7618654Z # todo 0
2026-10-09T08:36:39.7619191Z # duration_ms 165455.349096
2026-10-09T08:36:39.8165196Z TAP version 13
2026-10-09T08:36:40.4129155Z # Subtest: Perl alias evidence binds all eight executions to unchanged relocated installations
2026-10-09T08:36:40.4136334Z ok 1 - Perl alias evidence binds all eight executions to unchanged relocated installations
2026-10-09T08:36:40.4137661Z   ---
2026-10-09T08:36:40.4138520Z   duration_ms: 171.75204
2026-10-09T08:36:40.4140182Z   type: 'test'
2026-10-09T08:36:40.4140807Z   ...
2026-10-09T08:36:43.8623585Z # Subtest: Perl alias installed evidence promotes exactly six copied cells and runs in CI
2026-10-09T08:36:43.8633379Z ok 2 - Perl alias installed evidence promotes exactly six copied cells and runs in CI
2026-10-09T08:36:43.8634387Z   ---
2026-10-09T08:36:43.8634943Z   duration_ms: 3395.640899
2026-10-09T08:36:43.8635545Z   type: 'test'
2026-10-09T08:36:43.8636103Z   ...
2026-10-09T08:36:43.8637206Z # Subtest: Perl aliases keep source names and chains while native converters use target types
2026-10-09T08:36:43.8638757Z ok 3 - Perl aliases keep source names and chains while native converters use target types
2026-10-09T08:36:43.8639701Z   ---
2026-10-09T08:36:43.8640220Z   duration_ms: 25.839056
2026-10-09T08:36:43.8640798Z   type: 'test'
2026-10-09T08:36:43.8641330Z   ...
2026-10-09T08:36:43.8642535Z # Subtest: Perl alias host catalog preserves all 27 independently specified targets
2026-10-09T08:36:43.8643889Z ok 4 - Perl alias host catalog preserves all 27 independently specified targets
2026-10-09T08:36:43.8644792Z   ---
2026-10-09T08:36:43.8645307Z   duration_ms: 2.852413
2026-10-09T08:36:43.8645866Z   type: 'test'
2026-10-09T08:36:43.8646381Z   ...
2026-10-09T08:36:43.8647343Z # Subtest: Perl alias admission retains ownership, representation and nesting checks
2026-10-09T08:36:43.8648737Z ok 5 - Perl alias admission retains ownership, representation and nesting checks
2026-10-09T08:36:43.8649646Z   ---
2026-10-09T08:36:43.8650192Z   duration_ms: 9.755588
2026-10-09T08:36:43.8650785Z   type: 'test'
2026-10-09T08:36:43.8651339Z   ...
2026-10-09T08:36:43.8652524Z # Subtest: Perl alias POD escapes formatting and never adds executable declarations
2026-10-09T08:36:43.8653865Z ok 6 - Perl alias POD escapes formatting and never adds executable declarations
2026-10-09T08:36:43.8654795Z   ---
2026-10-09T08:36:43.8655340Z   duration_ms: 11.525104
2026-10-09T08:36:43.8655948Z   type: 'test'
2026-10-09T08:36:43.8656501Z   ...
2026-10-09T08:36:43.9433767Z # Subtest: Perl alias POD parses and consumer assertions reject failed regex checks
2026-10-09T08:36:43.9435133Z ok 7 - Perl alias POD parses and consumer assertions reject failed regex checks
2026-10-09T08:36:43.9442397Z   ---
2026-10-09T08:36:43.9442815Z   duration_ms: 84.382722
2026-10-09T08:36:43.9443272Z   type: 'test'
2026-10-09T08:36:43.9443653Z   ...
2026-10-09T08:38:48.5087274Z # Subtest: installed Perl aliases preserve named contracts and target semantics on both source paths
2026-10-09T08:38:48.5088870Z ok 8 - installed Perl aliases preserve named contracts and target semantics on both source paths
2026-10-09T08:38:48.5095179Z   ---
2026-10-09T08:38:48.5095639Z   duration_ms: 128379.222555
2026-10-09T08:38:48.5096020Z   type: 'test'
2026-10-09T08:38:48.5096315Z   ...
2026-10-09T08:38:48.5097122Z # ordinary-source: compiling aliases for 1 Perl ABIs
2026-10-09T08:38:48.5098282Z # ordinary-source: installing offline and relocating /home/runner/work/lean-bridge/lean-bridge/.toolchains/perl/5.36.3-threaded/bin/perl
2026-10-09T08:38:48.5099751Z # ordinary-source/v5.36.3/threaded: 11732 public assertions and 596 cleanup checks passed
2026-10-09T08:38:48.5100731Z # reviewed-ir: compiling aliases for 1 Perl ABIs
2026-10-09T08:38:48.5102435Z # reviewed-ir: installing offline and relocating /home/runner/work/lean-bridge/lean-bridge/.toolchains/perl/5.36.3-threaded/bin/perl
2026-10-09T08:38:48.5104334Z # reviewed-ir/v5.36.3/threaded: 11732 public assertions and 596 cleanup checks passed
2026-10-09T08:38:48.5245230Z 1..8
2026-10-09T08:38:48.5245640Z # tests 8
2026-10-09T08:38:48.5246010Z # suites 0
2026-10-09T08:38:48.5246365Z # pass 8
2026-10-09T08:38:48.5246792Z # fail 0
2026-10-09T08:38:48.5247403Z # cancelled 0
2026-10-09T08:38:48.5260843Z # skipped 0
2026-10-09T08:38:48.5261373Z # todo 0
2026-10-09T08:38:48.5262207Z # duration_ms 128725.475083
2026-10-09T08:38:48.5736117Z TAP version 13
2026-10-09T08:38:49.0292258Z # Subtest: Perl scalar relocation history authenticates exact predecessors and refuses unknown edits
2026-10-09T08:38:49.0297548Z ok 1 - Perl scalar relocation history authenticates exact predecessors and refuses unknown edits
2026-10-09T08:38:49.0298418Z   ---
2026-10-09T08:38:49.0300770Z   duration_ms: 117.572653
2026-10-09T08:38:49.0301100Z   type: 'test'
2026-10-09T08:38:49.0301338Z   ...
2026-10-09T08:38:49.1496067Z # Subtest: Perl scalar relocation preserves the inventory without refreshing pins or promoting support
2026-10-09T08:38:49.1500202Z ok 2 - Perl scalar relocation preserves the inventory without refreshing pins or promoting support
2026-10-09T08:38:49.1502888Z   ---
2026-10-09T08:38:49.1503330Z   duration_ms: 120.03507
2026-10-09T08:38:49.1503772Z   type: 'test'
2026-10-09T08:38:49.1504134Z   ...
2026-10-09T08:38:49.1520754Z # Subtest: Perl scalar relocation retains the reviewed handoff and three-source counter scope
2026-10-09T08:38:49.1525390Z ok 3 - Perl scalar relocation retains the reviewed handoff and three-source counter scope
2026-10-09T08:38:49.1526632Z   ---
2026-10-09T08:38:49.1527015Z   duration_ms: 2.993616
2026-10-09T08:38:49.1527419Z   type: 'test'
2026-10-09T08:38:49.1527774Z   ...
2026-10-09T08:38:49.2395653Z # Subtest: the Perl scalar relocation updater refuses another HEAD before any write
2026-10-09T08:38:49.2397580Z ok 4 - the Perl scalar relocation updater refuses another HEAD before any write
2026-10-09T08:38:49.2398667Z   ---
2026-10-09T08:38:49.2399350Z   duration_ms: 71.260521
2026-10-09T08:38:49.2400141Z   type: 'test'
2026-10-09T08:38:49.2400789Z   ...
2026-10-09T08:38:49.2402242Z # Subtest: CPAN packages are checked Fin consumers with every other native projection
2026-10-09T08:38:49.2403787Z ok 5 - CPAN packages are checked Fin consumers with every other native projection
2026-10-09T08:38:49.2404804Z   ---
2026-10-09T08:38:49.2405428Z   duration_ms: 0.321391
2026-10-09T08:38:49.2406112Z   type: 'test'
2026-10-09T08:38:49.2406689Z   ...
2026-10-09T08:38:49.2407862Z # Subtest: generated XS checks each exact bound before dispatch and unwraps the checked adapter result
2026-10-09T08:38:49.2409648Z ok 6 - generated XS checks each exact bound before dispatch and unwraps the checked adapter result
2026-10-09T08:38:49.2410652Z   ---
2026-10-09T08:38:49.2411206Z   duration_ms: 15.344296
2026-10-09T08:38:49.2412160Z   type: 'test'
2026-10-09T08:38:49.2412850Z   ...
2026-10-09T08:38:49.2425063Z # Subtest: both scalar Perl routes rerun the whole consumer and count entries only in the moved installed tree
2026-10-09T08:38:49.2426747Z ok 7 - both scalar Perl routes rerun the whole consumer and count entries only in the moved installed tree
2026-10-09T08:38:49.2427545Z   ---
2026-10-09T08:38:49.2427794Z   duration_ms: 2.210412
2026-10-09T08:38:49.2428054Z   type: 'test'
2026-10-09T08:38:49.2428284Z   ...
2026-10-09T08:40:29.7131342Z # Subtest: relocated source-free CPAN packages check Fin bounds before Lean dispatch on every selected ABI
2026-10-09T08:40:29.7134194Z ok 8 - relocated source-free CPAN packages check Fin bounds before Lean dispatch on every selected ABI
2026-10-09T08:40:29.7135406Z   ---
2026-10-09T08:40:29.7135966Z   duration_ms: 100470.375429
2026-10-09T08:40:29.7136712Z   type: 'test'
2026-10-09T08:40:29.7137337Z   ...
2026-10-09T08:40:29.7137863Z # build 0: compiling XS for 1 Perl ABIs
2026-10-09T08:40:29.7139187Z # offline prebuilt installation on /home/runner/work/lean-bridge/lean-bridge/.toolchains/perl/5.36.3-threaded/bin/perl
2026-10-09T08:40:29.7140734Z # build 1: compiling XS for 1 Perl ABIs
2026-10-09T08:42:10.2769239Z # Subtest: independently reviewed Perl packages check scalar Fin through installed consumers
2026-10-09T08:42:10.2771086Z ok 9 - independently reviewed Perl packages check scalar Fin through installed consumers
2026-10-09T08:42:10.2772403Z   ---
2026-10-09T08:42:10.2772989Z   duration_ms: 100564.106172
2026-10-09T08:42:10.2773827Z   type: 'test'
2026-10-09T08:42:10.2774249Z   ...
2026-10-09T08:42:10.2774740Z # build 0: compiling XS for 1 Perl ABIs
2026-10-09T08:42:10.2776014Z # offline prebuilt installation on /home/runner/work/lean-bridge/lean-bridge/.toolchains/perl/5.36.3-threaded/bin/perl
2026-10-09T08:42:10.2777202Z # build 1: compiling XS for 1 Perl ABIs
2026-10-09T08:42:10.2992213Z 1..9
2026-10-09T08:42:10.2992706Z # tests 9
2026-10-09T08:42:10.2993099Z # suites 0
2026-10-09T08:42:10.2993514Z # pass 9
2026-10-09T08:42:10.2993899Z # fail 0
2026-10-09T08:42:10.2994297Z # cancelled 0
2026-10-09T08:42:10.2994859Z # skipped 0
2026-10-09T08:42:10.2995404Z # todo 0
2026-10-09T08:42:10.2996081Z # duration_ms 201738.399864
2026-10-09T08:42:10.3466472Z TAP version 13
2026-10-09T08:44:21.8743111Z # Subtest: installed Perl variants preserve named constructors, copied fields and scoped cleanup on both source paths
2026-10-09T08:44:21.8749294Z ok 1 - installed Perl variants preserve named constructors, copied fields and scoped cleanup on both source paths
2026-10-09T08:44:21.8750711Z   ---
2026-10-09T08:44:21.8751230Z   duration_ms: 131232.696316
2026-10-09T08:44:21.8752090Z   type: 'test'
2026-10-09T08:44:21.8752694Z   ...
2026-10-09T08:44:21.8753502Z # ordinary-source: compiling fourteen variant exports for 1 Perl ABIs
2026-10-09T08:44:21.8759003Z # ordinary-source: installing offline and relocating /home/runner/work/lean-bridge/lean-bridge/.toolchains/perl/5.36.3-threaded/bin/perl
2026-10-09T08:44:21.8761139Z # ordinary-source/v5.36.3/threaded: 53680 public assertions, 116 rejected inputs and 584 cleanup checks passed
2026-10-09T08:44:21.8762872Z # reviewed-ir: compiling fourteen variant exports for 1 Perl ABIs
2026-10-09T08:44:21.8764829Z # reviewed-ir: installing offline and relocating /home/runner/work/lean-bridge/lean-bridge/.toolchains/perl/5.36.3-threaded/bin/perl
2026-10-09T08:44:21.8766691Z # reviewed-ir/v5.36.3/threaded: 53680 public assertions, 116 rejected inputs and 584 cleanup checks passed
2026-10-09T08:44:21.8912758Z 1..1
2026-10-09T08:44:21.8913369Z # tests 1
2026-10-09T08:44:21.8914134Z # suites 0
2026-10-09T08:44:21.8915010Z # pass 1
2026-10-09T08:44:21.8915617Z # fail 0
2026-10-09T08:44:21.8916384Z # cancelled 0
2026-10-09T08:44:21.8916972Z # skipped 0
2026-10-09T08:44:21.8917672Z # todo 0
2026-10-09T08:44:21.8918222Z # duration_ms 131557.17052
2026-10-09T08:44:21.9411565Z TAP version 13
2026-10-09T08:44:26.4553936Z # Subtest: Perl recursive declarations retain nominal edges and transparent aliases
2026-10-09T08:44:26.4560907Z ok 1 - Perl recursive declarations retain nominal edges and transparent aliases
2026-10-09T08:44:26.4563458Z   ---
2026-10-09T08:44:26.4563986Z   duration_ms: 264.271049
2026-10-09T08:44:26.4564616Z   type: 'test'
2026-10-09T08:44:26.4565167Z   ...
2026-10-09T08:44:26.4566236Z # Subtest: Perl graph declarations reject unsafe namespace, lifecycle and constructor names
2026-10-09T08:44:26.4568254Z ok 2 - Perl graph declarations reject unsafe namespace, lifecycle and constructor names
2026-10-09T08:44:26.4569538Z   ---
2026-10-09T08:44:26.4569894Z   duration_ms: 515.839076
2026-10-09T08:44:26.4570297Z   type: 'test'
2026-10-09T08:44:26.4570647Z   ...
2026-10-09T08:44:26.4573391Z # Subtest: Perl graph declaration size follows finite nodes, not alias expansion
2026-10-09T08:44:26.4595171Z ok 3 - Perl graph declaration size follows finite nodes, not alias expansion
2026-10-09T08:44:26.4602897Z   ---
2026-10-09T08:44:26.4612599Z   duration_ms: 3604.676719
2026-10-09T08:44:26.4613167Z   type: 'test'
2026-10-09T08:44:26.4613567Z   ...
2026-10-09T08:44:30.3802526Z # Subtest: Perl recursive declarations execute on selected pinned interpreter ABIs
2026-10-09T08:44:30.3804228Z ok 4 - Perl recursive declarations execute on selected pinned interpreter ABIs
2026-10-09T08:44:30.3805184Z   ---
2026-10-09T08:44:30.3805695Z   duration_ms: 3934.868739
2026-10-09T08:44:30.3806284Z   type: 'test'
2026-10-09T08:44:30.3806783Z   ...
2026-10-09T08:44:30.3808428Z # Subtest: Perl CI requires declaration execution and retains its per-ABI report
2026-10-09T08:44:30.3810748Z ok 5 - Perl CI requires declaration execution and retains its per-ABI report
2026-10-09T08:44:30.3811471Z   ---
2026-10-09T08:44:30.3813202Z   duration_ms: 1.012893
2026-10-09T08:44:30.3813659Z   type: 'test'
2026-10-09T08:44:30.3813904Z   ...
2026-10-09T08:44:30.3978958Z 1..5
2026-10-09T08:44:30.3979382Z # tests 5
2026-10-09T08:44:30.3979747Z # suites 0
2026-10-09T08:44:30.3980127Z # pass 5
2026-10-09T08:44:30.3980478Z # fail 0
2026-10-09T08:44:30.3980844Z # cancelled 0
2026-10-09T08:44:30.3981231Z # skipped 0
2026-10-09T08:44:30.3982430Z # todo 0
2026-10-09T08:44:30.3982932Z # duration_ms 8469.977996
2026-10-09T08:44:30.4460486Z TAP version 13
2026-10-09T08:44:40.3950230Z # Subtest: recorded Perl conversions bind all four ABIs without claiming installed CPAN support
2026-10-09T08:44:40.3956782Z ok 1 - recorded Perl conversions bind all four ABIs without claiming installed CPAN support
2026-10-09T08:44:40.3957702Z   ---
2026-10-09T08:44:40.3958116Z   duration_ms: 5370.070354
2026-10-09T08:44:40.3958640Z   type: 'test'
2026-10-09T08:44:40.3959050Z   ...
2026-10-09T08:44:40.3962888Z # Subtest: Perl graph converters remain finite, deterministic and nominal
2026-10-09T08:44:40.3973507Z ok 2 - Perl graph converters remain finite, deterministic and nominal
2026-10-09T08:44:40.3974241Z   ---
2026-10-09T08:44:40.3974619Z   duration_ms: 4071.560357
2026-10-09T08:44:40.3975043Z   type: 'test'
2026-10-09T08:44:40.3975404Z   ...
2026-10-09T08:44:40.3976000Z # Subtest: Perl XS calls validate before initialization and register native cleanup before invocation
2026-10-09T08:44:40.3976852Z ok 3 - Perl XS calls validate before initialization and register native cleanup before invocation
2026-10-09T08:44:40.3977338Z   ---
2026-10-09T08:44:40.3977554Z   duration_ms: 139.675447
2026-10-09T08:44:40.3977815Z   type: 'test'
2026-10-09T08:44:40.3978031Z   ...
2026-10-09T08:44:42.1508484Z # Subtest: Perl isolated XS conversions reject malformed values and release failures on selected ABIs
2026-10-09T08:44:42.1510311Z ok 4 - Perl isolated XS conversions reject malformed values and release failures on selected ABIs
2026-10-09T08:44:42.1511200Z   ---
2026-10-09T08:44:42.1511573Z   duration_ms: 1756.771927
2026-10-09T08:44:42.1512217Z   type: 'test'
2026-10-09T08:44:42.1512457Z   ...
2026-10-09T08:50:39.7701184Z # Subtest: Perl XS executes ordinary and reviewed compiled Lean graphs on selected ABIs
2026-10-09T08:50:39.7702347Z ok 5 - Perl XS executes ordinary and reviewed compiled Lean graphs on selected ABIs
2026-10-09T08:50:39.7703102Z   ---
2026-10-09T08:50:39.7703554Z   duration_ms: 357618.735622
2026-10-09T08:50:39.7704032Z   type: 'test'
2026-10-09T08:50:39.7704394Z   ...
2026-10-09T08:50:39.7712793Z # Subtest: Perl CI requires isolated and compiled graph conversions for every ABI
2026-10-09T08:50:39.7713524Z ok 6 - Perl CI requires isolated and compiled graph conversions for every ABI
2026-10-09T08:50:39.7713946Z   ---
2026-10-09T08:50:39.7714174Z   duration_ms: 1.013174
2026-10-09T08:50:39.7714739Z   type: 'test'
2026-10-09T08:50:39.7714963Z   ...
2026-10-09T08:50:39.8147284Z 1..6
2026-10-09T08:50:39.8147735Z # tests 6
2026-10-09T08:50:39.8148124Z # suites 0
2026-10-09T08:50:39.8148584Z # pass 6
2026-10-09T08:50:39.8148952Z # fail 0
2026-10-09T08:50:39.8149433Z # cancelled 0
2026-10-09T08:50:39.8149970Z # skipped 0
2026-10-09T08:50:39.8150595Z # todo 0
2026-10-09T08:50:39.8151206Z # duration_ms 369381.540877
2026-10-09T08:50:39.8589191Z TAP version 13
2026-10-09T08:50:42.0053733Z # Subtest: recursive Perl package generation isolates native symbols and defers initialization
2026-10-09T08:50:42.0055761Z ok 1 - recursive Perl package generation isolates native symbols and defers initialization
2026-10-09T08:50:42.0056694Z   ---
2026-10-09T08:50:42.0057111Z   duration_ms: 35.829533
2026-10-09T08:50:42.0057641Z   type: 'test'
2026-10-09T08:50:42.0058032Z   ...
2026-10-09T08:50:42.0058961Z # Subtest: Perl source literals preserve coordinates, sigils, quotes and backslashes
2026-10-09T08:50:42.0072594Z ok 2 - Perl source literals preserve coordinates, sigils, quotes and backslashes
2026-10-09T08:50:42.0073074Z   ---
2026-10-09T08:50:42.0073308Z   duration_ms: 0.181379
2026-10-09T08:50:42.0073557Z   type: 'test'
2026-10-09T08:50:42.0073777Z   ...
2026-10-09T08:50:42.0074237Z # Subtest: Perl installation comparison normalizes only known installer bookkeeping
2026-10-09T08:50:42.0075047Z ok 3 - Perl installation comparison normalizes only known installer bookkeeping
2026-10-09T08:50:42.0075850Z   ---
2026-10-09T08:50:42.0076253Z   duration_ms: 6.262158
2026-10-09T08:50:42.0076695Z   type: 'test'
2026-10-09T08:50:42.0077093Z   ...
2026-10-09T08:50:42.0077996Z # Subtest: CPAN finite admission validates the Perl namespace without adding a C target
2026-10-09T08:50:42.0079345Z ok 4 - CPAN finite admission validates the Perl namespace without adding a C target
2026-10-09T08:50:42.0080177Z   ---
2026-10-09T08:50:42.0080571Z   duration_ms: 1471.78714
2026-10-09T08:50:42.0081028Z   type: 'test'
2026-10-09T08:50:42.0081467Z   ...
2026-10-09T08:50:42.0082828Z # Subtest: Perl probe lineage permits only the three unchanged instrumentation exports
2026-10-09T08:50:42.0083772Z ok 5 - Perl probe lineage permits only the three unchanged instrumentation exports
2026-10-09T08:50:42.0084282Z   ---
2026-10-09T08:50:42.0084531Z   duration_ms: 7.976442
2026-10-09T08:50:42.0084840Z   type: 'test'
2026-10-09T08:50:42.0085068Z   ...
2026-10-09T08:50:42.0189409Z # Subtest: Perl regression signatures preserve parameter order and reconstruct the named compound review
2026-10-09T08:50:42.0190439Z ok 6 - Perl regression signatures preserve parameter order and reconstruct the named compound review
2026-10-09T08:50:42.0190959Z   ---
2026-10-09T08:50:42.0191182Z   duration_ms: 9.718288
2026-10-09T08:50:42.0191434Z   type: 'test'
2026-10-09T08:50:42.0191904Z   ...
2026-10-09T08:50:56.3905646Z # Subtest: recursive CPAN acceptance binds every ABI, original archive, lifecycle probe and documented call
2026-10-09T08:50:56.3907552Z ok 7 - recursive CPAN acceptance binds every ABI, original archive, lifecycle probe and documented call
2026-10-09T08:50:56.3908892Z   ---
2026-10-09T08:50:56.3909503Z   duration_ms: 14372.505883
2026-10-09T08:50:56.3909928Z   type: 'test'
2026-10-09T08:50:56.3910290Z   ...
2026-10-09T09:07:35.1260974Z # Subtest: ordinary and reviewed CPAN graphs install source-free on selected Perl ABIs
2026-10-09T09:07:35.1262952Z ok 8 - ordinary and reviewed CPAN graphs install source-free on selected Perl ABIs
2026-10-09T09:07:35.1263818Z   ---
2026-10-09T09:07:35.1264205Z   duration_ms: 998735.448861
2026-10-09T09:07:35.1264698Z   type: 'test'
2026-10-09T09:07:35.1265105Z   ...
2026-10-09T09:07:35.1265656Z # ordinary: independent build 1, CPAN-only archives
2026-10-09T09:07:35.1266886Z # ordinary: /home/runner/work/lean-bridge/lean-bridge/.toolchains/perl/5.36.3-threaded/bin/perl, prebuilt-only
2026-10-09T09:07:35.1282899Z # ordinary: /home/runner/work/lean-bridge/lean-bridge/.toolchains/perl/5.36.3-threaded/bin/perl, build-xs
2026-10-09T09:07:35.1284545Z # ordinary: 2 source-free installations passed
2026-10-09T09:07:35.1285294Z # reviewed: independent build 1, CPAN-only archives
2026-10-09T09:07:35.1286424Z # reviewed: /home/runner/work/lean-bridge/lean-bridge/.toolchains/perl/5.36.3-threaded/bin/perl, prebuilt-only
2026-10-09T09:07:35.1287728Z # reviewed: /home/runner/work/lean-bridge/lean-bridge/.toolchains/perl/5.36.3-threaded/bin/perl, build-xs
2026-10-09T09:07:35.1288688Z # reviewed: 2 source-free installations passed
2026-10-09T09:07:35.1289396Z # ordinary: independent build 2, CPAN-only archives
2026-10-09T09:07:35.1290867Z # ordinary: /home/runner/work/lean-bridge/lean-bridge/.toolchains/perl/5.36.3-threaded/bin/perl, prebuilt-only
2026-10-09T09:07:35.1292643Z # ordinary: /home/runner/work/lean-bridge/lean-bridge/.toolchains/perl/5.36.3-threaded/bin/perl, build-xs
2026-10-09T09:07:35.1293639Z # ordinary: 2 source-free installations passed
2026-10-09T09:07:35.1294356Z # reviewed: independent build 2, CPAN-only archives
2026-10-09T09:07:35.1295467Z # reviewed: /home/runner/work/lean-bridge/lean-bridge/.toolchains/perl/5.36.3-threaded/bin/perl, prebuilt-only
2026-10-09T09:07:35.1296980Z # reviewed: /home/runner/work/lean-bridge/lean-bridge/.toolchains/perl/5.36.3-threaded/bin/perl, build-xs
2026-10-09T09:07:35.1298064Z # reviewed: 2 source-free installations passed
2026-10-09T09:09:18.5676688Z # Subtest: Perl rejects conflicting native component coordinates before loading their code
2026-10-09T09:09:18.5678586Z ok 9 - Perl rejects conflicting native component coordinates before loading their code
2026-10-09T09:09:18.5679339Z   ---
2026-10-09T09:09:18.5679748Z   duration_ms: 103441.266571
2026-10-09T09:09:18.5680169Z   type: 'test'
2026-10-09T09:09:18.5680510Z   ...
2026-10-09T09:11:52.5527241Z # Subtest: installed recursive and acyclic Perl packages share lifecycle without symbol collisions
2026-10-09T09:11:52.5529714Z ok 10 - installed recursive and acyclic Perl packages share lifecycle without symbol collisions
2026-10-09T09:11:52.5531264Z   ---
2026-10-09T09:11:52.5532294Z   duration_ms: 153984.787763
2026-10-09T09:11:52.5533019Z   type: 'test'
2026-10-09T09:11:52.5533805Z   ...
2026-10-09T09:11:52.5534711Z # building GraphAlpha for 1 Perl ABIs
2026-10-09T09:11:52.5535930Z # building GraphBeta for 1 Perl ABIs
2026-10-09T09:11:52.5536778Z # building Peer for 1 Perl ABIs
2026-10-09T09:11:52.5537922Z # installing and checking composition: /home/runner/work/lean-bridge/lean-bridge/.toolchains/perl/5.36.3-threaded/bin/perl
2026-10-09T09:13:45.4270553Z # Subtest: recursive Perl documentation builds original archives and rejects installed native tampering
2026-10-09T09:13:45.4273360Z ok 11 - recursive Perl documentation builds original archives and rejects installed native tampering
2026-10-09T09:13:45.4274442Z   ---
2026-10-09T09:13:45.4274995Z   duration_ms: 112874.122407
2026-10-09T09:13:45.4275639Z   type: 'test'
2026-10-09T09:13:45.4276164Z   ...
2026-10-09T09:13:45.4276794Z # ordinary: compiling the documented recursive module
2026-10-09T09:13:45.4278296Z # ordinary: executing documentation and native tamper checks on /home/runner/work/lean-bridge/lean-bridge/.toolchains/perl/5.36.3-threaded/bin/perl
2026-10-09T09:13:45.4280406Z # reviewed: compiling the documented recursive module
2026-10-09T09:13:45.4281996Z # reviewed: executing documentation and native tamper checks on /home/runner/work/lean-bridge/lean-bridge/.toolchains/perl/5.36.3-threaded/bin/perl
2026-10-09T09:13:45.4773037Z 1..11
2026-10-09T09:13:45.4776666Z # tests 11
2026-10-09T09:13:45.4777218Z # suites 0
2026-10-09T09:13:45.4777777Z # pass 11
2026-10-09T09:13:45.4778340Z # fail 0
2026-10-09T09:13:45.4778986Z # cancelled 0
2026-10-09T09:13:45.4779524Z # skipped 0
2026-10-09T09:13:45.4780110Z # todo 0
2026-10-09T09:13:45.4780791Z # duration_ms 1385630.269604
2026-10-09T09:13:45.5256898Z TAP version 13
2026-10-09T09:13:46.2219073Z # Subtest: Native consumer CI repair integration authenticates each exact source predecessor
2026-10-09T09:13:46.2225559Z ok 1 - Native consumer CI repair integration authenticates each exact source predecessor
2026-10-09T09:13:46.2226862Z   ---
2026-10-09T09:13:46.2227257Z   duration_ms: 359.516845
2026-10-09T09:13:46.2227689Z   type: 'test'
2026-10-09T09:13:46.2228144Z   ...
2026-10-09T09:13:46.5544682Z # Subtest: Native consumer CI repair source pins do not change observations or other inventory claims
2026-10-09T09:13:46.5546389Z ok 2 - Native consumer CI repair source pins do not change observations or other inventory claims
2026-10-09T09:13:46.5547337Z   ---
2026-10-09T09:13:46.5547774Z   duration_ms: 331.771307
2026-10-09T09:13:46.5548296Z   type: 'test'
2026-10-09T09:13:46.5549248Z   ...
2026-10-09T09:13:46.5580805Z # Subtest: every native profile has a specialization consumer for the same concrete exports
2026-10-09T09:13:46.5583748Z ok 3 - every native profile has a specialization consumer for the same concrete exports
2026-10-09T09:13:46.5585210Z   ---
2026-10-09T09:13:46.5585645Z   duration_ms: 3.435843
2026-10-09T09:13:46.5586148Z   type: 'test'
2026-10-09T09:13:46.5586774Z   ...
2026-10-09T09:13:46.5589490Z # Subtest: native builds admit a generic structure instantiation named by an alias, with its provenance
2026-10-09T09:13:46.5591308Z ok 4 - native builds admit a generic structure instantiation named by an alias, with its provenance # SKIP
2026-10-09T09:13:46.5592746Z   ---
2026-10-09T09:13:46.5593168Z   duration_ms: 0.291966
2026-10-09T09:13:46.5593622Z   type: 'test'
2026-10-09T09:13:46.5594003Z   ...
2026-10-09T09:15:23.3775978Z # Subtest: relocated source-free native packages install concrete specializations without the generic declaration
2026-10-09T09:15:23.3778911Z ok 5 - relocated source-free native packages install concrete specializations without the generic declaration
2026-10-09T09:15:23.3780540Z   ---
2026-10-09T09:15:23.3783381Z   duration_ms: 96819.45268
2026-10-09T09:15:23.3783849Z   type: 'test'
2026-10-09T09:15:23.3784207Z   ...
2026-10-09T09:15:23.3784478Z # build 0: perl
2026-10-09T09:15:23.3784787Z # installing and checking perl
2026-10-09T09:15:23.3785224Z # build 1: perl
2026-10-09T09:15:23.3974804Z 1..5
2026-10-09T09:15:23.3975280Z # tests 5
2026-10-09T09:15:23.3975664Z # suites 0
2026-10-09T09:15:23.3976097Z # pass 4
2026-10-09T09:15:23.3976614Z # fail 0
2026-10-09T09:15:23.3977266Z # cancelled 0
2026-10-09T09:15:23.3977894Z # skipped 1
2026-10-09T09:15:23.3978556Z # todo 0
2026-10-09T09:15:23.3979107Z # duration_ms 97884.52191
2026-10-09T09:15:23.4459915Z TAP version 13
2026-10-09T09:17:02.5002549Z # Subtest: relocated source-free native packages construct and project alias-named generic records
2026-10-09T09:17:02.5014299Z ok 1 - relocated source-free native packages construct and project alias-named generic records
2026-10-09T09:17:02.5015183Z   ---
2026-10-09T09:17:02.5015570Z   duration_ms: 98529.464114
2026-10-09T09:17:02.5015997Z   type: 'test'
2026-10-09T09:17:02.5016351Z   ...
2026-10-09T09:17:02.5016688Z # build 0: perl
2026-10-09T09:17:02.5017164Z # installing and checking perl
2026-10-09T09:17:02.5018762Z # build 1: perl
2026-10-09T09:18:41.3941639Z # Subtest: relocated source-free native packages construct specialized generic records in two namespaces and Option/List aliases
2026-10-09T09:18:41.3944281Z ok 2 - relocated source-free native packages construct specialized generic records in two namespaces and Option/List aliases
2026-10-09T09:18:41.3945593Z   ---
2026-10-09T09:18:41.3946142Z   duration_ms: 98894.740724
2026-10-09T09:18:41.3946821Z   type: 'test'
2026-10-09T09:18:41.3947359Z   ...
2026-10-09T09:18:41.3947849Z # build 0: perl
2026-10-09T09:18:41.3949265Z # installing and checking perl
2026-10-09T09:18:41.3950196Z # build 1: perl
2026-10-09T09:18:41.4157840Z 1..2
2026-10-09T09:18:41.4158261Z # tests 2
2026-10-09T09:18:41.4158643Z # suites 0
2026-10-09T09:18:41.4159017Z # pass 2
2026-10-09T09:18:41.4159383Z # fail 0
2026-10-09T09:18:41.4160064Z # cancelled 0
2026-10-09T09:18:41.4160625Z # skipped 0
2026-10-09T09:18:41.4161190Z # todo 0
2026-10-09T09:18:41.4162321Z # duration_ms 197981.975165
2026-10-09T09:18:41.4655037Z TAP version 13
2026-10-09T09:18:41.8499899Z # Subtest: container host dispatch requires every ordered public and raw control
2026-10-09T09:18:41.8507077Z ok 1 - container host dispatch requires every ordered public and raw control
2026-10-09T09:18:41.8507989Z   ---
2026-10-09T09:18:41.8508402Z   duration_ms: 20.287668
2026-10-09T09:18:41.8508748Z   type: 'test'
2026-10-09T09:18:41.8508979Z   ...
2026-10-09T09:18:42.7890508Z # Subtest: container dispatch history authenticates exact predecessors and rejects unknown edits
2026-10-09T09:18:42.7893867Z ok 2 - container dispatch history authenticates exact predecessors and rejects unknown edits
2026-10-09T09:18:42.7895254Z   ---
2026-10-09T09:18:42.7895823Z   duration_ms: 944.695376
2026-10-09T09:18:42.7896505Z   type: 'test'
2026-10-09T09:18:42.7897075Z   ...
2026-10-09T09:18:43.6189779Z # Subtest: container dispatch adds no support claims or rewritten archived observations
2026-10-09T09:18:43.6191078Z ok 3 - container dispatch adds no support claims or rewritten archived observations
2026-10-09T09:18:43.6192019Z   ---
2026-10-09T09:18:43.6192254Z   duration_ms: 829.740419
2026-10-09T09:18:43.6192518Z   type: 'test'
2026-10-09T09:18:43.6192731Z   ...
2026-10-09T09:18:44.3735790Z # Subtest: Perl Fin archive inspection authenticates each exact source predecessor
2026-10-09T09:18:44.3737423Z ok 4 - Perl Fin archive inspection authenticates each exact source predecessor
2026-10-09T09:18:44.3738245Z   ---
2026-10-09T09:18:44.3738815Z   duration_ms: 754.717631
2026-10-09T09:18:44.3739561Z   type: 'test'
2026-10-09T09:18:44.3740167Z   ...
2026-10-09T09:18:45.0921907Z # Subtest: Perl Fin archive inspection changes current source pins without inventing installed evidence
2026-10-09T09:18:45.0923391Z ok 5 - Perl Fin archive inspection changes current source pins without inventing installed evidence
2026-10-09T09:18:45.0923911Z   ---
2026-10-09T09:18:45.0924143Z   duration_ms: 718.399954
2026-10-09T09:18:45.0924399Z   type: 'test'
2026-10-09T09:18:45.0924618Z   ...
2026-10-09T09:18:45.8172432Z # Subtest: Perl Fin XS audit authenticates each exact source predecessor
2026-10-09T09:18:45.8183192Z ok 6 - Perl Fin XS audit authenticates each exact source predecessor
2026-10-09T09:18:45.8183647Z   ---
2026-10-09T09:18:45.8183884Z   duration_ms: 725.046271
2026-10-09T09:18:45.8184146Z   type: 'test'
2026-10-09T09:18:45.8184363Z   ...
2026-10-09T09:18:46.5217453Z # Subtest: Perl Fin XS audit changes current source pins without inventing installed evidence
2026-10-09T09:18:46.5218885Z ok 7 - Perl Fin XS audit changes current source pins without inventing installed evidence
2026-10-09T09:18:46.5219575Z   ---
2026-10-09T09:18:46.5219950Z   duration_ms: 704.178968
2026-10-09T09:18:46.5220376Z   type: 'test'
2026-10-09T09:18:46.5220651Z   ...
2026-10-09T09:18:46.5474844Z # Subtest: Perl Fin archive inspection works with the compiler-free consumer PATH
2026-10-09T09:18:46.5476372Z ok 8 - Perl Fin archive inspection works with the compiler-free consumer PATH
2026-10-09T09:18:46.5477158Z   ---
2026-10-09T09:18:46.5477738Z   duration_ms: 20.407272
2026-10-09T09:18:46.5478320Z   type: 'test'
2026-10-09T09:18:46.5478831Z   ...
2026-10-09T09:18:46.5485842Z # Subtest: native types admit Fin at top level, inside structural containers and in plain record and variant fields
2026-10-09T09:18:46.5488057Z ok 9 - native types admit Fin at top level, inside structural containers and in plain record and variant fields
2026-10-09T09:18:46.5489366Z   ---
2026-10-09T09:18:46.5490030Z   duration_ms: 3.21513
2026-10-09T09:18:46.5490496Z   type: 'test'
2026-10-09T09:18:46.5490897Z   ...
2026-10-09T09:18:46.5492284Z # Subtest: Lean adapters check container elements with typed construction and keep the scalar form byte for byte
2026-10-09T09:18:46.5493733Z ok 10 - Lean adapters check container elements with typed construction and keep the scalar form byte for byte
2026-10-09T09:18:46.5494723Z   ---
2026-10-09T09:18:46.5495121Z   duration_ms: 2.28911
2026-10-09T09:18:46.5495561Z   type: 'test'
2026-10-09T09:18:46.5496432Z   ...
2026-10-09T09:18:46.5515826Z # Subtest: every native profile has a Fin container consumer
2026-10-09T09:18:46.5517100Z ok 11 - every native profile has a Fin container consumer
2026-10-09T09:18:46.5518127Z   ---
2026-10-09T09:18:46.5518786Z   duration_ms: 3.175564
2026-10-09T09:18:46.5519478Z   type: 'test'
2026-10-09T09:18:46.5519886Z   ...
2026-10-09T09:18:46.5521586Z # Subtest: native builds still reject Fin in callbacks and generic record instantiations, including containers there
2026-10-09T09:18:46.5524286Z ok 12 - native builds still reject Fin in callbacks and generic record instantiations, including containers there # SKIP
2026-10-09T09:18:46.5525198Z   ---
2026-10-09T09:18:46.5525682Z   duration_ms: 0.238406
2026-10-09T09:18:46.5526009Z   type: 'test'
2026-10-09T09:18:46.5526228Z   ...
2026-10-09T09:20:29.4383905Z # Subtest: relocated source-free native packages check Fin inside arrays, lists and options
2026-10-09T09:20:29.4386276Z ok 13 - relocated source-free native packages check Fin inside arrays, lists and options
2026-10-09T09:20:29.4387819Z   ---
2026-10-09T09:20:29.4388533Z   duration_ms: 102886.579493
2026-10-09T09:20:29.4389049Z   type: 'test'
2026-10-09T09:20:29.4389457Z   ...
2026-10-09T09:20:29.4389844Z # build 0: perl
2026-10-09T09:20:29.4390389Z # installing and checking perl
2026-10-09T09:20:29.4390911Z # build 1: perl
2026-10-09T09:22:11.6657129Z # Subtest: independently reviewed native packages check container and alias Fin bounds after source-free installation
2026-10-09T09:22:11.6659626Z ok 14 - independently reviewed native packages check container and alias Fin bounds after source-free installation
2026-10-09T09:22:11.6661258Z   ---
2026-10-09T09:22:11.6662022Z   duration_ms: 102227.83903
2026-10-09T09:22:11.6662777Z   type: 'test'
2026-10-09T09:22:11.6663237Z   ...
2026-10-09T09:22:11.6663627Z # build 0: perl
2026-10-09T09:22:11.6664138Z # installing and checking perl
2026-10-09T09:22:11.6670500Z # build 1: perl
2026-10-09T09:22:11.6853618Z # Subtest: generated XS walks every container element against its exact bound before the guarded adapter runs
2026-10-09T09:22:11.6857317Z ok 15 - generated XS walks every container element against its exact bound before the guarded adapter runs
2026-10-09T09:22:11.6858279Z   ---
2026-10-09T09:22:11.6858864Z   duration_ms: 22.882384
2026-10-09T09:22:11.6859468Z   type: 'test'
2026-10-09T09:22:11.6860004Z   ...
2026-10-09T09:22:11.6861185Z # Subtest: a checked constructor beside container bounds runs after every bound, through the exported validator
2026-10-09T09:22:11.6863081Z ok 16 - a checked constructor beside container bounds runs after every bound, through the exported validator
2026-10-09T09:22:11.6863996Z   ---
2026-10-09T09:22:11.6864548Z   duration_ms: 7.768157
2026-10-09T09:22:11.6865116Z   type: 'test'
2026-10-09T09:22:11.6865657Z   ...
2026-10-09T09:22:11.6866608Z # Subtest: the Perl dispatch interposers repeat the exported prototypes they wrap
2026-10-09T09:22:11.6867689Z ok 17 - the Perl dispatch interposers repeat the exported prototypes they wrap
2026-10-09T09:22:11.6868286Z   ---
2026-10-09T09:22:11.6868756Z   duration_ms: 1.240769
2026-10-09T09:22:11.6869238Z   type: 'test'
2026-10-09T09:22:11.6869690Z   ...
2026-10-09T09:22:11.6870117Z 1..17
2026-10-09T09:22:11.6870572Z # tests 17
2026-10-09T09:22:11.6871010Z # suites 0
2026-10-09T09:22:11.6871464Z # pass 16
2026-10-09T09:22:11.6872166Z # fail 0
2026-10-09T09:22:11.6872627Z # cancelled 0
2026-10-09T09:22:11.6873086Z # skipped 1
2026-10-09T09:22:11.6873538Z # todo 0
2026-10-09T09:22:11.6874018Z # duration_ms 210236.097348
2026-10-09T09:22:11.7362986Z TAP version 13
2026-10-09T09:22:12.1590263Z # Subtest: PHP-safe product name authenticates each exact source predecessor
2026-10-09T09:22:12.1597501Z ok 1 - PHP-safe product name authenticates each exact source predecessor
2026-10-09T09:22:12.1598302Z   ---
2026-10-09T09:22:12.1598620Z   duration_ms: 75.876109
2026-10-09T09:22:12.1598909Z   type: 'test'
2026-10-09T09:22:12.1599140Z   ...
2026-10-09T09:22:12.9127282Z # Subtest: Fin products authenticates each exact source predecessor
2026-10-09T09:22:12.9130063Z ok 2 - Fin products authenticates each exact source predecessor
2026-10-09T09:22:12.9131063Z   ---
2026-10-09T09:22:12.9131851Z   duration_ms: 753.433834
2026-10-09T09:22:12.9140574Z   type: 'test'
2026-10-09T09:22:12.9140976Z   ...
2026-10-09T09:22:14.0634088Z # Subtest: Fin products changes current source pins without inventing installed evidence
2026-10-09T09:22:14.0635422Z ok 3 - Fin products changes current source pins without inventing installed evidence
2026-10-09T09:22:14.0636214Z   ---
2026-10-09T09:22:14.0637104Z   duration_ms: 1150.813521
2026-10-09T09:22:14.0637586Z   type: 'test'
2026-10-09T09:22:14.0637944Z   ...
2026-10-09T09:22:14.8121192Z # Subtest: Fin products CI authenticates each exact source predecessor
2026-10-09T09:22:14.8123018Z ok 4 - Fin products CI authenticates each exact source predecessor
2026-10-09T09:22:14.8123743Z   ---
2026-10-09T09:22:14.8124090Z   duration_ms: 748.896065
2026-10-09T09:22:14.8124513Z   type: 'test'
2026-10-09T09:22:14.8124844Z   ...
2026-10-09T09:22:16.2156491Z # Subtest: Fin products CI changes current source pins without inventing installed evidence
2026-10-09T09:22:16.2158281Z ok 5 - Fin products CI changes current source pins without inventing installed evidence
2026-10-09T09:22:16.2159007Z   ---
2026-10-09T09:22:16.2159370Z   duration_ms: 1403.343907
2026-10-09T09:22:16.2159779Z   type: 'test'
2026-10-09T09:22:16.2160117Z   ...
2026-10-09T09:22:16.9687583Z # Subtest: Fin products floors authenticates each exact source predecessor
2026-10-09T09:22:16.9688979Z ok 6 - Fin products floors authenticates each exact source predecessor
2026-10-09T09:22:16.9689806Z   ---
2026-10-09T09:22:16.9690266Z   duration_ms: 753.163932
2026-10-09T09:22:16.9690789Z   type: 'test'
2026-10-09T09:22:16.9691214Z   ...
2026-10-09T09:22:18.3411111Z # Subtest: Fin products floors changes current source pins without inventing installed evidence
2026-10-09T09:22:18.3413962Z ok 7 - Fin products floors changes current source pins without inventing installed evidence
2026-10-09T09:22:18.3415216Z   ---
2026-10-09T09:22:18.3415891Z   duration_ms: 1372.143014
2026-10-09T09:22:18.3416459Z   type: 'test'
2026-10-09T09:22:18.3416902Z   ...
2026-10-09T09:22:18.3476759Z # Subtest: Array dispatch archives retain exact installed packages and ten measured C rows
2026-10-09T09:22:18.3478149Z ok 8 - Array dispatch archives retain exact installed packages and ten measured C rows
2026-10-09T09:22:18.3479179Z   ---
2026-10-09T09:22:18.3479581Z   duration_ms: 6.83893
2026-10-09T09:22:18.3480005Z   type: 'test'
2026-10-09T09:22:18.3480425Z   ...
2026-10-09T09:22:18.3555815Z # Subtest: Array dispatch evidence refuses missing positions, false counters and inherited C++ dispatch
2026-10-09T09:22:18.3557228Z ok 9 - Array dispatch evidence refuses missing positions, false counters and inherited C++ dispatch
2026-10-09T09:22:18.3558068Z   ---
2026-10-09T09:22:18.3558417Z   duration_ms: 6.826027
2026-10-09T09:22:18.3558823Z   type: 'test'
2026-10-09T09:22:18.3559207Z   ...
2026-10-09T09:22:18.3594378Z # Subtest: Array product archives retain exact installed C/C++ results and unmeasured dispatch
2026-10-09T09:22:18.3596783Z ok 10 - Array product archives retain exact installed C/C++ results and unmeasured dispatch
2026-10-09T09:22:18.3597322Z   ---
2026-10-09T09:22:18.3597564Z   duration_ms: 4.654098
2026-10-09T09:22:18.3597823Z   type: 'test'
2026-10-09T09:22:18.3598045Z   ...
2026-10-09T09:22:18.3606594Z # Subtest: the product follow-up preserves all five fresh-Lean refusal results
2026-10-09T09:22:18.3607748Z ok 11 - the product follow-up preserves all five fresh-Lean refusal results
2026-10-09T09:22:18.3608437Z   ---
2026-10-09T09:22:18.3608791Z   duration_ms: 1.290965
2026-10-09T09:22:18.3609206Z   type: 'test'
2026-10-09T09:22:18.3609562Z   ...
2026-10-09T09:22:18.3668358Z # Subtest: C/C++ product archives bind both source paths to exact bounds and measured dispatch
2026-10-09T09:22:18.3669687Z ok 12 - C/C++ product archives bind both source paths to exact bounds and measured dispatch
2026-10-09T09:22:18.3672091Z   ---
2026-10-09T09:22:18.3672470Z   duration_ms: 6.093403
2026-10-09T09:22:18.3672891Z   type: 'test'
2026-10-09T09:22:18.3673245Z   ...
2026-10-09T09:22:18.3777171Z # Subtest: PHP-safe product names preserve every original bound and independently reviewed site
2026-10-09T09:22:18.3778821Z ok 13 - PHP-safe product names preserve every original bound and independently reviewed site
2026-10-09T09:22:18.3779567Z   ---
2026-10-09T09:22:18.3779902Z   duration_ms: 10.515387
2026-10-09T09:22:18.3780280Z   type: 'test'
2026-10-09T09:22:18.3780991Z   ...
2026-10-09T09:22:18.4908648Z # Subtest: product logs retain the failed baseline review and the corrected run with four mismatches
2026-10-09T09:22:18.4910783Z ok 14 - product logs retain the failed baseline review and the corrected run with four mismatches
2026-10-09T09:22:18.4912253Z   ---
2026-10-09T09:22:18.4912781Z   duration_ms: 2.254807
2026-10-09T09:22:18.4913320Z   type: 'test'
2026-10-09T09:22:18.4913797Z   ...
2026-10-09T09:22:18.4914804Z # Subtest: native refinement trees keep both product components and both Except branches
2026-10-09T09:22:18.4916221Z ok 15 - native refinement trees keep both product components and both Except branches
2026-10-09T09:22:18.4917070Z   ---
2026-10-09T09:22:18.4932468Z   duration_ms: 32.197189
2026-10-09T09:22:18.4938586Z   type: 'test'
2026-10-09T09:22:18.4939194Z   ...
2026-10-09T09:22:18.4940144Z # Subtest: documentation paths name product components and the active Except branch
2026-10-09T09:22:18.4941439Z ok 16 - documentation paths name product components and the active Except branch
2026-10-09T09:22:18.4942454Z   ---
2026-10-09T09:22:18.4942835Z   duration_ms: 3.258955
2026-10-09T09:22:18.4943276Z   type: 'test'
2026-10-09T09:22:18.4943643Z   ...
2026-10-09T09:22:18.4944602Z # Subtest: the independent product review passes reviewed admission and states every compiled bound
2026-10-09T09:22:18.4946062Z ok 17 - the independent product review passes reviewed admission and states every compiled bound
2026-10-09T09:22:18.4946949Z   ---
2026-10-09T09:22:18.4947319Z   duration_ms: 19.87885
2026-10-09T09:22:18.4947742Z   type: 'test'
2026-10-09T09:22:18.4948114Z   ...
2026-10-09T09:22:18.4948851Z # Subtest: generated host documentation lists product and Except bound paths
2026-10-09T09:22:18.4949937Z ok 18 - generated host documentation lists product and Except bound paths
2026-10-09T09:22:18.4950620Z   ---
2026-10-09T09:22:18.4950960Z   duration_ms: 14.471616
2026-10-09T09:22:18.4951396Z   type: 'test'
2026-10-09T09:22:18.4952049Z   ...
2026-10-09T09:22:18.4952980Z # Subtest: the installed WIT patterns match the WIT generated from the fixture's compiler model
2026-10-09T09:22:18.4954345Z ok 19 - the installed WIT patterns match the WIT generated from the fixture's compiler model
2026-10-09T09:22:18.4955190Z   ---
2026-10-09T09:22:18.4955562Z   duration_ms: 17.277414
2026-10-09T09:22:18.4955989Z   type: 'test'
2026-10-09T09:22:18.4956357Z   ...
2026-10-09T09:22:18.4957376Z # Subtest: C adapters compare both components and only the active branch on caller limbs before Lean runs
2026-10-09T09:22:18.4958937Z ok 20 - C adapters compare both components and only the active branch on caller limbs before Lean runs
2026-10-09T09:22:18.4960785Z   ---
2026-10-09T09:22:18.4961241Z   duration_ms: 10.53314
2026-10-09T09:22:18.4961913Z   type: 'test'
2026-10-09T09:22:18.4962313Z   ...
2026-10-09T09:22:18.4963346Z # Subtest: Lean adapters construct every Fin of both components and the active branch before one source call
2026-10-09T09:22:18.4964972Z ok 21 - Lean adapters construct every Fin of both components and the active branch before one source call
2026-10-09T09:22:18.4965882Z   ---
2026-10-09T09:22:18.4966284Z   duration_ms: 4.596537
2026-10-09T09:22:18.4966728Z   type: 'test'
2026-10-09T09:22:18.4967127Z   ...
2026-10-09T09:22:18.4967864Z # Subtest: Perl XS walks both components and the active branch, naming each path
2026-10-09T09:22:18.4969069Z ok 22 - Perl XS walks both components and the active branch, naming each path
2026-10-09T09:22:18.4970338Z   ---
2026-10-09T09:22:18.4970689Z   duration_ms: 4.031289
2026-10-09T09:22:18.4971075Z   type: 'test'
2026-10-09T09:22:18.4971415Z   ...
2026-10-09T09:22:18.4972510Z # Subtest: reviewed product and Except bounds must equal the freshly compiled tree
2026-10-09T09:22:18.4973733Z ok 23 - reviewed product and Except bounds must equal the freshly compiled tree
2026-10-09T09:22:18.4974513Z   ---
2026-10-09T09:22:18.4974882Z   duration_ms: 4.295464
2026-10-09T09:22:18.4975341Z   type: 'test'
2026-10-09T09:22:18.4975732Z   ...
2026-10-09T09:22:18.4976744Z # Subtest: every native profile has a Fin product consumer and a target
2026-10-09T09:22:18.4977842Z ok 24 - every native profile has a Fin product consumer and a target
2026-10-09T09:22:18.4978510Z   ---
2026-10-09T09:22:18.4978885Z   duration_ms: 3.521867
2026-10-09T09:22:18.4979300Z   type: 'test'
2026-10-09T09:22:18.4979680Z   ...
2026-10-09T09:23:59.1695169Z # Subtest: relocated source-free native packages check Fin inside products and the active Except branch
2026-10-09T09:23:59.1697093Z ok 25 - relocated source-free native packages check Fin inside products and the active Except branch
2026-10-09T09:23:59.1698112Z   ---
2026-10-09T09:23:59.1698519Z   duration_ms: 100674.031838
2026-10-09T09:23:59.1699056Z   type: 'test'
2026-10-09T09:23:59.1699519Z   ...
2026-10-09T09:23:59.1703183Z # build 0: perl
2026-10-09T09:23:59.1703590Z # installing and checking perl
2026-10-09T09:23:59.1704084Z # build 1: perl
2026-10-09T09:25:39.4983794Z # Subtest: independently reviewed native packages check product and Except bounds after source-free installation
2026-10-09T09:25:39.4993622Z ok 26 - independently reviewed native packages check product and Except bounds after source-free installation
2026-10-09T09:25:39.4994927Z   ---
2026-10-09T09:25:39.4995635Z   duration_ms: 100329.332943
2026-10-09T09:25:39.4996343Z   type: 'test'
2026-10-09T09:25:39.4996953Z   ...
2026-10-09T09:25:39.4997579Z # build 0: perl
2026-10-09T09:25:39.4998298Z # installing and checking perl
2026-10-09T09:25:39.4999006Z # build 1: perl
2026-10-09T09:25:39.5000364Z # Subtest: the independent product review passes reviewed admission, and changed bounds are refused against fresh Lean
2026-10-09T09:25:39.5002685Z ok 27 - the independent product review passes reviewed admission, and changed bounds are refused against fresh Lean # SKIP
2026-10-09T09:25:39.5004024Z   ---
2026-10-09T09:25:39.5004656Z   duration_ms: 0.311302
2026-10-09T09:25:39.5005318Z   type: 'test'
2026-10-09T09:25:39.5005935Z   ...
2026-10-09T09:25:39.5213493Z 1..27
2026-10-09T09:25:39.5213879Z # tests 27
2026-10-09T09:25:39.5214289Z # suites 0
2026-10-09T09:25:39.5214851Z # pass 26
2026-10-09T09:25:39.5215433Z # fail 0
2026-10-09T09:25:39.5215863Z # cancelled 0
2026-10-09T09:25:39.5222446Z # skipped 1
2026-10-09T09:25:39.5222803Z # todo 0
2026-10-09T09:25:39.5223124Z # duration_ms 207798.127121
2026-10-09T09:25:39.5677687Z TAP version 13
2026-10-09T09:25:40.6667978Z # Subtest: Fin product arrays authenticates each exact source predecessor
2026-10-09T09:25:40.6677255Z ok 1 - Fin product arrays authenticates each exact source predecessor
2026-10-09T09:25:40.6677960Z   ---
2026-10-09T09:25:40.6678326Z   duration_ms: 751.27688
2026-10-09T09:25:40.6678754Z   type: 'test'
2026-10-09T09:25:40.6679115Z   ...
2026-10-09T09:25:42.2153715Z # Subtest: Fin product arrays changes current source pins without inventing installed evidence
2026-10-09T09:25:42.2155733Z ok 2 - Fin product arrays changes current source pins without inventing installed evidence
2026-10-09T09:25:42.2163239Z   ---
2026-10-09T09:25:42.2163945Z   duration_ms: 1466.250676
2026-10-09T09:25:42.2164535Z   type: 'test'
2026-10-09T09:25:42.2164985Z   ...
2026-10-09T09:25:42.2166039Z # Subtest: an array directly over a product keeps the component bound and only the error-branch bound
2026-10-09T09:25:42.2167513Z ok 3 - an array directly over a product keeps the component bound and only the error-branch bound
2026-10-09T09:25:42.2169038Z   ---
2026-10-09T09:25:42.2169466Z   duration_ms: 38.31534
2026-10-09T09:25:42.2169914Z   type: 'test'
2026-10-09T09:25:42.2170315Z   ...
2026-10-09T09:25:42.2171389Z # Subtest: C adapters compare every element's component and active error branch on caller limbs before Lean runs
2026-10-09T09:25:42.2173353Z ok 4 - C adapters compare every element's component and active error branch on caller limbs before Lean runs
2026-10-09T09:25:42.2174300Z   ---
2026-10-09T09:25:42.2174699Z   duration_ms: 11.128558
2026-10-09T09:25:42.2175141Z   type: 'test'
2026-10-09T09:25:42.2175525Z   ...
2026-10-09T09:25:42.2176673Z # Subtest: Lean adapters construct Fin for every element before one source call
2026-10-09T09:25:42.2177904Z ok 5 - Lean adapters construct Fin for every element before one source call
2026-10-09T09:25:42.2178648Z   ---
2026-10-09T09:25:42.2179030Z   duration_ms: 10.245647
2026-10-09T09:25:42.2179481Z   type: 'test'
2026-10-09T09:25:42.2179862Z   ...
2026-10-09T09:25:42.2180680Z # Subtest: Perl XS names the element index, the component and the active branch
2026-10-09T09:25:42.2182078Z ok 6 - Perl XS names the element index, the component and the active branch
2026-10-09T09:25:42.2182817Z   ---
2026-10-09T09:25:42.2183197Z   duration_ms: 9.041516
2026-10-09T09:25:42.2183587Z   type: 'test'
2026-10-09T09:25:42.2183952Z   ...
2026-10-09T09:25:42.2184888Z # Subtest: the independent array review passes reviewed admission and equals the compiled trees
2026-10-09T09:25:42.2186314Z ok 7 - the independent array review passes reviewed admission and equals the compiled trees
2026-10-09T09:25:42.2197289Z   ---
2026-10-09T09:25:42.2197694Z   duration_ms: 3.96292
2026-10-09T09:25:42.2198106Z   type: 'test'
2026-10-09T09:25:42.2198487Z   ...
2026-10-09T09:25:42.2199272Z # Subtest: reviewed array bounds and positions must equal the freshly compiled tree
2026-10-09T09:25:42.2200479Z ok 8 - reviewed array bounds and positions must equal the freshly compiled tree
2026-10-09T09:25:42.2201118Z   ---
2026-10-09T09:25:42.2201367Z   duration_ms: 8.960854
2026-10-09T09:25:42.2201612Z   type: 'test'
2026-10-09T09:25:42.2202266Z   ...
2026-10-09T09:25:42.2225561Z # Subtest: every native profile has a Fin product array consumer and a target
2026-10-09T09:25:42.2227150Z ok 9 - every native profile has a Fin product array consumer and a target
2026-10-09T09:25:42.2228095Z   ---
2026-10-09T09:25:42.2228642Z   duration_ms: 7.275804
2026-10-09T09:25:42.2229282Z   type: 'test'
2026-10-09T09:25:42.2229614Z   ...
2026-10-09T09:25:42.5465682Z # Subtest: the C consumer passes a faithful stand-in and fails one that rewrites the rejected leaf
2026-10-09T09:25:42.5467405Z ok 10 - the C consumer passes a faithful stand-in and fails one that rewrites the rejected leaf
2026-10-09T09:25:42.5468114Z   ---
2026-10-09T09:25:42.5468418Z   duration_ms: 322.744708
2026-10-09T09:25:42.5468762Z   type: 'test'
2026-10-09T09:25:42.5469051Z   ...
2026-10-09T09:27:20.8333481Z # Subtest: relocated source-free native packages check Fin inside every element of an array of products
2026-10-09T09:27:20.8335376Z ok 11 - relocated source-free native packages check Fin inside every element of an array of products
2026-10-09T09:27:20.8336468Z   ---
2026-10-09T09:27:20.8336892Z   duration_ms: 98286.45479
2026-10-09T09:27:20.8337432Z   type: 'test'
2026-10-09T09:27:20.8337870Z   ...
2026-10-09T09:27:20.8338161Z # build 0: perl
2026-10-09T09:27:20.8338532Z # installing and checking perl
2026-10-09T09:27:20.8338880Z # build 1: perl
2026-10-09T09:28:57.9811470Z # Subtest: independently reviewed native packages check array-of-product bounds after source-free installation
2026-10-09T09:28:57.9821193Z ok 12 - independently reviewed native packages check array-of-product bounds after source-free installation
2026-10-09T09:28:57.9822377Z   ---
2026-10-09T09:28:57.9822758Z   duration_ms: 97148.962806
2026-10-09T09:28:57.9823195Z   type: 'test'
2026-10-09T09:28:57.9823562Z   ...
2026-10-09T09:28:57.9823916Z # build 0: perl
2026-10-09T09:28:57.9824280Z # installing and checking perl
2026-10-09T09:28:57.9825128Z # build 1: perl
2026-10-09T09:28:57.9826135Z # Subtest: changed array-of-product reviews are refused against fresh Lean before any output
2026-10-09T09:28:57.9827652Z ok 13 - changed array-of-product reviews are refused against fresh Lean before any output # SKIP
2026-10-09T09:28:57.9828430Z   ---
2026-10-09T09:28:57.9828661Z   duration_ms: 0.172973
2026-10-09T09:28:57.9828914Z   type: 'test'
2026-10-09T09:28:57.9829125Z   ...
2026-10-09T09:28:58.0029266Z 1..13
2026-10-09T09:28:58.0029754Z # tests 13
2026-10-09T09:28:58.0030145Z # suites 0
2026-10-09T09:28:58.0031055Z # pass 12
2026-10-09T09:28:58.0031488Z # fail 0
2026-10-09T09:28:58.0032110Z # cancelled 0
2026-10-09T09:28:58.0044180Z # skipped 1
2026-10-09T09:28:58.0044601Z # todo 0
2026-10-09T09:28:58.0045106Z # duration_ms 198447.531688
2026-10-09T09:28:58.0513516Z TAP version 13
2026-10-09T09:28:59.3016462Z # Subtest: Native Fin records authenticates each exact source predecessor
2026-10-09T09:28:59.3021484Z ok 1 - Native Fin records authenticates each exact source predecessor
2026-10-09T09:28:59.3022576Z   ---
2026-10-09T09:28:59.3023057Z   duration_ms: 779.392945
2026-10-09T09:28:59.3023576Z   type: 'test'
2026-10-09T09:28:59.3024019Z   ...
2026-10-09T09:29:01.0772317Z # Subtest: Native Fin records changes current source pins without inventing installed evidence
2026-10-09T09:29:01.0777346Z ok 2 - Native Fin records changes current source pins without inventing installed evidence
2026-10-09T09:29:01.0778158Z   ---
2026-10-09T09:29:01.0778531Z   duration_ms: 1775.730269
2026-10-09T09:29:01.0778962Z   type: 'test'
2026-10-09T09:29:01.0779343Z   ...
2026-10-09T09:29:01.7643921Z # Subtest: native Fin promotion authenticates each exact source predecessor
2026-10-09T09:29:01.7646466Z ok 3 - native Fin promotion authenticates each exact source predecessor
2026-10-09T09:29:01.7647670Z   ---
2026-10-09T09:29:01.7648048Z   duration_ms: 687.118541
2026-10-09T09:29:01.7648486Z   type: 'test'
2026-10-09T09:29:01.7648834Z   ...
2026-10-09T09:29:01.7839971Z # Subtest: PHP-safe product name authenticates each exact source predecessor
2026-10-09T09:29:01.7841293Z ok 4 - PHP-safe product name authenticates each exact source predecessor
2026-10-09T09:29:01.7854123Z   ---
2026-10-09T09:29:01.7854625Z   duration_ms: 19.478723
2026-10-09T09:29:01.7855144Z   type: 'test'
2026-10-09T09:29:01.7855601Z   ...
2026-10-09T09:29:02.2364840Z # Subtest: Fin record WIT formatting authenticates each exact source predecessor
2026-10-09T09:29:02.2366754Z ok 5 - Fin record WIT formatting authenticates each exact source predecessor
2026-10-09T09:29:02.2367456Z   ---
2026-10-09T09:29:02.2367711Z   duration_ms: 452.133337
2026-10-09T09:29:02.2368010Z   type: 'test'
2026-10-09T09:29:02.2368251Z   ...
2026-10-09T09:29:02.2414950Z # Subtest: WIT record evidence archive authenticates each exact source predecessor
2026-10-09T09:29:02.2416142Z ok 6 - WIT record evidence archive authenticates each exact source predecessor
2026-10-09T09:29:02.2416646Z   ---
2026-10-09T09:29:02.2416903Z   duration_ms: 5.170728
2026-10-09T09:29:02.2417156Z   type: 'test'
2026-10-09T09:29:02.2417370Z   ...
2026-10-09T09:29:02.2555465Z # Subtest: record archives bind the expanded frozen fixture, original packages and C dispatch
2026-10-09T09:29:02.2560198Z ok 7 - record archives bind the expanded frozen fixture, original packages and C dispatch
2026-10-09T09:29:02.2561125Z   ---
2026-10-09T09:29:02.2561529Z   duration_ms: 14.02906
2026-10-09T09:29:02.2562380Z   type: 'test'
2026-10-09T09:29:02.2563073Z   ...
2026-10-09T09:29:02.2721984Z # Subtest: record evidence refuses lost compositions, false counters and inherited C++ dispatch
2026-10-09T09:29:02.2725215Z ok 8 - record evidence refuses lost compositions, false counters and inherited C++ dispatch
2026-10-09T09:29:02.2725792Z   ---
2026-10-09T09:29:02.2726031Z   duration_ms: 15.994834
2026-10-09T09:29:02.2726300Z   type: 'test'
2026-10-09T09:29:02.2726525Z   ...
2026-10-09T09:29:02.2801053Z # Subtest: Array dispatch archives retain exact installed packages and ten measured C rows
2026-10-09T09:29:02.2803364Z ok 9 - Array dispatch archives retain exact installed packages and ten measured C rows
2026-10-09T09:29:02.2804166Z   ---
2026-10-09T09:29:02.2804566Z   duration_ms: 8.06011
2026-10-09T09:29:02.2804979Z   type: 'test'
2026-10-09T09:29:02.2805376Z   ...
2026-10-09T09:29:02.2844448Z # Subtest: Array dispatch evidence refuses missing positions, false counters and inherited C++ dispatch
2026-10-09T09:29:02.2845443Z ok 10 - Array dispatch evidence refuses missing positions, false counters and inherited C++ dispatch
2026-10-09T09:29:02.2846275Z   ---
2026-10-09T09:29:02.2847039Z   duration_ms: 4.410827
2026-10-09T09:29:02.2847512Z   type: 'test'
2026-10-09T09:29:02.2847778Z   ...
2026-10-09T09:29:02.2879552Z # Subtest: Array product archives retain exact installed C/C++ results and unmeasured dispatch
2026-10-09T09:29:02.2881289Z ok 11 - Array product archives retain exact installed C/C++ results and unmeasured dispatch
2026-10-09T09:29:02.2882715Z   ---
2026-10-09T09:29:02.2883221Z   duration_ms: 3.711169
2026-10-09T09:29:02.2883652Z   type: 'test'
2026-10-09T09:29:02.2884173Z   ...
2026-10-09T09:29:02.2897431Z # Subtest: the product follow-up preserves all five fresh-Lean refusal results
2026-10-09T09:29:02.2912836Z ok 12 - the product follow-up preserves all five fresh-Lean refusal results
2026-10-09T09:29:02.2913580Z   ---
2026-10-09T09:29:02.2913929Z   duration_ms: 1.565988
2026-10-09T09:29:02.2914385Z   type: 'test'
2026-10-09T09:29:02.2914781Z   ...
2026-10-09T09:29:02.2954168Z # Subtest: C/C++ product archives bind both source paths to exact bounds and measured dispatch
2026-10-09T09:29:02.2955315Z ok 13 - C/C++ product archives bind both source paths to exact bounds and measured dispatch
2026-10-09T09:29:02.2955947Z   ---
2026-10-09T09:29:02.2956180Z   duration_ms: 5.910581
2026-10-09T09:29:02.2956436Z   type: 'test'
2026-10-09T09:29:02.2956653Z   ...
2026-10-09T09:29:02.3062611Z # Subtest: PHP-safe product names preserve every original bound and independently reviewed site
2026-10-09T09:29:02.3063844Z ok 14 - PHP-safe product names preserve every original bound and independently reviewed site
2026-10-09T09:29:02.3064340Z   ---
2026-10-09T09:29:02.3064563Z   duration_ms: 10.425151
2026-10-09T09:29:02.3064820Z   type: 'test'
2026-10-09T09:29:02.3065044Z   ...
2026-10-09T09:29:02.3080905Z # Subtest: product logs retain the failed baseline review and the corrected run with four mismatches
2026-10-09T09:29:02.3082314Z ok 15 - product logs retain the failed baseline review and the corrected run with four mismatches
2026-10-09T09:29:02.3082909Z   ---
2026-10-09T09:29:02.3083164Z   duration_ms: 1.993687
2026-10-09T09:29:02.3083492Z   type: 'test'
2026-10-09T09:29:02.3083902Z   ...
2026-10-09T09:29:06.1475491Z # Subtest: native Fin promotion retains all eight original reports and artifact identities
2026-10-09T09:29:06.1477348Z ok 16 - native Fin promotion retains all eight original reports and artifact identities
2026-10-09T09:29:06.1478235Z   ---
2026-10-09T09:29:06.1478657Z   duration_ms: 3838.663697
2026-10-09T09:29:06.1479026Z   type: 'test'
2026-10-09T09:29:06.1479332Z   ...
2026-10-09T09:29:10.1559997Z # Subtest: native Fin promotion changes four field cells and supplements eight structural cells only
2026-10-09T09:29:10.1562615Z ok 17 - native Fin promotion changes four field cells and supplements eight structural cells only
2026-10-09T09:29:10.1563866Z   ---
2026-10-09T09:29:10.1564307Z   duration_ms: 3952.105147
2026-10-09T09:29:10.1564816Z   type: 'test'
2026-10-09T09:29:10.1565243Z   ...
2026-10-09T09:29:10.1566552Z # Subtest: Fin record WIT assertions accept compact and multiline trailing-comma layouts
2026-10-09T09:29:10.1568370Z ok 18 - Fin record WIT assertions accept compact and multiline trailing-comma layouts
2026-10-09T09:29:10.1569501Z   ---
2026-10-09T09:29:10.1570128Z   duration_ms: 55.772263
2026-10-09T09:29:10.1570790Z   type: 'test'
2026-10-09T09:29:10.1571282Z   ...
2026-10-09T09:29:10.1572382Z # Subtest: actual wasm-tools Fin record round trip preserves strict signature assertions
2026-10-09T09:29:10.1573918Z ok 19 - actual wasm-tools Fin record round trip preserves strict signature assertions # SKIP
2026-10-09T09:29:10.1574531Z   ---
2026-10-09T09:29:10.1575092Z   duration_ms: 0.661607
2026-10-09T09:29:10.1575551Z   type: 'test'
2026-10-09T09:29:10.1575913Z   ...
2026-10-09T09:29:10.1691534Z # Subtest: WIT record evidence authenticates both source routes, exact fixture trees and seven original artifacts
2026-10-09T09:29:10.1693957Z ok 20 - WIT record evidence authenticates both source routes, exact fixture trees and seven original artifacts
2026-10-09T09:29:10.1694859Z   ---
2026-10-09T09:29:10.1695251Z   duration_ms: 13.159793
2026-10-09T09:29:10.1695630Z   type: 'test'
2026-10-09T09:29:10.1695880Z   ...
2026-10-09T09:29:10.1760757Z # Subtest: WIT record execution retains measured tools and separates failed hosted acceptance
2026-10-09T09:29:10.1762568Z ok 21 - WIT record execution retains measured tools and separates failed hosted acceptance
2026-10-09T09:29:10.1763455Z   ---
2026-10-09T09:29:10.1768537Z   duration_ms: 6.972827
2026-10-09T09:29:10.1769017Z   type: 'test'
2026-10-09T09:29:10.1769429Z   ...
2026-10-09T09:29:10.2297823Z # Subtest: WIT record report checks reject changed bounds, provenance, isolation and invented dispatch
2026-10-09T09:29:10.2298806Z ok 22 - WIT record report checks reject changed bounds, provenance, isolation and invented dispatch
2026-10-09T09:29:10.2299304Z   ---
2026-10-09T09:29:10.2299541Z   duration_ms: 53.065744
2026-10-09T09:29:10.2299803Z   type: 'test'
2026-10-09T09:29:10.2300034Z   ...
2026-10-09T09:29:10.3869314Z # Subtest: WIT execution validation rejects missing, skipped, cancelled or misidentified runs
2026-10-09T09:29:10.3893404Z ok 23 - WIT execution validation rejects missing, skipped, cancelled or misidentified runs
2026-10-09T09:29:10.3894574Z   ---
2026-10-09T09:29:10.3928484Z   duration_ms: 8.693792
2026-10-09T09:29:10.3952465Z   type: 'test'
2026-10-09T09:29:10.3982589Z   ...
2026-10-09T09:29:10.4013351Z # Subtest: record and variant fields carry their bounds in site trees and per-definition Binding IR
2026-10-09T09:29:10.4014981Z ok 24 - record and variant fields carry their bounds in site trees and per-definition Binding IR
2026-10-09T09:29:10.4042456Z   ---
2026-10-09T09:29:10.4043992Z   duration_ms: 30.322111
2026-10-09T09:29:10.4044597Z   type: 'test'
2026-10-09T09:29:10.4045122Z   ...
2026-10-09T09:29:10.4046216Z # Subtest: C adapters check record fields and only the active variant case on caller limbs before Lean runs
2026-10-09T09:29:10.4047844Z ok 25 - C adapters check record fields and only the active variant case on caller limbs before Lean runs
2026-10-09T09:29:10.4048838Z   ---
2026-10-09T09:29:10.4049384Z   duration_ms: 18.150886
2026-10-09T09:29:10.4050136Z   type: 'test'
2026-10-09T09:29:10.4050680Z   ...
2026-10-09T09:29:10.4052054Z # Subtest: Lean adapters pass refined records and variants as erased mirrors checked once before one source call
2026-10-09T09:29:10.4053816Z ok 26 - Lean adapters pass refined records and variants as erased mirrors checked once before one source call
2026-10-09T09:29:10.4054934Z   ---
2026-10-09T09:29:10.4055454Z   duration_ms: 16.005775
2026-10-09T09:29:10.4056037Z   type: 'test'
2026-10-09T09:29:10.4056559Z   ...
2026-10-09T09:29:10.4057567Z # Subtest: records and variants without bounds keep their helpers byte for byte
2026-10-09T09:29:10.4058901Z ok 27 - records and variants without bounds keep their helpers byte for byte
2026-10-09T09:29:10.4059798Z   ---
2026-10-09T09:29:10.4060311Z   duration_ms: 1.828218
2026-10-09T09:29:10.4060869Z   type: 'test'
2026-10-09T09:29:10.4061361Z   ...
2026-10-09T09:29:10.4062430Z # Subtest: Perl XS walks record fields and the active case, naming each path
2026-10-09T09:29:10.4063629Z ok 28 - Perl XS walks record fields and the active case, naming each path
2026-10-09T09:29:10.4064431Z   ---
2026-10-09T09:29:10.4064930Z   duration_ms: 17.444685
2026-10-09T09:29:10.4065480Z   type: 'test'
2026-10-09T09:29:10.4066311Z   ...
2026-10-09T09:29:10.4067368Z # Subtest: hosts reading only the Binding IR document record and variant bounds from their definitions
2026-10-09T09:29:10.4068924Z ok 29 - hosts reading only the Binding IR document record and variant bounds from their definitions
2026-10-09T09:29:10.4069893Z   ---
2026-10-09T09:29:10.4070378Z   duration_ms: 21.537187
2026-10-09T09:29:10.4070930Z   type: 'test'
2026-10-09T09:29:10.4071411Z   ...
2026-10-09T09:29:10.4072657Z # Subtest: the independent record review passes reviewed admission and equals the compiled contract
2026-10-09T09:29:10.4074544Z ok 30 - the independent record review passes reviewed admission and equals the compiled contract
2026-10-09T09:29:10.4075569Z   ---
2026-10-09T09:29:10.4076066Z   duration_ms: 15.958467
2026-10-09T09:29:10.4076600Z   type: 'test'
2026-10-09T09:29:10.4077066Z   ...
2026-10-09T09:29:10.4078120Z # Subtest: reviewed record and variant field bounds must equal the freshly compiled definitions
2026-10-09T09:29:10.4079657Z ok 31 - reviewed record and variant field bounds must equal the freshly compiled definitions
2026-10-09T09:29:10.4080648Z   ---
2026-10-09T09:29:10.4081154Z   duration_ms: 26.449431
2026-10-09T09:29:10.4081996Z   type: 'test'
2026-10-09T09:29:10.4082514Z   ...
2026-10-09T09:29:10.4083346Z # Subtest: every native profile has a Fin record consumer and a target
2026-10-09T09:29:10.4084443Z ok 32 - every native profile has a Fin record consumer and a target
2026-10-09T09:29:10.4085227Z   ---
2026-10-09T09:29:10.4085735Z   duration_ms: 9.755449
2026-10-09T09:29:10.4086299Z   type: 'test'
2026-10-09T09:29:10.4086795Z   ...
2026-10-09T09:30:53.1349035Z # Subtest: relocated source-free native packages check Fin inside record fields and the active variant case
2026-10-09T09:30:53.1350991Z ok 33 - relocated source-free native packages check Fin inside record fields and the active variant case
2026-10-09T09:30:53.1352417Z   ---
2026-10-09T09:30:53.1352893Z   duration_ms: 102738.15391
2026-10-09T09:30:53.1353415Z   type: 'test'
2026-10-09T09:30:53.1353921Z   ...
2026-10-09T09:30:53.1354228Z # build 0: perl
2026-10-09T09:30:53.1354852Z # installing and checking perl
2026-10-09T09:30:53.1355539Z # build 1: perl
2026-10-09T09:32:35.6138686Z # Subtest: independently reviewed native packages check record and variant field bounds after source-free installation
2026-10-09T09:32:35.6141166Z ok 34 - independently reviewed native packages check record and variant field bounds after source-free installation
2026-10-09T09:32:35.6143141Z   ---
2026-10-09T09:32:35.6143797Z   duration_ms: 102479.290275
2026-10-09T09:32:35.6144691Z   type: 'test'
2026-10-09T09:32:35.6145406Z   ...
2026-10-09T09:32:35.6145827Z # build 0: perl
2026-10-09T09:32:35.6153205Z # installing and checking perl
2026-10-09T09:32:35.6154079Z # build 1: perl
2026-10-09T09:32:35.6156026Z # Subtest: changed record and variant reviews are refused against fresh Lean before any output
2026-10-09T09:32:35.6157781Z ok 35 - changed record and variant reviews are refused against fresh Lean before any output # SKIP
2026-10-09T09:32:35.6159192Z   ---
2026-10-09T09:32:35.6159944Z   duration_ms: 0.207678
2026-10-09T09:32:35.6160562Z   type: 'test'
2026-10-09T09:32:35.6160933Z   ...
2026-10-09T09:32:35.6405061Z 1..35
2026-10-09T09:32:35.6405622Z # tests 35
2026-10-09T09:32:35.6406051Z # suites 0
2026-10-09T09:32:35.6406464Z # pass 33
2026-10-09T09:32:35.6406858Z # fail 0
2026-10-09T09:32:35.6407391Z # cancelled 0
2026-10-09T09:32:35.6407973Z # skipped 2
2026-10-09T09:32:35.6408604Z # todo 0
2026-10-09T09:32:35.6409381Z # duration_ms 217601.865963
2026-10-09T09:32:35.6905924Z TAP version 13
2026-10-09T09:32:36.5555085Z # Subtest: Subtype alias position authenticates each exact source predecessor
2026-10-09T09:32:36.5559966Z ok 1 - Subtype alias position authenticates each exact source predecessor
2026-10-09T09:32:36.5560723Z   ---
2026-10-09T09:32:36.5561131Z   duration_ms: 521.602559
2026-10-09T09:32:36.5561581Z   type: 'test'
2026-10-09T09:32:36.5562496Z   ...
2026-10-09T09:32:37.0088384Z # Subtest: Subtype XS archive authenticates each exact source predecessor
2026-10-09T09:32:37.0089951Z ok 2 - Subtype XS archive authenticates each exact source predecessor
2026-10-09T09:32:37.0093092Z   ---
2026-10-09T09:32:37.0093577Z   duration_ms: 453.282226
2026-10-09T09:32:37.0094140Z   type: 'test'
2026-10-09T09:32:37.0094513Z   ...
2026-10-09T09:32:37.5089217Z # Subtest: Checked-record admission authenticates each exact source predecessor
2026-10-09T09:32:37.5091087Z ok 3 - Checked-record admission authenticates each exact source predecessor
2026-10-09T09:32:37.5092504Z   ---
2026-10-09T09:32:37.5093498Z   duration_ms: 500.072935
2026-10-09T09:32:37.5094084Z   type: 'test'
2026-10-09T09:32:37.5094486Z   ...
2026-10-09T09:32:37.5309686Z # Subtest: archived Subtype XS remains readable without a PATH-provided decompressor
2026-10-09T09:32:37.5311373Z ok 4 - archived Subtype XS remains readable without a PATH-provided decompressor
2026-10-09T09:32:37.5330636Z   ---
2026-10-09T09:32:37.5331039Z   duration_ms: 18.301755
2026-10-09T09:32:37.5331358Z   type: 'test'
2026-10-09T09:32:37.5331585Z   ...
2026-10-09T09:32:37.5332370Z # Subtest: native types admit Subtype only at a top-level site over a primitive base
2026-10-09T09:32:37.5333086Z ok 5 - native types admit Subtype only at a top-level site over a primitive base
2026-10-09T09:32:37.5333536Z   ---
2026-10-09T09:32:37.5333762Z   duration_ms: 1.963259
2026-10-09T09:32:37.5334010Z   type: 'test'
2026-10-09T09:32:37.5334230Z   ...
2026-10-09T09:32:37.5334893Z # Subtest: Lean adapters construct each Subtype through its checked constructor and export one validator per checked parameter
2026-10-09T09:32:37.5335906Z ok 6 - Lean adapters construct each Subtype through its checked constructor and export one validator per checked parameter
2026-10-09T09:32:37.5336954Z   ---
2026-10-09T09:32:37.5337346Z   duration_ms: 2.076982
2026-10-09T09:32:37.5337794Z   type: 'test'
2026-10-09T09:32:37.5338210Z   ...
2026-10-09T09:32:37.5340610Z # Subtest: every native profile has a Subtype consumer
2026-10-09T09:32:37.5341490Z ok 7 - every native profile has a Subtype consumer
2026-10-09T09:32:37.5346630Z   ---
2026-10-09T09:32:37.5347174Z   duration_ms: 1.847253
2026-10-09T09:32:37.5347598Z   type: 'test'
2026-10-09T09:32:37.5347968Z   ...
2026-10-09T09:32:37.5348508Z # Subtest: native builds reject Subtype outside top-level sites and without a constructor
2026-10-09T09:32:37.5349435Z ok 8 - native builds reject Subtype outside top-level sites and without a constructor # SKIP
2026-10-09T09:32:37.5349914Z   ---
2026-10-09T09:32:37.5350138Z   duration_ms: 0.395489
2026-10-09T09:32:37.5350410Z   type: 'test'
2026-10-09T09:32:37.5350625Z   ...
2026-10-09T09:34:19.2042789Z # Subtest: relocated source-free native packages run author-checked constructors at every refined site
2026-10-09T09:34:19.2044618Z ok 9 - relocated source-free native packages run author-checked constructors at every refined site
2026-10-09T09:34:19.2045667Z   ---
2026-10-09T09:34:19.2046121Z   duration_ms: 101669.805225
2026-10-09T09:34:19.2046648Z   type: 'test'
2026-10-09T09:34:19.2047052Z   ...
2026-10-09T09:34:19.2047420Z # build 0: perl
2026-10-09T09:34:19.2047925Z # installing and checking perl
2026-10-09T09:34:19.2048405Z # build 1: perl
2026-10-09T09:34:19.2257944Z 1..9
2026-10-09T09:34:19.2258333Z # tests 9
2026-10-09T09:34:19.2258711Z # suites 0
2026-10-09T09:34:19.2261900Z # pass 8
2026-10-09T09:34:19.2262341Z # fail 0
2026-10-09T09:34:19.2263013Z # cancelled 0
2026-10-09T09:34:19.2263755Z # skipped 1
2026-10-09T09:34:19.2264356Z # todo 0
2026-10-09T09:34:19.2265051Z # duration_ms 103547.864317
2026-10-09T09:34:19.2748206Z TAP version 13
2026-10-09T09:34:21.7795578Z # Subtest: Perl installed relocation history authenticates exact predecessors and refuses unknown edits
2026-10-09T09:34:21.7800055Z ok 1 - Perl installed relocation history authenticates exact predecessors and refuses unknown edits
2026-10-09T09:34:21.7801050Z   ---
2026-10-09T09:34:21.7801427Z   duration_ms: 2173.230458
2026-10-09T09:34:21.7802633Z   type: 'test'
2026-10-09T09:34:21.7803134Z   ...
2026-10-09T09:34:21.9235102Z # Subtest: Perl relocation integration refreshes exactly 17 source pins without promoting any support cell
2026-10-09T09:34:21.9236242Z ok 2 - Perl relocation integration refreshes exactly 17 source pins without promoting any support cell
2026-10-09T09:34:21.9236806Z   ---
2026-10-09T09:34:21.9237091Z   duration_ms: 143.827748
2026-10-09T09:34:21.9237430Z   type: 'test'
2026-10-09T09:34:21.9237700Z   ...
2026-10-09T09:34:21.9975674Z # Subtest: the Perl relocation updater refuses another HEAD before any write
2026-10-09T09:34:21.9978798Z ok 3 - the Perl relocation updater refuses another HEAD before any write
2026-10-09T09:34:21.9980103Z   ---
2026-10-09T09:34:21.9980495Z   duration_ms: 74.422086
2026-10-09T09:34:21.9980923Z   type: 'test'
2026-10-09T09:34:21.9981290Z   ...
2026-10-09T09:34:22.0556076Z # Subtest: a moved CPAN consumer tree reruns unchanged and refuses install-path dependence, old-tree use, other output and occupied targets
2026-10-09T09:34:22.0566083Z ok 4 - a moved CPAN consumer tree reruns unchanged and refuses install-path dependence, old-tree use, other output and occupied targets
2026-10-09T09:34:22.0567447Z   ---
2026-10-09T09:34:22.0567865Z   duration_ms: 42.721232
2026-10-09T09:34:22.0568290Z   type: 'test'
2026-10-09T09:34:22.0568655Z   ...
2026-10-09T09:34:22.0569480Z # Subtest: an array below an option reports the array's own index at its Fin 0 leaf
2026-10-09T09:34:22.0570679Z ok 5 - an array below an option reports the array's own index at its Fin 0 leaf
2026-10-09T09:34:22.0571538Z   ---
2026-10-09T09:34:22.0572215Z   duration_ms: 14.973425
2026-10-09T09:34:22.0572745Z   type: 'test'
2026-10-09T09:34:22.0573138Z   ...
2026-10-09T09:34:22.0732731Z # Subtest: Perl refinement XS inspection preserves the compiler-free consumer PATH
2026-10-09T09:34:22.0734699Z ok 6 - Perl refinement XS inspection preserves the compiler-free consumer PATH
2026-10-09T09:34:22.0735527Z   ---
2026-10-09T09:34:22.0736040Z   duration_ms: 16.699831
2026-10-09T09:34:22.0736672Z   type: 'test'
2026-10-09T09:34:22.0737213Z   ...
2026-10-09T09:35:59.9834418Z # Subtest: relocated source-free CPAN packages check an unboxed word subtype and nested Fin 0 shapes
2026-10-09T09:35:59.9835810Z ok 7 - relocated source-free CPAN packages check an unboxed word subtype and nested Fin 0 shapes
2026-10-09T09:35:59.9836759Z   ---
2026-10-09T09:35:59.9838052Z   duration_ms: 97910.683676
2026-10-09T09:35:59.9838519Z   type: 'test'
2026-10-09T09:35:59.9838910Z   ...
2026-10-09T09:35:59.9839457Z # build 0: compiling XS for 1 Perl ABIs
2026-10-09T09:35:59.9840633Z # offline prebuilt installation on /home/runner/work/lean-bridge/lean-bridge/.toolchains/perl/5.36.3-threaded/bin/perl
2026-10-09T09:35:59.9841901Z # build 1: compiling XS for 1 Perl ABIs
2026-10-09T09:36:00.0055621Z 1..7
2026-10-09T09:36:00.0056178Z # tests 7
2026-10-09T09:36:00.0056594Z # suites 0
2026-10-09T09:36:00.0056975Z # pass 7
2026-10-09T09:36:00.0057355Z # fail 0
2026-10-09T09:36:00.0057775Z # cancelled 0
2026-10-09T09:36:00.0058260Z # skipped 0
2026-10-09T09:36:00.0058847Z # todo 0
2026-10-09T09:36:00.0059579Z # duration_ms 100743.142469
2026-10-09T09:36:00.0158253Z ##[group]Run export LEAN_BRIDGE_CORPUS_PERL="$PWD/.toolchains/perl/$CORPUS_PERL_CONFIGURATION/bin/perl"
2026-10-09T09:36:00.0159103Z [36;1mexport LEAN_BRIDGE_CORPUS_PERL="$PWD/.toolchains/perl/$CORPUS_PERL_CONFIGURATION/bin/perl"[0m
2026-10-09T09:36:00.0159621Z [36;1msource scripts/env.sh[0m
2026-10-09T09:36:00.0159925Z [36;1mexport LEAN_BRIDGE_OWNED_NATIVE_TEST=1[0m
2026-10-09T09:36:00.0160644Z [36;1mnode --test --test-concurrency=1 tests/owned-perl-runtime.test.mjs tests/owned-perl-values.test.mjs tests/owned-perl-conversions.test.mjs[0m
2026-10-09T09:36:00.0161977Z [36;1mnode --test --test-concurrency=1 tests/owned-perl-xs.test.mjs tests/owned-perl-scalars.test.mjs tests/owned-perl-loader.test.mjs[0m
2026-10-09T09:36:00.0163164Z [36;1mnode --test --test-concurrency=1 tests/owned-perl-package.test.mjs tests/owned-perl-coexistence.test.mjs[0m
2026-10-09T09:36:00.0164012Z [36;1mnpm run test:owned-perl-transfers[0m
2026-10-09T09:36:00.0164399Z [36;1mnpm run test:owned-perl-borrows[0m
2026-10-09T09:36:00.0164835Z [36;1mfor report in ordinary reviewed complete-ordinary complete-reviewed; do[0m
2026-10-09T09:36:00.0165336Z [36;1m  test -s "build/owned-perl-runtime/$report.json"[0m
2026-10-09T09:36:00.0165753Z [36;1m  test -s "build/owned-perl-conversions/$report.json"[0m
2026-10-09T09:36:00.0166158Z [36;1m  test -s "build/owned-perl-calls/$report.json"[0m
2026-10-09T09:36:00.0166504Z [36;1mdone[0m
2026-10-09T09:36:00.0166782Z [36;1mtest -s build/owned-perl-scalars/ordinary.json[0m
2026-10-09T09:36:00.0167177Z [36;1mtest -s build/owned-perl-scalars/reviewed.json[0m
2026-10-09T09:36:00.0167560Z [36;1mtest -s build/owned-perl-loader/installed.json[0m
2026-10-09T09:36:00.0167936Z [36;1mtest -s build/owned-perl-package/ordinary.json[0m
2026-10-09T09:36:00.0168333Z [36;1mtest -s build/owned-perl-package/reviewed.json[0m
2026-10-09T09:36:00.0168826Z [36;1mtest -s build/owned-perl-package/callbacks-ordinary.json[0m
2026-10-09T09:36:00.0169322Z [36;1mtest -s build/owned-perl-package/callbacks-reviewed.json[0m
2026-10-09T09:36:00.0169764Z [36;1mtest -s build/owned-perl-package/coexistence.json[0m
2026-10-09T09:36:00.0170201Z [36;1mtest -s build/owned-perl-package/documentation.json[0m
2026-10-09T09:36:00.0170620Z [36;1mtest -s build/owned-perl-transfers/ordinary.json[0m
2026-10-09T09:36:00.0171019Z [36;1mtest -s build/owned-perl-transfers/reviewed.json[0m
2026-10-09T09:36:00.0171459Z [36;1mtest -s build/owned-perl-transfer-packaging/ordinary.json[0m
2026-10-09T09:36:00.0172300Z [36;1mtest -s build/owned-perl-transfer-packaging/reviewed.json[0m
2026-10-09T09:36:00.0172812Z [36;1mtest -s build/owned-perl-transfer-packaging/documentation.json[0m
2026-10-09T09:36:00.0173266Z [36;1mtest -s build/owned-perl-borrows/ordinary.json[0m
2026-10-09T09:36:00.0173650Z [36;1mtest -s build/owned-perl-borrows/reviewed.json[0m
2026-10-09T09:36:00.0174089Z [36;1mtest -s build/owned-perl-borrows/borrow-only.json[0m
2026-10-09T09:36:00.0174536Z [36;1mtest -s build/owned-perl-borrow-packaging/ordinary.json[0m
2026-10-09T09:36:00.0174983Z [36;1mtest -s build/owned-perl-borrow-packaging/reviewed.json[0m
2026-10-09T09:36:00.0175442Z [36;1mtest -s build/owned-perl-borrow-packaging/documentation.json[0m
2026-10-09T09:36:00.0248403Z shell: /usr/bin/bash -e {0}
2026-10-09T09:36:00.0248714Z env:
2026-10-09T09:36:00.0248970Z   CORPUS_PERL_CONFIGURATION: 5.36.3-threaded
2026-10-09T09:36:00.0249286Z ##[endgroup]
2026-10-09T09:36:00.0781581Z TAP version 13
2026-10-09T09:36:00.2373696Z # Subtest: Perl owned converters preserve finite schemas, C field types and identity ownership
2026-10-09T09:36:00.2383086Z ok 1 - Perl owned converters preserve finite schemas, C field types and identity ownership
2026-10-09T09:36:00.2387972Z   ---
2026-10-09T09:36:00.2390784Z   duration_ms: 73.185981
2026-10-09T09:36:00.2392081Z   type: 'test'
2026-10-09T09:36:00.2392823Z   ...
2026-10-09T09:36:00.6769551Z # Subtest: owned converters compile against all selected real Perl ABIs and generated public C headers
2026-10-09T09:36:00.6773456Z ok 2 - owned converters compile against all selected real Perl ABIs and generated public C headers
2026-10-09T09:36:00.6775182Z   ---
2026-10-09T09:36:00.6775987Z   duration_ms: 443.057292
2026-10-09T09:36:00.6776484Z   type: 'test'
2026-10-09T09:36:00.6776877Z   ...
2026-10-09T09:36:00.6777757Z # 2 ABI/header compile checks; public XS calls and native round-trips are separate.
2026-10-09T09:36:00.7936169Z # Subtest: Perl ownership support rejects injected component prefixes
2026-10-09T09:36:00.7938192Z ok 3 - Perl ownership support rejects injected component prefixes
2026-10-09T09:36:00.7939125Z   ---
2026-10-09T09:36:00.7939696Z   duration_ms: 1.277007
2026-10-09T09:36:00.7940251Z   type: 'test'
2026-10-09T09:36:00.7940760Z   ...
2026-10-09T09:36:21.7325877Z # Subtest: Perl leases clean real Lean results on all selected ABIs (ordinary)
2026-10-09T09:36:21.7328377Z ok 4 - Perl leases clean real Lean results on all selected ABIs (ordinary)
2026-10-09T09:36:21.7329532Z   ---
2026-10-09T09:36:21.7330406Z   duration_ms: 20941.09542
2026-10-09T09:36:21.7331293Z   type: 'test'
2026-10-09T09:36:21.7332399Z   ...
2026-10-09T09:36:21.7334219Z # {"perlFailures":13,"exceptions":33,"live":0,"perl":"v5.36.3","nativeFailures":14,"checks":164,"identities":0,"threaded":1}
2026-10-09T09:36:21.7336001Z # conversions {"exceptions":101,"live":0,"nativeFailures":33,"checks":347,"allocatorFailures":24,"identities":0}
2026-10-09T09:36:21.7337083Z # public calls {"identities":0,"checks":758,"exceptions":206,"allocatorFailures":51,"nativeFailures":101,"live":0}
2026-10-09T09:36:42.7412088Z # Subtest: Perl leases clean real Lean results on all selected ABIs (reviewed)
2026-10-09T09:36:42.7413304Z ok 5 - Perl leases clean real Lean results on all selected ABIs (reviewed)
2026-10-09T09:36:42.7415202Z   ---
2026-10-09T09:36:42.7415645Z   duration_ms: 21009.530616
2026-10-09T09:36:42.7416189Z   type: 'test'
2026-10-09T09:36:42.7416587Z   ...
2026-10-09T09:36:42.7417749Z # {"perl":"v5.36.3","checks":164,"identities":0,"perlFailures":13,"live":0,"exceptions":33,"threaded":1,"nativeFailures":14}
2026-10-09T09:36:42.7419108Z # conversions {"identities":0,"allocatorFailures":24,"nativeFailures":33,"live":0,"exceptions":101,"checks":347}
2026-10-09T09:36:42.7420529Z # public calls {"live":0,"exceptions":206,"nativeFailures":101,"checks":758,"identities":0,"allocatorFailures":51}
2026-10-09T09:37:17.9322963Z # Subtest: Perl leases clean real Lean results on all selected ABIs (ordinary, complete signatures)
2026-10-09T09:37:17.9324442Z ok 6 - Perl leases clean real Lean results on all selected ABIs (ordinary, complete signatures)
2026-10-09T09:37:17.9325222Z   ---
2026-10-09T09:37:17.9325521Z   duration_ms: 35188.540841
2026-10-09T09:37:17.9325802Z   type: 'test'
2026-10-09T09:37:17.9326222Z   ...
2026-10-09T09:37:17.9332219Z # {"live":0,"checks":164,"perl":"v5.36.3","perlFailures":13,"nativeFailures":14,"exceptions":33,"threaded":1,"identities":0}
2026-10-09T09:37:17.9333978Z # conversions {"live":0,"identities":0,"checks":347,"exceptions":101,"nativeFailures":33,"allocatorFailures":24}
2026-10-09T09:37:17.9335633Z # public calls {"allocatorFailures":51,"nativeFailures":101,"live":0,"exceptions":206,"checks":758,"identities":0}
2026-10-09T09:37:17.9342089Z # complete signatures {"live":0,"primitives":19,"identities":0,"checks":114,"exports":["bundle","callback_record","callback_recursive","construct","dispatch","echo_alias","echo_array","echo_chain","echo_list","echo_mixed","echo_nested","echo_option","echo_record","echo_recursive","echo_result","echo_row","echo_tuple","echo_variant","factory","identity_closure","label","make_record","make_recursive","new_ticket","payload","primary","repeatedly","retain_callback","retain_ticket","serial","twice","via_bool","via_bytes","via_char","via_f32","via_f64","via_i16","via_i32","via_i64","via_i8","via_int","via_isize","via_nat","via_string","via_u16","via_u32","via_u64","via_u8","via_unit","via_usize","with_function"]}
2026-10-09T09:37:53.1957429Z # Subtest: Perl leases clean real Lean results on all selected ABIs (reviewed, complete signatures)
2026-10-09T09:37:53.1959253Z ok 7 - Perl leases clean real Lean results on all selected ABIs (reviewed, complete signatures)
2026-10-09T09:37:53.1960480Z   ---
2026-10-09T09:37:53.1961112Z   duration_ms: 35265.378198
2026-10-09T09:37:53.1962173Z   type: 'test'
2026-10-09T09:37:53.1962837Z   ...
2026-10-09T09:37:53.1964223Z # {"nativeFailures":14,"live":0,"exceptions":33,"checks":164,"perl":"v5.36.3","identities":0,"threaded":1,"perlFailures":13}
2026-10-09T09:37:53.1966240Z # conversions {"nativeFailures":33,"live":0,"exceptions":101,"allocatorFailures":24,"identities":0,"checks":347}
2026-10-09T09:37:53.1968212Z # public calls {"nativeFailures":101,"live":0,"identities":0,"allocatorFailures":51,"checks":758,"exceptions":206}
2026-10-09T09:37:53.1975103Z # complete signatures {"live":0,"exports":["bundle","callback_record","callback_recursive","construct","dispatch","echo_alias","echo_array","echo_chain","echo_list","echo_mixed","echo_nested","echo_option","echo_record","echo_recursive","echo_result","echo_row","echo_tuple","echo_variant","factory","identity_closure","label","make_record","make_recursive","new_ticket","payload","primary","repeatedly","retain_callback","retain_ticket","serial","twice","via_bool","via_bytes","via_char","via_f32","via_f64","via_i16","via_i32","via_i64","via_i8","via_int","via_isize","via_nat","via_string","via_u16","via_u32","via_u64","via_u8","via_unit","via_usize","with_function"],"identities":0,"primitives":19,"checks":114}
2026-10-09T09:37:53.9638533Z # Subtest: Perl callback-result anchors require their own explicit capability
2026-10-09T09:37:53.9643702Z ok 8 - Perl callback-result anchors require their own explicit capability
2026-10-09T09:37:53.9644667Z   ---
2026-10-09T09:37:53.9645132Z   duration_ms: 130.675618
2026-10-09T09:37:53.9645764Z   type: 'test'
2026-10-09T09:37:53.9646251Z   ...
2026-10-09T09:37:53.9647279Z # Subtest: Perl callback-result C owners select the last argument after the private closure
2026-10-09T09:37:53.9648818Z ok 9 - Perl callback-result C owners select the last argument after the private closure
2026-10-09T09:37:53.9649664Z   ---
2026-10-09T09:37:53.9650058Z   duration_ms: 19.456625
2026-10-09T09:37:53.9650515Z   type: 'test'
2026-10-09T09:37:53.9650910Z   ...
2026-10-09T09:37:53.9653016Z # Subtest: Perl callback-only anchors enable whole owners and copies without host descriptors
2026-10-09T09:37:53.9654554Z ok 10 - Perl callback-only anchors enable whole owners and copies without host descriptors
2026-10-09T09:37:53.9658449Z   ---
2026-10-09T09:37:53.9658871Z   duration_ms: 15.758773
2026-10-09T09:37:53.9659328Z   type: 'test'
2026-10-09T09:37:53.9659719Z   ...
2026-10-09T09:37:53.9660978Z # Subtest: Perl callback anchors compose with original-owner receivers and consuming inputs
2026-10-09T09:37:53.9662668Z ok 11 - Perl callback anchors compose with original-owner receivers and consuming inputs
2026-10-09T09:37:53.9663541Z   ---
2026-10-09T09:37:53.9678205Z   duration_ms: 49.964452
2026-10-09T09:37:53.9678689Z   type: 'test'
2026-10-09T09:37:53.9679068Z   ...
2026-10-09T09:37:53.9679961Z # Subtest: Perl callback ownership projection is immutable and stable under type reordering
2026-10-09T09:37:53.9681326Z ok 12 - Perl callback ownership projection is immutable and stable under type reordering
2026-10-09T09:37:53.9682494Z   ---
2026-10-09T09:37:53.9682856Z   duration_ms: 101.599969
2026-10-09T09:37:53.9683323Z   type: 'test'
2026-10-09T09:37:53.9683684Z   ...
2026-10-09T09:37:53.9684618Z # Subtest: Perl callback capability leaves legacy generated bytes unchanged without actual anchors
2026-10-09T09:37:53.9686047Z ok 13 - Perl callback capability leaves legacy generated bytes unchanged without actual anchors
2026-10-09T09:37:53.9686958Z   ---
2026-10-09T09:37:53.9687310Z   duration_ms: 213.744329
2026-10-09T09:37:53.9687721Z   type: 'test'
2026-10-09T09:37:53.9688033Z   ...
2026-10-09T09:37:53.9689261Z # Subtest: owned Perl declarations retain finite types, identity leaves and transparent aliases
2026-10-09T09:37:53.9690428Z ok 14 - owned Perl declarations retain finite types, identity leaves and transparent aliases
2026-10-09T09:37:53.9690892Z   ---
2026-10-09T09:37:53.9691112Z   duration_ms: 17.802978
2026-10-09T09:37:53.9691370Z   type: 'test'
2026-10-09T09:37:53.9691598Z   ...
2026-10-09T09:37:53.9693687Z # Subtest: owned Perl names cannot overwrite helpers, lifecycle methods or constructor fields
2026-10-09T09:37:53.9695020Z ok 15 - owned Perl names cannot overwrite helpers, lifecycle methods or constructor fields
2026-10-09T09:37:53.9704360Z   ---
2026-10-09T09:37:53.9704765Z   duration_ms: 109.304882
2026-10-09T09:37:53.9705167Z   type: 'test'
2026-10-09T09:37:53.9705459Z   ...
2026-10-09T09:37:54.1076031Z # Subtest: real Perl constructors preserve branches, field names and nested optional payloads
2026-10-09T09:37:54.1077835Z ok 16 - real Perl constructors preserve branches, field names and nested optional payloads
2026-10-09T09:37:54.1078397Z   ---
2026-10-09T09:37:54.1078825Z   duration_ms: 147.097395
2026-10-09T09:37:54.1079313Z   type: 'test'
2026-10-09T09:37:54.1079729Z   ...
2026-10-09T09:37:54.1080533Z # 57 real Perl declaration checks passed; native transport is not enabled
2026-10-09T09:37:54.1200864Z 1..16
2026-10-09T09:37:54.1201293Z # tests 16
2026-10-09T09:37:54.1201980Z # suites 0
2026-10-09T09:37:54.1206023Z # pass 16
2026-10-09T09:37:54.1206468Z # fail 0
2026-10-09T09:37:54.1207071Z # cancelled 0
2026-10-09T09:37:54.1207661Z # skipped 0
2026-10-09T09:37:54.1208202Z # todo 0
2026-10-09T09:37:54.1208815Z # duration_ms 114056.149835
2026-10-09T09:37:54.1688406Z TAP version 13
2026-10-09T09:38:18.0639562Z # Subtest: installed Perl loaders prefer private dependencies and balance mapped-library probes
2026-10-09T09:38:18.0649148Z ok 1 - installed Perl loaders prefer private dependencies and balance mapped-library probes
2026-10-09T09:38:18.0650268Z   ---
2026-10-09T09:38:18.0650754Z   duration_ms: 23788.878012
2026-10-09T09:38:18.0651167Z   type: 'test'
2026-10-09T09:38:18.0651542Z   ...
2026-10-09T09:38:18.0653463Z # {"perl":"/home/runner/work/lean-bridge/lean-bridge/.toolchains/perl/5.36.3-threaded/bin/perl","mode":"global","observed":{"checks":3,"global":11,"value":11}}
2026-10-09T09:38:18.0662118Z # {"perl":"/home/runner/work/lean-bridge/lean-bridge/.toolchains/perl/5.36.3-threaded/bin/perl","mode":"private","observed":{"checks":134,"global":11,"value":29}}
2026-10-09T09:38:18.0663975Z # {"perl":"/home/runner/work/lean-bridge/lean-bridge/.toolchains/perl/5.36.3-threaded/bin/perl","mode":"cold","observed":{"checks":47,"mode":"cold"}}
2026-10-09T09:38:18.0673889Z # {"perl":"/home/runner/work/lean-bridge/lean-bridge/.toolchains/perl/5.36.3-threaded/bin/perl","mode":"preloaded","observed":{"checks":2,"mode":"preloaded"}}
2026-10-09T09:38:18.0675269Z # {"perl":"/home/runner/work/lean-bridge/lean-bridge/.toolchains/perl/5.36.3-threaded/bin/perl","mode":"conflict","observed":{"checks":2,"mode":"conflict"}}
2026-10-09T09:38:18.0676584Z # {"perl":"/home/runner/work/lean-bridge/lean-bridge/.toolchains/perl/5.36.3-threaded/bin/perl","mode":"warm","observed":{"checks":16,"mode":"warm"}}
2026-10-09T09:38:36.9606778Z # Subtest: Perl scalar records preserve exact native fields and reject malformed values (ordinary)
2026-10-09T09:38:36.9615513Z ok 2 - Perl scalar records preserve exact native fields and reject malformed values (ordinary)
2026-10-09T09:38:36.9616409Z   ---
2026-10-09T09:38:36.9616808Z   duration_ms: 18779.961004
2026-10-09T09:38:36.9617263Z   type: 'test'
2026-10-09T09:38:36.9617643Z   ...
2026-10-09T09:38:36.9619509Z # {"identities":0,"scalarFields":19,"exceptions":168,"checks":667,"nativeFailures":31,"exports":["bits32","bits64","echo","inspect","make_packet","new_ticket","option_case","units"],"allocatorFailures":39,"live":0}
2026-10-09T09:38:55.5233798Z # Subtest: Perl scalar records preserve exact native fields and reject malformed values (reviewed)
2026-10-09T09:38:55.5236184Z ok 3 - Perl scalar records preserve exact native fields and reject malformed values (reviewed)
2026-10-09T09:38:55.5237207Z   ---
2026-10-09T09:38:55.5237608Z   duration_ms: 18563.49902
2026-10-09T09:38:55.5238039Z   type: 'test'
2026-10-09T09:38:55.5238286Z   ...
2026-10-09T09:38:55.5239511Z # {"checks":667,"scalarFields":19,"live":0,"exports":["bits32","bits64","echo","inspect","make_packet","new_ticket","option_case","units"],"identities":0,"nativeFailures":31,"allocatorFailures":39,"exceptions":168}
2026-10-09T09:38:56.4117703Z # Subtest: CI requires four-ABI Perl callback execution and reconstructed reports
2026-10-09T09:38:56.4119488Z ok 4 - CI requires four-ABI Perl callback execution and reconstructed reports
2026-10-09T09:38:56.4120465Z   ---
2026-10-09T09:38:56.4120981Z   duration_ms: 87.46541
2026-10-09T09:38:56.4121593Z   type: 'test'
2026-10-09T09:38:56.4122495Z   ...
2026-10-09T09:38:57.7061963Z # Subtest: Perl optional history rejects altered chronology, open schemas and forged transitions
2026-10-09T09:38:57.7064844Z ok 5 - Perl optional history rejects altered chronology, open schemas and forged transitions
2026-10-09T09:38:57.7066143Z   ---
2026-10-09T09:38:57.7066682Z   duration_ms: 1322.738689
2026-10-09T09:38:57.7067202Z   type: 'test'
2026-10-09T09:38:57.7067453Z   ...
2026-10-09T09:38:57.7067770Z # 46 closed history mutations rejected.
2026-10-09T09:38:59.7708372Z # Subtest: Perl optional history closes former exclusions and preserves exact stopping bytes
2026-10-09T09:38:59.7710511Z ok 6 - Perl optional history closes former exclusions and preserves exact stopping bytes
2026-10-09T09:38:59.7712425Z   ---
2026-10-09T09:38:59.7712844Z   duration_ms: 1960.240662
2026-10-09T09:38:59.7713326Z   type: 'test'
2026-10-09T09:38:59.7713703Z   ...
2026-10-09T09:38:59.7714595Z # 19 exact transitions, 3 introduced readers and 212 rejected byte/transition forgeries.
2026-10-09T09:38:59.7722593Z # Subtest: Perl callback-result conversions authenticate whole replies before native copying
2026-10-09T09:38:59.7723943Z ok 7 - Perl callback-result conversions authenticate whole replies before native copying
2026-10-09T09:38:59.7724859Z   ---
2026-10-09T09:38:59.7725263Z   duration_ms: 70.225375
2026-10-09T09:38:59.7725658Z   type: 'test'
2026-10-09T09:38:59.7726009Z   ...
2026-10-09T09:38:59.7726657Z # Subtest: Perl callback-result opt-in preserves legacy XS bytes without anchored callbacks
2026-10-09T09:38:59.7727528Z ok 8 - Perl callback-result opt-in preserves legacy XS bytes without anchored callbacks
2026-10-09T09:38:59.7728110Z   ---
2026-10-09T09:38:59.7728468Z   duration_ms: 33.9724
2026-10-09T09:38:59.7728849Z   type: 'test'
2026-10-09T09:38:59.7729193Z   ...
2026-10-09T09:39:01.0399751Z # Subtest: Perl callback-result native and host signatures compile on every selected XS ABI
2026-10-09T09:39:01.0402302Z ok 9 - Perl callback-result native and host signatures compile on every selected XS ABI
2026-10-09T09:39:01.0403692Z   ---
2026-10-09T09:39:01.0404460Z   duration_ms: 1266.341488
2026-10-09T09:39:01.0405257Z   type: 'test'
2026-10-09T09:39:01.0405973Z   ...
2026-10-09T09:39:01.0407255Z # 4 callback-result XS/header compilations; no native execution claim.
2026-10-09T09:39:01.0408991Z # Subtest: Perl callback-result owners execute real Lean (ordinary, no-host)
2026-10-09T09:39:01.0410618Z ok 10 - Perl callback-result owners execute real Lean (ordinary, no-host) # SKIP
2026-10-09T09:39:01.0411935Z   ---
2026-10-09T09:39:01.0412474Z   duration_ms: 0.172754
2026-10-09T09:39:01.0413060Z   type: 'test'
2026-10-09T09:39:01.0413620Z   ...
2026-10-09T09:39:01.0414544Z # Subtest: Perl callback-result owners execute real Lean (ordinary, host)
2026-10-09T09:39:01.0415888Z ok 11 - Perl callback-result owners execute real Lean (ordinary, host) # SKIP
2026-10-09T09:39:01.0416890Z   ---
2026-10-09T09:39:01.0417435Z   duration_ms: 0.28307
2026-10-09T09:39:01.0418013Z   type: 'test'
2026-10-09T09:39:01.0418649Z   ...
2026-10-09T09:39:01.0419573Z # Subtest: Perl callback-result owners execute real Lean (ordinary, combined)
2026-10-09T09:39:01.0421281Z ok 12 - Perl callback-result owners execute real Lean (ordinary, combined) # SKIP
2026-10-09T09:39:01.0422514Z   ---
2026-10-09T09:39:01.0424732Z   duration_ms: 0.38994
2026-10-09T09:39:01.0425512Z   type: 'test'
2026-10-09T09:39:01.0425924Z   ...
2026-10-09T09:39:01.0426698Z # Subtest: Perl callback-result owners execute real Lean (reviewed, no-host)
2026-10-09T09:39:01.0427919Z ok 13 - Perl callback-result owners execute real Lean (reviewed, no-host) # SKIP
2026-10-09T09:39:01.0428704Z   ---
2026-10-09T09:39:01.0429085Z   duration_ms: 0.241041
2026-10-09T09:39:01.0429512Z   type: 'test'
2026-10-09T09:39:01.0429892Z   ...
2026-10-09T09:39:01.0430642Z # Subtest: Perl callback-result owners execute real Lean (reviewed, host)
2026-10-09T09:39:01.0432120Z ok 14 - Perl callback-result owners execute real Lean (reviewed, host) # SKIP
2026-10-09T09:39:01.0442441Z   ---
2026-10-09T09:39:01.0442860Z   duration_ms: 0.073328
2026-10-09T09:39:01.0443681Z   type: 'test'
2026-10-09T09:39:01.0444085Z   ...
2026-10-09T09:39:01.0444902Z # Subtest: Perl callback-result owners execute real Lean (reviewed, combined)
2026-10-09T09:39:01.0446344Z ok 15 - Perl callback-result owners execute real Lean (reviewed, combined) # SKIP
2026-10-09T09:39:01.0447304Z   ---
2026-10-09T09:39:01.0447850Z   duration_ms: 0.063799
2026-10-09T09:39:01.0448432Z   type: 'test'
2026-10-09T09:39:01.0448961Z   ...
2026-10-09T09:39:01.0449879Z # Subtest: Perl callback-result faults preserve handoff ownership (ordinary)
2026-10-09T09:39:01.0451225Z ok 16 - Perl callback-result faults preserve handoff ownership (ordinary) # SKIP
2026-10-09T09:39:01.0452417Z   ---
2026-10-09T09:39:01.0452932Z   duration_ms: 0.047088
2026-10-09T09:39:01.0453528Z   type: 'test'
2026-10-09T09:39:01.0454031Z   ...
2026-10-09T09:39:01.0454954Z # Subtest: Perl callback-result faults preserve handoff ownership (reviewed)
2026-10-09T09:39:01.0456317Z ok 17 - Perl callback-result faults preserve handoff ownership (reviewed) # SKIP
2026-10-09T09:39:01.0457288Z   ---
2026-10-09T09:39:01.0457801Z   duration_ms: 0.051717
2026-10-09T09:39:01.0458392Z   type: 'test'
2026-10-09T09:39:01.0458901Z   ...
2026-10-09T09:39:01.0459912Z # Subtest: Perl callback-result lifetime and process guards execute real Lean (ordinary)
2026-10-09T09:39:01.0461435Z ok 18 - Perl callback-result lifetime and process guards execute real Lean (ordinary) # SKIP
2026-10-09T09:39:01.0462738Z   ---
2026-10-09T09:39:01.0463418Z   duration_ms: 0.048511
2026-10-09T09:39:01.0464206Z   type: 'test'
2026-10-09T09:39:01.0464859Z   ...
2026-10-09T09:39:01.0465980Z # Subtest: Perl callback-result lifetime and process guards execute real Lean (reviewed)
2026-10-09T09:39:01.0467650Z ok 19 - Perl callback-result lifetime and process guards execute real Lean (reviewed) # SKIP
2026-10-09T09:39:01.0468761Z   ---
2026-10-09T09:39:01.0469398Z   duration_ms: 0.046006
2026-10-09T09:39:01.0470100Z   type: 'test'
2026-10-09T09:39:01.0470742Z   ...
2026-10-09T09:39:01.0472157Z # Subtest: Perl callback-result compiled semantic mutants reject (ordinary, combined)
2026-10-09T09:39:01.0473742Z ok 20 - Perl callback-result compiled semantic mutants reject (ordinary, combined) # SKIP
2026-10-09T09:39:01.0474825Z   ---
2026-10-09T09:39:01.0475464Z   duration_ms: 0.051987
2026-10-09T09:39:01.0476149Z   type: 'test'
2026-10-09T09:39:01.0476774Z   ...
2026-10-09T09:39:01.0477870Z # Subtest: Perl callback-result compiled semantic mutants reject (reviewed, combined)
2026-10-09T09:39:01.0479464Z ok 21 - Perl callback-result compiled semantic mutants reject (reviewed, combined) # SKIP
2026-10-09T09:39:01.0480501Z   ---
2026-10-09T09:39:01.0481044Z   duration_ms: 0.04786
2026-10-09T09:39:01.0481916Z   type: 'test'
2026-10-09T09:39:01.0482568Z   ...
2026-10-09T09:39:01.0483259Z # Subtest: Perl callback-result ASan and UBSan instrument actual C and XS (ordinary)
2026-10-09T09:39:01.0484118Z ok 22 - Perl callback-result ASan and UBSan instrument actual C and XS (ordinary) # SKIP
2026-10-09T09:39:01.0484747Z   ---
2026-10-09T09:39:01.0485105Z   duration_ms: 0.046416
2026-10-09T09:39:01.0485486Z   type: 'test'
2026-10-09T09:39:01.0486043Z   ...
2026-10-09T09:39:01.0486671Z # Subtest: Perl callback-result ASan and UBSan instrument actual C and XS (reviewed)
2026-10-09T09:39:01.0487527Z ok 23 - Perl callback-result ASan and UBSan instrument actual C and XS (reviewed) # SKIP
2026-10-09T09:39:01.0488119Z   ---
2026-10-09T09:39:01.0488465Z   duration_ms: 0.044924
2026-10-09T09:39:01.0488843Z   type: 'test'
2026-10-09T09:39:01.0489183Z   ...
2026-10-09T09:39:01.0489778Z # Subtest: Perl callback evidence reconstructs all six original direct-runtime reports
2026-10-09T09:39:01.0490638Z ok 24 - Perl callback evidence reconstructs all six original direct-runtime reports # SKIP
2026-10-09T09:39:01.0491232Z   ---
2026-10-09T09:39:01.0491576Z   duration_ms: 0.03713
2026-10-09T09:39:01.0492587Z   type: 'test'
2026-10-09T09:39:01.0493131Z   ...
2026-10-09T09:39:01.0493764Z # Subtest: Perl callback evidence rejects changed source, scope, ABI and raw execution
2026-10-09T09:39:01.0494839Z ok 25 - Perl callback evidence rejects changed source, scope, ABI and raw execution # SKIP
2026-10-09T09:39:01.0495435Z   ---
2026-10-09T09:39:01.0495779Z   duration_ms: 0.031228
2026-10-09T09:39:01.0496156Z   type: 'test'
2026-10-09T09:39:01.0496495Z   ...
2026-10-09T09:39:01.0497087Z # Subtest: Perl callback fault evidence reconstructs both original four-ABI sweeps
2026-10-09T09:39:01.0498419Z ok 26 - Perl callback fault evidence reconstructs both original four-ABI sweeps # SKIP
2026-10-09T09:39:01.0499549Z   ---
2026-10-09T09:39:01.0500041Z   duration_ms: 0.034835
2026-10-09T09:39:01.0500446Z   type: 'test'
2026-10-09T09:39:01.0500796Z   ...
2026-10-09T09:39:01.0501436Z # Subtest: Perl callback fault evidence rejects forged transfer, cleanup and exception traces
2026-10-09T09:39:01.0502655Z ok 27 - Perl callback fault evidence rejects forged transfer, cleanup and exception traces # SKIP
2026-10-09T09:39:01.0503294Z   ---
2026-10-09T09:39:01.0503642Z   duration_ms: 0.039153
2026-10-09T09:39:01.0504022Z   type: 'test'
2026-10-09T09:39:01.0504371Z   ...
2026-10-09T09:39:01.0504974Z # Subtest: Perl callback lifetime evidence reconstructs both four-ABI scenario matrices
2026-10-09T09:39:01.0505851Z ok 28 - Perl callback lifetime evidence reconstructs both four-ABI scenario matrices # SKIP
2026-10-09T09:39:01.0506455Z   ---
2026-10-09T09:39:01.0506797Z   duration_ms: 0.072696
2026-10-09T09:39:01.0507171Z   type: 'test'
2026-10-09T09:39:01.0507509Z   ...
2026-10-09T09:39:01.0508227Z # Subtest: Perl callback lifetime evidence rejects coordinated source, process, reentry and retirement changes
2026-10-09T09:39:01.0509284Z ok 29 - Perl callback lifetime evidence rejects coordinated source, process, reentry and retirement changes # SKIP
2026-10-09T09:39:01.0510181Z   ---
2026-10-09T09:39:01.0510700Z   duration_ms: 0.042309
2026-10-09T09:39:01.0511124Z   type: 'test'
2026-10-09T09:39:01.0511473Z   ...
2026-10-09T09:39:01.0512585Z # Subtest: Perl callback mutant evidence reconstructs all 32 compiled negative controls
2026-10-09T09:39:01.0513871Z ok 30 - Perl callback mutant evidence reconstructs all 32 compiled negative controls # SKIP
2026-10-09T09:39:01.0514650Z   ---
2026-10-09T09:39:01.0514994Z   duration_ms: 0.03736
2026-10-09T09:39:01.0515381Z   type: 'test'
2026-10-09T09:39:01.0515721Z   ...
2026-10-09T09:39:01.0516704Z # Subtest: Perl callback mutant evidence rejects relabelled defects, crashes and missing restoration
2026-10-09T09:39:01.0518164Z ok 31 - Perl callback mutant evidence rejects relabelled defects, crashes and missing restoration # SKIP
2026-10-09T09:39:01.0519023Z   ---
2026-10-09T09:39:01.0519367Z   duration_ms: 0.031238
2026-10-09T09:39:01.0519758Z   type: 'test'
2026-10-09T09:39:01.0520095Z   ...
2026-10-09T09:39:01.0521073Z # Subtest: Perl callback sanitizer evidence reconstructs scoped address/UB and separate strict LSan matrices
2026-10-09T09:39:01.0523087Z ok 32 - Perl callback sanitizer evidence reconstructs scoped address/UB and separate strict LSan matrices # SKIP
2026-10-09T09:39:01.0524031Z   ---
2026-10-09T09:39:01.0524375Z   duration_ms: 0.03172
2026-10-09T09:39:01.0525000Z   type: 'test'
2026-10-09T09:39:01.0525355Z   ...
2026-10-09T09:39:01.0526282Z # Subtest: Perl callback sanitizer evidence rejects forged source, execution, cleanup and leak claims
2026-10-09T09:39:01.0527764Z ok 33 - Perl callback sanitizer evidence rejects forged source, execution, cleanup and leak claims # SKIP
2026-10-09T09:39:01.0528297Z   ---
2026-10-09T09:39:01.0528503Z   duration_ms: 0.03717
2026-10-09T09:39:01.0528733Z   type: 'test'
2026-10-09T09:39:01.0528945Z   ...
2026-10-09T09:39:01.0529458Z # Subtest: Perl callback package evidence reconstructs four producers and 32 installed public runs
2026-10-09T09:39:01.0530274Z ok 34 - Perl callback package evidence reconstructs four producers and 32 installed public runs # SKIP
2026-10-09T09:39:01.0530768Z   ---
2026-10-09T09:39:01.0530977Z   duration_ms: 0.033944
2026-10-09T09:39:01.0531375Z   type: 'test'
2026-10-09T09:39:01.0531585Z   ...
2026-10-09T09:39:01.0532962Z # Subtest: Perl callback package evidence rejects coordinated producer, receipt and installed claims
2026-10-09T09:39:01.0533869Z ok 35 - Perl callback package evidence rejects coordinated producer, receipt and installed claims # SKIP
2026-10-09T09:39:01.0534379Z   ---
2026-10-09T09:39:01.0534600Z   duration_ms: 0.033172
2026-10-09T09:39:01.0534962Z   type: 'test'
2026-10-09T09:39:01.0535368Z   ...
2026-10-09T09:39:01.0535993Z # Subtest: nine-target Perl callback release reconstructs ordinary inputs and execution
2026-10-09T09:39:01.0543925Z ok 36 - nine-target Perl callback release reconstructs ordinary inputs and execution # SKIP
2026-10-09T09:39:01.0544746Z   ---
2026-10-09T09:39:01.0545192Z   duration_ms: 0.045405
2026-10-09T09:39:01.0545777Z   type: 'test'
2026-10-09T09:39:01.0546329Z   ...
2026-10-09T09:39:01.0547154Z # Subtest: nine-target Perl callback release reconstructs reviewed inputs and execution
2026-10-09T09:39:01.0548321Z ok 37 - nine-target Perl callback release reconstructs reviewed inputs and execution # SKIP
2026-10-09T09:39:01.0549044Z   ---
2026-10-09T09:39:01.0549529Z   duration_ms: 0.044122
2026-10-09T09:39:01.0550094Z   type: 'test'
2026-10-09T09:39:01.0550530Z   ...
2026-10-09T09:39:01.0551451Z # Subtest: installed CPAN callback-result smoke preserves combined owners (ordinary)
2026-10-09T09:39:01.0553097Z ok 38 - installed CPAN callback-result smoke preserves combined owners (ordinary) # SKIP
2026-10-09T09:39:01.0554044Z   ---
2026-10-09T09:39:01.0554570Z   duration_ms: 0.10666
2026-10-09T09:39:01.0555159Z   type: 'test'
2026-10-09T09:39:01.0555839Z   ...
2026-10-09T09:39:02.7319279Z # Subtest: Perl callback source history authenticates complete transitions and rejects drift
2026-10-09T09:39:02.7320748Z ok 39 - Perl callback source history authenticates complete transitions and rejects drift
2026-10-09T09:39:02.7321425Z   ---
2026-10-09T09:39:02.7322041Z   duration_ms: 1691.847999
2026-10-09T09:39:02.7322475Z   type: 'test'
2026-10-09T09:39:02.7322816Z   ...
2026-10-09T09:39:08.1966711Z # Subtest: staged Perl source identities do not promote type-surface support
2026-10-09T09:39:08.1968038Z ok 40 - staged Perl source identities do not promote type-surface support
2026-10-09T09:39:08.1968918Z   ---
2026-10-09T09:39:08.1969319Z   duration_ms: 5464.786436
2026-10-09T09:39:08.1969633Z   type: 'test'
2026-10-09T09:39:08.1969889Z   ...
2026-10-09T09:39:09.1499805Z # Subtest: frozen JVM CLI reports reject current Perl source inventories without rewriting originals
2026-10-09T09:39:09.1502034Z ok 41 - frozen JVM CLI reports reject current Perl source inventories without rewriting originals
2026-10-09T09:39:09.1503193Z   ---
2026-10-09T09:39:09.1503793Z   duration_ms: 952.944707
2026-10-09T09:39:09.1504446Z   type: 'test'
2026-10-09T09:39:09.1504996Z   ...
2026-10-09T09:39:10.5150506Z # Subtest: Perl acceptance covers the execution and verifier import closure
2026-10-09T09:39:10.5151884Z ok 42 - Perl acceptance covers the execution and verifier import closure
2026-10-09T09:39:10.5152625Z   ---
2026-10-09T09:39:10.5152992Z   duration_ms: 1365.166228
2026-10-09T09:39:10.5153835Z   type: 'test'
2026-10-09T09:39:10.5154223Z   ...
2026-10-09T09:39:25.7622119Z # Subtest: Perl acceptance reconstructs all 18 reports and complete executed probes
2026-10-09T09:39:25.7623464Z ok 43 - Perl acceptance reconstructs all 18 reports and complete executed probes
2026-10-09T09:39:25.7624147Z   ---
2026-10-09T09:39:25.7624417Z   duration_ms: 15246.88431
2026-10-09T09:39:25.7624726Z   type: 'test'
2026-10-09T09:39:25.7624985Z   ...
2026-10-09T09:40:57.6968685Z # Subtest: Perl acceptance rejects skipped runs, changed sources and inflated guarantees
2026-10-09T09:40:57.6970072Z ok 44 - Perl acceptance rejects skipped runs, changed sources and inflated guarantees
2026-10-09T09:40:57.6970797Z   ---
2026-10-09T09:40:57.6971328Z   duration_ms: 91934.620084
2026-10-09T09:40:57.6971971Z   type: 'test'
2026-10-09T09:40:57.6972345Z   ...
2026-10-09T09:40:57.6973265Z # 58 altered acceptance claims rejected
2026-10-09T09:40:58.5404974Z # Subtest: Perl acceptance binds every report slot to its mode and execution boundary
2026-10-09T09:40:58.5406504Z ok 45 - Perl acceptance binds every report slot to its mode and execution boundary
2026-10-09T09:40:58.5407440Z   ---
2026-10-09T09:40:58.5407887Z   duration_ms: 839.799592
2026-10-09T09:40:58.5408317Z   type: 'test'
2026-10-09T09:40:58.5408667Z   ...
2026-10-09T09:40:58.5409222Z # 40 false report-slot claims rejected
2026-10-09T09:40:58.5410718Z # Subtest: Perl optional CPAN evidence reconstructs eight producers, exact archives and 64 public runs
2026-10-09T09:40:58.5412607Z ok 46 - Perl optional CPAN evidence reconstructs eight producers, exact archives and 64 public runs # SKIP
2026-10-09T09:40:58.5413592Z   ---
2026-10-09T09:40:58.5413961Z   duration_ms: 0.120054
2026-10-09T09:40:58.5414421Z   type: 'test'
2026-10-09T09:40:58.5414787Z   ...
2026-10-09T09:40:58.5415859Z # Subtest: Perl optional CPAN evidence rejects partial matrices, false capabilities and coordinated raw claims
2026-10-09T09:40:58.5417617Z ok 47 - Perl optional CPAN evidence rejects partial matrices, false capabilities and coordinated raw claims # SKIP
2026-10-09T09:40:58.5418646Z   ---
2026-10-09T09:40:58.5419011Z   duration_ms: 0.049663
2026-10-09T09:40:58.5419473Z   type: 'test'
2026-10-09T09:40:58.5419873Z   ...
2026-10-09T09:40:58.5420848Z # Subtest: Perl optional TAP grammar rejects incomplete and reordered synthetic parser fixtures
2026-10-09T09:40:58.5422501Z ok 48 - Perl optional TAP grammar rejects incomplete and reordered synthetic parser fixtures
2026-10-09T09:40:58.5423408Z   ---
2026-10-09T09:40:58.5423869Z   duration_ms: 3.805431
2026-10-09T09:40:58.5424345Z   type: 'test'
2026-10-09T09:40:58.5424769Z   ...
2026-10-09T09:40:58.5425354Z # 25 malformed parser-only TAP fixtures rejected.
2026-10-09T09:41:06.5592146Z # Subtest: Perl optional acceptance closes exact installed evidence and preserves the combined predecessor
2026-10-09T09:41:06.5593873Z ok 49 - Perl optional acceptance closes exact installed evidence and preserves the combined predecessor
2026-10-09T09:41:06.5594789Z   ---
2026-10-09T09:41:06.5595156Z   duration_ms: 8018.256912
2026-10-09T09:41:06.5595578Z   type: 'test'
2026-10-09T09:41:06.5595929Z   ...
2026-10-09T09:42:20.9979741Z # Subtest: Perl optional acceptance rejects forged logs, archives, exclusions and scope
2026-10-09T09:42:20.9992024Z ok 50 - Perl optional acceptance rejects forged logs, archives, exclusions and scope
2026-10-09T09:42:20.9992976Z   ---
2026-10-09T09:42:20.9993253Z   duration_ms: 74373.531531
2026-10-09T09:42:20.9993573Z   type: 'test'
2026-10-09T09:42:20.9993840Z   ...
2026-10-09T09:42:20.9994372Z # 167 receipt/log/archive claims and 6 coordinated report forgeries rejected.
2026-10-09T09:42:20.9995135Z # Subtest: owned CPAN namespaces remain a validated host projection
2026-10-09T09:42:20.9996005Z ok 51 - owned CPAN namespaces remain a validated host projection
2026-10-09T09:42:20.9996612Z   ---
2026-10-09T09:42:20.9996946Z   duration_ms: 0.697796
2026-10-09T09:42:20.9997324Z   type: 'test'
2026-10-09T09:42:20.9997671Z   ...
2026-10-09T09:42:20.9999030Z # Subtest: owned Perl emits every function, identity method and scoped callback boundary
2026-10-09T09:42:21.0000364Z ok 52 - owned Perl emits every function, identity method and scoped callback boundary
2026-10-09T09:42:21.0000919Z   ---
2026-10-09T09:42:21.0001185Z   duration_ms: 64.356154
2026-10-09T09:42:21.0001486Z   type: 'test'
2026-10-09T09:42:21.0002032Z   ...
2026-10-09T09:42:22.2542888Z # Subtest: all owned Perl call and callback signatures compile on each supported XS ABI
2026-10-09T09:42:22.2544359Z ok 53 - all owned Perl call and callback signatures compile on each supported XS ABI
2026-10-09T09:42:22.2545161Z   ---
2026-10-09T09:42:22.2545561Z   duration_ms: 1256.743317
2026-10-09T09:42:22.2546019Z   type: 'test'
2026-10-09T09:42:22.2546399Z   ...
2026-10-09T09:42:22.2547099Z # 4 full XS API/header checks; native execution is tested separately.
2026-10-09T09:42:22.3266412Z 1..53
2026-10-09T09:42:22.3266879Z # tests 53
2026-10-09T09:42:22.3267274Z # suites 0
2026-10-09T09:42:22.3267712Z # pass 22
2026-10-09T09:42:22.3268100Z # fail 0
2026-10-09T09:42:22.3268497Z # cancelled 0
2026-10-09T09:42:22.3268930Z # skipped 31
2026-10-09T09:42:22.3269336Z # todo 0
2026-10-09T09:42:22.3269786Z # duration_ms 268171.359098
2026-10-09T09:42:22.3763137Z TAP version 13
2026-10-09T09:49:57.2708462Z # Subtest: installed owned Perl components coexist, reject foreign owners and reproduce independently
2026-10-09T09:49:57.2718372Z ok 1 - installed owned Perl components coexist, reject foreign owners and reproduce independently
2026-10-09T09:49:57.2719630Z   ---
2026-10-09T09:49:57.2720000Z   duration_ms: 454785.890004
2026-10-09T09:49:57.2720427Z   type: 'test'
2026-10-09T09:49:57.2720774Z   ...
2026-10-09T09:49:57.2722698Z # building OwnedOne, independent producer 1
2026-10-09T09:49:57.2752871Z # building OwnedOne, independent producer 2
2026-10-09T09:49:57.2753405Z # building OwnedTwo, independent producer 1
2026-10-09T09:49:57.2753839Z # building CopiedGraph, independent producer 1
2026-10-09T09:49:57.2754256Z # building Peer, independent producer 1
2026-10-09T09:49:57.2755030Z # {"perl":"/home/runner/work/lean-bridge/lean-bridge/.toolchains/perl/5.36.3-threaded/bin/perl","order":"owned-first","checks":323}
2026-10-09T09:49:57.2756105Z # {"perl":"/home/runner/work/lean-bridge/lean-bridge/.toolchains/perl/5.36.3-threaded/bin/perl","order":"second-owned-first","checks":323}
2026-10-09T09:49:57.2757149Z # {"perl":"/home/runner/work/lean-bridge/lean-bridge/.toolchains/perl/5.36.3-threaded/bin/perl","order":"graph-first","checks":323}
2026-10-09T09:49:57.2758160Z # {"perl":"/home/runner/work/lean-bridge/lean-bridge/.toolchains/perl/5.36.3-threaded/bin/perl","order":"peer-first","checks":323}
2026-10-09T09:52:27.0610058Z # Subtest: installed owned Perl scalars preserve private GMP and source-free loading (ordinary)
2026-10-09T09:52:27.0619719Z ok 2 - installed owned Perl scalars preserve private GMP and source-free loading (ordinary)
2026-10-09T09:52:27.0620928Z   ---
2026-10-09T09:52:27.0621442Z   duration_ms: 149668.333614
2026-10-09T09:52:27.0622226Z   type: 'test'
2026-10-09T09:52:27.0622703Z   ...
2026-10-09T09:52:27.0623266Z # CLI builds the Lean component, shared runtime and owned CPAN package
2026-10-09T09:52:27.0626144Z # {"perl":"/home/runner/work/lean-bridge/lean-bridge/.toolchains/perl/5.36.3-threaded/bin/perl","mode":"prebuilt-only","observed":{"checks":134,"exports":["bits32","bits64","echo","inspect","make_packet","new_ticket","option_case","units"],"live":0},"assetChecks":6}
2026-10-09T09:52:27.0629654Z # {"perl":"/home/runner/work/lean-bridge/lean-bridge/.toolchains/perl/5.36.3-threaded/bin/perl","mode":"build-xs","observed":{"checks":134,"exports":["bits32","bits64","echo","inspect","make_packet","new_ticket","option_case","units"],"live":0},"assetChecks":6}
2026-10-09T09:54:55.4037564Z # Subtest: installed owned Perl scalars preserve private GMP and source-free loading (reviewed)
2026-10-09T09:54:55.4039140Z ok 3 - installed owned Perl scalars preserve private GMP and source-free loading (reviewed)
2026-10-09T09:54:55.4041400Z   ---
2026-10-09T09:54:55.4042136Z   duration_ms: 148342.492168
2026-10-09T09:54:55.4042594Z   type: 'test'
2026-10-09T09:54:55.4042923Z   ...
2026-10-09T09:54:55.4044334Z # CLI builds the Lean component, shared runtime and owned CPAN package
2026-10-09T09:54:55.4046510Z # {"perl":"/home/runner/work/lean-bridge/lean-bridge/.toolchains/perl/5.36.3-threaded/bin/perl","mode":"prebuilt-only","observed":{"checks":134,"exports":["bits32","bits64","echo","inspect","make_packet","new_ticket","option_case","units"],"live":0},"assetChecks":6}
2026-10-09T09:54:55.4048870Z # {"perl":"/home/runner/work/lean-bridge/lean-bridge/.toolchains/perl/5.36.3-threaded/bin/perl","mode":"build-xs","observed":{"checks":134,"exports":["bits32","bits64","echo","inspect","make_packet","new_ticket","option_case","units"],"live":0},"assetChecks":6}
2026-10-09T09:57:48.2652481Z # Subtest: installed owned Perl callbacks preserve private GMP and source-free loading (ordinary)
2026-10-09T09:57:48.2654786Z ok 4 - installed owned Perl callbacks preserve private GMP and source-free loading (ordinary)
2026-10-09T09:57:48.2656088Z   ---
2026-10-09T09:57:48.2656742Z   duration_ms: 172861.582089
2026-10-09T09:57:48.2657374Z   type: 'test'
2026-10-09T09:57:48.2657850Z   ...
2026-10-09T09:57:48.2658630Z # CLI builds the Lean component, shared runtime and owned CPAN package
2026-10-09T09:57:48.2663987Z # {"perl":"/home/runner/work/lean-bridge/lean-bridge/.toolchains/perl/5.36.3-threaded/bin/perl","mode":"prebuilt-only","observed":{"brokerIdentities":0,"primitives":19,"checks":115,"exports":["bundle","callback_record","callback_recursive","construct","dispatch","echo_alias","echo_array","echo_chain","echo_list","echo_mixed","echo_nested","echo_option","echo_record","echo_recursive","echo_result","echo_row","echo_tuple","echo_variant","factory","identity_closure","label","make_record","make_recursive","new_ticket","payload","primary","repeatedly","retain_callback","retain_ticket","serial","twice","via_bool","via_bytes","via_char","via_f32","via_f64","via_i16","via_i32","via_i64","via_i8","via_int","via_isize","via_nat","via_string","via_u16","via_u32","via_u64","via_u8","via_unit","via_usize","with_function"]},"assetChecks":6}
2026-10-09T09:57:48.2671134Z # {"perl":"/home/runner/work/lean-bridge/lean-bridge/.toolchains/perl/5.36.3-threaded/bin/perl","mode":"build-xs","observed":{"brokerIdentities":0,"primitives":19,"checks":115,"exports":["bundle","callback_record","callback_recursive","construct","dispatch","echo_alias","echo_array","echo_chain","echo_list","echo_mixed","echo_nested","echo_option","echo_record","echo_recursive","echo_result","echo_row","echo_tuple","echo_variant","factory","identity_closure","label","make_record","make_recursive","new_ticket","payload","primary","repeatedly","retain_callback","retain_ticket","serial","twice","via_bool","via_bytes","via_char","via_f32","via_f64","via_i16","via_i32","via_i64","via_i8","via_int","via_isize","via_nat","via_string","via_u16","via_u32","via_u64","via_u8","via_unit","via_usize","with_function"]},"assetChecks":6}
2026-10-09T10:00:43.7879189Z # Subtest: installed owned Perl callbacks preserve private GMP and source-free loading (reviewed)
2026-10-09T10:00:43.7881020Z ok 5 - installed owned Perl callbacks preserve private GMP and source-free loading (reviewed)
2026-10-09T10:00:43.7882303Z   ---
2026-10-09T10:00:43.7882919Z   duration_ms: 175522.488073
2026-10-09T10:00:43.7883433Z   type: 'test'
2026-10-09T10:00:43.7883851Z   ...
2026-10-09T10:00:43.7884686Z # CLI builds the Lean component, shared runtime and owned CPAN package
2026-10-09T10:00:43.7897946Z # {"perl":"/home/runner/work/lean-bridge/lean-bridge/.toolchains/perl/5.36.3-threaded/bin/perl","mode":"prebuilt-only","observed":{"checks":115,"brokerIdentities":0,"exports":["bundle","callback_record","callback_recursive","construct","dispatch","echo_alias","echo_array","echo_chain","echo_list","echo_mixed","echo_nested","echo_option","echo_record","echo_recursive","echo_result","echo_row","echo_tuple","echo_variant","factory","identity_closure","label","make_record","make_recursive","new_ticket","payload","primary","repeatedly","retain_callback","retain_ticket","serial","twice","via_bool","via_bytes","via_char","via_f32","via_f64","via_i16","via_i32","via_i64","via_i8","via_int","via_isize","via_nat","via_string","via_u16","via_u32","via_u64","via_u8","via_unit","via_usize","with_function"],"primitives":19},"assetChecks":6}
2026-10-09T10:00:43.7906145Z # {"perl":"/home/runner/work/lean-bridge/lean-bridge/.toolchains/perl/5.36.3-threaded/bin/perl","mode":"build-xs","observed":{"primitives":19,"brokerIdentities":0,"exports":["bundle","callback_record","callback_recursive","construct","dispatch","echo_alias","echo_array","echo_chain","echo_list","echo_mixed","echo_nested","echo_option","echo_record","echo_recursive","echo_result","echo_row","echo_tuple","echo_variant","factory","identity_closure","label","make_record","make_recursive","new_ticket","payload","primary","repeatedly","retain_callback","retain_ticket","serial","twice","via_bool","via_bytes","via_char","via_f32","via_f64","via_i16","via_i32","via_i64","via_i8","via_int","via_isize","via_nat","via_string","via_u16","via_u32","via_u64","via_u8","via_unit","via_usize","with_function"],"checks":115},"assetChecks":6}
2026-10-09T10:00:43.7989232Z 1..5
2026-10-09T10:00:43.7989674Z # tests 5
2026-10-09T10:00:43.7994756Z # suites 0
2026-10-09T10:00:43.7995164Z # pass 5
2026-10-09T10:00:43.7995525Z # fail 0
2026-10-09T10:00:43.7995909Z # cancelled 0
2026-10-09T10:00:43.7996331Z # skipped 0
2026-10-09T10:00:43.7996721Z # todo 0
2026-10-09T10:00:43.7997150Z # duration_ms 1101436.978878
2026-10-09T10:00:43.9037021Z 
2026-10-09T10:00:43.9037989Z > @lean-wasm/bridge-poc@0.0.0-poc test:owned-perl-transfers
2026-10-09T10:00:43.9040060Z > LEAN_BRIDGE_OWNED_PERL_TRANSFER_TEST=1 LEAN_BRIDGE_OWNED_NATIVE_TEST=1 node --test --test-concurrency=1 tests/owned-perl-transfers.test.mjs tests/owned-perl-transfer-packaging.test.mjs tests/owned-perl-documentation.test.mjs
2026-10-09T10:00:43.9041537Z 
2026-10-09T10:00:43.9520999Z TAP version 13
2026-10-09T10:04:27.4101211Z # Subtest: owned CPAN author and consumer guides work in a combined C/Perl release
2026-10-09T10:04:27.4108529Z ok 1 - owned CPAN author and consumer guides work in a combined C/Perl release
2026-10-09T10:04:27.4109338Z   ---
2026-10-09T10:04:27.4109759Z   duration_ms: 223379.395061
2026-10-09T10:04:27.4110246Z   type: 'test'
2026-10-09T10:04:27.4110630Z   ...
2026-10-09T10:04:27.4111557Z # 2 installed documentation examples passed
2026-10-09T10:08:10.5773469Z # Subtest: owned CPAN consuming examples work in a combined C/Perl release
2026-10-09T10:08:10.5775162Z ok 2 - owned CPAN consuming examples work in a combined C/Perl release
2026-10-09T10:08:10.5776065Z   ---
2026-10-09T10:08:10.5776657Z   duration_ms: 223167.426884
2026-10-09T10:08:10.5777185Z   type: 'test'
2026-10-09T10:08:10.5777681Z   ...
2026-10-09T10:08:10.5778222Z # 2 installed documentation examples passed
2026-10-09T10:08:11.0752414Z # Subtest: CPAN transfer metadata and POD name the compiler-selected consuming arguments
2026-10-09T10:08:11.0753474Z ok 3 - CPAN transfer metadata and POD name the compiler-selected consuming arguments
2026-10-09T10:08:11.0754408Z   ---
2026-10-09T10:08:11.0755173Z   duration_ms: 383.888534
2026-10-09T10:08:11.0755623Z   type: 'test'
2026-10-09T10:08:11.0755974Z   ...
2026-10-09T10:11:05.9598441Z # Subtest: installed CPAN consuming inputs survive source removal (ordinary)
2026-10-09T10:11:05.9603938Z ok 4 - installed CPAN consuming inputs survive source removal (ordinary)
2026-10-09T10:11:05.9604933Z   ---
2026-10-09T10:11:05.9605348Z   duration_ms: 174884.612605
2026-10-09T10:11:05.9605639Z   type: 'test'
2026-10-09T10:11:05.9605876Z   ...
2026-10-09T10:11:05.9606489Z # ordinary: build Lean, shared runtime and four authenticated consuming XS variants
2026-10-09T10:11:05.9607650Z # {"perl":"/home/runner/work/lean-bridge/lean-bridge/.toolchains/perl/5.36.3-threaded/bin/perl","mode":"prebuilt-only","checks":136,"assetChecks":6}
2026-10-09T10:11:05.9609337Z # {"perl":"/home/runner/work/lean-bridge/lean-bridge/.toolchains/perl/5.36.3-threaded/bin/perl","mode":"build-xs","checks":136,"assetChecks":6}
2026-10-09T10:14:00.3296593Z # Subtest: installed CPAN consuming inputs survive source removal (reviewed)
2026-10-09T10:14:00.3302035Z ok 5 - installed CPAN consuming inputs survive source removal (reviewed)
2026-10-09T10:14:00.3302874Z   ---
2026-10-09T10:14:00.3303304Z   duration_ms: 174369.546607
2026-10-09T10:14:00.3303801Z   type: 'test'
2026-10-09T10:14:00.3304204Z   ...
2026-10-09T10:14:00.3304982Z # reviewed: build Lean, shared runtime and four authenticated consuming XS variants
2026-10-09T10:14:00.3306818Z # {"perl":"/home/runner/work/lean-bridge/lean-bridge/.toolchains/perl/5.36.3-threaded/bin/perl","mode":"prebuilt-only","checks":136,"assetChecks":6}
2026-10-09T10:14:00.3309063Z # {"perl":"/home/runner/work/lean-bridge/lean-bridge/.toolchains/perl/5.36.3-threaded/bin/perl","mode":"build-xs","checks":136,"assetChecks":6}
2026-10-09T10:14:00.5393439Z # Subtest: Perl transfers require explicit capability and leave borrowed APIs unchanged
2026-10-09T10:14:00.5395114Z ok 6 - Perl transfers require explicit capability and leave borrowed APIs unchanged
2026-10-09T10:14:00.5395945Z   ---
2026-10-09T10:14:00.5396554Z   duration_ms: 83.22996
2026-10-09T10:14:00.5397053Z   type: 'test'
2026-10-09T10:14:00.5397444Z   ...
2026-10-09T10:14:00.8503702Z # Subtest: Perl XS transfer signatures compile on each selected ABI
2026-10-09T10:14:00.8504662Z ok 7 - Perl XS transfer signatures compile on each selected ABI
2026-10-09T10:14:00.8505602Z   ---
2026-10-09T10:14:00.8505990Z   duration_ms: 315.024339
2026-10-09T10:14:00.8514392Z   type: 'test'
2026-10-09T10:14:00.8514667Z   ...
2026-10-09T10:14:23.5860087Z # Subtest: Perl aliases follow real Lean input transfers (ordinary)
2026-10-09T10:14:23.5862168Z ok 8 - Perl aliases follow real Lean input transfers (ordinary)
2026-10-09T10:14:23.5863206Z   ---
2026-10-09T10:14:23.5863744Z   duration_ms: 22735.052345
2026-10-09T10:14:23.5864314Z   type: 'test'
2026-10-09T10:14:23.5864780Z   ...
2026-10-09T10:14:23.5872621Z # {"perl":"/home/runner/work/lean-bridge/lean-bridge/.toolchains/perl/5.36.3-threaded/bin/perl","observed":{"perlVersion":"v5.36.3","single":{"allocator":{"before":20,"after":9},"exception":{"before":24,"after":83},"native":{"after":20,"before":41}},"identities":0,"threaded":1,"managedLive":0,"exports":["bundle","callback_record","callback_recursive","echo_alias","echo_array","echo_chain","echo_list","echo_mixed","echo_nested","echo_option","echo_record","echo_recursive","echo_result","echo_row","echo_tuple","echo_variant","label","make_record","make_recursive","new_record_callback","new_ticket","payload","primary","retain_ticket","serial","transfer_callback"],"checks":1016,"heldErrors":349,"live":0,"multiple":{"native":{"after":19,"before":15},"allocator":{"after":8,"before":15},"exception":{"before":19,"after":75}}}}
2026-10-09T10:14:46.4920082Z # Subtest: Perl aliases follow real Lean input transfers (reviewed)
2026-10-09T10:14:46.4922330Z ok 9 - Perl aliases follow real Lean input transfers (reviewed)
2026-10-09T10:14:46.4923259Z   ---
2026-10-09T10:14:46.4923655Z   duration_ms: 22906.762401
2026-10-09T10:14:46.4924106Z   type: 'test'
2026-10-09T10:14:46.4924517Z   ...
2026-10-09T10:14:46.4929645Z # {"perl":"/home/runner/work/lean-bridge/lean-bridge/.toolchains/perl/5.36.3-threaded/bin/perl","observed":{"identities":0,"checks":1016,"multiple":{"allocator":{"before":15,"after":8},"native":{"before":15,"after":19},"exception":{"before":19,"after":75}},"threaded":1,"exports":["bundle","callback_record","callback_recursive","echo_alias","echo_array","echo_chain","echo_list","echo_mixed","echo_nested","echo_option","echo_record","echo_recursive","echo_result","echo_row","echo_tuple","echo_variant","label","make_record","make_recursive","new_record_callback","new_ticket","payload","primary","retain_ticket","serial","transfer_callback"],"live":0,"single":{"allocator":{"before":20,"after":9},"exception":{"before":24,"after":83},"native":{"after":20,"before":41}},"heldErrors":349,"perlVersion":"v5.36.3","managedLive":0}}
2026-10-09T10:14:46.5041569Z 1..9
2026-10-09T10:14:46.5042073Z # tests 9
2026-10-09T10:14:46.5042555Z # suites 0
2026-10-09T10:14:46.5043142Z # pass 9
2026-10-09T10:14:46.5043690Z # fail 0
2026-10-09T10:14:46.5044232Z # cancelled 0
2026-10-09T10:14:46.5052587Z # skipped 0
2026-10-09T10:14:46.5071522Z # todo 0
2026-10-09T10:14:46.5073039Z # duration_ms 842566.452148
2026-10-09T10:14:46.6094775Z 
2026-10-09T10:14:46.6095610Z > @lean-wasm/bridge-poc@0.0.0-poc test:owned-perl-borrows
2026-10-09T10:14:46.6097017Z > LEAN_BRIDGE_OWNED_PERL_BORROW_TEST=1 LEAN_BRIDGE_OWNED_NATIVE_TEST=1 node --test --test-concurrency=1 tests/owned-perl-borrows.test.mjs tests/owned-perl-borrow-packaging.test.mjs tests/owned-perl-borrow-documentation.test.mjs
2026-10-09T10:14:46.6098505Z 
2026-10-09T10:14:46.6572989Z TAP version 13
2026-10-09T10:18:30.3342001Z # Subtest: Perl borrowed-result author and consumer guides run from a combined installed release
2026-10-09T10:18:30.3348339Z ok 1 - Perl borrowed-result author and consumer guides run from a combined installed release
2026-10-09T10:18:30.3349460Z   ---
2026-10-09T10:18:30.3350014Z   duration_ms: 223595.666208
2026-10-09T10:18:30.3350648Z   type: 'test'
2026-10-09T10:18:30.3351176Z   ...
2026-10-09T10:18:30.8478541Z # Subtest: CPAN borrowed-result metadata and POD bind the original whole owner
2026-10-09T10:18:30.8483032Z ok 2 - CPAN borrowed-result metadata and POD bind the original whole owner
2026-10-09T10:18:30.8484433Z   ---
2026-10-09T10:18:30.8484724Z   duration_ms: 400.011672
2026-10-09T10:18:30.8485060Z   type: 'test'
2026-10-09T10:18:30.8485327Z   ...
2026-10-09T10:18:32.2013072Z # Subtest: Perl installer validates borrowed-result policies on each selected ABI
2026-10-09T10:18:32.2015441Z ok 3 - Perl installer validates borrowed-result policies on each selected ABI
2026-10-09T10:18:32.2017187Z   ---
2026-10-09T10:18:32.2017431Z   duration_ms: 1353.211217
2026-10-09T10:18:32.2017727Z   type: 'test'
2026-10-09T10:18:32.2017963Z   ...
2026-10-09T10:21:23.1958549Z # Subtest: installed CPAN borrowed results survive source removal (ordinary)
2026-10-09T10:21:23.1959291Z ok 4 - installed CPAN borrowed results survive source removal (ordinary)
2026-10-09T10:21:23.1959716Z   ---
2026-10-09T10:21:23.1959950Z   duration_ms: 170993.696793
2026-10-09T10:21:23.1960234Z   type: 'test'
2026-10-09T10:21:23.1960458Z   ...
2026-10-09T10:21:23.1960851Z # ordinary: build authenticated borrowed-result CPAN archives
2026-10-09T10:21:23.1962189Z # {"perl":"/home/runner/work/lean-bridge/lean-bridge/.toolchains/perl/5.36.3-threaded/bin/perl","mode":"prebuilt-only","checks":185,"assetChecks":6}
2026-10-09T10:21:23.1963517Z # {"perl":"/home/runner/work/lean-bridge/lean-bridge/.toolchains/perl/5.36.3-threaded/bin/perl","mode":"build-xs","checks":185,"assetChecks":6}
2026-10-09T10:24:14.2266830Z # Subtest: installed CPAN borrowed results survive source removal (reviewed)
2026-10-09T10:24:14.2268481Z ok 5 - installed CPAN borrowed results survive source removal (reviewed)
2026-10-09T10:24:14.2269535Z   ---
2026-10-09T10:24:14.2270083Z   duration_ms: 171031.503055
2026-10-09T10:24:14.2270723Z   type: 'test'
2026-10-09T10:24:14.2271282Z   ...
2026-10-09T10:24:14.2272419Z # reviewed: build authenticated borrowed-result CPAN archives
2026-10-09T10:24:14.2274299Z # {"perl":"/home/runner/work/lean-bridge/lean-bridge/.toolchains/perl/5.36.3-threaded/bin/perl","mode":"prebuilt-only","checks":185,"assetChecks":6}
2026-10-09T10:24:14.2276633Z # {"perl":"/home/runner/work/lean-bridge/lean-bridge/.toolchains/perl/5.36.3-threaded/bin/perl","mode":"build-xs","checks":185,"assetChecks":6}
2026-10-09T10:24:14.5157899Z # Subtest: Perl callback copy factories distinguish callback-only containers and higher-order sites
2026-10-09T10:24:14.5159829Z ok 6 - Perl callback copy factories distinguish callback-only containers and higher-order sites
2026-10-09T10:24:14.5161262Z   ---
2026-10-09T10:24:14.5162242Z   duration_ms: 35.160583
2026-10-09T10:24:14.5163179Z   type: 'test'
2026-10-09T10:24:14.5163623Z   ...
2026-10-09T10:24:14.5165145Z # Subtest: Perl callback copy factories check authentic self before reading or copying a supplied value
2026-10-09T10:24:14.5166874Z ok 7 - Perl callback copy factories check authentic self before reading or copying a supplied value
2026-10-09T10:24:14.5167802Z   ---
2026-10-09T10:24:14.5178279Z   duration_ms: 4.712153
2026-10-09T10:24:14.5178763Z   type: 'test'
2026-10-09T10:24:14.5179140Z   ...
2026-10-09T10:24:14.5180133Z # Subtest: Perl callback copy factories leave supported legacy capability combinations byte-identical
2026-10-09T10:24:14.5181615Z ok 8 - Perl callback copy factories leave supported legacy capability combinations byte-identical
2026-10-09T10:24:14.5182755Z   ---
2026-10-09T10:24:14.5183157Z   duration_ms: 75.796669
2026-10-09T10:24:14.5183951Z   type: 'test'
2026-10-09T10:24:14.5184332Z   ...
2026-10-09T10:24:14.5185247Z # Subtest: Perl callback copy factories compile on each selected XS ABI without a Lean build
2026-10-09T10:24:14.5186662Z ok 9 - Perl callback copy factories compile on each selected XS ABI without a Lean build # SKIP
2026-10-09T10:24:14.5187503Z   ---
2026-10-09T10:24:14.5187875Z   duration_ms: 0.290392
2026-10-09T10:24:14.5188298Z   type: 'test'
2026-10-09T10:24:14.5188669Z   ...
2026-10-09T10:24:14.5189549Z # Subtest: Perl anchored results require explicit capability and preserve unanchored APIs
2026-10-09T10:24:14.5190855Z ok 10 - Perl anchored results require explicit capability and preserve unanchored APIs
2026-10-09T10:24:14.5191639Z   ---
2026-10-09T10:24:14.5192257Z   duration_ms: 50.423681
2026-10-09T10:24:14.5192697Z   type: 'test'
2026-10-09T10:24:14.5193058Z   ...
2026-10-09T10:24:14.8394971Z # Subtest: Perl borrowed-result signatures compile on every selected XS ABI
2026-10-09T10:24:14.8396248Z ok 11 - Perl borrowed-result signatures compile on every selected XS ABI
2026-10-09T10:24:14.8397068Z   ---
2026-10-09T10:24:14.8397481Z   duration_ms: 326.675509
2026-10-09T10:24:14.8397950Z   type: 'test'
2026-10-09T10:24:14.8398347Z   ...
2026-10-09T10:24:47.1529833Z # Subtest: Perl borrowed values expire with their original owners (ordinary)
2026-10-09T10:24:47.1531355Z ok 12 - Perl borrowed values expire with their original owners (ordinary)
2026-10-09T10:24:47.1532569Z   ---
2026-10-09T10:24:47.1533115Z   duration_ms: 32313.420914
2026-10-09T10:24:47.1533775Z   type: 'test'
2026-10-09T10:24:47.1534159Z   ...
2026-10-09T10:24:47.1542973Z # {"perl":"/home/runner/work/lean-bridge/lean-bridge/.toolchains/perl/5.36.3-threaded/bin/perl","observed":{"checks":930,"exports":["bundle","callback_record","callback_recursive","copy_value","echo_alias","echo_array","echo_list","echo_nested","echo_option","echo_record","echo_recursive","echo_result","echo_row","echo_tuple","echo_variant","label","make_record","make_recursive","mixed_ticket","move_array","move_record","new_ticket","primary","retain_ticket","serial","transfer_ticket"],"faults":{"allocator":{"after":35,"before":19},"exception":{"after":191,"before":23},"native":{"after":86,"before":11}},"heldErrors":366,"identities":0,"live":0,"managedLive":0,"perlVersion":"v5.36.3","threaded":1},"rejectedMutations":[{"name":"unchecked-whole-value","compiled":true,"sourceSha256":"57e4b7ceb9946b3732ccc3f450e85232f5c80a5425aa4475060341e4b07fc742"},{"name":"unchecked-empty-value","compiled":true,"sourceSha256":"4099509d5412f3b92ea8ec9729f9cef3eae9f36da7824286b72a590f01fb8165"},{"name":"discarded-whole-owner","compiled":true,"sourceSha256":"8af0b3de06cde23f0b3e0268041adcaad86b1c36050b5a481fb74449a1bcb233"},{"name":"escaped-callback-frame","compiled":true,"sourceSha256":"2eb2956790d012c86bfbfe805563268476c30962d4e6099267894d25a3fd41fc"},{"name":"pointer-equality","compiled":true,"sourceSha256":"77012847c330368d08879634482add095e9d397009eef50b1454a4dc3906d4c0"}]}
2026-10-09T10:25:19.2312717Z # Subtest: Perl borrowed values expire with their original owners (reviewed)
2026-10-09T10:25:19.2316016Z ok 13 - Perl borrowed values expire with their original owners (reviewed)
2026-10-09T10:25:19.2316516Z   ---
2026-10-09T10:25:19.2316765Z   duration_ms: 32078.368933
2026-10-09T10:25:19.2317050Z   type: 'test'
2026-10-09T10:25:19.2317283Z   ...
2026-10-09T10:25:19.2324644Z # {"perl":"/home/runner/work/lean-bridge/lean-bridge/.toolchains/perl/5.36.3-threaded/bin/perl","observed":{"checks":930,"exports":["bundle","callback_record","callback_recursive","copy_value","echo_alias","echo_array","echo_list","echo_nested","echo_option","echo_record","echo_recursive","echo_result","echo_row","echo_tuple","echo_variant","label","make_record","make_recursive","mixed_ticket","move_array","move_record","new_ticket","primary","retain_ticket","serial","transfer_ticket"],"faults":{"allocator":{"after":35,"before":19},"exception":{"after":191,"before":23},"native":{"after":86,"before":11}},"heldErrors":366,"identities":0,"live":0,"managedLive":0,"perlVersion":"v5.36.3","threaded":1},"rejectedMutations":[{"name":"unchecked-whole-value","compiled":true,"sourceSha256":"57e4b7ceb9946b3732ccc3f450e85232f5c80a5425aa4475060341e4b07fc742"},{"name":"unchecked-empty-value","compiled":true,"sourceSha256":"4099509d5412f3b92ea8ec9729f9cef3eae9f36da7824286b72a590f01fb8165"},{"name":"discarded-whole-owner","compiled":true,"sourceSha256":"8af0b3de06cde23f0b3e0268041adcaad86b1c36050b5a481fb74449a1bcb233"},{"name":"escaped-callback-frame","compiled":true,"sourceSha256":"2eb2956790d012c86bfbfe805563268476c30962d4e6099267894d25a3fd41fc"},{"name":"pointer-equality","compiled":true,"sourceSha256":"77012847c330368d08879634482add095e9d397009eef50b1454a4dc3906d4c0"}]}
2026-10-09T10:26:01.8470280Z # Subtest: Perl borrowed results execute without consuming-input capability
2026-10-09T10:26:01.8472355Z ok 14 - Perl borrowed results execute without consuming-input capability
2026-10-09T10:26:01.8473402Z   ---
2026-10-09T10:26:01.8474119Z   duration_ms: 42615.774919
2026-10-09T10:26:01.8474909Z   type: 'test'
2026-10-09T10:26:01.8475588Z   ...
2026-10-09T10:26:01.8603653Z 1..14
2026-10-09T10:26:01.8604120Z # tests 14
2026-10-09T10:26:01.8604479Z # suites 0
2026-10-09T10:26:01.8605082Z # pass 13
2026-10-09T10:26:01.8605711Z # fail 0
2026-10-09T10:26:01.8606294Z # cancelled 0
2026-10-09T10:26:01.8606907Z # skipped 1
2026-10-09T10:26:01.8607485Z # todo 0
2026-10-09T10:26:01.8608186Z # duration_ms 675217.047413
2026-10-09T10:26:01.8778944Z ##[group]Run actions/upload-artifact@v7
2026-10-09T10:26:01.8779274Z with:
2026-10-09T10:26:01.8779649Z   name: type-corpus-perl-5.36.3-threaded-046ced089cd007d10ce91b66a69c461321c808ca
2026-10-09T10:26:01.8786112Z   path: build/type-corpus/perl.json
build/type-corpus/reviewed-native-perl.json
build/char-native/perl.json
build/word-native/perl.json
build/callables/perl.json
build/structured-callables/perl.json
build/recursive-callables/perl.json
build/compounds/perl.json
build/lists/perl.json
build/collections/perl.json
build/aliases/perl.json
build/native-fin/perl.json
build/native-fin/perl-reviewed.json
build/native-specializations/perl.json
build/generic-records/perl.json
build/generic-records/specialized-perl.json
build/native-fin-containers/perl.json
build/native-fin-containers/reviewed-perl.json
build/native-fin-products/perl.json
build/native-fin-products/reviewed-perl.json
build/native-fin-product-arrays/perl.json
build/native-fin-product-arrays/reviewed-perl.json
build/native-fin-records/perl.json
build/native-fin-records/reviewed-perl.json
build/native-subtype/perl.json
build/perl-refinements/perl.json
build/variants/perl.json
build/recursive/perl-values.json
build/recursive/perl-conversions.json
build/recursive/perl-native.json
build/recursive/perl-packages.json
build/recursive/perl-component-collision.json
build/recursive/perl-composition.json
build/recursive/perl-documentation.json
build/owned-perl-runtime/
build/owned-perl-conversions/
build/owned-perl-calls/
build/owned-perl-scalars/
build/owned-perl-loader/
build/owned-perl-package/
build/owned-perl-transfers/
build/owned-perl-transfer-packaging/
build/owned-perl-borrows/
build/owned-perl-borrow-packaging/

2026-10-09T10:26:01.8792362Z   if-no-files-found: error
2026-10-09T10:26:01.8792629Z   overwrite: true
2026-10-09T10:26:01.8792858Z   retention-days: 30
2026-10-09T10:26:01.8793097Z   compression-level: 6
2026-10-09T10:26:01.8793347Z   include-hidden-files: false
2026-10-09T10:26:01.8793597Z   archive: true
2026-10-09T10:26:01.8793820Z ##[endgroup]
2026-10-09T10:26:02.1223514Z Multiple search paths detected. Calculating the least common ancestor of all paths
2026-10-09T10:26:02.1235577Z The least common ancestor is /home/runner/work/lean-bridge/lean-bridge/build. This will be the root directory of the artifact
2026-10-09T10:26:02.1236320Z With the provided path, there will be 66 files uploaded
2026-10-09T10:26:02.2214142Z Artifact name is valid!
2026-10-09T10:26:02.2214806Z Root directory input is valid!
2026-10-09T10:26:02.4387467Z Uploading artifact: type-corpus-perl-5.36.3-threaded-046ced089cd007d10ce91b66a69c461321c808ca.zip
2026-10-09T10:26:02.4431617Z Beginning upload of artifact content to blob storage
2026-10-09T10:26:02.7435884Z Uploaded bytes 538087
2026-10-09T10:26:02.7606855Z Finished uploading artifact content to blob storage!
2026-10-09T10:26:02.7608369Z SHA256 digest of uploaded artifact is f006edf54ef4faabbeb5cea49790e1a85da171e8a0f6da56626f2b2e58b476cb
2026-10-09T10:26:02.7609611Z Finalizing artifact upload
2026-10-09T10:26:03.0721531Z Artifact type-corpus-perl-5.36.3-threaded-046ced089cd007d10ce91b66a69c461321c808ca successfully finalized. Artifact ID 11610726080
2026-10-09T10:26:03.0724364Z Artifact type-corpus-perl-5.36.3-threaded-046ced089cd007d10ce91b66a69c461321c808ca has been successfully uploaded! Final size is 538087 bytes. Artifact ID is 11610726080
2026-10-09T10:26:03.0726692Z Artifact download URL: https://github.com/seanmorris/lean-bridge/actions/runs/37897964965/artifacts/11610726080
2026-10-09T10:26:03.0906081Z ##[group]Run actions/upload-artifact@v7
2026-10-09T10:26:03.0906674Z with:
2026-10-09T10:26:03.0907281Z   name: perl-abi-5.36.3-threaded-046ced089cd007d10ce91b66a69c461321c808ca
2026-10-09T10:26:03.0908584Z   path: build/consumer-ci/perl/*/benchmark.json
build/consumer-ci/perl/*/acceptance.json
build/consumer-ci/perl/*/perl.json

2026-10-09T10:26:03.0909720Z   if-no-files-found: error
2026-10-09T10:26:03.0910192Z   overwrite: true
2026-10-09T10:26:03.0910608Z   compression-level: 6
2026-10-09T10:26:03.0911056Z   include-hidden-files: false
2026-10-09T10:26:03.0911532Z   archive: true
2026-10-09T10:26:03.0912209Z ##[endgroup]
2026-10-09T10:26:03.2563250Z With the provided path, there will be 3 files uploaded
2026-10-09T10:26:03.3566754Z Artifact name is valid!
2026-10-09T10:26:03.3567679Z Root directory input is valid!
2026-10-09T10:26:03.5503463Z Uploading artifact: perl-abi-5.36.3-threaded-046ced089cd007d10ce91b66a69c461321c808ca.zip
2026-10-09T10:26:03.5553208Z Beginning upload of artifact content to blob storage
2026-10-09T10:26:03.6376740Z Uploaded bytes 2102
2026-10-09T10:26:03.6539411Z Finished uploading artifact content to blob storage!
2026-10-09T10:26:03.6540803Z SHA256 digest of uploaded artifact is a15ed63b38ca6492605e3a6504570517b0cd636d6bc8e263367e6b3599e088cc
2026-10-09T10:26:03.6541570Z Finalizing artifact upload
2026-10-09T10:26:03.9220991Z Artifact perl-abi-5.36.3-threaded-046ced089cd007d10ce91b66a69c461321c808ca successfully finalized. Artifact ID 11611150841
2026-10-09T10:26:03.9224379Z Artifact perl-abi-5.36.3-threaded-046ced089cd007d10ce91b66a69c461321c808ca has been successfully uploaded! Final size is 2102 bytes. Artifact ID is 11611150841
2026-10-09T10:26:03.9227255Z Artifact download URL: https://github.com/seanmorris/lean-bridge/actions/runs/37897964965/artifacts/11611150841
2026-10-09T10:26:03.9942758Z Post job cleanup.
2026-10-09T10:26:04.1143961Z Cache hit occurred on the primary key perl-abi-v2-Linux-5.36.3-threaded-2fc9758a07a5ff174c4ceb8537771405658ae8ed656706950f6fb2a457de42cc, not saving cache.
2026-10-09T10:26:04.1146601Z (node:715211) [DEP0040] DeprecationWarning: The `punycode` module is deprecated. Please use a userland alternative instead.
2026-10-09T10:26:04.1148585Z (Use `node --trace-deprecation ...` to show where the warning was created)
2026-10-09T10:26:04.1273066Z Post job cleanup.
2026-10-09T10:26:04.2552187Z Cache hit occurred on the primary key node-cache-Linux-x64-npm-26a2ea32ff9fbdbc806907cf3b846fc9f2d906ee6b040e7c2c0e2b49f755b41e, not saving cache.
2026-10-09T10:26:04.2695373Z Post job cleanup.
2026-10-09T10:26:04.3663683Z [command]/usr/bin/git version
2026-10-09T10:26:04.3710964Z git version 2.55.0
2026-10-09T10:26:04.3758764Z Temporarily overriding HOME='/home/runner/work/_temp/cfc4a6c1-68bc-4d3e-9b14-68d34c4847f6' before making global git config changes
2026-10-09T10:26:04.3760470Z Adding repository directory to the temporary git global config as a safe directory
2026-10-09T10:26:04.3767146Z [command]/usr/bin/git config --global --add safe.directory /home/runner/work/lean-bridge/lean-bridge
2026-10-09T10:26:04.3811505Z Removing SSH command configuration
2026-10-09T10:26:04.3818706Z [command]/usr/bin/git config --local --name-only --get-regexp core\.sshCommand
2026-10-09T10:26:04.3891996Z [command]/usr/bin/git submodule foreach --recursive sh -c "git config --local --name-only --get-regexp 'core\.sshCommand' && git config --local --unset-all 'core.sshCommand' || :"
2026-10-09T10:26:04.4149125Z Removing HTTP extra header
2026-10-09T10:26:04.4156503Z [command]/usr/bin/git config --local --name-only --get-regexp http\.https\:\/\/github\.com\/\.extraheader
2026-10-09T10:26:04.4202201Z [command]/usr/bin/git submodule foreach --recursive sh -c "git config --local --name-only --get-regexp 'http\.https\:\/\/github\.com\/\.extraheader' && git config --local --unset-all 'http.https://github.com/.extraheader' || :"
2026-10-09T10:26:04.4488312Z Removing includeIf entries pointing to credentials config files
2026-10-09T10:26:04.4496640Z [command]/usr/bin/git config --local --name-only --get-regexp ^includeIf\.gitdir:
2026-10-09T10:26:04.4538297Z [command]/usr/bin/git submodule foreach --recursive git config --local --show-origin --name-only --get-regexp remote.origin.url
2026-10-09T10:26:04.4960283Z Cleaning up orphan processes
2026-10-09T10:26:04.5243450Z ##[warning]Node.js 20 is deprecated. The following actions target Node.js 20 but are being forced to run on Node.js 24: actions/cache@v4. For more information see: https://github.blog/changelog/2025-09-19-deprecation-of-node-20-on-github-actions-runners/
